unit_id,county_cn,350102,350103,350104,350105,350111,350121,350122,350123,350124,350125,350128,350181,350182,350203,350205,350206,350211,350212,350213,350302,350303,350304,350305,350322,350402_350403,350421,350423,350424,350425,350426,350427,350428,350429,350430,350481,350502,350503,350504,350505,350521,350524,350525,350526,350581,350582,350583,350602,350603,350622,350623,350624,350625,350626,350627,350628,350629,350681,350702,350721,350722,350723,350724,350725,350781,350782,350783,350784,350802,350821,350822,350823,350824,350825,350881,350902,350921,350922,350923,350924,350925,350926,350981,350982
350102,鼓楼区,0,0.2552417285480123,0.12302058264502577,0.035572635564528145,0.06754558273753292,0.050116865958853576,0.018672975026806607,0.016608486664135235,0.015048705508553889,0.01340609513047923,0.010322304122548776,0.017660442736226266,0.023692005018120597,0.0037604136252440894,0.0036619294604525224,0.003771592100618092,0.0039084620209639594,0.004220143876677639,0.0043391313292316155,0.010040149252530477,0.013867020933088982,0.010226063641109858,0.008408358721398687,0.008578779270545508,0.004618152912613033,0.0038692299331783498,0.003342485777976246,0.00310046498050075,0.005348771879538481,0.007147893944001151,0.005208052999312434,0.003957084585228495,0.0034890351568624624,0.003089770133311654,0.004035057114805438,0.005291633491338121,0.005466606559655156,0.0063652545652173416,0.00716708157002793,0.006072287298975682,0.004571379706934792,0.005709783899263398,0.006915450342468261,0.004903692016547584,0.004906731280259983,0.00530000092728483,0.003366248855465725,0.003391142279895434,0.002621619981546146,0.0029587112110956012,0.002435036927024546,0.0037361046741994602,0.002458043493846823,0.0031337045406634777,0.002787921135449704,0.003643478755290386,0.0033351479884285167,0.00673793223836101,0.0046624774557581005,0.0035910906982944096,0.0030903681360806494,0.004545438059120619,0.005723787875569432,0.0036302411185615575,0.0035995693723187734,0.005904237836444102,0.0042150316918536206,0.0032505124268145703,0.0027237960255538022,0.0027165700570161875,0.0027431196113079336,0.002410488584711142,0.0031192233233313816,0.0039016873640259557,0.01049232917980897,0.00737038599972949,0.0117296551299726,0.007878201652536556,0.0053949179386812264,0.007128273067334805,0.00584062987269083,0.006930688217559654,0.005235832255670842
350103,台江区,0.24314802440654945,0,0.18009584825480532,0.03581406327131283,0.05134503642167672,0.041581982697562865,0.017417488055195062,0.015053856828970954,0.013814014605686516,0.012801993138576086,0.010235234578095475,0.018004567852938823,0.024595504415069254,0.003613044704104564,0.003513944925877306,0.0036237604995138905,0.0037518986337941504,0.0040522991761956706,0.004174429474104588,0.00982265163022488,0.013731593502339509,0.010054578465588984,0.00826057580409179,0.008305247136661626,0.004363426449252428,0.0036567718356814473,0.003168654923597903,0.002938215329891049,0.005074635374602373,0.0067313158646951895,0.004901594053419251,0.0037304025506835026,0.0032922948739489244,0.002920192973372061,0.0038267273450083425,0.00510811601972357,0.005280477961178725,0.006155474734684222,0.0069635884066930635,0.005886186642934099,0.004376332543557651,0.00546452567195325,0.006596667937259697,0.004736336458827386,0.0047336870784958855,0.005103152596751868,0.0032237940293037026,0.0032491260788608746,0.0025094552803962868,0.0028353808993596898,0.002329568303400519,0.003579703649701556,0.002353919879829869,0.0029958115437588653,0.002666899579747866,0.0034841516199658456,0.0031980471350238015,0.006295578616273669,0.004377542106822569,0.0033734815215261484,0.0029126864561660323,0.004254454042783493,0.005333903027002038,0.0034179864410061813,0.003382590644927621,0.005502629841109385,0.003953108360850541,0.0030975038837863242,0.0025885661198333963,0.002592071708432541,0.002612677722384712,0.0022950386222172514,0.0029655494379665455,0.003718733571811177,0.009651934174119655,0.00691865645974464,0.010696227912395991,0.007280646810122454,0.00504553348028876,0.006618752612983762,0.005475694082482825,0.006461051489596739,0.004931126748868192
350104,仓山区,0.13554631267516873,0.20830253784745423,0,0.0365625181793166,0.04837208529655034,0.04767066962943388,0.018415489808699344,0.016134020430486926,0.016268341187170146,0.015742607583992606,0.012046041745428867,0.022569708460413184,0.02848967285234722,0.0042644338755516474,0.00414504576761247,0.004277348126693989,0.004431640286761935,0.004794418944667642,0.004942758229588305,0.012009706397129626,0.017170186456976457,0.01228352816623878,0.009931341457397441,0.010067897717800504,0.005106020708105462,0.004264876045394477,0.0037014176339333444,0.0034268022956550764,0.005987293487218035,0.007936823454268514,0.005719613973994001,0.00433509053318355,0.0038220243223820328,0.003391816439996086,0.0044865108198486135,0.00607973318690965,0.0062907855083052895,0.0073711588529347975,0.008372608134779694,0.00703205265752535,0.005181476240226305,0.0065029203818622,0.007875070262036443,0.005622752644976811,0.0056216849669528226,0.006074288501018038,0.0037955972828014354,0.003826349791191207,0.002943295492559254,0.003331855443261996,0.0027294611060304937,0.004222861210737608,0.0027586467914052686,0.0035210169104539137,0.003130039643646733,0.004105227191112819,0.003765663490464635,0.00731464103947991,0.005068567020214776,0.003860871727882532,0.003362887700016203,0.004851187967683412,0.006051735775966205,0.003953385130863383,0.00388669602379836,0.006306469606493153,0.00454411015250851,0.003635395362033516,0.0030237411336850504,0.0030376764294496807,0.0030583132563258026,0.002681763547954415,0.0034716220854906507,0.004377728399628507,0.010652730136289602,0.007706336322979329,0.012107793188183693,0.0082175286174757,0.005695113867296046,0.007430941628773308,0.006150216967387272,0.007229926476635697,0.005551473907453002
350105,马尾区,0.05782796299563472,0.061116205103631915,0.053944605633458154,0,0.04863088653384842,0.03427662766544053,0.043470427022459505,0.026913015191997618,0.01727141908365261,0.016285522912152753,0.01989232919844398,0.027380881120080084,0.0620840030807409,0.005802404377276152,0.005619796739124163,0.005817418364144957,0.005969993091183746,0.0064016335239565104,0.006637751116293729,0.014427055781412205,0.0190945316611811,0.015172196554095109,0.013508707448471139,0.012093993726580848,0.006644768120774944,0.0056747228313139084,0.004968379166577693,0.004636218663277629,0.007591289144521346,0.009677201938961152,0.0073970084808425525,0.005808837126425519,0.005184961429844511,0.004631935171885716,0.005900163446418331,0.008050677504736462,0.008310426612245103,0.009484517566477781,0.010767276258517804,0.00930073362342175,0.006770381594568564,0.008219585817683846,0.009589715940793782,0.007592620536431661,0.007523925536423306,0.007927735947206537,0.005148949211332022,0.005196516305428354,0.004080458943227098,0.004594134697730779,0.0037971671164618026,0.005673391632485483,0.0038547267392135967,0.004780562893884559,0.004304012669317882,0.005494914179364589,0.005142785018985333,0.009290820439879359,0.0067740925763200835,0.005572152745723629,0.004687858416648663,0.006996553766278137,0.00874609256738984,0.005413121658390958,0.005480854481087342,0.008565105078333232,0.006309574057040673,0.004886635936674559,0.004120858822228938,0.004154144800148586,0.004167745176953123,0.0036880207264549745,0.004677907589660791,0.005779872900790551,0.016698506668092403,0.013272958175167628,0.0153845884616702,0.011592507983572564,0.008722866543182228,0.011195062592147125,0.009906746062751163,0.011453369785451617,0.009101912195919451
350111,晋安区,0.09478891604757014,0.07563799397295505,0.06160918814709997,0.04198082215193277,0,0.07454463557061766,0.029902350956267313,0.030090013498541256,0.022254417855886912,0.017206879148347405,0.012797836613106907,0.01964722147962832,0.02614227673708681,0.0050453836045990085,0.004931896648981609,0.00506010777229052,0.005251081392638206,0.0056548106461752875,0.005782723398857358,0.01243410829537204,0.01637279031753176,0.012544276198755006,0.010495461337711825,0.010963778183341533,0.0065247472602142035,0.005488316435677507,0.0046951509880480006,0.004367930124834477,0.007398588330709317,0.010061642563454334,0.007457871632288042,0.00567647121720063,0.004999902887436003,0.0044065339350601715,0.005635141124085391,0.006954339880954894,0.007165705074440633,0.008273441213948643,0.009175847981851932,0.007870293776208676,0.006164227758548599,0.007655105685649116,0.009298722174096195,0.006454146991516768,0.006473742028282625,0.007006318065798274,0.004565934364011985,0.004593191613484572,0.0035760739148066904,0.004015520894579556,0.0033302049130186323,0.005050058999723978,0.003352239282458918,0.004277890642906497,0.003806264397486726,0.00495536734635997,0.004509125575560064,0.009882953570059907,0.006792844208986206,0.005306736272105119,0.0044745495574380475,0.006820183361570642,0.00875746010008451,0.005258157978247328,0.00528710979528622,0.008902753345006132,0.006221475729107929,0.004480475116105333,0.0038023257820592802,0.0037391488513475106,0.0037981862808810947,0.0033478621091100062,0.004338082801550736,0.005355127173392421,0.0173537902250909,0.011239740480803926,0.019151757380243516,0.012449526744749428,0.008216865174335954,0.011181577326763037,0.00887443228976202,0.010772302218883412,0.00781954707703227
350121,闽侯县,0.07296351891206478,0.0635488932843947,0.0629887791220802,0.030697153227356434,0.07733527928265015,0,0.022140586567857452,0.023687717984371758,0.031173613365948146,0.022928382437079578,0.01272273235282142,0.02135589731744751,0.023685818403087845,0.005523307326476144,0.005411861651183865,0.005540928700409933,0.005784976435911678,0.00626414741326757,0.006380013481651158,0.014420086912793964,0.01937927959750065,0.014244538254898447,0.01137344084705629,0.01288885521692292,0.007361980808969963,0.006087799657282073,0.005180086960832757,0.0047907310864141305,0.008516396494684582,0.011973460063738102,0.00844737588082972,0.00625401454336447,0.005459531462303055,0.004792713243487887,0.006312018964778009,0.007728192083834723,0.007971706541112948,0.009342169118482967,0.010326628724674608,0.008732572109950681,0.0069299769749347475,0.008800769627156589,0.010997326327729194,0.0070886766153022635,0.007150573385570872,0.007864331242573548,0.005009102832472686,0.005035322105766097,0.0038691029506866394,0.004360049482171691,0.003594783325180011,0.005574512750778361,0.003609265555463941,0.00469035301597033,0.004139300022514462,0.005484174294201537,0.004925613830183624,0.01133214159646642,0.0074770666959636045,0.005497365698564342,0.004780504437581632,0.007024978154864992,0.008924706101243662,0.005690247446878074,0.005579125046952773,0.009580074660240023,0.006629046385375687,0.004944169123781877,0.004153339511442758,0.004079244270287996,0.004151753697540042,0.0036365063485252497,0.00477698360659957,0.005982835787945182,0.015777422860812483,0.01025486471545987,0.02114905621964173,0.012701921057078309,0.00805919593665119,0.010896599068794399,0.008440839093448163,0.010203744757616786,0.007435847541613085
350122,连江县,0.03625142599609882,0.03549588687326347,0.032447775217469874,0.051913897280777346,0.041367217395474894,0.0295242472978903,0,0.055006717533445756,0.018087176725770423,0.015215031985772289,0.017357132413535703,0.020062636903013215,0.031636385423878234,0.006132618050848523,0.005974841899569083,0.006147083065049969,0.00630676797285724,0.006713261379686262,0.006903821843846307,0.013024010221710345,0.01600199180781388,0.013455597083236485,0.012336908541496697,0.011489668322263577,0.007493425705479531,0.006514666002452476,0.005647950715876766,0.005316761988232335,0.008212174774173693,0.010505382255664095,0.008460762266447734,0.006805736659162095,0.006113056910882099,0.005443728197579876,0.006579964140936548,0.008136224113537758,0.008355250667290193,0.009350510380453265,0.01033179463811306,0.009158411351069503,0.007129834830957885,0.008490394224073152,0.009834848734614179,0.007724369818967599,0.007675515611677919,0.008071311422954601,0.0055459635984610525,0.005585111890034313,0.004475802579862372,0.004981828664906698,0.0041910378540611784,0.006053493965584294,0.004239002003111824,0.005209919807855065,0.004714139057603494,0.00591868256247591,0.005519311452498242,0.010801092779580008,0.008092664599089135,0.0072182432151290405,0.005718122772781348,0.009279632912672468,0.011962537295477147,0.006523789083785021,0.0068963944924647766,0.010817648263198162,0.00789775048866162,0.005392601233220492,0.004673978990972628,0.004606737204620076,0.004662478446094179,0.004165175434079539,0.005244354580794459,0.006287032972452291,0.028448202701666796,0.022791356037280767,0.01943046351147052,0.016042022185062385,0.01265869445811839,0.016691275396006306,0.015253382501515252,0.01806510523922509,0.013740793122762567
350123,罗源县,0.03133007247394171,0.029809867835913363,0.027622565480123772,0.031229989816430714,0.040447633383634066,0.03069253041348041,0.0534484959606996,0,0.020857087842795975,0.015203596036139435,0.013330557178417813,0.016437141940801155,0.021788394034411133,0.005812944947093444,0.005709530771111729,0.00582767940864875,0.006025756178593471,0.006419818544975217,0.006525792615468086,0.011828869300516794,0.014269197969587236,0.011939895517436256,0.010634211330860897,0.01083651407239258,0.007946411893249124,0.006894374318685173,0.0058417766115840385,0.005507788806594799,0.008482166389750922,0.011313555635273375,0.009221245931717968,0.007342521420666628,0.0065445438975527594,0.00575145206173361,0.006800329931037793,0.007593967850023285,0.00777993064060579,0.008726468934558147,0.00945446536624903,0.008390962460319208,0.006966841080715797,0.00835791391724429,0.009880915199397496,0.0071455464525248535,0.007161528935908567,0.007657243409477948,0.005359301724141042,0.0053810199825462274,0.00430939651885121,0.004771957171044029,0.004044440107740904,0.00584915227092405,0.004059590781365138,0.005086482564449551,0.0045686884356517694,0.005789158033643429,0.005284253711968445,0.012373421862650717,0.009027147362224259,0.00804225707291063,0.006176175177476243,0.010789756927780328,0.014744318550055997,0.007114932883236434,0.00766083500900968,0.012998249532428098,0.008943495375453544,0.005384160115698204,0.0047392623937701816,0.004543234761536963,0.0046569585501608675,0.004161590341149328,0.005313778943479982,0.006290460947509949,0.050991834939062716,0.023029174165546992,0.027265613214010276,0.02200222229580668,0.014886265625671824,0.022230939861910316,0.016911781348779083,0.02240617058837541,0.014022426653635102
350124,闽清县,0.0270718126549682,0.026086693474423484,0.026561435117005715,0.019112802117023688,0.028528164269327746,0.038519750968990914,0.01676013050744432,0.01989026298387231,0,0.0346588220772937,0.011623593254463325,0.017749899690535052,0.016945332617231794,0.007027029731171399,0.006993557257138124,0.007052866294328328,0.007496610063725705,0.008163324571186228,0.008114358157640325,0.016194956527508575,0.019377009312037688,0.015182654108615632,0.011884819938644653,0.016314609403295436,0.011823625488348422,0.009335236068149353,0.007608523516908743,0.006963283981555318,0.013633389493416729,0.023191360569453468,0.014317568662603036,0.009648030393145452,0.008156487540455112,0.006992779971037884,0.009560194088530736,0.009605348908982795,0.009858448648742175,0.011613650637863258,0.012212693449937365,0.010415417207146076,0.00953557845564369,0.012572322277550844,0.017088955726552033,0.008634450755918675,0.008870397508597621,0.010154771029277972,0.006593228911701747,0.0065908323973903615,0.004992373767543387,0.005603854192634622,0.004641409687907561,0.0073803584187706935,0.00459909853689221,0.006271081021552563,0.005421804036496146,0.0074352025619065995,0.006361021386366884,0.021583343920472235,0.011914015263156238,0.007387586544665776,0.006811693632833876,0.009470267734233609,0.011895897799719677,0.008451477435383412,0.007849051088891473,0.014916648742733997,0.009690976120117817,0.006903283403414979,0.0058266837122025305,0.005500707059343267,0.005715207592915204,0.004957930031742523,0.006793080674912859,0.008541046779024763,0.016583359839581296,0.010496726901457653,0.03465578337897413,0.017245254805312617,0.00967441008785327,0.013128057460378397,0.009406748618356687,0.011455213973893838,0.00815227300157606
350125,永泰县,0.02307628427630043,0.02313247521231556,0.02459406549604283,0.01724421544150474,0.021105958890004512,0.027109102153276825,0.013490401485882491,0.013873261354095669,0.03316341072855217,0,0.013088590674538126,0.023013343572251845,0.01746993792023382,0.00835234504662811,0.008232942197638926,0.008389231736884875,0.008979052750844155,0.009996857949394177,0.010049461132515019,0.02764981918463725,0.03321406838929382,0.023680728807781794,0.015892655741882478,0.029483530463417777,0.010954789768547621,0.008504734051605053,0.007349996550352697,0.006618964872376235,0.014787157424138926,0.021060655162217,0.011994410548445567,0.008256088580937298,0.007075260791061367,0.006240187637510142,0.009580622032271858,0.012696437134632749,0.013173779951854687,0.016700561559223122,0.017935195665409073,0.014212561777510102,0.01173096446328104,0.01688706739112382,0.024584276700312484,0.011003061169567894,0.01139169039718882,0.013557274240710427,0.007539813586159944,0.0075722145138628445,0.005468839597321841,0.006291047142467226,0.005018704510645141,0.008656270070732977,0.005010535088719158,0.006969891747630956,0.005957979993987157,0.008521114131563251,0.0073174827168078285,0.014658526720969643,0.009314407831542245,0.005846484624176271,0.005707793644357572,0.007122110243401645,0.008477394401863047,0.0069820398982376065,0.006239956293593687,0.010171610857255767,0.007441601615746795,0.007383481890497504,0.005805578509264895,0.0058575411682371846,0.005929789468558576,0.005048343987571236,0.00692590284063524,0.009470455381514673,0.011407041469607174,0.008382877696572354,0.016666818037832633,0.011052867231332641,0.007343858275442717,0.009272729483628431,0.007379466496962171,0.008553177830624781,0.006656772524480207
350128,平潭县,0.023670017824561403,0.02463772860584982,0.025070117547540825,0.028059874288745717,0.02091211178731702,0.020039203666411834,0.020501627234234408,0.016204621790182942,0.014816449542820125,0.017436175717169954,0,0.04034971215306133,0.04060898490927455,0.009312934424585154,0.008777732043013868,0.009331089887001104,0.009319307002388675,0.009939931661247193,0.010725867149469008,0.023085244033881125,0.02705425470361443,0.026979067397575055,0.03275306294045906,0.017677868953124724,0.007945379329692122,0.006867768074626653,0.0063077138594624825,0.0058731744184042055,0.009428468376963543,0.01076934424523194,0.008394690022438292,0.006798710387601838,0.006164529644039179,0.005645194522871752,0.007460737490802662,0.013502196575093724,0.01403298133050657,0.015539059374224144,0.01881567061784,0.016681165522892772,0.009773217561008721,0.011378744276980777,0.012239647385363126,0.013292212418314991,0.012707923582651751,0.012473743826457547,0.0077670801285483915,0.00791123910765366,0.006213403319725689,0.007118591134045742,0.0057356921344524775,0.008548074596707735,0.0059547604340980526,0.006998183428676632,0.006434435803744379,0.007984837149876405,0.007987262400181671,0.009646278639006797,0.007500843059497895,0.006145808882671497,0.0054837315395783025,0.007305692804029017,0.008571540478473059,0.0062376468473371895,0.006120002929516618,0.008616334359595627,0.006866972101581461,0.006730222780929905,0.005474071058283191,0.0059135585586295785,0.005740982157103352,0.00507308649606018,0.006219751953383312,0.007881029085021323,0.01287723699572986,0.012199474193540645,0.012590417113022145,0.01035968528444489,0.008646548144879414,0.010133937917664499,0.009718418436378272,0.010461366559801098,0.009476543879132352
350181,福清市,0.030359727825265467,0.032490763775637255,0.035213752537743254,0.028954885725217695,0.024067823818765585,0.02521693183780411,0.01776530720253164,0.014979290902496558,0.016961880436409508,0.022983302046871625,0.03024926267806873,0,0.0435761709545694,0.007713162802764656,0.007360619023369988,0.007736544007271061,0.007923609779738825,0.008623988819052984,0.009145201315673956,0.029974181301203984,0.051749609763932156,0.0351956377953515,0.027435888009275752,0.020394239223245913,0.0074121752961063625,0.0062037510790126215,0.0055821585983672085,0.005140767272211189,0.009127378787677679,0.011012808803323145,0.007939374722298316,0.006120331672138723,0.005446517436835494,0.004918723971755825,0.006811572385869275,0.011915951403044547,0.012471216850043923,0.01492237400932042,0.01849051840896367,0.014831169234063276,0.008928721209345162,0.01113944279668651,0.012777531183699243,0.011083942732586609,0.010887528701458546,0.011430351332085266,0.00654515393396593,0.006640696314442043,0.005012995999445274,0.005777921850426483,0.004608033731495421,0.007345813135335361,0.004716707239385593,0.005920367621801123,0.005293865725584965,0.006947454857396852,0.006604240372984765,0.009396121526509362,0.006842424241455451,0.005162501067104732,0.004704642083813432,0.006246033900563959,0.007455206080975881,0.005486454047430822,0.005248882854207561,0.007877663120080317,0.006028864913983867,0.005859447236902493,0.004693680464828526,0.004967287648003422,0.00488504642420471,0.00425525245908078,0.005426826274556449,0.007087701454273991,0.011380756376606613,0.009456137865270192,0.012580459540716819,0.009427565333284278,0.0071268337230292605,0.008734736074788165,0.007713231973579317,0.008651518581706829,0.00722538448162439
350182,长乐市,0.04172796046264297,0.045473879621875705,0.04554103288450627,0.06726407940935916,0.03281014470945397,0.028654436419544193,0.028701237454916137,0.020343197975782133,0.016590414922688205,0.017875290993154436,0.03119073015149049,0.04464554423073581,0,0.0067153025220686125,0.006452180842240446,0.006732427623348362,0.006870880603838671,0.007381552907718533,0.007744648736022292,0.01826207150909693,0.024981728256349048,0.019960019314949447,0.018256810115074563,0.014459274667293501,0.0070044201900768596,0.005971838754696809,0.005311039018089588,0.0049408737739751055,0.00819451806260693,0.01010420425392628,0.007649740336308417,0.006023525050075883,0.00539210076892932,0.0048539525078333074,0.00633653758014983,0.00959048686907619,0.009938980769474694,0.011391372724623625,0.013309077141609112,0.011377184942216999,0.007668007801360226,0.009290606953270606,0.010644746149666416,0.009089745444862588,0.008934529859589455,0.009288202530072774,0.00583858782439633,0.005909054658092288,0.004606491517022202,0.0052266886852088655,0.004270270636838881,0.006454541529138794,0.00436127860648559,0.005362191872734989,0.004841883065264232,0.0061790919666801425,0.00587615614488389,0.009306058509517691,0.006878717136862119,0.005561994830327235,0.004815092858042692,0.006840567609017801,0.008338427779253123,0.005550752244177297,0.005519387318069199,0.008341610311936748,0.006311215739490579,0.005380813872079712,0.004459381901502577,0.004602776122309485,0.004569378905695774,0.0040303796261116544,0.0050810512577243476,0.006379958448537742,0.014257188625148423,0.012158808462640211,0.01388798242948345,0.010682039008630448,0.00829070906181293,0.010278787115341251,0.009337017699598452,0.010502372565885317,0.008770756237416553
350203,思明区,0.0024454339483650964,0.0024664628943402303,0.002516933700289549,0.002321167387495958,0.0023380506047995255,0.00246716196829032,0.002054256443718334,0.00200394220396793,0.0025402351307937756,0.0031554780471914233,0.0026411005138332355,0.0029178067898698065,0.002479479713372441,0,0.026789931072171928,0.6176053307795379,0.02433527658226001,0.015833578087813212,0.0183335032173878,0.003881610249561532,0.0033306956255731756,0.003736542205319449,0.0036897714556462075,0.0043165623360174035,0.002569371693873275,0.0022456143877461593,0.0023893490260614774,0.0021537221158697923,0.0033798507596748285,0.0028411057070898377,0.002361776823592588,0.0019908454358901887,0.0018348573181996002,0.001769885466036651,0.0028941527235464095,0.008269192862055706,0.007641011351524401,0.005967468793561831,0.0050042541181590985,0.0059502801416709905,0.006960286009657506,0.005184012938604479,0.003997736753029867,0.008707448714847382,0.009850449548065786,0.008218715728750206,0.009956430320217336,0.011675770514986153,0.005290355250508736,0.008567505694847353,0.004230394998017542,0.011518974328104739,0.0045919320299688884,0.006005127750620025,0.005587603282601643,0.006974821039884606,0.015160379334918985,0.0022558358137956566,0.0019270881967229333,0.0013377375271854373,0.0014570270557187788,0.0014791815209894879,0.0016032778356081352,0.001678764081912014,0.0014398216383782515,0.0018155184561252596,0.001597091206918753,0.0037855617767048495,0.0023646649443418064,0.0036833067760615582,0.002985549496799568,0.0024471251894704026,0.0028442462412983883,0.00433379690119487,0.001830235719865946,0.0016209674898902187,0.0021122990301552813,0.0018060435244270146,0.0014764092541179428,0.001660133299978442,0.0014916150227426237,0.0016022172777537744,0.0014234908020423229
350205,海沧区,0.005239474064088414,0.0052778081933007315,0.00538266216282358,0.004946254715249811,0.00502841465715181,0.005318663813923066,0.0044034448364907814,0.004330587331960357,0.005562341681739801,0.0068433571073947,0.005476941536799728,0.006126264923814411,0.005241540064077233,0.05894256044441345,0,0.06007185842854224,0.08231486264531993,0.03875885810620597,0.030094823568719,0.008089177126396984,0.007008377725569717,0.00773025462873449,0.00747747976543788,0.009137730210332314,0.005957893137550697,0.0052140812196054985,0.005650141349089159,0.005062878694349665,0.007883781080731225,0.0064169538696392655,0.00539385574278098,0.0045635882642606745,0.004208385147242428,0.004077232915670362,0.006874416505937852,0.015642004077794786,0.0146084249915137,0.012088587704962017,0.010098785220344887,0.011555934408692006,0.017531293948082727,0.011931245534160433,0.009012413847213631,0.015362458926495737,0.017559565645651243,0.016946714416008656,0.0345629727133878,0.04429565837668508,0.013081717529083114,0.022034306009220676,0.010248238655087045,0.04157186495705329,0.010637648361524305,0.01700535126434708,0.01483648629314325,0.020210237487906454,0.05332646937332822,0.005064428142984003,0.0043619904487631435,0.0029725365447247506,0.003295033026854706,0.0032750931448118923,0.003534967237696792,0.0038096299745776336,0.003223041618095902,0.004042229757363018,0.0035776315696400204,0.009608312127871372,0.005673038554737112,0.009385156939733309,0.007384054452571448,0.005924929640057679,0.0069207071778846,0.010933096580529789,0.003977771608658541,0.0035003917405385062,0.004634675211793685,0.0039700416635568645,0.003230506757384768,0.0036315142385573,0.0032416914986614785,0.0034881861739120726,0.00308401876100963
350206,湖里区,0.002444260737283107,0.0024652628586295236,0.0025158658739183456,0.0023191629292459138,0.002336802328943314,0.0024665135721714253,0.002052013991030611,0.00200210628611426,0.002540798781493692,0.003158503931371854,0.002637140403797412,0.0029165775431043124,0.0024772461673731234,0.6154794127829724,0.027209224336891373,0,0.02515583140655174,0.016194234814227104,0.01868750444637755,0.0038852760263771643,0.0033318990951357935,0.0037380607294711272,0.0036872759146583775,0.004325970101882892,0.00257112483631105,0.0022458137162745047,0.0023894226502576272,0.002152969514300715,0.0033867213251073656,0.002844221300494242,0.0023626822265208048,0.001990349893047478,0.0018338843901979508,0.0017686279254945673,0.002897059507580625,0.008309573477065884,0.007672753777496941,0.005988573325489546,0.0050124257000142445,0.0059594981818546795,0.007014380144814766,0.005209446110110595,0.004009228099019415,0.008717612156455341,0.009897707638180424,0.008284768949873643,0.009973367497018472,0.011691320069150316,0.005253378679902405,0.008482496060283435,0.004204092579831516,0.011633838839012487,0.004553672989686944,0.00600588561567807,0.005564309858455983,0.007007695435275943,0.015052177687197113,0.00225616704142281,0.0019264621527446326,0.0013359399563704004,0.001455434929702462,0.0014774414951000659,0.0016015833446522978,0.0016775349291687088,0.0014381949319422084,0.0018144241519859724,0.0015956819618610709,0.003788904977941047,0.0023630233087140328,0.003678244893144769,0.002983343706753994,0.002443362531893799,0.002844627666525418,0.004345690557009594,0.0018283554303365171,0.0016184749681444313,0.002111485478489794,0.0018045826568142626,0.0014743472444660572,0.0016582611910581435,0.0014893093460538953,0.001600086613967992,0.0014210093172582468
350211,集美区,0.005427049876286161,0.0054687736049387455,0.005584862564918479,0.005099292144056619,0.0051957238745501825,0.005517440323262277,0.004510796053644259,0.004435454556441983,0.0057863492869082295,0.007243106252940456,0.005643124096985449,0.0064000697797340945,0.005416827133604565,0.05196056729036199,0.07988375184330174,0.05389813997372991,0,0.07084833713091475,0.04089864607092224,0.008673881218900255,0.007416193116394442,0.008231736819912386,0.007872168735035307,0.009966589291377635,0.006102921393786836,0.005273474880055235,0.005656578250056821,0.0050439834591833425,0.008282975977110224,0.006704246054102549,0.005529880211704861,0.004612347781869439,0.0042285251064450935,0.004073400616331043,0.007009334693883727,0.0181961538639288,0.01679420484481793,0.013642756608267748,0.01105287938647361,0.012740759559122027,0.020445878031132337,0.013387371770783725,0.00976218851249933,0.017106830758889247,0.020464089966825586,0.020632699762489787,0.027167301307295166,0.03144696432557742,0.01100938292135408,0.01688125209207715,0.008894567242254322,0.042342536796178006,0.009142036855784352,0.01522837935023352,0.012571265348718387,0.020193456844709613,0.03156871188723813,0.005207048927940377,0.004427831211196426,0.002984317849729173,0.003296696018165279,0.003303767919629185,0.0035805626011758303,0.003832021751618988,0.0032378816922882274,0.004111666479154162,0.0036098967653702906,0.009431878305358217,0.005551430735843405,0.008727963454256343,0.0070948197307621344,0.005666132805396983,0.006840630990160762,0.011248729772335105,0.004056306268957349,0.0035464141745953923,0.0047633095868587425,0.00404511466083596,0.003262673165745011,0.0036862413465388036,0.003274813639552376,0.003534961676218946,0.003108670970014676
350212,同安区,0.006185271780960593,0.006234677057191809,0.0063776044832210095,0.005771656640812982,0.005905939483978765,0.006306256521174008,0.005068197239946165,0.004987959807696316,0.006650899747756948,0.008511997105033213,0.006353206824321933,0.007352642116953636,0.00614262388900028,0.03568537613128636,0.03970313337784837,0.03662428439701818,0.0747830673558329,0,0.05349781575188953,0.010308452966867795,0.008671214332389422,0.009675143911857299,0.009070361459690337,0.012173814777232709,0.006899483267428032,0.005867104534123743,0.006215300422187972,0.005510032992547336,0.009680896507262423,0.007770930923688408,0.006256065619725046,0.005125438636508594,0.0046651342688832,0.0044634275144330455,0.007876079915633416,0.023506410930155475,0.02144226279895766,0.017335243014564197,0.013413803189180519,0.015435065022003968,0.027560788941035367,0.01723008346332797,0.01190034422334446,0.020192357067078514,0.025661721328810606,0.029912130795370404,0.022710113466433958,0.024565270866689703,0.010138369488152995,0.01443269284412298,0.00841469413714983,0.037533040709308255,0.008553103511294546,0.014622214356745622,0.011629070989403169,0.021127822688192972,0.02319977670409267,0.005907165310188148,0.004944373404518926,0.003282701895706846,0.003615644277255888,0.0036543974052155935,0.003979302682257413,0.004231303089145088,0.0035665310487913797,0.004597927778573472,0.003998151252351086,0.010078554985965927,0.005936778344061994,0.008809864574177964,0.007424335910374518,0.0059046698577508066,0.007396084218998917,0.012703997266631472,0.004539412915151688,0.003933367967204248,0.005390106076245217,0.0045278959908645056,0.003610032523768471,0.004104430911186826,0.0036218538741742733,0.003925806922350246,0.0034274372192914485
350213,翔安区,0.00658558892687093,0.0066507386769386525,0.006808497203169388,0.0061971347114615,0.00625408297809296,0.006651070537278955,0.005397216271866268,0.0052504164805543645,0.006845856703116007,0.008860760846570894,0.007099083797902744,0.008074001150360409,0.0066737234522739825,0.042787505059113086,0.031923162210726004,0.04376433346752452,0.04470363496924782,0.055398288120019804,0,0.011477472932355527,0.009491521329520646,0.010902769833371951,0.010550595797600705,0.013162471017404606,0.006567062565778034,0.005610213877133677,0.005832182562646032,0.005222848799714913,0.008999450340335367,0.007614787404024756,0.006081935666714632,0.004988161342416511,0.004547800153863071,0.004336411540074595,0.007269669626040503,0.034260794353305944,0.029870009737685242,0.020626422456099566,0.015928512207740764,0.019884114629692206,0.020095170845053946,0.015580770511518209,0.011481642185492488,0.032054505170904475,0.04452337667705971,0.0340543387655235,0.017842833607407082,0.01948924198983024,0.009740480638520675,0.013838016361690814,0.008143187515981292,0.023734087558309375,0.008583457419375237,0.012201239096661681,0.010562512737266069,0.015723183377448977,0.020683106125735217,0.005879134363121926,0.004887096030179496,0.003337829478717783,0.003596084503925836,0.003729323600336988,0.004080348797921572,0.004181688262285047,0.0035906587501187293,0.004646549031237546,0.004016274313158361,0.008783118598491813,0.0055387648096721755,0.007916446158165277,0.006756341735159265,0.005515016119139941,0.006745567328014765,0.010741095171507734,0.004742614181237915,0.004149534871685013,0.005547083904340973,0.00465633180839421,0.003742418334231629,0.004252820991507078,0.0037891395160842643,0.0040955389067504,0.0036017261142276646
350302,城厢区,0.01512300402270784,0.015531291550716846,0.016418004141035523,0.013367609750626612,0.013346025189995238,0.014919144155837205,0.010104877402391715,0.00944517033875113,0.013559993860611868,0.024195054841989114,0.015163883319947594,0.026263278662153226,0.015617898482115124,0.008990617171641254,0.008515781766914855,0.009030191554096678,0.00940921630931673,0.010593997419296957,0.011390750841074994,0,0.05422785318282401,0.09719750619008921,0.029924295883330464,0.049436207559849704,0.007383850770877895,0.006019316450433727,0.005552687571527575,0.005026363914130768,0.010002317968083383,0.011115824139237932,0.007582599277609038,0.005713897027611665,0.0050528354136850275,0.004597085893963266,0.0070406613747461995,0.0168011582968001,0.018041734614296548,0.02564764052037491,0.03754444360106284,0.022905421257113385,0.011010001108645036,0.014737467953527667,0.016343694380268496,0.01439626591260539,0.014444974920739252,0.016163485282028975,0.007336642238408249,0.0074707864959477855,0.005263164264794901,0.00624302537299691,0.0047641790257649235,0.00852547494971645,0.0048737534970246365,0.006453282818180989,0.005633121772544837,0.007886460079629938,0.007394810829484011,0.008422852824641705,0.0061426113538897605,0.004248591381212109,0.004156235007344691,0.005019041207550081,0.005814637172364745,0.004916774547578418,0.0044560140925632595,0.006525154451872871,0.005131241491558588,0.006239306137321237,0.0046894665917305576,0.0051844522806765965,0.005018737368413776,0.004270776141588851,0.005568025324966046,0.00785878787016935,0.007809120928144258,0.006440081552347075,0.009455714758002675,0.007151787008925238,0.00534895507467612,0.006429967514771349,0.005562377508987254,0.006200641966776298,0.005198565850750165
350303,涵江区,0.02213505843320199,0.023009086245043366,0.02487497109625663,0.018749282858302154,0.018623426851783764,0.021247765460093736,0.013157093681993188,0.012074404686560384,0.01719356984361527,0.030800374257038153,0.018832637261151575,0.04805164876309606,0.022640949670454324,0.00817545870033681,0.007818749182899458,0.008206661642466495,0.00852551484987601,0.009443780689338436,0.009982550271409448,0.05746746161579594,0,0.05856936344085407,0.027234444739010707,0.031048178592753124,0.0077447849161726146,0.006334797225306243,0.005720797434618439,0.005211865305736405,0.010070661396077887,0.01203343984222626,0.008182919319486854,0.006135996738672123,0.005412380541752696,0.004883232983792877,0.0071694885400767966,0.013593595092098365,0.014348539191478809,0.018489213188622844,0.023673309003745435,0.017235496159367626,0.01000250014346852,0.013178781904580036,0.015520229976632945,0.012109374181684856,0.012092777043523377,0.013295142025866678,0.006895531008698829,0.006994987659645691,0.0050941191863903505,0.005940297159614351,0.0046513527217369385,0.007880420747328368,0.004740700414361791,0.006187416003758754,0.005437241554225431,0.007434273793419043,0.006910588901444322,0.009495083517764234,0.006763548476467595,0.0047746722477911615,0.004530757587662864,0.0057304629875929896,0.006759218637035512,0.005357876103859855,0.004957523950911363,0.0074798381387882395,0.005737984081509203,0.006132829560062951,0.004769578103118282,0.005099829436871667,0.0050063696166427665,0.004302444413191228,0.00560467347227553,0.007617858885831686,0.009602731784683839,0.007744546994561202,0.011611533237428247,0.008512673445496636,0.006247269617529203,0.007647431973722822,0.006560329110609959,0.007391089856685576,0.006093160622961492
350304,荔城区,0.015867893256608895,0.016377800576271646,0.01729911863142825,0.014482294946697673,0.013870617085740491,0.015182290204885209,0.01075479594564465,0.009821548557758792,0.013096048799415672,0.021347265909734882,0.018256426692428555,0.03176898443206403,0.017585162831346944,0.008915800700027007,0.00838352874879283,0.008950232511498877,0.009199078807111018,0.010243224305405578,0.011146943484782415,0.10013087300552953,0.05693558423004501,0,0.04277328690407239,0.03404205690106166,0.007091748826633169,0.005854718171943513,0.005412100001642038,0.004925178414131612,0.009348076991929669,0.01040513282853633,0.007310446611275791,0.0055948923464340565,0.004974436757181088,0.004536507153747385,0.006764002210974386,0.016261227969771863,0.017434739648173755,0.02316953452483482,0.03516162630218789,0.02291738840514631,0.010348194992589838,0.013268456323623192,0.014416370846514388,0.014490731738683621,0.014219366686128797,0.015088769377242399,0.0072043249791108165,0.00734911358249199,0.005270133360590039,0.006236222357910388,0.004779060594554812,0.008288038519158185,0.004916333104149803,0.006331827756216659,0.005594975492310384,0.00762984634245572,0.007327201079758914,0.008162998693254856,0.00603381846506055,0.004298403987378254,0.00414738296553308,0.0050783470812037455,0.005891965844354882,0.004869678074827676,0.004471082855958148,0.006492353378552847,0.0051228190314520335,0.006065433828563336,0.004610952590674054,0.005113138347143829,0.004933497679039812,0.00422623553549118,0.005429727397344526,0.007517985673557811,0.008053558194133378,0.00676255380319147,0.009436005663802262,0.007226445925794981,0.005497405521764655,0.006582110428887905,0.0057796516157570905,0.006410524537638417,0.005434341113253366
350305,秀屿区,0.016225655032992753,0.016733325519959583,0.017393580546314142,0.016035516464147907,0.014432179970717251,0.01507512818484383,0.012262690682840785,0.010878398305314172,0.012748685887786639,0.017816561832042457,0.027562651381942742,0.030797377851850417,0.020002789433036478,0.010948891557753027,0.010084828862491136,0.010979279201822154,0.010940256000852296,0.011942192610721061,0.013414551846238838,0.03833690497483194,0.03292395735319852,0.05319280011765681,0,0.025066324576277783,0.007589272767906405,0.006421416239547789,0.006031576447934061,0.005533183671734591,0.009659747385082337,0.010409649949641336,0.007764905845150502,0.006153701044721555,0.00554268009044364,0.005105350211123544,0.007354266572095406,0.019281943143788605,0.020590866948361403,0.023926272868114367,0.03519694331581811,0.02857444350431883,0.011285323760484207,0.013364881319046245,0.01368800937285093,0.01875077538321035,0.01747375252883448,0.01661520727365674,0.008536461825512862,0.008757734636189634,0.00645282211060523,0.007652980170404215,0.005851445293411388,0.009661751440357042,0.006113501909357328,0.007424076261494251,0.006728026645805417,0.008730600830695922,0.008888215607337982,0.008550403290312376,0.006584375805434181,0.0049302296548791175,0.004708000390192754,0.005764955046918504,0.006628854228006214,0.005440665122664764,0.005070814642235456,0.0070988436044132274,0.005729559782205287,0.006884421802949116,0.005274784034015014,0.005992668213333409,0.0056985578500828755,0.00493014046224037,0.006132220979002736,0.008293885072265085,0.009029754077826281,0.007996624458780327,0.009937348793789312,0.007956526985574709,0.0063504653770989055,0.007444498548496985,0.006784435530373801,0.007387997777937373,0.0064926538983024066
350322,仙游县,0.013738162755402624,0.013961647068198349,0.014632954764204788,0.011913820461510257,0.012511310424575222,0.014177368972127973,0.009477615308530814,0.00919944072272517,0.014523177710359056,0.027429574215381693,0.012345569792594506,0.01899828444726934,0.013146929341059023,0.010629696412194896,0.010227365439710999,0.010689659279953771,0.011494545632720095,0.013301429698449151,0.013888289719979114,0.05255940154862474,0.03114883366809974,0.03513242902948727,0.020801890956045368,0,0.008929535849390418,0.007103566543158319,0.0065915337210159484,0.005891573545874302,0.013024815160652143,0.0137736226757524,0.00897069399574398,0.006599974027377515,0.0057888782311720614,0.005264606718175094,0.008636999642643618,0.020691962782202943,0.02214062641813219,0.035797268989467335,0.03890289662189984,0.024910915338967488,0.014794614028343424,0.022296946679163678,0.024972322275772896,0.016318366030101162,0.01723536214125222,0.022148415176779613,0.008831858992315813,0.008964203521471342,0.006045097310880466,0.007229488637367643,0.005442004317856428,0.01052730573606125,0.005509872069599649,0.007748747448219357,0.006582454838882805,0.009806458482812497,0.00873637783209002,0.009642636944457923,0.006971131400762398,0.004553899431824171,0.004616758873886735,0.005342013336345833,0.0061255823800253064,0.005531628262717565,0.004861325634929366,0.007113007797504747,0.005630329902141312,0.007583478213397476,0.005503486434407492,0.006116403048973226,0.005933809051992625,0.004967380261683352,0.0066669292361272,0.009931340355679876,0.00782250740849188,0.006348826454027311,0.009910403309234013,0.007482988089150469,0.005505651540299039,0.006605337142011817,0.005610875094407854,0.006273252451404506,0.005210254794317002
350402_350403,三元区（含原梅列区）,0.009312234850591076,0.00923621859727424,0.009344547047670956,0.008242208379885083,0.009375376145809317,0.01019667144790614,0.0077831327653488476,0.008494256015123358,0.013253118585344824,0.012832937386788226,0.0069868000221981075,0.008694307698015567,0.008019226133252497,0.007966952489848533,0.008396544616238672,0.007999925832879454,0.008862688206434306,0.009492282336885434,0.008724990073501535,0.009884862292513688,0.009783572574943345,0.009215696796909874,0.007930394037303308,0.011243753945015601,0,0.043604297400644546,0.023541838458479906,0.018986321222255364,0.031905372349369826,0.026138210216206693,0.04804826423200628,0.027415989428480923,0.01958862566954301,0.01609079400789473,0.03811229699533345,0.009027482820676235,0.00905073494126485,0.009881759968113656,0.00930483757730214,0.008689284948148317,0.01262596150808616,0.01472742438589289,0.017237784606305984,0.00809837496180952,0.008592977231001801,0.010199985107059103,0.008724405059362096,0.00850718340013294,0.0064749994805047804,0.0070003702933651955,0.006100424456462687,0.009585386857619376,0.0057313965801160755,0.009134544921571378,0.007408186383237545,0.01084251848930043,0.007849566634943664,0.021513054369256837,0.02057736342182657,0.007519585387686403,0.010382459471753303,0.008364639474715992,0.008816700832476394,0.014829381301036323,0.009325212022280017,0.012752080673761566,0.011397990366045786,0.012921256819450874,0.01218430255627404,0.008766844215969561,0.01036938081578871,0.008650181009425165,0.015318971178203668,0.016217653507837878,0.00830758620965167,0.0064577239538612385,0.011612944477338669,0.00988847875193937,0.006947628651667268,0.008120257003731417,0.006360970539077681,0.007182835723298273,0.005714218395471822
350421,明溪县,0.00845367954036775,0.008386872427082028,0.008457027190660276,0.007626829623160534,0.008544758265605697,0.00913607649516355,0.007331651587452104,0.0079851809755439,0.011337788576435713,0.01079489433794779,0.00654357263853219,0.0078845936988449,0.007408051150607671,0.007544598008488941,0.00796198422936215,0.007571329686572182,0.00829774733910481,0.008746081865757331,0.008076232930807756,0.00873113129223674,0.008670745875046713,0.008243591390353492,0.007270446063274288,0.009691578804292238,0.04724598671695094,0,0.03490948161871729,0.030668515937098857,0.020513777024381768,0.018022039756575237,0.03163829394343926,0.044295242946338666,0.03292498336677443,0.0271253468566915,0.03202830104305676,0.008200045094635008,0.008204367837780602,0.008782071792202072,0.008327656740513426,0.00789010215454441,0.011111434458579388,0.012170611159161312,0.013436029640907846,0.007485745532648735,0.00788895643023315,0.009104861507254248,0.008401502073119852,0.008179024032737054,0.006525840537058489,0.006900198734693761,0.006228028148335002,0.009006194759396149,0.005800242068059223,0.0089883583384295,0.007435011647370437,0.010209291621860815,0.0075745122877383785,0.01780205437048928,0.022209358662550905,0.008189977980282367,0.013056290945050716,0.008751111411365569,0.008888213410712489,0.019214711514021453,0.010544496939971186,0.012594370053586693,0.012540829504114132,0.012987246990919694,0.014782909654890887,0.009116903201266086,0.01126406601090238,0.0097584756410753,0.017117272654165787,0.014644673730932365,0.007960802257154575,0.006342386348872561,0.010567630443103273,0.009540565324918926,0.007022178187133985,0.007995255152570059,0.006357740079063202,0.007097484372289841,0.005734495358612147
350423,清流县,0.007696608599788742,0.007659240581926306,0.00773549295789567,0.007037569784369217,0.007704044674343331,0.008193038916567186,0.006698987287628691,0.007130885151590104,0.009738947585480098,0.009832260702522412,0.006334026601894908,0.007477143541949787,0.0069435886308946305,0.008460365169035382,0.009093088661339628,0.0084898495804444,0.009380494135036648,0.0097647342737414,0.008848489095037099,0.008488582481026805,0.008252564023508085,0.008031281847217726,0.007197300961234255,0.009477922395051101,0.02688342498410287,0.03679188098829728,0,0.0754554591042442,0.019052880287534307,0.014440100729370957,0.018664764588158092,0.021005109147114898,0.02005206709710266,0.021612700253922288,0.039970685925448744,0.008639177221364452,0.00859465748239538,0.008994868408431143,0.008391612808832957,0.0081142391871016,0.012455307441918308,0.012601860581312756,0.012853380575793714,0.007927835372468058,0.008399570850733791,0.009652116367154746,0.009987534329256274,0.009628172170858902,0.007796491538779008,0.00808740961533829,0.007491913451786185,0.010503922966043876,0.006806456535321352,0.01122570412005803,0.009090435228913259,0.012410321699435383,0.00878689711539232,0.012962947375097419,0.01430655089727149,0.007006322491438431,0.010569770389954849,0.007376218213231974,0.007502752574513098,0.013534265844945388,0.008609088087390927,0.009811273275267903,0.009744911956503783,0.018712940875676123,0.027009336870755674,0.012230719733712732,0.016890653392414877,0.01421753579711263,0.03247703973313552,0.018816532685551512,0.007017582242441299,0.005788601377168793,0.008885221774492623,0.008025384204453844,0.006203679833273293,0.006948138049229678,0.005742307253167144,0.006311302946734821,0.005263456311554353
350424,宁化县,0.007803934420476806,0.007763388732763895,0.007828271902503124,0.00717841959710063,0.007834329960500527,0.008282600381998727,0.0068932244759928995,0.0073490757270519525,0.009742775505649748,0.009678616311609793,0.00644670421728028,0.007526939707182092,0.007060983514120714,0.008335969734769959,0.008906489947265773,0.008361839878112556,0.00914329048886745,0.009462577519287462,0.008661685492663912,0.008399294535381591,0.008218308929540098,0.007989102056670912,0.007217235233029794,0.009260083883692035,0.02369965335053147,0.03533119280873752,0.08247980263378722,0,0.016882975996896393,0.013775878398031266,0.018107595475964293,0.022837176955042303,0.023773441607889318,0.028775642995034777,0.02886851387612325,0.00847467394051058,0.00843678260132813,0.008798315556489503,0.008277522155151745,0.008017510659677417,0.011690860726777101,0.011823231662176109,0.012113690061229006,0.00784215641826257,0.00826185156583865,0.009355249287201998,0.009734769292531361,0.009411650138563757,0.007866431327352263,0.008072203320084818,0.007622289243992591,0.010131617668061376,0.0069321071357890335,0.010894466133720937,0.009060267705292138,0.011755117247595384,0.008663716065382519,0.013020045795054025,0.015162914164851795,0.007679321146735514,0.012248007842400963,0.007945158597068612,0.007965645149999971,0.015373228339319344,0.009544460034632423,0.010326919617392299,0.010632483063624406,0.017046498131428604,0.02881145417224726,0.012107782551924141,0.016622775101173003,0.014974319591092891,0.027850574454608243,0.01656695468969173,0.007295314566779396,0.006064940348478458,0.009094225927175369,0.00838318317027383,0.006590830451297102,0.007306410031029051,0.006066694475882784,0.0066401832818160185,0.005566179139463315
350425,大田县,0.010327796744813779,0.010285830910215022,0.010492385174256111,0.009016693112184733,0.010179861404942866,0.011295035814758866,0.008167708157204375,0.008682185415978082,0.014633198237757607,0.016587262557811226,0.007939128300921508,0.010251877154595128,0.008983626360917325,0.010035310419758116,0.010639235980800025,0.010090443487420886,0.011518133061639551,0.012753742781677237,0.011449269214531656,0.012822017457915868,0.012181873872013785,0.011632286970566449,0.009665589988631781,0.015704423979972657,0.03055144896013749,0.018129173074092324,0.01597660181225378,0.012951373513219098,0,0.0323448922373576,0.0230138361995688,0.01422962454175054,0.011623620341531578,0.010325166480556187,0.03010154423369899,0.01204269644614837,0.0120711358844532,0.013556700129750939,0.012276276649727105,0.011318346142344015,0.01932434751004398,0.026191286434362363,0.03282448968191532,0.01038603545973312,0.011260623838296959,0.014356703425326404,0.010830861482141959,0.010568646722709513,0.00733757392837346,0.008237900657873653,0.006762197024697049,0.012512283766913901,0.006409312725159295,0.010942250516276264,0.008510909701016409,0.01420477962956178,0.009624702491406126,0.017301682511120946,0.013145211153754836,0.006275609176582147,0.007601934381712146,0.007130959782749908,0.007780957559260866,0.009902367270754477,0.007306466832395155,0.010430106470027432,0.008722779512136089,0.014690783103614284,0.010703157299752195,0.009548130575076566,0.010533192673186462,0.008362698524262854,0.014429037370452027,0.02265234238000397,0.008141048212975649,0.006374095685361274,0.011347885891899487,0.009071620198515915,0.006406526199525955,0.0075771381755445726,0.006073809031657372,0.006844374167739802,0.005513827656255216
350426,尤溪县,0.013703378932783472,0.01354660504862813,0.013809767247499237,0.011412414045235105,0.013745414733049511,0.01576693839346747,0.010374086104481955,0.011497868744907217,0.024714828596161614,0.023456211063426644,0.009003614503615202,0.012281499067203314,0.010998319751218854,0.008375613733192372,0.008598065786677812,0.008413760343943828,0.009256388956193786,0.010164618561280576,0.009618681099656074,0.014147944114136465,0.01445246268269614,0.012855424339448038,0.010341765496853053,0.016489010142444537,0.024850767274996268,0.015813655328160512,0.01202236630621855,0.010492575112984149,0.03211453732041332,0,0.03035791071546409,0.014952291483954583,0.011772888502118462,0.009869224038531868,0.017310283083360283,0.010764830186668805,0.010920492273658763,0.012659180113878642,0.01221145963244021,0.010812046011823858,0.013348297588849577,0.018514371140400172,0.028484684382114246,0.009432621417405775,0.009980078251880724,0.012151545088073215,0.008420864931573922,0.008320434384284585,0.006090390673107636,0.006807159180319393,0.005654138183315717,0.009542138477415637,0.005468481046142686,0.008268863199712538,0.0068249833586777765,0.010143469021860172,0.007812481403353539,0.032190070777444665,0.016696139510615226,0.007417741625818112,0.008289394641888837,0.008855208242211527,0.010070028074020347,0.011055274964868803,0.008582255864910019,0.014544165764722332,0.010734751311374989,0.0100312548980067,0.008284982589657033,0.00732646977767175,0.007919915173625733,0.006651472177420486,0.010163598895664972,0.013282901088087105,0.010732440612517376,0.007802138274037706,0.017305432354603478,0.01249815400751948,0.00792646724520321,0.009824389257327574,0.007414109848135604,0.008610125901026368,0.0065769265202606534
350427,沙县,0.010546594604524371,0.010419697954181262,0.010512200797052213,0.009214486176462807,0.010761954641330422,0.011749971424745459,0.008825407581333274,0.009899086632238029,0.016117138561862254,0.014110817789815202,0.0074134367608524555,0.009352481781406161,0.008795452933639787,0.007354537974074459,0.0076341108908208185,0.007382770320617395,0.008064819737048808,0.008643838085631725,0.00811496882582746,0.010194291877607363,0.01038120160299755,0.009540474788409217,0.008148582082223414,0.011343830707515656,0.04825351440330165,0.029324368773945737,0.01641457114447486,0.014568366565623577,0.02413638746380484,0.032067061873429246,0,0.031084857167583135,0.020275239751577637,0.015213626437439644,0.02141873831985191,0.008630565679211923,0.0086940480449864,0.009610762296109408,0.009259886479522594,0.008522349813019092,0.011026623897628268,0.013299794293337863,0.01647203729867059,0.007780635965994972,0.008179275893221143,0.009574682135425245,0.007746872289560045,0.00760621048292503,0.005873979932872466,0.006370841412842114,0.005539532279402099,0.008504436336773596,0.005275130881419813,0.007921506331392044,0.006598844367841236,0.009298592128168637,0.007118343806302401,0.03716807432607812,0.03210893388204172,0.008840779418270652,0.011700563339259604,0.010148403232103677,0.010838744669222786,0.01774755773585909,0.011173575989221692,0.01743122427145304,0.014511689638045729,0.01033244747833246,0.009832229884169291,0.007501479855226422,0.008570956894592176,0.007364328676287816,0.011666773237964665,0.012663471805346486,0.009828936175359532,0.007336875821294748,0.014689017122883832,0.012374241907753259,0.00813271710281833,0.009729213854333176,0.007294040120018548,0.008385539245939983,0.006444345836246502
350428,将乐县,0.008761253121689901,0.00867016824943349,0.008711223120743228,0.007911489248163919,0.008955889572338093,0.009511037947676399,0.007761657169994193,0.008617966049050463,0.01187439152575166,0.010619440952249813,0.0065644070147641564,0.007882601381933016,0.007572098810523305,0.006778102289226001,0.0070618685289801095,0.00679982145824976,0.007354531696833382,0.007742663814522216,0.0072767853217007555,0.008398957908286347,0.008510959276856323,0.007983105146201963,0.007060513389475023,0.009124938731069563,0.03010296035687144,0.044887636651647314,0.020196959889155656,0.020088454712871646,0.016316639896312903,0.01726827998487565,0.0339862237789574,0,0.06361911877175559,0.031010839264468584,0.019425656142036323,0.007524660887369908,0.007552704866343231,0.008124741282710185,0.007844629240955161,0.007380467227964905,0.009492097980200748,0.010600395876620214,0.012014469365772907,0.006919857336032777,0.0072295860680902735,0.008216377497192586,0.007309009260409037,0.007158476337442911,0.005817094294674426,0.006153153058452015,0.005565684522636073,0.007816563917981016,0.005247623602969637,0.007659211604940561,0.006507074939189662,0.008607254552515894,0.0067160159455922136,0.02096018101160676,0.03859189189461393,0.010100984374885462,0.01819818793184706,0.010710010683527579,0.010604261497946105,0.033900664482489955,0.013997157825964994,0.016093872445099345,0.01741089192132295,0.0102192000317774,0.011435186794991753,0.0076697579807076975,0.009104756905442449,0.008152539289439894,0.012521811132098359,0.011438766470780282,0.00880568091458387,0.006902460933651973,0.0117867063119401,0.011085386407447093,0.008021415561035113,0.009125555283824225,0.0070623843086176944,0.007943504286588833,0.006290992477046827
350429,泰宁县,0.008402309572599414,0.008322867689229635,0.008353661077659077,0.0076809866750297655,0.00858013849479579,0.009030812794683419,0.007582984941105395,0.008354902394182245,0.010918885645505826,0.009898564146203765,0.00647397985572473,0.007629849023160399,0.007372690288767614,0.006794778626309888,0.007083225880780524,0.006814633009635228,0.007333720086386608,0.0076652434206368495,0.007216105620489491,0.00807849734020131,0.008165525799546157,0.0077201629592839206,0.006917069494669807,0.008705316868402672,0.023394388014111686,0.036290893041434034,0.020971169403702795,0.022745663500294812,0.01449710027888397,0.014788590955758654,0.024111402546477867,0.0691974496006898,0,0.058783149154167345,0.017897921810189395,0.007387679888588712,0.00740589269451045,0.00788729959933629,0.007623556289852954,0.007231361162873065,0.009223928056109524,0.010042583524949258,0.011085444377404458,0.006848237843201956,0.0071352009083921,0.00801216625316067,0.007378179192952667,0.007223021581618252,0.006010243481752195,0.006287845640763923,0.005789450939268513,0.007804253505152031,0.005439196672396615,0.007794126553425819,0.006698792770993736,0.008589824818428956,0.006791551613310947,0.017362521247651617,0.029481440421525482,0.010731661109565062,0.023297231845141174,0.010896009359860645,0.010491119045399998,0.04144346075264386,0.015178284661015147,0.014957960892164536,0.017669303349016684,0.010372883533303848,0.012473005785524254,0.007986439305867541,0.009588304553289136,0.008807716847675303,0.01298364788989079,0.011172772517306188,0.008587657774210559,0.006901458588927427,0.010993633550108923,0.010647442523605168,0.00809489743629715,0.008996995458698137,0.007120528858829989,0.00791259147594228,0.006386553837396075
350430,建宁县,0.008530599647824507,0.008463419603224432,0.00849915603068844,0.007866725761454746,0.00866941722784056,0.009088934388324268,0.007741733981724442,0.00841781848035167,0.010732108642842977,0.010008925457967471,0.006796891957860893,0.007899681000022736,0.0076089296737290885,0.007514121847061763,0.007867580415461213,0.007534718878583616,0.008099395336785399,0.00840795437021771,0.0078884569061418,0.008426323127693418,0.008446238358504861,0.008071685101514032,0.007304456740764693,0.009076452930656169,0.02203156019305699,0.03427736650247849,0.025913888526885497,0.03156397171729969,0.01476375556423983,0.014213035158533375,0.02074193553792172,0.038670164141899735,0.06739270761087351,0,0.019329184422433223,0.007957115844321195,0.007959992298081128,0.008389024154760286,0.008072861330170909,0.0077295217893026255,0.010027570082113515,0.0106172176992651,0.011395018285709933,0.007414384225656434,0.0077257028991196365,0.008616945816426105,0.008296164159903155,0.008103859144858335,0.0068789388357848695,0.00710982810218604,0.00667088821438462,0.008680855900704046,0.006215958570753911,0.008892255107981315,0.007681190318417876,0.009622971770558122,0.007608183616224349,0.015595965486658848,0.02251744208142222,0.010699986562057942,0.02283583432394198,0.010644185558068715,0.010228450677525404,0.030210724386824834,0.014499469691613493,0.013674757502607281,0.015918138290254222,0.012033662548749921,0.015971060598628555,0.00939111002771591,0.011562417178211371,0.01088178250013799,0.015683302485560543,0.01244138293835046,0.008599045313768922,0.007083491395482768,0.010666930720998075,0.010335497481049068,0.008170278257945035,0.00894623889656746,0.007282649171298044,0.00799542128725401,0.006605031227760414
350481,永安市,0.008490133597468804,0.008452268592359495,0.008567687727056286,0.0076367228416690195,0.008449072378580004,0.009122445268640884,0.007131432669818333,0.007585137960354152,0.011181842084657077,0.01171102643502986,0.006845807181177702,0.00833711759112119,0.0075699238448824835,0.009364098286472503,0.010109343622417662,0.009405880127431142,0.010621447799370898,0.011306896640146563,0.010078309440771675,0.0098351365988819,0.009450515767935416,0.009171868079493505,0.008018870477577825,0.011348137152415295,0.03976897068701545,0.030844483192741558,0.036523854607379135,0.024132509419994126,0.0328019760653569,0.01899850558346402,0.022254706198150932,0.018460762737986552,0.015637744437637994,0.014730754033765371,0,0.009964989480739131,0.009919230985626625,0.010573475609907837,0.009699876232701342,0.009271710992659514,0.01576974261516481,0.016703996097446494,0.017278474941114126,0.008928987034105048,0.009576876479375931,0.011470202884685306,0.010957884933757212,0.010557791993598102,0.007881524049389506,0.008467552867073232,0.00741319188120856,0.011986641056458629,0.0068172555581929185,0.012003152088036859,0.009295591394259195,0.014417396037833635,0.009523311775325298,0.014674151322992667,0.014075973944293182,0.0065671921749651165,0.008960137846909836,0.007158040584404995,0.007501326401008568,0.011737474482552293,0.007898513349913197,0.009990133363416273,0.009205339595782847,0.020137104549286543,0.01743939781357249,0.011814397625690311,0.014844692930855921,0.011550380176457578,0.026117349030661815,0.025977133970647187,0.007327513588536587,0.005918751539210129,0.00964761056980084,0.008313233438292577,0.006178405777704061,0.007081169259864593,0.005774620552840311,0.006413350936991826,0.005272359055467379
350502,鲤城区,0.006411530689150463,0.006497011769342129,0.006685695012358331,0.00600043240144943,0.0060043676581339805,0.006431733045754159,0.0050778900535162885,0.004877635980611512,0.006469443456336592,0.008936969010512144,0.007134350812636505,0.008398551803017755,0.006597619750924452,0.015406882506858111,0.01324605771565358,0.015535594860314628,0.015877921581846623,0.019432414395086226,0.02735127482023106,0.01351491422684068,0.010318315353033564,0.012697392016437235,0.012106866677763773,0.01565562802625885,0.005424416498282947,0.004547439897687812,0.004545843899482217,0.004079511727925788,0.007556872626543745,0.006803456072586237,0.00516385897600751,0.0041178261503398,0.00371694987931641,0.0034920002016927557,0.005738309594325736,0,0.1860210700792529,0.036963902085822925,0.023612725472549525,0.03699367251464084,0.0138215360138769,0.013936838732367899,0.010822323762452091,0.047110455501524436,0.07802298413006493,0.04313389858649427,0.00958950945919795,0.010069799746920948,0.006054701013640395,0.007874398156151739,0.0052527139131207535,0.011966647504311796,0.005502434675958,0.00746468415462244,0.006487895120537522,0.009510651176203205,0.010300088486328416,0.00516945364238236,0.004142127688573825,0.002841720883579956,0.0029734278986233535,0.003222905174384479,0.003579359740811839,0.0034748799705579076,0.00303206983949839,0.004055266728654534,0.0034178555198110983,0.006154397055054206,0.004132854409935847,0.005331067713975515,0.004795772081377544,0.003976096386657267,0.00499918080351052,0.0077359402908577625,0.004317360260170918,0.003745082933721711,0.005072694976998027,0.00415929449161755,0.0032940832754947643,0.003791348819556216,0.0033663639194341055,0.0036598916510832873,0.003193594409377982
350503,丰泽区,0.006719430630104846,0.006813477448271469,0.00701793927540914,0.006283709859088006,0.006276434226258901,0.006730449856311434,0.005290083924676105,0.005069428993835405,0.006736045976264896,0.009407223840462582,0.0075221617769295635,0.008917173166549889,0.006936352645163743,0.014442593311231428,0.012549901896148697,0.014552684167620004,0.01486675505452061,0.01798265205838683,0.02419124372930698,0.014722957148116892,0.01104904756661541,0.013810816149244296,0.013115905593996816,0.01699422630324361,0.005517125862278183,0.004615710249727336,0.004587894225659018,0.004120071322389925,0.007684386301358443,0.007001761371117203,0.005277154811385358,0.004193013656025073,0.0037800603957761094,0.0035438384391269524,0.005794658178460938,0.18871430674564976,0,0.044541441996593774,0.027391276473495742,0.046204579381884804,0.013505655665138788,0.014119978887319097,0.011171603116622762,0.04435529522557423,0.05860893046367892,0.04018526532133339,0.009274070629190187,0.00970636799682841,0.005948790646409714,0.007664161423560809,0.00518255310263195,0.011474570118459789,0.005423625204568149,0.007312816413300999,0.006365518150162755,0.009277781719283269,0.009901867028483724,0.005315142431777579,0.00423575191264679,0.002910563157780077,0.0030308112076765197,0.00330873792927773,0.0036835552179066886,0.003543686614580923,0.003101006624156767,0.004168154414129761,0.003499288663721457,0.0061191817146253845,0.00414832888551389,0.005282811905999443,0.004782077105919385,0.003974586318821665,0.005009792540614807,0.007698930658337309,0.004471308970990856,0.003873669443939745,0.005254861530741237,0.0042927796465601,0.0033925665709665146,0.0039125868764218604,0.0034726378187071023,0.0037788717258030033,0.0032934849911501786
350504,洛江区,0.009397191126839424,0.009539481449401293,0.009876615009635272,0.008613421038778761,0.008703779180030144,0.009473449434893854,0.007110596278226717,0.006829509169597081,0.009530876628007275,0.014323520500327539,0.010004262404334878,0.01281515657563964,0.009548452737582844,0.01354728040813051,0.012473264389846306,0.013642150621677368,0.014505292721754555,0.01746146538448841,0.02006385440142618,0.02513806252158219,0.01710027959613094,0.02204391931185267,0.0183048564475439,0.03300114547637479,0.007234874000863658,0.005934143225704441,0.005766964306187197,0.005160538663824572,0.010365318856372423,0.009748511195388148,0.007006534443105404,0.005417525066134736,0.004835231676083938,0.004485804457673782,0.007418826471326483,0.04503893630830343,0.05349730436001855,0,0.05695727143331778,0.05237979177212721,0.016201211570221346,0.020130577301652814,0.016732706479708922,0.027311197077071137,0.030594151968993535,0.04062613186093513,0.009929752133385653,0.010237240349368187,0.006482775047609631,0.00808623413441833,0.005725149536812443,0.01220490010633869,0.005896435252143731,0.008196799957172181,0.0070131523339355736,0.010513984814851884,0.01017239998778925,0.007176967901913314,0.005544623503565889,0.0037354157481428256,0.003860239450450773,0.00429083891345128,0.004822896122967433,0.004555256617915685,0.003984865922934432,0.005507746422264941,0.004537304882539251,0.007325799213909199,0.005058016394033774,0.00611611825672645,0.005692544152803789,0.004730886456530063,0.0061372983982093164,0.009459898020078118,0.005951671601424552,0.00505219353774299,0.007155647398070583,0.005705802727945237,0.004406177934219518,0.005147568715656937,0.004504955079469681,0.0049455875903971725,0.00424342007369395
350505,泉港区,0.01115220747451701,0.011374505329422815,0.011824133656188715,0.01030629330386956,0.010174289686909865,0.011037105394703152,0.008280998004151769,0.0077987344191731344,0.010563595349112652,0.016212912116552267,0.012767805563786122,0.016736756341681425,0.011758206772499414,0.011973952445551774,0.010982719915605756,0.01203493161798597,0.012386140649145441,0.014240947760265821,0.016330590250106206,0.03878522068567729,0.02307703232408132,0.035259542093381314,0.028381309842168953,0.037800476007837425,0.00718028493011184,0.005930892699150684,0.005670666370729381,0.005117196146142801,0.009893080744835423,0.00991143424562814,0.007115203047037076,0.005513152700356541,0.004925868019955374,0.004549803034880714,0.007173314105237934,0.03032442970962131,0.034674971117845746,0.060032355786016206,0,0.06011625909870524,0.013373061617547635,0.01663431681787295,0.015597424784182743,0.024120525100148556,0.023906829304851558,0.025103706459558294,0.00895774826561066,0.009218092870793348,0.006202671267264368,0.0075918964979351765,0.005532308956520842,0.010627601898575782,0.0057310879039778415,0.007556889537679971,0.006613639239324069,0.009355365646081568,0.009250082316192112,0.007510926305228902,0.005745650990478009,0.003985799969312684,0.00401132107555337,0.004614209206962098,0.005234634714847349,0.0047098889552537725,0.004205110031934249,0.005876078110118756,0.004786084075382135,0.006877962107985645,0.004947856839201658,0.005821682552426882,0.005472466508025922,0.004615929045381415,0.00591284180940272,0.008661691643219288,0.006678460861272881,0.005699801800497303,0.007890218873041175,0.0062466925860169276,0.004838993615291711,0.005678369479889242,0.005007516452021254,0.0054976322557691035,0.004729612890738757
350521,惠安县,0.00947120728940418,0.009637579893902556,0.00995463215540207,0.008923770352230931,0.008747488297395647,0.009355636610802995,0.007358030745941329,0.006937986833578351,0.009030494015960662,0.012878397107328658,0.011346384269565064,0.013456500572334716,0.010075404853996835,0.014271516509083561,0.01259738429388082,0.014342997014473237,0.014311673958406688,0.01642592986605994,0.020434662298999366,0.023718838344020172,0.016841443743850718,0.023036016277518185,0.02309616134852451,0.02426272371946723,0.006721271807198587,0.005632671386117658,0.005496307251372154,0.0049682769362376965,0.009142866868048728,0.00879652920013687,0.006564105152833948,0.005199313357161914,0.004683599490807636,0.004366689046757949,0.006873027453000668,0.0476220963498883,0.05863047262158053,0.05533940881701706,0.06025963337538047,0,0.013724236591427755,0.015433933958108569,0.013471017626738201,0.03960467816661012,0.03604474818551667,0.029036986081286013,0.009803820332906589,0.010191117801620369,0.0067291995943559715,0.00842615929193932,0.0059426455165319325,0.011667225056383757,0.0062396609558240295,0.008016154816575718,0.007107935657894073,0.009859595710468804,0.010423338228411783,0.006788497184099015,0.005342891820113894,0.003754548377677396,0.003817438781298195,0.004300644975242534,0.004829069163315016,0.004449830377017168,0.00396247648238725,0.005391221471045523,0.004474255960812439,0.0069532715405867035,0.0049147914591850346,0.006028197294895294,0.005545570360343143,0.004673739440629637,0.0058609883393928005,0.008622125269016246,0.006031577176571967,0.005248874157121236,0.006996763081998247,0.005674014297404019,0.004490533222405268,0.005201280988701163,0.004644818267599829,0.005055527513790781,0.004415469939081713
350524,安溪县,0.007863909324476729,0.007902826513207246,0.008089744100101331,0.0071644440758969,0.007556301425123713,0.008188439155799058,0.0063177013466388906,0.006353247405238945,0.009118429662566927,0.011723609300490333,0.007331736247478604,0.008934786450785147,0.007489423773068012,0.01841187287520069,0.021077905453516687,0.018619057182451656,0.025330225154006143,0.03234828916613842,0.02277671461326827,0.012574208722387842,0.01077959056880636,0.011472155515073397,0.010060376107502975,0.01589248013192388,0.010771347838863242,0.008748630778391933,0.009304988044020104,0.00799007594217701,0.01721640354129908,0.011977536811974639,0.009366922030931053,0.007375008404329137,0.0065889130295190635,0.0062478920526039955,0.012892910515047207,0.019623458080440585,0.01890132359788664,0.01887801868889718,0.014784394878877186,0.015136531421034195,0,0.03772993849309357,0.02044851208379568,0.01584126089692786,0.01875577043078059,0.028405531010095325,0.02020076556054575,0.01977667997779807,0.009944433872749188,0.012464391167214527,0.00863296461781803,0.02998464609267548,0.008302153276118739,0.01713423127344354,0.012016433507100117,0.030851673833879417,0.01684867729320311,0.008480610725487177,0.006981068908819717,0.004280808344264638,0.004869387871941243,0.004783913170509603,0.005208931659607192,0.005842253044603649,0.004743320363223797,0.00624644419960852,0.005394146635145181,0.01553419816252179,0.008370029354139441,0.011189659344900823,0.010224624801560714,0.007785915976119075,0.011110168101627734,0.024879675762957357,0.005815476805012383,0.004886571369566021,0.007221660334822866,0.005968672274790094,0.004601835152193024,0.005291856363786659,0.004542538795518535,0.004981001969707274,0.004245337192886704
350525,永春县,0.009859655130290463,0.009905478400762236,0.010191557556297815,0.008731123588808481,0.009419603874966756,0.010438565948135891,0.007551936512439807,0.007650831006902357,0.012068112931731767,0.016940752823897506,0.008568690483590677,0.011189462718135375,0.00910879226992025,0.013765367497901812,0.014399589630014958,0.013880681476397072,0.016648666748041697,0.02030008724163377,0.01772715981848408,0.016895343576927856,0.014256726629802376,0.014765619507268646,0.011959586177045152,0.024042757979595274,0.012611979123781217,0.009619072507370027,0.009450328166231167,0.008111318807225562,0.023423148769600208,0.016676367267856,0.011340967847046584,0.008267481720202259,0.0072010225750378685,0.006640478664579224,0.013708741744665619,0.019862520511901877,0.019836335434740608,0.023545938194031234,0.01845986533863591,0.017086993722090917,0.037873631473687976,0,0.04389755926846512,0.015368263074771439,0.017665451057933684,0.028413584054380197,0.013273522546628405,0.013186579736540222,0.007925962847322221,0.009551017846279515,0.007058955553789083,0.01702978816242126,0.006888641019378583,0.011895377131641406,0.009148599222776804,0.017242449880953546,0.01203681236368539,0.010590490663079216,0.008100617980008856,0.0047759927734581315,0.005312011539601119,0.005445246975181558,0.006033630349618857,0.006492217170152256,0.005292585010811333,0.007377900582262811,0.006128986712628412,0.0123836521307947,0.007794862485482937,0.008920137316445741,0.008715536405323698,0.0068911494651463226,0.010138581626994932,0.01930079669032743,0.006900007455767167,0.00562080842199124,0.008951509240537094,0.007096430775467035,0.005257413146909789,0.006174728981819232,0.0051829207391245295,0.005760387304576161,0.004796492891845789
350526,德化县,0.012271639487247894,0.012288183159575264,0.012683135438840481,0.010468055408883827,0.011758306837072987,0.013404399621788448,0.008989555692017084,0.00929496921550718,0.016856967645177228,0.02534404744150248,0.009471725271369465,0.013189635191125128,0.01072487126489203,0.010908775259666131,0.011177521826613872,0.010977920271996016,0.01247588590045879,0.014408212832081947,0.013424382120564807,0.01925459795872321,0.017253721026897643,0.016486455227878002,0.012587265944440032,0.027671830489109765,0.015169733787120908,0.010912690359015128,0.009905346088166699,0.008540273871127154,0.030166609238155652,0.02636598287434451,0.014434195411647314,0.009629324480366628,0.00816849213630228,0.00732392280104802,0.01457211838216851,0.01585005138041724,0.016128090918067,0.020112498792253842,0.017787566140550517,0.015326023773044407,0.021093693557110722,0.045110790968440985,0,0.01290733915541671,0.014147515047634335,0.01960293394148518,0.010491529563001614,0.010423955435970108,0.006905603890025922,0.008061626541907485,0.006261917637208003,0.01261707960298375,0.006118829176310342,0.00977140598681108,0.007820339938378058,0.012982986826722968,0.009713612241650255,0.014085572451538391,0.009817329866317746,0.005485775975799031,0.006003862552429375,0.006380578492047104,0.007188409247011271,0.007492590640652748,0.006105799810996821,0.00907053784412394,0.00722052471379871,0.010875017803676454,0.007653752271791367,0.007901220302085945,0.00804372597708115,0.006530501375290737,0.009737421937401975,0.015875805049906527,0.008316303974972327,0.006504736449735975,0.011513578467127633,0.008691877331848166,0.006124189807471288,0.0073609701083745,0.005989094977346322,0.006765034519600803,0.005469647573290762
350581,石狮市,0.007774810413795224,0.007882974102331124,0.008091064665501791,0.007405194429470158,0.0072919699426179955,0.007719868803764163,0.00630838371178896,0.006005798142787138,0.0076099735334448455,0.010134832271398735,0.009190559694385094,0.010222676276999,0.008182631636903524,0.02122937593586568,0.017023530608498184,0.021327568776594932,0.01953341891101896,0.021843494091567994,0.03348604643368115,0.015153696430885304,0.012027927989941583,0.014806286862466088,0.01540617569534985,0.016156233779735588,0.006367645709257304,0.005432258646253838,0.005458727455517199,0.004939867969239813,0.008528306823332782,0.007800985288193314,0.006091789116301515,0.004955333275182453,0.004508708148928955,0.004257830026958712,0.006728278758161117,0.06164700133847166,0.05721335814256941,0.0293308787810451,0.02457734052707934,0.04025873085236562,0.014600413892049417,0.014110725878121292,0.011532440498770835,0,0.09363643506837796,0.03033657074611845,0.011990740706773105,0.012722706911898973,0.00803060494205706,0.010556781122478312,0.006946135168441779,0.014296765125759723,0.007453004519052281,0.009235825412953064,0.008366908448098087,0.011205761811380584,0.013546740298110397,0.006123447273550941,0.004988365960397134,0.003529030958879399,0.003661283069196324,0.003984779320275378,0.004411736067296439,0.004236091479414543,0.0037394190361607865,0.0049226954057891605,0.004184702257314837,0.007378424799999093,0.005057208031963627,0.006642380505337946,0.005895137743613114,0.004950058017839613,0.00602396274409282,0.008923940699080564,0.00532985053701548,0.004711558284419294,0.006112448205290731,0.005087015333520377,0.004109319665052135,0.004689840970865593,0.0042268532919858565,0.004561978956629251,0.004038376834926986
350582,晋江市,0.0069052055470352975,0.006993020698743281,0.007180272273318589,0.006513388362480587,0.00649200912511572,0.006911993772210877,0.005563912832363055,0.005342674921862731,0.0069391971479117786,0.009313414375458885,0.00779896545176959,0.008912865697205811,0.0071388901422041835,0.021316704658797158,0.017271115352342173,0.021492955702988474,0.0207404825367604,0.02463988015842192,0.04128388948458024,0.013495942829093369,0.010661366684314253,0.012895963973826353,0.012743229667150639,0.015146126721343764,0.005997115128081426,0.005081391446401347,0.005133476763841659,0.004619286974553753,0.008207165313327628,0.007326030389614055,0.005684108201116008,0.004595225992540753,0.004169627033240506,0.003937938684660597,0.006405357659277498,0.09062226741572954,0.06710169274062407,0.029163555696790786,0.021621599772093884,0.03252170467257708,0.015343627401430554,0.014396834575186309,0.01121972933045901,0.08311178035119667,0,0.03802696618720907,0.011839737192399866,0.01257411921269731,0.007460606278081911,0.009920607781537128,0.006415707605444526,0.014665943295977433,0.0068002751434431295,0.008960453934742518,0.007916649735296702,0.011226600206098633,0.0131805181872282,0.005653500951970129,0.0045962808149409605,0.0031868631864837363,0.0033458611437998677,0.003595905607074246,0.003975171438153521,0.0038909158682576485,0.0033976942999497167,0.00448320269860156,0.0038127288955281695,0.007103928832335361,0.004745045430419641,0.006297211836964182,0.005574205183083504,0.004629427007461487,0.00571436471722958,0.00875382427058698,0.004756372496204154,0.004163970886083049,0.005532190824177933,0.004586452810886264,0.0036722231549043776,0.004200551938906233,0.0037539595245537397,0.004064399881019262,0.003572577880225834
350583,南安市,0.007957730192640927,0.008043271926011512,0.008277491654782657,0.007322183185846755,0.007496223208334267,0.008110603967949553,0.006242316587660678,0.00609472872476112,0.00847549764584633,0.011825569432392798,0.008167481337685875,0.009983355979964874,0.007918074781537799,0.018975660627868075,0.017783656243125785,0.019194236940415086,0.022310608046862114,0.030642845120408133,0.03368944783023946,0.016112034309374437,0.012505721249849867,0.014600115996908242,0.012927901106235797,0.02076599557406451,0.007594989731204689,0.006256988648767684,0.006293699167500831,0.005580612254486014,0.011163860150567903,0.009516893301013957,0.0070990587797524615,0.0055718928368586095,0.004995395567055649,0.004686118182735555,0.008185015885917107,0.0534515137189834,0.04908688218206929,0.041317730214951054,0.024223261612462577,0.0279519280990064,0.024792765684292215,0.024705703802737483,0.016586403260289553,0.028728511810947002,0.04057145722519736,0,0.013340575458464805,0.01384129022086898,0.007765895208875652,0.010056123061283832,0.006729515607221172,0.017741121602228904,0.006876664858255668,0.010430811441517467,0.008603489861744494,0.014263444321312059,0.013498977617107697,0.006958332506126919,0.005541588920738808,0.0036524933661655013,0.0039042183705848784,0.0041394877412882355,0.004585774619635983,0.004611870784793175,0.0039422267467050095,0.005304939057447702,0.004470059697558752,0.008787313525784756,0.005650437152316301,0.007281800849990192,0.006597710880571797,0.0053621045357857364,0.006991077201387841,0.011632979713009401,0.0054306246478291,0.004629255341168277,0.006554938196004493,0.005335958183047656,0.004155230806045043,0.004803122583616963,0.004198700529574901,0.004591027129634003,0.0039553838667447504
350602,芗城区,0.005090508886209331,0.005117563021536803,0.005209369704227962,0.004789737777157137,0.004920214552649947,0.0052029908504509165,0.0043199668826089275,0.004296272819502164,0.0055423626980702625,0.006623873138037188,0.005122132776585565,0.0057575611510289615,0.005012997132136303,0.023152522797580403,0.03652988869895273,0.023272015050285956,0.029587179323458637,0.023431643733334815,0.01777816706077319,0.007365706746761135,0.0065325868947233474,0.00702097614046843,0.006689626595267549,0.008339959550774503,0.006542823287156042,0.00581501284304294,0.006559087621566759,0.005848626178586402,0.008482509925707371,0.00664235550086892,0.0057850154092258035,0.004992092216181343,0.004633091175776591,0.004544006339451541,0.007875477209246211,0.011968491181510615,0.011409608000174548,0.010171174517513376,0.00870553250813437,0.009505113217839258,0.01775790010164479,0.011624094182580317,0.00894070300934827,0.011436532566999004,0.012722507252001202,0.013436194443091602,0,0.1447275588441341,0.017215678280274812,0.026560601618470903,0.013169823390416087,0.05129745746551924,0.012272894355112295,0.03502975035217919,0.02435239514934451,0.0328183478964054,0.04528714942886748,0.005282736938837954,0.004661306215937097,0.0031190495447380707,0.003561742792585462,0.003405187432208846,0.0036406267870212478,0.0041209970763608945,0.003417961472546303,0.004207578873565695,0.0037840722154794024,0.012968091415517923,0.006910964161863532,0.013590010465058991,0.009712033560737486,0.0074971593540066475,0.008559076209792982,0.013601135702534128,0.003991636952816863,0.0034988743629072866,0.004681871885980795,0.004051003152915521,0.0032981930503576487,0.003691326649552428,0.0032768659958100966,0.003526282786621861,0.0031087854932914864
350603,龙文区,0.004962935573364257,0.004991603972805885,0.005082382732505599,0.004678246149971373,0.004790122113510427,0.005061718824511214,0.004210298869736525,0.004174705972840776,0.005361850505896141,0.006438014506741899,0.005049114297721756,0.005653403180642433,0.004910042946394973,0.0262759155232095,0.0453081225260974,0.02640178936209951,0.033144649987285744,0.024529158714671016,0.01879298426886155,0.0072587368480538,0.00641330769575877,0.006931333674677417,0.00664191633458808,0.008192211773086315,0.006174372260167999,0.005478641316554854,0.0061193689696348655,0.005472321693723808,0.00801047742108194,0.006351686562743226,0.005496979376136681,0.004731755826055659,0.004389531858321505,0.004295672070177687,0.007343462635410432,0.012163021964197582,0.011556723479488645,0.010148298727148432,0.008669922433007921,0.009562279131539266,0.016824989840694023,0.011175905945299578,0.00859692327523563,0.01174371563641739,0.013076329722323593,0.013491366369492915,0.14006476002293286,0,0.016727144373660054,0.02830617673757157,0.012629705514476681,0.049357236625996996,0.0121728903042224,0.027425786817324337,0.021997041988790787,0.027190851702328208,0.06246705738139465,0.0050574201920885,0.0044442360852302845,0.002997529966346866,0.0033966291294900276,0.003277258688966268,0.0035098694303931184,0.003923765525706466,0.003274307605103905,0.004040308246648826,0.003623872084992917,0.011565845308531901,0.006391303163807894,0.012073888899861784,0.008808069371968461,0.006901490461752442,0.007851470792642774,0.012318129825209998,0.00387025091902197,0.00340100859797595,0.0045234736702382036,0.0039103782498867605,0.0031896476433700013,0.003570054259600887,0.0031775485299090013,0.0034168699924577764,0.003018409020212222
350622,云霄县,0.006185905641693212,0.006215755818727281,0.006303147783914806,0.0059227133459561175,0.006012837060566368,0.006270785882241657,0.005439924803842441,0.005390371180385795,0.0065482077978267356,0.007496614086178981,0.006393536710118652,0.006880731699014085,0.006171325963792695,0.01919543990682762,0.02157349951105741,0.01912711396926259,0.018708484706428073,0.016321878388442124,0.015143355446942019,0.008244846575611942,0.0075301764490384405,0.008013908484018476,0.007890276789974459,0.008907045799847047,0.007576832372622695,0.007047722053438618,0.00798919333190114,0.007374363266913251,0.008966695798806368,0.007495992393051351,0.00684430183181533,0.006199387200155188,0.005888874320405576,0.005878974966732901,0.008838507196513131,0.011791099002112117,0.011419512946918895,0.010361251643623698,0.009405758512046227,0.01017990985055067,0.013640252684301872,0.010830375940066963,0.00918233419040164,0.011951301220595529,0.012509021457504408,0.012204270189146152,0.026862269974018745,0.026968868899201155,0,0.04981892466582464,0.07654243418620754,0.020235155217109283,0.054661487357000334,0.02572439295530986,0.05596032334957926,0.018544490326095592,0.02854380447154896,0.006328556499382783,0.005792989539688793,0.004134280834251901,0.004702295125389641,0.004441375431155615,0.004689789637401817,0.0052945703917176516,0.004486469001280777,0.005287388135262312,0.004875214738214733,0.013680804796003577,0.009044268614542958,0.018930675379413623,0.012679882625722566,0.010920637903697131,0.01022462353996539,0.012595080834825327,0.005067742590457133,0.004563451948679288,0.005744950317816992,0.005116963278868384,0.004320420797733124,0.0047449770297073625,0.004305964443646274,0.004574561312316003,0.004126097679630761
350623,漳浦县,0.006201954815177975,0.00623904850048595,0.006338729850359494,0.005923902384412931,0.005998011670536201,0.006277627934556204,0.005379020869940611,0.005302628726597224,0.00652972144457846,0.007660998486923931,0.006507259637175934,0.007045330924001124,0.006220528889851987,0.027615957325720173,0.032281051776201136,0.02743638401754417,0.025484302946805266,0.02064152879839704,0.01911208360395491,0.008688068205840975,0.007800755925718527,0.008424358369283439,0.008313149708524117,0.009463034785277595,0.007277151599045457,0.006620127866839617,0.007362166361375448,0.006722508064997451,0.008943118073626508,0.007442903011287095,0.006594562025704289,0.005825495144967867,0.005473114820181947,0.005397985723325634,0.008435660628837322,0.0136229581353298,0.013070012629298368,0.011481273158033769,0.01022722489220437,0.01132407285659644,0.015188185379039407,0.011594008759277094,0.009522841914950309,0.013956962638197165,0.014776785319325565,0.014039231492202599,0.036817046603602535,0.04054288118194113,0.04425749378188401,0,0.0268158239666438,0.02594653932621246,0.029885493569795255,0.025361529817955336,0.03767267616749617,0.020409713585873235,0.05460434276438564,0.006151245843720682,0.005502889126474237,0.0038838308535603483,0.004353558647254894,0.00421392720070253,0.0044890038198189845,0.004945081134760782,0.004203620034711573,0.005070469636867077,0.004601406731663764,0.01263063098954392,0.007937917791718083,0.015168935622431866,0.0108022097852842,0.009002173604078852,0.009254050173279071,0.012514042744664989,0.0049391996462021855,0.00442557209738823,0.0056320121465061185,0.004950029874692257,0.004135124104860418,0.004576865730351269,0.004140852772296843,0.004414522570287343,0.003963496458580795
350624,诏安县,0.006592157707187789,0.006620311393477476,0.006706393294977681,0.006323534566604534,0.006424397287909853,0.006684560973612113,0.005844293823580403,0.005804290069063515,0.0069847963615023425,0.007893144975708224,0.006771516402666809,0.007256737267887048,0.006563750961592012,0.01761094406316488,0.01939070265800389,0.017561899763510833,0.017341591152701435,0.015542785082311977,0.01452528454616518,0.00856272923040552,0.007888670374514966,0.008337844569872917,0.008209074162449042,0.009199786644942603,0.008190237190359011,0.007717050850327369,0.008808155133717658,0.008198241005017978,0.009481045943041897,0.007984337529838141,0.007405566341692455,0.006805338448205127,0.006508277799127243,0.006541122922176288,0.009538112502488313,0.011736370630016302,0.011414348841701477,0.010498483952994296,0.0096252045917786,0.010314515467144209,0.013585974554542213,0.011066758466770632,0.009553164739722196,0.011860381136224145,0.012341906824917112,0.012133681113235664,0.02357691658188652,0.02336267865392116,0.08781945829497376,0.03463276472497147,0,0.018777493546404074,0.05822780476358376,0.02461993816967916,0.046094623752932475,0.018029293375866777,0.023943003771949807,0.006830922416159103,0.006332024044380692,0.004564557850691227,0.0052247688213876405,0.004875418958230763,0.005122786524513698,0.005845983339762325,0.004955910134469707,0.005760985789473925,0.005359742338109435,0.014666134420164987,0.010221436125488963,0.021408148619494593,0.014345775679295975,0.012789980049000756,0.011280803994208588,0.013124617026987537,0.005484149420525847,0.004956763928098926,0.006188386834304565,0.005555217138639934,0.004724130151220763,0.005163665544898405,0.004698183613970023,0.004979556069359021,0.004506502212142178
350625,长泰县,0.005774660702404922,0.005808118156910738,0.005923853591004689,0.005394216199551516,0.005562157525660015,0.005918238776949447,0.004819499858903025,0.004792576198257751,0.006341130592516724,0.007772749126641904,0.005761741971713558,0.006604668522775107,0.005664316259782385,0.027377950094416695,0.04490856972971459,0.02774646533781072,0.04713314217590201,0.03958126377991798,0.024170640164289766,0.008748389694577202,0.007630611461668523,0.008255595737818614,0.00773877624968562,0.01016065040603753,0.007347362552107509,0.006371292286516982,0.007050649584226266,0.00622156221413283,0.010015910045905919,0.007693139084976253,0.006491067320339879,0.005456729505434178,0.0050089358725974985,0.004859779827714913,0.008805217723853436,0.0152653921741562,0.014428766458111707,0.012777896991281634,0.010556603768889223,0.0115617075862381,0.026941089992184943,0.01524314669891613,0.010989657523494312,0.013937298355163427,0.016107684016947215,0.018263131426706703,0.05243101863975691,0.052127350015717375,0.013255021116315466,0.019132021360842053,0.010720696978948483,0,0.01031515968608783,0.025261050402699874,0.016953381957447337,0.04201853355760581,0.03320086016913933,0.005944982060580953,0.005132159673235785,0.003367923908614012,0.003820644248134025,0.0037069095646951873,0.003990505063313816,0.0044634414257388585,0.003693956181807011,0.004645533929869646,0.004120931327973201,0.013400693150326297,0.007072029931145655,0.012092665616079891,0.009486953406924296,0.00727825626575857,0.008960333403225629,0.01593683555561328,0.004422803050102726,0.0038378142609800624,0.005254731449762317,0.004483588543915436,0.0035983762799564147,0.00406029656939865,0.0035773091801385576,0.0038687576912746348,0.003382471052069065
350626,东山县,0.0070561018678315605,0.007093292801820855,0.0071872284421399335,0.0068068632211386055,0.006857245301833683,0.007116594968536199,0.006267975960775888,0.006177691246508194,0.007338880242917658,0.008355949431803086,0.007454484881135388,0.007876221348147156,0.007108267576574474,0.020269844192267933,0.021342396711666656,0.020170390405813053,0.018899935840771417,0.01675203134678217,0.016234753992648922,0.009288400641585487,0.008525508433478057,0.00909506485580225,0.00909440569895281,0.009876740212273685,0.008159247886425032,0.007620792834588264,0.008485286697581482,0.007905944551546907,0.009528688611658568,0.008188275056000465,0.007477762381761258,0.00680372985614591,0.006483607385529155,0.006462938159623452,0.009300793790214819,0.013036415839074608,0.012666315237737997,0.011465223623799469,0.010572893446682916,0.011483737066429517,0.013853988563872845,0.011451616068969073,0.00989831992425114,0.0134939793590487,0.013871308390577472,0.013147399905979993,0.023297391265554714,0.02387681317686956,0.06650023361693948,0.04092697922621772,0.06174242159428708,0.019157718956032514,0,0.021433066141897605,0.033645259313429925,0.017271465895994122,0.026484541367823494,0.007012025096487751,0.006425571511556665,0.004721058472810086,0.005283263863017969,0.005064708526872498,0.00534696073885735,0.005897408366802893,0.0050798437022395865,0.005950893807052916,0.005493021869147095,0.013318144657432364,0.009459006263723584,0.017266317979241396,0.012578877794649683,0.011238056999233772,0.01047901038809543,0.012570134014534896,0.005808607169285802,0.00529281509276823,0.00648982867962172,0.005816099165359886,0.004974768123413295,0.005435637749304149,0.004985450416127439,0.005270231881357566,0.004801832855255682
350627,南靖县,0.006235060728809227,0.006257171559923831,0.006358297195992428,0.005851131057257809,0.006065292018643963,0.006410122148170952,0.0053395185686531555,0.00536498934379007,0.006935964478871344,0.00805647549264909,0.006072199446620887,0.006852278862381526,0.006057586839361096,0.0183731902654795,0.023647788226333063,0.018438979580732665,0.02182118901251002,0.01985017123082836,0.015995387103809242,0.008524431805936046,0.007712487187787313,0.00811897032623529,0.007654803705504326,0.00962744361639074,0.00901330247108869,0.00818543524659738,0.00969988082535933,0.00861195621896524,0.011275496854694032,0.008581809717824383,0.00778311696408561,0.00688296902376982,0.006439568408725276,0.006408275360825712,0.011350450840400239,0.012258070326503877,0.011837300018886545,0.01104700865598596,0.00966289414188143,0.01022576261226151,0.019817828437359828,0.013706254876115098,0.01095614011758763,0.011590221447662894,0.012668591017106452,0.013822527764141857,0.04608978709933262,0.037286284670017454,0.021691731665072215,0.024073102625527157,0.01809454062046705,0.03251820838964325,0.014855650256533098,0,0.03867805589175153,0.04417279494229448,0.026813483386968654,0.006912572421691027,0.006264973198339417,0.0041147668797446475,0.004851472894699061,0.004450777992452908,0.004713257050452994,0.005617190865694788,0.004560282172146366,0.005504590691976954,0.0050347919023260735,0.023726149838876682,0.010948276128746614,0.029115817017583295,0.017391010459939533,0.012526011959652998,0.013799224103431675,0.02063679758182455,0.005038520245220853,0.004398975728129727,0.005944121963950796,0.005196250812146251,0.004232453429051591,0.004717389881965655,0.004163994064203248,0.004482209590267476,0.003938690427376851
350628,平和县,0.006202192664077876,0.006228053914195972,0.006319819558684815,0.0058900157811002645,0.006033969592806723,0.0063251351282914425,0.0054020124339207365,0.005387967573997226,0.006704870478711414,0.007700168445705058,0.0062424246145754885,0.006850801802828282,0.0061158063164177805,0.019114811216696684,0.02306843369554849,0.01910087493186289,0.02014122334581498,0.017651363581081166,0.01548246798438887,0.008319859829127663,0.007577848080784807,0.008021437021522786,0.0077564226261698215,0.009144279528641793,0.008173179887201065,0.007570510743208731,0.008782529389377161,0.008007906946536306,0.009805892891532542,0.00791984712012046,0.0072492953964598565,0.006538222306590585,0.006188251826716593,0.006189276786595306,0.009828267222570212,0.011912327382923209,0.011520832775009215,0.01056807187147834,0.009455549595581291,0.010138068608131845,0.015539933471044811,0.011786295313645742,0.009804112345667842,0.011739866645787673,0.01251474090089471,0.012747533303500801,0.035825434774863676,0.03343770228083052,0.052760807206189,0.039982064977235623,0.03787852037229365,0.02440134014944061,0.026074342732629662,0.04324608169414019,0,0.024205865987103236,0.030215217716489516,0.006585484263150051,0.0060295385951133675,0.004163116949378853,0.004824868954248424,0.004477289084033493,0.00472625255926664,0.0054868384740435075,0.004561728291274755,0.00540702113004957,0.004983508832582945,0.017065908486683504,0.010119749949897358,0.0258196973164324,0.015236989488566798,0.012353332940933947,0.011792458559474429,0.015046170688767688,0.005069508657670928,0.004507767099831624,0.005839311339671956,0.005170677677856653,0.00430627548043052,0.004753808193596053,0.004264536721288109,0.0045540886640217165,0.004063920832991692
350629,华安县,0.006516121578066338,0.006541101903682674,0.006663466303240577,0.006045218459593806,0.00631521568691143,0.006736934417261956,0.005452383650890148,0.005488542165959172,0.007391754758914127,0.00885331131720113,0.0062275477448533656,0.007227737709253124,0.0062744007523978145,0.019181637833784144,0.02526193617175158,0.019338613849055945,0.026009121962727196,0.02578078582544368,0.01852770354427621,0.009363908208095989,0.008329405150137845,0.008793827655617677,0.008091444559117986,0.010951710822620184,0.009616510216350125,0.008356940398452896,0.00963887044500251,0.008352435328625275,0.013156907808026457,0.00946258682237922,0.00821208201390408,0.006952591133921933,0.006379166111481619,0.0062334540071037935,0.012254481143751115,0.014038193411857995,0.01349902591887415,0.012736731680382892,0.010752642587783702,0.011305219888268882,0.03207454227726992,0.017857878204996822,0.013084750099035794,0.012640018289000843,0.01426713786514301,0.016989636368533623,0.03881277285326376,0.03322791743517616,0.014055758490857585,0.01741341005363747,0.01191048937257581,0.0486190414555172,0.010760361399301633,0.03970499773036468,0.019459370775348404,0,0.023373817987460303,0.007264063372266129,0.006374331366012629,0.004031794059987056,0.004720112673493219,0.0044145640968565525,0.004720739444328437,0.005562194521583525,0.004482100895682768,0.005592600244046979,0.005012022316875545,0.022754685388091354,0.009838700274192598,0.01770924062738195,0.013959818011821576,0.009997598301029226,0.01315367784944965,0.027459899576020512,0.005111400161632424,0.004390555573084323,0.00616369916068432,0.005278657552891564,0.0042015571310761194,0.004741151030671045,0.0041319595340065084,0.004482459895364567,0.0038868453369653856
350681,龙海市,0.0055103440880291,0.005546632622987721,0.005646706162601141,0.005226851099102248,0.005308787424059453,0.005589875085509655,0.004697177077871084,0.004628240657915542,0.005842144204935415,0.007023631715557676,0.005754924456289477,0.006347317084095814,0.005512284125593616,0.03851708023169506,0.061578445284186926,0.038374270419646896,0.037563197550039326,0.02615266101130359,0.02251580848861333,0.008111343236098224,0.007152883737858223,0.007801730431693858,0.0076100442764902255,0.009013466608888548,0.00643166889475122,0.005727921297992224,0.006304771003628325,0.00568697133773339,0.008235639295383977,0.006732913560355315,0.005807720558501851,0.005011692703617152,0.0046594996345699245,0.004552932431880185,0.007478022614467023,0.014045350977839861,0.013309631846917093,0.011384258673125829,0.009821791574639274,0.011041228793733942,0.016182224447185353,0.011516832409081752,0.00904403535079654,0.014116654730059108,0.015474326560019982,0.014854266864533974,0.04947930758143482,0.07052157966516538,0.019986737775086808,0.04303925776822556,0.014612354721567196,0.03548995989235108,0.015243362840256965,0.02226558991972678,0.022440088670686493,0.021593365208405164,0,0.005420863279253769,0.004754497157339451,0.003279474062722418,0.00366310079066602,0.0035877164732394697,0.0038482433151911235,0.00420594628542913,0.003557209806307496,0.004383139009629942,0.003925456629906353,0.011020130885104468,0.006551106866939945,0.011771154198448062,0.008776965668426956,0.007094911639450111,0.007874143457359008,0.011716813455198906,0.004280255004342254,0.003793684633952334,0.004945474389124813,0.004285757049382217,0.0035253792842902094,0.003936288852416788,0.0035315206491026425,0.003785569619006454,0.003367390852988149
350702,延平区,0.013787238494276453,0.013522818917752451,0.013584189744813993,0.011694532481297305,0.014410425351038387,0.0159272491981792,0.011384311416353323,0.013421749586937896,0.02454998254633407,0.017425184637072832,0.008607727645290674,0.011184150108192058,0.01081162778095903,0.007098029778435281,0.00724274745068966,0.007123592788038191,0.007673339099654097,0.008247042714851882,0.007926331124342111,0.01144226396668568,0.012171719532298921,0.01076439428379738,0.00906663727482459,0.012320924634718507,0.021830672403161753,0.016672454097933578,0.011519259803664857,0.010584647030615731,0.018335188584845626,0.034357615373144954,0.03755639105229843,0.019371122338417174,0.01475265228489643,0.011558714183979982,0.014270487338991599,0.008730182555960694,0.008848117870311903,0.009947395148106719,0.009877013715014983,0.008905765607741851,0.010087570356765451,0.012549449574805707,0.016242131781926954,0.007902782144315855,0.008220226462072792,0.00948293038105452,0.007148166385321624,0.007071101339914691,0.0054880967402033895,0.006004650206674955,0.005163069425190107,0.007870344833352609,0.004998259868269055,0.007108986712895799,0.006057223473505224,0.00831107757843541,0.006713600486269088,0,0.029951591389808258,0.010281512304360653,0.011106630255017217,0.01285183949769388,0.014778707946429439,0.015687654184380073,0.012381028042765434,0.027788068094582202,0.017023154797655586,0.008578919330563168,0.007894265389854736,0.006569227891704266,0.007206724789283732,0.006285937554353125,0.009140434385055431,0.010434040338417787,0.013484235001448526,0.00922656482686705,0.024267981818775246,0.018566159227699133,0.010377671057186252,0.01323613758636091,0.009155511303840786,0.010925883918732084,0.007874561370270958
350721,顺昌县,0.010504531962492885,0.010353119479075867,0.01036418668631224,0.009388349271494416,0.010905636354912918,0.011570958877198983,0.009391607305317249,0.010781499240461925,0.014921068414016388,0.01219134518471282,0.007369671098951157,0.00896754722978512,0.008799177340679892,0.006676382867517126,0.00686857985214079,0.006697267242743259,0.007184442983025698,0.007600456783150336,0.007254692535250544,0.00918787549256699,0.009546343723144462,0.00876075272844585,0.007687472327682821,0.00980753953452094,0.022991329122584423,0.02290207000311166,0.013997970456139515,0.01357237522197774,0.015338183258268925,0.019621240444991507,0.035723087739348514,0.03927038304916875,0.027581337827607876,0.01837492718201732,0.015072093457915364,0.007702141193621814,0.007763826489889483,0.008461546406978283,0.008319183634223135,0.00771761860137884,0.009143041387836425,0.010569052633078689,0.012464395606773275,0.007088455987461173,0.007358379461006971,0.008315358996073715,0.006944686011299422,0.0068417067808320565,0.005531324706048664,0.005914590809342352,0.005269634336347525,0.007480879947864715,0.005043086815392951,0.007094087460492775,0.006106315965549308,0.008030113078565193,0.006483372052508131,0.032978372195382265,0,0.013163663130126235,0.019208330587372886,0.014883095373621725,0.014879192713276401,0.03626988532600445,0.018977451351651176,0.02799807431990632,0.028484653918257465,0.008879701634332613,0.009152203473698188,0.006878744149537887,0.00781595580481368,0.007006765085129733,0.010111106693770577,0.010177673100335545,0.011315612361176392,0.008428249393763184,0.016073556862832416,0.01558814077538889,0.010301192466474195,0.012082688361114037,0.008759064738558567,0.010104759141931183,0.007613566400246875
350722,浦城县,0.011570177073986505,0.011409665152142652,0.011289873516059088,0.011043704897392271,0.012183737474023886,0.012165960258004661,0.011979358568737702,0.013735998841129821,0.013231163031704693,0.010943213187477352,0.008635167134580946,0.009675590937944437,0.010174635742220092,0.006627721069128206,0.00669365174879396,0.0066416770860580725,0.006924697262164037,0.007216282854695885,0.007085752093387207,0.00908784050799199,0.009637395794198554,0.008925038185404738,0.008231704546962098,0.00916207628753836,0.012014948552755964,0.012077446543270764,0.00980333675495463,0.009829913151552303,0.010471669207881602,0.01246624811543213,0.014065893631252963,0.014698954204808039,0.01435777847842292,0.012486579145084538,0.010056075352572469,0.007556541669979899,0.0076291473450743755,0.00815211493531696,0.008252977060249455,0.007755651853180933,0.0080176706987764,0.008911180481413698,0.009960234851608166,0.007171375745596709,0.0072961325370893716,0.0078377210525137,0.006645396889198972,0.006599097411438093,0.0056452093624575215,0.005969636932929877,0.0054323821086708695,0.007020506827928426,0.0052988024963707605,0.0066630983877902315,0.006029308058682666,0.007263384501645707,0.006395201349733848,0.0161889984727482,0.01882480253945697,0,0.020833225351253513,0.053924114713105036,0.030203751430518178,0.019276205235635998,0.04697792251130279,0.025157187854454227,0.034783008655236404,0.007595078748627689,0.007805885159526763,0.006467554582690091,0.007016298569197178,0.0065680018670524415,0.008189137195191105,0.00828979284434598,0.015987634709391508,0.013484984608230818,0.016336877790265342,0.021220589326656533,0.022389426782696543,0.020637647453589657,0.016241820668761654,0.017632135360259742,0.013864218622443322
350723,光泽县,0.009827963339425325,0.00972362001110064,0.009706345522441866,0.009170773044136184,0.010140095117281695,0.01044251649049832,0.009366885423033095,0.010412177874827804,0.012041767139787258,0.010545276960981363,0.007605146096327291,0.008703293164645371,0.008694260231029939,0.007125258214543153,0.007323781211903378,0.007142056637522051,0.007550475407833436,0.007845262452758558,0.007535140861603834,0.008775169374179813,0.00902665066292592,0.008499955870437247,0.0077588756897746716,0.009168268842778505,0.01637449608376516,0.01900430045919071,0.014597854478683654,0.015475047312805962,0.012520561933603905,0.013750755481294891,0.01837482556311405,0.026139095901342658,0.030765522781383173,0.026303697684622252,0.013542634696491819,0.007804386222581712,0.007841470961160462,0.008315440730392627,0.008198270482564671,0.007783453964505482,0.009001947569511174,0.009782959766241956,0.010759743806850047,0.007343785714165787,0.007560959076197687,0.008269402793371017,0.007490328823363323,0.0073808913856461215,0.006337670275266196,0.006604982774039026,0.006137596770393855,0.007861084690971382,0.005853024378866714,0.007754329993236306,0.006897219764637487,0.00839329985996726,0.00705080282071791,0.017261756089036354,0.027113336880423677,0.020563459992941017,0,0.01790240678487969,0.015412455406016367,0.05380530880215151,0.03620232104627492,0.01983343645417965,0.03217830531529781,0.009491268708112633,0.01087123304300572,0.00785437599590928,0.008982724792359809,0.00851592656010481,0.01101648318645729,0.01009372063137103,0.011139595015751744,0.009203202353565093,0.01316058988752669,0.014121678316233979,0.011785107425722108,0.012408621378180343,0.009934036628428825,0.01087970870381323,0.008866079959533296
350724,松溪县,0.012202024644113685,0.011988943743900693,0.011819369994381011,0.011553630612566403,0.013046427360594097,0.012953265446387788,0.012831439245298396,0.015354528235573693,0.014131889029384023,0.011107114837800754,0.008552550079880494,0.009753583446634033,0.010426125569577309,0.00610600713058216,0.006144719875808633,0.006119890223129485,0.006387159608677557,0.006693301648863161,0.006596208876340184,0.008944972636754053,0.009637144346884731,0.008785525714468645,0.0080197544662821,0.008954842633880123,0.011135706339124009,0.010752219581245476,0.008599240123680518,0.008473677746533757,0.009914036983492998,0.012399534044120513,0.013452933989118416,0.01298539496796064,0.01214591642596408,0.010349400680403848,0.009132411503033335,0.007140550790423631,0.00722609833291289,0.0078021820840473155,0.00796040093631332,0.0074017892540278575,0.007465316780641137,0.008465092017477879,0.009652372826300453,0.00674673740320409,0.006859304778926037,0.007400984419112149,0.006044803594475721,0.006011380961207943,0.005052892828884282,0.00539656188677851,0.004834438708188973,0.006438144327365283,0.004736257782125074,0.006004950680244936,0.005402646116951364,0.006626299224160887,0.005829222855917934,0.016860513523536652,0.01773329572985749,0.04492887520059092,0.015111732745277075,0,0.057209077677348896,0.0158366188047775,0.028792678104152317,0.03133751504687375,0.030976089156728667,0.006798674824375988,0.006754589485513711,0.005728945456507209,0.006164685267267252,0.005691306209455283,0.007226660533839815,0.007566529102759123,0.0189180407034623,0.014646071898033025,0.019024030838392714,0.02884391821814658,0.028455430307354573,0.027560847224343325,0.01818073981091581,0.021160636559101338,0.014543177189260102
350725,政和县,0.013473734623045847,0.013180458149887114,0.012929284407961051,0.012664751627886425,0.014690007655283551,0.01443033840408066,0.014504948304534448,0.01839915282633781,0.015566231712394856,0.011593198290324711,0.008799163848759717,0.01020863849435202,0.011144569277834419,0.005803539281583441,0.0058158357315510915,0.005817430299010033,0.006070127501369767,0.006391163145652911,0.006328633188162097,0.009087181042031078,0.009967894937992853,0.008938278871532385,0.008086338565775002,0.009004273548805938,0.010292596611417768,0.009576298851913485,0.007669997984497859,0.007449697424280402,0.009486017012009174,0.012364756639964364,0.01259930493278207,0.011274414400843123,0.010254935687367248,0.008720892329986638,0.008392235921857418,0.0069540504818091965,0.007054349732483737,0.00769006629990098,0.007919036538297288,0.007288108909404664,0.007127905238999825,0.008225098463436172,0.00953575604805553,0.006550091396065033,0.006649300889243304,0.007189586290834806,0.005667162137648108,0.0056455049662510436,0.004678689981629447,0.0050411359928548526,0.004454394530704165,0.006077498896551476,0.004384662553218664,0.005576259085368604,0.005000997250678242,0.006213575108803194,0.005482812233496609,0.017001618884813725,0.015546186223938732,0.022067427824080343,0.011408353805743829,0.05016643634091098,0,0.012695414390912005,0.01814107006137967,0.0325424096038429,0.021777288232142356,0.0062455279947083815,0.006013414328340148,0.0052356685930849915,0.005579776583827706,0.005097333926921474,0.006533134950941553,0.007061589497661009,0.024733407344144802,0.01658582608138269,0.023522416087391678,0.04837501887103751,0.03461432508690129,0.04449064488349258,0.02063394068210579,0.027163864234336015,0.015385540927153784
350781,邵武市,0.009380590767400639,0.009271414249075752,0.009271583518573073,0.00860440125623519,0.009682059438492515,0.010099596069771469,0.00868326493179928,0.009746174630394183,0.012139733763266644,0.010481259200532174,0.007029000381216799,0.008246889540395185,0.008143689739002136,0.006670587231535272,0.006880179882058323,0.006688727082902626,0.007131235314272834,0.007459974170958254,0.007119582855051176,0.008434845157187863,0.008673410143604572,0.008109315384295632,0.007285438679567655,0.008925746369760677,0.01900343629385689,0.02272518069604576,0.015187964999904165,0.01578239888337636,0.013251960788542228,0.01490097548108703,0.022646258410303224,0.03956507882305063,0.04446900372722853,0.028274990502734593,0.0144146646036826,0.007410756734764962,0.007449641438308744,0.007973064608441615,0.007821443155598436,0.007371996906968485,0.008775742689279224,0.009715064862650353,0.010910498725277853,0.006903883065332543,0.007144341774114529,0.007937040283961323,0.00704177336971689,0.006927956303181645,0.005798182656764304,0.006095960153282932,0.005579949324512607,0.007462032253573266,0.005308607805784323,0.00729510015131221,0.006373120428040729,0.008036518600581983,0.006578014568978099,0.019810802877955256,0.041598813055607343,0.015459755762691431,0.04371862920698868,0.015244073281676632,0.013935968012172053,0,0.025675354182562903,0.0207535291393013,0.03116653465794968,0.009170686070313305,0.010309222251857493,0.007313331792121189,0.008447324612211522,0.007815989230494423,0.010782492218516175,0.009999291758522825,0.010311879296595296,0.008182620373738887,0.013064594955248693,0.013453448616885135,0.010215133416770935,0.011257783492496945,0.008666271932586308,0.009694705017565643,0.007660461959581275
350782,武夷山市,0.010541027085330789,0.010398309902833797,0.010330064405055255,0.009873219711155595,0.011032910790387216,0.01122216398212584,0.010402623952858476,0.011892609341625528,0.012777072080285551,0.01061574176842582,0.00781559554809215,0.008941347517544171,0.009176940385417361,0.0064836678460489135,0.006596606436590511,0.006498712452024966,0.006828659233020568,0.007126017110343737,0.006928108654542794,0.008663253810350562,0.009094937119740491,0.008437898955172525,0.007695185797890868,0.00888963503091449,0.013542707077054215,0.014133086099642289,0.010948627979631585,0.011104447735109766,0.011081184663971663,0.013109443989763797,0.016158003978248143,0.018513193776371104,0.018457026764018784,0.015379106707539142,0.010992915764303045,0.007328238800081054,0.007387889970106416,0.007904307222561554,0.007913912649918068,0.007439539405193881,0.00807464872477581,0.008975490074349139,0.010076108177046494,0.0069066888956026565,0.007070210538427949,0.007688838110123064,0.006618880851000102,0.0065517788894932484,0.005568054791028755,0.005872591797012328,0.005360851376602687,0.006998688825327391,0.005182119846194059,0.006711837857044861,0.006004778978319101,0.007339070722314735,0.006304900726966294,0.01771896864259469,0.02466665764832477,0.04269849395354158,0.03333615342963085,0.031409302306302636,0.02256788307447596,0.0290973947631165,0,0.02679336322418853,0.06490792204483653,0.007896027351453444,0.008366324583376208,0.006592133629753972,0.007300087122681648,0.006823202761235017,0.008745671557499985,0.008611599316043076,0.013336914951772643,0.01077871342930038,0.015207538234062243,0.018209089570630697,0.01562278173834482,0.01605197007170489,0.012198027411153615,0.013552007279432796,0.010550291221621542
350783,建瓯市,0.01338955423976162,0.013099463412262138,0.012980118405519917,0.011948492610544975,0.014386859832619829,0.014922765092100497,0.012636405478266355,0.015626287411514585,0.018804220968796817,0.01340072911858671,0.00852124170593434,0.010392101817370044,0.01074055764833311,0.006331150307281218,0.00640686465373186,0.006349189353073208,0.00671525081040377,0.007114311730697543,0.006942901051740074,0.009824154244519157,0.010626664602684579,0.009488414458637484,0.008342551123424111,0.010072850695088783,0.014341603634382017,0.013072464867329537,0.0096626848246466,0.009304355405052148,0.01225003729147903,0.017204478936230165,0.019520606563055792,0.01648435414461599,0.01408579410046567,0.011232295473471592,0.010767347349176191,0.007590139028427741,0.007690089924277002,0.008460459083407097,0.0085638951682467,0.007838562359449176,0.008234627132522073,0.009689313798353843,0.011591861776366707,0.007041069285968312,0.007224475354586776,0.008012525224810288,0.0063098576253505815,0.006260718100930146,0.005081710439037006,0.005485603849720078,0.004825885819250709,0.006816014023118592,0.004701205081990462,0.006274002187856385,0.005511826942983739,0.00709158177738217,0.006016222786780108,0.030797111166147716,0.028181913358489172,0.017707234407162487,0.014143175609759518,0.026473458235004903,0.031350720307072734,0.018213756071241156,0.020748997844377056,0,0.03338195923874633,0.007316829467199332,0.00709965341319451,0.005913859593710097,0.00643612214228836,0.0058028645632023,0.007830058948014685,0.008425004756531712,0.017911647336201826,0.011851620999179104,0.026883848664713564,0.033566293478266826,0.016363484344431613,0.02122859622392456,0.01279710600098154,0.0157807389719007,0.010493174724644744
350784,建阳市,0.010819018305130051,0.010651399213190907,0.010585854818878521,0.009962428146043275,0.011379411913595379,0.011687354110220411,0.010441883463232195,0.012169226111244208,0.013827266783944967,0.011096597774987478,0.0076865305863896265,0.009001736110491971,0.0091976037438901,0.006303712687516293,0.006418076728311661,0.006319904747513781,0.006673042285049359,0.007001880608977027,0.006792326521259845,0.008744028547032679,0.009226752022418518,0.00847393730306588,0.0076210929691297195,0.009024386566274951,0.014508739578088044,0.014733028637355393,0.010862632760272153,0.010842637293740735,0.011595468484599008,0.014372404508967467,0.01839365918706581,0.020184460080622937,0.018832722414264882,0.01479877935435815,0.011229540563039934,0.007240503079187155,0.0073072190168894866,0.00788865005386887,0.00789494014155782,0.007363000094020548,0.008048566901017651,0.00911032013332679,0.010444163188434922,0.006774620199451871,0.00695406267610228,0.0076416487211368725,0.006422904224068216,0.006355756422840036,0.005303312373006822,0.0056344511023142165,0.005081698404190616,0.006843447694387728,0.004911600790111731,0.00649510079870558,0.005749862707195393,0.007193281730338794,0.006098367401647107,0.021353860956783204,0.032451740655013966,0.02771025513825645,0.025971490162317905,0.029618116912703402,0.023745775174609397,0.030958564108496834,0.056892148605993724,0.03778301045465217,0,0.00771267718551394,0.008002377398368649,0.006312408770310209,0.007000542896337129,0.0064479190139396635,0.008532485847949505,0.008574231877650594,0.0136443727474105,0.01040167308412035,0.01685458430786885,0.020077605897782493,0.01478823496862414,0.016301177693971297,0.011553237064981271,0.01326075275332988,0.009833753539050609
350802,新罗区,0.007134210042196288,0.007136525997605434,0.007241620828641599,0.006597542460844661,0.007007409963675351,0.007453590217425187,0.006096502961436505,0.00626441744024989,0.008422316766562089,0.009414379288658419,0.006441715890441165,0.007480909858839811,0.006705276452671732,0.012776269945987198,0.01473884470343609,0.012831722540714045,0.014908513151058463,0.015092486657722932,0.012701382184541483,0.009091435401225879,0.008432521445448173,0.008579167573074427,0.007830157995200654,0.010393440658207194,0.014064140876292179,0.013046376845989966,0.017836361775509655,0.014864231317500826,0.016698805310900566,0.011484173889056992,0.011198514317908366,0.010130247752719193,0.00945366545558341,0.009566178931630939,0.021005172279203215,0.01114827321298514,0.01092629078517591,0.010890975704308171,0.00970142088958782,0.009784310358441684,0.01981945466390696,0.015739855885953308,0.013450608012471613,0.010213888071114553,0.011079198062737331,0.012845083096828675,0.018821539477140325,0.017345180128661875,0.012725420860930427,0.013224921032544239,0.01189015962129827,0.019028908908291675,0.010182689704311297,0.02617210708979194,0.016836767106406792,0.027924921360031527,0.014639195275675683,0.00920186793077782,0.008650325948416792,0.005173836619562739,0.006550357741114457,0.005558558448891043,0.0058231605104611395,0.007789349117502593,0.00591793680818598,0.007081328124267347,0.006594960578051764,0,0.021247262480241755,0.029662044548432544,0.0373820841118119,0.01971044894116869,0.03622131103091877,0.04268947545879067,0.005968081489927758,0.00508185925977486,0.0072803360811657366,0.0063831557259940745,0.0050756980166319484,0.0056831893512151455,0.004887224921448555,0.0053088610447701474,0.004565887223720761
350821,长汀县,0.007582128583849277,0.007564091225238831,0.007639259151881076,0.007056387926986716,0.007542325718217353,0.007941309652218993,0.0067018042874183465,0.006993522565422329,0.009016122734976977,0.009388549109663838,0.0066451541439987395,0.007600353583377231,0.007047999881267553,0.010121988911084043,0.011037089846015468,0.010149899796156759,0.011129190396480793,0.011275501525601242,0.010158688977003743,0.008666467463479701,0.008317619069505823,0.008271731735894431,0.007609046523927193,0.009566460889167572,0.01682021825529214,0.01883454982624825,0.03265131309208231,0.03186360877958928,0.015430317604367213,0.01202980524410758,0.013515487959643272,0.014377021845259387,0.014417645876877737,0.016102634351331753,0.023071892004788822,0.009494994138757129,0.009394530644783093,0.009537059962350214,0.008851465798811495,0.0087713941680488,0.013544168353461328,0.012565592411126942,0.01200629040407007,0.008878932627718668,0.009385828227192715,0.010475755353282969,0.012721555681125927,0.012156634399454544,0.01066980452959249,0.010541372003956138,0.010510090253128747,0.012736591415736584,0.009172480511905114,0.015317209936463199,0.012662561753253148,0.015313743079855837,0.011037421759833762,0.010739341106098888,0.011307908049617132,0.00674411689845808,0.009515728854905122,0.007004213397400233,0.007111041817280345,0.011105746279720101,0.007952778591341364,0.00871467983168145,0.008678578204936817,0.026947934660461602,0,0.020112734990625762,0.03649486174674003,0.034397609068526735,0.054219904131279965,0.02036821487179103,0.006840964924535815,0.005851421307830606,0.008242731572008801,0.007537252570523918,0.006119514579364144,0.006727651927806066,0.005769862846852391,0.006239139600071307,0.005373402217811236
350822,永定县,0.006941907354039457,0.006953218030047464,0.007045137716883065,0.006530067689699969,0.00680879179331915,0.007160044964589032,0.0060637287231243685,0.006154485390321753,0.007813726911174705,0.008695802550337965,0.006589991752271838,0.007383817040564215,0.006678092235328108,0.01447356368953207,0.016761841227488,0.014503597217437932,0.016062491331996154,0.01536015529705665,0.0133289623901079,0.008795547666287597,0.008164245464844351,0.008420437727967356,0.007935734517166287,0.009760022898304948,0.011110038960104787,0.010663112858345192,0.01357313237608083,0.01229237316318133,0.012636379118540427,0.009765693714436594,0.00946603255363658,0.008852148071571147,0.008474571856716451,0.008692034534046829,0.01434843879340336,0.011243464004695733,0.010982681654215355,0.010586477894692185,0.00956066125905393,0.009876255827309896,0.016622011098354924,0.013200409103348612,0.011378105434210688,0.01070569909173307,0.011434623528509569,0.012393199374720764,0.02296480245337456,0.021082031278106494,0.02050172763502149,0.018492132286809675,0.020207611226980057,0.019992748898666098,0.01537030055183549,0.03739419980995442,0.02965816533819176,0.025303751022765254,0.018205949901327942,0.008203923140144283,0.007802020702818793,0.005129610326054266,0.006311263037657866,0.005453514065354752,0.0056836273281831535,0.007232333801738223,0.005752432415483298,0.006663871867714494,0.006284431650200505,0.034535434623847165,0.018463433721565486,0,0.041021658648933874,0.026994618004365332,0.021664455939073974,0.021753002059305724,0.005870476954687135,0.005140451963065972,0.006892764786146731,0.006157103938357188,0.0050749275146255565,0.005596776959188062,0.004937693378024161,0.005298062163125629,0.004665734756506525
350823,上杭县,0.007035067911906337,0.0070338049848278975,0.007118616356306424,0.006575107464692005,0.006941274282814913,0.007313634688892451,0.0061592638378287785,0.006331324662809008,0.008147743839043311,0.008834851213996969,0.006420780325769698,0.007287791807625727,0.006653579943402054,0.011774094182372675,0.013235511178270435,0.011806033892121625,0.013104093934278737,0.012991210878933684,0.011416772142866656,0.008545158446011093,0.008043572073212218,0.00815394350788575,0.007573515240688365,0.009502851714629643,0.013188359045608564,0.013222010394802407,0.01881222504762395,0.016937148583127802,0.013990394835134876,0.010594842673416987,0.010854654449037677,0.010546321581589873,0.010211088406146311,0.010740358911054354,0.018093806010090453,0.010151030095413086,0.009977585704388626,0.00988889291553685,0.009019618492700774,0.009118360081911418,0.015243325669284342,0.012944212010683246,0.011625153478759373,0.009535662784145865,0.010158326406991906,0.011269471894263063,0.016470953551312544,0.015435178269248697,0.013781777366778691,0.013216307537754468,0.013590190601899966,0.015741382802847953,0.011238029512922102,0.022416392614382483,0.01756539613329758,0.020018446352013605,0.01362399072512843,0.00903255963532532,0.008897042849425536,0.005584933150278617,0.007243998185090032,0.005889498348070287,0.0060790525859289275,0.008383937153197725,0.0063932135461206244,0.007278561421052929,0.006994686575662065,0.043681042893416275,0.03362317402976715,0.041169809901518466,0,0.048591181812429336,0.038642188699376474,0.02343453979067915,0.006100043317662268,0.005276294000127394,0.007268921015957406,0.006537970049450803,0.005337596605334229,0.0058874719553769,0.00512329442935778,0.005520549192894672,0.004807945406015112
350824,武平县,0.007527861524580093,0.007523803990221948,0.007601111401617031,0.007084970466449986,0.007450295534118915,0.007800618275201213,0.006700207649951571,0.006889608309662523,0.008606939367993852,0.009159080971448564,0.006909026763168446,0.007730286444210575,0.007146397268370154,0.011751746391749885,0.012932188289157489,0.011774206222818847,0.012743695191202482,0.012581448176155936,0.01134805690419903,0.008854732618821203,0.008417522944513832,0.008505688246265459,0.007978749464920373,0.00968703315832223,0.013396955862033488,0.013948492815384472,0.019282397845745577,0.01857919357135955,0.01352568836499383,0.01083514566255802,0.01135697966383096,0.011499224396538936,0.011421852670249975,0.012308728549138025,0.017143440473028303,0.010248291677335531,0.010098196542810339,0.010007527322547113,0.009264184033018185,0.009357891572903024,0.01413464983486158,0.012462815311914456,0.011492934898610098,0.009750125590058169,0.010273287614330124,0.011152919157578144,0.015482757202031402,0.014727085518542026,0.014453765264303966,0.0134118258606875,0.01475415604810635,0.01470572529227281,0.012225946589914584,0.019660598013469487,0.01734147045273607,0.017457790931924504,0.013410652963703496,0.00959369606809548,0.009712345823067856,0.006366286489962771,0.008362673467239123,0.006620980994884993,0.00676246715470975,0.00944617041556479,0.007276498400971759,0.007991102504914074,0.007845111226182174,0.028045875249174224,0.038590307167694536,0.03299026657359449,0.05916984821928416,0,0.030717354006294044,0.01934086974571499,0.006689876888858695,0.005852519355206244,0.007838597186681758,0.007175420862550855,0.005974718230248281,0.006517499086133663,0.005722979002669499,0.006129791887269809,0.005388770849390136
350825,连城县,0.007398157337977707,0.007383515553276501,0.007473079598834931,0.0068250663959581945,0.007331862755363299,0.007782318095289931,0.006407041881043384,0.006681119502762165,0.008956238985361393,0.009543109455301924,0.006433217347209468,0.007487325707346398,0.006842350663953808,0.010373467897061372,0.01147228288409185,0.010410694663535103,0.011684640112094299,0.011968711863266557,0.010541532484584462,0.008767593315533367,0.008327792736328063,0.008299354982792223,0.007537093163088182,0.00987415126009096,0.018018601540668196,0.018581912914778002,0.033452123907976174,0.026243664099481395,0.01772396344855441,0.012574045976627675,0.013664413411860763,0.013413847008843858,0.012787348163144112,0.013472904239617715,0.029440240192738415,0.009785972001491335,0.009666787658467747,0.009859889555407963,0.009012698870794686,0.008912405141590534,0.015318157221496436,0.013925546343739853,0.013014843846223062,0.009011409991244449,0.009630763383901553,0.011043530299727076,0.013424218302039756,0.012724346511320721,0.010277580044712985,0.010470873746826303,0.009883143701946647,0.013749719131949242,0.00865808979919777,0.016449364363654614,0.012572356399145428,0.017444212068523746,0.01130360068765023,0.010594812617606711,0.010644268596386607,0.006028393726660722,0.008216119725800835,0.006384966081837844,0.006582551477047594,0.009896953474801993,0.007083336532621415,0.00818916930775815,0.007884345715660641,0.039142377269820415,0.046197585263463306,0.0201079120460347,0.03573676707922486,0.023328904974987505,0,0.02766171884069256,0.00646843009304014,0.005460828828128861,0.007962457238514757,0.0071083260424588315,0.00563325624978251,0.006279747836813599,0.0053337753062210206,0.005807406148083896,0.00495129690906229
350881,漳平市,0.007831866805639598,0.007835898866142275,0.00797538599672692,0.0071368942692698265,0.007659880786264226,0.008248938053331687,0.00650050333505721,0.006693664778355825,0.009530281611368896,0.011043839961884464,0.006898804238279878,0.008276028068786018,0.007271187332189216,0.013377071894810008,0.015338337504365928,0.013460116225390643,0.016261417231870454,0.017398895820734544,0.014205926611288253,0.010472985281112264,0.009579619241471153,0.009725311944983807,0.008627397971811888,0.012448514461421976,0.016144151777996423,0.013454615291816917,0.01640297380609756,0.013212005002650748,0.023548992790227968,0.013907728286148792,0.012552457395978192,0.01037053413820025,0.009312803710943104,0.009045406604620733,0.02478216374158084,0.012816043296938173,0.012572700707604243,0.012862251509044551,0.01117370114601717,0.011096196106301972,0.02903129045914404,0.02243602983829372,0.017958351260984207,0.011298034059652374,0.012486085756539997,0.015552153418829161,0.018053982550726305,0.01689526379018963,0.010714705343201698,0.011983520948270687,0.00973144715103031,0.020697003863629982,0.00878976886206998,0.020819605174495357,0.013576069150597968,0.030820439905909484,0.014235041312847557,0.010235632582910237,0.009067788070630821,0.005164673508248377,0.006371046805437776,0.005657875397450355,0.006021585185404531,0.0077676088465893035,0.005902884138726389,0.007457284383458546,0.006705343623999699,0.03904267661019903,0.014687545677187648,0.017087326696088073,0.018341958474983978,0.012431464194528697,0.02341072668986519,0,0.0063031195131196165,0.0052602110170186876,0.00792380199839852,0.006742205827525772,0.0051980597744174795,0.0059192350334527286,0.00501337104146284,0.005498907134254562,0.004655381323503859
350902,蕉城区,0.0213490605192825,0.02061589265120414,0.01967242317548961,0.020900787218695774,0.025161735929211032,0.022050632942226787,0.02981605056826977,0.055001706447381386,0.01875690561315024,0.01348392405485257,0.01142635242554101,0.013470437483573775,0.01647082732071238,0.005726556745982404,0.005656776029711662,0.005740433268559969,0.005944012074238707,0.006301950971899741,0.006358180207303365,0.010548995578146475,0.012240640917394335,0.010560485461409228,0.009521201944942975,0.009939159970490457,0.008382935147032646,0.007413827134142396,0.006201040079161597,0.005897447767372467,0.008578939031580258,0.01139084094841948,0.00987589623823227,0.008092429247948877,0.007255849349768092,0.006337291861603528,0.007085959334080117,0.007250253334212588,0.007401621716781083,0.008202826729568407,0.00873302599664634,0.007868369015091395,0.0068786147666887775,0.008130445968904608,0.00953575523487461,0.006839986893467724,0.0068769898536863725,0.007359416508165664,0.00537084865105701,0.005380880627420003,0.004370064587352716,0.004794434849475531,0.004121868220598691,0.0058223327885509775,0.004117215401457955,0.005152609476582207,0.004636688938110621,0.005815322522223405,0.005271241275225617,0.013408571883052516,0.010219389695393129,0.010096653357648219,0.007127265753512525,0.01433926406807757,0.02137894904227661,0.00811988658541133,0.009266801520760676,0.016070896916423917,0.010816168017589443,0.0055328327798000775,0.0050004335592611394,0.004674362019454492,0.004839675362090052,0.004358714709754971,0.005549178003206831,0.006389245517661305,0,0.02905355324405517,0.029399551765648495,0.03372285335331931,0.022566606052046544,0.042135357698421035,0.024532883299945584,0.04023814160718715,0.018004365172847658
350921,霞浦县,0.018805601015093917,0.018531035284940954,0.017845758646196887,0.02083257044695634,0.0204358480187429,0.017972357694992086,0.029954051471161328,0.03114899302217349,0.014887874192436047,0.012425862140959684,0.013574259977244183,0.014035067090371254,0.01761418929899993,0.006359910000401756,0.006242174631209433,0.006372064412004956,0.006516711907140641,0.006847468316577504,0.006975969602012344,0.010909138430837744,0.012379283313609928,0.011119799045317933,0.010573351707192515,0.010115498193530213,0.008171294247151208,0.007406762796468997,0.0064141748488556315,0.0061480407513256645,0.008422906057800795,0.010383913465855297,0.00924424177585728,0.007954448013181292,0.007312140675389848,0.0065462255623661,0.007177319114333402,0.007886538996732919,0.00804090416084078,0.008731617058964247,0.009346268335216353,0.00858638019353541,0.00724786389964425,0.008305269218573885,0.009352862907363904,0.007582194671516174,0.007549537251821888,0.007866741076849126,0.005903510657311574,0.005929418288569777,0.004934656351902108,0.0053869182432098595,0.004671681035327322,0.006335392124920016,0.004704445348927607,0.005641127417334044,0.0051700374072677574,0.006263881395061796,0.0058586101626729925,0.011504993376139565,0.009544966326737282,0.010679079215918782,0.007383846251813602,0.013920729434288164,0.017977513878597143,0.008079689456581456,0.009391425739693461,0.013334368844160513,0.010339824642550092,0.005907796905815877,0.005363419788116821,0.005132635054514633,0.005249312433318813,0.004781600637559391,0.00587460207579335,0.006686322581350482,0.036432533905051225,0,0.018404374232821243,0.02059981029088456,0.02591116623236962,0.028463633088933942,0.049423673150473364,0.04520192458668954,0.045458596497573986
350922,古田县,0.022807145313382477,0.02183218819295409,0.02136686235380001,0.018401351374251647,0.02653589337625531,0.028245860604516285,0.01946064671604059,0.02810409588099467,0.03745788173641482,0.01882672576924054,0.010675884582086254,0.014229377614938638,0.015332024422558226,0.006315689442473499,0.0062983569606908886,0.006335063479587394,0.0066701650210484135,0.0071507479227170545,0.007106546425587589,0.012206246897267618,0.014144179339104453,0.011823964034457323,0.010013022980105217,0.012032998193952356,0.0111980505737091,0.009404637529781988,0.00750281304529723,0.007025296280135609,0.011427389754515113,0.01755167518650451,0.014103976179202952,0.010351117884614241,0.00887633347511565,0.007512280076404884,0.008915395484304294,0.008140525971031995,0.008312512401302359,0.009424370159243927,0.009859530703447751,0.008722275983104133,0.008162656914537823,0.010079521085244568,0.012615773706520797,0.007496080754713252,0.007643609680540344,0.008488696822000213,0.006019913219081426,0.006009870682635891,0.004734110720874913,0.005224241545393695,0.0044446861800386105,0.006610415765537825,0.004395857847235647,0.00580885796138608,0.005103669573340089,0.006701224728324561,0.005820094469045105,0.023060498864011618,0.013871956404103557,0.00985918724880786,0.008046513264004292,0.013779456043360868,0.019429568479915414,0.009830756011033023,0.01009746187070301,0.023050208223764555,0.012767819100356839,0.006449752559308139,0.005757583961871266,0.0052447071201742,0.005511021266934493,0.004880423291365071,0.006527632642546539,0.00767549645099454,0.02809438531058819,0.014025222420521956,0,0.03705529453754213,0.014335485800381978,0.022334229681133532,0.013155713769265004,0.017366706845877107,0.01073253785284258
350923,屏南县,0.01653563878506855,0.01604149274573507,0.015653994639823355,0.014967505834637481,0.018620276348928023,0.018312238104709024,0.0173436866307125,0.024480996656099242,0.02012080290713266,0.013477373168254958,0.00948240524125332,0.01151057841046532,0.01272983284876531,0.005829103636366836,0.005823864039372384,0.005844506538070851,0.006114582422661024,0.006484235749758479,0.006439408558445,0.009965763050782058,0.011193408561931482,0.009774799590278603,0.008654189824941642,0.009807668411127615,0.010292900087569789,0.009165301405599999,0.007315261962271736,0.0069906258481111,0.009861094866772849,0.013683279199381273,0.01282553907489617,0.010508816915341994,0.00927995467845058,0.007857273664834895,0.0082927585698278,0.007205126097081254,0.0073302337424886775,0.008112007680992947,0.008426078959786799,0.007635390952297208,0.007282498706560039,0.008625649396162146,0.010280763086531645,0.006734266649267817,0.006840478414758357,0.007459213477381652,0.0056226556130025045,0.0056081552358417395,0.004551689533051075,0.004956506537357332,0.004306980304733257,0.006088526465400896,0.004252559587431303,0.0054815243573066675,0.00487839072492035,0.006195044567689346,0.005444497748041644,0.019044312772176473,0.014522060477660482,0.01382412629914874,0.009320235531879743,0.022552359481569643,0.043133090073558554,0.010927801300438038,0.013051178653016688,0.031066690861740822,0.016417945049733484,0.006104291476704842,0.005683166619666753,0.005057227197650276,0.005350732766398837,0.004822527582739357,0.00629048497985813,0.007049901750983356,0.03478654821015577,0.016945723665981224,0.039999859620615405,0,0.023696795774806486,0.04717586734839946,0.018302912270707357,0.026511234982426444,0.013763528435520056
350924,寿宁县,0.013981202385779953,0.013726117223228702,0.013395291314024603,0.013905834488549613,0.015174180164255903,0.01434595708886811,0.01689806663722459,0.02045097915572017,0.013936893443924382,0.011056569060062882,0.009771933633328903,0.010743852039470982,0.012199050023699509,0.005883640363498146,0.0058513033313257546,0.005895717254856852,0.006089411649184279,0.006383211936514357,0.006390284412003967,0.00920302773520834,0.010142673073122433,0.009181352773828508,0.008528530855385835,0.008909744224927022,0.008929161242499453,0.008329334109059275,0.006981989990132506,0.0067859872311675,0.008598618477280986,0.010714940938355042,0.01040778919919694,0.009389009996818616,0.008711194225877569,0.007669077692109691,0.007609765422740088,0.007045669778893126,0.0071527558488719365,0.007734627941418067,0.008059279828960148,0.007461129235260574,0.006932654156396874,0.007890231275367086,0.00894388488023946,0.006716808770275542,0.0067624553019169096,0.007172021234289356,0.005652242294122205,0.005648196055706959,0.004745174356703343,0.00511236916954911,0.004522301324646616,0.006033354144221297,0.00449114672296696,0.005512761787472263,0.0050164526770419115,0.0060883136163156805,0.005529704427280843,0.013143436489501902,0.011849150590607522,0.018008976136862236,0.009603729395959267,0.027470634018826143,0.038107555299945146,0.010244930204622818,0.013825653340814873,0.01869963757228433,0.014931003954535671,0.005993236198994305,0.005697181950496495,0.005146732767027818,0.005393639039161291,0.004958046156622526,0.006155198920168058,0.006711013660518798,0.02874213770965168,0.026317804429556335,0.019106731821076705,0.02925872662934124,0,0.05296871829324753,0.04756658325113521,0.05499611409043343,0.02870820045746077
350925,周宁县,0.015395979581873206,0.01500652302993796,0.014566557247525641,0.014873996435273464,0.017209389565248426,0.0161656102407818,0.018569531323912623,0.02545361581354094,0.015761780485494856,0.011635016538150269,0.009545074075643234,0.010974291668456097,0.012604903567529946,0.00551373183482372,0.005481924235709118,0.005526537497031638,0.005733883274287754,0.006048454504005723,0.006052130409459081,0.009220062782766143,0.01034763543007331,0.009161727777481829,0.008332348787897173,0.00890871004764841,0.008697754830218698,0.007903766190821471,0.006517208320893261,0.006269606130269401,0.008475680928938299,0.011068250833054159,0.01037681060891083,0.008902078194271397,0.008069138440652317,0.006998582716806159,0.007268806969555591,0.006758413700158703,0.0068749941921169,0.007530830419861232,0.007881849772269953,0.00720245053002547,0.006644156367914946,0.007723227821345063,0.008959338212448032,0.006388729388675018,0.006446812226353602,0.006909289726937634,0.0052721832287664005,0.0052687208511441605,0.004343337324666221,0.004715906106551065,0.004119638101520285,0.005673790790598488,0.004089763791487358,0.005120850871874299,0.004615299453340987,0.005725769372872264,0.005145722350991104,0.013971197183059187,0.011583148137532666,0.013834693945045703,0.008427392493401133,0.022174784514750374,0.04082133844456817,0.009409816881168003,0.011839107343620179,0.02021817725227647,0.013716868292120295,0.005592694072755069,0.005219993340334975,0.004730456948154924,0.004958248630344442,0.004507517637856496,0.005718578795306445,0.006369066116103169,0.04472628455459805,0.024094412777237745,0.02480894464514924,0.04854550331040819,0.044145128287454496,0,0.030469216873394874,0.0583364107090733,0.0197328438934233
350926,柘荣县,0.014862677773442252,0.014627074911485077,0.014204236209483434,0.015507670207128534,0.01609227156731511,0.01475370623739607,0.019993644209877242,0.022813682573583374,0.013306343263654,0.010909347073023847,0.010784773695894551,0.011417669900376829,0.013490256792095348,0.005836786478981422,0.0057654251510041495,0.005847893807288014,0.006001586235605488,0.006288350951955145,0.006353106701817474,0.009397231774068893,0.010458406120715785,0.009478252164374193,0.008946642628825132,0.008915892311149273,0.008027404539413939,0.007404894987737986,0.0063459108960050754,0.006133420213589899,0.008004697117309506,0.009841172085223868,0.009165763921465777,0.00811704267792205,0.0075241300747705036,0.006712331185814641,0.006983867502193413,0.00707011489391451,0.007189227235798217,0.007765073284721037,0.008189196056423964,0.007577973336186908,0.0067196216528564836,0.007637828304361592,0.00858848291760335,0.006784032650253269,0.006788012386771651,0.007116050346665099,0.0055141817614663925,0.005525059294544133,0.004643808088493321,0.005026910417215534,0.004416165348384605,0.005889608372400167,0.004419432441673882,0.005325554552080852,0.0048780299969486815,0.00587923066115112,0.005439206127512367,0.011385951537875,0.00989316269499268,0.012827985380578827,0.007948951064118628,0.017234265323142747,0.02230566090507838,0.00853443884499827,0.0105997250593736,0.014359749665827523,0.011453917496175085,0.005666379307546946,0.005274560805962639,0.004917038293247373,0.00508350368511413,0.004663296043095788,0.0057226212015837035,0.006355568431384564,0.030681678082714672,0.049291883257188064,0.01721734201203986,0.022190326441424612,0.04670675059902309,0.03589844779463738,0,0.07009137585873555,0.06499905614472673
350981,福安市,0.01556040939408452,0.015227506402050117,0.01473223403898477,0.01581816451989844,0.017234257672720632,0.01573556628811208,0.02089169006945784,0.02666741734048379,0.014296498080358258,0.011156001781733905,0.010242621918047753,0.011299018373191983,0.013387723530995677,0.005531536064519796,0.005473518528745351,0.00554326109191255,0.005715726639152059,0.0060137042171122795,0.006058482937796809,0.009242371335864166,0.010395745464759286,0.00927528887974301,0.008595683303887517,0.00879496789440024,0.007997513455819689,0.0072933635127961525,0.006153665005423224,0.005922948315883923,0.007958382234723838,0.010083344185682958,0.00929691360610259,0.008055006534490334,0.007376834969649225,0.006501785227377221,0.0068432881016273215,0.006781736578057861,0.00690227328120149,0.007521081104332204,0.007932349658566417,0.007277096006310144,0.00650085035836157,0.0074895252373488284,0.008559187747180657,0.006459982071540603,0.006484205203695786,0.00686501121916754,0.0052353631629022965,0.005241800474255332,0.004352718257262708,0.0047282711947715635,0.0041296500116978765,0.005619643300650515,0.004121915666540331,0.005057712939142968,0.004596014285273419,0.005627145337658079,0.005144134141472509,0.01198810642784832,0.010069563872038877,0.01228671929815831,0.007680838152963998,0.017697716391177048,0.025907872382799627,0.008423344009515677,0.010390008473834332,0.015623190121792908,0.011599140881073607,0.005430651755788895,0.005032140941947024,0.004654829764029934,0.004832850845902105,0.004406805110700004,0.005497304114989546,0.006150468752920119,0.04439925783470429,0.03977448807748779,0.020052865642080676,0.028358335236070988,0.04764496165747198,0.06064030306596222,0.061840339479346446,0,0.030617789554415083
350982,福鼎市,0.015707487186378294,0.015529164390133096,0.015115390258845467,0.016797002240475395,0.0167163703499133,0.015322498946965161,0.021233481713913947,0.022300409060941495,0.013595072006606014,0.01160168641858673,0.012397925807901177,0.012609145752774348,0.014939383934088044,0.00656682338040317,0.006466365973600383,0.006578018660413011,0.00671641976106637,0.007015505486372477,0.00711934191280388,0.01035396376146245,0.011451598552492701,0.010506476810259867,0.01009374283286687,0.009760606135625184,0.008501434506525178,0.007873991717047937,0.006857442562750477,0.006634243206461996,0.008566838326691351,0.010291872858708877,0.009546913135986984,0.008524114242711137,0.007955990107038735,0.007176992220465516,0.007517286989058202,0.007907310272457857,0.008038259489400509,0.008622927475948951,0.00911859847960359,0.00849268256636249,0.007403583505895627,0.008333026100961713,0.009246943691304948,0.007641193718943332,0.007615849589678777,0.007903079722806787,0.006167324010006189,0.006187375224938495,0.005245983766094193,0.0056724861453856705,0.004993885049112355,0.006565195178345161,0.005018255276195849,0.005938683720210378,0.00548026374841107,0.006519965720214046,0.006114358631746683,0.011545073782402299,0.010137927184411928,0.012909301866765928,0.008363716878229482,0.016252648073855576,0.01960781951733958,0.008893674520201568,0.010808192127646655,0.013881155489402774,0.011493526408644775,0.006240970206909256,0.005791002822862622,0.005477509403202711,0.005624150948133376,0.005176594702016092,0.006262718136649387,0.006957663551951491,0.026545563071587418,0.053449054656417805,0.016559138265928412,0.019672379350668515,0.033232826525602104,0.0274086516790704,0.07662855978867514,0.040911948749065216,0
