"year","unit_id","county_cn","co2_million_tons","gdp_100m_yuan","resident_population_10k","per_capita_gdp_yuan","urbanization_rate_pct","secondary_industry_share","tertiary_industry_share","industry_share","retail_sales_100m_yuan","retail_per_capita_yuan","co2_ton_per_10000_yuan","co2_per_capita_ton"
"2013","350102","鼓楼区","2.88397294393931","901.16","70.5","127824.113475177","100","0.220660038173021","0.0708864130676018","0.14977362510542","7342878","1041542978.7234","0.320028956449389","4.09074176445292"
"2014","350102","鼓楼区","3.12503515622758","1011.22","71.5","141429.370629371","100","0.218350111746208","0.781659777298708","0.0698759913767528","8408118","1175960559.44056","0.309036130241449","4.37067854017843"
"2015","350102","鼓楼区","3.12473157354043","1132.57","72","157301.388888889","100","0.205453084577554","0.794546915422446","0.0634221284335626","9185501","1275764027.77778","0.275897434466782","4.3399049632506"
"2016","350102","鼓楼区","3.07892452335091","1283.16","72.8","176258.241758242","100","0.183445556282926","0.816554443717073","0.051918700707628","10178992","1398213186.81319","0.239948605267536","4.22929192767982"
"2017","350102","鼓楼区","3.16598161302444","1433.42","73.5","195023.129251701","100","0.160329840521271","0.839670159478729","0.0454856217996121","10676665","1452607482.9932","0.220869083243183","4.307457976904"
"2018","350102","鼓楼区","3.27176892011296","1613.3","74","218013.513513513","100","0.159734705262505","0.840265294737495","0.0426455092047356","11358983","1534997702.7027","0.202799784300066","4.421309351504"
"2019","350102","鼓楼区","3.47890971334518","1916.75","73","262568.493150685","100","0.195038476587974","0.804961523412026","0.057649667405765","12802198","1753725753.42466","0.181500441546638","4.76562974430847"
"2020","350102","鼓楼区","3.48943438070958","2069.86","67","308934.328358209","100","0.15055124501174","0.84944875498826","0.0203540336061376","13050714","1947867761.19403","0.168583110969321","5.20811101598445"
"2021","350102","鼓楼区","3.82005634668623","2362.19","67.3","350994.056463596","100","0.17091343202706","0.829082334613219","0.0408053543533755","1377.1","204621.099554235","0.161716726710647","5.67616099061847"
"2013","350103","台江区","2.88397294393931","307.06","46","66752.1739130435","100","0.22135738943529","0.0796261317006448","0.141731257734645","3574498","777064782.608696","0.939221306565267","6.26950639986806"
"2014","350103","台江区","3.12503515622758","342.1","46.5","73569.8924731183","100","0.219292604501608","0.780707395498392","0.0788950599239988","3665731","788329247.311828","0.913485868526039","6.72050571231738"
"2015","350103","台江区","3.12473157354043","369.64","47","78646.8085106383","100","0.210610323558056","0.789389676441944","0.07085272156693","4003530","851814893.617021","0.84534454429727","6.64836505008602"
"2016","350103","台江区","3.07892452335091","402.83","47.8","84274.0585774059","100","0.197477844251918","0.802522155748082","0.0605962813097336","3891391","814098535.564854","0.764323541779637","6.44126469320274"
"2017","350103","台江区","3.16598161302444","433.47","48.3","89745.3416149068","100","0.200844349089902","0.799155650910098","0.0582047200498304","4060302","840642236.024845","0.73038079060245","6.55482735615826"
"2018","350103","台江区","3.27176892011296","475.63","48.6","97866.2551440329","100","0.198263355969977","0.801736644030023","0.0560309484262978","4131748","850153909.465021","0.687881109289355","6.73203481504724"
"2019","350103","台江区","3.47890971334518","538.6","48","112208.333333333","100","0.162551058299294","0.837448941700705","0.0108057927961381","2369600","493666666.666667","0.645917139499662","7.24772856946912"
"2020","350103","台江区","3.48943438070958","600.81","41.2","145827.669902913","100","0.1465188661973","0.8534811338027","0.00592533413225479","2453216","595440776.699029","0.580788332536006","8.46950092405238"
"2021","350103","台江区","3.82005634668623","659.25","41.3","159624.697336562","100","0.154053849070914","0.845946150929086","0","287.36","69578.6924939467","0.579454887627794","9.2495311057778"
"2013","350104","仓山区","2.82930962094996","356.6","79","45139.2405063291","100","0.571985417835109","0.525154234436343","0.0468311833987661","2865826","362762784.810127","0.793412681141324","3.58140458348096"
"2014","350104","仓山区","3.01364690465489","396.04","79.7","49691.3425345044","100","0.569260680739319","0.424048075951924","0.524189475810524","3314564","415880050.188206","0.760945082480277","3.78123827434742"
"2015","350104","仓山区","3.06727573394234","435.02","80.3","54174.3462017435","100","0.550296538090203","0.444002574594272","0.506252586087996","3803585","473671855.541719","0.705088440518215","3.81977052794812"
"2016","350104","仓山区","2.92241543061197","478.46","81.4","58778.8697788698","100","0.529553149688584","0.464970948459641","0.486352046148058","4274584","525133169.53317","0.610796185806958","3.59019094669775"
"2017","350104","仓山区","2.99080286383854","559.35","82.5","67800","100","0.518315902386699","0.479502994547242","0.476946455707518","5079496","615696484.848485","0.534692565270142","3.62521559253156"
"2018","350104","仓山区","2.83442962389253","623.06","83.6","74528.7081339713","100","0.495682598786634","0.502182775334639","0.452990081212082","5746899","687428110.047847","0.454920814029553","3.39046605728772"
"2019","350104","仓山区","3.12793378425936","824.87","85.8","96138.6946386947","100","0.404657703638149","0.593341981160668","0.330888503642998","4894360","570438228.438228","0.379203242239306","3.64561047116476"
"2020","350104","仓山区","3.00736188191687","902.27","115","78458.2608695652","100","0.382136167665998","0.615924279871879","0.309031664579339","4887906","425035304.347826","0.333310636718152","2.61509728862337"
"2021","350104","仓山区","3.23467648824009","1030.11","116.9","88118.9050470488","100","0.407014784828805","0.591218413567483","0.314306239139509","548.19","46893.9264328486","0.314012725654551","2.76704575555183"
"2013","350105","马尾区","2.82169023763971","338.96","24.6","137788.617886179","70.3252032520325","0.676038470616002","0.625885060184093","0.0501534104319094","1022089","415483333.333333","0.832455227059154","11.4702855188606"
"2014","350105","马尾区","3.04455683817748","373.92","24.8","150774.193548387","70.6048387096774","0.676026957637997","0.308943089430894","0.626417415489944","1339637","540176209.677419","0.814226796688457","12.2764388636189"
"2015","350105","马尾区","2.84461360651847","392.4","25.1","156334.661354582","72.0717131474103","0.634760448521916","0.351681957186544","0.583919469928644","1711580","681904382.470119","0.724927014912964","11.3331219383206"
"2016","350105","马尾区","2.25369335122883","426.1","25.5","167098.039215686","72.9803921568627","0.620863647031213","0.364773527341","0.570382539310021","1600050","627470588.235294","0.528911840232065","8.83801314207384"
"2017","350105","马尾区","2.57728196624197","491.38","25.9","189722.007722008","74.7876447876448","0.582746550531157","0.409011355773536","0.533701005331922","1846096","712778378.378378","0.524498751728188","9.95089562255587"
"2018","350105","马尾区","2.58730604637395","536.96","26.2","204946.564885496","77.7862595419847","0.581030244338498","0.410887216924911","0.518306764004767","8893508","3394468702.29008","0.481843348922443","9.87521391745782"
"2019","350105","马尾区","2.94717255606927","576.26","26.2","219946.564885496","78.3969465648855","0.58851907125256","0.401485440599729","0.399212161177246","1892825","722452290.076336","0.511431047802948","11.2487502140048"
"2020","350105","马尾区","2.86644163123332","604.96","29.2","207178.082191781","87.9109589041096","0.586600766992859","0.397034514678656","0.374305739222428","1827604","625891780.821918","0.473823332325","9.81658092888123"
"2021","350105","马尾区","3.3527724484078","639.84","29.6","216162.162162162","88.1081081081081","0.566141535383846","0.413447111777945","0.375109402350588","204.14","68966.2162162162","0.524001695487591","11.3269339473236"
"2013","350111","晋安区","2.45880966286698","401.38","82.7","48534.4619105199","98.7908101571947","0.374109322836215","0.241367282874084","0.132742039962131","4368714","528260459.49214","0.612588983722901","2.97316766973033"
"2014","350111","晋安区","2.57505028737052","447.04","83.6","53473.6842105263","98.9952153110048","0.373926270579814","0.615493020758769","0.240381173944166","4962205","593565191.38756","0.576022344168423","3.08020369302694"
"2015","350111","晋安区","2.68250070442909","499.75","84.3","59282.325029656","99.1577698695136","0.354197098549275","0.637698849424712","0.226273136568284","5863142","695509134.045077","0.536768525148392","3.18208861735361"
"2016","350111","晋安区","2.99714370591382","553.73","85.5","64763.7426900585","99.2982456140351","0.342567677387897","0.64820399833854","0.219077889946364","6357812","743603742.690058","0.541264462086905","3.50543123498692"
"2017","350111","晋安区","3.10160037782454","642.62","86.6","74205.5427251732","99.5034642032333","0.332918365441474","0.658803025115932","0.213547664249479","7200933","831516512.702079","0.482649213816025","3.58152468570963"
"2018","350111","晋安区","3.04681252164675","717.72","87.7","81838.0843785633","99.4982896237172","0.325084991361534","0.666903527838154","0.20241877055119","1992880","227238312.428734","0.424512695988233","3.47413058340564"
"2019","350111","晋安区","3.36019911874238","884.8","87","101701.149425287","99.2988505747126","0.295840867992767","0.695829566003617","0.193987341772152","8944672","1028123218.3908","0.379769339821698","3.86229783763492"
"2020","350111","晋安区","3.32384903738804","959.05","79","121398.734177215","97.4810126582279","0.264824565976748","0.726844272978468","0.145956936551796","9065109","1147482151.89873","0.346577241790109","4.20740384479499"
"2021","350111","晋安区","3.55653735071403","1063.28","79.5","133745.911949686","97.496855345912","0.267483635542849","0.724531637950493","0.143339477842149","840.22","105688.050314465","0.334487374042024","4.4736318876906"
"2013","350121","闽侯县","2.88919878439726","377.46","69.3","54467.5324675325","50.9379509379509","0.614767127642664","0.545567742277327","0.0691993853653367","1415753","204293362.193362","0.765431776717337","4.16911801500326"
"2014","350121","闽侯县","3.12509831336269","412.73","69.5","59385.6115107914","52","0.622561965449567","0.296731519395246","0.553558016136457","1747533","251443597.122302","0.757177407351704","4.49654433577366"
"2015","350121","闽侯县","3.08955865916693","438.73","70.2","62497.150997151","53.3618233618234","0.613406878946049","0.309210676270143","0.54368290292435","1964508","279844444.444444","0.704205014283712","4.401080711064"
"2016","350121","闽侯县","2.52369378734405","484","70.5","68652.4822695036","54.2978723404255","0.59650826446281","0.323615702479339","0.528842975206612","2301073","326393333.333333","0.52142433622811","3.57970749977879"
"2017","350121","闽侯县","2.87619329834005","560.07","71.5","78331.4685314685","56","0.580445301480172","0.357312478797293","0.514810648668916","2767415","387051048.951049","0.513541753412975","4.02264796970636"
"2018","350121","闽侯县","2.72341280447858","603.55","72.5","83248.275862069","56.9931034482759","0.565553806644023","0.369546847817082","0.511076132880457","3173058","437663172.413793","0.451232342718678","3.75643145445321"
"2019","350121","闽侯县","2.84155780637973","740.22","74","100029.72972973","57.4054054054054","0.53299019210505","0.4052578963011","0.428804949879765","3093994","418107297.297297","0.383880171621914","3.83994298159423"
"2020","350121","闽侯县","2.79804976024898","793.04","99.3","79863.0412890232","60.110775427996","0.521310400484213","0.417507313628569","0.412740845354585","2972032","299298288.016113","0.352825804530538","2.81777417950552"
"2021","350121","闽侯县","3.17037320043504","881.16","101.5","86813.7931034483","60.4039408866995","0.514049661809433","0.427289028099324","0.394684279812974","318.34","31363.5467980296","0.359795406105025","3.12352039451728"
"2013","350122","连江县","2.86714499955002","302.53","57","53075.4385964912","40.8771929824561","0.385085776617195","0.339206029154134","0.0458797474630615","789665","138537719.298246","0.947722539764658","5.03007894657898"
"2014","350122","连江县","3.15425080250152","325.35","57.6","56484.375","43.0034722222222","0.403288765944368","0.255632395881358","0.356354694943907","926790","160901041.666667","0.969494637314129","5.47612986545403"
"2015","350122","连江县","3.00498855907487","352.45","58.1","60662.6506024096","43.9586919104991","0.394807774152362","0.264917009504894","0.3481344871613","1146123","197267297.762478","0.852599960015568","5.17209734780528"
"2016","350122","连江县","2.73700952260463","387.8","58.2","66632.3024054983","44.8969072164948","0.386152656008252","0.255466735430634","0.340974729241877","1305959","224391580.756014","0.705778628830487","4.7027655027571"
"2017","350122","连江县","3.12993823676237","430.36","58.8","73190.4761904762","46.1054421768707","0.433218700622734","0.271238033274468","0.387280416395576","1565511","266243367.346939","0.727283724500969","5.3230242121809"
"2018","350122","连江县","3.14972681727178","469.48","59.3","79170.3204047218","47.0994940978078","0.434352901082048","0.276241799437676","0.377183266592826","1784850","300986509.274874","0.670896910895412","5.31151233941278"
"2019","350122","连江县","3.42847167895192","591.56","60","98593.3333333333","48","0.421005477043749","0.346321590371222","0.321252282101562","1296801","216133500","0.579564486941632","5.71411946491987"
"2020","350122","连江县","3.43581838730892","594.85","64.1","92800.3120124805","50.6552262090484","0.3728671093553","0.379894090947298","0.277364041354963","1273625","198693447.73791","0.577594080408325","5.36009108784543"
"2021","350122","连江县","3.75832060246848","671.44","64.6","103938.080495356","50.8978328173375","0.376727630167997","0.365006553079948","0.27418682235196","178.06","27563.4674922601","0.55974034946808","5.81783374995121"
"2013","350123","罗源县","2.83944058444307","162.49","20.5","79263.4146341463","39.5121951219512","0.681888116191766","0.647239830143393","0.0346482860483722","369578","180281951.219512","1.74745558769344","13.8509296802101"
"2014","350123","罗源县","3.0599131536477","172.67","20.8","83014.4230769231","42.5","0.660508484392193","0.16221694561881","0.6249493253026","427259","205412980.769231","1.77211626434685","14.7111209309986"
"2015","350123","罗源县","3.06980881691312","181.05","20.9","86626.7942583732","43.3971291866029","0.618724109362055","0.195249930958299","0.582104391052195","452234","216379904.30622","1.69555858432097","14.6880804636991"
"2016","350123","罗源县","3.0075113139615","195.54","20.9","93559.8086124402","44.2583732057416","0.601206914186356","0.200368211107702","0.564897207732433","491690","235258373.205742","1.53805426713793","14.3900062868971"
"2017","350123","罗源县","3.09811326124407","224.22","21.1","106265.402843602","45.4976303317536","0.6003924716796","0.220720720720721","0.564624029970565","583209","276402369.668246","1.38172922185535","14.6830012381236"
"2018","350123","罗源县","3.19679734210596","242.82","21.2","114537.735849057","47.5","0.590313812700766","0.22852318589902","0.552796310023886","560479","264376886.792453","1.31652966893417","15.0792327457828"
"2019","350123","罗源县","3.39955453201918","303.4","22","137909.090909091","49.1818181818182","0.561239288068556","0.286552406064601","0.498714568226763","488660","222118181.818182","1.1204860026431","15.4525206000872"
"2020","350123","罗源县","3.40864814497292","316.61","25.6","123675.78125","71.5625","0.542086478633019","0.303085815356432","0.478759356937557","513063","200415234.375","1.07660785981899","13.3150318163005"
"2021","350123","罗源县","3.72388989644076","359.06","25.9","138633.204633205","71.6988416988417","0.513145435303292","0.333481869325461","0.438645351751796","62.82","24254.8262548263","1.03712190064077","14.377953268111"
"2013","350124","闽清县","2.86405087811531","117.02","23.3","50223.1759656652","36.480686695279","0.575713553238763","0.487865322167151","0.0878482310716117","355976","152779399.141631","2.44748835935337","12.2920638545721"
"2014","350124","闽清县","3.12054811460889","130.35","23.6","55233.0508474576","37.5","0.568929804372842","0.254085155350978","0.47993862677407","411655","174430084.745763","2.39397630579892","13.22266150258"
"2015","350124","闽清县","3.08620430275736","141.2","23.8","59327.731092437","38.2773109243697","0.551699716713881","0.267705382436261","0.463101983002833","437346","183758823.529412","2.18569709827009","12.9672449695687"
"2016","350124","闽清县","3.06852680439457","148.16","23.8","62252.1008403361","39.2016806722689","0.529765118790497","0.283409827213823","0.437634989200864","457992","192433613.445378","2.07108990577387","12.8929697663637"
"2017","350124","闽清县","3.18252873113075","166.23","24","69262.5","40.4166666666667","0.45527281477471","0.374721771040125","0.36196835709559","512390","213495833.333333","1.91453331596628","13.2605363797115"
"2018","350124","闽清县","3.22764516549604","226.33","24","94304.1666666667","40.5","0.508858746078735","0.348031635222905","0.280696328370079","651724","271551666.666667","1.42607924954537","13.4485215229002"
"2019","350124","闽清县","3.41825457672306","329.17","24.5","134355.102040816","41.0204081632653","0.549199501777197","0.346538262903667","0.241151988334295","439114","179230204.081633","1.03844657068477","13.9520594968288"
"2020","350124","闽清县","3.41908806358694","344.88","25.7","134194.552529183","43.8132295719844","0.536128508466713","0.358936441660868","0.21610415216887","454980","177035019.455253","0.991384847943325","13.3038446053967"
"2021","350124","闽清县","3.74216890848745","389.78","25.9","150494.208494208","44.0926640926641","0.55816101390528","0.342372620452563","0.228000410487968","51.19","19764.4787644788","0.960072068471305","14.4485286041986"
"2013","350125","永泰县","2.85606581941934","108.71","24.7","44012.1457489879","37.246963562753","0.377242204029068","0.0998988133566369","0.277343390672431","383275","155172064.777328","2.6272337590096","11.5630195118192"
"2014","350125","永泰县","3.06705223956449","123.78","25","49512","38.52","0.373808369688156","0.306188398772015","0.0977540798190338","442705","177082000","2.47782536723581","12.268208958258"
"2015","350125","永泰县","3.06249125050108","130.92","25.2","51952.3809523809","39.2063492063492","0.378017109685304","0.31950809654751","0.0971585701191568","484242","192159523.809524","2.3392081045685","12.152743057544"
"2016","350125","永泰县","2.96689270145522","143.8","25.2","57063.4920634921","40.0793650793651","0.37086230876217","0.321279554937413","0.0945062586926286","525623","208580555.555556","2.06320772006622","11.7733837359334"
"2017","350125","永泰县","3.09798292815523","165.86","25.4","65299.2125984252","41.2992125984252","0.397986253466779","0.334257807789702","0.126853973230435","601511","236815354.330709","1.86783005435622","12.1967831817135"
"2018","350125","永泰县","3.17091108709709","184.61","25.4","72681.1023622047","41.7716535433071","0.399219977249336","0.349114349168517","0.120091002654244","666504","262403149.606299","1.71762693629657","12.4839019177051"
"2019","350125","永泰县","2.71529877851357","282.62","25.5","110831.37254902","42.1176470588235","0.47565635836105","0.33702498053924","0.0767461609227939","427797","167763529.411765","0.960759598936229","10.6482305039748"
"2020","350125","永泰县","2.94763974564603","300.31","28.2","106492.907801418","43.2978723404255","0.465918550830808","0.346042422829743","0.0742566015117712","403260","143000000","0.981532331805811","10.4526232115107"
"2021","350125","永泰县","3.13968595637337","339.31","28.5","119056.140350877","43.7894736842105","0.51091921841384","0.310748283280776","0.0581768883911467","43.07","15112.2807017544","0.925314890917854","11.0164419521873"
"2013","350128","平潭县","2.85486839239822","155.39","40","38847.5","40.75","0.310766458588069","0.0543149494819486","0.25645150910612","465319","116329750","1.83722787334978","7.13717098099555"
"2014","350128","平潭县","3.09173096113555","171.24","42","40771.4285714286","42.5952380952381","0.322471385190376","0.476991357159542","0.0545433309974305","505347","120320714.285714","1.80549577267902","7.36126419317988"
"2015","350128","平潭县","3.10682747827927","189.62","43","44097.6744186046","44.2558139534884","0.30835354920367","0.502056745069086","0.0477270330133952","557281","129600232.55814","1.63844925550009","7.22518018204481"
"2016","350128","平潭县","3.02277724779182","205.76","44","46763.6363636364","46.3863636363636","0.290678460342146","0.535235225505443","0.0362072317262831","592980","134768181.818182","1.46907914453335","6.86994829043596"
"2017","350128","平潭县","3.16216704275019","226.28","45","50284.4444444444","48.4","0.288757291850804","0.56222379353014","0.0293441753579636","644603","143245111.111111","1.39745759357884","7.0270378727782"
"2018","350128","平潭县","3.21584057018648","254.28","46","55278.2608695652","50.195652173913","0.282562529495045","0.581563630643385","0.0271354412458707","685447","149010217.391304","1.2646848238896","6.99095776127496"
"2019","350128","平潭县","3.47897045501529","282.85","46","61489.1304347826","51.5","0.285098108538094","0.587979494431678","0.0270461375287255","659147","143292826.086957","1.22997010960413","7.56297925003324"
"2020","350128","平潭县","3.47111136071461","301.43","39","77289.7435897436","53.7435897435898","0.280131373784958","0.600338387021862","0.0217629300335069","588158","150809743.589744","1.15154807441682","8.90028554029387"
"2021","350128","平潭县","3.72975960581244","339.2","39","86974.358974359","56.5897435897436","0.240123820754717","0.641067216981132","0.0334905660377358","60.72","15569.2307692308","1.09957535548716","9.56348616874985"
"2013","350181","福清市","2.9044546560447","667.82","126.2","52917.5911251981","45.0079239302694","0.511485130723848","0.411892426102842","0.0995927046210057","2513462","199164976.228209","0.434915794082942","2.3014696165172"
"2014","350181","福清市","3.14158138808532","728.68","127.5","57151.3725490196","47.3019607843137","0.518156117911841","0.360707031893286","0.415340066970412","2927484","229606588.235294","0.431133198123363","2.46398540241986"
"2015","350181","福清市","3.13035310487535","783.27","128.6","60907.4650077761","48.452566096423","0.50326196586107","0.380622263076589","0.399989786408263","3316737","257911119.751166","0.399651857581083","2.43417815309125"
"2016","350181","福清市","2.66175172996889","857.85","129.3","66345.7076566125","49.2962103634957","0.490878358687416","0.389333799615317","0.390103164888967","3741673","289379195.668987","0.31028171941119","2.05858602472459"
"2017","350181","福清市","2.95171735223986","993.41","130.5","76123.3716475096","50.6973180076628","0.511651785264896","0.399472523932717","0.413666059330991","4274129","327519463.601533","0.29712982074268","2.26185237719529"
"2018","350181","福清市","3.15594036820037","1102.14","131.6","83749.2401215806","51.7933130699088","0.493313009236576","0.420354945832653","0.395231095868039","4695317","356787006.079027","0.286346595550508","2.39813097887566"
"2019","350181","福清市","3.29585999149467","1150.15","133","86477.4436090226","52","0.525366256575229","0.387210363865583","0.415397991566317","3079752","231560300.75188","0.286559143719921","2.47809021916892"
"2020","350181","福清市","3.05078033240921","1228.54","139.4","88130.5595408895","53.558106169297","0.50417568821528","0.406295277321048","0.395982222801048","3180779","228176398.852224","0.248325681899589","2.18850812941837"
"2021","350181","福清市","3.43304262492256","1414.04","141","100286.524822695","53.8014184397163","0.470799977369806","0.44184747249017","0.354021102656219","380.19","26963.829787234","0.242782568026545","2.43478200349118"
"2013","350182","长乐市","2.89246737747337","485.06","70.2","69096.8660968661","45.4415954415954","0.671566404156187","0.628169710963592","0.0433966931925947","1291414","183962108.262108","0.596311255818532","4.12032389953472"
"2014","350182","长乐市","3.13992329654511","533.08","70.9","75187.5881523272","46.5021156558533","0.673857582351617","0.246004352067232","0.629417723418624","1516433","213883356.840621","0.589015400417406","4.42866473419621"
"2015","350182","长乐市","3.13613790892789","570.36","71.5","79770.6293706294","47.5524475524476","0.654306052317834","0.269812048530752","0.609650045585244","1806634","252676083.916084","0.549852357971788","4.38620686563341"
"2016","350182","长乐市","3.07246385700997","630.46","72.1","87442.4410540916","50","0.633045712654252","0.28545823684294","0.58939504488786","1911598","265131484.049931","0.487336842465814","4.2613923120804"
"2017","350182","长乐市","3.1561669278669","740.31","72.9","101551.440329218","51.6049382716049","0.635774202698869","0.297821183017925","0.593724250651754","2126416","291689437.585734","0.426330446416623","4.32944708898066"
"2018","350182","长乐市","3.2730987691807","811.79","73.9","109849.797023004","53.5994587280108","0.617807561068749","0.31590682319319","0.573892262777319","2323210","314372124.492557","0.403195256061383","4.42909170389811"
"2019","350182","长乐市","3.47357201275547","951.52","75","126869.333333333","54","0.636802169160921","0.301780309399697","0.58948839751135","1600436","213391466.666667","0.36505507112362","4.63142935034063"
"2020","350182","长乐市","3.4859164657976","1003.41","79.3","126533.41740227","60.0126103404792","0.649754337708414","0.292691920550921","0.605395601000588","1585609","199950693.568726","0.347406988748129","4.39585935157327"
"2021","350182","长乐市","3.830556786275","1143.9","81","141222.222222222","62.962962962963","0.603470583092928","0.334976833639304","0.556071334906897","198","24444.4444444444","0.334868151610718","4.72908245219136"
"2013","350203","思明区","2.47000090071573","902.07","97","92996.9072164948","100","0.16578536033789","0.0865786468899309","0.0792067134479586","4063314","418898350.515464","0.273814770551701","2.54639268115024"
"2014","350203","思明区","2.55906002599339","979.88","98.3","99682.6042726348","100","0.158968445115728","0.84072539494632","0.0877454382169245","4182807","425514445.574771","0.261160552924173","2.60331640487629"
"2015","350203","思明区","2.21537080184094","1057.66","99.1","106726.538849647","100","0.139402076281603","0.859283701756708","0.0753550290263412","4439371","447968819.374369","0.209459637486616","2.23549021376482"
"2016","350203","思明区","2.77112438224398","1174.35","99.9","117552.552552553","100","0.125362966747562","0.873351215566058","0.0670668880657385","4864002","486887087.087087","0.235970910056114","2.7738982805245"
"2017","350203","思明区","2.57547336239587","1323.1","100.7","131390.268123138","100","0.120232786637442","0.878452120021162","0.0627390219938024","5298558","526172591.857001","0.194654475277445","2.55757036980722"
"2018","350203","思明区","2.70369478795217","1449.93","101.5","142850.246305419","100","0.109805300945563","0.88856703427062","0.0519818198119909","5794274","570864433.497537","0.186470711548293","2.66373870734204"
"2019","350203","思明区","2.87827959579385","1896.46","102.3","185382.209188661","100","0.165307994895753","0.833273572867342","0.0432437277875621","8179500","799560117.302053","0.151771173438609","2.81356754232048"
"2020","350203","思明区","2.95181496117325","2053.04","107.4","191158.286778398","100","0.159349062853135","0.839194560261856","0.0399553832365663","8236833","766930446.927374","0.14377776181532","2.74843106254493"
"2021","350203","思明区","3.31841124728264","2258.08","106.2","212625.235404896","100","0.165507865088925","0.833044001983986","0.0427442783249486","1007.07","94827.6836158192","0.146957204673113","3.12468102380663"
"2013","350205","海沧区","2.31835225450631","424.46","31.2","136044.871794872","90.7051282051282","0.693704942750789","0.65231117184187","0.0413937709089196","916538","293762179.48718","0.546188628965347","7.43061620034074"
"2014","350205","海沧区","2.50068778207674","483.45","32.5","148753.846153846","90.8923076923077","0.643686006825939","0.353500879098149","0.606267452683835","1146918","352897846.153846","0.51725882347228","7.69442394485151"
"2015","350205","海沧区","2.46033452238019","511.71","33.2","154129.518072289","90.9638554216867","0.636180649195834","0.361005256883782","0.575951222372047","1415605","426387048.192771","0.480806418162668","7.41064615174756"
"2016","350205","海沧区","2.53106297687219","530.04","34.16","155163.93442623","91.0128805620609","0.591691193117501","0.406327824315146","0.51820617311901","1531147","448228044.496487","0.477523012767374","7.40943494400524"
"2017","350205","海沧区","2.57503101998575","602.28","35.6","169179.775280899","91.0955056179775","0.594906023776317","0.401856279471342","0.522663877266388","1492508","419243820.224719","0.427547157465921","7.23323320220716"
"2018","350205","海沧区","2.59400482270452","676.11","37.5","180296","91.0933333333333","0.609885965301504","0.387747555871086","0.534957329428643","1498523","399606133.333333","0.383666093195563","6.91734619387872"
"2019","350205","海沧区","2.76893037998059","796.87","41.6","191555.288461538","91.1057692307692","0.60323515755393","0.394706790317116","0.502930214464091","2940909","706949278.846154","0.347475796551582","6.65608264418411"
"2020","350205","海沧区","2.75227442385922","815.75","58.6","139206.484641638","97.6962457337884","0.562169782408826","0.435684952497702","0.494121973643886","2892921","493672525.59727","0.337391899952096","4.69671403388945"
"2021","350205","海沧区","3.03188132434043","938.24","61.5","152559.349593496","97.7235772357724","0.602297919508868","0.395954126875853","0.538156548431105","300.97","48938.2113821138","0.323145604998767","4.92988833226086"
"2013","350206","湖里区","2.44479433449028","732.16","98.9","74030.3336703741","100","0.522440450174825","0.465745192307692","0.0566952578671329","2857344","288912436.804853","0.333915310108484","2.47198618249775"
"2014","350206","湖里区","2.6408756845113","753.75","100.6","74925.4473161034","100","0.453081260364842","0.54547263681592","0.420537313432836","3245081","322572664.015905","0.350364933268498","2.62512493490189"
"2015","350206","湖里区","2.58340440102715","774.12","101.5","76267.9802955665","100","0.463339017206635","0.536402624916034","0.425825453418075","3505362","345355862.068965","0.333721438669347","2.54522601086419"
"2016","350206","湖里区","2.43874788772791","819.73","102.4","80051.7578125","100","0.419235601966501","0.580764398033499","0.38935991119027","3644909","355948144.53125","0.297506238362377","2.38158973410929"
"2017","350206","湖里区","2.83522271079521","956.25","103.3","92570.1839303001","100","0.427252287581699","0.572758169934641","0.395492810457516","3644176","352775992.255566","0.296493878253094","2.74464928440969"
"2018","350206","湖里区","2.99162050103386","1035.84","103.1","100469.4471387","100","0.4372296879827","0.5627703120173","0.393796339202966","3332780","323257032.007759","0.288811061653717","2.901668769189"
"2019","350206","湖里区","3.0712901932549","1297.29","102.6","126441.520467836","100","0.423590716031111","0.576409283968889","0.323127442591865","4720654","460102729.044834","0.236746617429788","2.99346022734396"
"2020","350206","湖里区","2.99502338222204","1395.75","103.9","134335.899903754","100","0.390936772344618","0.60905606304854","0.285839154576393","4729376","455185370.548604","0.214581650168156","2.88260190781717"
"2021","350206","湖里区","3.4449274270149","1539.41","102.5","150186.341463415","100","0.403492247029706","0.596507752970294","0.285122222150045","526.35","51351.2195121951","0.2237823209551","3.3609048068438"
"2013","350211","集美区","2.32954887730489","402.17","61.7","65181.5235008104","86.0615883306321","0.583932167988662","0.481686848845016","0.102245319143646","902855","146329821.71799","0.579244816198346","3.77560595997551"
"2014","350211","集美区","2.50051113657188","458.31","63.3","72402.8436018957","86.3981042654028","0.540507516746307","0.454408588073575","0.449848355916301","1075860","169962085.308057","0.545593841847631","3.95025456014515"
"2015","350211","集美区","2.45902542610341","494.11","64.4","76725.1552795031","86.6614906832298","0.508854303697557","0.48657181599239","0.418408856327538","1153204","179068944.099379","0.497667609662506","3.81836246289349"
"2016","350211","集美区","2.63168940337386","547.5","65.6","83460.3658536586","86.9969512195122","0.479890410958904","0.516803652968037","0.396547945205479","1241131","189196798.780488","0.480673863629929","4.01172165148454"
"2017","350211","集美区","2.67725532796966","618.51","67.4","91767.0623145401","87.299703264095","0.484082714911643","0.512133999450292","0.404278022990736","1293929","191977596.439169","0.432855625288138","3.97218891390157"
"2018","350211","集美区","2.71048701988431","686.22","70","98031.4285714286","87.5","0.472516102707586","0.523432718370202","0.391477951677305","1573433","224776142.857143","0.394988053377096","3.87212431412044"
"2019","350211","集美区","2.87988432760071","789.37","74.8","105530.748663102","87.9946524064171","0.489390273255888","0.506809227611893","0.406539392173505","1901865","254260026.737968","0.364833262931288","3.8501127374341"
"2020","350211","集美区","3.21209495096045","822.41","104","79077.8846153846","90.3365384615385","0.486497002711543","0.50975790664024","0.391301175812551","1928215","185405288.461538","0.390570998767093","3.08855283746197"
"2021","350211","集美区","3.35407000403269","876","107.8","81261.5955473098","90.3525046382189","0.511883561643836","0.484292237442922","0.420285388127854","225.02","20873.840445269","0.3828847036567","3.11138219298023"
"2013","350212","同安区","2.33115200994622","225.85","52.3","43183.5564053537","68.2600382409178","0.54319238432588","0.465707327872482","0.0774850564533983","624863","119476673.040153","1.03216825766935","4.45726961748799"
"2014","350212","同安区","2.57270594554381","242.77","53.6","45292.9104477612","68.6007462686567","0.552621823124768","0.403674259587264","0.479589735140256","670396","125073880.597015","1.0597297629624","4.7998245252683"
"2015","350212","同安区","2.64332318300306","250.89","54.4","46119.4852941176","68.9522058823529","0.549683128064092","0.41006018573877","0.471720674399139","770075","141557904.411765","1.05357853362153","4.85904996875562"
"2016","350212","同安区","2.97325337344861","328.84","55.54","59207.7781778898","69.4994598487577","0.602055710984065","0.367656002919353","0.533967887118356","1015037","182757832.193014","0.904164144705209","5.35335501161075"
"2017","350212","同安区","2.76037533214067","399.06","58.1","68685.0258175559","70.4991394148021","0.632210695133564","0.343256653134867","0.57510148849797","2099352","361334251.290878","0.691719373563041","4.75107630316811"
"2018","350212","同安区","2.76069718200264","422.65","61.1","69173.4860883797","71.3911620294599","0.593091210221223","0.384171300130131","0.535360227138294","2455397","401865302.782324","0.653187550456084","4.51832599345768"
"2019","350212","同安区","2.89985610557556","551.23","66.3","83141.7797888386","72.2021116138763","0.541915352937975","0.439108901910273","0.507446982203436","3650540","550609351.432881","0.526070080651554","4.37384027990281"
"2020","350212","同安区","2.94003357608345","591.21","85.9","68825.378346915","75.1105937136205","0.523350416941527","0.457333265675479","0.478696233148966","3946416","459419790.454016","0.497290907813374","3.42262348787363"
"2021","350212","同安区","3.22381098658049","640.36","89","71950.5617977528","75.0561797752809","0.531919545255794","0.450746455118996","0.481666562558561","394.84","44364.0449438202","0.503437283181412","3.6222595354837"
"2013","350213","翔安区","2.26698674277924","331.46","31.9","103905.956112853","56.4263322884013","0.756531708200085","0.655554214686538","0.100977493513546","380150","119169278.996865","0.68393976430919","7.10654151341455"
"2014","350213","翔安区","2.52657677742921","355.42","32.7","108691.131498471","56.697247706422","0.759636486410444","0.217770525012661","0.653227167857746","401771","122865749.235474","0.710870738120874","7.7265344875511"
"2015","350213","翔安区","2.5164999528574","377.54","33.4","113035.928143713","56.8562874251497","0.768872172485035","0.208507707792552","0.684139428934682","400611","119943413.173653","0.666551876054829","7.53443099657904"
"2016","350213","翔安区","2.44074677140953","383.82","34.4","111575.581395349","57.6744186046512","0.727867229430462","0.249049033401073","0.630998905737064","538369","156502616.27907","0.635909220835165","7.09519410293468"
"2017","350213","翔安区","2.50926137144516","452.52","35.9","126050.139275766","58.6908077994429","0.739414832493592","0.243679837355255","0.644833377530275","638925","177973537.604457","0.554508391108716","6.98958599288345"
"2018","350213","翔安区","2.58531754830626","520.66","37.8","137740.740740741","59.7089947089947","0.731321783889679","0.253197864249222","0.638343640763646","769816","203655026.455026","0.49654621985677","6.83946441350862"
"2019","350213","翔安区","2.76390345042812","663.83","41.4","160345.410628019","63.1884057971015","0.700827018965699","0.286052151906362","0.612114547399183","1185697","286400241.545894","0.416357117097468","6.67609529088918"
"2020","350213","翔安区","2.79592376379235","705.87","58.2","121283.505154639","61.9243986254295","0.678496040347373","0.307804553246348","0.571323331491634","1204941","207034536.082474","0.396096131552885","4.8039927212927"
"2021","350213","翔安区","3.10897457571129","781.79","61","128162.295081967","70.4918032786885","0.682907174560944","0.304698192609269","0.570306604075263","129.82","21281.9672131148","0.397673873509675","5.09667963231359"
"2013","350302","城厢区","2.09200628454634","233.39","42.3","55174.9408983452","67.1394799054374","0.438322121770427","0.301298256137795","0.137023865632632","1224433","289464066.193853","0.896356435385552","4.94564133462492"
"2014","350302","城厢区","2.27678448485335","260.54","42.6","61159.6244131455","67.3239436619718","0.441621248176863","0.514431565210716","0.305327396944807","1475816","346435680.751174","0.873871376699681","5.34456451843509"
"2015","350302","城厢区","2.59604676747138","284.69","42.9","66361.3053613054","68.7645687645688","0.434858969405318","0.527521163370684","0.305068671186203","1673641","390126107.226107","0.911885478053806","6.05139106636685"
"2016","350302","城厢区","2.76691218643636","318.92","43.2","73824.0740740741","70","0.42910447761194","0.534115138592751","0.310704878966512","1926604","445973148.148148","0.867588168329474","6.40488932045454"
"2017","350302","城厢区","2.82992020217739","356.36","43.3","82300.2309468822","70.5080831408776","0.410764395555057","0.565495566281289","0.285357503647996","2145575","495513856.812933","0.794118364063697","6.53561247616025"
"2018","350302","城厢区","2.97242349462468","397.3","43.3","91755.1963048499","70.8083140877598","0.386810974075006","0.59242386106217","0.255726151522779","2378479","549302309.468822","0.748155926157735","6.86471938712397"
"2019","350302","城厢区","3.15107154618278","475.64","43.4","109594.470046083","70.9907834101382","0.380371709696409","0.598877302161299","0.240728281893869","5184315","1194542626.72811","0.662490864137327","7.26053351655018"
"2020","350302","城厢区","3.30467836482739","485.85","54.7","88820.8409506399","71.9378427787934","0.351343007100957","0.625686940413708","0.234146341463415","5451448","996608409.506398","0.680184905799607","6.04145953350528"
"2021","350302","城厢区","3.68845560979952","538.76","54.9","98134.7905282331","72.3315118397086","0.3723735986339","0.608285693072982","0.262138985819289","627.79","114351.548269581","0.684619424196213","6.7184983785055"
"2013","350303","涵江区","2.21204027240247","345.24","47.8","72225.9414225941","78.2426778242678","0.715936739659367","0.658324643726104","0.0576120959332638","873970","182838912.133891","0.640725371452459","4.62769931464952"
"2014","350303","涵江区","2.30080069802987","368.05","48.1","76517.6715176715","78.2328482328482","0.692324412443961","0.265942127428339","0.64143458769189","942279","195900000","0.625132644485768","4.78336943457353"
"2015","350303","涵江区","2.36775106159765","401.72","48.4","83000","78.2644628099174","0.68712038235587","0.272976202329981","0.631808224634073","978696","202209917.355372","0.589403331075787","4.89204764792903"
"2016","350303","涵江区","2.41491294306241","428.72","48.6","88213.9917695473","78.4979423868313","0.673399888038813","0.285384400074641","0.619681843627542","1080797","222386213.99177","0.563284414784104","4.96895667296792"
"2017","350303","涵江区","2.44655948673374","477.22","48.7","97991.7864476386","78.6036960985626","0.60762331838565","0.364381207828674","0.548091027199195","1216156","249724024.640657","0.512669101616391","5.02373611238961"
"2018","350303","涵江区","2.70520734160192","524.54","48.7","107708.41889117","78.6036960985626","0.630724062988523","0.342166469668662","0.564151446982118","1322737","271609240.246407","0.515729466123064","5.55484053717027"
"2019","350303","涵江区","2.80295919496944","545.22","48.8","111725.409836066","78.6065573770492","0.653516011885111","0.318146803125344","0.54212978247313","1732933","355109221.311475","0.51409691408412","5.74376884215049"
"2020","350303","涵江区","2.63898568576956","595.12","48","123983.333333333","79.3541666666667","0.657867320876462","0.313197338351929","0.552375991396693","1630204","339625833.333333","0.443437573223814","5.49788684535325"
"2021","350303","涵江区","2.99560332367822","639.42","48.1","132935.550935551","79.6465696465697","0.667902161333709","0.304932595164368","0.56527790810422","157.04","32648.6486486486","0.468487586199715","6.22786553779256"
"2013","350304","荔城区","2.07756640918083","260.95","51","51166.6666666667","68.6274509803922","0.622149837133551","0.495228971067254","0.126920866066296","1134084","222369411.764706","0.796154975735133","4.07365962584477"
"2014","350304","荔城区","2.25538937251628","294.78","51.3","57461.9883040936","69.1423001949318","0.608826921772169","0.336963158966009","0.490806703304159","1222488","238301754.385965","0.765109360375969","4.39647051172764"
"2015","350304","荔城区","2.37196809950472","330.38","51.7","63903.2882011605","70.3675048355899","0.597947817664508","0.350233064955506","0.488134874992433","1483582","286959767.891683","0.717951479963896","4.58794603385826"
"2016","350304","荔城区","2.8269790613885","367.61","52.1","70558.5412667946","71.5930902111324","0.586518321046761","0.362721362313321","0.486521041320965","1660654","318743570.057582","0.769015821492478","5.4260634575595"
"2017","350304","荔城区","2.82824020916636","408.79","52.3","78162.5239005736","72.6003824091778","0.585214902517185","0.378678539103207","0.478876684850412","1886981","360799426.386233","0.691856505581438","5.40772506532765"
"2018","350304","荔城区","2.88224544439915","445.08","52.3","85101.3384321224","73.1931166347992","0.548710344207783","0.415610676732273","0.443538240316348","2042511","390537476.099426","0.647579186752752","5.51098555334446"
"2019","350304","荔城区","2.92159812876134","565.79","52.5","107769.523809524","73.8095238095238","0.546510189292847","0.422418211703989","0.429063786917408","4497416","856650666.666667","0.516375002874095","5.56494881668827"
"2020","350304","荔城区","3.08126271557597","548.01","67.4","81307.1216617211","74.1543026706231","0.521742303972555","0.448112260725169","0.409080126275068","4386086","650754599.406528","0.562263957879595","4.57160640293171"
"2021","350304","荔城区","3.23356465363083","618.81","67.6","91539.9408284024","74.9556213017752","0.535544028053845","0.436305166367706","0.433364037426674","504.54","74636.0946745562","0.522545636565477","4.78337966513436"
"2013","350305","秀屿区","2.15298361743394","263.35","57.9","45483.5924006909","34.0241796200345","0.58181127776723","0.426922346686919","0.154888931080311","509950","88074265.9758204","0.817536972634874","3.71845184358193"
"2014","350305","秀屿区","2.3102101864504","302.79","58.4","51847.602739726","37.9109589041096","0.591565111133129","0.282902341556855","0.444202252386142","555814","95173630.1369863","0.762974400228013","3.95583936036027"
"2015","350305","秀屿区","2.32039027589643","329.07","58.8","55964.2857142857","39.7619047619048","0.58619746558483","0.290120643024281","0.434679551463215","611810","104049319.727891","0.705135769257735","3.94624196581025"
"2016","350305","秀屿区","2.67977561193314","368.86","59.2","62307.4324324324","42.8716216216216","0.574554031339804","0.300683186032641","0.418722550561188","682212","115238513.513514","0.726502090748018","4.5266479931303"
"2017","350305","秀屿区","2.8102085651437","422.39","59.4","71109.4276094276","44.3939393939394","0.535855489003054","0.331565614716258","0.378418049669737","754838","127077104.377104","0.665311339080873","4.73099085041027"
"2018","350305","秀屿区","2.23611667719408","463.92","59.4","78101.0101010101","46.2962962962963","0.537916020003449","0.334928435937231","0.374655112950509","827155","139251683.501684","0.482004801947336","3.76450619056242"
"2019","350305","秀屿区","2.44370104767615","475.22","59.6","79734.8993288591","47.2986577181208","0.510689785783427","0.363179159126299","0.406274988426413","1221254","204908389.261745","0.514225210991993","4.10016954308079"
"2020","350305","秀屿区","2.31141305807255","493.5","60.4","81705.298013245","43.8741721854305","0.520992907801418","0.360506585612969","0.429746707193516","1165672","192992052.980132","0.468371440338916","3.82684281137839"
"2021","350305","秀屿区","2.51492264509481","527.63","60.6","87067.6567656766","45.3795379537954","0.516403540359722","0.353637965998901","0.426454144002426","112.74","18603.9603960396","0.476645119704113","4.15003736814325"
"2013","350322","仙游县","2.111715481297","239.92","84","28561.9047619048","37.1428571428571","0.493539513171057","0.415721907302434","0.0778176058686229","698909","83203452.3809524","0.880174842154468","2.51394700154405"
"2014","350322","仙游县","2.30727060003522","275.92","84.6","32614.6572104019","39.8108747044917","0.50126848361844","0.393483618440128","0.428530008698173","783867","92655673.7588653","0.8362099884152","2.72727021280759"
"2015","350322","仙游县","2.4016713824248","309.74","85.2","36354.4600938967","41.3615023474178","0.513366048944276","0.388002841092529","0.444921547104023","840773","98682276.9953052","0.775383025254988","2.81886312491174"
"2016","350322","仙游县","2.27165374227517","339.32","85.9","39501.7462165308","42.8870779976717","0.499115878816456","0.405487445479194","0.427767299304491","881034","102565075.669383","0.669472398407158","2.64453287808518"
"2017","350322","仙游县","2.31645299204462","359.9","86.3","41703.3603707995","46.0023174971031","0.482467352042234","0.468463462072798","0.40227841066963","950558","110145770.567787","0.643637952777055","2.68418654929852"
"2018","350322","仙游县","2.40003210608119","411.58","86.3","47691.7728852839","48.8991888760139","0.48989260897031","0.464113902521988","0.40385830215268","1063337","123214020.857474","0.583126513941686","2.78103372662942"
"2019","350322","仙游县","2.6099761632333","533.52","86.7","61536.3321799308","50.1038062283737","0.541404258509522","0.419571899835058","0.465999400209927","3619775","417505767.012687","0.489199310847447","3.01035312945017"
"2020","350322","仙游县","2.54631726472849","521.49","90.5","57623.2044198895","52.3646408839779","0.492972060825711","0.464265853611766","0.412778768528639","3489238","385551160.220994","0.488277294814568","2.81361023726905"
"2021","350322","仙游县","2.81005412972768","558.34","90.8","61491.1894273128","53.1607929515419","0.492388150589247","0.466669054697854","0.413744313500734","343.64","37845.8149779736","0.503287267565942","3.0947732706252"
"2013","350402_350403","三元区（含原梅列区）","5.59997977439715","317.18","37.8","83910.0529100529","90.2116402116402","0.542909388990479","0.468913550665237","0.0739958383252412","1019109","269605555.555556","1.7655526118914","14.814761307929"
"2014","350402_350403","三元区（含原梅列区）","5.91214058269763","337.99","37.8","89415.3439153439","90.5555555555556","0.542797124175271","0.411905677682772","0.469895559040208","983200","260105820.10582","1.7492057701996","15.6405835521101"
"2015","350402_350403","三元区（含原梅列区）","6.04836146108785","348.99","37.9","92081.7941952507","90.844327176781","0.515029083927906","0.438006819679647","0.446517092180292","1060368","279780474.934037","1.73310451906583","15.9587373643479"
"2016","350402_350403","三元区（含原梅列区）","6.28114751779144","378.67","38.24","99024.5815899582","91.2918410041841","0.514273641957377","0.43887817888927","0.447196767634088","1129921","295481433.054393","1.65873914431865","16.425594973304"
"2017","350402_350403","三元区（含原梅列区）","6.25500807734548","453.26","38.8","116819.587628866","92.0618556701031","0.543639412257865","0.426686669902484","0.481335215990822","1259983","324737886.597938","1.38000442954275","16.1211548385193"
"2018","350402_350403","三元区（含原梅列区）","6.37006943613986","503.26","39.1","128710.997442455","92.5831202046036","0.556551285617772","0.413106545324484","0.4928068990184","1420492","363297186.700767","1.26576112469496","16.2917376883372"
"2019","350402_350403","三元区（含原梅列区）","7.05629531117715","582.9","39.5","147569.620253165","93.0379746835443","0.540264196260079","0.428821410190427","0.431000171556013","1923085","486856962.025316","1.2105498904061","17.8640387624738"
"2020","350402_350403","三元区（含原梅列区）","6.97108664478957","603.26","40.8","147857.843137255","92.8921568627451","0.514869210622286","0.454182276298777","0.402446706229486","1873260","459132352.941177","1.15556918157835","17.0859966784058"
"2021","350402_350403","三元区（含原梅列区）","7.79114225876305","674.39","40.88","164968.199608611","92.9060665362035","0.501401266329572","0.469906137398241","0.388276813120005","200.42","49026.4187866928","1.15528733503804","19.0585671691855"
"2013","350421","明溪县","2.64856429308783","49.41","10.1","48920.7920792079","47.5247524752475","0.447480267152398","0.349321999595224","0.0981582675571747","117037","115878217.821782","5.36038108295452","26.2234088424538"
"2014","350421","明溪县","2.64257443676796","55.21","10.1","54663.3663366337","48.5148514851485","0.454446658214092","0.294330737185293","0.34269154138743","136020","134673267.326733","4.78640542794414","26.1641033343362"
"2015","350421","明溪县","2.86004831476409","58.58","10.2","57431.3725490196","49.7058823529412","0.447251621713896","0.313588255377262","0.336804370092182","146826","143947058.823529","4.88229483571883","28.0396893604323"
"2016","350421","明溪县","2.97870786138422","64.53","10.22","63140.9001956947","50.9784735812133","0.433286843328684","0.32666976600031","0.324655199132187","154297","150975538.16047","4.61600474412555","29.1458694851685"
"2017","350421","明溪县","3.03024869310582","73.53","10.3","71388.3495145631","52.4271844660194","0.423500611995104","0.332517339861281","0.31796545627635","172026","167015533.980583","4.12110525378189","29.4198902243283"
"2018","350421","明溪县","3.0640012416241","81.61","10.3","79233.0097087379","53.3980582524272","0.429971817179267","0.340521994853572","0.32152922435976","189321","183806796.116505","3.7544433790272","29.7475848701369"
"2019","350421","明溪县","3.1557881616846","107.34","10.3","104213.59223301","54.3689320388349","0.499347866592137","0.313955654928265","0.332401714179244","239745","232762135.92233","2.93999269767524","30.6387200163553"
"2020","350421","明溪县","3.08951838563335","111","9.9","112121.212121212","52.3232323232323","0.484594594594595","0.326936936936937","0.316396396396396","235980","238363636.363636","2.78334989696698","31.2072564205389"
"2021","350421","明溪县","3.39042387764133","121.85","9.68","125878.099173554","53.6157024793388","0.479524004924087","0.343126795240049","0.308658186294625","26.69","27572.3140495868","2.78245701899165","35.0250400582782"
"2013","350423","清流县","2.77610760309997","68.37","13.5","50644.4444444444","42.2222222222222","0.494515138218517","0.358490566037736","0.136024572180781","153081","113393333.333333","4.06041773160739","20.5637600229627"
"2014","350423","清流县","2.79568064115697","75.86","13.5","56192.5925925926","43.7777777777778","0.49301344582125","0.307276562088057","0.35723701555497","185829","137651111.111111","3.68531589923144","20.7087454900516"
"2015","350423","清流县","2.61829077258851","80.86","13.6","59455.8823529412","45","0.490848379915904","0.317462280484789","0.339599307444967","189413","139274264.705882","3.2380543811384","19.252138033739"
"2016","350423","清流县","2.62712433619316","89.02","13.66","65168.3748169839","46.4128843338214","0.475286452482588","0.330712199505729","0.327117501685015","212000","155197657.393851","2.95116191439358","19.2322425782808"
"2017","350423","清流县","2.64752260846763","104.95","13.7","76605.8394160584","48.1021897810219","0.474892806098142","0.327489280609814","0.333396855645545","239571","174869343.065693","2.52265136585768","19.3249825435593"
"2018","350423","清流县","2.56765681443247","117.76","13.7","85956.2043795621","49.6350364963504","0.486073369565217","0.336362092391304","0.340608016304348","267463","195228467.153285","2.18041509377757","18.7420205433027"
"2019","350423","清流县","2.72840314682223","147.18","13.6","108220.588235294","50","0.551433618698193","0.291004212528876","0.291140100557141","486936","358041176.470588","1.85378661966451","20.0617878442811"
"2020","350423","清流县","2.73043583009009","154.58","11.8","131000","50.7627118644068","0.535644973476517","0.306960796998318","0.27209212058481","488151","413687288.135593","1.76635776302891","23.1392866956787"
"2021","350423","清流县","3.1129352679977","156.95","11.62","135068.846815835","51.5490533562823","0.495380694488691","0.344313475629181","0.207900605288308","53.06","45662.6506024096","1.98339297100841","26.7894601376738"
"2013","350424","宁化县","2.63468259979581","91.05","27.5","33109.0909090909","34.9090909090909","0.435584843492586","0.323887973640857","0.11169686985173","264577","96209818.1818182","2.89366567797453","9.58066399925749"
"2014","350424","宁化县","2.64680896898639","101.58","27.5","36938.1818181818","38.5090909090909","0.442803701516046","0.302913959440835","0.315121086828116","302037","109831636.363636","2.60563985921086","9.62475988722324"
"2015","350424","宁化县","2.45093744247125","108.64","28.1","38661.9217081851","40.6761565836299","0.443022827687776","0.321888807069219","0.302098674521355","342836","122005693.950178","2.25601752804791","8.72219730416815"
"2016","350424","宁化县","2.67665656744965","118.7","28.4","41795.7746478873","42.7112676056338","0.431760741364785","0.334962089300758","0.292165122156698","352141","123993309.859155","2.25497604671411","9.42484706848468"
"2017","350424","宁化县","2.96950537205623","128.96","28.6","45090.9090909091","44.3006993006993","0.462624069478908","0.358870967741935","0.319633995037221","392869","137366783.216783","2.30265615078802","10.3828859162805"
"2018","350424","宁化县","2.87075220418087","145.16","28.7","50578.3972125436","45.6445993031359","0.467208597409755","0.356572058418297","0.323642876825572","441723","153910452.961672","1.97764687529682","10.0026209204908"
"2019","350424","宁化县","3.04055041890748","195.14","28.8","67756.9444444444","46.1805555555556","0.456646510197807","0.398636876088962","0.251306754125243","612128","212544444.444444","1.55813796192861","10.5574667323176"
"2020","350424","宁化县","3.09398179155673","201.97","26.2","77087.786259542","48.1679389312977","0.450561964648215","0.404763083626281","0.239292964301629","604673","230791221.374046","1.53190166438418","11.8090908074684"
"2021","350424","宁化县","3.46234562564661","226.64","26.17","86602.9805120367","48.2231562858235","0.438669255206495","0.427329685845394","0.227497352629721","65.96","25204.4325563622","1.52768515074418","13.2302087338426"
"2013","350425","大田县","2.23978599869675","135.3","31.1","43504.8231511254","44.6945337620579","0.539837398373984","0.481818181818182","0.0580192165558019","340595","109516077.170418","1.65542202416611","7.20188424018248"
"2014","350425","大田县","2.45926872085599","148.68","31.1","47807.0739549839","46.1093247588424","0.533494753833737","0.284301856335755","0.467110573042776","390245","125480707.395498","1.6540682814474","7.90761646577489"
"2015","350425","大田县","2.54502997136378","157.22","31.3","50230.0319488818","47.3801916932907","0.521434931942501","0.300343467752194","0.452614171225035","437043","139630351.4377","1.61876985839192","8.13108617049131"
"2016","350425","大田县","2.85496887715645","174.52","31.6","55227.8481012658","48.7025316455696","0.50148980059592","0.31194132477653","0.43742837497135","483867","153122468.35443","1.63589782096977","9.03471163657104"
"2017","350425","大田县","2.72821063817201","202.38","31.9","63442.0062695925","50.5015673981191","0.50084000395296","0.313568534440162","0.438383239450539","536851","168291849.529781","1.34806336504201","8.55238444568028"
"2018","350425","大田县","2.65896196119089","226.7","32.1","70623.0529595016","52.0249221183801","0.501543890604323","0.320026466696074","0.439964711071901","542420","168978193.146417","1.17289896832417","8.28337059561025"
"2019","350425","大田县","3.18099961982829","217.81","32.2","67642.8571428571","52.7950310559006","0.530829622147743","0.269914145356044","0.475689821403976","532738","165446583.850932","1.46044700419094","9.87888080692015"
"2020","350425","大田县","3.54172819585602","228.72","30","76240","54.0333333333333","0.503934942287513","0.298837005946135","0.44775271073802","545726","181908666.666667","1.54849956097238","11.8057606528534"
"2021","350425","大田县","3.59816699970868","249.38","29.98","83182.1214142762","54.0693795863909","0.497754430988852","0.315342048279734","0.440091426738311","60.67","20236.8245496998","1.44284505562141","12.0018912598688"
"2013","350426","尤溪县","2.26021740820548","157.05","35.3","44490.0849858357","39.0934844192635","0.447691817892391","0.350143266475645","0.0975485514167463","351972","99708781.8696884","1.43917058784176","6.40288217621949"
"2014","350426","尤溪县","2.46299456658876","176.68","35.3","50050.9915014164","40.5099150141643","0.449569843785375","0.286506678741227","0.339314014036676","366259","103756090.651558","1.39404265711386","6.97732171838176"
"2015","350426","尤溪县","2.60851539382201","188.07","35.5","52977.4647887324","41.7746478873239","0.434306375285798","0.313074918913171","0.329292284787579","401410","113073239.43662","1.38699175510289","7.34793068682256"
"2016","350426","尤溪县","2.5719582388491","205.78","35.81","57464.3954202737","43.1164479195755","0.420983574691418","0.32884634075226","0.321751384974244","445900","124518290.980173","1.24985821695456","7.18223467983552"
"2017","350426","尤溪县","2.44193418497755","220.06","36.1","60958.4487534626","44.792243767313","0.449877306189221","0.3630827956012","0.347496137417068","494041","136853462.603878","1.10966744750411","6.76436062320651"
"2018","350426","尤溪县","2.50513066726297","246.44","36.2","68077.3480662983","46.4088397790055","0.448425580262944","0.371246550884597","0.346981009576368","524682","144939779.005525","1.01652762021708","6.9202504620524"
"2019","350426","尤溪县","2.75164058585742","215.05","36.3","59242.4242424242","47.3829201101928","0.392699372239014","0.373959544292025","0.331969309462916","655118","180473278.236915","1.27953526429083","7.58027709602595"
"2020","350426","尤溪县","2.889407865719","223.87","34.2","65459.0643274854","48.8011695906433","0.377317193013803","0.389824451690713","0.314914905972216","644089","188330116.959064","1.290663271416","8.44856101087427"
"2021","350426","尤溪县","3.16280224069042","248.02","34.22","72478.0829924021","50.2922267679719","0.370937827594549","0.411861946617208","0.306104346423676","71.39","20862.0689655172","1.27522064377486","9.24255476531391"
"2013","350427","沙县","2.34995014502196","163.81","22.8","71846.4912280702","59.2105263157895","0.535559489652646","0.471155607105793","0.0644038825468531","427418","187464035.087719","1.43455841830289","10.3067988816753"
"2014","350427","沙县","2.69449446641627","179.96","22.8","78929.8245614035","60.6140350877193","0.543454100911314","0.311902645032229","0.469326517003779","433938","190323684.210526","1.49727409780855","11.8179581860363"
"2015","350427","沙县","2.8373813625228","191.16","23","83113.0434782609","61.7826086956522","0.537403222431471","0.320883029922578","0.456267001464742","476312","207092173.913043","1.48429659056434","12.3364407066209"
"2016","350427","沙县","2.86264280494924","205.9","23.07","89250.1083658431","63.0255743389683","0.533948518698397","0.32491500728509","0.453278290432249","507687","220063719.115735","1.39030733606083","12.4085080405255"
"2017","350427","沙县","2.93938945796613","228.01","23.2","98280.1724137931","64.4827586206897","0.55326520766633","0.33669575895794","0.472523134950221","546105","235390086.206897","1.28914936097808","12.6697821464057"
"2018","350427","沙县","2.89165749870697","254.21","23.3","109103.004291845","65.6652360515021","0.555760985012391","0.335549348963455","0.473742181660832","598091","256691416.309013","1.13750737528302","12.4105472047509"
"2019","350427","沙县","2.88495727634508","314.04","23.4","134205.128205128","66.2393162393163","0.608139090561712","0.291841803591899","0.444306457776079","948211","405218376.068376","0.918659176011043","12.3288772493379"
"2020","350427","沙县","3.43627944548727","323.87","25.1","129031.87250996","70.199203187251","0.587766696514033","0.312131410751227","0.42174329206163","951798","379202390.438247","1.06100578796655","13.690356356523"
"2021","350427","沙县","3.68856490878879","354.44","25.02","141662.669864109","70.4236610711431","0.58272204040176","0.323947635707031","0.414964450964902","104.62","41814.548361311","1.04067399525697","14.7424656626251"
"2013","350428","将乐县","2.38730967071511","88.27","14.9","59241.610738255","49.6644295302013","0.538801404780786","0.406480117820324","0.132321286960462","180397","121071812.080537","2.70455383563511","16.022212555135"
"2014","350428","将乐县","2.95990610119265","96.95","14.9","65067.1140939597","50.8053691275168","0.546157813305828","0.2867457452295","0.392882929345023","187633","125928187.919463","3.05302331221521","19.8651416187426"
"2015","350428","将乐县","2.91894688077527","101.88","15","67920","52","0.529839026305457","0.306733411857087","0.380840204161759","204304","136202666.666667","2.86508331446336","19.4596458718351"
"2016","350428","将乐县","3.01406794874527","108.64","15.12","71851.8518518519","53.1746031746032","0.524576583210604","0.310935198821797","0.372882916053019","226209","149609126.984127","2.77436298669484","19.9343118303259"
"2017","350428","将乐县","3.12500908782954","121.22","15.2","79750","54.8026315789474","0.548259363141396","0.318841775284606","0.397294175878568","252576","166168421.052632","2.57796492973894","20.559270314668"
"2018","350428","将乐县","3.09898408921128","137.81","15.3","90071.8954248366","55.5555555555556","0.546767288295479","0.321094260213337","0.394238444234816","288470","188542483.660131","2.24873673115977","20.2547979687012"
"2019","350428","将乐县","3.33784008030531","157.96","15.4","102571.428571429","56.4935064935065","0.512281590276019","0.363383134970879","0.376930868574323","513835","333659090.909091","2.11309197284459","21.6742862357488"
"2020","350428","将乐县","3.4207523252305","165.31","14.5","114006.896551724","58.6896551724138","0.493981005383824","0.382191035025104","0.35545339059948","528242","364304827.586207","2.0692954601842","23.5913953464172"
"2021","350428","将乐县","3.81558742454964","180.48","14.34","125857.740585774","59.3444909344491","0.493849734042553","0.38779920212766","0.350786790780142","58.26","40627.6150627615","2.11413310314142","26.6080015658971"
"2013","350429","泰宁县","2.82051770856681","70.1","11.1","63153.1531531532","45.045045045045","0.454493580599144","0.346647646219686","0.107845934379458","173750","156531531.531532","4.02356306500258","25.4100694465478"
"2014","350429","泰宁县","3.0552736602324","76.93","11.1","69306.3063063063","46.3063063063063","0.461068503834655","0.352528272455479","0.342389184973352","176099","158647747.747748","3.97149832345301","27.5249879300216"
"2015","350429","泰宁县","2.89355388622973","82.98","11.2","74089.2857142857","47.5","0.441793203181489","0.368161002651241","0.319354061219571","199543","178163392.857143","3.48704975443448","25.8353025556226"
"2016","350429","泰宁县","2.45245827666114","90.27","11.31","79814.3236074271","48.8063660477454","0.42960008862302","0.382851445663011","0.311842251024704","220530","194986737.400531","2.71680323104148","21.6839812260048"
"2017","350429","泰宁县","2.47391720179718","94.45","11.4","82850.8771929824","50.4385964912281","0.456643726839598","0.419481206987824","0.332874536791953","240117","210628947.368421","2.61928766733423","21.7010280859402"
"2018","350429","泰宁县","2.53582464352881","105.15","11.5","91434.7826086957","51.304347826087","0.456490727532097","0.417593913456966","0.329339039467427","264518","230015652.173913","2.41162590920476","22.0506490741636"
"2019","350429","泰宁县","2.72089093363928","99.51","11.6","85784.4827586207","52.3275862068966","0.499949753793589","0.354336247613305","0.305496934981409","312017","268980172.413793","2.73428894949179","23.4559563244766"
"2020","350429","泰宁县","2.88692856677325","103.07","10.5","98161.9047619048","58.0952380952381","0.487144658969632","0.368293392839818","0.288250703405453","304180","289695238.095238","2.80093971744761","27.4945577787929"
"2021","350429","泰宁县","3.08706239618164","102.16","10.26","99571.1500974659","59.4541910331384","0.448414252153485","0.400548159749413","0.22288566953798","30.08","29317.738791423","3.0217916955576","30.0883274481641"
"2013","350430","建宁县","2.93320923715839","66.9","12.1","55289.2561983471","38.0165289256198","0.510014947683109","0.266666666666667","0.243348281016442","142763","117985950.413223","4.38446821697816","24.2413986542016"
"2014","350430","建宁县","3.00115011430365","74.14","12.1","61272.7272727273","40.0826446280992","0.514567035338549","0.252765039115187","0.261667116266523","162687","134452066.115702","4.04794997882877","24.8028935066417"
"2015","350430","建宁县","3.02267796671157","80.09","12.2","65647.5409836066","41.7213114754098","0.510925209139718","0.268198276938444","0.253215132975403","186256","152668852.459016","3.7741015940961","24.7760489074719"
"2016","350430","建宁县","2.8316857416459","87.55","12.25","71469.387755102","42.9387755102041","0.492061679040548","0.289548829240434","0.247058823529412","215808","176169795.918367","3.23436406812781","23.1158019726196"
"2017","350430","建宁县","3.00141284985421","95.31","12.3","77487.8048780488","44.390243902439","0.510649459657958","0.330395551358724","0.267443080474242","241212","196107317.073171","3.1491059173793","24.4017304866196"
"2018","350430","建宁县","3.07402252768206","107.87","12.1","89148.7603305785","46.2809917355372","0.513766570872346","0.329377954945768","0.26995457495133","272714","225383471.07438","2.84974740676931","25.4051448568765"
"2019","350430","建宁县","3.21098734350458","132.97","12.1","109892.561983471","47.1074380165289","0.582763029254719","0.277656614273896","0.304128750846056","360840","298214876.033058","2.41482089456613","26.5370854835089"
"2020","350430","建宁县","3.39288871957555","140.29","11.5","121991.304347826","49.5652173913044","0.564687433174139","0.300449069784019","0.283484211276641","359870","312930434.782609","2.41848222936457","29.5033801702222"
"2021","350430","建宁县","3.48948725984934","151.18","11.38","132847.100175747","50.0878734622144","0.57262865458394","0.297658420425982","0.282643206773383","39.71","34894.5518453427","2.3081672574741","30.663332687604"
"2013","350481","永安市","2.23422467503988","270.16","34.8","77632.183908046","63.7931034482759","0.590501924785312","0.533165531536867","0.0573363932484454","684614","196728160.91954","0.827000545987518","6.42018584781575"
"2014","350481","永安市","2.39810044804679","297.23","34.8","85410.9195402299","65.0862068965517","0.595229283719678","0.313460956161895","0.53339164956431","724505","208191091.954023","0.806816420969212","6.89109324151376"
"2015","350481","永安市","2.38508902135204","314.58","35","89880","66.3714285714286","0.583126708627376","0.328056456227351","0.519740606522983","800345","228670000","0.758182027259215","6.81454006100583"
"2016","350481","永安市","2.61833266002616","337.24","35.32","95481.3137032842","67.4971687429219","0.572322381686633","0.337623057763017","0.508747479539794","857980","242916194.790487","0.776400385489906","7.41317287663126"
"2017","350481","永安市","2.86010268288781","380.52","35.5","107188.732394366","69.2112676056338","0.586933669715127","0.339141175233891","0.525176074844949","958987","270137183.098592","0.75163005436976","8.05662727574031"
"2018","350481","永安市","2.96756339332106","427.76","35.7","119820.728291317","70.0280112044818","0.592411632691229","0.331377407892276","0.530671404525902","1075069","301139775.910364","0.693744948878123","8.31250250229989"
"2019","350481","永安市","3.05804555844928","431.65","35.8","120572.625698324","70.391061452514","0.613761149079115","0.30302328275223","0.511224371597359","1256195","350892458.100559","0.70845489596879","8.542026699579"
"2020","350481","永安市","3.08636917973366","446.26","34.5","129350.724637681","72","0.588289338054049","0.327701340025994","0.484157217765428","1281163","371351594.202899","0.691607847383512","8.94599762241641"
"2021","350481","永安市","3.36917854147883","487.99","34.45","141651.669085631","72.133526850508","0.584909526834566","0.335888030492428","0.47816553617902","141.01","40931.7851959361","0.690419586769981","9.77990868353797"
"2013","350502","鲤城区","2.40029049406217","320.17","42","76230.9523809524","100","0.58319018021676","0.535621700971359","0.0475684792454009","2422082","576686190.47619","0.749692505251013","5.71497736681469"
"2014","350502","鲤城区","2.60092322262438","340.19","42.7","79669.7892271663","100","0.580763690878627","0.41891296040448","0.531938034627708","2705073","633506557.377049","0.764550169794638","6.0911550881133"
"2015","350502","鲤城区","2.60067054779363","376.55","43.2","87164.3518518519","100","0.583162926570177","0.41657150444828","0.535758863364759","3336056","772235185.185185","0.690657428706315","6.02007071248525"
"2016","350502","鲤城区","2.56254597231023","410.11","43.7","93846.6819221968","100","0.575333447123942","0.424373948452854","0.528955646046183","3703620","847510297.482837","0.624843571800305","5.86394959338725"
"2017","350502","鲤城区","2.63500238180272","464.96","43.9","105913.439635535","100","0.572629903647626","0.427112009635237","0.5268840330351","4172850","950535307.517084","0.566715928639608","6.00228332984674"
"2018","350502","鲤城区","2.72304768150424","526.77","44.3","118909.706546275","100","0.56028247622302","0.43948972037132","0.515367238073543","4560089","1029365462.75395","0.516932946353103","6.1468344954949"
"2019","350502","鲤城区","2.89544807783231","648.41","44.5","145710.112359551","100","0.527258987369103","0.472447988155642","0.485587822519702","3686149","828348089.88764","0.446545870333941","6.50662489400519"
"2020","350502","鲤城区","2.90420761648202","621.85","42.8","145292.056074766","100","0.48897644126397","0.510685856717858","0.446425986974351","3397741","793864719.626168","0.467027034892984","6.78553181421033"
"2021","350502","鲤城区","3.17937966136628","705.01","42.9","164337.995337995","100","0.493014283485341","0.506772953575127","0.446475936511539","419.74","97841.4918414918","0.450969441762001","7.4111414017862"
"2013","350503","丰泽区","2.34993661988254","413.36","54.8","75430.6569343066","100","0.401877298238823","0.289674859686472","0.112202438552351","2209670","403224452.554745","0.56849637601184","4.28820551073456"
"2014","350503","丰泽区","2.53757671875049","442.25","55.6","79541.3669064748","100","0.394821933295647","0.602193329564726","0.278371961560203","2427675","436632194.244604","0.573787839174786","4.5639869042275"
"2015","350503","丰泽区","2.63989670077691","480.49","56.5","85042.4778761062","100","0.381839372307436","0.615122062894129","0.26641553414223","2124586","376032920.353982","0.549417615512687","4.67238354119807"
"2016","350503","丰泽区","2.89128792329344","518.18","57.1","90749.5621716287","100","0.347427534833456","0.649735613107414","0.233220116561813","2468390","432292469.352014","0.557969802634884","5.06355152941058"
"2017","350503","丰泽区","2.97502705510965","590.96","57.9","102065.630397237","100","0.322238391769325","0.675663327467172","0.210877216732097","2487417","429605699.481865","0.503422745212815","5.13821598464534"
"2018","350503","丰泽区","3.38720785139945","659.97","58.3","113202.401372213","100","0.298089307089716","0.699198448414322","0.187417609891359","2773364","475705660.377358","0.513236639756269","5.80996200926149"
"2019","350503","丰泽区","3.55199113990709","723.85","60.3","120041.459369818","100","0.214602472888029","0.782855563998066","0.125067348207502","5293524","877864676.616916","0.490708177095681","5.89053257032685"
"2020","350503","丰泽区","3.5445244683401","763.92","70.1","108975.7489301","100","0.194732432715468","0.803055293748037","0.109500994868573","5239187","747387589.158345","0.463991578743861","5.05638297908716"
"2021","350503","丰泽区","3.6655210361063","807.48","72","112150","100","0.188512408976074","0.809122207361173","0.114999752315847","559.87","77759.7222222222","0.45394573687352","5.09100143903653"
"2013","350504","洛江区","2.39468625848505","123.79","20.2","61282.1782178218","52.4752475247525","0.737216253332256","0.662816059455529","0.0744001938767267","231668","114687128.712871","1.93447472209795","11.8548824677478"
"2014","350504","洛江区","2.5913386292734","132.89","20.8","63889.4230769231","53.9903846153846","0.741967040409361","0.228685378884792","0.665287079539469","258077","124075480.769231","1.94998768099436","12.4583587945837"
"2015","350504","洛江区","2.6216970356239","141.58","20.9","67741.6267942584","54.9760765550239","0.739723124735132","0.233083768893912","0.661887272213589","278837","133414832.535885","1.85174250291277","12.5440049551383"
"2016","350504","洛江区","2.68043472418438","154.59","21.2","72919.8113207547","56.5094339622642","0.73665825732583","0.235396856200272","0.660456691894689","324635","153129716.981132","1.7338991682414","12.6435600197376"
"2017","350504","洛江区","2.83567257649373","175.95","21.5","81837.2093023256","57.5813953488372","0.727365728900256","0.251832907075874","0.652685421994885","402451","187186511.627907","1.611635451261","13.1891747743894"
"2018","350504","洛江区","3.03757555945933","200.56","21.8","92000","58.5779816513761","0.724122457120064","0.255235341045074","0.647736338252892","517048","237177981.651376","1.51454704799528","13.9338328415566"
"2019","350504","洛江区","3.11334753752805","282.1","21.9","128812.785388128","59.5890410958904","0.650372208436724","0.331194611839773","0.548670684154555","658180","300538812.785388","1.10363259040342","14.2161988014979"
"2020","350504","洛江区","3.24024666438317","284.94","24.8","114895.161290323","58.6693548387097","0.644346178142767","0.336702463676563","0.544395311293606","682666","275268548.387097","1.13716805797121","13.0655107434805"
"2021","350504","洛江区","3.59959217012599","333.13","25.5","130639.215686275","61.4901960784314","0.622789901840123","0.361600576351574","0.538498484075286","85.45","33509.8039215686","1.08053677847267","14.1160477259843"
"2013","350505","泉港区","2.36040690576801","297.88","32.3","92222.9102167183","44.2724458204334","0.711259567611119","0.61111857123674","0.100140996374379","655993","203093808.049536","0.792401942315029","7.30776131816721"
"2014","350505","泉港区","2.56840079068219","344.38","32.4","106290.12345679","46.5123456790123","0.728526627562576","0.241187060804925","0.632702247517277","741000","228703703.703704","0.745804283257503","7.92716293420429"
"2015","350505","泉港区","2.54085833397994","333.4","32.5","102584.615384615","48.2769230769231","0.692261547690462","0.276184763047391","0.585662867426515","702753","216231692.307692","0.762105079178147","7.8180256430152"
"2016","350505","泉港区","2.52989770193232","407.39","32.9","123826.747720365","49.7872340425532","0.723900930312477","0.24762512580083","0.630894229117062","798598","242734954.407295","0.621001424171511","7.6896586684873"
"2017","350505","泉港区","2.60203073082844","526.89","33.4","157751.497005988","51.5868263473054","0.764466966539505","0.217901269714741","0.684715974871415","894005","267666167.664671","0.493847051723973","7.79051117014503"
"2018","350505","泉港区","2.67120689323714","654.11","33.6","194675.595238095","52.5","0.781504639892373","0.20097537111495","0.70624206937671","1070804","318691666.666667","0.408372734438724","7.95002051558673"
"2019","350505","泉港区","2.82839704738963","720.99","33.6","214580.357142857","53.6904761904762","0.79965048058919","0.184981761189476","0.70827612033454","1588846","472870833.333333","0.392293519659029","8.41784835532628"
"2020","350505","泉港区","2.84004063629757","734.44","35.5","206884.507042254","55.6619718309859","0.799507107456021","0.185733347856871","0.704958880235281","1338702","377099154.929577","0.386694711112898","8.00011446844386"
"2021","350505","泉港区","3.14550539055664","657.8","35.9","183231.197771588","56.4902506963788","0.755594405594406","0.226527820006081","0.664320462146549","150.64","41961.0027855153","0.478185678102256","8.76185345558953"
"2013","350521","惠安县","2.39931150890066","619.87","96.9","63970.0722394221","52.5283797729618","0.658605836707697","0.561972671689225","0.0966331650184716","1637430","168981424.148607","0.387066886427906","2.47606966862813"
"2014","350521","惠安县","2.5996502444406","691.81","98.4","70305.8943089431","53.9024390243902","0.672858154695653","0.286870672583513","0.57689249938567","1795386","182457926.829268","0.375775175906766","2.64192098012256"
"2015","350521","惠安县","2.59967264357746","749.7","99.5","75346.7336683417","55.1557788944724","0.670294784580499","0.291063091903428","0.574976657329598","2212322","222343919.59799","0.346761723833195","2.61273632520348"
"2016","350521","惠安县","2.56154138081137","819.23","100.3","81677.9661016949","56.370887337986","0.670104854558549","0.292921401804133","0.57704185637733","2496185","248871884.346959","0.312676706274352","2.55387974158661"
"2017","350521","惠安县","2.62747534093025","949.31","101.3","93712.7344521224","57.7986179664363","0.679335517375778","0.28948394096765","0.589491314744393","2737609","270247680.157947","0.276777379457738","2.59375650634773"
"2018","350521","惠安县","2.7217149292625","1094.53","101.9","107412.168792934","59.0186457311089","0.679963089179831","0.29228070496012","0.58923008049117","3051069","299417958.783121","0.248665174025609","2.67096656453631"
"2019","350521","惠安县","2.89403095047324","1318.11","102.2","128973.581213307","59.5499021526419","0.729241110377738","0.245806495664247","0.594616534280144","5201542","508957142.857143","0.219559137740647","2.8317328282517"
"2020","350521","惠安县","2.88125207502868","1317.71","103.2","127685.07751938","56.6666666666667","0.71063435809093","0.26512662118372","0.578260770579263","5052932","489625193.79845","0.218656007393788","2.79191092541539"
"2021","350521","惠安县","3.14243541591655","1491.13","104.1","143240.153698367","58.299711815562","0.705216848966891","0.271029353577488","0.589526064125864","560.97","53887.6080691643","0.210741881386368","3.01866994804664"
"2013","350524","安溪县","2.39921361038451","381.23","99.5","38314.5728643216","38.391959798995","0.556225900375102","0.493875088529234","0.0623508118458673","1415910","142302512.562814","0.629334944884849","2.41126996018544"
"2014","350524","安溪县","2.5996502444406","410.19","99.8","41101.2024048096","40.9018036072144","0.55230502937663","0.361369121626563","0.488139642604647","1595858","159905611.222445","0.633767338170263","2.60485996436934"
"2015","350524","安溪县","2.57891539298696","424.03","100.5","42192.039800995","42.5572139303483","0.533004740230644","0.380515529561588","0.466122679999057","2052494","204228258.706468","0.608191730063194","2.56608496814623"
"2016","350524","安溪县","2.51785584435319","466.37","101.2","46083.9920948617","44.703557312253","0.52619165040633","0.384587344812059","0.46120033449836","2322600","229505928.853755","0.539883749888112","2.4879998461988"
"2017","350524","安溪县","2.61101662971178","516.29","101.9","50666.339548577","46.4965652600589","0.51108872920258","0.397993375815917","0.445524801952391","2624168","257523846.908734","0.505726748476976","2.56233231571323"
"2018","350524","安溪县","2.67836958668158","574.38","102.5","56037.0731707317","47.8926829268293","0.498433093074271","0.424248755179498","0.431404296806992","3108110","303230243.902439","0.466306206114694","2.61304349920154"
"2019","350524","安溪县","2.82265890839753","731.49","102.7","71225.9006815969","48.9970788704966","0.515905890716209","0.412213427387934","0.426007190802335","5631972","548390652.385589","0.385877989910666","2.74845073845913"
"2020","350524","安溪县","2.85962631272377","747.63","100.4","74465.1394422311","49.6314741035857","0.507604028730789","0.417171595575351","0.411955111485628","5684176","566152988.047809","0.382492183663546","2.84823337920694"
"2021","350524","安溪县","3.13060075609679","845.61","100.2","84392.2155688623","52.3952095808383","0.514445193410674","0.418159671716276","0.426319461690377","642.18","64089.8203592814","0.370218038587149","3.1243520519928"
"2013","350525","永春县","2.37251902501387","262.16","45.7","57365.4266958424","56.4551422319475","0.570758315532499","0.511710405859017","0.0590479096734818","785560","171894967.177243","0.904988947594549","5.19150771337827"
"2014","350525","永春县","2.57565175657606","290.25","45.5","63791.2087912088","57.2967032967033","0.578225667527993","0.346528854435831","0.519000861326443","880457","193507032.967033","0.887390786072717","5.66077309137596"
"2015","350525","永春县","2.56894618520491","306.02","45.8","66816.5938864629","57.7510917030568","0.563623292595255","0.361283576236847","0.503202405071564","935483","204253930.131004","0.839470029803578","5.60905280612426"
"2016","350525","永春县","2.49548493358994","329.62","46","71656.5217391304","58.5","0.549117165220557","0.372853588981251","0.489472726169529","842063","183057173.913043","0.757079343968794","5.42496724693465"
"2017","350525","永春县","2.56539838319213","373.31","46.5","80281.7204301075","59.0967741935484","0.570383863277169","0.37443411641799","0.511933781575634","874051","187967956.989247","0.687203231414141","5.51698577030566"
"2018","350525","永春县","2.6561430196049","419.46","46.8","89628.2051282051","59.7008547008547","0.566037286034425","0.376817813379106","0.50929766843084","1020655","218088675.213675","0.6332291564404","5.67551927266004"
"2019","350525","永春县","2.84186700772752","484.1","46.8","103440.170940171","60.1923076923077","0.631233216277629","0.316773393926875","0.556042140053708","1735040","370735042.735043","0.58704131537441","6.07236540112718"
"2020","350525","永春县","2.83253450676837","494.52","42.2","117184.834123223","61.2796208530806","0.620338914502952","0.326134433389954","0.546267087276551","1683210","398864928.909953","0.572784620797616","6.71216707765016"
"2021","350525","永春县","3.11595376479015","541.23","42.2","128253.55450237","61.8957345971564","0.609796204940598","0.340668477357131","0.551724775049425","185.05","43850.7109004739","0.57571711930051","7.38377669381552"
"2013","350526","德化县","2.33128321415257","154.74","28.3","54678.445229682","72.4381625441696","0.596742923613804","0.468140105984232","0.128602817629572","486533","171919787.985866","1.5065808544349","8.23774987333064"
"2014","350526","德化县","2.56742568773646","170.15","28.2","60336.8794326241","73.0851063829787","0.607757860711137","0.33300029385836","0.478225095503967","535252","189805673.758865","1.50891900542842","9.10434641041298"
"2015","350526","德化县","2.53757817943182","182.36","28.4","64211.2676056338","73.556338028169","0.598925202895372","0.348705856547488","0.469072164948454","495507","174474295.774648","1.39152126531686","8.93513443461909"
"2016","350526","德化县","2.48168379046598","194.31","28.7","67703.8327526132","74.1114982578397","0.579280531110082","0.367762853172765","0.448921825948227","551849","192281881.533101","1.27717759789305","8.64698184831352"
"2017","350526","德化县","2.57486208054858","221.05","29.3","75443.6860068259","74.8122866894198","0.581271205609591","0.376792580864058","0.453698258312599","618211","210993515.358362","1.16483242730087","8.7879251895856"
"2018","350526","德化县","2.62175123072422","246.23","29.6","83185.8108108108","75.4054054054054","0.560898347073874","0.389432644275677","0.428583032124437","782437","264336824.324324","1.06475702827609","8.85726767136561"
"2019","350526","德化县","2.79149947107305","278.15","29.7","93653.1986531986","75.5892255892256","0.59978428905267","0.351213374078735","0.466546827251483","1279192","430704377.104377","1.00359499229662","9.39898811809108"
"2020","350526","德化县","2.79111164125575","287.66","33.3","86384.3843843844","78.1381381381381","0.591253563234374","0.364423277480359","0.452826253215602","1256711","377390690.690691","0.97028145771249","8.38171664040766"
"2021","350526","德化县","3.05901806999012","327.48","33.7","97175.0741839762","78.6053412462908","0.593165994869916","0.368633198973983","0.456211066324661","142.73","42353.115727003","0.934108363866532","9.0772049554603"
"2013","350581","石狮市","2.61813182959537","570.93","66.3","86113.1221719457","77.0739064856712","0.596342809100941","0.544777818646769","0.0515649904541713","3084690","465262443.438914","0.458573175274617","3.94891678672002"
"2014","350581","石狮市","2.62561828931407","638.37","67.6","94433.4319526627","77.7958579881657","0.594843116061218","0.374610335698733","0.544088851293137","3523509","521229142.011834","0.411300388381984","3.88405072383738"
"2015","350581","石狮市","2.55071077960484","676.28","68.3","99016.1054172767","77.9502196193265","0.567087596853374","0.403309280179807","0.515600047317679","3571811","522959150.805271","0.377167856450707","3.73456922343315"
"2016","350581","石狮市","2.12831843411395","703.68","68.8","102279.069767442","78.4011627906977","0.526574579354252","0.439930081855389","0.473823328785812","4001134","581560174.418605","0.302455439136248","3.09348609609586"
"2017","350581","石狮市","2.25829902315909","772.72","69.1","111826.338639653","79.1027496382055","0.505357697484212","0.461706698415985","0.451728957449011","4452945","644420405.209841","0.292253212439058","3.26816067027365"
"2018","350581","石狮市","2.23631523778417","836.03","69.3","120639.24963925","79.7979797979798","0.493475114529383","0.476023587670299","0.437209191057737","4947963","713991774.891775","0.267492223698213","3.22700611512867"
"2019","350581","石狮市","2.38121291672885","917.84","69.4","132253.602305476","79.8991354466859","0.468251547110607","0.50444521921032","0.413612394317092","5594823","806170461.095101","0.25943660297316","3.43114253130958"
"2020","350581","石狮市","2.37818983314424","937.16","68.6","136612.244897959","86.0058309037901","0.451417047249136","0.522664219556959","0.400113107687055","5434006","792129154.518951","0.253765614531589","3.46674902790706"
"2021","350581","石狮市","2.64467319986494","1072.51","68.9","155661.8287373","86.0957910014514","0.444406112763517","0.529682706921148","0.40109649327279","617.16","89573.2946298984","0.246587276562917","3.83842264131341"
"2013","350582","晋江市","2.34520370162373","1363.94","204.5","66696.3325183374","62.7872860635697","0.674340513512325","0.636171679106119","0.0381688344062056","3735707","182675158.924205","0.171943318740101","1.14679887609962"
"2014","350582","晋江市","2.53120106030715","1492.86","206.5","72293.4624697337","64","0.669158527926262","0.318355371568667","0.631298313304664","4205481","203655254.237288","0.169553813506099","1.22576322533034"
"2015","350582","晋江市","2.7216231203038","1620.47","207.8","77982.1944177093","64.2540904716073","0.637123797416799","0.350780946268675","0.599486568711547","5357099","257800721.847931","0.167952700161299","1.30973201169577"
"2016","350582","晋江市","3.31601968445669","1744.24","209.2","83376.673040153","64.8996175908222","0.607731734165023","0.380045177269183","0.572071503921479","5882794","281204302.103251","0.190112581093008","1.58509545146113"
"2017","350582","晋江市","3.49857011153081","1981.5","210.3","94222.5392296719","66.1008083689967","0.603245016401716","0.38672218016654","0.566924047438809","6672800","317299096.528768","0.176561701313692","1.6636091828487"
"2018","350582","晋江市","3.57427076900989","2229","211.1","105589.76788252","67.0014211274278","0.5983355764917","0.392557200538358","0.56090623598026","7105294","336584272.856466","0.160353107627182","1.69316474135949"
"2019","350582","晋江市","3.49231644468709","2546.18","211.9","120159.509202454","67.3997168475696","0.623243447046163","0.368732768303891","0.593732571931285","15115615","713337187.352525","0.137159055710401","1.64809648168338"
"2020","350582","晋江市","2.28482395500631","2616.11","206.2","126872.453928225","68.6905916585839","0.602925717955285","0.389326136897913","0.577513942456548","15135428","734016876.818623","0.0873366928380806","1.10806205383429"
"2021","350582","晋江市","3.40247062164667","2986.41","206.9","144340.744320928","69.5021749637506","0.611192033243928","0.38184977950114","0.5888943581089","1640.96","79311.7448042533","0.113931798435133","1.64450005879491"
"2013","350583","南安市","2.39940940741681","709.99","145.5","48796.5635738832","53.8831615120275","0.631825800363385","0.584937816025578","0.0468879843378076","2790432","191782268.041237","0.337949746815703","1.64907863052702"
"2014","350583","南安市","2.60071105959375","780.51","146.5","53277.133105802","55.2969283276451","0.633342301828292","0.336831046367119","0.586296139703527","3226527","220240750.853242","0.333206628946939","1.77522939221416"
"2015","350583","南安市","2.58954056305816","843.38","147.6","57139.566395664","55.7520325203252","0.614218976025042","0.356482249994071","0.567454765348953","3528935","239087737.127371","0.307043155286841","1.75443127578466"
"2016","350583","南安市","2.51993286485324","898.14","148.9","60318.3344526528","56.8032236400269","0.602667735542343","0.365967443828356","0.555937827064823","3854668","258876292.813969","0.28057239014555","1.69236592669794"
"2017","350583","南安市","2.59010554329719","977.38","149.9","65202.1347565043","58.5990660440294","0.589750148355808","0.382911457160981","0.541836337964763","4403008","293729686.457638","0.265004966675928","1.72788895483468"
"2018","350583","南安市","2.67642855206887","1067.82","150.8","70810.3448275862","59.8010610079576","0.573888857672641","0.400367103069806","0.524713903092281","5142052","340984880.636605","0.250644167750077","1.77481999474063"
"2019","350583","南安市","2.84697407569605","1295.44","151","85790.7284768212","60.5033112582781","0.59467053665164","0.381746742419564","0.549187920706478","7733795","512171854.304636","0.219768887458782","1.88541329516295"
"2020","350583","南安市","2.85512175326947","1352.72","151.9","89053.3245556287","61.7379855167874","0.585043467975634","0.387988645100243","0.539934354485777","7383970","486107307.439105","0.211065242863968","1.87960615751776"
"2021","350583","南安市","3.12667590525491","1536.36","152.7","100612.966601179","63.6018336607728","0.598264729620662","0.37996953838944","0.558560493634304","814.98","53371.3163064833","0.203511931139506","2.04759391306805"
"2013","350602","芗城区","1.89215028102631","386.04","58.2","66329.8969072165","89.0034364261168","0.462490933582012","0.362345870894208","0.100145062687804","1726058","296573539.5189","0.49014358124192","3.25111732135105"
"2014","350602","芗城区","2.04364160412851","419.33","58.44","71753.9356605065","89.9041752224504","0.458230987527723","0.524407984165216","0.364200033386593","1518142","259777891.854894","0.487358787620373","3.49699110904947"
"2015","350602","芗城区","1.98744754098375","464.18","58.8","78942.1768707483","90.1530612244898","0.440648024473265","0.542031108621655","0.356822784264725","1670199","284047448.979592","0.428163113659302","3.3800128248023"
"2016","350602","芗城区","1.98793726226907","526","59.1","89001.6920473773","90.7952622673435","0.43171102661597","0.550836501901141","0.350684410646388","1838929","311155499.153976","0.377934840735565","3.36368403091213"
"2017","350602","芗城区","2.37658874156264","592.44","59.7","99236.1809045226","90.9045226130653","0.434525015191412","0.55193774897036","0.362163257038687","2008466","336426465.661642","0.401152646945284","3.98088566425903"
"2018","350602","芗城区","2.71414923582519","642.63","60.04","107033.644237175","91.0059960026649","0.438992888598416","0.5463641597809","0.361810061777384","2236622","372521985.343105","0.422350222651478","4.520568347477"
"2019","350602","芗城区","2.90154433222313","771.36","60.23","128069.06857048","91.200398472522","0.434647894627671","0.55080636797345","0.324154739680564","3244944","538758758.093973","0.376159553544795","4.81744036563694"
"2020","350602","芗城区","1.97188865360111","752.46","64","117571.875","89.40625","0.408712755495309","0.575578768306621","0.284905509927438","2964609","463220156.25","0.262058933843807","3.08107602125173"
"2021","350602","芗城区","1.89336883617494","827.34","64.2","128869.158878505","90.7009345794392","0.452812628423623","0.53160731984432","0.319711364130829","313.29","48799.0654205607","0.228850150624283","2.94917264201704"
"2013","350603","龙文区","1.86718543096889","128.44","18.5","69427.027027027","84.3243243243243","0.555434444098412","0.420118343195266","0.135316100903145","747232","403909189.189189","1.45374138194401","10.0928942214535"
"2014","350603","龙文区","2.02325757599326","146.54","18.56","78954.7413793103","85.1293103448276","0.551590009553706","0.415313225058005","0.408352668213457","786633","423832435.344828","1.38068621263359","10.9011722844464"
"2015","350603","龙文区","2.02306102822152","165.06","18.7","88267.3796791444","86.2032085561497","0.534290561008118","0.437234944868533","0.398582333696838","987916","528297326.203209","1.22565190126107","10.8185081723076"
"2016","350603","龙文区","1.9934039287039","190.8","19.1","99895.2879581152","88.2198952879581","0.50461215932914","0.465880503144654","0.385377358490566","1162837","608815183.246073","1.04476096892238","10.4366697837901"
"2017","350603","龙文区","2.04976774644158","222.38","19.3","115222.797927461","89.0155440414508","0.50845399766166","0.463395988847918","0.388434211709686","1338933","693747668.393782","0.921741049753386","10.620558271718"
"2018","350603","龙文区","2.11825816732082","246.27","19.48","126421.971252567","89.9897330595483","0.501644536484346","0.471230762983717","0.379177325699436","1541992","791577002.053388","0.860136503561465","10.8740152326531"
"2019","350603","龙文区","2.25236839512202","361.36","19.56","184744.376278119","90.0817995910021","0.382720832410892","0.600647553686075","0.278946203232234","2341258","1196962167.68916","0.623303186606714","11.5151758441821"
"2020","350603","龙文区","2.25918244079459","349.07","30.5","114449.180327869","90.9180327868852","0.333514767811614","0.649439940413098","0.219812645028218","2211338","725028852.459016","0.647200401293319","7.40715554358882"
"2021","350603","龙文区","2.4732387187699","375.89","30.62","122759.634225996","91.8027433050294","0.366224161323792","0.620128229003166","0.242464550799436","235.24","76825.6041802743","0.657968745848493","8.07720025724984"
"2013","350622","云霄县","1.89949207324245","120.95","41.3","29285.7142857143","45.5205811138015","0.466225713104589","0.409921455146755","0.0563042579578338","494040","119622276.029056","1.57047711719095","4.59925441463063"
"2014","350622","云霄县","2.04928431482674","136.09","41.56","32745.4282964389","45.9095283926853","0.487618487765449","0.33793812917922","0.422881916378867","459879","110654234.841193","1.50583019680119","4.93090547359658"
"2015","350622","云霄县","2.25026621882975","157.56","41.9","37603.8186157518","46.873508353222","0.472264534145722","0.343742066514344","0.406956080223407","536598","128066348.448687","1.42819638158781","5.3705637680901"
"2016","350622","云霄县","2.79259624911229","179.72","42","42790.4761904762","48.1904761904762","0.463443133763632","0.368962831070554","0.401902960160249","618267","147206428.571429","1.55385947535738","6.64903868836259"
"2017","350622","云霄县","2.61224210354778","200.46","42.4","47278.3018867925","50.9905660377359","0.487827995610097","0.37847949715654","0.423974857826998","709035","167225235.849057","1.30312386688007","6.16094835742401"
"2018","350622","云霄县","2.75700224504355","230.11","42.78","53789.1538101917","52.1037868162693","0.459171700491069","0.378601538394681","0.399287297379514","812572","189942028.985507","1.19812361263898","6.44460552838604"
"2019","350622","云霄县","3.17529087725491","260.72","41.23","63235.5081251516","52.7043414989086","0.476756673826327","0.380062902730899","0.420067505369745","1317119","319456463.739995","1.21789309498884","7.7014088703733"
"2020","350622","云霄县","3.15197151979281","231.65","41.1","56362.5304136253","54.5985401459854","0.426980358299158","0.406388948845241","0.372328944528383","1134291","275983211.678832","1.36066113524404","7.66903046178299"
"2021","350622","云霄县","3.48673369183162","236.75","41.19","57477.5430929837","55.3046856033018","0.396029567053854","0.414656810982049","0.334530095036959","112.01","27193.4935663996","1.47274918345581","8.46500046572377"
"2013","350623","漳浦县","1.87612801199419","259.8","80.7","32193.3085501859","46.8401486988848","0.420823710546574","0.315011547344111","0.105812163202463","909742","112731350.681537","0.722143191683676","2.32481785872886"
"2014","350623","漳浦县","2.04720661426062","311.83","81.22","38393.252893376","47.5006156119182","0.463457653208479","0.343841195523202","0.35740627906231","858198","105663383.403103","0.656513681897386","2.52056958170478"
"2015","350623","漳浦县","1.98487331691364","318.76","81.9","38920.6349206349","48.5592185592186","0.405069644873886","0.399485506337056","0.318076295645627","926219","113091452.991453","0.622685819084465","2.4235327434843"
"2016","350623","漳浦县","1.72809661084297","342.79","82.77","41414.7638033104","50.2960009665338","0.350331106508358","0.432538872195805","0.259896729776248","1030874","124546816.479401","0.504126903014373","2.08782966152346"
"2017","350623","漳浦县","1.800717366558","376.51","83.7","44983.2735961768","51.8040621266428","0.373004701070357","0.441581896895169","0.279089532814533","1139894","136188052.568698","0.478265482074314","2.15139470317563"
"2018","350623","漳浦县","1.8535011668613","438.13","84.37","51929.5958279009","53.5024297736162","0.398945518453427","0.427932348846233","0.307625590578139","1303431","154489866.066137","0.423048220131308","2.19687230871317"
"2019","350623","漳浦县","1.95753376374264","520.3","86.05","60464.846019756","54.596165020337","0.362425523736306","0.476744186046512","0.304343647895445","2491007","289483672.283556","0.376231743944386","2.27487944653415"
"2020","350623","漳浦县","1.98825863948524","495.61","84.9","58375.7361601885","54.793875147232","0.317669135005347","0.503238433445653","0.245475272896027","2437758","287132862.190813","0.401174035932536","2.34188296759157"
"2021","350623","漳浦县","2.17749490459868","583.61","85","68660","56.5058823529412","0.382361508541663","0.449992289371327","0.310995356488066","258.39","30398.8235294118","0.373107881050475","2.56175871129256"
"2013","350624","诏安县","1.89009227726573","149.81","59.8","25051.8394648829","39.4648829431438","0.432013884253388","0.373606568319872","0.0584073159335158","703289","117606856.187291","1.26165962036295","3.16068942686577"
"2014","350624","诏安县","2.0292310226289","166.29","60.19","27627.512875893","40.5050672869247","0.446268566961333","0.339346924048349","0.383967767153768","673081","111826050.83901","1.22029648363034","3.37137568139043"
"2015","350624","诏安县","2.11588620741146","189.2","60.7","31169.686985173","41.4662273476112","0.44154334038055","0.350845665961945","0.374418604651163","814379","134164579.901153","1.11833309059802","3.48580923791015"
"2016","350624","诏安县","2.36511766373618","220.66","61.41","35932.2585898062","42.5989252564729","0.425722831505484","0.372790718752832","0.362095531587057","939607","153005536.557564","1.07183796960762","3.8513559090314"
"2017","350624","诏安县","1.93908214412019","249.55","62","40250","44.4032258064516","0.435584051292326","0.382608695652174","0.372149869765578","1092715","176244354.83871","0.777031514373949","3.12755184535514"
"2018","350624","诏安县","1.84400953898513","278.58","62.54","44544.2916533419","46.3063639270867","0.431976452006605","0.395972431617489","0.367793811472468","1227486","196272145.826671","0.66193177506825","2.94852820432544"
"2019","350624","诏安县","1.92439405968921","284.87","62.8","45361.4649681529","47.0063694267516","0.485168673429986","0.333520553234809","0.433776810474953","1055675","168101114.649682","0.675534124228318","3.06432175109747"
"2020","350624","诏安县","1.99954455442468","287.63","56","51362.5","45.8035714285714","0.470639363070612","0.33372735806418","0.421652817856274","995793","177820178.571429","0.695179416063929","3.57061527575836"
"2021","350624","诏安县","2.24448729715431","328.27","56.07","58546.4597824148","48.2075976457999","0.502360861485972","0.308343741432358","0.452676150729582","108.5","19350.8114856429","0.683732079432878","4.00300926904639"
"2013","350625","长泰县","1.90445211781798","149.51","21.5","69539.5348837209","50.2325581395349","0.611531001270818","0.592803156979466","0.0187278442913517","229577","106780000","1.27379581152965","8.85791682706037"
"2014","350625","长泰县","2.02125996696662","167.15","21.68","77098.7084870849","50.7841328413284","0.624110080765779","0.280945258749626","0.597606939874364","224553","103576107.01107","1.20924915762287","9.32315482918183"
"2015","350625","长泰县","1.93704308912335","186.36","21.9","85095.8904109589","52.1917808219178","0.613382700150247","0.296415539815411","0.584996780424984","264030","120561643.835616","1.03940925580776","8.84494561243539"
"2016","350625","长泰县","1.80072324385654","209.15","22.31","93747.1985656656","53.5186015239803","0.610996892182644","0.310781735596462","0.584269662921348","305957","137138951.142985","0.860972146237887","8.07137267528705"
"2017","350625","长泰县","1.76821043721039","241.5","22.5","107333.333333333","54.0888888888889","0.621573498964803","0.32128364389234","0.594285714285714","350282","155680888.888889","0.732178234869727","7.8587130542684"
"2018","350625","长泰县","1.86455960976398","284.99","22.73","125380.55433348","55.7853057633084","0.634267869048037","0.314116284781922","0.599915786518825","404561","177985481.742191","0.654254398317127","8.20307791361188"
"2019","350625","长泰县","1.97824879608339","357.74","22.87","156423.261915173","56.3183209444687","0.692709789232403","0.256582993235311","0.58377592665064","894321","391045474.420638","0.552985071863194","8.6499728731237"
"2020","350625","长泰县","2.01884655380124","344.54","22.9","150454.148471616","59.4323144104803","0.654931212631334","0.287716955941255","0.537180008126778","866061","378192576.419214","0.585954186393812","8.81592381572594"
"2021","350625","长泰县","1.88806281739303","375.23","23.05","162789.587852495","60.997830802603","0.683847240359246","0.256722543506649","0.560243050928764","99.3","43080.2603036876","0.503174804091632","8.19116189758364"
"2013","350626","东山县","1.85490694087139","126.8","21.7","58433.1797235023","53.4562211981567","0.47294952681388","0.417192429022082","0.0557570977917981","351217","161851152.073733","1.46286036346324","8.54795825286355"
"2014","350626","东山县","1.90540866127931","139.5","21.77","64079.0078089113","54.5245751033532","0.485591397849462","0.315268817204301","0.428028673835125","319179","146614147.909968","1.36588434500309","8.75245136095227"
"2015","350626","东山县","1.79268166960459","156.3","21.9","71369.8630136986","55.4794520547945","0.475239923224568","0.327319257837492","0.415802943058221","345825","157910958.90411","1.14694924478861","8.18576104842279"
"2016","350626","东山县","2.20475119629534","175.9","22.09","79628.7913082843","56.7224988682662","0.468277430358158","0.340363843092666","0.41148379761228","386382","174912630.149389","1.25341170909343","9.98076594067605"
"2017","350626","东山县","2.02685384480078","202.7","22.3","90896.8609865471","57.982062780269","0.468278243709916","0.363591514553527","0.416230883078441","443105","198701793.721973","0.999927895806996","9.0890306941739"
"2018","350626","东山县","2.33347994087184","230.7","22.46","102715.939447907","59.0828138913624","0.464282618118769","0.370871261378414","0.410056350238405","499247","222282724.844167","1.01147808446981","10.3894921677286"
"2019","350626","东山县","2.10817389044331","257.68","22.6","114017.699115044","60.0884955752212","0.513427506985408","0.338986339646073","0.40829711269792","872445","386037610.619469","0.818136405791412","9.32820305505889"
"2020","350626","东山县","2.12257074950508","198.25","22","90113.6363636364","64.1818181818182","0.357276166456494","0.450895334174023","0.257452711223203","827428","376103636.363636","1.07065359369739","9.64804886138673"
"2021","350626","东山县","2.33782695100256","204.4","22.08","92572.463768116","65.5797101449275","0.351956947162427","0.444422700587084","0.248581213307241","86.63","39234.6014492754","1.14375095450223","10.5879843795406"
"2013","350627","南靖县","1.7906439181272","173.19","33.7","51391.6913946588","46.5875370919881","0.483515214504302","0.440441134014666","0.0430740804896357","395688","117414836.795252","1.03391877021029","5.31348343657923"
"2014","350627","南靖县","1.81649006123112","195.46","33.89","57674.8303334317","47.506639126586","0.483423718407858","0.277192264401924","0.438145912207101","354902","104721746.827973","0.929341072972025","5.35995887055509"
"2015","350627","南靖县","1.82993675055573","212.21","34.2","62049.7076023392","48.4502923976608","0.490787427548183","0.299184769803497","0.442533339616418","381034","111413450.292398","0.862323524129744","5.35069225308693"
"2016","350627","南靖县","1.80226613931337","242.87","34.5","70397.1014492754","49.5942028985507","0.477704121546506","0.313254004199778","0.433071190348746","423280","122689855.072464","0.74207030070135","5.22395982409672"
"2017","350627","南靖县","1.80595420038781","286.48","34.8","82321.8390804598","50.8045977011494","0.47347109745881","0.323024294889696","0.429663501815135","459634","132078735.632184","0.630394512841319","5.18952356433279"
"2018","350627","南靖县","1.95606967565977","314.79","35.08","89734.8916761688","51.9954389965792","0.477429397376028","0.332634454715842","0.427713713904508","531701","151568129.988598","0.621388759382372","5.57602530119661"
"2019","350627","南靖县","2.07875903106823","374.84","35.34","106066.779852858","54.4991511035654","0.493890726710063","0.320430050154733","0.432157720627468","1355039","383429258.630447","0.554572359158102","5.88217043313025"
"2020","350627","南靖县","2.10364077621182","345.33","30.5","113222.950819672","52.8852459016393","0.447832508035792","0.334144151970579","0.380997886079981","1038237","340405573.770492","0.609168266936501","6.89718287282564"
"2021","350627","南靖县","2.19025243394884","365.9","30.56","119731.67539267","54.1884816753927","0.456490844493031","0.339218365673681","0.398906805138016","109.59","35860.6020942408","0.598593176810287","7.16705639381165"
"2013","350628","平和县","1.62888161869727","140.44","49.7","28257.5452716298","40.6438631790744","0.287026488180006","0.216604955853033","0.0704215323269724","528468","106331589.537223","1.1598416538716","3.27742780421986"
"2014","350628","平和县","1.83352921366055","159.84","50.01","31961.6076784643","41.4917016596681","0.30299049049049","0.368118118118118","0.226914414414414","475250","95030993.8012397","1.14710286139924","3.66632516228864"
"2015","350628","平和县","2.04956513793858","172.72","50.4","34269.8412698413","42.6587301587302","0.308302454840204","0.39219546086151","0.234309865678555","491773","97574007.9365079","1.18664030681947","4.06659749590988"
"2016","350628","平和县","2.00679380467935","195.04","51.36","37975.0778816199","44.1004672897196","0.308654634946678","0.396175143560295","0.235182526661198","526830","102575934.579439","1.02891396876505","3.90730880973394"
"2017","350628","平和县","2.03833832601716","202.43","51.8","39079.1505791506","45.5984555984556","0.346638344118955","0.448648915674554","0.264140690609099","575697","111138416.988417","1.00693490392588","3.9350160733922"
"2018","350628","平和县","1.97938569248672","226.46","52.18","43399.7700268302","46.9911843618245","0.337278106508876","0.462068356442639","0.254437869822485","644291","123474702.951322","0.87405532654187","3.79338001626432"
"2019","350628","平和县","2.08721385650385","276.68","52.4","52801.5267175573","49.5038167938931","0.322791672690473","0.487928292612404","0.26684256180425","1064475","203144083.969466","0.754378291348796","3.98323255057987"
"2020","350628","平和县","2.07958826202958","254.57","45.4","56072.6872246696","47.4669603524229","0.263856699532545","0.545625957496956","0.212908041010331","995804","219340088.105727","0.816902330215493","4.58059088552771"
"2021","350628","平和县","2.1656235031733","271.49","45.3","59931.5673289183","48.4988962472406","0.282330840914951","0.523371026557148","0.230432060112711","104.6","23090.5077262693","0.797680762891193","4.78062583481965"
"2013","350629","华安县","1.62789776719774","80.8","16.1","50186.3354037267","45.9627329192547","0.526732673267327","0.438242574257426","0.088490099009901","184458","114570186.335404","2.01472495940314","10.1111662558866"
"2014","350629","华安县","1.71812942091108","90.42","16.21","55780.3824799506","48.9204194941394","0.538487060384871","0.239659367396594","0.443043574430436","180931","111616903.146206","1.90016525205826","10.5991944534922"
"2015","350629","华安县","1.70739405795174","104.65","16.3","64202.4539877301","49.6932515337423","0.513234591495461","0.237935977066412","0.427711419015767","225679","138453374.233129","1.63152800568728","10.4748101714831"
"2016","350629","华安县","1.57751430311832","119.18","16.41","72626.4472882389","50.7617306520414","0.505286121832522","0.251468367175701","0.422973653297533","262457","159937233.394272","1.32364012679839","9.6131279897521"
"2017","350629","华安县","1.70721138851599","131.48","16.6","79204.8192771084","52.4096385542169","0.53749619714025","0.255476118040767","0.451703681168239","295478","177998795.180723","1.2984570950076","10.2844059549156"
"2018","350629","华安县","2.42393286526202","146.64","16.7","87808.3832335329","52.6946107784431","0.52632296781233","0.268003273322422","0.434192580469176","342380","205017964.071856","1.6529820412316","14.5145680554612"
"2019","350629","华安县","2.64294998939235","175.83","16.61","105857.91691752","53.5219747140277","0.536256611499744","0.272251606665529","0.475288631064096","435971","262475015.051174","1.50312801535139","15.9118000565464"
"2020","350629","华安县","2.76946615738926","170.76","13.4","127432.835820896","53.2835820895522","0.514581869290232","0.276177090653549","0.456195830405247","411765","307287313.432836","1.62184712894663","20.6676578909646"
"2021","350629","华安县","2.64030962407545","190.74","13.42","142131.147540984","53.6512667660209","0.546398238439761","0.269109782950613","0.491034916640453","45.86","34172.8763040238","1.38424537279829","19.6744383314117"
"2013","350681","龙海市","1.87629628503331","520.24","91.8","56671.0239651416","52.2875816993464","0.563912809472551","0.48523758265416","0.0786752268183915","1193873","130051525.054466","0.360659750313953","2.0438957353304"
"2014","350681","龙海市","2.03424091650272","573.9","92.47","62063.3719044014","52.7955012436466","0.567677295696114","0.33505837253877","0.475640355462624","1071230","115846220.395804","0.354459124673762","2.19989284795363"
"2015","350681","龙海市","2.1304316969304","640.33","93.3","68631.2968917471","53.9549839228296","0.567847828463449","0.342292255555729","0.463948276669842","1126245","120712218.649518","0.332708399876689","2.28342089703151"
"2016","350681","龙海市","2.08335472604921","723.24","93.95","76981.3730707823","56.104310803619","0.544549527127924","0.366379071953985","0.449256125214313","1260516","134168813.19851","0.28805855954444","2.21751434385227"
"2017","350681","龙海市","1.96697478991943","822.61","94.9","86681.77028451","58.1981032665964","0.555475863410365","0.363343504212203","0.458856566295085","1411108","148694204.425711","0.239113892357184","2.07268154891405"
"2018","350681","龙海市","1.82426100565129","908.35","95.64","94975.9514847344","59.7971560016729","0.538415808884241","0.380943468927176","0.441856112731876","1571750","164340234.211627","0.200832389018692","1.90742472360026"
"2019","350681","龙海市","2.59927305621084","1100.46","96.31","114262.27806043","60.5025438687571","0.583183396034386","0.344828526252658","0.442096941279101","2791215","289815699.30433","0.2361987765308","2.69886102814956"
"2020","350681","龙海市","1.93447056327214","1115.75","95.3","117077.649527807","61.2486883525708","0.569079094779297","0.359229218014788","0.436065426842931","2476063","259817733.473242","0.173378495475881","2.02987467289836"
"2021","350681","龙海市","2.51507155942189","1265.78","95.51","132528.53104387","63.3022720134017","0.624816318791575","0.311294221744695","0.493877293052505","264.32","27674.5890482672","0.198697369165407","2.63330704577729"
"2013","350702","延平区","1.90768073380357","241.32","46.9","51454.157782516","65.8848614072495","0.529007127465606","0.353348251284601","0.175658876181004","915129","195123454.157782","0.790519117273152","4.0675495390268"
"2014","350702","延平区","1.9783397080987","263.46","47","56055.3191489362","66.1063829787234","0.525392849009337","0.348098383056251","0.327488043725803","1012441","215412978.723404","0.750907047786647","4.2092334214866"
"2015","350702","延平区","1.0299970945992","277.06","47.2","58699.1525423729","66.5254237288135","0.497942683895185","0.375586515556197","0.296181332563344","1177410","249451271.186441","0.371759580812532","2.18219723432034"
"2016","350702","延平区","1.25361425478067","298.66","47.5","62875.7894736842","67.2","0.490055581597804","0.380298667380968","0.294615951248912","1331818","280382736.842105","0.419746284999889","2.63918790480141"
"2017","350702","延平区","1.2006583132287","339.47","47.8","71018.8284518829","68.0962343096234","0.480867234218046","0.417002975226088","0.297434235720388","1424480","298008368.200837","0.353686132273456","2.51183747537385"
"2018","350702","延平区","1.36045887489448","359.71","47.3","76048.6257928118","68.3932346723044","0.495704873370215","0.421923215923939","0.308137110450085","1480508","313003805.496829","0.378209912122121","2.87623440781074"
"2019","350702","延平区","0.655294240408648","405.83","47","86346.8085106383","68.8936170212766","0.428504546238573","0.48623807998423","0.20412487987581","1090231","231964042.553192","0.161470132914927","1.39424306469925"
"2020","350702","延平区","1.24616463639366","415.82","45.4","91590.308370044","72.0704845814978","0.396613919484392","0.505627434947814","0.175412438074167","1026520","226105726.872247","0.29968847972528","2.74485602729881"
"2021","350702","延平区","1.34108205629664","438.69","45.1","97270.5099778271","72.2838137472284","0.379698648248193","0.531331920034649","0.149992021700973","110.88","24585.3658536585","0.305701533268741","2.97357440420541"
"2013","350721","顺昌县","1.10818599793214","75.64","18.8","40234.0425531915","47.3404255319149","0.369645690111052","0.306716023268112","0.0629296668429402","232531","123686702.12766","1.46507932037565","5.89460637197947"
"2014","350721","顺昌县","1.27471065362536","84.05","18.7","44946.5240641711","48.0213903743316","0.378346222486615","0.387031528851874","0.308863771564545","247149","132165240.641711","1.5166099388761","6.81663451136556"
"2015","350721","顺昌县","1.32927139448284","90.91","18.8","48356.3829787234","48.4042553191489","0.374326256737433","0.407215927840722","0.305686943130569","280080","148978723.404255","1.462183912092","7.07059252384489"
"2016","350721","顺昌县","1.47354506183067","98.67","19","51931.5789473684","49.2105263157895","0.368095672443499","0.414208979426371","0.299989865207257","297530","156594736.842105","1.49340737998446","7.75550032542458"
"2017","350721","顺昌县","1.5886825463138","109.87","19.1","57523.5602094241","49.4764397905759","0.382725038682079","0.460544279603167","0.308637480658961","330223","172891623.036649","1.44596572887394","8.3177096665644"
"2018","350721","顺昌县","1.48935881039272","127.88","19.2","66604.1666666667","50.5208333333333","0.374726305911792","0.475367532061307","0.293869252424148","366222","190740625","1.16465343321295","7.75707713746208"
"2019","350721","顺昌县","1.77102263579502","133.18","19.2","69364.5833333333","51.3020833333333","0.426039945937829","0.418230965610452","0.364093707763929","328050","170859375","1.32979624252517","9.22407622809906"
"2020","350721","顺昌县","1.67459626329424","128.33","17.9","71692.7374301676","51.3966480446927","0.352528637107457","0.474401932517728","0.287306163796462","316999","177094413.407821","1.30491409903704","9.35528638711866"
"2021","350721","顺昌县","1.86527905551513","140.62","17.8","79000","51.685393258427","0.349167970416726","0.498222159010098","0.278054330820651","33.9","19044.9438202247","1.32646782500009","10.4790958175007"
"2013","350722","浦城县","1.51219636043709","95.19","29.9","31836.1204013378","44.1471571906354","0.37850614560353","0.297405189620758","0.0811009559827713","330480","110528428.093645","1.58860842571393","5.05751291116084"
"2014","350722","浦城县","1.39728955423333","107.8","29.8","36174.4966442953","45.1006711409396","0.389888682745826","0.350927643784787","0.302597402597403","365224","122558389.261745","1.29618697053185","4.68889112158836"
"2015","350722","浦城县","1.23736877458448","118.84","29.7","40013.468013468","45.4545454545455","0.385644564119825","0.350723662066644","0.303685627734769","393336","132436363.636364","1.0412056332754","4.16622483025077"
"2016","350722","浦城县","1.191667931931","135.03","29.8","45312.0805369127","46.2080536912752","0.360882766792565","0.33844330889432","0.285714285714286","437884","146940939.597315","0.882520870866474","3.99888567762081"
"2017","350722","浦城县","1.28036427149102","144.26","29.9","48247.491638796","47.0903010033445","0.377859420490781","0.397823374462776","0.305975322334674","486234","162620066.889632","0.887539353591446","4.28215475415057"
"2018","350722","浦城县","1.30710981664984","157.54","30","52513.3333333333","48.1","0.363399771486607","0.421607210867081","0.298908213786975","524964","174988000","0.829700277167602","4.35703272216613"
"2019","350722","浦城县","1.37123434399986","166.62","30","55540","49","0.361421197935422","0.424558876485416","0.286520225663186","445467","148489000","0.822971038290637","4.5707811466662"
"2020","350722","浦城县","1.33089932963649","175.54","29.8","58906.0402684564","48.1208053691275","0.333200410162926","0.440469408681782","0.252250199384756","415963","139584899.328859","0.758174393093591","4.46610513300836"
"2021","350722","浦城县","1.50648150454461","181.74","29.6","61398.6486486487","48.3108108108108","0.302960272917354","0.473093430174975","0.213381754154286","45.01","15206.0810810811","0.828921263642902","5.08946454238044"
"2013","350723","光泽县","1.32250968027482","61.5","13","47307.6923076923","43.0769230769231","0.331544715447154","0.298211382113821","0.0333333333333333","147402","113386153.846154","2.1504222443493","10.1731513867294"
"2014","350723","光泽县","1.34546453705953","69.08","13.3","51939.8496240601","44.1353383458647","0.325709322524609","0.22481181239143","0.289085118702953","156832","117918796.992481","1.94769041265132","10.1162747147333"
"2015","350723","光泽县","1.38781980887834","78.46","13.4","58552.2388059701","44.7761194029851","0.303976548559776","0.225847565638542","0.270201376497578","178184","132973134.328358","1.76882463532799","10.3568642453607"
"2016","350723","光泽县","1.38609807303191","82.98","13.5","61466.6666666667","45.7037037037037","0.304531212340323","0.230537478910581","0.270908652687395","191067","141531111.111111","1.67040018442023","10.2673931335697"
"2017","350723","光泽县","1.53059348687201","91.18","13.6","67044.1176470588","46.4705882352941","0.31563939460408","0.257183592893178","0.281421364334284","217937","160247794.117647","1.67865045719676","11.2543638740589"
"2018","350723","光泽县","1.5801706817476","98.77","13.7","72094.8905109489","47.2992700729927","0.326516148628126","0.26344031588539","0.289257871823428","237686","173493430.656934","1.59984882226142","11.5340925675007"
"2019","350723","光泽县","1.71777890330932","114.53","13.8","82992.7536231884","47.9710144927536","0.337640792805379","0.285689339037807","0.287086352920632","217370","157514492.753623","1.49985060971738","12.4476732123864"
"2020","350723","光泽县","1.69004986998653","117.29","13","90223.0769230769","50.3846153846154","0.319123539943729","0.305311620769034","0.269417682666894","201697","155151538.461538","1.44091556823815","13.000383615281"
"2021","350723","光泽县","1.61674748407302","120.47","12.9","93387.5968992248","50.3875968992248","0.291358844525608","0.325724246700423","0.238316593342741","23.7","18372.0930232558","1.34203327307464","12.5329262331242"
"2013","350724","松溪县","1.17396119467048","35.67","11.9","29974.7899159664","42.8571428571429","0.369217830109336","0.283151107373143","0.0860667227361929","155615","130768907.563025","3.29117239885192","9.86522012328135"
"2014","350724","松溪县","1.48111029003532","39.52","11.8","33491.5254237288","43.8135593220339","0.376518218623482","0.318066801619433","0.282135627530364","176231","149348305.084746","3.74774870960354","12.5517821189434"
"2015","350724","松溪县","1.49737277411109","42.86","11.9","36016.8067226891","44.5378151260504","0.377741483901073","0.333411105926272","0.286514232384508","203433","170952100.840336","3.49363689713273","12.5829644883285"
"2016","350724","松溪县","1.31630779800657","46.64","12.1","38545.4545454545","44.9586776859504","0.371355060034305","0.339622641509434","0.280660377358491","242567","200468595.041322","2.82227229418218","10.8785768430295"
"2017","350724","松溪县","1.25822979279353","52.21","12.2","42795.0819672131","46.8032786885246","0.387473664049033","0.378280022984103","0.278299176402988","267286","219086885.245902","2.40994022753022","10.313358957324"
"2018","350724","松溪县","1.43110524925197","59.72","12.3","48552.8455284553","47.7235772357724","0.397521768251842","0.384125920964501","0.270428667113195","292040","237430894.308943","2.39635842138642","11.6350020264388"
"2019","350724","松溪县","1.50784338118434","81.54","12.3","66292.6829268293","48.6991869918699","0.404709345106696","0.42224675006132","0.272013735589895","352764","286800000","1.84920699188661","12.2588892779215"
"2020","350724","松溪县","1.58782742974473","80.16","13.1","61190.8396946565","49.2366412213741","0.363647704590818","0.459331337325349","0.230663672654691","341065","260354961.832061","1.98082264189712","12.1208200743873"
"2021","350724","松溪县","1.87793193334722","85.54","13","65800","50","0.348725742342764","0.481295300444237","0.200841711480009","36.06","27738.4615384615","2.1953845374646","14.4456302565171"
"2013","350725","政和县","1.17938691599966","38.92","16.6","23445.7831325301","42.1686746987952","0.357913669064748","0.311921891058582","0.0459917780061665","138221","83265662.6506024","3.03028498458289","7.10474045782928"
"2014","350725","政和县","1.43400525922712","43.4","16.5","26303.0303030303","43.2121212121212","0.367741935483871","0.336405529953917","0.31705069124424","168738","102265454.545455","3.30415958347263","8.69094096501285"
"2015","350725","政和县","1.48970358918291","49.96","16.6","30096.3855421687","43.3734939759036","0.384507606084868","0.332065652522018","0.338470776621297","193154","116357831.325301","2.98179261245578","8.97411800712596"
"2016","350725","政和县","1.325871605866","56.77","16.7","33994.0119760479","44.311377245509","0.360753919323586","0.317773471904175","0.317245023780166","210560","126083832.335329","2.33551454265633","7.93935093332934"
"2017","350725","政和县","1.48566427017903","61.63","16.8","36684.5238095238","46.3095238095238","0.388284926172319","0.35648223267889","0.333766023040727","241673","143852976.190476","2.41061864380826","8.84323970344661"
"2018","350725","政和县","1.53068890534514","69.87","16.9","41343.1952662722","47.0414201183432","0.394017460998998","0.37025905252612","0.332331472735079","269851","159675147.928994","2.19076700349956","9.05733080085882"
"2019","350725","政和县","1.57482822549729","98.27","16.9","58147.9289940828","47.9881656804734","0.413758013635901","0.405210135341406","0.34934364505953","576631","341201775.147929","1.60255238170071","9.31851021004314"
"2020","350725","政和县","1.41947460901649","98.32","17.9","54927.374301676","51.8435754189944","0.37113506916192","0.439178193653377","0.306448331977217","561190","313513966.480447","1.44372926059448","7.93002574869548"
"2021","350725","政和县","1.68532495305492","104.5","17.8","58707.8651685393","52.247191011236","0.336937799043062","0.461531100478469","0.265263157894737","59.29","33308.9887640449","1.61275115124873","9.46811771379168"
"2013","350781","邵武市","1.11185258433942","164.19","27.5","59705.4545454545","67.6363636363636","0.499969547475486","0.389000548145441","0.110968999330044","807503","293637454.545455","0.677174361617285","4.0431003066888"
"2014","350781","邵武市","1.28231053900016","185.42","27.4","67671.5328467153","67.5182481751825","0.508467263509869","0.328389601984683","0.388954805306871","931979","340138321.167883","0.691570779311919","4.6799654708035"
"2015","350781","邵武市","1.4021598130733","191.98","27.3","70322.3443223443","67.3992673992674","0.4809876028753","0.358058131055318","0.410355245338056","924558","338665934.065934","0.730367649272476","5.13611653140403"
"2016","350781","邵武市","1.62266353264204","205.96","27.5","74894.5454545455","67.8181818181818","0.477714119246456","0.367935521460478","0.407166440085453","1068282","388466181.818182","0.787853725306875","5.90059466415287"
"2017","350781","邵武市","1.30456027144522","230.44","27.7","83191.3357400722","68.3032490974729","0.483639993056761","0.406483249435862","0.412341607359833","1201791","433859566.787004","0.566117111371819","4.70960386803329"
"2018","350781","邵武市","1.41310294618006","257.72","27.8","92705.035971223","68.8848920863309","0.48366444203011","0.409630606860158","0.399464535154431","1360188","489276258.992806","0.548309384673312","5.08310412294986"
"2019","350781","邵武市","1.51939827460122","244.25","27.7","88176.8953068592","69.6028880866426","0.481719549641761","0.39467758444217","0.388454452405322","1176940","424888086.642599","0.622066847329056","5.48519232708022"
"2020","350781","邵武市","1.46414665619565","241.66","27.4","88197.0802919708","79.5620437956204","0.443888107258131","0.434618886038236","0.343995696433005","1154432","421325547.445256","0.605870502439647","5.34360093502062"
"2021","350781","邵武市","1.65843015365573","257.04","27.3","94153.8461538462","79.8534798534799","0.422424525365702","0.450708061002179","0.312130407718643","126.44","46315.0183150183","0.645203141011411","6.07483572767667"
"2013","350782","武夷山市","1.25861204337337","109.89","23","47778.2608695652","54.3478260869565","0.375193375193375","0.236145236145236","0.139048139048139","422016","183485217.391304","1.14533810480787","5.47222627553639"
"2014","350782","武夷山市","1.27341361278756","123.77","23.1","53580.0865800866","55.1082251082251","0.389432010988123","0.421103660014543","0.239799628342894","411480","178129870.12987","1.02885482167533","5.51261304237039"
"2015","350782","武夷山市","1.5752132825926","138.88","23.2","59862.0689655172","55.6034482758621","0.399913594470046","0.423387096774194","0.230558755760369","443382","191112931.034483","1.13422615394052","6.7897124249681"
"2016","350782","武夷山市","1.56060324480414","150.33","23.4","64243.5897435898","56.1965811965812","0.390341249251646","0.428257832767911","0.227499501097585","468896","200382905.982906","1.0381183029363","6.66924463591513"
"2017","350782","武夷山市","1.6333692817757","167.37","23.7","70620.253164557","57.2995780590717","0.398279261516401","0.459939057178706","0.23905120391946","518333","218705907.172996","0.975903257319532","6.89185350960211"
"2018","350782","武夷山市","1.65782261032687","186.68","23.8","78436.974789916","58.1932773109244","0.390079280051425","0.472787658024427","0.23934004713949","577034","242451260.504202","0.888055822973468","6.9656412198608"
"2019","350782","武夷山市","1.61440962185423","207.12","23.8","87025.2100840336","58.9915966386555","0.396340285824643","0.469582850521437","0.312765546543067","668428","280852100.840336","0.779456171231281","6.78323370526987"
"2020","350782","武夷山市","1.45417148006827","208.05","26","80019.2307692308","61.3461538461538","0.358807978851238","0.504157654409998","0.254794520547945","657131","252742692.307692","0.698952886358217","5.59296723103181"
"2021","350782","武夷山市","1.6897494290503","224.68","26.1","86084.2911877395","61.6858237547893","0.332828912230728","0.533469823749332","0.227078511661029","73.23","28057.4712643678","0.752069355995327","6.47413574348774"
"2013","350783","建瓯市","1.6412769687116","158.39","45.3","34964.6799116998","44.8123620309051","0.366563545678389","0.309741776627312","0.0568217690510765","575379","127015231.788079","1.03622512072202","3.62312796625077"
"2014","350783","建瓯市","1.37053364348253","175.92","45.2","38920.3539823009","46.5044247787611","0.375397908140064","0.344304229195089","0.31281264211005","610088","134975221.238938","0.779066418532589","3.03215407850117"
"2015","350783","建瓯市","1.44481314366143","198.67","45.1","44050.9977827051","48.1152993348115","0.392057180248654","0.349876679921478","0.293451452156843","700754","155377827.050998","0.727242736025283","3.20357681521381"
"2016","350783","建瓯市","1.92060145600993","218.11","45.3","48147.9028697572","49.4922737306843","0.382330016963917","0.357021686305075","0.285039658887717","785594","173420309.050773","0.880565520154936","4.2397383134877"
"2017","350783","建瓯市","1.39494856779632","237.2","45.5","52131.8681318681","50.5054945054945","0.409190556492411","0.403920741989882","0.302824620573356","860650","189153846.153846","0.588089615428465","3.06582102812378"
"2018","350783","建瓯市","2.03346821356194","266.7","45.6","58486.8421052632","51.6008771929825","0.406486689163854","0.411923509561305","0.296250468691414","975462","213917105.263158","0.762455273176581","4.4593601174604"
"2019","350783","建瓯市","1.79342701664424","291.72","45.5","64114.2857142857","52.5054945054945","0.411833264774441","0.410873440285205","0.332407788290141","1526617","335520219.78022","0.614776846511806","3.94159783877855"
"2020","350783","建瓯市","2.17881973433759","280.29","43.4","64582.9493087558","52.0506912442396","0.354704056512897","0.45609904027971","0.272432123871704","1456807","335669815.668203","0.777344798008345","5.02032196851979"
"2021","350783","建瓯市","2.39568820206633","295.62","43.1","68589.3271461717","52.4361948955916","0.343582978147622","0.464582910493201","0.254312969352547","156.2","36241.2993039443","0.810394493629095","5.55844130409821"
"2013","350784","建阳市","1.17868007925708","125.18","29.1","43017.1821305842","53.9518900343643","0.484102891835756","0.404697235980188","0.079405655855568","403278","138583505.154639","0.941588176431602","4.05044700775629"
"2014","350784","建阳市","1.38925558338218","140.14","29.2","47993.1506849315","54.8972602739726","0.496218067646639","0.278007706579135","0.408734123019837","439812","150620547.945205","0.991334082618938","4.7577246006239"
"2015","350784","建阳市","1.44625347844883","151.81","30.8","49288.961038961","55.1948051948052","0.495685396218958","0.287859824780976","0.412489295830314","544174","176679870.12987","0.952673393352763","4.69562817678192"
"2016","350784","建阳市","1.316215061099","164.59","31.2","52753.2051282051","56.0897435897436","0.481803268728355","0.303785163132633","0.399052190291026","532589","170701602.564103","0.799693214107175","4.21863801634295"
"2017","350784","建阳市","1.43466217040236","186.92","31.7","58965.2996845426","57.2870662460568","0.4880162636422","0.327626792210571","0.404451102075754","601638","189791167.192429","0.767527375563","4.52574817161628"
"2018","350784","建阳市","1.5083751458176","207.91","32.4","64169.7530864198","59.2901234567901","0.495069982203838","0.327786061276514","0.402289452166803","666921","205839814.814815","0.725494274357943","4.65547884511605"
"2019","350784","建阳市","1.79166800011614","248.52","32.8","75768.2926829268","60.3963414634146","0.435498149042331","0.404635441815548","0.347859327217125","923727","281624085.365854","0.720935136051883","5.46240243937848"
"2020","350784","建阳市","1.60275654811261","261.94","34.1","76815.2492668622","61.58357771261","0.406085363060243","0.443613041154463","0.305986103687867","891928","261562463.343109","0.611879265523635","4.70016583024226"
"2021","350784","建阳市","1.74067119437247","268.68","34.3","78332.361516035","62.0991253644315","0.367537591186542","0.468401071907101","0.253163614708947","96.27","28067.055393586","0.647860352230337","5.07484313228125"
"2013","350802","新罗区","1.63667621491563","568.68","69.3","82060.606060606","70.5627705627706","0.614844903988183","0.516371245691778","0.0984736582964057","2180129","314592929.292929","0.287802668445458","2.36172613984939"
"2014","350802","新罗区","1.69279728775778","607.66","70.6","86070.821529745","70.3966005665722","0.610275483000362","0.351084488036073","0.505710430174769","2385048","337825495.750708","0.278576389388438","2.3977298693453"
"2015","350802","新罗区","1.70587259962439","637.73","71.4","89317.9271708683","70.5882352941176","0.595157825412008","0.364840920138617","0.488200335565208","2816363","394448599.439776","0.267491352080722","2.3891773103983"
"2016","350802","新罗区","1.66827554696797","692.26","72.5","95484.1379310345","71.1034482758621","0.575795221448589","0.381576286366394","0.471325802444168","3123218","430788689.655172","0.240989736077192","2.30106971995582"
"2017","350802","新罗区","1.78921147953299","790.65","73.4","107717.983651226","71.4032697547684","0.543540125213432","0.40966293555935","0.442117245304496","3551392","483840871.934605","0.226296272627963","2.43761781952723"
"2018","350802","新罗区","1.87733542271902","878.83","73.5","119568.707482993","73.7959183673469","0.545270416349009","0.409373826564865","0.442178805912406","3900983","530745986.394558","0.213617585052743","2.55419785403948"
"2019","350802","新罗区","1.90769053541812","946.5","74.2","127560.64690027","75.9973045822102","0.489360802958267","0.458816693079768","0.377115689381933","4988982","672369541.778976","0.20155209037698","2.57101150325892"
"2020","350802","新罗区","1.89403177347686","1018.81","84.8","120142.688679245","85.813679245283","0.47019562038064","0.471677741679018","0.359527291644173","4629491","545930542.45283","0.185906280216808","2.23352803476045"
"2021","350802","新罗区","2.21944230495735","1109.03","85","130474.117647059","85.9176470588235","0.467002696049701","0.484928270650929","0.358619694688151","499.32","58743.5294117647","0.200124640898565","2.61110859406747"
"2013","350821","长汀县","1.55358483742065","141.73","39.6","35790.404040404","45.959595959596","0.482396105270585","0.359345233895435","0.12305087137515","443915","112099747.474747","1.09615807339353","3.92319403389053"
"2014","350821","长汀县","1.87320558646922","157.72","39.8","39628.1407035176","46.105527638191","0.48966522952067","0.338447882323104","0.363809282272381","534918","134401507.537688","1.18767790164166","4.70654669967141"
"2015","350821","长汀县","1.92614406644266","168.87","40","42217.5","46.25","0.483626458222301","0.348552140699947","0.357020193047907","584751","146187750","1.14060760729713","4.81536016610665"
"2016","350821","长汀县","1.86472947848556","184.85","40.2","45982.5870646766","48.3830845771144","0.471084663240465","0.359859345415201","0.346388964024885","691153","171928606.965174","1.00877980983801","4.63863054349642"
"2017","350821","长汀县","1.88339364794944","208","40.2","51741.2935323383","51.3930348258706","0.442307692307692","0.412307692307692","0.317451923076923","787669","195937562.189055","0.905477715360308","4.68505882574488"
"2018","350821","长汀县","1.90277209578088","231.74","40.2","57646.7661691542","52.3880597014925","0.444679382066109","0.415293000776732","0.317985673599724","902494","224500995.024876","0.821080562605023","4.73326391985294"
"2019","350821","长汀县","1.98397102205105","289.75","40.1","72256.8578553616","52.5935162094763","0.455910267471959","0.412769628990509","0.314685073339085","1567875","390991271.820449","0.68471821295981","4.94755865848142"
"2020","350821","长汀县","2.05317776574656","309.77","39.8","77831.6582914573","53.4924623115578","0.442747845175453","0.423669173903219","0.303063563288892","1541017","387190201.005025","0.662807168462588","5.15873810489086"
"2021","350821","长汀县","2.34994921595653","318.15","39.9","79736.8421052632","53.8847117794486","0.407480748074807","0.467735344963068","0.259217350306459","168.48","42225.5639097744","0.738629330805133","5.88959703247251"
"2013","350822","永定县","1.52868584006769","168.59","36","46830.5555555556","41.1111111111111","0.520018980959725","0.432528619728335","0.0874903612313898","533766","148268333.333333","0.90674763631751","4.24634955574358"
"2014","350822","永定县","1.75674928594297","185.05","35.9","51545.9610027855","41.6991643454039","0.522129154282626","0.332018373412591","0.431613077546609","614365","171132311.977716","0.949337630879746","4.89345204998042"
"2015","350822","永定县","1.70696704313739","198.23","36.1","54911.3573407202","44.3213296398892","0.509811834737426","0.341522473893962","0.41764616859204","656862","181956232.686981","0.86110429457569","4.72844056270745"
"2016","350822","永定县","1.77969709521621","214.61","36.3","59121.2121212121","45.2892561983471","0.498858394296631","0.348399422207726","0.407017380364382","762523","210061432.506887","0.829270348639956","4.90274681877744"
"2017","350822","永定县","1.80514449364228","242.01","36.3","66669.4214876033","48.099173553719","0.475682823023842","0.406388165778274","0.383455229122764","869611","239562258.953168","0.745896654535879","4.97284984474457"
"2018","350822","永定县","1.76423583234417","266.23","36.2","73544.1988950276","48.8121546961326","0.471021297374451","0.413477068699996","0.374863839537242","985407","272211878.453039","0.662673565091902","4.87357964735959"
"2019","350822","永定县","2.01009932444736","267.05","36","74180.5555555556","48.8888888888889","0.407713911252574","0.458303688447856","0.227335704924171","1312656","364626666.666667","0.752705232895473","5.583609234576"
"2020","350822","永定县","2.14880276386556","285.83","32.5","87947.6923076923","50.3076923076923","0.394080397439037","0.467025854528916","0.21488297239618","1251681","385132615.384615","0.751776497871308","6.61170081189403"
"2021","350822","永定县","2.37905456257222","312.1","32.2","96925.4658385093","52.7018633540373","0.393143223325857","0.48679910285165","0.212848446010894","141.8","44037.2670807453","0.762273169680301","7.38836820674602"
"2013","350823","上杭县","1.51916043832658","202.28","37.1","54522.9110512129","41.2398921832884","0.567629029068618","0.435782084239668","0.13184694482895","487624","131435040.431267","0.751018607043","4.09477207096113"
"2014","350823","上杭县","1.87495844120599","226.7","37","61270.2702702703","42.1081081081081","0.57348919276577","0.300485222761359","0.439391265990296","587100","158675675.675676","0.827065920249665","5.06745524650268"
"2015","350823","上杭县","1.72039126477227","251.92","37.2","67720.4301075269","43.8172043010753","0.564583994919022","0.309860273102572","0.43382819942839","759440","204150537.634409","0.68291174371716","4.62470770100072"
"2016","350823","上杭县","1.86834387691895","276.33","37.4","73885.0267379679","45.8021390374332","0.548329895414903","0.32305576665581","0.421271667933268","856934","229126737.967914","0.676127773647071","4.99557186341965"
"2017","350823","上杭县","2.0038533401015","316.8","37.5","84480","48.2933333333333","0.465909090909091","0.402114898989899","0.34135101010101","855656","228174933.333333","0.632529463415878","5.34360890693733"
"2018","350823","上杭县","1.96173558523875","354.45","37.5","94520","49.0133333333333","0.47129355339258","0.404993652137114","0.342925659472422","936593","249758133.333333","0.553459045066653","5.23129489397"
"2019","350823","上杭县","2.0692940930703","402.46","37.4","107609.625668449","49.1978609625668","0.426626248571287","0.436217263827461","0.235377428812801","1619807","433103475.935829","0.514161430470183","5.53287190660508"
"2020","350823","上杭县","2.192611389309","431.87","37.6","114859.042553191","51.4627659574468","0.415356473012712","0.444624539792067","0.2279389631139","1527573","406269414.893617","0.507701713318591","5.83141326943883"
"2021","350823","上杭县","2.34867634509532","466.36","37.7","123702.917771883","51.7241379310345","0.406874517540098","0.473775623981473","0.232524230208423","165.86","43994.6949602122","0.503618737690908","6.22991072969581"
"2013","350824","武平县","1.51764836878781","120.63","27.5","43865.4545454545","41.8181818181818","0.420293459338473","0.299842493575396","0.120450965763077","353496","128544000","1.25810193881108","5.51872134104658"
"2014","350824","武平县","1.64736923862632","134.61","27.4","49127.7372262774","44.0875912408759","0.430131490973925","0.353168412450784","0.307852314092564","420661","153525912.408759","1.22380895819502","6.01229649133693"
"2015","350824","武平县","1.65264908066925","146.65","27.6","53134.0579710145","45.6521739130435","0.422025230139789","0.364473235594954","0.299829526082509","551754","199910869.565217","1.12693425207586","5.98785898793206"
"2016","350824","武平县","1.29874301211163","161.66","27.7","58361.0108303249","47.4007220216606","0.409192131634294","0.374118520351355","0.289682048744278","665293","240177978.33935","0.803379322102951","4.68860293181094"
"2017","350824","武平县","1.40221660150085","181.29","27.7","65447.6534296029","48.4837545126354","0.401125268906172","0.436869104749297","0.283027193998566","757833","273585920.577617","0.773466049699846","5.06215379603195"
"2018","350824","武平县","1.46027358144277","202.35","27.7","73050.5415162455","49.0974729241877","0.404744255003706","0.437262169508278","0.283172720533729","865272","312372563.176895","0.721657317243771","5.27174578138184"
"2019","350824","武平县","1.66895011014582","255.49","27.6","92568.8405797101","51.195652173913","0.433480762456456","0.421386355630357","0.279149868879408","1380257","500093115.942029","0.653235003384015","6.04692068893413"
"2020","350824","武平县","1.63049910592393","273.38","27.8","98338.1294964029","53.2014388489209","0.418721193942498","0.431231253200673","0.265820469675909","1390012","500004316.546763","0.596422234956445","5.86510469756809"
"2021","350824","武平县","1.7270179213238","286.76","27.8","103151.079136691","53.5971223021583","0.40744873762031","0.454665922722834","0.249860510531455","149.89","53917.2661870504","0.602252030033408","6.21229468102086"
"2013","350825","连城县","1.59272167785354","123.27","24.5","50314.2857142857","41.2244897959184","0.446499553824937","0.381033503691085","0.0654660501338525","463960","189371428.571429","1.29205944500165","6.50090480756547"
"2014","350825","连城县","1.74244145553193","137.79","24.4","56471.3114754098","42.0901639344262","0.44996008418608","0.347340155308803","0.38377240728645","554433","227226639.344262","1.26456307100075","7.1411535062784"
"2015","350825","连城县","1.76966404650705","148.86","24.6","60512.1951219512","42.6829268292683","0.436181647185275","0.369205965336558","0.369340319763536","501360","203804878.04878","1.18881099456338","7.19375628661402"
"2016","350825","连城县","1.60602313533394","162.21","24.7","65672.0647773279","43.1983805668016","0.422168793539239","0.38400838419333","0.356389864989828","535203","216681376.518219","0.990088857243043","6.50211795681757"
"2017","350825","连城县","1.81384878524536","183.36","24.7","74234.8178137652","47.6113360323887","0.413503490401396","0.416448516579407","0.348385689354276","603301","244251417.004049","0.989228176944459","7.3435173491715"
"2018","350825","连城县","1.94643248640048","203.96","24.7","82574.8987854251","48.3805668016194","0.419199843106491","0.417483820356933","0.351784663659541","694341","281109716.59919","0.954320693469543","7.88029346720842"
"2019","350825","连城县","1.96280446222053","258.66","24.6","105146.341463415","48.6178861788618","0.456313307043996","0.397355601948504","0.319956699914946","1219900","495894308.943089","0.758835715696486","7.97887992772573"
"2020","350825","连城县","2.23290754780593","276.55","25.1","110179.282868526","49.7211155378486","0.444874344603146","0.407665883203761","0.309781233050081","1214131","483717529.880478","0.807415493692255","8.89604600719494"
"2021","350825","连城县","2.36124683435468","294.35","25.1","117270.916334661","51.3147410358566","0.428163750636997","0.435603872940377","0.2730762697469","135.81","54107.5697211155","0.802190193427783","9.40735790579554"
"2013","350881","漳平市","1.5269468219696","154.78","24","64491.6666666667","52.0833333333333","0.45089804884352","0.347008657449283","0.103889391394237","443521","184800416.666667","0.986527214090709","6.36227842487333"
"2014","350881","漳平市","1.7932653614549","172.07","23.9","71995.8158995816","53.0962343096234","0.457197652118324","0.400069739059685","0.351891671993956","503396","210625941.422594","1.04217200061306","7.50320234918368"
"2015","350881","漳平市","1.41909230007493","186.19","24.1","77257.2614107884","53.5269709543568","0.448412911541973","0.415328427949944","0.343251517267308","525292","217963485.477178","0.762174284373452","5.88834979284203"
"2016","350881","漳平市","1.22895704518915","203.76","24.2","84198.347107438","54.2148760330578","0.430800942285041","0.432469572045544","0.329946996466431","655690","270946280.991736","0.603139499994675","5.07833489747583"
"2017","350881","漳平市","1.80866225240772","231.02","24.2","95462.8099173554","54.5867768595041","0.405419444203965","0.465847112804086","0.306337113669812","706414","291906611.570248","0.782902888238126","7.47381096036248"
"2018","350881","漳平市","1.58200193418878","255.74","24.2","105677.685950413","56.1157024793389","0.411237976069446","0.46406506608274","0.308829279737233","789102","326075206.61157","0.618597768901533","6.53719807516025"
"2019","350881","漳平市","1.70856329958269","259.05","24.1","107489.626556017","56.1825726141079","0.437598919127582","0.426442771665702","0.311715884964293","1040156","431600000","0.65954962346369","7.08947427212734"
"2020","350881","漳平市","1.80596863406676","274.7","25.4","108149.606299213","58.1889763779528","0.428285402257008","0.436330542409902","0.302657444484893","1038156","408722834.645669","0.657433066642432","7.1101127325463"
"2021","350881","漳平市","1.92577195593557","295.03","25.3","116612.648221344","58.695652173913","0.403348811985222","0.469579364810358","0.2720062366539","115.39","45608.6956521739","0.652737672757201","7.61174686140541"
"2013","350902","蕉城区","2.49396320176024","214.67","43.9","48899.7722095672","62.1867881548975","0.437834816229562","0.252527134671822","0.18530768155774","865888","197241002.277904","1.16176606035321","5.68100957120784"
"2014","350902","蕉城区","2.66442758817631","239.4","44.09","54298.0267634384","62.689952370152","0.450292397660819","0.416959064327485","0.259106098579783","1000166","226846450.442277","1.112960563148","6.04315624444616"
"2015","350902","蕉城区","2.66582473235609","267.16","44.36","60225.4283137962","63.1650135256988","0.458152418026651","0.418026650696212","0.271110944752208","1117951","252017808.83679","0.997838273826954","6.00952374291274"
"2016","350902","蕉城区","2.88452790519078","300.19","44.6","67307.1748878924","63.6995515695067","0.450547986275359","0.422665645091442","0.281521702921483","1228592","275469058.295964","0.960900731267124","6.46755135693"
"2017","350902","蕉城区","2.71044967671294","390.61","44.8","87189.7321428571","64.5089285714286","0.511661247791915","0.389211745731036","0.369114974015002","1367272","305194642.857143","0.693901763066214","6.05011088551996"
"2018","350902","蕉城区","2.80546365164307","468.14","45","104031.111111111","65.6","0.550155936258384","0.363502371085573","0.416563421198787","1493782","331951555.555556","0.59927877379482","6.23436367031793"
"2019","350902","蕉城区","2.97133724015235","679.37","46","147689.130434783","66.6086956521739","0.61604133241091","0.323181771346983","0.514888794029763","1733106","376762173.913043","0.437366566105708","6.45942878293989"
"2020","350902","蕉城区","3.03412657123946","782.81","62.6","125049.520766773","68.2108626198083","0.631877467073747","0.314048108736475","0.537831657745813","1597766","255234185.303514","0.387594252914431","4.84684755789051"
"2021","350902","蕉城区","3.32112880060689","1098.59","63.2","173827.53164557","69.4936708860759","0.71861203906826","0.237677386468109","0.643561292201822","171.88","27196.2025316456","0.302308304336185","5.25495063387166"
"2013","350921","霞浦县","2.52093194769034","151.25","46.2","32738.0952380952","42.6406926406926","0.325752066115703","0.224","0.101752066115702","599736","129812987.012987","1.66673186624155","5.4565626573384"
"2014","350921","霞浦县","2.72446668776939","166.27","46.3","35911.4470842333","44.1036717062635","0.319720935827269","0.39381728513863","0.214229867083659","610742","131909719.222462","1.63857983266337","5.88437729539825"
"2015","350921","霞浦县","2.73780099573131","181.44","46.45","39061.3562970936","44.8654467168999","0.310791446208113","0.404431216931217","0.206900352733686","662336","142591173.304629","1.50892912022228","5.89408179920626"
"2016","350921","霞浦县","2.6782936740245","201.67","46.65","43230.4394426581","46.0021436227224","0.295879406951951","0.408489115882382","0.196162046908316","733767","157291961.414791","1.32805755641617","5.74125117690139"
"2017","350921","霞浦县","2.78166065999019","212.51","46.7","45505.3533190578","47.3019271948608","0.299138864053456","0.430944426144652","0.198390663968754","787208","168567023.554604","1.30895518328088","5.95644680940083"
"2018","350921","霞浦县","2.89865108066116","231.59","46.8","49485.0427350427","48.3119658119658","0.286799948184291","0.437108683449199","0.18092318321171","849780","181576923.076923","1.25163050246606","6.19369889030162"
"2019","350921","霞浦县","2.97507997141452","254.61","46.7","54520.3426124197","49.2933618843683","0.27536231884058","0.459761988924237","0.207022505007659","992497","212526124.197002","1.16848512289954","6.37062092379983"
"2020","350921","霞浦县","3.0466361594517","264.48","47.6","55563.025210084","60.8403361344538","0.247126436781609","0.49066091954023","0.181488203266788","979959","205873739.495798","1.15193442205524","6.40049613330189"
"2021","350921","霞浦县","3.34148918400401","310.22","47.7","65035.6394129979","61.9077568134172","0.299916188511379","0.43949455225324","0.236122751595642","108.13","22668.7631027254","1.0771353181626","7.00521841510275"
"2013","350922","古田县","2.51658127840454","125.36","32.6","38453.9877300614","39.8773006134969","0.408902361199745","0.347160178685386","0.0617421825143587","386606","118590797.546012","2.00748347032908","7.71957447363356"
"2014","350922","古田县","2.60749760691701","139.83","32.67","42800.7346189164","41.2917049280686","0.423442751913037","0.319530858900093","0.362797682900665","466707","142854912.764004","1.86476264529572","7.98132111085709"
"2015","350922","古田县","2.68296040938155","150.12","32.89","45643.0525995743","42.0796594709638","0.418132160937916","0.332334132693845","0.3591793232081","540463","164324414.715719","1.78721050451742","8.15737430642004"
"2016","350922","古田县","3.11370393488562","161.27","33.1","48722.0543806647","43.1117824773414","0.394493706206982","0.347863830842686","0.337942580765176","622417","188041389.728097","1.9307397128329","9.40696052835535"
"2017","350922","古田县","3.24830487730674","162.98","33.3","48942.9429429429","46.996996996997","0.346116087863542","0.408823168486931","0.279052644496257","724470","217558558.558559","1.99306962652273","9.75466930122144"
"2018","350922","古田县","3.2887799731802","167.5","33.4","50149.7005988024","47.9041916167665","0.313791044776119","0.424","0.237910447761194","762724","228360479.041916","1.96345073025684","9.84664662628802"
"2019","350922","古田县","3.2608909893043","196.8","33","59636.3636363636","48.7878787878788","0.264481707317073","0.497408536585366","0.194563008130081","943913","286034242.424242","1.65695680350828","9.88148784637667"
"2020","350922","古田县","3.34007082924667","204.97","32.4","63262.3456790123","49.5679012345679","0.254281114309411","0.5065131482656","0.187002976045275","880814","271856172.839506","1.6295413129954","10.3088605840947"
"2021","350922","古田县","3.69983288970396","223.43","32.2","69388.198757764","50.8074534161491","0.292082531441615","0.478583896522401","0.223425681421474","95.13","29543.4782608696","1.65592484881348","11.490164253739"
"2013","350923","屏南县","2.4845444352201","52.84","13.6","38852.9411764706","38.9705882352941","0.429409538228615","0.354087812263437","0.0753217259651779","131543","96722794.1176471","4.70201444969739","18.2687090825007"
"2014","350923","屏南县","2.5799540704022","58.86","13.67","43057.7907827359","40.8193123628383","0.434760448521916","0.344036697247706","0.361705742439687","149623","109453547.915143","4.38320433299728","18.8731095128178"
"2015","350923","屏南县","2.64181560197602","63.58","13.8","46072.4637681159","41.6666666666667","0.427021075810003","0.35608681975464","0.354042151620006","167587","121439855.072464","4.15510475302929","19.1435913186668"
"2016","350923","屏南县","2.43295858635187","69.74","14","49814.2857142857","42.7142857142857","0.41755090335532","0.361915686836823","0.341841124175509","186168","132977142.857143","3.48861282815009","17.3782756167991"
"2017","350923","屏南县","2.50396831185025","63.51","14.1","45042.5531914894","44.3262411347518","0.365769170209416","0.448748228625413","0.266887104393009","211746","150174468.085106","3.94263629641041","17.7586405095762"
"2018","350923","屏南县","1.82357565662336","65.9","14.2","46408.4507042254","45.2112676056338","0.329286798179059","0.474355083459788","0.223823975720789","225844","159045070.422535","2.76718612537687","12.8420820888969"
"2019","350923","屏南县","1.95699805730597","89.45","14.2","62992.9577464789","46.1267605633803","0.276467300167691","0.561430967020682","0.191168250419229","384180","270549295.774648","2.18781224964334","13.7816764599012"
"2020","350923","屏南县","2.05356682705052","91.84","14","65600","49.3571428571429","0.256968641114983","0.564786585365854","0.168554006968641","388609","277577857.142857","2.23602659739821","14.6683344789323"
"2021","350923","屏南县","2.69858967004369","105.51","13.9","75906.4748201439","50.7194244604317","0.343474552175149","0.503554165481945","0.270874798597289","41","29496.4028776978","2.55766246805392","19.4143141729762"
"2013","350924","寿宁县","2.32667350559828","56.48","17.6","32090.9090909091","43.1818181818182","0.463172804532578","0.32949716713881","0.133675637393768","158650","90142045.4545454","4.11946442209327","13.219735827263"
"2014","350924","寿宁县","2.51400432755384","63.66","17.63","36108.9052750993","44.6965399886557","0.466226830034559","0.300031416902293","0.332704995287465","176199","99942711.287578","3.94911141620145","14.2598090048431"
"2015","350924","寿宁县","2.57232991631904","68.88","17.8","38696.6292134831","45.3932584269663","0.468205574912892","0.303716608594657","0.328542392566783","195918","110066292.134831","3.73450917003345","14.4512916647137"
"2016","350924","寿宁县","2.49049876447212","74.59","18","41438.8888888889","46.5","0.471376860168923","0.30339187558654","0.323904008580239","212958","118310000","3.33891776977091","13.8361042470673"
"2017","350924","寿宁县","2.65801585427542","67.13","18.1","37088.3977900552","47.6795580110497","0.419782511544764","0.37002830329212","0.245642782660509","245525","135649171.270718","3.9595052201332","14.6851704656101"
"2018","350924","寿宁县","2.57902815619952","74.4","18.2","40879.1208791209","48.7362637362637","0.405779569892473","0.385215053763441","0.228494623655914","264672","145424175.824176","3.46643569381656","14.1704843747226"
"2019","350924","寿宁县","2.94836842498525","100.57","17.9","56184.3575418994","49.608938547486","0.398230088495575","0.435418116734613","0.24569951277717","313579","175183798.882682","2.93165797453043","16.4713319831578"
"2020","350924","寿宁县","3.06962072091528","104.68","17.8","58808.988764045","49.7752808988764","0.3640619029423","0.469812762705388","0.224302636606802","320233","179906179.775281","2.93238509831418","17.2450602298611"
"2021","350924","寿宁县","2.90028877965295","110.75","17.6","62926.1363636364","50.9090909090909","0.346636568848758","0.488848758465011","0.231331828442438","32.27","18335.2272727273","2.61877090713585","16.4789135207554"
"2013","350925","周宁县","2.23568523891254","40.75","11.1","36711.7117117117","45.9459459459459","0.50601226993865","0.398773006134969","0.107239263803681","127355","114734234.234234","5.48634414457065","20.1413084586715"
"2014","350925","周宁县","2.43849538562935","45.04","11.29","39893.7112488928","47.0327723649247","0.512433392539964","0.301065719360568","0.401865008880995","128480","113799822.852081","5.41406613150389","21.5987190932626"
"2015","350925","周宁县","2.40790255355255","48.69","11.8","41262.7118644068","47.7966101694915","0.520024645717807","0.299650852331074","0.401519819264736","142372","120654237.288136","4.94537390337349","20.4059538436657"
"2016","350925","周宁县","2.34994719900457","52.86","12.15","43506.1728395062","48.8888888888889","0.508513053348468","0.31044267877412","0.398410896708286","155296","127815637.860082","4.44560574915734","19.3411292099142"
"2017","350925","周宁县","2.47438158978874","49.59","12.2","40647.5409836066","49.8360655737705","0.484775156281508","0.379511998386772","0.349465618068159","185988","152449180.327869","4.98967854363529","20.2818163097438"
"2018","350925","周宁县","2.48335107799081","50.9","12.3","41382.1138211382","50.9756097560975","0.439882121807466","0.420825147347741","0.272102161100196","195874","159247154.471545","4.87888227503106","20.1898461625269"
"2019","350925","周宁县","2.64191487444282","72.44","12.3","58894.3089430894","51.7073170731707","0.365543898398675","0.525676421866372","0.200717835450028","276783","225026829.268293","3.64703875544288","21.4789827190473"
"2020","350925","周宁县","2.69420888866167","76.16","15","50773.3333333333","52.8","0.308954831932773","0.58061974789916","0.174894957983193","277095","184730000","3.53756419204526","17.9613925910778"
"2021","350925","周宁县","2.97805490052027","90.12","14.8","60891.8918918919","53.9189189189189","0.303706169551709","0.597425654682645","0.188304482911673","28.28","19108.1081081081","3.3045438310256","20.1219925710829"
"2013","350926","柘荣县","2.45399388949959","42.22","8.8","47977.2727272727","57.9545454545454","0.576504026527712","0.504500236854571","0.0720037896731407","93978","106793181.818182","5.81239670653621","27.886294198859"
"2014","350926","柘荣县","2.75451748666502","45.5","8.9","51123.595505618","58.9887640449438","0.57010989010989","0.267032967032967","0.495604395604396","94573","106261797.752809","6.05388458607697","30.9496346816294"
"2015","350926","柘荣县","2.70770959516968","46.79","8.95","52279.3296089386","59.7765363128492","0.546484291515281","0.293652489848258","0.468903611882881","105256","117604469.273743","5.78694078899269","30.253738493516"
"2016","350926","柘荣县","2.73687864221975","50.94","9.05","56287.2928176796","60.3314917127072","0.526305457400864","0.297801334903808","0.453867294856694","117018","129301657.458564","5.37274959210787","30.2417529527044"
"2017","350926","柘荣县","2.35704231531881","47.58","9.1","52285.7142857143","60.5494505494505","0.489491382934006","0.360655737704918","0.399117276166456","136867","150403296.703297","4.95385102000591","25.9015639046023"
"2018","350926","柘荣县","2.47226569106512","48.6","9.2","52826.0869565218","61.304347826087","0.461522633744856","0.381069958847737","0.36522633744856","145574","158232608.695652","5.08696644252082","26.8724531637513"
"2019","350926","柘荣县","2.56756189136027","71.42","9","79355.5555555556","61.7777777777778","0.454214505740689","0.426351162139457","0.3241388966676","339588","377320000","3.59501805007039","28.5284654595586"
"2020","350926","柘荣县","2.60259569464841","75.23","9.3","80892.4731182796","63.010752688172","0.427356107935664","0.454207098232088","0.293234082148079","343734","369606451.612903","3.45951840309505","27.984899942456"
"2021","350926","柘荣县","3.01549780221285","77.82","9.2","84586.9565217391","64.2391304347826","0.429195579542534","0.450012850167052","0.284502698535081","35.68","38782.6086956522","3.87496505038917","32.7771500240527"
"2013","350981","福安市","2.48756772857556","307.02","56.8","54052.8169014085","60.9154929577465","0.620024754087682","0.56328577942805","0.0567389746596313","711288","125226760.56338","0.810229864039985","4.37952064890063"
"2014","350981","福安市","2.69596959160593","335.06","56.95","58834.0649692713","61.404741000878","0.621470781352593","0.255237867844565","0.565212200799857","782921","137475153.643547","0.804622930700749","4.73392377806133"
"2015","350981","福安市","2.71565607107065","354.86","57.2","62038.4615384615","61.958041958042","0.624133461083244","0.252296680380995","0.570337597925943","869508","152011888.111888","0.765275339872245","4.74765047389974"
"2016","350981","福安市","2.68508790498744","378.76","57.45","65928.6335944299","62.5935596170583","0.610993769141409","0.259715915091351","0.556790579786672","884543","153967449.956484","0.708915383088879","4.67378225411217"
"2017","350981","福安市","2.71111874342786","414.86","57.6","72024.3055555556","63.2986111111111","0.605409053656655","0.282842404666635","0.55286120619004","843366","146417708.333333","0.653502083456554","4.7068033740067"
"2018","350981","福安市","3.02563044869401","469.34","57.7","81341.4211438475","64.1941074523397","0.619827843354498","0.277197767077172","0.568521753952359","920112","159464818.024263","0.644656421505521","5.24372694747662"
"2019","350981","福安市","3.44588700701998","569.01","57.7","98615.2512998267","64.9046793760832","0.636139962390819","0.273105920809828","0.556914641218959","1460828","253176429.809359","0.605593400295246","5.97207453556322"
"2020","350981","福安市","3.06130932076011","600.16","61","98386.8852459016","65.1147540983606","0.618401759530792","0.292571980805119","0.538856304985337","1496106","245263278.688525","0.510082198207163","5.01853987009854"
"2021","350981","福安市","3.34185518015237","680.41","61","111542.62295082","66.1967213114754","0.632545083111653","0.282594318131715","0.55963316235799","163.22","26757.3770491803","0.491153154737933","5.47845111500389"
"2013","350982","福鼎市","2.51110447472844","248.14","53.4","46468.1647940075","55.0561797752809","0.600024179898444","0.544894011445152","0.0551301684532925","645669","120911797.752809","1.01197085303798","4.70244283657011"
"2014","350982","福鼎市","2.68683716646388","282.47","53.5","52798.1308411215","56.5046728971963","0.612277409990441","0.253867667362906","0.559528445498637","740807","138468598.130841","0.951193814020561","5.0221255447923"
"2015","350982","福鼎市","2.72487488725487","305.83","53.75","56898.6046511628","57.153488372093","0.610240983552954","0.254814766373475","0.559951607101985","853079","158712372.093023","0.890976976508148","5.06953467396255"
"2016","350982","福鼎市","2.65991342344586","333.08","54","61681.4814814815","58.0925925925926","0.59673351747328","0.261949081301789","0.544974180377087","982713","181983888.888889","0.79858094855466","4.92576559897381"
"2017","350982","福鼎市","2.87324108316482","347.48","54.1","64229.2051756007","59.09426987061","0.568809715667089","0.285858178887994","0.513669851502245","1148428","212278743.068392","0.826879556568672","5.3109816694359"
"2018","350982","福鼎市","2.80833077124093","366.44","54.2","67608.8560885609","60.2029520295203","0.558863661172361","0.29055234144744","0.500900556707783","1252747","231134132.841328","0.766382155671032","5.18142208716039"
"2019","350982","福鼎市","3.01186451543772","418.04","54.2","77129.1512915129","60.9963099630996","0.549373265716199","0.310759735910439","0.466295091378815","2040801","376531549.815498","0.720472805338657","5.5569456004386"
"2020","350982","福鼎市","3.06281089811206","418.69","55.3","75712.4773960217","63.5262206148282","0.523155556617067","0.331844562803028","0.439465953330626","1969638","356173236.889693","0.731522343049048","5.53853688627859"
"2021","350982","福鼎市","3.33516016239565","454.24","55.4","81992.7797833935","64.6931407942238","0.512064107079958","0.335329341317365","0.432854878478337","204.59","36929.6028880866","0.734228637371357","6.02014469746507"
