unit_i,county_i,unit_j,county_j,distance_km,weight_inverse_distance
350102,鼓楼区,350103,台江区,3.1389868078674943,0.2552417285480123
350102,鼓楼区,350104,仓山区,6.512734710754537,0.12302058264502577
350102,鼓楼区,350105,马尾区,22.522942312670168,0.035572635564528145
350102,鼓楼区,350111,晋安区,11.861625679399241,0.06754558273753292
350102,鼓楼区,350121,闽侯县,15.986642488524716,0.050116865958853576
350102,鼓楼区,350122,连江县,42.9069506910022,0.018672975026806607
350102,鼓楼区,350123,罗源县,48.24042279900419,0.016608486664135235
350102,鼓楼区,350124,闽清县,53.240487580416364,0.015048705508553889
350102,鼓楼区,350125,永泰县,59.76389179187228,0.01340609513047923
350102,鼓楼区,350128,平潭县,77.61836981525349,0.010322304122548776
350102,鼓楼区,350181,福清市,45.36694978127765,0.017660442736226266
350102,鼓楼区,350182,长乐市,33.817332814032255,0.023692005018120597
350102,鼓楼区,350203,思明区,213.06177952099628,0.0037604136252440894
350102,鼓楼区,350205,海沧区,218.79187662738278,0.0036619294604525224
350102,鼓楼区,350206,湖里区,212.43029398598145,0.003771592100618092
350102,鼓楼区,350211,集美区,204.99122530347714,0.0039084620209639594
350102,鼓楼区,350212,同安区,189.8514463351097,0.004220143876677639
350102,鼓楼区,350213,翔安区,184.64534901998118,0.0043391313292316155
350102,鼓楼区,350302,城厢区,79.79965223401189,0.010040149252530477
350102,鼓楼区,350303,涵江区,57.77740025023768,0.013867020933088982
350102,鼓楼区,350304,荔城区,78.34885903786048,0.010226063641109858
350102,鼓楼区,350305,秀屿区,95.28618429307821,0.008408358721398687
350102,鼓楼区,350322,仙游县,93.39328982159019,0.008578779270545508
350102,鼓楼区,350402_350403,三元区（含原梅列区）,173.48936552994584,0.004618152912613033
350102,鼓楼区,350421,明溪县,207.0697354683614,0.0038692299331783498
350102,鼓楼区,350423,清流县,239.70196792119322,0.003342485777976246
350102,鼓楼区,350424,宁化县,258.41298765455053,0.00310046498050075
350102,鼓楼区,350425,大田县,149.79147302850356,0.005348771879538481
350102,鼓楼区,350426,尤溪县,112.08901880838785,0.007147893944001151
350102,鼓楼区,350427,沙县,153.83876063382627,0.005208052999312434
350102,鼓楼区,350428,将乐县,202.4724014544265,0.003957084585228495
350102,鼓楼区,350429,泰宁县,229.63380496572333,0.0034890351568624624
350102,鼓楼区,350430,建宁县,259.30745141573686,0.003089770133311654
350102,鼓楼区,350481,永安市,198.5598706372063,0.004035057114805438
350102,鼓楼区,350502,鲤城区,151.4089023816544,0.005291633491338121
350102,鼓楼区,350503,丰泽区,146.56266369022316,0.005466606559655156
350102,鼓楼区,350504,洛江区,125.87091537668134,0.0063652545652173416
350102,鼓楼区,350505,泉港区,111.7889354127142,0.00716708157002793
350102,鼓楼区,350521,惠安县,131.94376011567485,0.006072287298975682
350102,鼓楼区,350524,安溪县,175.2644650178772,0.004571379706934792
350102,鼓楼区,350525,永春县,140.32062033606334,0.005709783899263398
350102,鼓楼区,350526,德化县,115.85657897205611,0.006915450342468261
350102,鼓楼区,350581,石狮市,163.3871817450695,0.004903692016547584
350102,鼓楼区,350582,晋江市,163.2859785806438,0.004906731280259983
350102,鼓楼区,350583,南安市,151.16986387773304,0.00530000092728483
350102,鼓楼区,350602,芗城区,238.00985997473424,0.003366248855465725
350102,鼓楼区,350603,龙文区,236.26269634260572,0.003391142279895434
350102,鼓楼区,350622,云霄县,305.61272204562033,0.002621619981546146
350102,鼓楼区,350623,漳浦县,270.79372117322146,0.0029587112110956012
350102,鼓楼区,350624,诏安县,329.03008978534075,0.002435036927024546
350102,鼓楼区,350625,长泰县,214.44806519003131,0.0037361046741994602
350102,鼓楼区,350626,东山县,325.9504645605896,0.002458043493846823
350102,鼓楼区,350627,南靖县,255.67197172962386,0.0031337045406634777
350102,鼓楼区,350628,平和县,287.38274140608695,0.002787921135449704
350102,鼓楼区,350629,华安县,219.8998464218164,0.003643478755290386
350102,鼓楼区,350681,龙海市,240.2293455970519,0.0033351479884285167
350102,鼓楼区,350702,延平区,118.90894571008585,0.00673793223836101
350102,鼓楼区,350721,顺昌县,171.84006278465415,0.0046624774557581005
350102,鼓楼区,350722,浦城县,223.10782044854426,0.0035910906982944096
350102,鼓楼区,350723,光泽县,259.25727403649284,0.0030903681360806494
350102,鼓楼区,350724,松溪县,176.26473143152026,0.004545438059120619
350102,鼓楼区,350725,政和县,139.97730806014522,0.005723787875569432
350102,鼓楼区,350781,邵武市,220.70170893964567,0.0036302411185615575
350102,鼓楼区,350782,武夷山市,222.58229689663924,0.0035995693723187734
350102,鼓楼区,350783,建瓯市,135.69921146876413,0.005904237836444102
350102,鼓楼区,350784,建阳市,190.0817069247627,0.0042150316918536206
350102,鼓楼区,350802,新罗区,246.48434262860673,0.0032505124268145703
350102,鼓楼区,350821,长汀县,294.14846457403377,0.0027237960255538022
350102,鼓楼区,350822,永定县,294.93088781576466,0.0027165700570161875
350102,鼓楼区,350823,上杭县,292.0763700666666,0.0027431196113079336
350102,鼓楼区,350824,武平县,332.3809221961188,0.002410488584711142
350102,鼓楼区,350825,连城县,256.85894714130677,0.0031192233233313816
350102,鼓楼区,350881,漳平市,205.34715982543204,0.0039016873640259557
350102,鼓楼区,350902,蕉城区,76.36058733949231,0.01049232917980897
350102,鼓楼区,350921,霞浦县,108.7053539338255,0.00737038599972949
350102,鼓楼区,350922,古田县,68.30553923808142,0.0117296551299726
350102,鼓楼区,350923,屏南县,101.69838931090867,0.007878201652536556
350102,鼓楼区,350924,寿宁县,148.51021421196222,0.0053949179386812264
350102,鼓楼区,350925,周宁县,112.39754862941409,0.007128273067334805
350102,鼓楼区,350926,柘荣县,137.1770573026204,0.00584062987269083
350102,鼓楼区,350981,福安市,115.60185562807138,0.006930688217559654
350102,鼓楼区,350982,福鼎市,153.02255297841901,0.005235832255670842
350103,台江区,350102,鼓楼区,3.1389868078674943,0.24314802440654945
350103,台江区,350104,仓山区,4.237956889996422,0.18009584825480532
350103,台江区,350105,马尾区,21.311137895446745,0.03581406327131283
350103,台江区,350111,晋安区,14.864892386150498,0.05134503642167672
350103,台江区,350121,闽侯县,18.355027621516854,0.041581982697562865
350103,台江区,350122,连江县,43.82023622192486,0.017417488055195062
350103,台江区,350123,罗源县,50.700524765345165,0.015053856828970954
350103,台江区,350124,闽清县,55.25102316433171,0.013814014605686516
350103,台江区,350125,永泰县,59.61871973445646,0.012801993138576086
350103,台江区,350128,平潭县,74.56970674659634,0.010235234578095475
350103,台江区,350181,福清市,42.39137796615437,0.018004567852938823
350103,台江区,350182,长乐市,31.031623832182067,0.024595504415069254
350103,台江区,350203,思明区,211.24522486647695,0.003613044704104564
350103,台江区,350205,海沧区,217.20273284609007,0.003513944925877306
350103,台江区,350206,湖里区,210.6205531722052,0.0036237604995138905
350103,台江区,350211,集美区,203.42725522927273,0.0037518986337941504
350103,台江区,350212,同安区,188.34701185309234,0.0040522991761956706
350103,台江区,350213,翔安区,182.83658777943933,0.004174429474104588
350103,台江区,350302,城厢区,77.70187416834295,0.00982265163022488
350103,台江区,350303,涵江区,55.58265621838909,0.013731593502339509
350103,台江区,350304,荔城区,75.90954146743464,0.010054578465588984
350103,台江区,350305,秀屿区,92.39530743040214,0.00826057580409179
350103,台江区,350322,仙游县,91.89834190509028,0.008305247136661626
350103,台江区,350402_350403,三元区（含原梅列区）,174.91722384869476,0.004363426449252428
350103,台江区,350421,明溪县,208.7191860109509,0.0036567718356814473
350103,台江区,350423,清流县,240.87142947852783,0.003168654923597903
350103,台江区,350424,宁化县,259.76259575213084,0.002938215329891049
350103,台江区,350425,大田县,150.40261706113347,0.005074635374602373
350103,台江区,350426,尤溪县,113.38621694671636,0.0067313158646951895
350103,台江区,350427,沙县,155.7122912777289,0.004901594053419251
350103,台江区,350428,将乐县,204.59948506934137,0.0037304025506835026
350103,台江区,350429,泰宁县,231.82566270430698,0.0032922948739489244
350103,台江区,350430,建宁县,261.3657549110054,0.002920192973372061
350103,台江区,350481,永安市,199.44939164970438,0.0038267273450083425
350103,台江区,350502,鲤城区,149.41681786869546,0.00510811601972357
350103,台江区,350503,丰泽区,144.53965087676076,0.005280477961178725
350103,台江区,350504,洛江区,123.99343249198743,0.006155474734684222
350103,台江区,350505,泉港区,109.60418628958807,0.0069635884066930635
350103,台江区,350521,惠安县,129.66602781571828,0.005886186642934099
350103,台江区,350524,安溪县,174.4013813792,0.004376332543557651
350103,台江区,350525,永春县,139.6714896754047,0.00546452567195325
350103,台江区,350526,德化县,115.70060039860927,0.006596667937259697
350103,台江区,350581,石狮市,161.1453171889236,0.004736336458827386
350103,台江区,350582,晋江市,161.23550803314168,0.0047336870784958855
350103,台江区,350583,南安市,149.56214349870703,0.005103152596751868
350103,台江区,350602,芗城区,236.75161441255344,0.0032237940293037026
350103,台江区,350603,龙文区,234.9057631025477,0.0032491260788608746
350103,台江区,350622,云霄县,304.14506563778,0.0025094552803962868
350103,台江区,350623,漳浦县,269.18374217148863,0.0028353808993596898
350103,台江区,350624,诏安县,327.63084896763377,0.002329568303400519
350103,台江区,350625,长泰县,213.21274486921126,0.003579703649701556
350103,台江区,350626,东山县,324.2414695211996,0.002353919879829869
350103,台江区,350627,南靖县,254.7685092412595,0.0029958115437588653
350103,台江区,350628,平和县,286.1894188919406,0.002666899579747866
350103,台江区,350629,华安县,219.06005370072964,0.0034841516199658456
350103,台江区,350681,龙海市,238.6576584855501,0.0031980471350238015
350103,台江区,350702,延平区,121.23404177628402,0.006295578616273669
350103,台江区,350721,顺昌县,174.35319235003257,0.004377542106822569
350103,台江区,350722,浦城县,226.24651598088982,0.0033734815215261484
350103,台江区,350723,光泽县,262.0393415005104,0.0029126864561660323
350103,台江区,350724,松溪县,179.39750513131656,0.004254454042783493
350103,台江区,350725,政和县,143.09192295162262,0.005333903027002038
350103,台江区,350781,邵武市,223.30060523777894,0.0034179864410061813
350103,台江区,350782,武夷山市,225.6372470360018,0.003382590644927621
350103,台江区,350783,建瓯市,138.70430376202188,0.005502629841109385
350103,台江区,350784,建阳市,193.07298745713763,0.003953108360850541
350103,台江区,350802,新罗区,246.40435318461505,0.0030975038837863242
350103,台江区,350821,长汀县,294.84989203997054,0.0025885661198333963
350103,台江区,350822,永定县,294.45112899007813,0.002592071708432541
350103,台江区,350823,上杭县,292.12881268592105,0.002612677722384712
350103,台江区,350824,武平县,332.56017288015516,0.0022950386222172514
350103,台江区,350825,连城县,257.36830794314767,0.0029655494379665455
350103,台江区,350881,漳平市,205.24149585673965,0.003718733571811177
350103,台江区,350902,蕉城区,79.07621697397418,0.009651934174119655
350103,台江区,350921,霞浦县,110.31599059904363,0.00691865645974464
350103,台江区,350922,古田县,71.35585060661205,0.010696227912395991
350103,台江区,350923,屏南县,104.83113119977939,0.007280646810122454
350103,台江区,350924,寿宁县,151.27011721415067,0.00504553348028876
350103,台江区,350925,周宁县,115.31454423511549,0.006618752612983762
350103,台江区,350926,柘荣县,139.3866109892556,0.005475694082482825
350103,台江区,350981,福安市,118.12913767985452,0.006461051489596739
350103,台江区,350982,福鼎市,154.779724765011,0.004931126748868192
350104,仓山区,350102,鼓楼区,6.512734710754537,0.13554631267516873
350104,仓山区,350103,台江区,4.237956889996422,0.20830253784745423
350104,仓山区,350105,马尾区,24.1443209995789,0.0365625181793166
350104,仓山区,350111,晋安区,18.249723369633486,0.04837208529655034
350104,仓山区,350121,闽侯县,18.5182457543935,0.04767066962943388
350104,仓山区,350122,连江县,47.93666552693818,0.018415489808699344
350104,仓山区,350123,罗源县,54.71526327103558,0.016134020430486926
350104,仓山区,350124,闽清县,54.263502671713816,0.016268341187170146
350104,仓山区,350125,永泰县,56.07566413406533,0.015742607583992606
350104,仓山区,350128,平潭县,73.28358925946344,0.012046041745428867
350104,仓山区,350181,福清市,39.11336192147686,0.022569708460413184
350104,仓山区,350182,长乐市,30.98586565207359,0.02848967285234722
350104,仓山区,350203,思明区,207.00923058870572,0.0042644338755516474
350104,仓山区,350205,海沧区,212.97163528856169,0.00414504576761247
350104,仓山区,350206,湖里区,206.38422436676146,0.004277348126693989
350104,仓山区,350211,集美区,199.19874320832514,0.004431640286761935
350104,仓山区,350212,同安区,184.1259985125382,0.004794418944667642
350104,仓山区,350213,翔安区,178.60011242101314,0.004942758229588305
350104,仓山区,350302,城厢区,73.5053086464584,0.012009706397129626
350104,仓山区,350303,涵江区,51.4133715254837,0.017170186456976457
350104,仓山区,350304,荔城区,71.86674410864039,0.01228352816623878
350104,仓山区,350305,秀屿区,88.88800966729578,0.009931341457397441
350104,仓山区,350322,仙游县,87.68237423723214,0.010067897717800504
350104,仓山区,350402_350403,三元区（含原梅列区）,172.88946244832306,0.005106020708105462
350104,仓山区,350421,明溪县,206.987768478675,0.004264876045394477
350104,仓山区,350423,清流县,238.49704701824425,0.0037014176339333444
350104,仓山区,350424,宁化县,257.6096019877345,0.0034268022956550764
350104,仓山区,350425,大田县,147.44177437751375,0.005987293487218035
350104,仓山区,350426,尤溪县,111.22550231347171,0.007936823454268514
350104,仓山区,350427,沙县,154.34209012849107,0.005719613973994001
350104,仓山区,350428,将乐县,203.6352340780473,0.00433509053318355
350104,仓山区,350429,泰宁县,230.971103533998,0.0038220243223820328
350104,仓山区,350430,建宁县,260.2667895186503,0.003391816439996086
350104,仓山区,350481,永安市,196.76252012340993,0.0044865108198486135
350104,仓山区,350502,鲤城区,145.1999863045105,0.00607973318690965
350104,仓山区,350503,丰泽区,140.32860829683182,0.0062907855083052895
350104,仓山区,350504,洛江区,119.76097559244499,0.0073711588529347975
350104,仓山区,350505,泉港区,105.43634208883077,0.008372608134779694
350104,仓山区,350521,惠安县,125.53620094548855,0.00703205265752535
350104,仓山区,350524,安溪县,170.37175016280747,0.005181476240226305
350104,仓山区,350525,永春县,135.75088170179376,0.0065029203818622
350104,仓山区,350526,德化县,112.09768879523351,0.007875070262036443
350104,仓山区,350581,石狮市,157.00089106053852,0.005622752644976811
350104,仓山区,350582,晋江市,157.0307088824402,0.0056216849669528226
350104,仓山区,350583,南安市,145.33013624993404,0.006074288501018038
350104,仓山区,350602,芗城区,232.57925161723253,0.0037955972828014354
350104,仓山区,350603,龙文区,230.71000395903056,0.003826349791191207
350104,仓山区,350622,云霄县,299.92815118497214,0.002943295492559254
350104,仓山区,350623,漳浦县,264.95062301085045,0.003331855443261996
350104,仓山区,350624,诏安县,323.42544596951535,0.0027294611060304937
350104,仓山区,350625,长泰县,209.04716764777694,0.004222861210737608
350104,仓山区,350626,东山县,320.00369827145136,0.0027586467914052686
350104,仓山区,350627,南靖县,250.71653954668326,0.0035210169104539137
350104,仓山区,350628,平和县,282.0338640969598,0.003130039643646733
350104,仓山区,350629,华安县,215.03734979282876,0.004105227191112819
350104,仓山区,350681,龙海市,234.42805702360718,0.003765663490464635
350104,仓山区,350702,延平区,120.68632906381514,0.00731464103947991
350104,仓山区,350721,顺昌县,174.16701248175508,0.005068567020214776
350104,仓山区,350722,浦城县,228.64711331876128,0.003860871727882532
350104,仓山区,350723,光泽县,262.50569576560815,0.003362887700016203
350104,仓山区,350724,松溪县,181.97134008309962,0.004851187967683412
350104,仓山区,350725,政和县,145.87173137667548,0.006051735775966205
350104,仓山区,350781,邵武市,223.29652848205274,0.003953385130863383
350104,仓山区,350782,武夷山市,227.1279179202817,0.00388669602379836
350104,仓山区,350783,建瓯市,139.97961308898564,0.006306469606493153
350104,仓山区,350784,建阳市,194.2684366898621,0.00454411015250851
350104,仓山区,350802,新罗区,242.82838249003095,0.003635395362033516
350104,仓山区,350821,长汀县,291.94866109405126,0.0030237411336850504
350104,仓山区,350822,永定县,290.6093509223058,0.0030376764294496807
350104,仓山区,350823,上杭县,288.64838278041873,0.0030583132563258026
350104,仓山区,350824,武平县,329.17785617144375,0.002681763547954415
350104,仓山区,350825,连城县,254.28377678660684,0.0034716220854906507
350104,仓山区,350881,漳平市,201.6518830974693,0.004377728399628507
350104,仓山区,350902,蕉城区,82.86863218914084,0.010652730136289602
350104,仓山区,350921,霞浦县,114.55212158883181,0.007706336322979329
350104,仓山区,350922,古田县,72.90983267998698,0.012107793188183693
350104,仓山区,350923,屏南县,107.42611514574011,0.0082175286174757
350104,仓山区,350924,寿宁县,155.00606239739477,0.005695113867296046
350104,仓山区,350925,周宁县,118.79748483774418,0.007430941628773308
350104,仓山区,350926,柘荣县,143.53594030185565,0.006150216967387272
350104,仓山区,350981,福安市,122.10043605936391,0.007229926476635697
350104,仓山区,350982,福鼎市,159.01672063867707,0.005551473907453002
350105,马尾区,350102,鼓楼区,22.522942312670168,0.05782796299563472
350105,马尾区,350103,台江区,21.311137895446745,0.061116205103631915
350105,马尾区,350104,仓山区,24.1443209995789,0.053944605633458154
350105,马尾区,350111,晋安区,26.782482645126386,0.04863088653384842
350105,马尾区,350121,闽侯县,37.998366914114754,0.03427662766544053
350105,马尾区,350122,连江县,29.961883602776133,0.043470427022459505
350105,马尾区,350123,罗源县,48.39501874160801,0.026913015191997618
350105,马尾区,350124,闽清县,75.41105153557879,0.01727141908365261
350105,马尾区,350125,永泰县,79.9763005238213,0.016285522912152753
350105,马尾区,350128,平潭县,65.47528253814474,0.01989232919844398
350105,马尾区,350181,福清市,47.56807748070367,0.027380881120080084
350105,马尾区,350182,长乐市,20.97892870915634,0.0620840030807409
350105,马尾区,350203,思明区,224.46830484801947,0.005802404377276152
350105,马尾区,350205,海沧区,231.76209657947373,0.005619796739124163
350105,马尾区,350206,湖里区,223.88898186134506,0.005817418364144957
350105,马尾区,350211,集美区,218.16706564255864,0.005969993091183746
350105,马尾区,350212,同安区,203.45680047690809,0.0064016335239565104
350105,马尾区,350213,翔安区,196.21945020095126,0.006637751116293729
350105,马尾区,350302,城厢区,90.27870234535226,0.014427055781412205
350105,马尾区,350303,涵江区,68.21093587007317,0.0190945316611811
350105,马尾区,350304,荔城区,85.84491177438389,0.015172196554095109
350105,马尾区,350305,秀屿区,96.41602496597946,0.013508707448471139
350105,马尾区,350322,仙游县,107.69443940981186,0.012093993726580848
350105,马尾区,350402_350403,三元区（含原梅列区）,196.01223864197195,0.006644768120774944
350105,马尾区,350421,明溪县,229.5188528720334,0.0056747228313139084
350105,马尾区,350423,清流县,262.14904920532877,0.004968379166577693
350105,马尾区,350424,宁化县,280.9306396452663,0.004636218663277629
350105,马尾区,350425,大田县,171.57242331493745,0.007591289144521346
350105,马尾区,350426,尤溪县,134.5901307862678,0.009677201938961152
350105,马尾区,350427,沙县,176.07873209597162,0.0073970084808425525
350105,马尾区,350428,将乐县,224.21972698886378,0.005808837126425519
350105,马尾区,350429,泰宁县,251.1987586085022,0.005184961429844511
350105,马尾区,350430,建宁县,281.1904368859421,0.004631935171885716
350105,马尾区,350481,永安市,220.74911761987818,0.005900163446418331
350105,马尾区,350502,鲤城区,161.78214489943622,0.008050677504736462
350105,马尾区,350503,丰泽区,156.725513067017,0.008310426612245103
350105,马尾区,350504,洛江区,137.32442008577485,0.009484517566477781
350105,马尾区,350505,泉港区,120.96428505580099,0.010767276258517804
350105,马尾区,350521,惠安县,140.03797198642175,0.00930073362342175
350105,马尾区,350524,安溪县,192.37554876593387,0.006770381594568564
350105,马尾区,350525,永春县,158.457604008193,0.008219585817683846
350105,马尾区,350526,德化县,135.8179827902281,0.009589715940793782
350105,马尾区,350581,石狮市,171.54233750525705,0.007592620536431661
350105,马尾区,350582,晋江市,173.1085546108504,0.007523925536423306
350105,马尾区,350583,南安市,164.29102625054594,0.007927735947206537
350105,马尾区,350602,芗城区,252.95566554500223,0.005148949211332022
350105,马尾区,350603,龙文区,250.64019778968887,0.005196516305428354
350105,马尾区,350622,云霄县,319.19347620732026,0.004080458943227098
350105,马尾区,350623,漳浦县,283.50406775257136,0.004594134697730779
350105,马尾区,350624,诏安县,343.0072563736761,0.0037971671164618026
350105,马尾区,350625,长泰县,229.57270694166883,0.005673391632485483
350105,马尾区,350626,东山县,337.88539700109067,0.0038547267392135967
350105,马尾区,350627,南靖县,272.44822493101117,0.004780562893884559
350105,马尾区,350628,平和县,302.6143217223207,0.004304012669317882
350105,马尾区,350629,华安县,237.029338784053,0.005494914179364589
350105,马尾区,350681,龙海市,253.25886067601547,0.005142785018985333
350105,马尾区,350702,延平区,140.1873906656642,0.009290820439879359
350105,马尾区,350721,顺昌县,192.2701616394862,0.0067740925763200835
350105,马尾区,350722,浦城县,233.74374932730996,0.005572152745723629
350105,马尾区,350723,光泽县,277.8360092924965,0.004687858416648663
350105,马尾区,350724,松溪县,186.15677348003226,0.006996553766278137
350105,马尾区,350725,政和县,148.9186016011499,0.00874609256738984
350105,马尾区,350781,邵武市,240.61086315895935,0.005413121658390958
350105,马尾区,350782,武夷山市,237.63737554139783,0.005480854481087342
350105,马尾区,350783,建瓯市,152.06537020832016,0.008565105078333232
350105,马尾区,350784,建阳市,206.42532488489184,0.006309574057040673
350105,马尾区,350802,新罗区,266.5342561812063,0.004886635936674559
350105,马尾区,350821,长汀县,316.0641824427798,0.004120858822228938
350105,马尾区,350822,永定县,313.53165026007747,0.004154144800148586
350105,马尾区,350823,上杭县,312.508519429703,0.004167745176953123
350105,马尾区,350824,武平县,353.15850186716864,0.0036880207264549745
350105,马尾区,350825,连城县,278.4270209801966,0.004677907589660791
350105,马尾区,350881,漳平市,225.3433417942046,0.005779872900790551
350105,马尾区,350902,蕉城区,77.99834443271779,0.016698506668092403
350105,马尾区,350921,霞浦县,98.12853000973588,0.013272958175167628
350105,马尾区,350922,古田县,84.65978000353395,0.0153845884616702
350105,马尾区,350923,屏南县,112.35324370322468,0.011592507983572564
350105,马尾区,350924,寿宁县,149.31512114304928,0.008722866543182228
350105,马尾区,350925,周宁县,116.3419912920831,0.011195062592147125
350105,马尾区,350926,柘荣县,131.47161200659727,0.009906746062751163
350105,马尾区,350981,福安市,113.71813702062784,0.011453369785451617
350105,马尾区,350982,福鼎市,143.0969500226359,0.009101912195919451
350111,晋安区,350102,鼓楼区,11.861625679399241,0.09478891604757014
350111,晋安区,350103,台江区,14.864892386150498,0.07563799397295505
350111,晋安区,350104,仓山区,18.249723369633486,0.06160918814709997
350111,晋安区,350105,马尾区,26.782482645126386,0.04198082215193277
350111,晋安区,350121,闽侯县,15.082918202036904,0.07454463557061766
350111,晋安区,350122,连江县,37.60074391330161,0.029902350956267313
350111,晋安区,350123,罗源县,37.366239159938715,0.030090013498541256
350111,晋安区,350124,闽清县,50.522581538337334,0.022254417855886912
350111,晋安区,350125,永泰县,65.34308929694915,0.017206879148347405
350111,晋安区,350128,平潭县,87.85474253990498,0.012797836613106907
350111,晋安区,350181,福清市,57.22695404426962,0.01964722147962832
350111,晋安区,350182,长乐市,43.00890285952844,0.02614227673708681
350111,晋安区,350203,思明区,222.84740444460948,0.0050453836045990085
350111,晋安区,350205,海沧区,227.97530458073263,0.004931896648981609
350111,晋安区,350206,湖里区,222.19895134828835,0.00506010777229052
350111,晋安区,350211,集美区,214.11792288890604,0.005251081392638206
350111,晋安区,350212,同安区,198.83082052849065,0.0056548106461752875
350111,晋安区,350213,翔安区,194.43272021871977,0.005782723398857358
350111,晋安区,350302,城厢区,90.42471032126676,0.01243410829537204
350111,晋安区,350303,涵江区,68.67190130129117,0.01637279031753176
350111,晋安区,350304,荔城区,89.63057117826106,0.012544276198755006
350111,晋安区,350305,秀屿区,107.12731956548781,0.010495461337711825
350111,晋安区,350322,仙游县,102.55138528984703,0.010963778183341533
350111,晋安区,350402_350403,三元区（含原梅列区）,172.3209491298158,0.0065247472602142035
350111,晋安区,350421,明溪县,204.8625755984642,0.005488316435677507
350111,晋安区,350423,清流县,239.47060351720944,0.0046951509880480006
350111,晋安区,350424,宁化县,257.41040002440155,0.004367930124834477
350111,晋安区,350425,大田县,151.9682661684845,0.007398588330709317
350111,晋安区,350426,尤溪县,111.74623165367822,0.010061642563454334
350111,晋安区,350427,沙县,150.76025656495926,0.007457871632288042
350111,晋安区,350428,将乐县,198.07211165015894,0.00567647121720063
350111,晋安区,350429,泰宁县,224.87449577022772,0.004999902887436003
350111,晋安区,350430,建宁县,255.15533461945844,0.0044065339350601715
350111,晋安区,350481,永安市,199.52484169502748,0.005635141124085391
350111,晋安区,350502,鲤城区,161.67611304006232,0.006954339880954894
350111,晋安区,350503,丰泽区,156.90718903890215,0.007165705074440633
350111,晋安区,350504,洛江区,135.89878886389778,0.008273441213948643
350111,晋安区,350505,泉港区,122.53370401689597,0.009175847981851932
350111,晋安区,350521,惠安县,142.8600599524133,0.007870293776208676
350111,晋安区,350524,安溪县,182.39926958458315,0.006164227758548599
350111,晋安区,350525,永春县,146.87591352527974,0.007655105685649116
350111,晋安区,350526,德化县,120.9145320896266,0.009298722174096195
350111,晋安区,350581,石狮市,174.20592406558234,0.006454146991516768
350111,晋安区,350582,晋江市,173.67862911438073,0.006473742028282625
350111,晋安区,350583,南安市,160.47667692976376,0.007006318065798274
350111,晋安区,350602,芗城区,246.24765734134093,0.004565934364011985
350111,晋安区,350603,龙文区,244.78635670487546,0.004593191613484572
350111,晋安区,350622,云霄县,314.4092285276646,0.0035760739148066904
350111,晋安区,350623,漳浦县,280.00119292867026,0.004015520894579556
350111,晋安区,350624,诏安县,337.6220593264094,0.0033302049130186323
350111,晋安区,350625,长泰县,222.64109008899317,0.005050058999723978
350111,晋安区,350626,东山县,335.4028593947949,0.003352239282458918
350111,晋安区,350627,南靖县,262.8282802358798,0.004277890642906497
350111,晋安区,350628,平和县,295.39478168008634,0.003806264397486726
350111,晋安区,350629,华安县,226.89551795553226,0.00495536734635997
350111,晋安区,350681,龙海市,249.3500395744966,0.004509125575560064
350111,晋安区,350702,延平区,113.76666223733574,0.009882953570059907
350111,晋安区,350721,顺昌县,165.5198626850416,0.006792844208986206
350111,晋安区,350722,浦城县,211.872341691904,0.005306736272105119
350111,晋安区,350723,光泽县,251.27683273577065,0.0044745495574380475
350111,晋安区,350724,松溪县,164.85636545310513,0.006820183361570642
350111,晋安区,350725,政和县,128.38775488128422,0.00875746010008451
350111,晋安区,350781,邵武市,213.82975661127819,0.005258157978247328
350111,晋安区,350782,武夷山市,212.65884088783326,0.00528710979528622
350111,晋安区,350783,建瓯市,126.29246224629651,0.008902753345006132
350111,晋安区,350784,建阳市,180.72089158073314,0.006221475729107929
350111,晋安区,350802,新罗区,250.94451181543937,0.004480475116105333
350111,晋安区,350821,长汀县,295.7007645208523,0.0038023257820592802
350111,晋安区,350822,永定县,300.6969461264118,0.0037391488513475106
350111,晋安区,350823,上杭县,296.02303772511453,0.0037981862808810947
350111,晋安区,350824,武平县,335.8413829687787,0.0033478621091100062
350111,晋安区,350825,连城县,259.18146152266957,0.004338082801550736
350111,晋安区,350881,漳平市,209.95778518552186,0.005355127173392421
350111,晋安区,350902,蕉城区,64.78991771415096,0.0173537902250909
350111,晋安区,350921,霞浦县,100.03350545615599,0.011239740480803926
350111,晋安区,350922,古田县,58.70743965627558,0.019151757380243516
350111,晋安区,350923,屏南县,90.31272142023151,0.012449526744749428
350111,晋安区,350924,寿宁县,136.83450036688004,0.008216865174335954
350111,晋安区,350925,周宁县,100.55384923387781,0.011181577326763037
350111,晋安区,350926,柘荣县,126.69550051211533,0.00887443228976202
350111,晋安区,350981,福安市,104.37421990828808,0.010772302218883412
350111,晋安区,350982,福鼎市,143.78718225442262,0.00781954707703227
350121,闽侯县,350102,鼓楼区,15.986642488524716,0.07296351891206478
350121,闽侯县,350103,台江区,18.355027621516854,0.0635488932843947
350121,闽侯县,350104,仓山区,18.5182457543935,0.0629887791220802
350121,闽侯县,350105,马尾区,37.998366914114754,0.030697153227356434
350121,闽侯县,350111,晋安区,15.082918202036904,0.07733527928265015
350121,闽侯县,350122,连江县,52.68341414428788,0.022140586567857452
350121,闽侯县,350123,罗源县,49.24246786125471,0.023687717984371758
350121,闽侯县,350124,闽清县,37.417596666096784,0.031173613365948146
350121,闽侯县,350125,永泰县,50.873265689494616,0.022928382437079578
350121,闽侯县,350128,平潭县,91.68169691891843,0.01272273235282142
350121,闽侯县,350181,福清市,54.619184303668796,0.02135589731744751
350121,闽侯县,350182,长乐市,49.24641706278666,0.023685818403087845
350121,闽侯县,350203,思明区,211.18536822322332,0.005523307326476144
350121,闽侯县,350205,海沧区,215.5342776171538,0.005411861651183865
350121,闽侯县,350206,湖里区,210.51375222814093,0.005540928700409933
350121,闽侯县,350211,集美区,201.6329201119844,0.005784976435911678
350121,闽侯县,350212,同安区,186.20917015480006,0.00626414741326757
350121,闽侯县,350213,翔安区,182.82746500560916,0.006380013481651158
350121,闽侯县,350302,城厢区,80.89005972058233,0.014420086912793964
350121,闽侯县,350303,涵江区,60.190147197335854,0.01937927959750065
350121,闽侯县,350304,荔城区,81.88694295870016,0.014244538254898447
350121,闽侯县,350305,秀屿区,102.55838204440951,0.01137344084705629
350121,闽侯县,350322,仙游县,90.50002284301921,0.01288885521692292
350121,闽侯县,350402_350403,三元区（含原梅列区）,158.44128391786612,0.007361980808969963
350121,闽侯县,350421,明溪县,191.6031665326935,0.006087799657282073
350121,闽侯县,350423,清流县,225.17801349118145,0.005180086960832757
350121,闽侯县,350424,宁化县,243.47884915932008,0.0047907310864141305
350121,闽侯县,350425,大田县,136.96423038545865,0.008516396494684582
350121,闽侯县,350426,尤溪县,97.41893198311881,0.011973460063738102
350121,闽侯县,350427,沙县,138.0833181815654,0.00844737588082972
350121,闽侯县,350428,将乐县,186.5108696924106,0.00625401454336447
350121,闽侯县,350429,泰宁县,213.65234354008803,0.005459531462303055
350121,闽侯县,350430,建宁县,243.37815185099956,0.004792713243487887
350121,闽侯县,350481,永安市,184.79692441686362,0.006312018964778009
350121,闽侯县,350502,鲤城区,150.93332035467526,0.007728192083834723
350121,闽侯县,350503,丰泽区,146.32270838573066,0.007971706541112948
350121,闽侯县,350504,洛江区,124.85769383516629,0.009342169118482967
350121,闽侯县,350505,泉港区,112.95474279662807,0.010326628724674608
350121,闽侯县,350521,惠安县,133.57366842957327,0.008732572109950681
350121,闽侯县,350524,安溪县,168.31826364947983,0.0069299769749347475
350121,闽侯县,350525,永春县,132.53860070971467,0.008800769627156589
350121,闽侯县,350526,德化县,106.06593428175071,0.010997326327729194
350121,闽侯县,350581,石狮市,164.54999358186325,0.0070886766153022635
350121,闽侯县,350582,晋江市,163.12561645834612,0.007150573385570872
350121,闽侯县,350583,南安市,148.32051900832468,0.007864331242573548
350121,闽侯县,350602,芗城区,232.86439319835068,0.005009102832472686
350121,闽侯县,350603,龙文区,231.65185206645756,0.005035322105766097
350121,闽侯县,350622,云霄县,301.47600268555436,0.0038691029506866394
350121,闽侯县,350623,漳浦县,267.5294618378735,0.004360049482171691
350121,闽侯县,350624,诏安县,324.4817798562258,0.003594783325180011
350121,闽侯县,350625,长泰县,209.24549708654322,0.005574512750778361
350121,闽侯县,350626,东山县,323.1797920178127,0.003609265555463941
350121,闽侯县,350627,南靖县,248.68953095433068,0.00469035301597033
350121,闽侯县,350628,平和县,281.79684613518884,0.004139300022514462
350121,闽侯县,350629,华安县,212.69230862796977,0.005484174294201537
350121,闽侯县,350681,龙海市,236.8114374708111,0.004925613830183624
350121,闽侯县,350702,延平区,102.9321493755082,0.01133214159646642
350121,闽侯县,350721,顺昌县,156.00257948502448,0.0074770666959636045
350121,闽侯县,350722,浦城县,212.18193504145304,0.005497365698564342
350121,闽侯县,350723,光泽县,243.9997089809151,0.004780504437581632
350121,闽侯县,350724,松溪县,166.04203825802625,0.007024978154864992
350121,闽侯县,350725,政和县,130.69805081753307,0.008924706101243662
350121,闽侯县,350781,邵武市,204.9896252212817,0.005690247446878074
350121,闽侯县,350782,武夷山市,209.0725125777532,0.005579125046952773
350121,闽侯县,350783,建瓯市,121.75705648651669,0.009580074660240023
350121,闽侯县,350784,建阳市,175.95919891663058,0.006629046385375687
350121,闽侯县,350802,新罗区,235.92269243808974,0.004944169123781877
350121,闽侯县,350821,长汀县,280.84429128373887,0.004153339511442758
350121,闽侯县,350822,永定县,285.945536541635,0.004079244270287996
350121,闽侯县,350823,上杭县,280.95156324977097,0.004151753697540042
350121,闽侯县,350824,武平县,320.75887672379037,0.0036365063485252497
350121,闽侯县,350825,连城县,244.1795466788731,0.00477698360659957
350121,闽侯县,350881,漳平市,194.96468445651732,0.005982835787945182
350121,闽侯县,350902,蕉城区,73.93106604558761,0.015777422860812483
350121,闽侯县,350921,霞浦县,113.74520521888557,0.01025486471545987
350121,闽侯县,350922,古田县,55.153368520935885,0.02114905621964173
350121,闽侯县,350923,屏南县,91.83191159119013,0.012701921057078309
350121,闽侯县,350924,寿宁县,144.73425149613362,0.00805919593665119
350121,闽侯县,350925,周宁县,107.04639898996916,0.010896599068794399
350121,闽侯县,350926,柘荣县,138.1902532009278,0.008440839093448163
350121,闽侯县,350981,福安市,114.3150597412953,0.010203744757616786
350121,闽侯县,350982,福鼎市,156.86734901760119,0.007435847541613085
350122,连江县,350102,鼓楼区,42.9069506910022,0.03625142599609882
350122,连江县,350103,台江区,43.82023622192486,0.03549588687326347
350122,连江县,350104,仓山区,47.93666552693818,0.032447775217469874
350122,连江县,350105,马尾区,29.961883602776133,0.051913897280777346
350122,连江县,350111,晋安区,37.60074391330161,0.041367217395474894
350122,连江县,350121,闽侯县,52.68341414428788,0.0295242472978903
350122,连江县,350123,罗源县,28.277239897970162,0.055006717533445756
350122,连江县,350124,闽清县,85.99673521611336,0.018087176725770423
350122,连江县,350125,永泰县,102.23035673849593,0.015215031985772289
350122,连江县,350128,平潭县,89.6137743628747,0.017357132413535703
350122,连江县,350181,福清市,77.52909825425368,0.020062636903013215
350122,连江县,350182,长乐市,49.16611448661664,0.031636385423878234
350122,连江县,350203,思明区,253.63362511674978,0.006132618050848523
350122,连江县,350205,海沧区,260.33126463234254,0.005974841899569083
350122,连江县,350206,湖里区,253.03678691715928,0.006147083065049969
350122,连江县,350211,集美区,246.62999406151394,0.00630676797285724
350122,连江县,350212,同安区,231.69634842458925,0.006713261379686262
350122,连江县,350213,翔安区,225.3010264277837,0.006903821843846307
350122,连江县,350302,城厢区,119.42851097431519,0.013024010221710345
350122,连江县,350303,涵江区,97.20278365181991,0.01600199180781388
350122,连江县,350304,荔城区,115.59785404327792,0.013455597083236485
350122,连江县,350305,秀屿区,126.08005826266938,0.012336908541496697
350122,连江县,350322,仙游县,135.3771148188106,0.011489668322263577
350122,连江县,350402_350403,三元区（含原梅列区）,207.57370644987117,0.007493425705479531
350122,连江县,350421,明溪县,238.7594616681155,0.006514666002452476
350122,连江县,350423,清流县,275.3986757215651,0.005647950715876766
350122,连江县,350424,宁化县,292.55365411049064,0.005316761988232335
350122,连江县,350425,大田县,189.40636195235322,0.008212174774173693
350122,连江县,350426,尤溪县,148.06107096716974,0.010505382255664095
350122,连江县,350427,沙县,183.84137252755838,0.008460762266447734
350122,连江县,350428,将乐县,228.54809487803905,0.006805736659162095
350122,连江县,350429,泰宁县,254.44522607408234,0.006113056910882099
350122,连江县,350430,建宁县,285.7303104120132,0.005443728197579876
350122,连江县,350481,永安市,236.39006450143611,0.006579964140936548
350122,连江县,350502,鲤城区,191.1744472604993,0.008136224113537758
350122,连江县,350503,丰泽区,186.1629542465412,0.008355250667290193
350122,连江县,350504,洛江区,166.34794085087444,0.009350510380453265
350122,连江县,350505,泉港区,150.54868995897922,0.01033179463811306
350122,连江县,350521,惠安县,169.83711345434224,0.009158411351069503
350122,连江县,350524,安溪县,218.15907164348098,0.007129834830957885
350122,连江县,350525,永春县,183.19975570544554,0.008490394224073152
350122,连江县,350526,德化县,158.155777446652,0.009834848734614179
350122,连江县,350581,石狮市,201.36764346441134,0.007724369818967599
350122,连江县,350582,晋江市,202.64933672033766,0.007675515611677919
350122,连江县,350583,南安市,192.71194805710272,0.008071311422954601
350122,连江县,350602,芗城区,280.4631007900494,0.0055459635984610525
350122,连江县,350603,龙文区,278.49722231501636,0.005585111890034313
350122,连江县,350622,云霄县,347.52161650100214,0.004475802579862372
350122,连江县,350623,漳浦县,312.2223288508575,0.004981828664906698
350122,连江县,350624,诏安县,371.1343590432819,0.0041910378540611784
350122,连江县,350625,长泰县,256.94882270242647,0.006053493965584294
350122,连江县,350626,东山县,366.9349876577766,0.004239002003111824
350122,连江县,350627,南靖县,298.5531841292398,0.005209919807855065
350122,连江县,350628,平和县,329.95168973311075,0.004714139057603494
350122,连江县,350629,华安县,262.8014142124315,0.00591868256247591
350122,连江县,350681,龙海市,281.8174261554091,0.005519311452498242
350122,连江县,350702,延平区,144.00747956111985,0.010801092779580008
350122,连江县,350721,顺昌县,192.20346137515676,0.008092664599089135
350122,连江县,350722,浦城县,215.48707924291253,0.0072182432151290405
350122,连江县,350723,光泽县,272.0190190908663,0.005718122772781348
350122,连江县,350724,松溪县,167.61849981899468,0.009279632912672468
350122,连江县,350725,政和县,130.02577206436084,0.011962537295477147
350122,连江县,350781,邵武市,238.42557258008125,0.006523789083785021
350122,连江县,350782,武夷山市,225.5436734938306,0.0068963944924647766
350122,连江县,350783,建瓯市,143.7870884547759,0.010817648263198162
350122,连江县,350784,建阳市,196.94698508470066,0.00789775048866162
350122,连江县,350802,新罗区,288.4393042287332,0.005392601233220492
350122,连江县,350821,长汀县,332.7867221263332,0.004673978990972628
350122,连江县,350822,永定县,337.6442107731228,0.004606737204620076
350122,连江县,350823,上杭县,333.6075792470716,0.004662478446094179
350122,连江县,350824,武平县,373.43880763496895,0.004165175434079539
350122,连江县,350825,连城县,296.5928645231872,0.005244354580794459
350122,连江县,350881,漳平市,247.40416576603704,0.006287032972452291
350122,连江县,350902,蕉城区,54.67614822647454,0.028448202701666796
350122,连江县,350921,霞浦县,68.24684521398518,0.022791356037280767
350122,连江县,350922,古田县,80.05152047839181,0.01943046351147052
350122,连江县,350923,屏南县,96.96022918740766,0.016042022185062385
350122,连江县,350924,寿宁县,122.87508422288992,0.01265869445811839
350122,连江县,350925,周宁县,93.18869354137517,0.016691275396006306
350122,连江县,350926,柘荣县,101.97332608282863,0.015253382501515252
350122,连江县,350981,福安市,86.10180384201561,0.01806510523922509
350122,连江县,350982,福鼎市,113.19857113025282,0.013740793122762567
350123,罗源县,350102,鼓楼区,48.24042279900419,0.03133007247394171
350123,罗源县,350103,台江区,50.700524765345165,0.029809867835913363
350123,罗源县,350104,仓山区,54.71526327103558,0.027622565480123772
350123,罗源县,350105,马尾区,48.39501874160801,0.031229989816430714
350123,罗源县,350111,晋安区,37.366239159938715,0.040447633383634066
350123,罗源县,350121,闽侯县,49.24246786125471,0.03069253041348041
350123,罗源县,350122,连江县,28.277239897970162,0.0534484959606996
350123,罗源县,350124,闽清县,72.46342125314585,0.020857087842795975
350123,罗源县,350125,永泰县,99.40910945501331,0.015203596036139435
350123,罗源县,350128,平潭县,113.37680205245367,0.013330557178417813
350123,罗源县,350181,福清市,91.94882832487887,0.016437141940801155
350123,罗源县,350182,长乐市,69.36610105726129,0.021788394034411133
350123,罗源县,350203,思明区,260.0017643762653,0.005812944947093444
350123,罗源县,350205,海沧区,264.7110599899797,0.005709530771111729
350123,罗源县,350206,湖里区,259.3443867593998,0.00582767940864875
350123,罗源县,350211,集美区,250.81929929982275,0.006025756178593471
350123,罗源县,350212,同安区,235.42346748247948,0.006419818544975217
350123,罗源县,350213,翔安区,231.60036359169266,0.006525792615468086
350123,罗源县,350302,城厢区,127.77011090995492,0.011828869300516794
350123,罗源县,350303,涵江区,105.918773128502,0.014269197969587236
350123,罗源县,350304,荔城区,126.58200737680453,0.011939895517436256
350123,罗源县,350305,秀屿区,142.12393335463625,0.010634211330860897
350123,罗源县,350322,仙游县,139.47067593598362,0.01083651407239258
350123,罗源县,350402_350403,三元区（含原梅列区）,190.1960234090535,0.007946411893249124
350123,罗源县,350421,明溪县,219.21872422422032,0.006894374318685173
350123,罗源县,350423,清流县,258.71854453821226,0.0058417766115840385
350123,罗源县,350424,宁化县,274.4070253123599,0.005507788806594799
350123,罗源县,350425,大田县,178.1827746615064,0.008482166389750922
350123,罗源县,350426,尤溪县,133.5898272117236,0.011313555635273375
350123,罗源县,350427,沙县,163.90148941454535,0.009221245931717968
350123,罗源县,350428,将乐县,205.8388196474848,0.007342521420666628
350123,罗源县,350429,泰宁县,230.93678736444102,0.0065445438975527594
350123,罗源县,350430,建宁县,262.78162909886635,0.00575145206173361
350123,罗源县,350481,永安市,222.25038458328768,0.006800329931037793
350123,罗源县,350502,鲤城区,199.023221103281,0.007593967850023285
350123,罗源县,350503,丰泽区,194.26599185577152,0.00777993064060579
350123,罗源县,350504,洛江区,173.19444483221758,0.008726468934558147
350123,罗源县,350505,泉港区,159.8584249789278,0.00945446536624903
350123,罗源县,350521,惠安县,180.11949756820817,0.008390962460319208
350123,罗源县,350524,安溪县,216.93848402109782,0.006966841080715797
350123,罗源县,350525,永春县,180.8317191863004,0.00835791391724429
350123,罗源县,350526,德化县,152.95910469493253,0.009880915199397496
350123,罗源县,350581,石狮市,211.51299659277316,0.0071455464525248535
350123,罗源县,350582,晋江市,211.04096010674664,0.007161528935908567
350123,罗源县,350583,南安市,197.37859457303495,0.007657243409477948
350123,罗源县,350602,芗城区,282.00986252712363,0.005359301724141042
350123,罗源县,350603,龙文区,280.8716465221578,0.0053810199825462274
350123,罗源县,350622,云霄县,350.71637893031277,0.00430939651885121
350123,罗源县,350623,漳浦县,316.7203493856435,0.004771957171044029
350123,罗源县,350624,诏安县,373.6922546024791,0.004044440107740904
350123,罗源县,350625,长泰县,258.3923058353932,0.00584915227092405
350123,罗源县,350626,东山县,372.29760925758984,0.004059590781365138
350123,罗源县,350627,南靖县,297.13577571850965,0.005086482564449551
350123,罗源县,350628,平和县,330.81177754919037,0.0045686884356517694
350123,罗源县,350629,华安县,261.07007853009003,0.005789158033643429
350123,罗源县,350681,龙海市,286.0150221483947,0.005284253711968445
350123,罗源县,350702,延平区,122.1469662348209,0.012373421862650717
350123,罗源县,350721,顺昌县,167.42564199084856,0.009027147362224259
350123,罗源县,350722,浦城县,187.929324910202,0.00804225707291063
350123,罗源县,350723,光泽县,244.71066623534182,0.006176175177476243
350123,罗源县,350724,松溪县,140.0750686584107,0.010789756927780328
350123,罗源县,350725,政和县,102.5056490291748,0.014744318550055997
350123,罗源县,350781,邵武市,212.42307795023058,0.007114932883236434
350123,罗源县,350782,武夷山市,197.28605833292423,0.00766083500900968
350123,罗源县,350783,建瓯市,116.2753445143366,0.012998249532428098
350123,罗源县,350784,建阳市,168.9916390648043,0.008943495375453544
350123,罗源县,350802,新罗区,280.70783743220835,0.005384160115698204
350123,罗源县,350821,长汀县,318.9053099176602,0.0047392623937701816
350123,罗源县,350822,永定县,332.665165195007,0.004543234761536963
350123,罗源县,350823,上杭县,324.54142036849,0.0046569585501608675
350123,罗源县,350824,武平县,363.1726860575582,0.004161590341149328
350123,罗源县,350825,连城县,284.4258217253943,0.005313778943479982
350123,罗源县,350881,漳平市,240.26473657143725,0.006290460947509949
350123,罗源县,350902,蕉城区,29.639567673384306,0.050991834939062716
350123,罗源县,350921,霞浦县,65.62875123535692,0.023029174165546992
350123,罗源县,350922,古田县,55.43157715190429,0.027265613214010276
350123,罗源县,350923,屏南县,68.69196766339549,0.02200222229580668
350123,罗源县,350924,寿宁县,101.52821268082018,0.014886265625671824
350123,罗源县,350925,周宁县,67.9852472209656,0.022230939861910316
350123,罗源县,350926,柘荣县,89.36822865058524,0.016911781348779083
350123,罗源县,350981,福安市,67.45355867506032,0.02240617058837541
350123,罗源县,350982,福鼎市,107.78276683476825,0.014022426653635102
350124,闽清县,350102,鼓楼区,53.240487580416364,0.0270718126549682
350124,闽清县,350103,台江区,55.25102316433171,0.026086693474423484
350124,闽清县,350104,仓山区,54.263502671713816,0.026561435117005715
350124,闽清县,350105,马尾区,75.41105153557879,0.019112802117023688
350124,闽清县,350111,晋安区,50.522581538337334,0.028528164269327746
350124,闽清县,350121,闽侯县,37.417596666096784,0.038519750968990914
350124,闽清县,350122,连江县,85.99673521611336,0.01676013050744432
350124,闽清县,350123,罗源县,72.46342125314585,0.01989026298387231
350124,闽清县,350125,永泰县,41.585847961649385,0.0346588220772937
350124,闽清县,350128,平潭县,123.99922071281563,0.011623593254463325
350124,闽清县,350181,福清市,81.20138877205935,0.017749899690535052
350124,闽清县,350182,长乐市,85.05684355646764,0.016945332617231794
350124,闽清县,350203,思明区,205.11034684293654,0.007027029731171399
350124,闽清县,350205,海沧区,206.09204335391436,0.006993557257138124
350124,闽清县,350206,湖里区,204.35897198210745,0.007052866294328328
350124,闽清县,350211,集美区,192.26243504519155,0.007496610063725705
350124,闽清县,350212,同安区,176.55999009564707,0.008163324571186228
350124,闽清县,350213,翔安区,177.6254483022883,0.008114358157640325
350124,闽清县,350302,城厢区,88.99786195708451,0.016194956527508575
350124,闽清县,350303,涵江区,74.38281533677107,0.019377009312037688
350124,闽清县,350304,荔城区,94.93178828451973,0.015182654108615632
350124,闽清县,350305,秀屿区,121.27373514087591,0.011884819938644653
350124,闽清县,350322,仙游县,88.34514328887684,0.016314609403295436
350124,闽清县,350402_350403,三元区（含原梅列区）,121.90140045086311,0.011823625488348422
350124,闽清县,350421,明溪县,154.39529272899512,0.009335236068149353
350124,闽清县,350423,清流县,189.43445495477465,0.007608523516908743
350124,闽清县,350424,宁化县,206.98804030598512,0.006963283981555318
350124,闽清县,350425,大田县,105.71960158052946,0.013633389493416729
350124,闽清县,350426,尤溪县,62.148855006576234,0.023191360569453468
350124,闽清县,350427,沙县,100.66768593195985,0.014317568662603036
350124,闽清县,350428,将乐县,149.3897144499246,0.009648030393145452
350124,闽清县,350429,泰宁县,176.70798836968137,0.008156487540455112
350124,闽清县,350430,建宁县,206.11495162234732,0.006992779971037884
350124,闽清县,350481,永安市,150.76226403868986,0.009560194088530736
350124,闽清县,350502,鲤城区,150.0535294546451,0.009605348908982795
350124,闽清县,350503,丰泽区,146.20114754262966,0.009858448648742175
350124,闽清县,350504,洛江区,124.10537826384744,0.011613650637863258
350124,闽清县,350505,泉港区,118.01790582433598,0.012212693449937365
350124,闽清县,350521,惠安县,138.38298329972778,0.010415417207146076
350124,闽清县,350524,安溪县,151.15144950468533,0.00953557845564369
350124,闽清县,350525,永春县,114.64202663733887,0.012572322277550844
350124,闽清县,350526,德化县,84.34198838708099,0.017088955726552033
350124,闽清县,350581,石狮市,166.92625230947212,0.008634450755918675
350124,闽清县,350582,晋江市,162.48612354059654,0.008870397508597621
350124,闽清县,350583,南安市,141.93490934267513,0.010154771029277972
350124,闽清县,350602,芗城区,218.60556105948726,0.006593228911701747
350124,闽清县,350603,龙文区,218.68504894873092,0.0065908323973903615
350124,闽清县,350622,云霄县,288.7036453092786,0.004992373767543387
350124,闽清县,350623,漳浦县,257.20092919808206,0.005603854192634622
350124,闽清县,350624,诏安县,310.53421317047463,0.004641409687907561
350124,闽清县,350625,长泰县,195.2908549495981,0.0073803584187706935
350124,闽清县,350626,东山县,313.39109042228665,0.00459909853689221
350124,闽清县,350627,南靖县,229.83541441780937,0.006271081021552563
350124,闽清县,350628,平和县,265.8370711545759,0.005421804036496146
350124,闽清县,350629,华安县,193.85033473339533,0.0074352025619065995
350124,闽清县,350681,龙海市,226.58570344147276,0.006361021386366884
350124,闽清县,350702,延平区,66.77911035226916,0.021583343920472235
350124,闽清县,350721,顺昌县,120.97655354642899,0.011914015263156238
350124,闽清县,350722,浦城县,195.09977943702046,0.007387586544665776
350124,闽清县,350723,光泽县,211.59444084342357,0.006811693632833876
350124,闽清县,350724,松溪县,152.19384983447173,0.009470267734233609
350124,闽清县,350725,政和县,121.16080095023656,0.011895897799719677
350124,闽清县,350781,邵武市,170.54018264332092,0.008451477435383412
350124,闽清县,350782,武夷山市,183.629395338762,0.007849051088891473
350124,闽清县,350783,建瓯市,96.62468630149036,0.014916648742733997
350124,闽清县,350784,建阳市,148.72769136682902,0.009690976120117817
350124,闽清县,350802,新罗区,208.78709756044336,0.006903283403414979
350124,闽清县,350821,长汀县,247.3648093198737,0.0058266837122025305
350124,闽清县,350822,永定县,262.02386163939303,0.005500707059343267
350124,闽清县,350823,上杭县,252.18970299922358,0.005715207592915204
350124,闽清县,350824,武平县,290.70932752345135,0.004957930031742523
350124,闽清县,350825,连城县,212.17420702201244,0.006793080674912859
350124,闽清县,350881,漳平市,168.75174000636557,0.008541046779024763
350124,闽清县,350902,蕉城区,86.91341919723934,0.016583359839581296
350124,闽清县,350921,霞浦县,137.3110417149217,0.010496726901457653
350124,闽清县,350922,古田县,41.58949430387564,0.03465578337897413
350124,闽清县,350923,屏南县,83.57757085689317,0.017245254805312617
350124,闽清县,350924,寿宁县,148.9823660923617,0.00967441008785327
350124,闽清县,350925,周宁县,109.78901560921787,0.013128057460378397
350124,闽清县,350926,柘荣县,153.2215395469964,0.009406748618356687
350124,闽清县,350981,福安市,125.82187541157407,0.011455213973893838
350124,闽清县,350982,福鼎市,176.7993423622524,0.00815227300157606
350125,永泰县,350102,鼓楼区,59.76389179187228,0.02307628427630043
350125,永泰县,350103,台江区,59.61871973445646,0.02313247521231556
350125,永泰县,350104,仓山区,56.07566413406533,0.02459406549604283
350125,永泰县,350105,马尾区,79.9763005238213,0.01724421544150474
350125,永泰县,350111,晋安区,65.34308929694915,0.021105958890004512
350125,永泰县,350121,闽侯县,50.873265689494616,0.027109102153276825
350125,永泰县,350122,连江县,102.23035673849593,0.013490401485882491
350125,永泰县,350123,罗源县,99.40910945501331,0.013873261354095669
350125,永泰县,350124,闽清县,41.585847961649385,0.03316341072855217
350125,永泰县,350128,平潭县,105.36875900093574,0.013088590674538126
350125,永泰县,350181,福清市,59.927343982739465,0.023013343572251845
350125,永泰县,350182,长乐市,78.94295690942238,0.01746993792023382
350125,永泰县,350203,思明区,165.11872399285815,0.00835234504662811
350125,永泰县,350205,海沧区,167.51345064013864,0.008232942197638926
350125,永泰县,350206,湖里区,164.39271195521968,0.008389231736884875
350125,永泰县,350211,集美区,153.59399200741362,0.008979052750844155
350125,永泰县,350212,同安区,137.95620218159442,0.009996857949394177
350125,永泰县,350213,翔安区,137.234080341396,0.010049461132515019
350125,永泰县,350302,城厢区,49.87839331743522,0.02764981918463725
350125,永泰县,350303,涵江区,41.52242177269223,0.03321406838929382
350125,永泰县,350304,荔城区,58.23843377633306,0.023680728807781794
350125,永泰县,350305,秀屿区,86.77772795473298,0.015892655741882478
350125,永泰县,350322,仙游县,46.776235232699875,0.029483530463417777
350125,永泰县,350402_350403,三元区（含原梅列区）,125.89274514486158,0.010954789768547621
350125,永泰县,350421,明溪县,162.1601037820844,0.008504734051605053
350125,永泰县,350423,清流县,187.6366263574809,0.007349996550352697
350125,永泰县,350424,宁化县,208.3601564654006,0.006618964872376235
350125,永泰县,350425,大田县,93.26529209704488,0.014787157424138926
350125,永泰县,350426,尤溪县,65.48364928938541,0.021060655162217
350125,永泰县,350427,沙县,114.98093640175028,0.011994410548445567
350125,永泰县,350428,将乐县,167.04381777487333,0.008256088580937298
350125,永泰县,350429,泰宁县,194.92264627045898,0.007075260791061367
350125,永泰县,350430,建宁县,221.00754601628933,0.006240187637510142
350125,永泰县,350481,永安市,143.94979280069452,0.009580622032271858
350125,永泰县,350502,鲤城区,108.6232729562674,0.012696437134632749
350125,永泰县,350503,丰泽区,104.68738368847131,0.013173779951854687
350125,永泰县,350504,洛江区,82.57977143802445,0.016700561559223122
350125,永泰县,350505,泉港区,76.89509399148487,0.017935195665409073
350125,永泰县,350521,惠安县,97.03588825412389,0.014212561777510102
350125,永泰县,350524,安溪县,117.56310069509607,0.01173096446328104
350125,永泰县,350525,永春县,81.66773570005412,0.01688706739112382
350125,永泰县,350526,德化县,56.09799195067525,0.024584276700312484
350125,永泰县,350581,石狮市,125.34044255444803,0.011003061169567894
350125,永泰县,350582,晋江市,121.06443454499401,0.01139169039718882
350125,永泰县,350583,南安市,101.72609419568943,0.013557274240710427
350125,永泰县,350602,芗城区,182.912818823376,0.007539813586159944
350125,永泰县,350603,龙文区,182.1301488385545,0.0075722145138628445
350125,永泰县,350622,云霄县,252.1793758812526,0.005468839597321841
350125,永泰县,350623,漳浦县,219.22082686960053,0.006291047142467226
350125,永泰县,350624,诏安县,274.7977199139822,0.005018704510645141
350125,永泰县,350625,长泰县,159.3213410831721,0.008656270070732977
350125,永泰县,350626,东山县,275.24576358167946,0.005010535088719158
350125,永泰县,350627,南靖县,197.86943705633075,0.006969891747630956
350125,永泰县,350628,平和县,231.47586226189594,0.005957979993987157
350125,永泰县,350629,华安县,161.8483845133398,0.008521114131563251
350125,永泰县,350681,龙海市,188.47035378430417,0.0073174827168078285
350125,永泰县,350702,延平区,94.08370859497093,0.014658526720969643
350125,永泰县,350721,顺昌县,148.06400808186982,0.009314407831542245
350125,永泰县,350722,浦城县,235.89022209078541,0.005846484624176271
350125,永泰县,350723,光泽县,241.6220070973725,0.005707793644357572
350125,永泰县,350724,松溪县,193.64043932414708,0.007122110243401645
350125,永泰县,350725,政和县,162.68307112669152,0.008477394401863047
350125,永泰县,350781,邵武市,197.52516120617122,0.0069820398982376065
350125,永泰县,350782,武夷山市,221.01573978381845,0.006239956293593687
350125,永泰县,350783,建瓯市,135.5860517868241,0.010171610857255767
350125,永泰县,350784,建阳市,185.32684597479644,0.007441601615746795
350125,永泰县,350802,新罗区,186.7856624964751,0.007383481890497504
350125,永泰县,350821,长汀县,237.55230495055844,0.005805578509264895
350125,永泰县,350822,永定县,235.44496177435295,0.0058575411682371846
350125,永泰县,350823,上杭县,232.5763104676537,0.005929789468558576
350125,永泰县,350824,武平县,273.1843471527785,0.005048343987571236
350125,永泰县,350825,连城县,199.1261772192013,0.00692590284063524
350125,永泰县,350881,漳平市,145.62431275894247,0.009470455381514673
350125,永泰县,350902,蕉城区,120.9015115901736,0.011407041469607174
350125,永泰县,350921,霞浦县,164.51731808173815,0.008382877696572354
350125,永泰县,350922,古田县,82.74696185659238,0.016666818037832633
350125,永泰县,350923,屏南县,124.77563763163212,0.011052867231332641
350125,永泰县,350924,寿宁县,187.79346015690413,0.007343858275442717
350125,永泰县,350925,周宁县,148.72951474344615,0.009272729483628431
350125,永泰县,350926,柘荣县,186.88729829114803,0.007379466496962171
350125,永泰县,350981,福安市,161.24165588014694,0.008553177830624781
350125,永泰县,350982,福鼎市,207.17675891365866,0.006656772524480207
350128,平潭县,350102,鼓楼区,77.61836981525349,0.023670017824561403
350128,平潭县,350103,台江区,74.56970674659634,0.02463772860584982
350128,平潭县,350104,仓山区,73.28358925946344,0.025070117547540825
350128,平潭县,350105,马尾区,65.47528253814474,0.028059874288745717
350128,平潭县,350111,晋安区,87.85474253990498,0.02091211178731702
350128,平潭县,350121,闽侯县,91.68169691891843,0.020039203666411834
350128,平潭县,350122,连江县,89.6137743628747,0.020501627234234408
350128,平潭县,350123,罗源县,113.37680205245367,0.016204621790182942
350128,平潭县,350124,闽清县,123.99922071281563,0.014816449542820125
350128,平潭县,350125,永泰县,105.36875900093574,0.017436175717169954
350128,平潭县,350181,福清市,45.53262214290811,0.04034971215306133
350128,平潭县,350182,长乐市,45.24191385588785,0.04060898490927455
350128,平潭县,350203,思明区,197.2770464473971,0.009312934424585154
350128,平潭县,350205,海沧区,209.30556868646784,0.008777732043013868
350128,平潭县,350206,湖里区,196.89320532640494,0.009331089887001104
350128,平潭县,350211,集美区,197.14214764783907,0.009319307002388675
350128,平潭县,350212,同安区,184.83308131817944,0.009939931661247193
350128,平潭县,350213,翔安区,171.28947911045142,0.010725867149469008
350128,平潭县,350302,城厢区,79.58452569719583,0.023085244033881125
350128,平潭县,350303,涵江区,67.90903010146484,0.02705425470361443
350128,平潭县,350304,荔城区,68.09828412399398,0.026979067397575055
350128,平潭县,350305,秀屿区,56.09332477943508,0.03275306294045906
350128,平潭县,350322,仙游县,103.92814891388265,0.017677868953124724
350128,平潭县,350402_350403,三元区（含原梅列区）,231.23228241283232,0.007945379329692122
350128,平潭县,350421,明溪县,267.5145952916188,0.006867768074626653
350128,平潭县,350423,清流县,291.26688971224354,0.0063077138594624825
350128,平潭县,350424,宁化县,312.81689698901204,0.0058731744184042055
350128,平潭县,350425,大田县,194.8596658105494,0.009428468376963543
350128,平潭县,350426,尤溪县,170.59796355324698,0.01076934424523194
350128,平潭县,350427,沙县,218.8559901711313,0.008394690022438292
350128,平潭县,350428,将乐县,270.2318663831934,0.006798710387601838
350128,平潭县,350429,泰宁县,298.0321781430584,0.006164529644039179
350128,平潭县,350430,建宁县,325.4499361531013,0.005645194522871752
350128,平潭县,350481,永安市,246.25289380645276,0.007460737490802662
350128,平潭县,350502,鲤城区,136.0688378977845,0.013502196575093724
350128,平潭县,350503,丰泽区,130.92215786295267,0.01403298133050657
350128,平潭县,350504,洛江区,118.23290926399338,0.015539059374224144
350128,平潭县,350505,泉港区,97.6435139812922,0.01881567061784
350128,平潭县,350521,惠安县,110.13787942569647,0.016681165522892772
350128,平潭县,350524,安溪县,187.98601234155106,0.009773217561008721
350128,平潭县,350525,永春县,161.4614189684503,0.011378744276980777
350128,平潭县,350526,德化县,150.10466716855848,0.012239647385363126
350128,平潭县,350581,石狮市,138.21838977753472,0.013292212418314991
350128,平潭县,350582,晋江市,144.57343759515086,0.012707923582651751
350128,平潭县,350583,南安市,147.28763253447448,0.012473743826457547
350128,平潭县,350602,芗城区,236.54039441251558,0.0077670801285483915
350128,平潭县,350603,龙文区,232.23014398124283,0.00791123910765366
350128,平潭县,350622,云霄县,295.68790282900216,0.006213403319725689
350128,平潭县,350623,漳浦县,258.08873728589725,0.007118591134045742
350128,平潭县,350624,诏安县,320.3149949427731,0.0057356921344524775
350128,平潭县,350625,长泰县,214.92889144276444,0.008548074596707735
350128,平潭县,350626,东山县,308.53100093164835,0.0059547604340980526
350128,平潭县,350627,南靖县,262.5293000340621,0.006998183428676632
350128,平潭县,350628,平和县,285.53058155795327,0.006434435803744379
350128,平潭县,350629,华安县,230.08962644515387,0.007984837149876405
350128,平潭县,350681,龙海市,230.0197620900324,0.007987262400181671
350128,平潭县,350702,延平区,190.45978929234147,0.009646278639006797
350128,平潭县,350721,顺昌县,244.93622683040545,0.007500843059497895
350128,平潭县,350722,浦城县,298.9400145879303,0.006145808882671497
350128,平潭县,350723,光泽县,335.03248358903636,0.0054837315395783025
350128,平潭县,350724,松溪县,251.47898307840643,0.007305692804029017
350128,平潭县,350725,政和县,214.3404912634484,0.008571540478473059
350128,平潭县,350781,邵武市,294.5386685084215,0.0062376468473371895
350128,平潭县,350782,武夷山市,300.20054209117194,0.006120002929516618
350128,平潭县,350783,建瓯市,213.22619577714156,0.008616334359595627
350128,平潭县,350784,建阳市,267.54560377744014,0.006866972101581461
350128,平潭县,350802,新罗区,272.9817803722987,0.006730222780929905
350128,平潭县,350821,长汀县,335.62373916582857,0.005474071058283191
350128,平潭县,350822,永定县,310.68064665723244,0.0059135585586295785
350128,平潭县,350823,上杭县,320.019840989618,0.005740982157103352
350128,平潭县,350824,武平县,362.15195590835333,0.00507308649606018
350128,平潭县,350825,连城县,295.3860878714087,0.006219751953383312
350128,平潭县,350881,漳平市,233.1203421812366,0.007881029085021323
350128,平潭县,350902,蕉城区,142.67254673107908,0.01287723699572986
350128,平潭县,350921,霞浦县,150.59896581552843,0.012199474193540645
350128,平潭县,350922,古田县,145.92274271360094,0.012590417113022145
350128,平潭县,350923,屏南县,177.3440164055036,0.01035968528444489
350128,平潭县,350924,寿宁县,212.48111573038273,0.008646548144879414
350128,平潭县,350925,周宁县,181.29459761520454,0.010133937917664499
350128,平潭县,350926,柘荣县,189.04600672093744,0.009718418436378272
350128,平潭县,350981,福安市,175.6202869422616,0.010461366559801098
350128,平潭县,350982,福鼎市,193.87112226495182,0.009476543879132352
350181,福清市,350102,鼓楼区,45.36694978127765,0.030359727825265467
350181,福清市,350103,台江区,42.39137796615437,0.032490763775637255
350181,福清市,350104,仓山区,39.11336192147686,0.035213752537743254
350181,福清市,350105,马尾区,47.56807748070367,0.028954885725217695
350181,福清市,350111,晋安区,57.22695404426962,0.024067823818765585
350181,福清市,350121,闽侯县,54.619184303668796,0.02521693183780411
350181,福清市,350122,连江县,77.52909825425368,0.01776530720253164
350181,福清市,350123,罗源县,91.94882832487887,0.014979290902496558
350181,福清市,350124,闽清县,81.20138877205935,0.016961880436409508
350181,福清市,350125,永泰县,59.927343982739465,0.022983302046871625
350181,福清市,350128,平潭县,45.53262214290811,0.03024926267806873
350181,福清市,350182,长乐市,31.60737204418484,0.0435761709545694
350181,福清市,350203,思明区,178.56854351996765,0.007713162802764656
350181,福清市,350205,海沧区,187.1212520644058,0.007360619023369988
350181,福清市,350206,湖里区,178.02887779447997,0.007736544007271061
350181,福清市,350211,集美区,173.82585537515894,0.007923609779738825
350181,福清市,350212,同安区,159.70895562609542,0.008623988819052984
350181,福清市,350213,翔安区,150.60666245383507,0.009145201315673956
350181,福清市,350302,城厢区,45.950487647405815,0.029974181301203984
350181,福清市,350303,涵江区,26.61523930141847,0.051749609763932156
350181,福清市,350304,荔城区,39.13349306612048,0.0351956377953515
350181,福清市,350305,秀屿区,50.201701040491834,0.027435888009275752
350181,福清市,350322,仙游县,67.53516189278389,0.020394239223245913
350181,福清市,350402_350403,三元区（含原梅列区）,185.81970779152923,0.0074121752961063625
350181,福清市,350421,明溪县,222.01539521493652,0.0062037510790126215
350181,福清市,350423,清流县,246.737569947394,0.0055821585983672085
350181,福清市,350424,宁化县,267.9226999960355,0.005140767272211189
350181,福清市,350425,大田县,150.9007437580572,0.009127378787677679
350181,福清市,350426,尤溪县,125.06602740678322,0.011012808803323145
350181,福清市,350427,沙县,173.48069536934042,0.007939374722298316
350181,福清市,350428,将乐县,225.0414391579492,0.006120331672138723
350181,福清市,350429,泰宁县,252.88237182663346,0.005446517436835494
350181,福清市,350430,建宁县,280.017389780548,0.004918723971755825
350181,福清市,350481,永安市,202.20415633831732,0.006811572385869275
350181,福清市,350502,鲤城区,115.58693058031155,0.011915951403044547
350181,福清市,350503,丰泽区,110.44056599955803,0.012471216850043923
350181,福清市,350504,洛江区,92.2995393870845,0.01492237400932042
350181,福清市,350505,泉港区,74.48835220078995,0.01849051840896367
350181,福清市,350521,惠安县,92.86713851654507,0.014831169234063276
350181,福清市,350524,安溪县,154.25817598386973,0.008928721209345162
350181,福清市,350525,永春县,123.64426773947528,0.01113944279668651
350181,福清市,350526,德化县,107.79298659659568,0.012777531183699243
350181,福清市,350581,石狮市,124.26338540822243,0.011083942732586609
350181,福清市,350582,晋江市,126.50513127350587,0.010887528701458546
350181,福清市,350583,南安市,120.49745520558787,0.011430351332085266
350181,福清市,350602,芗城区,210.43481353042924,0.00654515393396593
350181,福清市,350603,龙文区,207.40720286014167,0.006640696314442043
350181,福清市,350622,云霄县,274.7515154160282,0.005012995999445274
350181,福清市,350623,漳浦县,238.37779106001787,0.005777921850426483
350181,福清市,350624,诏安县,298.8971713050154,0.004608033731495421
350181,福清市,350625,长泰县,187.49840517950997,0.007345813135335361
350181,福清市,350626,东山县,292.01054416120377,0.004716707239385593
350181,福清市,350627,南靖县,232.6423518955498,0.005920367621801123
350181,福清市,350628,平和县,260.17438277014156,0.005293865725584965
350181,福清市,350629,华安县,198.24932668049726,0.006947454857396852
350181,福清市,350681,龙海市,208.55210740907617,0.006604240372984765
350181,福清市,350702,延平区,146.5847630574176,0.009396121526509362
350181,福清市,350721,顺昌县,201.2924365720277,0.006842424241455451
350181,福清市,350722,浦城县,266.7947627940188,0.005162501067104732
350181,福清市,350723,光泽县,292.75941146741985,0.004704642083813432
350181,福清市,350724,松溪县,220.51245150906337,0.006246033900563959
350181,福清市,350725,政和县,184.7471730039399,0.007455206080975881
350181,福清市,350781,邵武市,251.0416082436791,0.005486454047430822
350181,福清市,350782,武夷山市,262.40407451997044,0.005248882854207561
350181,福清市,350783,建瓯市,174.83969885831237,0.007877663120080317
350181,福清市,350784,建阳市,228.4556491599907,0.006028864913983867
350181,福清市,350802,新罗区,235.06112299258106,0.005859447236902493
350181,福清市,350821,长汀县,293.44312164897104,0.004693680464828526
350181,福清市,350822,永定县,277.27974404214075,0.004967287648003422
350181,福清市,350823,上杭县,281.947831815397,0.00488504642420471
350181,福清市,350824,武平县,323.677210897989,0.00425525245908078
350181,福清市,350825,连城县,253.7999519313246,0.005426826274556449
350181,福清市,350881,漳平市,194.32650436927284,0.007087701454273991
350181,福清市,350902,蕉城区,121.0225579077682,0.011380756376606613
350181,福清市,350921,霞浦县,145.65441697721286,0.009456137865270192
350181,福清市,350922,古田县,109.48155297223725,0.012580459540716819
350181,福清市,350923,屏南县,146.09585814901553,0.009427565333284278
350181,福清市,350924,寿宁县,193.2594895783036,0.0071268337230292605
350181,福清市,350925,周宁县,157.6840142425802,0.008734736074788165
350181,福清市,350926,柘荣县,178.56694215083076,0.007713231973579317
350181,福清市,350981,福安市,159.20075008962732,0.008651518581706829
350181,福清市,350982,福鼎市,190.6235233744169,0.00722538448162439
350182,长乐市,350102,鼓楼区,33.817332814032255,0.04172796046264297
350182,长乐市,350103,台江区,31.031623832182067,0.045473879621875705
350182,长乐市,350104,仓山区,30.98586565207359,0.04554103288450627
350182,长乐市,350105,马尾区,20.97892870915634,0.06726407940935916
350182,长乐市,350111,晋安区,43.00890285952844,0.03281014470945397
350182,长乐市,350121,闽侯县,49.24641706278666,0.028654436419544193
350182,长乐市,350122,连江县,49.16611448661664,0.028701237454916137
350182,长乐市,350123,罗源县,69.36610105726129,0.020343197975782133
350182,长乐市,350124,闽清县,85.05684355646764,0.016590414922688205
350182,长乐市,350125,永泰县,78.94295690942238,0.017875290993154436
350182,长乐市,350128,平潭县,45.24191385588785,0.03119073015149049
350182,长乐市,350181,福清市,31.60737204418484,0.04464554423073581
350182,长乐市,350203,思明区,210.1362257290065,0.0067153025220686125
350182,长乐市,350205,海沧区,218.70563784848574,0.006452180842240446
350182,长乐市,350206,湖里区,209.60170766962574,0.006732427623348362
350182,长乐市,350211,集美区,205.37808877476314,0.006870880603838671
350182,长乐市,350212,同安区,191.16957424235596,0.007381552907718533
350182,长乐市,350213,翔安区,182.2068856464034,0.007744648736022292
350182,长乐市,350302,城厢区,77.27098899558288,0.01826207150909693
350182,长乐市,350303,涵江区,56.486417278089704,0.024981728256349048
350182,长乐市,350304,荔城区,70.69774354171513,0.019960019314949447
350182,长乐市,350305,秀屿区,77.29325756917494,0.018256810115074563
350182,长乐市,350322,仙游县,97.59329973915716,0.014459274667293501
350182,长乐市,350402_350403,三元区（含原梅列区）,201.46254626687272,0.0070044201900768596
350182,长乐市,350421,明溪县,236.29712465128674,0.005971838754696809
350182,长乐市,350423,清流县,265.6972245561788,0.005311039018089588
350182,长乐市,350424,宁化县,285.60299071973145,0.0049408737739751055
350182,长乐市,350425,大田县,172.20394364071402,0.00819451806260693
350182,长乐市,350426,尤溪县,139.6575416681271,0.01010420425392628
350182,长乐市,350427,沙县,184.46748053894774,0.007649740336308417
350182,长乐市,350428,将乐县,234.26952073490583,0.006023525050075883
350182,长乐市,350429,泰宁县,261.7028848472683,0.00539210076892932
350182,长乐市,350430,建宁县,290.7173740037007,0.0048539525078333074
350182,长乐市,350481,永安市,222.6970658292237,0.00633653758014983
350182,长乐市,350502,鲤城区,147.1383409288693,0.00959048686907619
350182,长乐市,350503,丰泽区,141.979178684995,0.009938980769474694
350182,长乐市,350504,洛江区,123.8769339506974,0.011391372724623625
350182,长乐市,350505,泉港区,106.02751126930251,0.013309077141609112
350182,长乐市,350521,惠安县,124.0314131995642,0.011377184942216999
350182,长乐市,350524,安溪县,184.02802438016,0.007668007801360226
350182,长乐市,350525,永春县,151.8876359438725,0.009290606953270606
350182,长乐市,350526,德化县,132.56570957872944,0.010644746149666416
350182,长乐市,350581,石狮市,155.2439873234876,0.009089745444862588
350182,长乐市,350582,晋江市,157.9409715779738,0.008934529859589455
350182,长乐市,350583,南安市,151.92695487066646,0.009288202530072774
350182,长乐市,350602,芗城区,241.6900060524272,0.00583858782439633
350182,长乐市,350603,龙文区,238.8077972308947,0.005909054658092288
350182,长乐市,350622,云霄县,306.3347281551448,0.004606491517022202
350182,长乐市,350623,漳浦县,269.9851496052105,0.0052266886852088655
350182,长乐市,350624,诏安县,330.4540734356315,0.004270270636838881
350182,长乐市,350625,长泰县,218.6256483509307,0.006454541529138794
350182,长乐市,350626,东山县,323.5583997127608,0.00436127860648559
350182,长乐市,350627,南靖县,263.16259472010086,0.005362191872734989
350182,长乐市,350628,平和县,291.44205004442176,0.004841883065264232
350182,长乐市,350629,华安县,228.37147176725665,0.0061790919666801425
350182,长乐市,350681,龙海市,240.14479735100022,0.00587615614488389
350182,长乐市,350702,延平区,151.6354453577481,0.009306058509517691
350182,长乐市,350721,顺昌县,205.1441131448668,0.006878717136862119
350182,长乐市,350722,浦城县,253.70903239997335,0.005561994830327235
350182,长乐市,350723,光泽县,293.0635749337537,0.004815092858042692
350182,长乐市,350724,松溪县,206.28819233592702,0.006840567609017801
350182,长乐市,350725,政和县,169.23194203672435,0.008338427779253123
350182,长乐市,350781,邵武市,254.2228989046018,0.005550752244177297
350182,长乐市,350782,武夷山市,255.66756694103861,0.005519387318069199
350182,长乐市,350783,建瓯市,169.16737582390635,0.008341610311936748
350182,长乐市,350784,建阳市,223.59057032169815,0.006311215739490579
350182,长乐市,350802,新罗区,262.25183776345125,0.005380813872079712
350182,长乐市,350821,长汀县,316.44034033965573,0.004459381901502577
350182,长乐市,350822,永定县,306.5820037990312,0.004602776122309485
350182,长乐市,350823,上杭县,308.822786584188,0.004569378905695774
350182,长乐市,350824,武平县,350.12293072188226,0.0040303796261116544
350182,长乐市,350825,连城县,277.72369437736774,0.0050810512577243476
350182,长乐市,350881,漳平市,221.18142900121876,0.006379958448537742
350182,长乐市,350902,蕉城区,98.97661900375441,0.014257188625148423
350182,长乐市,350921,霞浦县,116.05810971954062,0.012158808462640211
350182,长乐市,350922,古田县,101.60787096189192,0.01388798242948345
350182,长乐市,350923,屏南县,132.1028995939698,0.010682039008630448
350182,长乐市,350924,寿宁县,170.20598794325622,0.00829070906181293
350182,长乐市,350925,周宁县,137.28549008567805,0.010278787115341251
350182,长乐市,350926,柘荣县,151.13266055784212,0.009337017699598452
350182,长乐市,350981,福安市,134.36281352270072,0.010502372565885317
350182,长乐市,350982,福鼎市,160.8901545565731,0.008770756237416553
350203,思明区,350102,鼓楼区,213.06177952099628,0.0024454339483650964
350203,思明区,350103,台江区,211.24522486647695,0.0024664628943402303
350203,思明区,350104,仓山区,207.00923058870572,0.002516933700289549
350203,思明区,350105,马尾区,224.46830484801947,0.002321167387495958
350203,思明区,350111,晋安区,222.84740444460948,0.0023380506047995255
350203,思明区,350121,闽侯县,211.18536822322332,0.00246716196829032
350203,思明区,350122,连江县,253.63362511674978,0.002054256443718334
350203,思明区,350123,罗源县,260.0017643762653,0.00200394220396793
350203,思明区,350124,闽清县,205.11034684293654,0.0025402351307937756
350203,思明区,350125,永泰县,165.11872399285815,0.0031554780471914233
350203,思明区,350128,平潭县,197.2770464473971,0.0026411005138332355
350203,思明区,350181,福清市,178.56854351996765,0.0029178067898698065
350203,思明区,350182,长乐市,210.1362257290065,0.002479479713372441
350203,思明区,350205,海沧区,19.448669253238304,0.026789931072171928
350203,思明区,350206,湖里区,0.843626961707219,0.6176053307795379
350203,思明区,350211,集美区,21.41042066970154,0.02433527658226001
350203,思明区,350212,同安区,32.90655503450283,0.015833578087813212
350203,思明区,350213,翔安区,28.419473494054944,0.0183335032173878
350203,思明区,350302,城厢区,134.22999096794408,0.003881610249561532
350203,思明区,350303,涵江区,156.43233946063756,0.0033306956255731756
350203,思明区,350304,荔城区,139.44135516466866,0.003736542205319449
350203,思明区,350305,秀屿区,141.20888380293283,0.0036897714556462075
350203,思明区,350322,仙游县,120.70450237501746,0.0043165623360174035
350203,思明区,350402_350403,三元区（含原梅列区）,202.78440444491855,0.002569371693873275
350203,思明区,350421,明溪县,232.02047136091818,0.0022456143877461593
350203,思明区,350423,清流县,218.06295482856663,0.0023893490260614774
350203,思明区,350424,宁化县,241.92002529040448,0.0021537221158697923
350203,思明区,350425,大田县,154.1572530231634,0.0033798507596748285
350203,思明区,350426,尤溪县,183.38934290249145,0.0028411057070898377
350203,思明区,350427,沙县,220.60869745819906,0.002361776823592588
350203,思明区,350428,将乐县,261.7121848571586,0.0019908454358901887
350203,思明区,350429,泰宁县,283.96132144540127,0.0018348573181996002
350203,思明区,350430,建宁县,294.3854383450449,0.001769885466036651
350203,思明区,350481,永安市,180.02799385834436,0.0028941527235464095
350203,思明区,350502,鲤城区,63.00838756954531,0.008269192862055706
350203,思明区,350503,丰泽区,68.18842228729017,0.007641011351524401
350203,思明区,350504,洛江区,87.31147606533773,0.005967468793561831
350203,思明区,350505,泉港区,104.11711644479655,0.0050042541181590985
350203,思明区,350521,惠安县,87.56369386558084,0.0059502801416709905
350203,思明区,350524,安溪县,74.8573417840572,0.006960286009657506
350203,思明区,350525,永春县,100.50679172879977,0.005184012938604479
350203,思明区,350526,德化县,130.3308699215471,0.003997736753029867
350203,思明区,350581,石狮市,59.83710335856463,0.008707448714847382
350203,思明区,350582,晋江市,52.89388125865095,0.009850449548065786
350203,思明区,350583,南安市,63.39536807643726,0.008218715728750206
350203,思明区,350602,芗城区,52.33085473231637,0.009956430320217336
350203,思明区,350603,龙文区,44.62476442740717,0.011675770514986153
350203,思明区,350622,云霄县,98.48648797065566,0.005290355250508736
350203,思明区,350623,漳浦县,60.814492256839614,0.008567505694847353
350203,思明区,350624,诏安县,123.16308736746552,0.004230394998017542
350203,思明区,350625,长泰县,45.23219636565076,0.011518974328104739
350203,思明区,350626,东山县,113.46607600880662,0.0045919320299688884
350203,思明区,350627,南靖县,86.7639341537618,0.006005127750620025
350203,思明区,350628,平和县,93.24722647401833,0.005587603282601643
350203,思明区,350629,华安县,74.70134441590542,0.006974821039884606
350203,思明区,350681,龙海市,34.36777518750047,0.015160379334918985
350203,思明区,350702,延平区,230.9691625398233,0.0022558358137956566
350203,思明区,350721,顺昌县,270.3708681448763,0.0019270881967229333
350203,思明区,350722,浦城县,389.4848564471037,0.0013377375271854373
350203,思明区,350723,光泽县,357.59700322290206,0.0014570270557187788
350203,思明区,350724,松溪县,352.2410882953603,0.0014791815209894879
350203,思明区,350725,政和县,324.9770546114321,0.0016032778356081352
350203,思明区,350781,邵武市,310.36434145428143,0.001678764081912014
350203,思明区,350782,武夷山市,361.8701753410138,0.0014398216383782515
350203,思明区,350783,建瓯市,286.98607110374417,0.0018155184561252596
350203,思明区,350784,建阳市,326.23591344224917,0.001597091206918753
350203,思明区,350802,新罗区,137.63571682965744,0.0037855617767048495
350203,思明区,350821,长汀县,220.339253553213,0.0023646649443418064
350203,思明区,350822,永定县,141.45672365005737,0.0036833067760615582
350203,思明区,350823,上杭县,174.51678804798001,0.002985549496799568
350203,思明区,350824,武平县,212.9145296618366,0.0024471251894704026
350203,思明区,350825,连城县,183.18684970886204,0.0028442462412983883
350203,思明区,350881,漳平市,120.22448689186866,0.00433379690119487
350203,思明区,350902,蕉城区,284.6783630569104,0.001830235719865946
350203,思明区,350921,霞浦县,321.4305727840419,0.0016209674898902187
350203,思明区,350922,古田县,246.66418026117321,0.0021122990301552813
350203,思明区,350923,屏南县,288.4916679430664,0.0018060435244270146
350203,思明区,350924,寿宁县,352.90249453970256,0.0014764092541179428
350203,思明区,350925,周宁县,313.8473933066034,0.001660133299978442
350203,思明区,350926,柘荣县,349.3049485260021,0.0014916150227426237
350203,思明区,350981,福安市,325.1921671136755,0.0016022172777537744
350203,思明区,350982,福鼎市,366.02168977290836,0.0014234908020423229
350205,海沧区,350102,鼓楼区,218.79187662738278,0.005239474064088414
350205,海沧区,350103,台江区,217.20273284609007,0.0052778081933007315
350205,海沧区,350104,仓山区,212.97163528856169,0.00538266216282358
350205,海沧区,350105,马尾区,231.76209657947373,0.004946254715249811
350205,海沧区,350111,晋安区,227.97530458073263,0.00502841465715181
350205,海沧区,350121,闽侯县,215.5342776171538,0.005318663813923066
350205,海沧区,350122,连江县,260.33126463234254,0.0044034448364907814
350205,海沧区,350123,罗源县,264.7110599899797,0.004330587331960357
350205,海沧区,350124,闽清县,206.09204335391436,0.005562341681739801
350205,海沧区,350125,永泰县,167.51345064013864,0.0068433571073947
350205,海沧区,350128,平潭县,209.30556868646784,0.005476941536799728
350205,海沧区,350181,福清市,187.1212520644058,0.006126264923814411
350205,海沧区,350182,长乐市,218.70563784848574,0.005241540064077233
350205,海沧区,350203,思明区,19.448669253238304,0.05894256044441345
350205,海沧区,350206,湖里区,19.08305141559814,0.06007185842854224
350205,海沧区,350211,集美区,13.926456610416043,0.08231486264531993
350205,海沧区,350212,同安区,29.576577304759475,0.03875885810620597
350205,海沧区,350213,翔安区,38.09141330916263,0.030094823568719
350205,海沧区,350302,城厢区,141.7145829680953,0.008089177126396984
350205,海沧区,350303,涵江区,163.56914651446186,0.007008377725569717
350205,海沧区,350304,荔城区,148.29451526230932,0.00773025462873449
350205,海沧区,350305,秀屿区,153.30758477221687,0.00747747976543788
350205,海沧区,350322,仙游县,125.45285717958556,0.009137730210332314
350205,海沧区,350402_350403,三元区（含原梅列区）,192.40935286289357,0.005957893137550697
350205,海沧区,350421,明溪县,219.85740435189044,0.0052140812196054985
350205,海沧区,350423,清流县,202.88950173028934,0.005650141349089159
350205,海沧区,350424,宁化县,226.42343066638594,0.005062878694349665
350205,海沧区,350425,大田县,145.4066711497371,0.007883781080731225
350205,海沧区,350426,尤溪县,178.64463206540822,0.0064169538696392655
350205,海沧区,350427,沙县,212.5296666594504,0.00539385574278098
350205,海沧区,350428,将乐县,251.19583464616514,0.0045635882642606745
350205,海沧区,350429,泰宁县,272.39768293868264,0.004208385147242428
350205,海沧区,350430,建宁县,281.15989121360394,0.004077232915670362
350205,海沧区,350481,永安市,166.75660574715369,0.006874416505937852
350205,海沧区,350502,鲤城区,73.2869239338555,0.015642004077794786
350205,海沧区,350503,丰泽区,78.47213944613073,0.0146084249915137
350205,海沧区,350504,洛江区,94.8294698273032,0.012088587704962017
350205,海沧区,350505,泉港区,113.51408491320053,0.010098785220344887
350205,海沧区,350521,惠安县,99.20049062931275,0.011555934408692006
350205,海沧区,350524,安溪县,65.38903325774038,0.017531293948082727
350205,海沧区,350525,永春县,96.08002448195948,0.011931245534160433
350205,海沧区,350526,德化县,127.1972617387985,0.009012413847213631
350205,海沧区,350581,石狮市,74.62049978504932,0.015362458926495737
350205,海沧区,350582,晋江市,65.28375394674453,0.017559565645651243
350205,海沧区,350583,南安市,67.64463806267392,0.016946714416008656
350205,海沧区,350602,芗城区,33.16712287824622,0.0345629727133878
350205,海沧区,350603,龙文区,25.8796099896279,0.04429565837668508
350205,海沧区,350622,云霄县,87.63026418158344,0.013081717529083114
350205,海沧区,350623,漳浦县,52.02588919944609,0.022034306009220676
350205,海沧区,350624,诏安县,111.85867168046227,0.010248238655087045
350205,海沧区,350625,长泰县,27.57524504148828,0.04157186495705329
350205,海沧区,350626,东山县,107.76388954241942,0.010637648361524305
350205,海沧区,350627,南靖县,67.4113898150294,0.01700535126434708
350205,海沧区,350628,平和县,77.2658930404699,0.01483648629314325
350205,海沧区,350629,华安县,56.72146919146139,0.020210237487906454
350205,海沧区,350681,龙海市,21.496910942987817,0.05332646937332822
350205,海沧区,350702,延平区,226.3541570059601,0.005064428142984003
350205,海沧区,350721,顺昌县,262.8053354283379,0.0043619904487631435
350205,海沧区,350722,浦城县,385.64853476967215,0.0029725365447247506
350205,海沧区,350723,光泽县,347.90375503964634,0.003295033026854706
350205,海沧区,350724,松溪县,350.0219115411589,0.0032750931448118923
350205,海沧区,350725,政和县,324.2899540334386,0.003534967237696792
350205,海沧区,350781,邵武市,300.90963444540256,0.0038096299745776336
350205,海沧区,350782,武夷山市,355.67470075041837,0.003223041618095902
350205,海沧区,350783,建瓯市,283.59455840784216,0.004042229757363018
350205,海沧区,350784,建阳市,320.4226988464745,0.0035776315696400204
350205,海沧区,350802,新罗区,119.30860985428536,0.009608312127871372
350205,海沧区,350821,长汀县,202.07061030198233,0.005673038554737112
350205,海沧区,350822,永定县,122.14546548168637,0.009385156939733309
350205,海沧区,350823,上杭县,155.24727917237848,0.007384054452571448
350205,海沧区,350824,武平县,193.47982721550838,0.005924929640057679
350205,海沧区,350825,连城县,165.64121751684942,0.0069207071778846
350205,海沧区,350881,漳平市,104.85175490573182,0.010933096580529789
350205,海沧区,350902,蕉城区,288.1900912880715,0.003977771608658541
350205,海沧区,350921,霞浦县,327.4931630498154,0.0035003917405385062
350205,海沧区,350922,古田县,247.34297672150123,0.004634675211793685
350205,海沧区,350923,屏南县,288.75121728454485,0.0039700416635568645
350205,海沧区,350924,寿宁县,354.85279837347457,0.003230506757384768
350205,海沧区,350925,周宁县,315.66842031103226,0.0036315142385573
350205,海沧区,350926,柘荣县,353.62845708659916,0.0032416914986614785
350205,海沧区,350981,福安市,328.6390994826816,0.0034881861739120726
350205,海沧区,350982,福鼎市,371.70797321839785,0.00308401876100963
350206,湖里区,350102,鼓楼区,212.43029398598145,0.002444260737283107
350206,湖里区,350103,台江区,210.6205531722052,0.0024652628586295236
350206,湖里区,350104,仓山区,206.38422436676146,0.0025158658739183456
350206,湖里区,350105,马尾区,223.88898186134506,0.0023191629292459138
350206,湖里区,350111,晋安区,222.19895134828835,0.002336802328943314
350206,湖里区,350121,闽侯县,210.51375222814093,0.0024665135721714253
350206,湖里区,350122,连江县,253.03678691715928,0.002052013991030611
350206,湖里区,350123,罗源县,259.3443867593998,0.00200210628611426
350206,湖里区,350124,闽清县,204.35897198210745,0.002540798781493692
350206,湖里区,350125,永泰县,164.39271195521968,0.003158503931371854
350206,湖里区,350128,平潭县,196.89320532640494,0.002637140403797412
350206,湖里区,350181,福清市,178.02887779447997,0.0029165775431043124
350206,湖里区,350182,长乐市,209.60170766962574,0.0024772461673731234
350206,湖里区,350203,思明区,0.843626961707219,0.6154794127829724
350206,湖里区,350205,海沧区,19.08305141559814,0.027209224336891373
350206,湖里区,350211,集美区,20.640742045369624,0.02515583140655174
350206,湖里区,350212,同安区,32.06295530204856,0.016194234814227104
350206,湖里区,350213,翔安区,27.7851453354486,0.01868750444637755
350206,湖里区,350302,城厢区,133.6417344544769,0.0038852760263771643
350206,湖里区,350303,涵江区,155.83756055442024,0.0033318990951357935
350206,湖里区,350304,荔城区,138.90492011158557,0.0037380607294711272
350206,湖里区,350305,秀屿区,140.81805620655564,0.0036872759146583775
350206,湖里区,350322,仙游县,120.02741923099367,0.004325970101882892
350206,湖里区,350402_350403,三元区（含原梅列区）,201.94858673000897,0.00257112483631105
350206,湖里区,350421,明溪县,231.20128941984623,0.0022458137162745047
350206,湖里区,350423,清流县,217.30564366394466,0.0023894226502576272
350206,湖里区,350424,宁化县,241.1715649248707,0.002152969514300715
350206,湖里区,350425,大田县,153.31495483555366,0.0033867213251073656
350206,湖里区,350426,尤溪县,182.55788567127826,0.002844221300494242
350206,湖里区,350427,沙县,219.76507088896497,0.0023626822265208048
350206,湖里区,350428,将乐县,260.876255382629,0.001990349893047478
350206,湖里区,350429,泰宁县,283.1340022166804,0.0018338843901979508
350206,湖里区,350430,建宁县,293.58070146622094,0.0017686279254945673
350206,湖里区,350481,永安市,179.22829187345985,0.002897059507580625
350206,湖里区,350502,鲤城区,62.4863632811614,0.008309573477065884
350206,湖里区,350503,丰泽区,67.67257780671683,0.007672753777496941
350206,湖里区,350504,洛江区,86.70429479244899,0.005988573325489546
350206,湖里区,350505,泉港区,103.58957081358166,0.0050124257000142445
350206,湖里区,350521,惠安县,87.12730688976383,0.0059594981818546795
350206,湖里区,350524,安溪县,74.0243637042221,0.007014380144814766
350206,湖里区,350525,永春县,99.67182998432419,0.005209446110110595
350206,湖里区,350526,德化县,129.5099740337642,0.004009228099019415
350206,湖里区,350581,石狮市,59.56161133125792,0.008717612156455341
350206,湖里区,350582,晋江市,52.460129757368485,0.009897707638180424
350206,湖里区,350583,南安市,62.67344691699114,0.008284768949873643
350206,湖里区,350602,芗城区,52.062157255778146,0.009973367497018472
350206,湖里区,350603,龙文区,44.41201027158077,0.011691320069150316
350206,湖里区,350622,云霄县,98.83830171730328,0.005253378679902405
350206,湖里区,350623,漳浦县,61.2125279292016,0.008482496060283435
350206,湖里区,350624,诏安县,123.50703918614732,0.004204092579831516
350206,湖里区,350625,长泰县,44.631444030173306,0.011633838839012487
350206,湖里区,350626,东山县,114.02554117860329,0.004553672989686944
350206,湖里区,350627,南靖县,86.45436497225398,0.00600588561567807
350206,湖里区,350628,平和县,93.3152610490176,0.005564309858455983
350206,湖里区,350629,华安县,74.09497627218101,0.007007695435275943
350206,湖里区,350681,龙海市,34.495674831229664,0.015052177687197113
350206,湖里区,350702,延平区,230.14032980111094,0.00225616704142281
350206,湖里区,350721,顺昌县,269.52775908921313,0.0019264621527446326
350206,湖里区,350722,浦城县,388.6664400772515,0.0013359399563704004
350206,湖里区,350723,光泽县,356.7559197617929,0.001455434929702462
350206,湖里区,350724,松溪县,351.442022389032,0.0014774414951000659
350206,湖里区,350725,政和县,324.20106560996214,0.0016015833446522978
350206,湖里区,350781,邵武市,309.52263226897196,0.0016775349291687088
350206,湖里区,350782,武夷山市,361.0324410601572,0.0014381949319422084
350206,湖里区,350783,建瓯市,286.17069852774785,0.0018144241519859724
350206,湖里区,350784,建阳市,325.4000730783781,0.0015956819618610709
350206,湖里区,350802,新罗区,137.04092079965622,0.003788904977941047
350206,湖里区,350821,长汀县,219.73334968160435,0.0023630233087140328
350206,湖里区,350822,永定县,141.1638001502164,0.003678244893144769
350206,湖里区,350823,上杭县,174.04465527185005,0.002983343706753994
350206,湖里区,350824,武平县,212.50838556364127,0.002443362531893799
350206,湖里区,350825,连城县,182.53180657335866,0.002844627666525418
350206,湖里区,350881,漳平市,119.48274277419884,0.004345690557009594
350206,湖里区,350902,蕉城区,283.9902014587364,0.0018283554303365171
350206,湖里区,350921,霞浦县,320.8174591632647,0.0016184749681444313
350206,湖里区,350922,古田县,245.9098261811475,0.002111485478489794
350206,湖里区,350923,屏南县,287.7313627274235,0.0018045826568142626
350206,湖里区,350924,寿宁县,352.17960283670214,0.0014743472444660572
350206,湖里区,350925,周宁县,313.1201705734403,0.0016582611910581435
350206,湖里区,350926,柘荣县,348.64148833499104,0.0014893093460538953
350206,湖里区,350981,福安市,324.5043252451263,0.001600086613967992
350206,湖里区,350982,福鼎市,365.3987491097352,0.0014210093172582468
350211,集美区,350102,鼓楼区,204.99122530347714,0.005427049876286161
350211,集美区,350103,台江区,203.42725522927273,0.0054687736049387455
350211,集美区,350104,仓山区,199.19874320832514,0.005584862564918479
350211,集美区,350105,马尾区,218.16706564255864,0.005099292144056619
350211,集美区,350111,晋安区,214.11792288890604,0.0051957238745501825
350211,集美区,350121,闽侯县,201.6329201119844,0.005517440323262277
350211,集美区,350122,连江县,246.62999406151394,0.004510796053644259
350211,集美区,350123,罗源县,250.81929929982275,0.004435454556441983
350211,集美区,350124,闽清县,192.26243504519155,0.0057863492869082295
350211,集美区,350125,永泰县,153.59399200741362,0.007243106252940456
350211,集美区,350128,平潭县,197.14214764783907,0.005643124096985449
350211,集美区,350181,福清市,173.82585537515894,0.0064000697797340945
350211,集美区,350182,长乐市,205.37808877476314,0.005416827133604565
350211,集美区,350203,思明区,21.41042066970154,0.05196056729036199
350211,集美区,350205,海沧区,13.926456610416043,0.07988375184330174
350211,集美区,350206,湖里区,20.640742045369624,0.05389813997372991
350211,集美区,350212,同安区,15.702522444066576,0.07084833713091475
350211,集美区,350213,翔安区,27.20133087031304,0.04089864607092224
350211,集美区,350302,城厢区,128.25833970366907,0.008673881218900255
350211,集美区,350303,涵江区,150.0092549455955,0.007416193116394442
350211,集美区,350304,荔城区,135.14737269440846,0.008231736819912386
350211,集美区,350305,秀屿区,141.32034530354798,0.007872168735035307
350211,集美区,350322,仙游县,111.62269974197046,0.009966589291377635
350211,集美区,350402_350403,三元区（含原梅列区）,182.289354907238,0.006102921393786836
350211,集美区,350421,明溪县,210.9610132268861,0.005273474880055235
350211,集美区,350423,清流县,196.67324568732144,0.005656578250056821
350211,集美区,350424,宁化县,220.55932834147427,0.0050439834591833425
350211,集美区,350425,大田县,134.31134015085163,0.008282975977110224
350211,集美区,350426,尤溪县,165.93925624824138,0.006704246054102549
350211,集美区,350427,沙县,201.17933143799533,0.005529880211704861
350211,集美区,350428,将乐县,241.1998523389916,0.004612347781869439
350211,集美区,350429,泰宁县,263.0935316494448,0.0042285251064450935
350211,集美区,350430,建宁县,273.11274011762265,0.004073400616331043
350211,集美区,350481,永安市,158.71657618143672,0.007009334693883727
350211,集美区,350502,鲤城区,61.13916227804311,0.0181961538639288
350211,集美区,350503,丰泽区,66.24294595681674,0.01679420484481793
350211,集美区,350504,洛江区,81.54492789593499,0.013642756608267748
350211,集美区,350505,泉港区,100.65228842399621,0.01105287938647361
350211,集美区,350521,惠安县,87.31799691851707,0.012740759559122027
350211,集美区,350524,安溪县,54.41182825354904,0.020445878031132337
350211,集美区,350525,永春县,83.1005236106815,0.013387371770783725
350211,集美区,350526,德化县,113.95985669592041,0.00976218851249933
350211,集美区,350581,石狮市,65.0323616105745,0.017106830758889247
350211,集美区,350582,晋江市,54.3634046628244,0.020464089966825586
350211,集美区,350583,南安市,53.91914857141007,0.020632699762489787
350211,集美区,350602,芗城区,40.94987541601152,0.027167301307295166
350211,集美区,350603,龙文区,35.37694743457743,0.03144696432557742
350211,集美区,350622,云霄县,101.04995092551059,0.01100938292135408
350211,集美区,350623,漳浦县,65.90136785203929,0.01688125209207715
350211,集美区,350624,诏安县,125.07607999611034,0.008894567242254322
350211,集美区,350625,长泰县,26.273758921865124,0.042342536796178006
350211,集美区,350626,东山县,121.69034335265059,0.009142036855784352
350211,集美区,350627,南靖县,73.05423501325664,0.01522837935023352
350211,集美区,350628,平和县,88.49527657423927,0.012571265348718387
350211,集美区,350629,华安县,55.091984125265895,0.020193456844709613
350211,集美区,350681,龙海市,35.2405130718279,0.03156871188723813
350211,集美区,350702,延平区,213.65222783935448,0.005207048927940377
350211,集美区,350721,顺昌县,251.2511319559493,0.004427831211196426
350211,集美区,350722,浦城县,372.78120493229073,0.002984317849729173
350211,集美区,350723,光泽县,337.45835157168233,0.003296696018165279
350211,集美区,350724,松溪县,336.73600294776486,0.003303767919629185
350211,集美区,350725,政和县,310.70469304395016,0.0035805626011758303
350211,集美区,350781,邵武市,290.3160984023553,0.003832021751618988
350211,集美区,350782,武夷山市,343.58809544297355,0.0032378816922882274
350211,集美区,350783,建瓯市,270.57097397448524,0.004111666479154162
350211,集美区,350784,建阳市,308.1798943934254,0.0036098967653702906
350211,集美区,350802,新罗区,117.95080130444197,0.009431878305358217
350211,集美区,350821,长汀县,200.39835798365,0.005551430735843405
350211,集美区,350822,永定县,127.46359557457306,0.008727963454256343
350211,集美区,350823,上杭县,156.8042101336771,0.0070948197307621344
350211,集美区,350824,武平县,196.34160407665203,0.005666132805396983
350211,集美区,350825,连城县,162.63084582740214,0.006840630990160762
350211,集美区,350881,漳平市,98.89984259903176,0.011248729772335105
350211,集美区,350902,蕉城区,274.26370943359393,0.004056306268957349
350211,集美区,350921,霞浦县,313.696468926929,0.0035464141745953923
350211,集美区,350922,古田县,233.555594830997,0.0047633095868587425
350211,集美区,350923,屏南县,275.0225141190624,0.00404511466083596
350211,集美区,350924,寿宁县,340.97733588615586,0.003262673165745011
350211,集美区,350925,周宁县,301.7972778607032,0.0036862413465388036
350211,集美区,350926,柘荣县,339.71325588928715,0.003274813639552376
350211,集美区,350981,福安市,314.7127764940666,0.003534961676218946
350211,集美区,350982,福鼎市,357.8692034807827,0.003108670970014676
350212,同安区,350102,鼓楼区,189.8514463351097,0.006185271780960593
350212,同安区,350103,台江区,188.34701185309234,0.006234677057191809
350212,同安区,350104,仓山区,184.1259985125382,0.0063776044832210095
350212,同安区,350105,马尾区,203.45680047690809,0.005771656640812982
350212,同安区,350111,晋安区,198.83082052849065,0.005905939483978765
350212,同安区,350121,闽侯县,186.20917015480006,0.006306256521174008
350212,同安区,350122,连江县,231.69634842458925,0.005068197239946165
350212,同安区,350123,罗源县,235.42346748247948,0.004987959807696316
350212,同安区,350124,闽清县,176.55999009564707,0.006650899747756948
350212,同安区,350125,永泰县,137.95620218159442,0.008511997105033213
350212,同安区,350128,平潭县,184.83308131817944,0.006353206824321933
350212,同安区,350181,福清市,159.70895562609542,0.007352642116953636
350212,同安区,350182,长乐市,191.16957424235596,0.00614262388900028
350212,同安区,350203,思明区,32.90655503450283,0.03568537613128636
350212,同安区,350205,海沧区,29.576577304759475,0.03970313337784837
350212,同安区,350206,湖里区,32.06295530204856,0.03662428439701818
350212,同安区,350211,集美区,15.702522444066576,0.0747830673558329
350212,同安区,350213,翔安区,21.950107253671064,0.05349781575188953
350212,同安区,350302,城厢区,113.9145512294957,0.010308452966867795
350212,同安区,350303,涵江区,135.42310783448545,0.008671214332389422
350212,同安区,350304,荔城区,121.37109321464202,0.009675143911857299
350212,同安区,350305,秀屿区,129.46372631451874,0.009070361459690337
350212,同安区,350322,仙游县,96.45972236962525,0.012173814777232709
350212,同安区,350402_350403,三元区（含原梅列区）,170.19865808426752,0.006899483267428032
350212,同安区,350421,明溪县,200.14690155277563,0.005867104534123743
350212,同安区,350423,清流县,188.93419687309753,0.006215300422187972
350212,同安区,350424,宁化县,213.1171982417164,0.005510032992547336
350212,同安区,350425,大田县,121.29897191961344,0.009680896507262423
350212,同安区,350426,尤溪县,151.11224190804475,0.007770930923688408
350212,同安区,350427,沙县,187.7030812926029,0.006256065619725046
350212,同安区,350428,将乐县,229.10874109908772,0.005125438636508594
350212,同安区,350429,泰宁县,251.71468298858272,0.0046651342688832
350212,同安区,350430,建宁县,263.0899213203126,0.0044634275144330455
350212,同安区,350481,永安市,149.094829683006,0.007876079915633416
350212,同安区,350502,鲤城区,49.95585234514325,0.023506410930155475
350212,同安区,350503,丰泽区,54.764872746928184,0.02144226279895766
350212,同安区,350504,洛江区,67.73962110623631,0.017335243014564197
350212,同安区,350505,泉港区,87.54286737547163,0.013413803189180519
350212,同安区,350521,惠安县,76.07890163838447,0.015435065022003968
350212,同安区,350524,安溪县,42.60700940395484,0.027560788941035367
350212,同安区,350525,永春县,68.15305312306927,0.01723008346332797
350212,同安区,350526,德化县,98.67637200674933,0.01190034422334446
350212,同安区,350581,石狮市,58.1548151951835,0.020192357067078514
350212,同安区,350582,晋江市,45.76009452151335,0.025661721328810606
350212,同安区,350583,南安市,39.25774467972225,0.029912130795370404
350212,同安区,350602,芗城区,51.707482453873425,0.022710113466433958
350212,同安区,350603,龙文区,47.80255833382346,0.024565270866689703
350212,同安区,350622,云霄县,115.82560637223716,0.010138369488152995
350212,同安区,350623,漳浦县,81.36269553254427,0.01443269284412298
350212,同安区,350624,诏安县,139.5514530239187,0.00841469413714983
350212,同安区,350625,长泰县,31.28664162026937,0.037533040709308255
350212,同安区,350626,东山县,137.2931815966502,0.008553103511294546
350212,同安区,350627,南靖县,80.30813698537938,0.014622214356745622
350212,同安区,350628,平和县,100.97821181598749,0.011629070989403169
350212,同安区,350629,华安县,55.579924676637035,0.021127822688192972
350212,同安区,350681,龙海市,50.61612482606151,0.02319977670409267
350212,同安区,350702,延平区,198.78956012383992,0.005907165310188148
350212,同安区,350721,顺昌县,237.49880875054234,0.004944373404518926
350212,同安区,350722,浦城县,357.7183767818968,0.003282701895706846
350212,同安区,350723,光泽县,324.7782977373915,0.003615644277255888
350212,同安区,350724,松溪县,321.3341799978185,0.0036543974052155935
350212,同安区,350725,政和县,295.0976307549822,0.003979302682257413
350212,同安区,350781,邵武市,277.5227320878037,0.004231303089145088
350212,同安区,350782,武夷山市,329.2506857578171,0.0035665310487913797
350212,同安区,350783,建瓯市,255.393918769954,0.004597927778573472
350212,同安区,350784,建阳市,293.7064456730043,0.003998151252351086
350212,同安区,350802,新罗区,116.51301156031401,0.010078554985965927
350212,同安区,350821,长汀县,197.79798495688053,0.005936778344061994
350212,同安区,350822,永定县,133.29180984608712,0.008809864574177964
350212,同安区,350823,上杭县,158.16671117348085,0.007424335910374518
350212,同安区,350824,武平县,198.87357327009195,0.0059046698577508066
350212,同安区,350825,连城县,158.77087913285703,0.007396084218998917
350212,同安区,350881,漳平市,92.434118879693,0.012703997266631472
350212,同安区,350902,蕉城区,258.6860493945325,0.004539412915151688
350212,同安区,350921,霞浦县,298.5438442022405,0.003933367967204248
350212,同安区,350922,古田县,217.85893950516117,0.005390106076245217
350212,同安区,350923,屏南县,259.3440299777964,0.0045278959908645056
350212,同安区,350924,寿宁县,325.2831618163064,0.003610032523768471
350212,同安区,350925,周宁县,286.10124497175565,0.004104430911186826
350212,同安区,350926,柘荣县,324.221471761841,0.0036218538741742733
350212,同安区,350981,福安市,299.11883513825626,0.003925806922350246
350212,同安区,350982,福鼎市,342.61248812425134,0.0034274372192914485
350213,翔安区,350102,鼓楼区,184.64534901998118,0.00658558892687093
350213,翔安区,350103,台江区,182.83658777943933,0.0066507386769386525
350213,翔安区,350104,仓山区,178.60011242101314,0.006808497203169388
350213,翔安区,350105,马尾区,196.21945020095126,0.0061971347114615
350213,翔安区,350111,晋安区,194.43272021871977,0.00625408297809296
350213,翔安区,350121,闽侯县,182.82746500560916,0.006651070537278955
350213,翔安区,350122,连江县,225.3010264277837,0.005397216271866268
350213,翔安区,350123,罗源县,231.60036359169266,0.0052504164805543645
350213,翔安区,350124,闽清县,177.6254483022883,0.006845856703116007
350213,翔安区,350125,永泰县,137.234080341396,0.008860760846570894
350213,翔安区,350128,平潭县,171.28947911045142,0.007099083797902744
350213,翔安区,350181,福清市,150.60666245383507,0.008074001150360409
350213,翔安区,350182,长乐市,182.2068856464034,0.0066737234522739825
350213,翔安区,350203,思明区,28.419473494054944,0.042787505059113086
350213,翔安区,350205,海沧区,38.09141330916263,0.031923162210726004
350213,翔安区,350206,湖里区,27.7851453354486,0.04376433346752452
350213,翔安区,350211,集美区,27.20133087031304,0.04470363496924782
350213,翔安区,350212,同安区,21.950107253671064,0.055398288120019804
350213,翔安区,350302,城厢区,105.94652438484525,0.011477472932355527
350213,翔安区,350303,涵江区,128.11416881319047,0.009491521329520646
350213,翔安区,350304,荔城区,111.53114158038944,0.010902769833371951
350213,翔安区,350305,秀屿区,115.25399979598635,0.010550595797600705
350213,翔安区,350322,仙游县,92.38374498954667,0.013162471017404606
350213,翔安区,350402_350403,三元区（含原梅列区）,185.16625260142325,0.006567062565778034
350213,翔安区,350421,明溪县,216.74723861427432,0.005610213877133677
350213,翔安区,350423,清流县,208.49799416301428,0.005832182562646032
350213,翔安区,350424,宁化县,232.82281615553967,0.005222848799714913
350213,翔安区,350425,大田县,135.1191817187017,0.008999450340335367
350213,翔安区,350426,尤溪县,159.68907618635507,0.007614787404024756
350213,翔安区,350427,沙县,199.93607833755163,0.006081935666714632
350213,翔安区,350428,将乐县,243.77687136220757,0.004988161342416511
350213,翔安区,350429,泰宁县,267.38166251023404,0.004547800153863071
350213,翔安区,350430,建宁县,280.41581262909574,0.004336411540074595
350213,翔安区,350481,永安市,167.27010008108329,0.007269669626040503
350213,翔安区,350502,鲤城区,35.4924160066029,0.034260794353305944
350213,翔安区,350503,丰泽区,40.70967423790466,0.029870009737685242
350213,翔安区,350504,洛江区,58.95343065392398,0.020626422456099566
350213,翔安区,350505,泉港区,76.34098841405091,0.015928512207740764
350213,翔安区,350521,惠安县,61.15426251307168,0.019884114629692206
350213,翔安区,350524,安溪县,60.511969531401206,0.020095170845053946
350213,翔安区,350525,永春县,78.04481588412266,0.015580770511518209
350213,翔安区,350526,德化县,105.90805272094862,0.011481642185492488
350213,翔安区,350581,石狮市,37.93533418846704,0.032054505170904475
350213,翔安区,350582,晋江市,27.311458758489422,0.04452337667705971
350213,翔安区,350583,南安市,35.707589986603374,0.0340543387655235
350213,翔安区,350602,芗城区,68.15051872699243,0.017842833607407082
350213,翔安区,350603,龙文区,62.39331250228876,0.01948924198983024
350213,翔安区,350622,云霄县,124.83966767464204,0.009740480638520675
350213,翔安区,350623,漳浦县,87.87374823970998,0.013838016361690814
350213,翔安区,350624,诏安县,149.32707413623552,0.008143187515981292
350213,翔安区,350625,长泰县,51.234258023055176,0.023734087558309375
350213,翔安区,350626,东山县,141.6676644960528,0.008583457419375237
350213,翔安区,350627,南靖县,99.6618750170144,0.012201239096661681
350213,翔安区,350628,平和县,115.12396682031809,0.010562512737266069
350213,翔安区,350629,华安县,77.33792430661691,0.015723183377448977
350213,翔安区,350681,龙海市,58.79186416740301,0.020683106125735217
350213,翔安区,350702,延平区,206.83289253122106,0.005879134363121926
350213,翔安区,350721,顺昌县,248.81818535895323,0.004887096030179496
350213,翔安区,350722,浦城县,364.3081150961997,0.003337829478717783
350213,翔安区,350723,光泽县,338.1451032579195,0.003596084503925836
350213,翔安区,350724,松溪县,326.0640524180649,0.003729323600336988
350213,翔安区,350725,政和县,298.01333810570446,0.004080348797921572
350213,翔安区,350781,邵武市,290.7912521531996,0.004181688262285047
350213,翔安区,350782,武夷山市,338.65606578848457,0.0035906587501187293
350213,翔安区,350783,建瓯市,261.6992434017943,0.004646549031237546
350213,翔安区,350784,建阳市,302.7677571525129,0.004016274313158361
350213,翔安区,350802,新罗区,138.44722148156015,0.008783118598491813
350213,翔安区,350821,长汀县,219.54323891506377,0.0055387648096721755
350213,翔安区,350822,永定县,153.60407203047626,0.007916446158165277
350213,翔安区,350823,上杭县,179.97881302780814,0.006756341735159265
350213,翔安区,350824,武平县,220.4886331490613,0.005515016119139941
350213,翔安区,350825,连城县,180.2662855137608,0.006745567328014765
350213,翔安区,350881,漳平市,113.2099051807876,0.010741095171507734
350213,翔安区,350902,蕉城区,256.3983321086445,0.004742614181237915
350213,翔安区,350921,霞浦县,293.0444986019414,0.004149534871685013
350213,翔安区,350922,古田县,219.21398465824612,0.005547083904340973
350213,翔安区,350923,屏南县,261.14942318158324,0.00465633180839421
350213,翔安区,350924,寿宁县,324.9231532406619,0.003742418334231629
350213,翔安区,350925,周宁县,285.92747457101206,0.004252820991507078
350213,翔安区,350926,柘荣县,320.9167571535691,0.0037891395160842643
350213,翔安区,350981,福安市,296.9080244604583,0.0040955389067504
350213,翔安区,350982,福鼎市,337.61544530016505,0.0036017261142276646
350302,城厢区,350102,鼓楼区,79.79965223401189,0.01512300402270784
350302,城厢区,350103,台江区,77.70187416834295,0.015531291550716846
350302,城厢区,350104,仓山区,73.5053086464584,0.016418004141035523
350302,城厢区,350105,马尾区,90.27870234535226,0.013367609750626612
350302,城厢区,350111,晋安区,90.42471032126676,0.013346025189995238
350302,城厢区,350121,闽侯县,80.89005972058233,0.014919144155837205
350302,城厢区,350122,连江县,119.42851097431519,0.010104877402391715
350302,城厢区,350123,罗源县,127.77011090995492,0.00944517033875113
350302,城厢区,350124,闽清县,88.99786195708451,0.013559993860611868
350302,城厢区,350125,永泰县,49.87839331743522,0.024195054841989114
350302,城厢区,350128,平潭县,79.58452569719583,0.015163883319947594
350302,城厢区,350181,福清市,45.950487647405815,0.026263278662153226
350302,城厢区,350182,长乐市,77.27098899558288,0.015617898482115124
350302,城厢区,350203,思明区,134.22999096794408,0.008990617171641254
350302,城厢区,350205,海沧区,141.7145829680953,0.008515781766914855
350302,城厢区,350206,湖里区,133.6417344544769,0.009030191554096678
350302,城厢区,350211,集美区,128.25833970366907,0.00940921630931673
350302,城厢区,350212,同安区,113.9145512294957,0.010593997419296957
350302,城厢区,350213,翔安区,105.94652438484525,0.011390750841074994
350302,城厢区,350303,涵江区,22.254439202617935,0.05422785318282401
350302,城厢区,350304,荔城区,12.416064043716188,0.09719750619008921
350302,城厢区,350305,秀屿区,40.32878389021379,0.029924295883330464
350302,城厢区,350322,仙游县,24.411469271477372,0.049436207559849704
350302,城厢区,350402_350403,三元区（含原梅列区）,163.43917275594748,0.007383850770877895
350302,城厢区,350421,明溪县,200.48961899298226,0.006019316450433727
350302,城厢区,350423,清流县,217.33808110036492,0.005552687571527575
350302,城厢区,350424,宁化县,240.09611766328854,0.005026363914130768
350302,城厢区,350425,大田县,120.65307917589567,0.010002317968083383
350302,城厢区,350426,尤溪县,108.56689046435235,0.011115824139237932
350302,城厢区,350427,沙县,159.15524710758322,0.007582599277609038
350302,城厢区,350428,将乐县,211.2061970864882,0.005713897027611665
350302,城厢区,350429,泰宁县,238.83826860402777,0.0050528354136850275
350302,城厢区,350430,建宁县,262.51640486648074,0.004597085893963266
350302,城厢区,350481,永安市,171.40583782005157,0.0070406613747461995
350302,城厢区,350502,鲤城区,71.82900371669578,0.0168011582968001
350302,城厢区,350503,丰泽区,66.88993533855404,0.018041734614296548
350302,城厢区,350504,洛江区,47.05346914024853,0.02564764052037491
350302,城厢区,350505,泉港区,32.14351701596358,0.03754444360106284
350302,城厢区,350521,惠安县,52.686673962430085,0.022905421257113385
350302,城厢区,350524,安溪县,109.61038512503535,0.011010001108645036
350302,城厢区,350525,永春县,81.88723229466142,0.014737467953527667
350302,城厢区,350526,德化县,73.83951471844782,0.016343694380268496
350302,城厢区,350581,石狮市,83.82801964563349,0.01439626591260539
350302,城厢区,350582,晋江市,83.54534835591721,0.014444974920739252
350302,城厢区,350583,南安市,74.66276243573624,0.016163485282028975
350302,城厢区,350602,芗城区,164.49084234036152,0.007336642238408249
350302,城厢区,350603,龙文区,161.53727086167328,0.0074707864959477855
350302,城厢区,350622,云霄县,229.29371021496632,0.005263164264794901
350302,城厢区,350623,漳浦县,193.30539115946752,0.00624302537299691
350302,城厢区,350624,诏安县,253.3092176467668,0.0047641790257649235
350302,城厢区,350625,长泰县,141.5534581783958,0.00852547494971645
350302,城厢区,350626,东山县,247.614177139322,0.0048737534970246365
350302,城厢区,350627,南靖县,187.0072172175179,0.006453282818180989
350302,城厢区,350628,平和县,214.2347548081596,0.005633121772544837
350302,城厢区,350629,华安县,153.02308634804837,0.007886460079629938
350302,城厢区,350681,龙海市,163.19693492819968,0.007394810829484011
350302,城厢区,350702,延平区,143.27811335074398,0.008422852824641705
350302,城厢区,350721,顺昌县,196.46537803200673,0.0061426113538897605
350302,城厢区,350722,浦城县,284.0495480648811,0.004248591381212109
350302,城厢区,350723,光泽县,290.3614592565226,0.004156235007344691
350302,城厢区,350724,松溪县,240.44641433313168,0.005019041207550081
350302,城厢区,350725,政和县,207.54699321245056,0.005814637172364745
350302,城厢区,350781,邵武市,245.44758968865472,0.004916774547578418
350302,城厢区,350782,武夷山市,270.82734405165394,0.0044560140925632595
350302,城厢区,350783,建瓯市,184.94741705298114,0.006525154451872871
350302,城厢区,350784,建阳市,235.18878691072598,0.005131241491558588
350302,城厢区,350802,新罗区,193.4206200473081,0.006239306137321237
350302,城厢区,350821,长汀县,257.34493212378305,0.0046894665917305576
350302,城厢区,350822,永定县,232.774919395758,0.0051844522806765965
350302,城厢区,350823,上杭县,240.46097118787338,0.005018737368413776
350302,城厢区,350824,武平县,282.5740384736439,0.004270776141588851
350302,城厢区,350825,连城县,216.73939885555524,0.005568025324966046
350302,城厢区,350881,漳平市,153.5619082335203,0.00785878787016935
350302,城厢区,350902,蕉城区,154.53858031526633,0.007809120928144258
350302,城厢区,350921,霞浦县,187.39055583944102,0.006440081552347075
350302,城厢区,350922,古田县,127.6276297066053,0.009455714758002675
350302,城厢区,350923,屏南县,168.74250592748098,0.007151787008925238
350302,城厢区,350924,寿宁县,225.6161147172695,0.00534895507467612
350302,城厢区,350925,周宁县,187.6853124021674,0.006429967514771349
350302,城厢区,350926,柘荣县,216.95946738526445,0.005562377508987254
350302,城厢区,350981,福安市,194.62669643109018,0.006200641966776298
350302,城厢区,350982,福鼎市,232.14295949939788,0.005198565850750165
350303,涵江区,350102,鼓楼区,57.77740025023768,0.02213505843320199
350303,涵江区,350103,台江区,55.58265621838909,0.023009086245043366
350303,涵江区,350104,仓山区,51.4133715254837,0.02487497109625663
350303,涵江区,350105,马尾区,68.21093587007317,0.018749282858302154
350303,涵江区,350111,晋安区,68.67190130129117,0.018623426851783764
350303,涵江区,350121,闽侯县,60.190147197335854,0.021247765460093736
350303,涵江区,350122,连江县,97.20278365181991,0.013157093681993188
350303,涵江区,350123,罗源县,105.918773128502,0.012074404686560384
350303,涵江区,350124,闽清县,74.38281533677107,0.01719356984361527
350303,涵江区,350125,永泰县,41.52242177269223,0.030800374257038153
350303,涵江区,350128,平潭县,67.90903010146484,0.018832637261151575
350303,涵江区,350181,福清市,26.61523930141847,0.04805164876309606
350303,涵江区,350182,长乐市,56.486417278089704,0.022640949670454324
350303,涵江区,350203,思明区,156.43233946063756,0.00817545870033681
350303,涵江区,350205,海沧区,163.56914651446186,0.007818749182899458
350303,涵江区,350206,湖里区,155.83756055442024,0.008206661642466495
350303,涵江区,350211,集美区,150.0092549455955,0.00852551484987601
350303,涵江区,350212,同安区,135.42310783448545,0.009443780689338436
350303,涵江区,350213,翔安区,128.11416881319047,0.009982550271409448
350303,涵江区,350302,城厢区,22.254439202617935,0.05746746161579594
350303,涵江区,350304,荔城区,21.835752610646118,0.05856936344085407
350303,涵江区,350305,秀屿区,46.959141003730515,0.027234444739010707
350303,涵江区,350322,仙游县,41.19101952589311,0.031048178592753124
350303,涵江区,350402_350403,三元区（含原梅列区）,165.13126503834937,0.0077447849161726146
350303,涵江区,350421,明溪县,201.88588287380963,0.006334797225306243
350303,涵江区,350423,清流县,223.55382187078084,0.005720797434618439
350303,涵江区,350424,宁化县,245.383572988713,0.005211865305736405
350303,涵江区,350425,大田县,126.99326095459752,0.010070661396077887
350303,涵江区,350426,尤溪县,106.27934717134923,0.01203343984222626
350303,涵江区,350427,沙县,156.28971528680668,0.008182919319486854
350303,涵江区,350428,将乐县,208.42679439465863,0.006135996738672123
350303,涵江区,350429,泰宁县,236.29272199019493,0.005412380541752696
350303,涵江区,350430,建宁县,261.89742224098546,0.004883232983792877
350303,涵江区,350481,永安市,178.38178044480304,0.0071694885400767966
350303,涵江区,350502,鲤城区,94.08152309913278,0.013593595092098365
350303,涵江区,350503,丰泽区,89.13145189142436,0.014348539191478809
350303,涵江区,350504,洛江区,69.17039235852788,0.018489213188622844
350303,涵江区,350505,泉港区,54.02312496555383,0.023673309003745435
350303,涵江区,350521,惠安县,74.20187494645549,0.017235496159367626
350303,涵江区,350524,安溪县,127.85864656973953,0.01000250014346852
350303,涵江区,350525,永春县,97.04281775943578,0.013178781904580036
350303,涵江区,350526,德化县,82.40252448468965,0.015520229976632945
350303,涵江区,350581,石狮市,105.61290050742888,0.012109374181684856
350303,涵江区,350582,晋江市,105.75785248124326,0.012092777043523377
350303,涵江区,350583,南安市,96.19349143990372,0.013295142025866678
350303,涵江区,350602,芗城区,185.46883902692176,0.006895531008698829
350303,涵江区,350603,龙文区,182.83179226113023,0.006994987659645691
350303,涵江区,350622,云霄县,251.05540013164327,0.0050941191863903505
350303,涵江区,350623,漳浦县,215.29329195048857,0.005940297159614351
350303,涵江区,350624,诏安县,274.9535903138158,0.0046513527217369385
350303,涵江区,350625,长泰县,162.28906700078002,0.007880420747328368
350303,涵江区,350626,东山县,269.77155670565213,0.004740700414361791
350303,涵江区,350627,南靖县,206.6947058159005,0.006187416003758754
350303,涵江区,350628,平和县,235.2123071787453,0.005437241554225431
350303,涵江区,350629,华安县,172.02838719628835,0.007434273793419043
350303,涵江区,350681,龙海市,185.06470995405581,0.006910588901444322
350303,涵江区,350702,延平区,134.69140405819715,0.009495083517764234
350303,涵江区,350721,顺昌县,189.08804085713393,0.006763548476467595
350303,涵江区,350722,浦城县,267.85212979784166,0.0047746722477911615
350303,涵江区,350723,光泽县,282.27202756111666,0.004530757587662864
350303,涵江区,350724,松溪县,223.1767543785671,0.0057304629875929896
350303,涵江区,350725,政和县,189.20916741027608,0.006759218637035512
350303,涵江区,350781,邵武市,238.6964733537188,0.005357876103859855
350303,涵江区,350782,武夷山市,257.97275884514966,0.004957523950911363
350303,涵江区,350783,建瓯市,170.9804553156678,0.0074798381387882395
350303,涵江区,350784,建阳市,222.88422423108798,0.005737984081509203
350303,涵江区,350802,新罗区,208.53443229300882,0.006132829560062951
350303,涵江区,350821,长汀县,268.1382090842332,0.004769578103118282
350303,涵江区,350822,永定县,250.77429480504668,0.005099829436871667
350303,涵江区,350823,上杭县,255.45579503479314,0.0050063696166427665
350303,涵江区,350824,武平县,297.251052619391,0.004302444413191228
350303,涵江区,350825,连城县,228.18566273019061,0.00560467347227553
350303,涵江区,350881,漳平市,167.88262290288998,0.007617858885831686
350303,涵江区,350902,蕉城区,133.1814903647876,0.009602731784683839
350303,涵江区,350921,霞浦县,165.1363380654354,0.007744546994561202
350303,涵江区,350922,古田县,110.14102138855573,0.011611533237428247
350303,涵江区,350923,屏南县,150.23554454964741,0.008512673445496636
350303,涵江区,350924,寿宁县,204.71441268822943,0.006247269617529203
350303,涵江区,350925,周宁县,167.233410516358,0.007647431973722822
350303,涵江区,350926,柘荣县,194.945422568686,0.006560329110609959
350303,涵江区,350981,福安市,173.03349782720906,0.007391089856685576
350303,涵江区,350982,福鼎市,209.89207568861312,0.006093160622961492
350304,荔城区,350102,鼓楼区,78.34885903786048,0.015867893256608895
350304,荔城区,350103,台江区,75.90954146743464,0.016377800576271646
350304,荔城区,350104,仓山区,71.86674410864039,0.01729911863142825
350304,荔城区,350105,马尾区,85.84491177438389,0.014482294946697673
350304,荔城区,350111,晋安区,89.63057117826106,0.013870617085740491
350304,荔城区,350121,闽侯县,81.88694295870016,0.015182290204885209
350304,荔城区,350122,连江县,115.59785404327792,0.01075479594564465
350304,荔城区,350123,罗源县,126.58200737680453,0.009821548557758792
350304,荔城区,350124,闽清县,94.93178828451973,0.013096048799415672
350304,荔城区,350125,永泰县,58.23843377633306,0.021347265909734882
350304,荔城区,350128,平潭县,68.09828412399398,0.018256426692428555
350304,荔城区,350181,福清市,39.13349306612048,0.03176898443206403
350304,荔城区,350182,长乐市,70.69774354171513,0.017585162831346944
350304,荔城区,350203,思明区,139.44135516466866,0.008915800700027007
350304,荔城区,350205,海沧区,148.29451526230932,0.00838352874879283
350304,荔城区,350206,湖里区,138.90492011158557,0.008950232511498877
350304,荔城区,350211,集美区,135.14737269440846,0.009199078807111018
350304,荔城区,350212,同安区,121.37109321464202,0.010243224305405578
350304,荔城区,350213,翔安区,111.53114158038944,0.011146943484782415
350304,荔城区,350302,城厢区,12.416064043716188,0.10013087300552953
350304,荔城区,350303,涵江区,21.835752610646118,0.05693558423004501
350304,荔城区,350305,秀屿区,29.06560196736952,0.04277328690407239
350304,荔城区,350322,仙游县,36.52045279176697,0.03404205690106166
350304,荔城区,350402_350403,三元区（含原梅列区）,175.30673496513208,0.007091748826633169
350304,荔城区,350421,明溪县,212.34691328911026,0.005854718171943513
350304,荔城区,350423,清流县,229.71329643071437,0.005412100001642038
350304,荔城区,350424,宁化县,252.4236134111842,0.004925178414131612
350304,荔城区,350425,大田县,132.99327049436658,0.009348076991929669
350304,荔城区,350426,尤溪县,119.48250469040386,0.01040513282853633
350304,荔城区,350427,沙县,170.06229551998646,0.007310446611275791
350304,荔城区,350428,将乐县,222.20826693515372,0.0055948923464340565
350304,荔城区,350429,泰宁县,249.92404018307013,0.004974436757181088
350304,荔城区,350430,建宁县,274.0503409022281,0.004536507153747385
350304,荔城区,350481,永安市,183.8011421659151,0.006764002210974386
350304,荔城区,350502,鲤城区,76.45371765901817,0.016261227969771863
350304,荔城区,350503,丰泽区,71.30770846469696,0.017434739648173755
350304,荔城区,350504,洛江区,53.658019355429,0.02316953452483482
350304,荔城区,350505,泉港区,35.35761745788501,0.03516162630218789
350304,荔城区,350521,惠安县,54.24838598584332,0.02291738840514631
350304,荔城区,350524,安溪县,120.13992129836397,0.010348194992589838
350304,荔城区,350525,永春县,93.6982646411109,0.013268456323623192
350304,荔城区,350526,德化县,86.23746886273099,0.014416370846514388
350304,荔城区,350581,石狮市,85.79493116079216,0.014490731738683621
350304,荔城区,350582,晋江市,87.43225766887761,0.014219366686128797
350304,荔城区,350583,南安市,82.39448167754277,0.015088769377242399
350304,荔城区,350602,芗城区,172.5673585790006,0.0072043249791108165
350304,荔城区,350603,龙文区,169.1675217745517,0.00734911358249199
350304,荔城区,350622,云霄县,235.90130399483405,0.005270133360590039
350304,荔城区,350623,漳浦县,199.35647907308504,0.006236222357910388
350304,荔城区,350624,诏安县,260.1413619669074,0.004779060594554812
350304,荔城区,350625,长泰县,150.00308325257907,0.008288038519158185
350304,荔城区,350626,东山县,252.877765939105,0.004916333104149803
350304,荔城区,350627,南靖县,196.34635998574805,0.006331827756216659
350304,荔城区,350628,平和县,222.20496473997756,0.005594975492310384
350304,荔城区,350629,华安县,162.94316768504206,0.00762984634245572
350304,荔城区,350681,龙海市,169.67342897470655,0.007327201079758914
350304,荔城区,350702,延平区,152.30081232490681,0.008162998693254856
350304,荔城区,350721,顺昌县,206.04387407226898,0.00603381846506055
350304,荔城区,350722,浦城县,289.23091818276424,0.004298403987378254
350304,荔城区,350723,光泽县,299.76284860158063,0.00414738296553308
350304,荔城区,350724,松溪县,244.8102329577635,0.0050783470812037455
350304,荔城区,350725,政和县,211.00450424046716,0.005891965844354882
350304,荔城区,350781,邵武市,255.3005173825298,0.004869678074827676
350304,荔城区,350782,武夷山市,278.0604547135918,0.004471082855958148
350304,荔城区,350783,建瓯市,191.49163015322264,0.006492353378552847
350304,荔城区,350784,建阳市,242.68499909072142,0.0051228190314520335
350304,荔城区,350802,新罗区,204.96989450865712,0.006065433828563336
350304,荔城区,350821,长汀县,269.62570261606726,0.004610952590674054
350304,荔城区,350822,永定县,243.14447362534784,0.005113138347143829
350304,荔城区,350823,上杭县,251.99795619075527,0.004933497679039812
350304,荔城区,350824,武平县,294.1699111536567,0.00422623553549118
350304,荔城区,350825,连城县,228.96754127985957,0.005429727397344526
350304,荔城区,350881,漳平市,165.36761121566764,0.007517985673557811
350304,荔城区,350902,蕉城区,154.37044124117713,0.008053558194133378
350304,荔城区,350921,霞浦县,183.8405088035153,0.00676255380319147
350304,荔城区,350922,古田县,131.7539832303263,0.009436005663802262
350304,荔城区,350923,屏南县,172.0391108929663,0.007226445925794981
350304,荔城区,350924,寿宁县,226.14873999522464,0.005497405521764655
350304,荔城区,350925,周宁县,188.88035158655342,0.006582110428887905
350304,荔城区,350926,柘荣县,215.1048912014766,0.0057796516157570905
350304,荔城区,350981,福安市,193.9359758613237,0.006410524537638417
350304,荔城区,350982,福鼎市,228.77314950985556,0.005434341113253366
350305,秀屿区,350102,鼓楼区,95.28618429307821,0.016225655032992753
350305,秀屿区,350103,台江区,92.39530743040214,0.016733325519959583
350305,秀屿区,350104,仓山区,88.88800966729578,0.017393580546314142
350305,秀屿区,350105,马尾区,96.41602496597946,0.016035516464147907
350305,秀屿区,350111,晋安区,107.12731956548781,0.014432179970717251
350305,秀屿区,350121,闽侯县,102.55838204440951,0.01507512818484383
350305,秀屿区,350122,连江县,126.08005826266938,0.012262690682840785
350305,秀屿区,350123,罗源县,142.12393335463625,0.010878398305314172
350305,秀屿区,350124,闽清县,121.27373514087591,0.012748685887786639
350305,秀屿区,350125,永泰县,86.77772795473298,0.017816561832042457
350305,秀屿区,350128,平潭县,56.09332477943508,0.027562651381942742
350305,秀屿区,350181,福清市,50.201701040491834,0.030797377851850417
350305,秀屿区,350182,长乐市,77.29325756917494,0.020002789433036478
350305,秀屿区,350203,思明区,141.20888380293283,0.010948891557753027
350305,秀屿区,350205,海沧区,153.30758477221687,0.010084828862491136
350305,秀屿区,350206,湖里区,140.81805620655564,0.010979279201822154
350305,秀屿区,350211,集美区,141.32034530354798,0.010940256000852296
350305,秀屿区,350212,同安区,129.46372631451874,0.011942192610721061
350305,秀屿区,350213,翔安区,115.25399979598635,0.013414551846238838
350305,秀屿区,350302,城厢区,40.32878389021379,0.03833690497483194
350305,秀屿区,350303,涵江区,46.959141003730515,0.03292395735319852
350305,秀屿区,350304,荔城区,29.06560196736952,0.05319280011765681
350305,秀屿区,350322,仙游县,61.6795953090321,0.025066324576277783
350305,秀屿区,350402_350403,三元区（含原梅列区）,203.7192235714259,0.007589272767906405
350305,秀屿区,350421,明溪县,240.76943435433458,0.006421416239547789
350305,秀屿区,350423,清流县,256.3311215725739,0.006031576447934061
350305,秀屿区,350424,宁化县,279.4197423171713,0.005533183671734591
350305,秀屿区,350425,大田县,160.05395318487214,0.009659747385082337
350305,秀屿区,350426,尤溪县,148.52379890093513,0.010409649949641336
350305,秀屿区,350427,沙县,199.11133329649442,0.007764905845150502
350305,秀屿区,350428,将乐县,251.24404720242907,0.006153701044721555
350305,秀屿区,350429,泰宁县,278.9410051673955,0.00554268009044364
350305,秀屿区,350430,建宁县,302.83539655733244,0.005105350211123544
350305,秀屿区,350481,永安市,210.22908818889118,0.007354266572095406
350305,秀屿区,350502,鲤城区,80.18282930409461,0.019281943143788605
350305,秀屿区,350503,丰泽区,75.08575329183479,0.020590866948361403
350305,秀屿区,350504,洛江区,64.61853729880605,0.023926272868114367
350305,秀屿区,350505,泉港区,43.9265632210404,0.03519694331581811
350305,秀屿区,350521,惠安县,54.107116924813596,0.02857444350431883
350305,秀屿区,350524,安溪县,136.9992379982303,0.011285323760484207
350305,秀屿区,350525,永春县,115.68234081857094,0.013364881319046245
350305,秀屿区,350526,德化县,112.95146822562721,0.01368800937285093
350305,秀屿区,350581,石狮市,82.45423051326384,0.01875077538321035
350305,秀屿区,350582,晋江市,88.48017924017063,0.01747375252883448
350305,秀屿区,350583,南安市,93.05214977371702,0.01661520727365674
350305,秀屿区,350602,芗城区,181.11493817367037,0.008536461825512862
350305,秀屿区,350603,龙文区,176.53889047525846,0.008757734636189634
350305,秀屿区,350622,云霄县,239.59761004548253,0.00645282211060523
350305,秀屿区,350623,漳浦县,202.02335839425004,0.007652980170404215
350305,秀屿区,350624,诏安县,264.22203032309227,0.005851445293411388
350305,秀屿区,350625,长泰县,160.02075454887972,0.009661751440357042
350305,秀屿区,350626,东山县,252.8960943617647,0.006113501909357328
350305,秀屿区,350627,南靖县,208.2522729148903,0.007424076261494251
350305,秀屿区,350628,平和县,229.79706192358233,0.006728026645805417
350305,秀屿区,350629,华安县,177.08755511004395,0.008730600830695922
350305,秀屿区,350681,龙海市,173.9472605134868,0.008888215607337982
350305,秀屿区,350702,延平区,180.8196295841825,0.008550403290312376
350305,秀屿区,350721,顺昌县,234.8105274418961,0.006584375805434181
350305,秀屿区,350722,浦城县,313.5920360666378,0.0049302296548791175
350305,秀屿区,350723,光泽县,328.3943559075108,0.004708000390192754
350305,秀屿区,350724,松溪县,268.1860904667546,0.005764955046918504
350305,秀屿区,350725,政和县,233.2349909306544,0.006628854228006214
350305,秀屿区,350781,邵武市,284.17127702070553,0.005440665122664764
350305,秀屿区,350782,武夷山市,304.89790395258336,0.005070814642235456
350305,秀屿区,350783,建瓯市,217.79332549156146,0.0070988436044132274
350305,秀屿区,350784,建阳市,269.8428525960119,0.005729559782205287
350305,秀屿区,350802,新罗区,224.5767037527184,0.006884421802949116
350305,秀屿区,350821,长汀县,293.107878119671,0.005274784034015014
350305,秀屿区,350822,永定县,257.9953871481991,0.005992668213333409
350305,秀屿区,350823,上杭县,271.3108818799083,0.0056985578500828755
350305,秀屿区,350824,武平县,313.597709353515,0.00493014046224037
350305,秀屿区,350825,连城县,252.12410985246223,0.006132220979002736
350305,秀屿区,350881,漳平市,186.41212679927094,0.008293885072265085
350305,秀屿区,350902,蕉城区,171.22069354538226,0.009029754077826281
350305,秀屿区,350921,霞浦县,193.34167356728327,0.007996624458780327
350305,秀屿区,350922,古田县,155.58282071330086,0.009937348793789312
350305,秀屿区,350923,屏南县,194.3160324288128,0.007956526985574709
350305,秀屿区,350924,寿宁县,243.459441779676,0.0063504653770989055
350305,秀屿区,350925,周宁县,207.68098021347683,0.007444498548496985
350305,秀屿区,350926,柘荣县,227.88642457104683,0.006784435530373801
350305,秀屿区,350981,福安市,209.26925023809412,0.007387997777937373
350305,秀屿区,350982,福鼎市,238.1277024721591,0.0064926538983024066
350322,仙游县,350102,鼓楼区,93.39328982159019,0.013738162755402624
350322,仙游县,350103,台江区,91.89834190509028,0.013961647068198349
350322,仙游县,350104,仓山区,87.68237423723214,0.014632954764204788
350322,仙游县,350105,马尾区,107.69443940981186,0.011913820461510257
350322,仙游县,350111,晋安区,102.55138528984703,0.012511310424575222
350322,仙游县,350121,闽侯县,90.50002284301921,0.014177368972127973
350322,仙游县,350122,连江县,135.3771148188106,0.009477615308530814
350322,仙游县,350123,罗源县,139.47067593598362,0.00919944072272517
350322,仙游县,350124,闽清县,88.34514328887684,0.014523177710359056
350322,仙游县,350125,永泰县,46.776235232699875,0.027429574215381693
350322,仙游县,350128,平潭县,103.92814891388265,0.012345569792594506
350322,仙游县,350181,福清市,67.53516189278389,0.01899828444726934
350322,仙游县,350182,长乐市,97.59329973915716,0.013146929341059023
350322,仙游县,350203,思明区,120.70450237501746,0.010629696412194896
350322,仙游县,350205,海沧区,125.45285717958556,0.010227365439710999
350322,仙游县,350206,湖里区,120.02741923099367,0.010689659279953771
350322,仙游县,350211,集美区,111.62269974197046,0.011494545632720095
350322,仙游县,350212,同安区,96.45972236962525,0.013301429698449151
350322,仙游县,350213,翔安区,92.38374498954667,0.013888289719979114
350322,仙游县,350302,城厢区,24.411469271477372,0.05255940154862474
350322,仙游县,350303,涵江区,41.19101952589311,0.03114883366809974
350322,仙游县,350304,荔城区,36.52045279176697,0.03513242902948727
350322,仙游县,350305,秀屿区,61.6795953090321,0.020801890956045368
350322,仙游县,350402_350403,三元区（含原梅列区）,143.68632787549444,0.008929535849390418
350322,仙游县,350421,明溪县,180.62084841976224,0.007103566543158319
350322,仙游县,350423,清流县,194.65154395565122,0.0065915337210159484
350322,仙游县,350424,宁化县,217.7775098352082,0.005891573545874302
350322,仙游县,350425,大田县,98.50828591468868,0.013024815160652143
350322,仙游县,350426,尤溪县,93.15285063603683,0.0137736226757524
350322,仙游县,350427,沙县,143.02708535596233,0.00897069399574398
350322,仙游县,350428,将乐县,194.40261590564336,0.006599974027377515
350322,仙游县,350429,泰宁县,221.64090599150785,0.0057888782311720614
350322,仙游县,350430,建宁县,243.71283260380866,0.005264606718175094
350322,仙游县,350481,永安市,148.55300091673683,0.008636999642643618
350322,仙游县,350502,鲤城区,62.007274483165034,0.020691962782202943
350322,仙游县,350503,丰泽区,57.95013165394139,0.02214062641813219
350322,仙游县,350504,洛江区,35.842181597959524,0.035797268989467335
350322,仙游县,350505,泉港区,32.98089158505531,0.03890289662189984
350322,仙游县,350521,惠安县,51.50562307216581,0.024910915338967488
350322,仙游县,350524,安溪县,86.72427772522015,0.014794614028343424
350322,仙游县,350525,永春县,57.54385272089723,0.022296946679163678
350322,仙游县,350526,德化县,51.37897075260224,0.024972322275772896
350322,仙游县,350581,石狮市,78.62626769523071,0.016318366030101162
350322,仙游县,350582,晋江市,74.44300881619156,0.01723536214125222
350322,仙游县,350583,南安市,57.92975278775903,0.022148415176779613
350322,仙游县,350602,芗城区,145.27544166497867,0.008831858992315813
350322,仙游县,350603,龙文区,143.13064320307834,0.008964203521471342
350322,仙游县,350622,云霄县,212.246743079247,0.006045097310880466
350322,仙游县,350623,漳浦县,177.47482293556382,0.007229488637367643
350322,仙游县,350624,诏安县,235.7683200694114,0.005442004317856428
350322,仙游县,350625,长泰县,121.87849844964626,0.01052730573606125
350322,仙游县,350626,东山县,232.86424795788778,0.005509872069599649
350322,仙游县,350627,南靖县,165.5818858990346,0.007748747448219357
350322,仙游县,350628,平和县,194.92001802313266,0.006582454838882805
350322,仙游县,350629,华安县,130.83746982463268,0.009806458482812497
350322,仙游县,350681,龙海市,146.86317836651372,0.00873637783209002
350322,仙游县,350702,延平区,133.0603053108749,0.009642636944457923
350322,仙游县,350721,顺昌县,184.05222080467053,0.006971131400762398
350322,仙游县,350722,浦城县,281.74803485230603,0.004553899431824171
350322,仙游县,350723,光泽县,277.9118968262952,0.004616758873886735
350322,仙游县,350724,松溪县,240.18139511219496,0.005342013336345833
350322,仙游县,350725,政和县,209.45799700863586,0.0061255823800253064
350322,仙游县,350781,邵武市,231.9483802769419,0.005531628262717565
350322,仙游县,350782,武夷山市,263.93052269787637,0.004861325634929366
350322,仙游县,350783,建瓯市,180.38110632770423,0.007113007797504747
350322,仙游县,350784,建阳市,227.8822445810016,0.005630329902141312
350322,仙游县,350802,新罗区,169.19046639637838,0.007583478213397476
350322,仙游县,350821,长汀县,233.13443780108585,0.005503486434407492
350322,仙游县,350822,永定县,209.77234586378052,0.006116403048973226
350322,仙游县,350823,上杭县,216.22741894612082,0.005933809051992625
350322,仙游县,350824,武平县,258.2955498149624,0.004967380261683352
350322,仙游县,350825,连城县,192.45025264087167,0.0066669292361272
350322,仙游县,350881,漳平市,129.1922509832922,0.009931340355679876
350322,仙游县,350902,蕉城区,164.02058174322084,0.00782250740849188
350322,仙游县,350921,霞浦县,202.0928159120813,0.006348826454027311
350322,仙游县,350922,古田县,129.46518681394227,0.009910403309234013
350322,仙游县,350923,屏南县,171.46254952507294,0.007482988089150469
350322,仙游县,350924,寿宁县,233.04275732673855,0.005505651540299039
350322,仙游县,350925,周宁县,194.24477331685574,0.006605337142011817
350322,仙游县,350926,柘荣县,228.67238964386544,0.005610875094407854
350322,仙游县,350981,福安市,204.52743226430067,0.006273252451404506
350322,仙游县,350982,福鼎市,246.25517685449108,0.005210254794317002
350402_350403,三元区（含原梅列区）,350102,鼓楼区,173.48936552994584,0.009312234850591076
350402_350403,三元区（含原梅列区）,350103,台江区,174.91722384869476,0.00923621859727424
350402_350403,三元区（含原梅列区）,350104,仓山区,172.88946244832306,0.009344547047670956
350402_350403,三元区（含原梅列区）,350105,马尾区,196.01223864197195,0.008242208379885083
350402_350403,三元区（含原梅列区）,350111,晋安区,172.3209491298158,0.009375376145809317
350402_350403,三元区（含原梅列区）,350121,闽侯县,158.44128391786612,0.01019667144790614
350402_350403,三元区（含原梅列区）,350122,连江县,207.57370644987117,0.0077831327653488476
350402_350403,三元区（含原梅列区）,350123,罗源县,190.1960234090535,0.008494256015123358
350402_350403,三元区（含原梅列区）,350124,闽清县,121.90140045086311,0.013253118585344824
350402_350403,三元区（含原梅列区）,350125,永泰县,125.89274514486158,0.012832937386788226
350402_350403,三元区（含原梅列区）,350128,平潭县,231.23228241283232,0.0069868000221981075
350402_350403,三元区（含原梅列区）,350181,福清市,185.81970779152923,0.008694307698015567
350402_350403,三元区（含原梅列区）,350182,长乐市,201.46254626687272,0.008019226133252497
350402_350403,三元区（含原梅列区）,350203,思明区,202.78440444491855,0.007966952489848533
350402_350403,三元区（含原梅列区）,350205,海沧区,192.40935286289357,0.008396544616238672
350402_350403,三元区（含原梅列区）,350206,湖里区,201.94858673000897,0.007999925832879454
350402_350403,三元区（含原梅列区）,350211,集美区,182.289354907238,0.008862688206434306
350402_350403,三元区（含原梅列区）,350212,同安区,170.19865808426752,0.009492282336885434
350402_350403,三元区（含原梅列区）,350213,翔安区,185.16625260142325,0.008724990073501535
350402_350403,三元区（含原梅列区）,350302,城厢区,163.43917275594748,0.009884862292513688
350402_350403,三元区（含原梅列区）,350303,涵江区,165.13126503834937,0.009783572574943345
350402_350403,三元区（含原梅列区）,350304,荔城区,175.30673496513208,0.009215696796909874
350402_350403,三元区（含原梅列区）,350305,秀屿区,203.7192235714259,0.007930394037303308
350402_350403,三元区（含原梅列区）,350322,仙游县,143.68632787549444,0.011243753945015601
350402_350403,三元区（含原梅列区）,350421,明溪县,37.05079114222845,0.043604297400644546
350402_350403,三元区（含原梅列区）,350423,清流县,68.62563935880533,0.023541838458479906
350402_350403,三元区（含原梅列区）,350424,宁化县,85.0914559478302,0.018986321222255364
350402_350403,三元区（含原梅列区）,350425,大田县,50.636416281372924,0.031905372349369826
350402_350403,三元区（含原梅列区）,350426,尤溪县,61.80888831069153,0.026138210216206693
350402_350403,三元区（含原梅列区）,350427,沙县,33.62397667674158,0.04804826423200628
350402_350403,三元区（含原梅列区）,350428,将乐县,58.9281565091562,0.027415989428480923
350402_350403,三元区（含原梅列区）,350429,泰宁县,82.47509259451718,0.01958862566954301
350402_350403,三元区（含原梅列区）,350430,建宁县,100.40360439032634,0.01609079400789473
350402_350403,三元区（含原梅列区）,350481,永安市,42.38982804139855,0.03811229699533345
350402_350403,三元区（含原梅列区）,350502,鲤城区,178.9617048281323,0.009027482820676235
350402_350403,三元区（含原梅列区）,350503,丰泽区,178.50193673544015,0.00905073494126485
350402_350403,三元区（含原梅列区）,350504,洛江区,163.4904835887544,0.009881759968113656
350402_350403,三元区（含原梅列区）,350505,泉港区,173.62728822218926,0.00930483757730214
350402_350403,三元区（含原梅列区）,350521,惠安县,185.92711892123802,0.008689284948148317
350402_350403,三元区（含原梅列区）,350524,安溪县,127.95648987684774,0.01262596150808616
350402_350403,三元区（含原梅列区）,350525,永春县,109.69832019252614,0.01472742438589289
350402_350403,三元区（含原梅列区）,350526,德化县,93.72281605745793,0.017237784606305984
350402_350403,三元区（含原梅列区）,350581,石狮市,199.49356797056828,0.00809837496180952
350402_350403,三元区（含原梅列区）,350582,晋江市,188.01093875429092,0.008592977231001801
350402_350403,三元区（含原梅列区）,350583,南安市,158.38981125343074,0.010199985107059103
350402_350403,三元区（含原梅列区）,350602,芗城区,185.1786689066248,0.008724405059362096
350402_350403,三元区（含原梅列区）,350603,龙文区,189.90700445809708,0.00850718340013294
350402_350403,三元区（含原梅列区）,350622,云霄县,249.50947421063705,0.0064749994805047804
350402_350403,三元区（含原梅列区）,350623,漳浦县,230.78403687103562,0.0070003702933651955
350402_350403,三元区（含原梅列区）,350624,诏安县,264.82972249306096,0.006100424456462687
350402_350403,三元区（含原梅列区）,350625,长泰县,168.54548907545492,0.009585386857619376
350402_350403,三元区（含原梅列区）,350626,东山县,281.8813343853753,0.0057313965801160755
350402_350403,三元区（含原梅列区）,350627,南靖县,176.86417109621868,0.009134544921571378
350402_350403,三元区（含原梅列区）,350628,平和县,218.07951802487636,0.007408186383237545
350402_350403,三元区（含原梅列区）,350629,华安县,149.00354723758778,0.01084251848930043
350402_350403,三元区（含原梅列区）,350681,龙海市,205.81693117972887,0.007849566634943664
350402_350403,三元区（含原梅列区）,350702,延平区,75.09736591395531,0.021513054369256837
350402_350403,三元区（含原梅列区）,350721,顺昌县,78.51218267259857,0.02057736342182657
350402_350403,三元区（含原梅列区）,350722,浦城县,214.84877590996666,0.007519585387686403
350402_350403,三元区（含原梅列区）,350723,光泽县,155.60607005404194,0.010382459471753303
350402_350403,三元区（含原梅列区）,350724,松溪县,193.14325749224832,0.008364639474715992
350402_350403,三元区（含原梅列区）,350725,政和县,183.24016506763118,0.008816700832476394
350402_350403,三元区（含原梅列区）,350781,邵武市,108.94410785580072,0.014829381301036323
350402_350403,三元区（含原梅列区）,350782,武夷山市,173.24793388449814,0.009325212022280017
350402_350403,三元区（含原梅列区）,350783,建瓯市,126.69098927668085,0.012752080673761566
350402_350403,三元区（含原梅列区）,350784,建阳市,141.74197942012947,0.011397990366045786
350402_350403,三元区（含原梅列区）,350802,新罗区,125.03224248765873,0.012921256819450874
350402_350403,三元区（含原梅列区）,350821,长汀县,132.59468142991832,0.01218430255627404
350402_350403,三元区（含原梅列区）,350822,永定县,184.28224297085026,0.008766844215969561
350402_350403,三元区（含原梅列区）,350823,上杭县,155.80233232778738,0.01036938081578871
350402_350403,三元区（含原梅列区）,350824,武平县,186.76761956016642,0.008650181009425165
350402_350403,三元区（含原梅列区）,350825,连城县,105.46228575673454,0.015318971178203668
350402_350403,三元区（含原梅列区）,350881,漳平市,99.61821635380855,0.016217653507837878
350402_350403,三元区（含原梅列区）,350902,蕉城区,194.46969012707189,0.00830758620965167
350402_350403,三元区（含原梅列区）,350921,霞浦县,250.17695513740608,0.0064577239538612385
350402_350403,三元区（含原梅列区）,350922,古田县,139.11835357927552,0.011612944477338669
350402_350403,三元区（含原梅列区）,350923,屏南县,163.37939903830434,0.00988847875193937
350402_350403,三元区（含原梅列区）,350924,寿宁县,232.53599132809092,0.006947628651667268
350402_350403,三元区（含原梅列区）,350925,周宁县,198.9559831853238,0.008120257003731417
350402_350403,三元区（含原梅列区）,350926,柘荣县,253.9822666949733,0.006360970539077681
350402_350403,三元区（含原梅列区）,350981,福安市,224.9214346716318,0.007182835723298273
350402_350403,三元区（含原梅列区）,350982,福鼎市,282.7287310501016,0.005714218395471822
350421,明溪县,350102,鼓楼区,207.0697354683614,0.00845367954036775
350421,明溪县,350103,台江区,208.7191860109509,0.008386872427082028
350421,明溪县,350104,仓山区,206.987768478675,0.008457027190660276
350421,明溪县,350105,马尾区,229.5188528720334,0.007626829623160534
350421,明溪县,350111,晋安区,204.8625755984642,0.008544758265605697
350421,明溪县,350121,闽侯县,191.6031665326935,0.00913607649516355
350421,明溪县,350122,连江县,238.7594616681155,0.007331651587452104
350421,明溪县,350123,罗源县,219.21872422422032,0.0079851809755439
350421,明溪县,350124,闽清县,154.39529272899512,0.011337788576435713
350421,明溪县,350125,永泰县,162.1601037820844,0.01079489433794779
350421,明溪县,350128,平潭县,267.5145952916188,0.00654357263853219
350421,明溪县,350181,福清市,222.01539521493652,0.0078845936988449
350421,明溪县,350182,长乐市,236.29712465128674,0.007408051150607671
350421,明溪县,350203,思明区,232.02047136091818,0.007544598008488941
350421,明溪县,350205,海沧区,219.85740435189044,0.00796198422936215
350421,明溪县,350206,湖里区,231.20128941984623,0.007571329686572182
350421,明溪县,350211,集美区,210.9610132268861,0.00829774733910481
350421,明溪县,350212,同安区,200.14690155277563,0.008746081865757331
350421,明溪县,350213,翔安区,216.74723861427432,0.008076232930807756
350421,明溪县,350302,城厢区,200.48961899298226,0.00873113129223674
350421,明溪县,350303,涵江区,201.88588287380963,0.008670745875046713
350421,明溪县,350304,荔城区,212.34691328911026,0.008243591390353492
350421,明溪县,350305,秀屿区,240.76943435433458,0.007270446063274288
350421,明溪县,350322,仙游县,180.62084841976224,0.009691578804292238
350421,明溪县,350402_350403,三元区（含原梅列区）,37.05079114222845,0.04724598671695094
350421,明溪县,350423,清流县,50.14400400662749,0.03490948161871729
350421,明溪县,350424,宁化县,57.078118476568214,0.030668515937098857
350421,明溪县,350425,大田县,85.33295375481953,0.020513777024381768
350421,明溪县,350426,尤溪县,97.13113553195824,0.018022039756575237
350421,明溪县,350427,沙县,55.32855814816288,0.03163829394343926
350421,明溪县,350428,将乐县,39.51894311266987,0.044295242946338666
350421,明溪县,350429,泰宁县,53.16634990086983,0.03292498336677443
350421,明溪县,350430,建宁县,64.53378072569866,0.0271253468566915
350421,明溪县,350481,永安市,54.654824925149455,0.03202830104305676
350421,明溪县,350502,鲤城区,213.47458043901958,0.008200045094635008
350421,明溪县,350503,丰泽区,213.3621042802713,0.008204367837780602
350421,明溪县,350504,洛江区,199.32667684550063,0.008782071792202072
350421,明溪县,350505,泉港区,210.20333098531688,0.008327656740513426
350421,明溪县,350521,惠安县,221.86039570476592,0.00789010215454441
350421,明溪县,350524,安溪县,157.54052212463418,0.011111434458579388
350421,明溪县,350525,永春县,143.83017937768685,0.012170611159161312
350421,明溪县,350526,德化县,130.28411167154667,0.013436029640907846
350421,明溪县,350581,石狮市,233.84460218738647,0.007485745532648735
350421,明溪县,350582,晋江市,221.89261680413597,0.00788895643023315
350421,明溪县,350583,南安市,192.26005631865422,0.009104861507254248
350421,明溪县,350602,芗城区,208.35574054773872,0.008401502073119852
350421,明溪县,350603,龙文区,214.02323543148404,0.008179024032737054
350421,明溪县,350622,云霄县,268.24148953956575,0.006525840537058489
350421,明溪县,350623,漳浦县,253.6885173113696,0.006900198734693761
350421,明溪县,350624,诏安县,281.06828428934233,0.006228028148335002
350421,明溪县,350625,长泰县,194.36634815519102,0.009006194759396149
350421,明溪县,350626,东山县,301.797953536786,0.005800242068059223
350421,明溪县,350627,南靖县,194.75204706448173,0.0089883583384295
350421,明溪县,350628,平和县,235.4402749022396,0.007435011647370437
350421,明溪县,350629,华安县,171.46157157563795,0.010209291621860815
350421,明溪县,350681,龙海市,231.1041450143213,0.0075745122877383785
350421,明溪县,350702,延平区,98.33141443832908,0.01780205437048928
350421,明溪县,350721,顺昌县,78.81817808228377,0.022209358662550905
350421,明溪县,350722,浦城县,213.73698322176642,0.008189977980282367
350421,明溪县,350723,光泽县,134.07338987201538,0.013056290945050716
350421,明溪县,350724,松溪县,200.0318706815654,0.008751111411365569
350421,明溪县,350725,政和县,196.94634965092797,0.008888213410712489
350421,明溪县,350781,邵武市,91.10213207629292,0.019214711514021453
350421,明溪县,350782,武夷山市,166.01087715456552,0.010544496939971186
350421,明溪县,350783,建瓯市,138.99076958277334,0.012594370053586693
350421,明溪县,350784,建阳市,139.5841627209732,0.012540829504114132
350421,明溪县,350802,新罗区,134.78616271655943,0.012987246990919694
350421,明溪县,350821,长汀县,118.41384592234859,0.014782909654890887
350421,明溪县,350822,永定县,192.0061173749385,0.009116903201266086
350421,明溪县,350823,上杭县,155.40579968760443,0.01126406601090238
350421,明溪县,350824,武平县,179.38264648528227,0.0097584756410753
350421,明溪县,350825,连城县,102.26519268139565,0.017117272654165787
350421,明溪县,350881,漳平市,119.53159341889973,0.014644673730932365
350421,明溪县,350902,蕉城区,219.8900474616147,0.007960802257154575
350421,明溪县,350921,霞浦县,276.0004026669587,0.006342386348872561
350421,明溪县,350922,古田县,165.64746426202612,0.010567630443103273
350421,明溪县,350923,屏南县,183.47981765673035,0.009540565324918926
350421,明溪县,350924,寿宁县,249.28179540723022,0.007022178187133985
350421,明溪县,350925,周宁县,218.94250436717502,0.007995255152570059
350421,明溪县,350926,柘荣县,275.3338709021557,0.006357740079063202
350421,明溪县,350981,福安市,246.63684966924268,0.007097484372289841
350421,明溪县,350982,福鼎市,305.25810497506484,0.005734495358612147
350423,清流县,350102,鼓楼区,239.70196792119322,0.007696608599788742
350423,清流县,350103,台江区,240.87142947852783,0.007659240581926306
350423,清流县,350104,仓山区,238.49704701824425,0.00773549295789567
350423,清流县,350105,马尾区,262.14904920532877,0.007037569784369217
350423,清流县,350111,晋安区,239.47060351720944,0.007704044674343331
350423,清流县,350121,闽侯县,225.17801349118145,0.008193038916567186
350423,清流县,350122,连江县,275.3986757215651,0.006698987287628691
350423,清流县,350123,罗源县,258.71854453821226,0.007130885151590104
350423,清流县,350124,闽清县,189.43445495477465,0.009738947585480098
350423,清流县,350125,永泰县,187.6366263574809,0.009832260702522412
350423,清流县,350128,平潭县,291.26688971224354,0.006334026601894908
350423,清流县,350181,福清市,246.737569947394,0.007477143541949787
350423,清流县,350182,长乐市,265.6972245561788,0.0069435886308946305
350423,清流县,350203,思明区,218.06295482856663,0.008460365169035382
350423,清流县,350205,海沧区,202.88950173028934,0.009093088661339628
350423,清流县,350206,湖里区,217.30564366394466,0.0084898495804444
350423,清流县,350211,集美区,196.67324568732144,0.009380494135036648
350423,清流县,350212,同安区,188.93419687309753,0.0097647342737414
350423,清流县,350213,翔安区,208.49799416301428,0.008848489095037099
350423,清流县,350302,城厢区,217.33808110036492,0.008488582481026805
350423,清流县,350303,涵江区,223.55382187078084,0.008252564023508085
350423,清流县,350304,荔城区,229.71329643071437,0.008031281847217726
350423,清流县,350305,秀屿区,256.3311215725739,0.007197300961234255
350423,清流县,350322,仙游县,194.65154395565122,0.009477922395051101
350423,清流县,350402_350403,三元区（含原梅列区）,68.62563935880533,0.02688342498410287
350423,清流县,350421,明溪县,50.14400400662749,0.03679188098829728
350423,清流县,350424,宁化县,24.45008286464418,0.0754554591042442
350423,清流县,350425,大田县,96.83009601942416,0.019052880287534307
350423,清流县,350426,尤溪县,127.76172841620533,0.014440100729370957
350423,清流县,350427,沙县,98.84358406850936,0.018664764588158092
350423,清流县,350428,将乐县,87.83064228647159,0.021005109147114898
350423,清流县,350429,泰宁县,92.00508948801148,0.02005206709710266
350423,清流县,350430,建宁县,85.36148681161339,0.021612700253922288
350423,清流县,350481,永安市,46.15613129906098,0.039970685925448744
350423,清流县,350502,鲤城区,213.54952912948374,0.008639177221364452
350423,清流县,350503,丰泽区,214.6557011105414,0.00859465748239538
350423,清流县,350504,洛江区,205.10497140339172,0.008994868408431143
350423,清流县,350505,泉港区,219.84954140717971,0.008391612808832957
350423,清流县,350521,惠安县,227.36478247044806,0.0081142391871016
350423,清流县,350524,安溪县,148.1209706216934,0.012455307441918308
350423,清流县,350525,永春县,146.39840012389308,0.012601860581312756
350423,清流县,350526,德化县,143.53361878687048,0.012853380575793714
350423,清流县,350581,石狮市,232.71071370824862,0.007927835372468058
350423,清流县,350582,晋江市,219.6412484010859,0.008399570850733791
350423,清流县,350583,南安市,191.13862260991147,0.009652116367154746
350423,清流县,350602,芗城区,184.7194880005906,0.009987534329256274
350423,清流县,350603,龙文区,191.61396316451237,0.009628172170858902
350423,清流县,350622,云霄县,236.63108187987146,0.007796491538779008
350423,清流县,350623,漳浦县,228.11905362003486,0.00808740961533829
350423,清流县,350624,诏安县,246.25113992056205,0.007491913451786185
350423,清流县,350625,长泰县,175.6384004007398,0.010503922966043876
350423,清流县,350626,东山县,271.050320840907,0.006806456535321352
350423,清流县,350627,南靖县,164.34534599857275,0.01122570412005803
350423,清流县,350628,平和县,202.9487237113391,0.009090435228913259
350423,清流县,350629,华安县,148.6578891643458,0.012410321699435383
350423,清流县,350681,龙海市,209.9594661756967,0.00878689711539232
350423,清流县,350702,延平区,142.32042870379053,0.012962947375097419
350423,清流县,350721,顺昌县,128.9543678931303,0.01430655089727149
350423,清流县,350722,浦城县,263.318200088985,0.007006322491438431
350423,清流县,350723,光泽县,174.54421048179663,0.010569770389954849
350423,清流县,350724,松溪县,250.1135642081527,0.007376218213231974
350423,清流县,350725,政和县,245.8953843094403,0.007502752574513098
350423,清流县,350781,邵武市,136.31269319107903,0.013534265844945388
350423,清流县,350782,武夷山市,214.29589393917496,0.008609088087390927
350423,清流县,350783,建瓯市,188.03800240067872,0.009811273275267903
350423,清流县,350784,建阳市,189.31851164209385,0.009744911956503783
350423,清流县,350802,新罗区,98.58911220558659,0.018712940875676123
350423,清流县,350821,长汀县,68.30572096296432,0.027009336870755674
350423,清流县,350822,永定县,150.84085547339322,0.012230719733712732
350423,清流县,350823,上杭县,109.22562821145988,0.016890653392414877
350423,清流县,350824,武平县,129.76174310482207,0.01421753579711263
350423,清流县,350825,连城县,56.80604645152566,0.03247703973313552
350423,清流县,350881,漳平市,98.04634352774049,0.018816532685551512
350423,清流县,350902,蕉城区,262.89570452497236,0.007017582242441299
350423,清流县,350921,霞浦县,318.7112235720882,0.005788601377168793
350423,清流县,350922,古田县,207.63603593832528,0.008885221774492623
350423,清流县,350923,屏南县,229.88210666159532,0.008025384204453844
350423,清流县,350924,寿宁县,297.3867570975381,0.006203679833273293
350423,清流县,350925,周宁县,265.5232545204077,0.006948138049229678
350423,清流县,350926,柘荣县,321.28065363813454,0.005742307253167144
350423,清流县,350981,福安市,292.31558732939664,0.006311302946734821
350423,清流县,350982,福鼎市,350.5096496457335,0.005263456311554353
350424,宁化县,350102,鼓楼区,258.41298765455053,0.007803934420476806
350424,宁化县,350103,台江区,259.76259575213084,0.007763388732763895
350424,宁化县,350104,仓山区,257.6096019877345,0.007828271902503124
350424,宁化县,350105,马尾区,280.9306396452663,0.00717841959710063
350424,宁化县,350111,晋安区,257.41040002440155,0.007834329960500527
350424,宁化县,350121,闽侯县,243.47884915932008,0.008282600381998727
350424,宁化县,350122,连江县,292.55365411049064,0.0068932244759928995
350424,宁化县,350123,罗源县,274.4070253123599,0.0073490757270519525
350424,宁化县,350124,闽清县,206.98804030598512,0.009742775505649748
350424,宁化县,350125,永泰县,208.3601564654006,0.009678616311609793
350424,宁化县,350128,平潭县,312.81689698901204,0.00644670421728028
350424,宁化县,350181,福清市,267.9226999960355,0.007526939707182092
350424,宁化县,350182,长乐市,285.60299071973145,0.007060983514120714
350424,宁化县,350203,思明区,241.92002529040448,0.008335969734769959
350424,宁化县,350205,海沧区,226.42343066638594,0.008906489947265773
350424,宁化县,350206,湖里区,241.1715649248707,0.008361839878112556
350424,宁化县,350211,集美区,220.55932834147427,0.00914329048886745
350424,宁化县,350212,同安区,213.1171982417164,0.009462577519287462
350424,宁化县,350213,翔安区,232.82281615553967,0.008661685492663912
350424,宁化县,350302,城厢区,240.09611766328854,0.008399294535381591
350424,宁化县,350303,涵江区,245.383572988713,0.008218308929540098
350424,宁化县,350304,荔城区,252.4236134111842,0.007989102056670912
350424,宁化县,350305,秀屿区,279.4197423171713,0.007217235233029794
350424,宁化县,350322,仙游县,217.7775098352082,0.009260083883692035
350424,宁化县,350402_350403,三元区（含原梅列区）,85.0914559478302,0.02369965335053147
350424,宁化县,350421,明溪县,57.078118476568214,0.03533119280873752
350424,宁化县,350423,清流县,24.45008286464418,0.08247980263378722
350424,宁化县,350425,大田县,119.44801730609072,0.016882975996896393
350424,宁化县,350426,尤溪县,146.38906868862867,0.013775878398031266
350424,宁化县,350427,沙县,111.36972944488653,0.018107595475964293
350424,宁化县,350428,将乐县,88.30504808127496,0.022837176955042303
350424,宁化县,350429,泰宁县,84.82734819456536,0.023773441607889318
350424,宁化县,350430,建宁县,70.08142300776962,0.028775642995034777
350424,宁化县,350481,永安市,69.85596895320366,0.02886851387612325
350424,宁化县,350502,鲤城区,237.9605425780071,0.00847467394051058
350424,宁化县,350503,丰泽区,239.029272691954,0.00843678260132813
350424,宁化县,350504,洛江区,229.20728361102638,0.008798315556489503
350424,宁化县,350505,泉港区,243.6282224627432,0.008277522155151745
350424,宁化县,350521,惠安县,251.5291958634869,0.008017510659677417
350424,宁化县,350524,安溪县,172.49696632144682,0.011690860726777101
350424,宁化县,350525,永春县,170.56571897403094,0.011823231662176109
350424,宁化县,350526,德化县,166.47594571616395,0.012113690061229006
350424,宁化县,350581,石狮市,257.15350491598343,0.00784215641826257
350424,宁化县,350582,晋江市,244.09032200409524,0.00826185156583865
350424,宁化县,350583,南安市,215.5621883656655,0.009355249287201998
350424,宁化县,350602,芗城区,207.1582744752652,0.009734769292531361
350424,宁化县,350603,龙文区,214.27039672804275,0.009411650138563757
350424,宁化县,350622,云霄县,256.3599585549765,0.007866431327352263
350424,宁化县,350623,漳浦县,249.8249770342015,0.008072203320084818
350424,宁化县,350624,诏安县,264.57117337091114,0.007622289243992591
350424,宁化县,350625,长泰县,199.0440298011627,0.010131617668061376
350424,宁化县,350626,东山县,290.9127007925354,0.0069321071357890335
350424,宁化县,350627,南靖县,185.10663893971136,0.010894466133720937
350424,宁化县,350628,平和县,222.58039990117166,0.009060267705292138
350424,宁化县,350629,华安县,171.55405314805486,0.011755117247595384
350424,宁化县,350681,龙海市,232.76824792463427,0.008663716065382519
350424,宁化县,350702,延平区,154.8871671266827,0.013020045795054025
350424,宁化县,350721,顺昌县,132.99804952600982,0.015162914164851795
350424,宁化县,350722,浦城县,262.6062864831313,0.007679321146735514
350424,宁化县,350723,光泽县,164.6502872144043,0.012248007842400963
350424,宁化县,350724,松溪县,253.819729891816,0.007945158597068612
350424,宁化县,350725,政和县,253.1669401637358,0.007965645149999971
350424,宁化县,350781,邵武市,131.17856344446142,0.015373228339319344
350424,宁化县,350782,武夷山市,211.28885256349233,0.009544460034632423
350424,宁化县,350783,建瓯市,195.27972365149736,0.010326919617392299
350424,宁化县,350784,建阳市,189.66764367157734,0.010632483063624406
350424,宁化县,350802,新罗区,118.30218696575119,0.017046498131428604
350424,宁化县,350821,长汀县,69.99431535108454,0.02881145417224726
350424,宁化县,350822,永定县,166.55717101023717,0.012107782551924141
350424,宁化县,350823,上杭县,121.31777015459284,0.016622775101173003
350424,宁化县,350824,武平县,134.67309795198594,0.014974319591092891
350424,宁化县,350825,连城县,72.40920693906605,0.027850574454608243
350424,宁化县,350881,漳平市,121.72653615757064,0.01656695468969173
350424,宁化县,350902,蕉城区,276.429205429844,0.007295314566779396
350424,宁化县,350921,霞浦县,332.5074762790567,0.006064940348478458
350424,宁化县,350922,古田县,221.74927533188682,0.009094225927175369
350424,宁化县,350923,屏南县,240.55755052644557,0.00838318317027383
350424,宁化县,350924,寿宁县,305.97631420767505,0.006590830451297102
350424,宁化县,350925,周宁县,276.00942193105567,0.007306410031029051
350424,宁化县,350926,柘荣县,332.4113348830126,0.006066694475882784
350424,宁化县,350981,福安市,303.7021605379643,0.0066401832818160185
350424,宁化县,350982,福鼎市,362.30203134461766,0.005566179139463315
350425,大田县,350102,鼓楼区,149.79147302850356,0.010327796744813779
350425,大田县,350103,台江区,150.40261706113347,0.010285830910215022
350425,大田县,350104,仓山区,147.44177437751375,0.010492385174256111
350425,大田县,350105,马尾区,171.57242331493745,0.009016693112184733
350425,大田县,350111,晋安区,151.9682661684845,0.010179861404942866
350425,大田县,350121,闽侯县,136.96423038545865,0.011295035814758866
350425,大田县,350122,连江县,189.40636195235322,0.008167708157204375
350425,大田县,350123,罗源县,178.1827746615064,0.008682185415978082
350425,大田县,350124,闽清县,105.71960158052946,0.014633198237757607
350425,大田县,350125,永泰县,93.26529209704488,0.016587262557811226
350425,大田县,350128,平潭县,194.8596658105494,0.007939128300921508
350425,大田县,350181,福清市,150.9007437580572,0.010251877154595128
350425,大田县,350182,长乐市,172.20394364071402,0.008983626360917325
350425,大田县,350203,思明区,154.1572530231634,0.010035310419758116
350425,大田县,350205,海沧区,145.4066711497371,0.010639235980800025
350425,大田县,350206,湖里区,153.31495483555366,0.010090443487420886
350425,大田县,350211,集美区,134.31134015085163,0.011518133061639551
350425,大田县,350212,同安区,121.29897191961344,0.012753742781677237
350425,大田县,350213,翔安区,135.1191817187017,0.011449269214531656
350425,大田县,350302,城厢区,120.65307917589567,0.012822017457915868
350425,大田县,350303,涵江区,126.99326095459752,0.012181873872013785
350425,大田县,350304,荔城区,132.99327049436658,0.011632286970566449
350425,大田县,350305,秀屿区,160.05395318487214,0.009665589988631781
350425,大田县,350322,仙游县,98.50828591468868,0.015704423979972657
350425,大田县,350402_350403,三元区（含原梅列区）,50.636416281372924,0.03055144896013749
350425,大田县,350421,明溪县,85.33295375481953,0.018129173074092324
350425,大田县,350423,清流县,96.83009601942416,0.01597660181225378
350425,大田县,350424,宁化县,119.44801730609072,0.012951373513219098
350425,大田县,350426,尤溪县,47.82875380112946,0.0323448922373576
350425,大田县,350427,沙县,67.221121855974,0.0230138361995688
350425,大田县,350428,将乐县,108.71796954344128,0.01422962454175054
350425,大田县,350429,泰宁县,133.09243093712388,0.011623620341531578
350425,大田县,350430,建宁县,149.8296313631261,0.010325166480556187
350425,大田县,350481,永安市,51.3932400123426,0.03010154423369899
350425,大田县,350502,鲤城区,128.46092189257362,0.01204269644614837
350425,大田县,350503,丰泽区,128.15826964031535,0.0120711358844532
350425,大田县,350504,洛江区,114.1144875034616,0.013556700129750939
350425,大田县,350505,泉港区,126.0167012918391,0.012276276649727105
350425,大田县,350521,惠安县,136.68215020893987,0.011318346142344015
350425,大田县,350524,安溪县,80.05527155525257,0.01932434751004398
350425,大田县,350525,永春县,59.06605204068902,0.026191286434362363
350425,大田县,350526,德化县,47.12992959025254,0.03282448968191532
350425,大田县,350581,石狮市,148.95153146188008,0.01038603545973312
350425,大田县,350582,晋江市,137.3827871137385,0.011260623838296959
350425,大田县,350583,南安市,107.75564847397882,0.014356703425326404
350425,大田县,350602,芗城区,142.8340571149743,0.010830861482141959
350425,大田县,350603,龙文区,146.37785973302238,0.010568646722709513
350425,大田县,350622,云霄县,210.83479398586056,0.00733757392837346
350425,大田县,350623,漳浦县,187.7924912903662,0.008237900657873653
350425,大田县,350624,诏安县,228.77415163956232,0.006762197024697049
350425,大田县,350625,长泰县,123.63977003426004,0.012512283766913901
350425,大田县,350626,东山县,241.37001171310314,0.006409312725159295
350425,大田县,350627,南靖县,141.38004656752292,0.010942250516276264
350425,大田县,350628,平和县,181.76857021052507,0.008510909701016409
350425,大田县,350629,华安县,108.90812303241383,0.01420477962956178
350425,大田县,350681,龙海市,160.73389166324534,0.009624702491406126
350425,大田县,350702,延平区,89.41418769823511,0.017301682511120946
350425,大田县,350721,顺昌县,117.6866517737713,0.013145211153754836
350425,大田县,350722,浦城县,246.51246500776887,0.006275609176582147
350425,大田县,350723,光泽县,203.50292568510875,0.007601934381712146
350425,大田县,350724,松溪县,216.94357206822795,0.007130959782749908
350425,大田县,350725,政和县,198.82075898272797,0.007780957559260866
350425,大田县,350781,邵武市,156.22687436705934,0.009902367270754477
350425,大田县,350782,武夷山市,211.73241773787782,0.007306466832395155
350425,大田县,350783,建瓯市,148.3221568245958,0.010430106470027432
350425,大田县,350784,建阳市,177.35354715687373,0.008722779512136089
350425,大田县,350802,新罗区,105.3052023594329,0.014690783103614284
350425,大田县,350821,长汀县,144.53827447536972,0.010703157299752195
350425,大田县,350822,永定县,162.0229086081842,0.009548130575076566
350425,大田县,350823,上杭县,146.8705582005311,0.010533192673186462
350425,大田县,350824,武平县,184.99003438378816,0.008362698524262854
350425,大田县,350825,连城县,107.21546059009032,0.014429037370452027
350425,大田县,350881,漳平市,68.2938594867013,0.02265234238000397
350425,大田县,350902,蕉城区,190.02662152017734,0.008141048212975649
350425,大田县,350921,霞浦县,242.7035871296239,0.006374095685361274
350425,大田县,350922,古田县,136.32635208721595,0.011347885891899487
350425,大田县,350923,屏南县,170.5335820604269,0.009071620198515915
350425,大田县,350924,寿宁县,241.47499586579542,0.006406526199525955
350425,大田县,350925,周宁县,204.16888958652982,0.0075771381755445726
350425,大田县,350926,柘荣县,254.70275398541838,0.006073809031657372
350425,大田县,350981,福安市,226.02736928619822,0.006844374167739802
350425,大田县,350982,福鼎市,280.5702288843962,0.005513827656255216
350426,尤溪县,350102,鼓楼区,112.08901880838785,0.013703378932783472
350426,尤溪县,350103,台江区,113.38621694671636,0.01354660504862813
350426,尤溪县,350104,仓山区,111.22550231347171,0.013809767247499237
350426,尤溪县,350105,马尾区,134.5901307862678,0.011412414045235105
350426,尤溪县,350111,晋安区,111.74623165367822,0.013745414733049511
350426,尤溪县,350121,闽侯县,97.41893198311881,0.01576693839346747
350426,尤溪县,350122,连江县,148.06107096716974,0.010374086104481955
350426,尤溪县,350123,罗源县,133.5898272117236,0.011497868744907217
350426,尤溪县,350124,闽清县,62.148855006576234,0.024714828596161614
350426,尤溪县,350125,永泰县,65.48364928938541,0.023456211063426644
350426,尤溪县,350128,平潭县,170.59796355324698,0.009003614503615202
350426,尤溪县,350181,福清市,125.06602740678322,0.012281499067203314
350426,尤溪县,350182,长乐市,139.6575416681271,0.010998319751218854
350426,尤溪县,350203,思明区,183.38934290249145,0.008375613733192372
350426,尤溪县,350205,海沧区,178.64463206540822,0.008598065786677812
350426,尤溪县,350206,湖里区,182.55788567127826,0.008413760343943828
350426,尤溪县,350211,集美区,165.93925624824138,0.009256388956193786
350426,尤溪县,350212,同安区,151.11224190804475,0.010164618561280576
350426,尤溪县,350213,翔安区,159.68907618635507,0.009618681099656074
350426,尤溪县,350302,城厢区,108.56689046435235,0.014147944114136465
350426,尤溪县,350303,涵江区,106.27934717134923,0.01445246268269614
350426,尤溪县,350304,荔城区,119.48250469040386,0.012855424339448038
350426,尤溪县,350305,秀屿区,148.52379890093513,0.010341765496853053
350426,尤溪县,350322,仙游县,93.15285063603683,0.016489010142444537
350426,尤溪县,350402_350403,三元区（含原梅列区）,61.80888831069153,0.024850767274996268
350426,尤溪县,350421,明溪县,97.13113553195824,0.015813655328160512
350426,尤溪县,350423,清流县,127.76172841620533,0.01202236630621855
350426,尤溪县,350424,宁化县,146.38906868862867,0.010492575112984149
350426,尤溪县,350425,大田县,47.82875380112946,0.03211453732041332
350426,尤溪县,350427,沙县,50.596311232736,0.03035791071546409
350426,尤溪县,350428,将乐县,102.72661555478126,0.014952291483954583
350426,尤溪县,350429,泰宁县,130.46911118361805,0.011772888502118462
350426,尤溪县,350430,建宁县,155.6351637107759,0.009869224038531868
350426,尤溪县,350481,永安市,88.73328596293892,0.017310283083360283
350426,尤溪县,350502,鲤城区,142.6867189077833,0.010764830186668805
350426,尤溪县,350503,丰泽区,140.65284425320297,0.010920492273658763
350426,尤溪县,350504,洛江区,121.33473772533428,0.012659180113878642
350426,尤溪县,350505,泉港区,125.78334983434691,0.01221145963244021
350426,尤溪县,350521,惠安县,142.06361101825615,0.010812046011823858
350426,尤溪县,350524,安溪县,115.07072633878941,0.013348297588849577
350426,尤溪县,350525,永春县,82.96248829016577,0.018514371140400172
350426,尤溪县,350526,德化县,53.923655194146974,0.028484684382114246
350426,尤溪县,350581,石狮市,162.83896394918318,0.009432621417405775
350426,尤溪县,350582,晋江市,153.9064384235441,0.009980078251880724
350426,尤溪县,350583,南安市,126.40353862841854,0.012151545088073215
350426,尤溪县,350602,芗城区,182.4038636667864,0.008420864931573922
350426,尤溪县,350603,龙文区,184.6055419698261,0.008320434384284585
350426,尤溪县,350622,云霄县,252.20029081508588,0.006090390673107636
350426,尤溪县,350623,漳浦县,225.6445395571259,0.006807159180319393
350426,尤溪县,350624,诏安县,271.65913692517637,0.005654138183315717
350426,尤溪县,350625,长泰县,160.97002810959387,0.009542138477415637
350426,尤溪县,350626,东山县,280.8820741947497,0.005468481046142686
350426,尤溪县,350627,南靖县,185.75688844249234,0.008268863199712538
350426,尤溪县,350628,平和县,225.05524456440662,0.0068249833586777765
350426,尤溪县,350629,华安县,151.42731698839964,0.010143469021860172
350426,尤溪县,350681,龙海市,196.60825026423726,0.007812481403353539
350426,尤溪县,350702,延平区,47.71652443869414,0.032190070777444665
350426,尤溪县,350721,顺昌县,91.99721276637997,0.016696139510615226
350426,尤溪县,350722,浦城县,207.07088173428056,0.007417741625818112
350426,尤溪县,350723,光泽县,185.2967997413665,0.008289394641888837
350426,尤溪县,350724,松溪县,173.4570500119179,0.008855208242211527
350426,尤溪县,350725,政和县,152.53167991636016,0.010070028074020347
350426,尤溪县,350781,邵武市,138.93804575791123,0.011055274964868803
350426,尤溪县,350782,武夷山市,178.97372475404944,0.008582255864910019
350426,尤溪县,350783,建瓯市,105.60924041864814,0.014544165764722332
350426,尤溪县,350784,建阳市,143.08652845153708,0.010734751311374989
350426,尤溪县,350802,新罗区,153.12125098530282,0.0100312548980067
350426,尤溪县,350821,长汀县,185.39547697454086,0.008284982589657033
350426,尤溪县,350822,永定县,209.6505336876379,0.00732646977767175
350426,尤溪县,350823,上杭县,193.94125634707436,0.007919915173625733
350426,尤溪县,350824,武平县,230.92606538285324,0.006651472177420486
350426,尤溪县,350825,连城县,151.12740228172265,0.010163598895664972
350426,尤溪县,350881,漳平市,115.63726092282708,0.013282901088087105
350426,尤溪县,350902,蕉城区,143.11733503969066,0.010732440612517376
350426,尤溪县,350921,霞浦县,196.86888965380174,0.007802138274037706
350426,尤溪县,350922,古田县,88.75815798538174,0.017305432354603478
350426,尤溪县,350923,屏南县,122.89801341951004,0.01249815400751948
350426,尤溪县,350924,寿宁县,193.7809431893835,0.00792646724520321
350426,尤溪县,350925,周宁县,156.34542348671698,0.009824389257327574
350426,尤溪县,350926,柘荣县,207.172314734652,0.007414109848135604
350426,尤溪县,350981,福安市,178.39440637588515,0.008610125901026368
350426,尤溪县,350982,福鼎市,233.54347873638073,0.0065769265202606534
350427,沙县,350102,鼓楼区,153.83876063382627,0.010546594604524371
350427,沙县,350103,台江区,155.7122912777289,0.010419697954181262
350427,沙县,350104,仓山区,154.34209012849107,0.010512200797052213
350427,沙县,350105,马尾区,176.07873209597162,0.009214486176462807
350427,沙县,350111,晋安区,150.76025656495926,0.010761954641330422
350427,沙县,350121,闽侯县,138.0833181815654,0.011749971424745459
350427,沙县,350122,连江县,183.84137252755838,0.008825407581333274
350427,沙县,350123,罗源县,163.90148941454535,0.009899086632238029
350427,沙县,350124,闽清县,100.66768593195985,0.016117138561862254
350427,沙县,350125,永泰县,114.98093640175028,0.014110817789815202
350427,沙县,350128,平潭县,218.8559901711313,0.0074134367608524555
350427,沙县,350181,福清市,173.48069536934042,0.009352481781406161
350427,沙县,350182,长乐市,184.46748053894774,0.008795452933639787
350427,沙县,350203,思明区,220.60869745819906,0.007354537974074459
350427,沙县,350205,海沧区,212.5296666594504,0.0076341108908208185
350427,沙县,350206,湖里区,219.76507088896497,0.007382770320617395
350427,沙县,350211,集美区,201.17933143799533,0.008064819737048808
350427,沙县,350212,同安区,187.7030812926029,0.008643838085631725
350427,沙县,350213,翔安区,199.93607833755163,0.00811496882582746
350427,沙县,350302,城厢区,159.15524710758322,0.010194291877607363
350427,沙县,350303,涵江区,156.28971528680668,0.01038120160299755
350427,沙县,350304,荔城区,170.06229551998646,0.009540474788409217
350427,沙县,350305,秀屿区,199.11133329649442,0.008148582082223414
350427,沙县,350322,仙游县,143.02708535596233,0.011343830707515656
350427,沙县,350402_350403,三元区（含原梅列区）,33.62397667674158,0.04825351440330165
350427,沙县,350421,明溪县,55.32855814816288,0.029324368773945737
350427,沙县,350423,清流县,98.84358406850936,0.01641457114447486
350427,沙县,350424,宁化县,111.36972944488653,0.014568366565623577
350427,沙县,350425,大田县,67.221121855974,0.02413638746380484
350427,沙县,350426,尤溪县,50.596311232736,0.032067061873429246
350427,沙县,350428,将乐县,52.195029693088884,0.031084857167583135
350427,沙县,350429,泰宁县,80.02248371643458,0.020275239751577637
350427,沙县,350430,建宁县,106.64617338536942,0.015213626437439644
350427,沙县,350481,永安市,75.7502621601031,0.02141873831985191
350427,沙县,350502,鲤城区,187.9917381053498,0.008630565679211923
350427,沙县,350503,丰泽区,186.619056447826,0.0086940480449864
350427,沙县,350504,洛江区,168.8185591193149,0.009610762296109408
350427,沙县,350505,泉港区,175.2154355731451,0.009259886479522594
350427,沙县,350521,惠安县,190.37883664301938,0.008522349813019092
350427,沙县,350524,安溪县,147.14159636989243,0.011026623897628268
350427,沙县,350525,永春县,121.99249154403533,0.013299794293337863
350427,沙县,350526,德化县,98.49874751062964,0.01647203729867059
350427,沙县,350581,石狮市,208.52730418932404,0.007780635965994972
350427,沙县,350582,晋江市,198.36414177104731,0.008179275893221143
350427,沙县,350583,南安市,169.45471608550363,0.009574682135425245
350427,沙县,350602,芗城区,209.4361417386385,0.007746872289560045
350427,沙县,350603,龙文区,213.30924860805226,0.00760621048292503
350427,沙县,350622,云霄县,276.21392333800725,0.005873979932872466
350427,沙县,350623,漳浦县,254.67201861231413,0.006370841412842114
350427,沙县,350624,诏安县,292.89025878599045,0.005539532279402099
350427,沙县,350625,长泰县,190.7798446149532,0.008504436336773596
350427,沙县,350626,东山县,307.57057584716,0.005275130881419813
350427,沙县,350627,南靖县,204.81900474379998,0.007921506331392044
350427,沙县,350628,平和县,245.87260320525021,0.006598844367841236
350427,沙县,350629,华安县,174.4860964438254,0.009298592128168637
350427,沙县,350681,龙海市,227.92872710516318,0.007118343806302401
350427,沙县,350702,延平区,43.65238372677963,0.03716807432607812
350427,沙县,350721,顺昌县,50.5303305562215,0.03210893388204172
350427,沙县,350722,浦城县,183.52171976085805,0.008840779418270652
350427,沙县,350723,光泽县,138.66640398616025,0.011700563339259604
350427,沙县,350724,松溪县,159.87490896448185,0.010148403232103677
350427,沙县,350725,政和县,149.69215461588794,0.010838744669222786
350427,沙县,350781,邵武市,91.41962330902602,0.01774755773585909
350427,沙县,350782,武夷山市,145.20642670104075,0.011173575989221692
350427,沙县,350783,建瓯市,93.07866261146908,0.01743122427145304
350427,沙县,350784,建阳市,111.8046956168176,0.014511689638045729
350427,沙县,350802,新罗区,157.0271754363931,0.01033244747833246
350427,沙县,350821,长汀县,165.0159792825581,0.009832229884169291
350427,沙县,350822,永定县,216.2873291910555,0.007501479855226422
350427,沙县,350823,上杭县,189.29917193856443,0.008570956894592176
350427,沙县,350824,武平县,220.31540337024717,0.007364328676287816
350427,沙县,350825,连城县,139.06801904641102,0.011666773237964665
350427,沙县,350881,漳平市,128.12245076286453,0.012663471805346486
350427,沙县,350902,蕉城区,165.07127667945002,0.009828936175359532
350427,沙县,350921,霞浦县,221.13977153031715,0.007336875821294748
350427,沙县,350922,古田县,110.45497661921814,0.014689017122883832
350427,沙县,350923,屏南县,131.11712660561804,0.012374241907753259
350427,沙县,350924,寿宁县,199.49975172567756,0.00813271710281833
350427,沙县,350925,周宁县,166.7632212796735,0.009729213854333176
350427,沙县,350926,柘荣县,222.43845881989785,0.007294040120018548
350427,沙县,350981,福安市,193.4848785846397,0.008385539245939983
350427,沙县,350982,福鼎市,251.76722107956206,0.006444345836246502
350428,将乐县,350102,鼓楼区,202.4724014544265,0.008761253121689901
350428,将乐县,350103,台江区,204.59948506934137,0.00867016824943349
350428,将乐县,350104,仓山区,203.6352340780473,0.008711223120743228
350428,将乐县,350105,马尾区,224.21972698886378,0.007911489248163919
350428,将乐县,350111,晋安区,198.07211165015894,0.008955889572338093
350428,将乐县,350121,闽侯县,186.5108696924106,0.009511037947676399
350428,将乐县,350122,连江县,228.54809487803905,0.007761657169994193
350428,将乐县,350123,罗源县,205.8388196474848,0.008617966049050463
350428,将乐县,350124,闽清县,149.3897144499246,0.01187439152575166
350428,将乐县,350125,永泰县,167.04381777487333,0.010619440952249813
350428,将乐县,350128,平潭县,270.2318663831934,0.0065644070147641564
350428,将乐县,350181,福清市,225.0414391579492,0.007882601381933016
350428,将乐县,350182,长乐市,234.26952073490583,0.007572098810523305
350428,将乐县,350203,思明区,261.7121848571586,0.006778102289226001
350428,将乐县,350205,海沧区,251.19583464616514,0.0070618685289801095
350428,将乐县,350206,湖里区,260.876255382629,0.00679982145824976
350428,将乐县,350211,集美区,241.1998523389916,0.007354531696833382
350428,将乐县,350212,同安区,229.10874109908772,0.007742663814522216
350428,将乐县,350213,翔安区,243.77687136220757,0.0072767853217007555
350428,将乐县,350302,城厢区,211.2061970864882,0.008398957908286347
350428,将乐县,350303,涵江区,208.42679439465863,0.008510959276856323
350428,将乐县,350304,荔城区,222.20826693515372,0.007983105146201963
350428,将乐县,350305,秀屿区,251.24404720242907,0.007060513389475023
350428,将乐县,350322,仙游县,194.40261590564336,0.009124938731069563
350428,将乐县,350402_350403,三元区（含原梅列区）,58.9281565091562,0.03010296035687144
350428,将乐县,350421,明溪县,39.51894311266987,0.044887636651647314
350428,将乐县,350423,清流县,87.83064228647159,0.020196959889155656
350428,将乐县,350424,宁化县,88.30504808127496,0.020088454712871646
350428,将乐县,350425,大田县,108.71796954344128,0.016316639896312903
350428,将乐县,350426,尤溪县,102.72661555478126,0.01726827998487565
350428,将乐县,350427,沙县,52.195029693088884,0.0339862237789574
350428,将乐县,350429,泰宁县,27.88331548041173,0.06361911877175559
350428,将乐县,350430,建宁县,57.202965200982085,0.031010839264468584
350428,将乐县,350481,永安市,91.31799442593717,0.019425656142036323
350428,将乐县,350502,鲤城区,235.7464324108139,0.007524660887369908
350428,将乐县,350503,丰泽区,234.87108137955278,0.007552704866343231
350428,将乐县,350504,洛江区,218.33457799740768,0.008124741282710185
350428,将乐县,350505,泉港区,226.13075835852428,0.007844629240955161
350428,将乐县,350521,惠安县,240.35225745291805,0.007380467227964905
350428,将乐县,350524,安溪县,186.88302238333287,0.009492097980200748
350428,将乐县,350525,永春县,167.34393507049208,0.010600395876620214
350428,将乐县,350526,德化县,147.64796557326167,0.012014469365772907
350428,将乐县,350581,石狮市,256.35094383544714,0.006919857336032777
350428,将乐县,350582,晋江市,245.36839904683944,0.0072295860680902735
350428,将乐县,350583,南安市,215.8995201845052,0.008216377497192586
350428,将乐县,350602,芗城区,242.70210860279727,0.007309009260409037
350428,将乐县,350603,龙文区,247.80580051931926,0.007158476337442911
350428,将乐县,350622,云霄县,304.94811832819505,0.005817094294674426
350428,将乐县,350623,漳浦县,288.2931632688686,0.006153153058452015
350428,将乐县,350624,诏安县,318.7230523189029,0.005565684522636073
350428,将乐县,350625,长泰县,226.94267940648257,0.007816563917981016
350428,将乐县,350626,东山县,338.0410055124354,0.005247623602969637
350428,将乐县,350627,南靖县,231.60503336327542,0.007659211604940561
350428,将乐县,350628,平和县,272.61280619576723,0.006507074939189662
350428,将乐县,350629,华安县,206.0949805161893,0.008607254552515894
350428,将乐县,350681,龙海市,264.13158838059053,0.0067160159455922136
350428,将乐县,350702,延平区,84.63247327474589,0.02096018101160676
350428,将乐县,350721,顺昌县,45.96592372674585,0.03859189189461393
350428,将乐县,350722,浦城县,175.61773124896652,0.010100984374885462
350428,将乐县,350723,光泽县,97.47739532870065,0.01819818793184706
350428,将乐县,350724,松溪县,165.63120352690143,0.010710010683527579
350428,将乐县,350725,政和县,167.2829323986613,0.010604261497946105
350428,将乐县,350781,邵武市,52.32676073989314,0.033900664482489955
350428,将乐县,350782,武夷山市,126.73372561449617,0.013997157825964994
350428,将乐县,350783,建瓯市,110.2228171218549,0.016093872445099345
350428,将乐县,350784,建阳市,101.88518585461739,0.01741089192132295
350428,将乐县,350802,新罗区,173.5861861772475,0.0102192000317774
350428,将乐县,350821,长汀县,155.127501727874,0.011435186794991753
350428,将乐县,350822,永定县,231.28656259567714,0.0076697579807076975
350428,将乐县,350823,上杭县,194.83353347284577,0.009104756905442449
350428,将乐县,350824,武平县,217.59011472614668,0.008152539289439894
350428,将乐县,350825,连城县,141.66576548590535,0.012521811132098359
350428,将乐县,350881,漳平市,155.07895574492306,0.011438766470780282
350428,将乐县,350902,蕉城区,201.4508561581776,0.00880568091458387
350428,将乐县,350921,霞浦县,256.9970299506062,0.006902460933651973
350428,将乐县,350922,古田县,150.50107403640382,0.0117867063119401
350428,将乐县,350923,屏南县,160.0225643110593,0.011085386407447093
350428,将乐县,350924,寿宁县,221.1469965370717,0.008021415561035113
350428,将乐县,350925,周宁县,194.3894814207137,0.009125555283824225
350428,将乐县,350926,柘荣县,251.1774893266675,0.0070623843086176944
350428,将乐县,350981,福安市,223.31604482087002,0.007943504286588833
350428,将乐县,350982,福鼎市,281.97648713949354,0.006290992477046827
350429,泰宁县,350102,鼓楼区,229.63380496572333,0.008402309572599414
350429,泰宁县,350103,台江区,231.82566270430698,0.008322867689229635
350429,泰宁县,350104,仓山区,230.971103533998,0.008353661077659077
350429,泰宁县,350105,马尾区,251.1987586085022,0.0076809866750297655
350429,泰宁县,350111,晋安区,224.87449577022772,0.00858013849479579
350429,泰宁县,350121,闽侯县,213.65234354008803,0.009030812794683419
350429,泰宁县,350122,连江县,254.44522607408234,0.007582984941105395
350429,泰宁县,350123,罗源县,230.93678736444102,0.008354902394182245
350429,泰宁县,350124,闽清县,176.70798836968137,0.010918885645505826
350429,泰宁县,350125,永泰县,194.92264627045898,0.009898564146203765
350429,泰宁县,350128,平潭县,298.0321781430584,0.00647397985572473
350429,泰宁县,350181,福清市,252.88237182663346,0.007629849023160399
350429,泰宁县,350182,长乐市,261.7028848472683,0.007372690288767614
350429,泰宁县,350203,思明区,283.96132144540127,0.006794778626309888
350429,泰宁县,350205,海沧区,272.39768293868264,0.007083225880780524
350429,泰宁县,350206,湖里区,283.1340022166804,0.006814633009635228
350429,泰宁县,350211,集美区,263.0935316494448,0.007333720086386608
350429,泰宁县,350212,同安区,251.71468298858272,0.0076652434206368495
350429,泰宁县,350213,翔安区,267.38166251023404,0.007216105620489491
350429,泰宁县,350302,城厢区,238.83826860402777,0.00807849734020131
350429,泰宁县,350303,涵江区,236.29272199019493,0.008165525799546157
350429,泰宁县,350304,荔城区,249.92404018307013,0.0077201629592839206
350429,泰宁县,350305,秀屿区,278.9410051673955,0.006917069494669807
350429,泰宁县,350322,仙游县,221.64090599150785,0.008705316868402672
350429,泰宁县,350402_350403,三元区（含原梅列区）,82.47509259451718,0.023394388014111686
350429,泰宁县,350421,明溪县,53.16634990086983,0.036290893041434034
350429,泰宁县,350423,清流县,92.00508948801148,0.020971169403702795
350429,泰宁县,350424,宁化县,84.82734819456536,0.022745663500294812
350429,泰宁县,350425,大田县,133.09243093712388,0.01449710027888397
350429,泰宁县,350426,尤溪县,130.46911118361805,0.014788590955758654
350429,泰宁县,350427,沙县,80.02248371643458,0.024111402546477867
350429,泰宁县,350428,将乐县,27.88331548041173,0.0691974496006898
350429,泰宁县,350430,建宁县,32.82325539578783,0.058783149154167345
350429,泰宁县,350481,永安市,107.80325996046503,0.017897921810189395
350429,泰宁县,350502,鲤城区,261.17188978859684,0.007387679888588712
350429,泰宁县,350503,丰泽区,260.5296076037011,0.00740589269451045
350429,泰宁县,350504,洛江区,244.62799889309218,0.00788729959933629
350429,泰宁县,350505,泉港区,253.09110922733677,0.007623556289852954
350429,泰宁县,350521,惠安县,266.8175844351466,0.007231361162873065
350429,泰宁县,350524,安溪县,209.17924618654615,0.009223928056109524
350429,泰宁县,350525,永春县,192.1272860576654,0.010042583524949258
350429,泰宁县,350526,德化县,174.05295195822234,0.011085444377404458
350429,泰宁县,350581,石狮市,281.74464173601046,0.006848237843201956
350429,泰宁县,350582,晋江市,270.413453303969,0.0071352009083921
350429,泰宁县,350583,南安市,240.81556182072305,0.00801216625316067
350429,泰宁县,350602,芗城区,261.5081942573121,0.007378179192952667
350429,泰宁县,350603,龙文区,267.12564760517404,0.007223021581618252
350429,泰宁县,350622,云霄县,321.02764613679534,0.006010243481752195
350429,泰宁县,350623,漳浦县,306.85459343138564,0.006287845640763923
350429,泰宁县,350624,诏安县,333.2706914517368,0.005789450939268513
350429,泰宁县,350625,长泰县,247.23111779777292,0.007804253505152031
350429,泰宁县,350626,东山县,354.7314858916049,0.005439196672396615
350429,泰宁县,350627,南靖县,247.5523465561198,0.007794126553425819
350429,泰宁县,350628,平和县,288.0301546288464,0.006698792770993736
350429,泰宁县,350629,华安县,224.62091584410376,0.008589824818428956
350429,泰宁县,350681,龙海市,284.0962459704104,0.006791551613310947
350429,泰宁县,350702,延平区,111.12754248850203,0.017362521247651617
350429,泰宁县,350721,顺昌县,65.44640594450598,0.029481440421525482
350429,泰宁县,350722,浦城县,179.79083554327053,0.010731661109565062
350429,泰宁县,350723,光泽县,82.8190374925735,0.023297231845141174
350429,泰宁县,350724,松溪县,177.07898863998417,0.010896009359860645
350429,泰宁县,350725,政和县,183.91310872617777,0.010491119045399998
350429,泰宁县,350781,邵武市,46.556303035885726,0.04144346075264386
350429,泰宁县,350782,武夷山市,127.11939199636011,0.015178284661015147
350429,泰宁县,350783,建瓯市,128.99180119307806,0.014957960892164536
350429,泰宁县,350784,建阳市,109.19809794104306,0.017669303349016684
350429,泰宁县,350802,新罗区,186.00944582681313,0.010372883533303848
350429,泰宁县,350821,长汀县,154.69040509026166,0.012473005785524254
350429,泰宁县,350822,永定县,241.5913079359881,0.007986439305867541
350429,泰宁县,350823,上杭县,201.2299783483673,0.009588304553289136
350429,泰宁县,350824,武平县,219.06407199786193,0.008807716847675303
350429,泰宁县,350825,连城县,148.60648825498558,0.01298364788989079
350429,泰宁县,350881,漳平市,172.69252682512553,0.011172772517306188
350429,泰宁县,350902,蕉城区,224.6775975924697,0.008587657774210559
350429,泰宁县,350921,霞浦县,279.57196189679456,0.006901458588927427
350429,泰宁县,350922,古田县,175.50651555388686,0.010993633550108923
350429,泰宁县,350923,屏南县,181.21293572408234,0.010647442523605168
350429,泰宁县,350924,寿宁县,238.35438717287994,0.00809489743629715
350429,泰宁县,350925,周宁县,214.4554064202135,0.008996995458698137
350429,泰宁县,350926,柘荣县,270.9706478140674,0.007120528858829989
350429,泰宁县,350981,福安市,243.84606781764288,0.00791259147594228
350429,泰宁县,350982,福鼎市,302.1119631620613,0.006386553837396075
350430,建宁县,350102,鼓楼区,259.30745141573686,0.008530599647824507
350430,建宁县,350103,台江区,261.3657549110054,0.008463419603224432
350430,建宁县,350104,仓山区,260.2667895186503,0.00849915603068844
350430,建宁县,350105,马尾区,281.1904368859421,0.007866725761454746
350430,建宁县,350111,晋安区,255.15533461945844,0.00866941722784056
350430,建宁县,350121,闽侯县,243.37815185099956,0.009088934388324268
350430,建宁县,350122,连江县,285.7303104120132,0.007741733981724442
350430,建宁县,350123,罗源县,262.78162909886635,0.00841781848035167
350430,建宁县,350124,闽清县,206.11495162234732,0.010732108642842977
350430,建宁县,350125,永泰县,221.00754601628933,0.010008925457967471
350430,建宁县,350128,平潭县,325.4499361531013,0.006796891957860893
350430,建宁县,350181,福清市,280.017389780548,0.007899681000022736
350430,建宁县,350182,长乐市,290.7173740037007,0.0076089296737290885
350430,建宁县,350203,思明区,294.3854383450449,0.007514121847061763
350430,建宁县,350205,海沧区,281.15989121360394,0.007867580415461213
350430,建宁县,350206,湖里区,293.58070146622094,0.007534718878583616
350430,建宁县,350211,集美区,273.11274011762265,0.008099395336785399
350430,建宁县,350212,同安区,263.0899213203126,0.00840795437021771
350430,建宁县,350213,翔安区,280.41581262909574,0.0078884569061418
350430,建宁县,350302,城厢区,262.51640486648074,0.008426323127693418
350430,建宁县,350303,涵江区,261.89742224098546,0.008446238358504861
350430,建宁县,350304,荔城区,274.0503409022281,0.008071685101514032
350430,建宁县,350305,秀屿区,302.83539655733244,0.007304456740764693
350430,建宁县,350322,仙游县,243.71283260380866,0.009076452930656169
350430,建宁县,350402_350403,三元区（含原梅列区）,100.40360439032634,0.02203156019305699
350430,建宁县,350421,明溪县,64.53378072569866,0.03427736650247849
350430,建宁县,350423,清流县,85.36148681161339,0.025913888526885497
350430,建宁县,350424,宁化县,70.08142300776962,0.03156397171729969
350430,建宁县,350425,大田县,149.8296313631261,0.01476375556423983
350430,建宁县,350426,尤溪县,155.6351637107759,0.014213035158533375
350430,建宁县,350427,沙县,106.64617338536942,0.02074193553792172
350430,建宁县,350428,将乐县,57.202965200982085,0.038670164141899735
350430,建宁县,350429,泰宁县,32.82325539578783,0.06739270761087351
350430,建宁县,350481,永安市,114.44083751190654,0.019329184422433223
350430,建宁县,350502,鲤城区,277.99621081349994,0.007957115844321195
350430,建宁县,350503,丰泽区,277.895753022098,0.007959992298081128
350430,建宁县,350504,洛江区,263.68359572193464,0.008389024154760286
350430,建宁县,350505,泉港区,274.01041133435706,0.008072861330170909
350430,建宁县,350521,惠安县,286.1817475935897,0.0077295217893026255
350430,建宁县,350524,安溪县,220.596618683429,0.010027570082113515
350430,建宁县,350525,永春县,208.34536093937947,0.0106172176992651
350430,建宁县,350526,德化县,194.12413374530541,0.011395018285709933
350430,建宁县,350581,石狮市,298.3454844531626,0.007414384225656434
350430,建宁县,350582,晋江市,286.32321001852455,0.0077257028991196365
350430,建宁县,350583,南安市,256.70905920153587,0.008616945816426105
350430,建宁县,350602,芗城区,266.6350389275781,0.008296164159903155
350430,建宁县,350603,龙文区,272.9623027972835,0.008103859144858335
350430,建宁县,350622,云霄县,321.568210814447,0.0068789388357848695
350430,建宁县,350623,漳浦县,311.12539177216155,0.00710982810218604
350430,建宁县,350624,诏安县,331.5972300293468,0.00667088821438462
350430,建宁县,350625,长泰县,254.81911910851454,0.008680855900704046
350430,建宁县,350626,东山县,355.86595833071397,0.006215958570753911
350430,建宁县,350627,南靖县,248.76120026515147,0.008892255107981315
350430,建宁县,350628,平和县,287.982456107269,0.007681190318417876
350430,建宁县,350629,华安县,229.87161414036436,0.009622971770558122
350430,建宁县,350681,龙海市,290.74588171192306,0.007608183616224349
350430,建宁县,350702,延平区,141.83463381075015,0.015595965486658848
350430,建宁县,350721,顺昌县,98.23709308218373,0.02251744208142222
350430,建宁县,350722,浦城县,206.7337225982375,0.010699986562057942
350430,建宁县,350723,光泽县,96.86740682849315,0.02283583432394198
350430,建宁县,350724,松溪县,207.8175020209541,0.010644185558068715
350430,建宁县,350725,政和县,216.26423428777997,0.010228450677525404
350430,建宁县,350781,邵武市,73.22062276302285,0.030210724386824834
350430,建宁县,350782,武夷山市,152.56061778623575,0.014499469691613493
350430,建宁县,350783,建瓯市,161.76140990460695,0.013674757502607281
350430,建宁县,350784,建阳市,138.9639927352351,0.015918138290254222
350430,建宁县,350802,新罗区,183.8216789580116,0.012033662548749921
350430,建宁县,350821,长汀县,138.50351641113338,0.015971060598628555
350430,建宁县,350822,永定县,235.54702768862845,0.00939111002771591
350430,建宁县,350823,上杭县,191.3136344789407,0.011562417178211371
350430,建宁县,350824,武平县,203.27993632452268,0.01088178250013799
350430,建宁县,350825,连城县,141.0447866934892,0.015683302485560543
350430,建宁县,350881,漳平市,177.7976021384838,0.01244138293835046
350430,建宁县,350902,蕉城区,257.24344656998034,0.008599045313768922
350430,建宁县,350921,霞浦县,312.2821685272332,0.007083491395482768
350430,建宁县,350922,古田县,207.37437146478257,0.010666930720998075
350430,建宁县,350923,屏南县,214.0243425903123,0.010335497481049068
350430,建宁县,350924,寿宁县,270.74329464535566,0.008170278257945035
350430,建宁县,350925,周宁县,247.26011447940272,0.00894623889656746
350430,建宁县,350926,柘荣县,303.7422237011432,0.007282649171298044
350430,建宁县,350981,福安市,276.66435254033667,0.00799542128725401
350430,建宁县,350982,福鼎市,334.9034966599849,0.006605031227760414
350481,永安市,350102,鼓楼区,198.5598706372063,0.008490133597468804
350481,永安市,350103,台江区,199.44939164970438,0.008452268592359495
350481,永安市,350104,仓山区,196.76252012340993,0.008567687727056286
350481,永安市,350105,马尾区,220.74911761987818,0.0076367228416690195
350481,永安市,350111,晋安区,199.52484169502748,0.008449072378580004
350481,永安市,350121,闽侯县,184.79692441686362,0.009122445268640884
350481,永安市,350122,连江县,236.39006450143611,0.007131432669818333
350481,永安市,350123,罗源县,222.25038458328768,0.007585137960354152
350481,永安市,350124,闽清县,150.76226403868986,0.011181842084657077
350481,永安市,350125,永泰县,143.94979280069452,0.01171102643502986
350481,永安市,350128,平潭县,246.25289380645276,0.006845807181177702
350481,永安市,350181,福清市,202.20415633831732,0.00833711759112119
350481,永安市,350182,长乐市,222.6970658292237,0.0075699238448824835
350481,永安市,350203,思明区,180.02799385834436,0.009364098286472503
350481,永安市,350205,海沧区,166.75660574715369,0.010109343622417662
350481,永安市,350206,湖里区,179.22829187345985,0.009405880127431142
350481,永安市,350211,集美区,158.71657618143672,0.010621447799370898
350481,永安市,350212,同安区,149.094829683006,0.011306896640146563
350481,永安市,350213,翔安区,167.27010008108329,0.010078309440771675
350481,永安市,350302,城厢区,171.40583782005157,0.0098351365988819
350481,永安市,350303,涵江区,178.38178044480304,0.009450515767935416
350481,永安市,350304,荔城区,183.8011421659151,0.009171868079493505
350481,永安市,350305,秀屿区,210.22908818889118,0.008018870477577825
350481,永安市,350322,仙游县,148.55300091673683,0.011348137152415295
350481,永安市,350402_350403,三元区（含原梅列区）,42.38982804139855,0.03976897068701545
350481,永安市,350421,明溪县,54.654824925149455,0.030844483192741558
350481,永安市,350423,清流县,46.15613129906098,0.036523854607379135
350481,永安市,350424,宁化县,69.85596895320366,0.024132509419994126
350481,永安市,350425,大田县,51.3932400123426,0.0328019760653569
350481,永安市,350426,尤溪县,88.73328596293892,0.01899850558346402
350481,永安市,350427,沙县,75.7502621601031,0.022254706198150932
350481,永安市,350428,将乐县,91.31799442593717,0.018460762737986552
350481,永安市,350429,泰宁县,107.80325996046503,0.015637744437637994
350481,永安市,350430,建宁县,114.44083751190654,0.014730754033765371
350481,永安市,350502,鲤城区,169.17226376047955,0.009964989480739131
350481,永安市,350503,丰泽区,169.95267387651302,0.009919230985626625
350481,永安市,350504,洛江区,159.436678250464,0.010573475609907837
350481,永安市,350505,泉港区,173.79601433703266,0.009699876232701342
350481,永安市,350521,惠安县,181.82186978656532,0.009271710992659514
350481,永安市,350524,安溪县,106.90090954210456,0.01576974261516481
350481,永安市,350525,永春县,100.92194819560031,0.016703996097446494
350481,永安市,350526,德化县,97.56647126272959,0.017278474941114126
350481,永安市,350581,石狮市,188.80079256100885,0.008928987034105048
350481,永安市,350582,晋江市,176.02814784511645,0.009576876479375931
350481,永安市,350583,南安市,146.97210204161578,0.011470202884685306
350481,永安市,350602,芗城区,153.84354179634389,0.010957884933757212
350481,永安市,350603,龙文区,159.67352168220572,0.010557791993598102
350481,永安市,350622,云霄县,213.8926200366774,0.007881524049389506
350481,永安市,350623,漳浦县,199.0893774470986,0.008467552867073232
350481,永安市,350624,诏安县,227.40539511452272,0.00741319188120856
350481,永安市,350625,长泰县,140.63988575829288,0.011986641056458629
350481,永安市,350626,东山县,247.28423548388548,0.0068172555581929185
350481,永安市,350627,南靖县,140.4464274418538,0.012003152088036859
350481,永安市,350628,平和县,181.35476886894222,0.009295591394259195
350481,永安市,350629,华安县,116.92817651552242,0.014417396037833635
350481,永安市,350681,龙海市,177.01823363316495,0.009523311775325298
350481,永安市,350702,延平区,114.88227098793473,0.014674151322992667
350481,永安市,350721,顺昌县,119.76434706953106,0.014075973944293182
350481,永安市,350722,浦城县,256.7002432534966,0.0065671921749651165
350481,永安市,350723,光泽县,188.14440777687386,0.008960137846909836
350481,永安市,350724,松溪县,235.5113538303772,0.007158040584404995
350481,永安市,350725,政和县,224.73356559705832,0.007501326401008568
350481,永安市,350781,邵武市,143.62543077831089,0.011737474482552293
350481,永安市,350782,武夷山市,213.43254788884178,0.007898513349913197
350481,永安市,350783,建瓯市,168.74647889880828,0.009990133363416273
350481,永安市,350784,建阳市,183.13282321255195,0.009205339595782847
350481,永安市,350802,新罗区,83.71609854236628,0.020137104549286543
350481,永安市,350821,长汀县,96.666172010481,0.01743939781357249
350481,永安市,350822,永定县,142.69029045884207,0.011814397625690311
350481,永安市,350823,上杭县,113.56245876274951,0.014844692930855921
350481,永安市,350824,武平县,145.95189102451064,0.011550380176457578
350481,永安市,350825,连城县,64.54712638816721,0.026117349030661815
350481,永安市,350881,漳平市,64.89552814836583,0.025977133970647187
350481,永安市,350902,蕉城区,230.06437428424937,0.007327513588536587
350481,永安市,350921,霞浦县,284.8235506488212,0.005918751539210129
350481,永安市,350922,古田县,174.7375494283457,0.00964761056980084
350481,永安市,350923,屏南县,202.78509455067635,0.008313233438292577
350481,永安市,350924,寿宁县,272.8535304187255,0.006178405777704061
350481,永安市,350925,周宁县,238.06800359383593,0.007081169259864593
350481,永安市,350926,柘荣县,291.932571738731,0.005774620552840311
350481,永安市,350981,福安市,262.85787965888653,0.006413350936991826
350481,永安市,350982,福鼎市,319.74298621749756,0.005272359055467379
350502,鲤城区,350102,鼓楼区,151.4089023816544,0.006411530689150463
350502,鲤城区,350103,台江区,149.41681786869546,0.006497011769342129
350502,鲤城区,350104,仓山区,145.1999863045105,0.006685695012358331
350502,鲤城区,350105,马尾区,161.78214489943622,0.00600043240144943
350502,鲤城区,350111,晋安区,161.67611304006232,0.0060043676581339805
350502,鲤城区,350121,闽侯县,150.93332035467526,0.006431733045754159
350502,鲤城区,350122,连江县,191.1744472604993,0.0050778900535162885
350502,鲤城区,350123,罗源县,199.023221103281,0.004877635980611512
350502,鲤城区,350124,闽清县,150.0535294546451,0.006469443456336592
350502,鲤城区,350125,永泰县,108.6232729562674,0.008936969010512144
350502,鲤城区,350128,平潭县,136.0688378977845,0.007134350812636505
350502,鲤城区,350181,福清市,115.58693058031155,0.008398551803017755
350502,鲤城区,350182,长乐市,147.1383409288693,0.006597619750924452
350502,鲤城区,350203,思明区,63.00838756954531,0.015406882506858111
350502,鲤城区,350205,海沧区,73.2869239338555,0.01324605771565358
350502,鲤城区,350206,湖里区,62.4863632811614,0.015535594860314628
350502,鲤城区,350211,集美区,61.13916227804311,0.015877921581846623
350502,鲤城区,350212,同安区,49.95585234514325,0.019432414395086226
350502,鲤城区,350213,翔安区,35.4924160066029,0.02735127482023106
350502,鲤城区,350302,城厢区,71.82900371669578,0.01351491422684068
350502,鲤城区,350303,涵江区,94.08152309913278,0.010318315353033564
350502,鲤城区,350304,荔城区,76.45371765901817,0.012697392016437235
350502,鲤城区,350305,秀屿区,80.18282930409461,0.012106866677763773
350502,鲤城区,350322,仙游县,62.007274483165034,0.01565562802625885
350502,鲤城区,350402_350403,三元区（含原梅列区）,178.9617048281323,0.005424416498282947
350502,鲤城区,350421,明溪县,213.47458043901958,0.004547439897687812
350502,鲤城区,350423,清流县,213.54952912948374,0.004545843899482217
350502,鲤城区,350424,宁化县,237.9605425780071,0.004079511727925788
350502,鲤城区,350425,大田县,128.46092189257362,0.007556872626543745
350502,鲤城区,350426,尤溪县,142.6867189077833,0.006803456072586237
350502,鲤城区,350427,沙县,187.9917381053498,0.00516385897600751
350502,鲤城区,350428,将乐县,235.7464324108139,0.0041178261503398
350502,鲤城区,350429,泰宁县,261.17188978859684,0.00371694987931641
350502,鲤城区,350430,建宁县,277.99621081349994,0.0034920002016927557
350502,鲤城区,350481,永安市,169.17226376047955,0.005738309594325736
350502,鲤城区,350503,丰泽区,5.218563810094079,0.1860210700792529
350502,鲤城区,350504,洛江区,26.262455245570205,0.036963902085822925
350502,鲤城区,350505,泉港区,41.11184985228002,0.023612725472549525
350502,鲤城区,350521,惠安县,26.24132069738058,0.03699367251464084
350502,鲤城区,350524,安溪县,70.23552398632918,0.0138215360138769
350502,鲤城区,350525,永春县,69.65444910946667,0.013936838732367899
350502,鲤城区,350526,德化县,89.70003536565893,0.010822323762452091
350502,鲤城区,350581,石狮市,20.606101424749564,0.047110455501524436
350502,鲤城区,350582,晋江市,12.442010967079835,0.07802298413006493
350502,鲤城区,350583,南安市,22.505798363761187,0.04313389858649427
350502,鲤城区,350602,芗城区,101.23175000358741,0.00958950945919795
350502,鲤城区,350603,龙文区,96.40338920616517,0.010069799746920948
350502,鲤城区,350622,云霄县,160.33208279708126,0.006054701013640395
350502,鲤城区,350623,漳浦县,123.2808914383091,0.007874398156151739
350502,鲤城区,350624,诏安县,184.81166884145267,0.0052527139131207535
350502,鲤城区,350625,长泰县,81.12237148130089,0.011966647504311796
350502,鲤城区,350626,东山县,176.42423425254916,0.005502434675958
350502,鲤城区,350627,南靖县,130.0474077834127,0.00746468415462244
350502,鲤城区,350628,平和县,149.6267751242773,0.006487895120537522
350502,鲤城区,350629,华安县,102.07112070932949,0.009510651176203205
350502,鲤城区,350681,龙海市,94.24800821071425,0.010300088486328416
350502,鲤城区,350702,延平区,187.7882831314422,0.00516945364238236
350502,鲤城区,350721,顺昌县,234.36332658417075,0.004142127688573825
350502,鲤城区,350722,浦城县,341.6108984664292,0.002841720883579956
350502,鲤城区,350723,光泽县,326.47935558821194,0.0029734278986233535
350502,鲤城区,350724,松溪县,301.207380206575,0.003222905174384479
350502,鲤城区,350725,政和县,271.21130440227387,0.003579359740811839
350502,鲤城区,350781,邵武市,279.3658579449302,0.0034748799705579076
350502,鲤城区,350782,武夷山市,320.16506070690036,0.00303206983949839
350502,鲤城区,350783,建瓯市,239.3832241344691,0.004055266728654534
350502,鲤城区,350784,建阳市,284.0268755082476,0.0034178555198110983
350502,鲤城区,350802,新罗区,157.73483828660997,0.006154397055054206
350502,鲤城区,350821,长汀县,234.88918987727723,0.004132854409935847
350502,鲤城区,350822,永定县,182.09538432342305,0.005331067713975515
350502,鲤城区,350823,上杭县,202.4205503843962,0.004795772081377544
350502,鲤城区,350824,武平县,244.14972119091183,0.003976096386657267
350502,鲤城区,350825,连城县,194.18437987857442,0.00499918080351052
350502,鲤城区,350881,漳平市,125.48737292838199,0.0077359402908577625
350502,鲤城区,350902,蕉城区,224.8510121302994,0.004317360260170918
350502,鲤城区,350921,霞浦县,259.20996715174454,0.003745082933721711
350502,鲤城区,350922,古田县,191.37023389587915,0.005072694976998027
350502,鲤城区,350923,屏南县,233.39603054965076,0.00415929449161755
350502,鲤城区,350924,寿宁县,294.698932310616,0.0032940832754947643
350502,鲤城区,350925,周宁县,256.04682408098586,0.003791348819556216
350502,鲤城区,350926,柘荣县,288.3713251043136,0.0033663639194341055
350502,鲤城区,350981,福安市,265.24359647183235,0.0036598916510832873
350502,鲤城区,350982,福鼎市,303.971857346669,0.003193594409377982
350503,丰泽区,350102,鼓楼区,146.56266369022316,0.006719430630104846
350503,丰泽区,350103,台江区,144.53965087676076,0.006813477448271469
350503,丰泽区,350104,仓山区,140.32860829683182,0.00701793927540914
350503,丰泽区,350105,马尾区,156.725513067017,0.006283709859088006
350503,丰泽区,350111,晋安区,156.90718903890215,0.006276434226258901
350503,丰泽区,350121,闽侯县,146.32270838573066,0.006730449856311434
350503,丰泽区,350122,连江县,186.1629542465412,0.005290083924676105
350503,丰泽区,350123,罗源县,194.26599185577152,0.005069428993835405
350503,丰泽区,350124,闽清县,146.20114754262966,0.006736045976264896
350503,丰泽区,350125,永泰县,104.68738368847131,0.009407223840462582
350503,丰泽区,350128,平潭县,130.92215786295267,0.0075221617769295635
350503,丰泽区,350181,福清市,110.44056599955803,0.008917173166549889
350503,丰泽区,350182,长乐市,141.979178684995,0.006936352645163743
350503,丰泽区,350203,思明区,68.18842228729017,0.014442593311231428
350503,丰泽区,350205,海沧区,78.47213944613073,0.012549901896148697
350503,丰泽区,350206,湖里区,67.67257780671683,0.014552684167620004
350503,丰泽区,350211,集美区,66.24294595681674,0.01486675505452061
350503,丰泽区,350212,同安区,54.764872746928184,0.01798265205838683
350503,丰泽区,350213,翔安区,40.70967423790466,0.02419124372930698
350503,丰泽区,350302,城厢区,66.88993533855404,0.014722957148116892
350503,丰泽区,350303,涵江区,89.13145189142436,0.01104904756661541
350503,丰泽区,350304,荔城区,71.30770846469696,0.013810816149244296
350503,丰泽区,350305,秀屿区,75.08575329183479,0.013115905593996816
350503,丰泽区,350322,仙游县,57.95013165394139,0.01699422630324361
350503,丰泽区,350402_350403,三元区（含原梅列区）,178.50193673544015,0.005517125862278183
350503,丰泽区,350421,明溪县,213.3621042802713,0.004615710249727336
350503,丰泽区,350423,清流县,214.6557011105414,0.004587894225659018
350503,丰泽区,350424,宁化县,239.029272691954,0.004120071322389925
350503,丰泽区,350425,大田县,128.15826964031535,0.007684386301358443
350503,丰泽区,350426,尤溪县,140.65284425320297,0.007001761371117203
350503,丰泽区,350427,沙县,186.619056447826,0.005277154811385358
350503,丰泽区,350428,将乐县,234.87108137955278,0.004193013656025073
350503,丰泽区,350429,泰宁县,260.5296076037011,0.0037800603957761094
350503,丰泽区,350430,建宁县,277.895753022098,0.0035438384391269524
350503,丰泽区,350481,永安市,169.95267387651302,0.005794658178460938
350503,丰泽区,350502,鲤城区,5.218563810094079,0.18871430674564976
350503,丰泽区,350504,洛江区,22.110142992343018,0.044541441996593774
350503,丰泽区,350505,泉港区,35.9536968853119,0.027391276473495742
350503,丰泽区,350521,惠安县,21.314286696351864,0.046204579381884804
350503,丰泽区,350524,安溪县,72.91890716360275,0.013505655665138788
350503,丰泽区,350525,永春县,69.7463968954152,0.014119978887319097
350503,丰泽区,350526,德化县,88.15365541982813,0.011171603116622762
350503,丰泽区,350581,石狮市,22.20293307983706,0.04435529522557423
350503,丰泽区,350582,晋江市,16.803201215899193,0.05860893046367892
350503,丰泽区,350583,南安市,24.506934164922008,0.04018526532133339
350503,丰泽区,350602,芗城区,106.19044117802189,0.009274070629190187
350503,丰泽区,350603,龙文区,101.46098437145939,0.00970636799682841
350503,丰泽区,350622,云霄县,165.54922002915163,0.005948790646409714
350503,丰泽区,350623,漳浦县,128.49646519740048,0.007664161423560809
350503,丰泽区,350624,诏安县,190.02557853767152,0.00518255310263195
350503,丰泽区,350625,长泰县,85.82610428651346,0.011474570118459789
350503,丰泽区,350626,东山县,181.57922321040178,0.005423625204568149
350503,丰泽区,350627,南靖县,134.67009097050408,0.007312816413300999
350503,丰泽区,350628,平和县,154.71130996691303,0.006365518150162755
350503,丰泽区,350629,华安县,106.14796526016139,0.009277781719283269
350503,丰泽区,350681,龙海市,99.45777385183149,0.009901867028483724
350503,丰泽区,350702,延平区,185.2852796082986,0.005315142431777579
350503,丰泽区,350721,顺昌县,232.5012587940871,0.00423575191264679
350503,丰泽区,350722,浦城县,338.35982874907745,0.002910563157780077
350503,丰泽区,350723,光泽县,324.9353338589578,0.0030308112076765197
350503,丰泽区,350724,松溪县,297.6414792225078,0.00330873792927773
350503,丰泽区,350725,政和县,267.3552026157758,0.0036835552179066886
350503,丰泽区,350781,邵武市,277.90765909651566,0.003543686614580923
350503,丰泽区,350782,武夷山市,317.5799896582404,0.003101006624156767
350503,丰泽区,350783,建瓯市,236.27187329993717,0.004168154414129761
350503,丰泽区,350784,建阳市,281.4336701741255,0.003499288663721457
350503,丰泽区,350802,新罗区,160.9394356235638,0.0061191817146253845
350503,丰泽区,350821,长汀县,237.40105445083165,0.00414832888551389
350503,丰泽区,350822,永定县,186.41921559074052,0.005282811905999443
350503,丰泽区,350823,上杭县,205.93930834172596,0.004782077105919385
350503,丰泽区,350824,武平县,247.7786548416961,0.003974586318821665
350503,丰泽区,350825,连城县,196.57852967879245,0.005009792540614807
350503,丰泽区,350881,漳平市,127.91616074153939,0.007698930658337309
350503,丰泽区,350902,蕉城区,220.25265040264085,0.004471308970990856
350503,丰泽区,350921,霞浦县,254.2337868220951,0.003873669443939745
350503,丰泽区,350922,古田县,187.41077112471984,0.005254861530741237
350503,丰泽区,350923,屏南县,229.41257942717777,0.0042927796465601
350503,丰泽区,350924,寿宁县,290.28690551215163,0.0033925665709665146
350503,丰泽区,350925,周宁县,251.70499281807042,0.0039125868764218604
350503,丰泽区,350926,柘荣县,283.5935398516446,0.0034726378187071023
350503,丰泽区,350981,福安市,260.61155897546877,0.0037788717258030033
350503,丰泽区,350982,福鼎市,299.019930036455,0.0032934849911501786
350504,洛江区,350102,鼓楼区,125.87091537668134,0.009397191126839424
350504,洛江区,350103,台江区,123.99343249198743,0.009539481449401293
350504,洛江区,350104,仓山区,119.76097559244499,0.009876615009635272
350504,洛江区,350105,马尾区,137.32442008577485,0.008613421038778761
350504,洛江区,350111,晋安区,135.89878886389778,0.008703779180030144
350504,洛江区,350121,闽侯县,124.85769383516629,0.009473449434893854
350504,洛江区,350122,连江县,166.34794085087444,0.007110596278226717
350504,洛江区,350123,罗源县,173.19444483221758,0.006829509169597081
350504,洛江区,350124,闽清县,124.10537826384744,0.009530876628007275
350504,洛江区,350125,永泰县,82.57977143802445,0.014323520500327539
350504,洛江区,350128,平潭县,118.23290926399338,0.010004262404334878
350504,洛江区,350181,福清市,92.2995393870845,0.01281515657563964
350504,洛江区,350182,长乐市,123.8769339506974,0.009548452737582844
350504,洛江区,350203,思明区,87.31147606533773,0.01354728040813051
350504,洛江区,350205,海沧区,94.8294698273032,0.012473264389846306
350504,洛江区,350206,湖里区,86.70429479244899,0.013642150621677368
350504,洛江区,350211,集美区,81.54492789593499,0.014505292721754555
350504,洛江区,350212,同安区,67.73962110623631,0.01746146538448841
350504,洛江区,350213,翔安区,58.95343065392398,0.02006385440142618
350504,洛江区,350302,城厢区,47.05346914024853,0.02513806252158219
350504,洛江区,350303,涵江区,69.17039235852788,0.01710027959613094
350504,洛江区,350304,荔城区,53.658019355429,0.02204391931185267
350504,洛江区,350305,秀屿区,64.61853729880605,0.0183048564475439
350504,洛江区,350322,仙游县,35.842181597959524,0.03300114547637479
350504,洛江区,350402_350403,三元区（含原梅列区）,163.4904835887544,0.007234874000863658
350504,洛江区,350421,明溪县,199.32667684550063,0.005934143225704441
350504,洛江区,350423,清流县,205.10497140339172,0.005766964306187197
350504,洛江区,350424,宁化县,229.20728361102638,0.005160538663824572
350504,洛江区,350425,大田县,114.1144875034616,0.010365318856372423
350504,洛江区,350426,尤溪县,121.33473772533428,0.009748511195388148
350504,洛江区,350427,沙县,168.8185591193149,0.007006534443105404
350504,洛江区,350428,将乐县,218.33457799740768,0.005417525066134736
350504,洛江区,350429,泰宁县,244.62799889309218,0.004835231676083938
350504,洛江区,350430,建宁县,263.68359572193464,0.004485804457673782
350504,洛江区,350481,永安市,159.436678250464,0.007418826471326483
350504,洛江区,350502,鲤城区,26.262455245570205,0.04503893630830343
350504,洛江区,350503,丰泽区,22.110142992343018,0.05349730436001855
350504,洛江区,350505,泉港区,20.76702446130512,0.05695727143331778
350504,洛江区,350521,惠安县,22.581858558176343,0.05237979177212721
350504,洛江区,350524,安溪县,73.00892553486638,0.016201211570221346
350504,洛江区,350525,永春县,58.758029210011266,0.020130577301652814
350504,洛江区,350526,德化县,70.68988215022355,0.016732706479708922
350504,洛江区,350581,石狮市,43.30945457158091,0.027311197077071137
350504,洛江区,350582,晋江市,38.662063596457244,0.030594151968993535
350504,洛江区,350583,南安市,29.115079258684787,0.04062613186093513
350504,洛江区,350602,芗城区,119.12009818734582,0.009929752133385653
350504,洛江区,350603,龙文区,115.54217823731246,0.010237240349368187
350504,洛江区,350622,云霄县,182.4578271524395,0.006482775047609631
350504,洛江区,350623,漳浦县,146.27736835745122,0.00808623413441833
350504,洛江区,350624,诏安县,206.6029963932548,0.005725149536812443
350504,洛江区,350625,长泰县,96.91460305280123,0.01220490010633869
350504,洛江区,350626,东山县,200.60138007533794,0.005896435252143731
350504,洛江区,350627,南靖县,144.30424742401203,0.008196799957172181
350504,洛江区,350628,平和县,168.65925517992204,0.0070131523339355736
350504,洛江区,350629,华安县,112.50092804338607,0.010513984814851884
350504,洛江区,350681,龙海市,116.27866093790605,0.01017239998778925
350504,洛江区,350702,延平区,164.8095777033604,0.007176967901913314
350504,洛江区,350721,顺昌县,213.32973254977466,0.005544623503565889
350504,洛江区,350722,浦城县,316.6536548690696,0.0037354157481428256
350504,洛江区,350723,光泽县,306.4144243608469,0.003860239450450773
350504,洛江区,350724,松溪县,275.66475296867054,0.00429083891345128
350504,洛江区,350725,政和县,245.25368553389694,0.004822896122967433
350504,洛江区,350781,邵武市,259.66331829755967,0.004555256617915685
350504,洛江区,350782,武夷山市,296.8313293296138,0.003984865922934432
350504,洛江区,350783,建瓯市,214.7580804234795,0.005507746422264941
350504,洛江区,350784,建阳市,260.69066984164107,0.004537304882539251
350504,洛江区,350802,新罗区,161.4612978825721,0.007325799213909199
350504,洛江区,350821,长汀县,233.85314656159014,0.005058016394033774
350504,洛江区,350822,永定县,193.39603968645258,0.00611611825672645
350504,洛江区,350823,上杭县,207.78636359321285,0.005692544152803789
350504,洛江区,350824,武平县,250.0235547763435,0.004730886456530063
350504,洛江区,350825,连城县,192.72861972134544,0.0061372983982093164
350504,洛江区,350881,漳平市,125.03655394533928,0.009459898020078118
350504,洛江区,350902,蕉城区,198.73963624299947,0.005951671601424552
350504,洛江区,350921,霞浦县,234.12267172039554,0.00505219353774299
350504,洛江区,350922,古田县,165.30063365389407,0.007155647398070583
350504,洛江区,350923,屏南县,207.30353037124107,0.005705802727945237
350504,洛江区,350924,寿宁县,268.4487705134915,0.004406177934219518
350504,洛江区,350925,周宁县,229.7848002508795,0.005147568715656937
350504,洛江区,350926,柘荣县,262.5626733761233,0.004504955079469681
350504,洛江区,350981,福安市,239.16936612377626,0.0049455875903971725
350504,洛江区,350982,福鼎市,278.74521696251367,0.00424342007369395
350505,泉港区,350102,鼓楼区,111.7889354127142,0.01115220747451701
350505,泉港区,350103,台江区,109.60418628958807,0.011374505329422815
350505,泉港区,350104,仓山区,105.43634208883077,0.011824133656188715
350505,泉港区,350105,马尾区,120.96428505580099,0.01030629330386956
350505,泉港区,350111,晋安区,122.53370401689597,0.010174289686909865
350505,泉港区,350121,闽侯县,112.95474279662807,0.011037105394703152
350505,泉港区,350122,连江县,150.54868995897922,0.008280998004151769
350505,泉港区,350123,罗源县,159.8584249789278,0.0077987344191731344
350505,泉港区,350124,闽清县,118.01790582433598,0.010563595349112652
350505,泉港区,350125,永泰县,76.89509399148487,0.016212912116552267
350505,泉港区,350128,平潭县,97.6435139812922,0.012767805563786122
350505,泉港区,350181,福清市,74.48835220078995,0.016736756341681425
350505,泉港区,350182,长乐市,106.02751126930251,0.011758206772499414
350505,泉港区,350203,思明区,104.11711644479655,0.011973952445551774
350505,泉港区,350205,海沧区,113.51408491320053,0.010982719915605756
350505,泉港区,350206,湖里区,103.58957081358166,0.01203493161798597
350505,泉港区,350211,集美区,100.65228842399621,0.012386140649145441
350505,泉港区,350212,同安区,87.54286737547163,0.014240947760265821
350505,泉港区,350213,翔安区,76.34098841405091,0.016330590250106206
350505,泉港区,350302,城厢区,32.14351701596358,0.03878522068567729
350505,泉港区,350303,涵江区,54.02312496555383,0.02307703232408132
350505,泉港区,350304,荔城区,35.35761745788501,0.035259542093381314
350505,泉港区,350305,秀屿区,43.9265632210404,0.028381309842168953
350505,泉港区,350322,仙游县,32.98089158505531,0.037800476007837425
350505,泉港区,350402_350403,三元区（含原梅列区）,173.62728822218926,0.00718028493011184
350505,泉港区,350421,明溪县,210.20333098531688,0.005930892699150684
350505,泉港区,350423,清流县,219.84954140717971,0.005670666370729381
350505,泉港区,350424,宁化县,243.6282224627432,0.005117196146142801
350505,泉港区,350425,大田县,126.0167012918391,0.009893080744835423
350505,泉港区,350426,尤溪县,125.78334983434691,0.00991143424562814
350505,泉港区,350427,沙县,175.2154355731451,0.007115203047037076
350505,泉港区,350428,将乐县,226.13075835852428,0.005513152700356541
350505,泉港区,350429,泰宁县,253.09110922733677,0.004925868019955374
350505,泉港区,350430,建宁县,274.01041133435706,0.004549803034880714
350505,泉港区,350481,永安市,173.79601433703266,0.007173314105237934
350505,泉港区,350502,鲤城区,41.11184985228002,0.03032442970962131
350505,泉港区,350503,丰泽区,35.9536968853119,0.034674971117845746
350505,泉港区,350504,洛江区,20.76702446130512,0.060032355786016206
350505,泉港区,350521,惠安县,20.738040253486457,0.06011625909870524
350505,泉港区,350524,安溪县,93.2242321714951,0.013373061617547635
350505,泉港区,350525,永春县,74.94707565858342,0.01663431681787295
350505,泉港区,350526,德化县,79.92943824561571,0.015597424784182743
350505,泉港区,350581,石狮市,51.68599754365597,0.024120525100148556
350505,泉港区,350582,晋江市,52.1480027811539,0.023906829304851558
350505,泉港区,350583,南安市,49.661726370421654,0.025103706459558294
350505,泉港区,350602,芗城区,139.17486449849258,0.00895774826561066
350505,泉港区,350603,龙文区,135.244178872183,0.009218092870793348
350505,泉港区,350622,云霄县,200.9929830809514,0.006202671267264368
350505,泉港区,350623,漳浦县,164.21369830542906,0.0075918964979351765
350505,泉港区,350624,诏安县,225.3477545950346,0.005532308956520842
350505,泉港区,350625,长泰县,117.30712280867817,0.010627601898575782
350505,泉港区,350626,东山县,217.53171857871243,0.0057310879039778415
350505,泉港区,350627,南靖县,164.9744110803446,0.007556889537679971
350505,泉港区,350628,平和县,188.50338761528604,0.006613639239324069
350505,泉港区,350629,华安县,133.25971942102976,0.009355365646081568
350505,泉港区,350681,龙海市,134.77646559919307,0.009250082316192112
350505,泉港区,350702,延平区,165.98397460111633,0.007510926305228902
350505,泉港区,350721,顺昌县,216.980356646106,0.005745650990478009
350505,泉港区,350722,浦城县,312.7837349281108,0.003985799969312684
350505,泉港区,350723,光泽县,310.7937204717492,0.00401132107555337
350505,泉港区,350724,松溪县,270.18571225528984,0.004614209206962098
350505,泉港区,350725,政和县,238.16244475319155,0.005234634714847349
350505,泉港区,350781,邵武市,264.6969839251333,0.0047098889552537725
350505,泉港区,350782,武夷山市,296.47105345886075,0.004205110031934249
350505,泉港区,350783,建瓯市,212.16419824834065,0.005876078110118756
350505,泉港区,350784,建阳市,260.48297134822707,0.004786084075382135
350505,泉港区,350802,新罗区,181.25912610517287,0.006877962107985645
350505,泉港区,350821,长汀县,251.9663445394119,0.004947856839201658
350505,泉港区,350822,永定县,214.14657873405724,0.005821682552426882
350505,泉港区,350823,上杭县,227.81197459126872,0.005472466508025922
350505,泉港区,350824,武平县,270.08504438025994,0.004615929045381415
350505,泉港区,350825,连城县,210.84504562517702,0.00591284180940272
350505,泉港区,350881,漳平市,143.93186139960676,0.008661691643219288
350505,泉港区,350902,蕉城区,186.67376016340944,0.006678460861272881
350505,泉港区,350921,霞浦县,218.7257460372039,0.005699801800497303
350505,泉港区,350922,古田县,158.00491990629027,0.007890218873041175
350505,泉港区,350923,屏南县,199.57655733990558,0.0062466925860169276
350505,泉港区,350924,寿宁县,257.6348514158591,0.004838993615291711
350505,泉港区,350925,周宁县,219.5512999802696,0.005678369479889242
350505,泉港区,350926,柘荣县,248.96441440042602,0.005007516452021254
350505,泉港区,350981,福安市,226.76915135051385,0.0054976322557691035
350505,泉港区,350982,福鼎市,263.59311636670526,0.004729612890738757
350521,惠安县,350102,鼓楼区,131.94376011567485,0.00947120728940418
350521,惠安县,350103,台江区,129.66602781571828,0.009637579893902556
350521,惠安县,350104,仓山区,125.53620094548855,0.00995463215540207
350521,惠安县,350105,马尾区,140.03797198642175,0.008923770352230931
350521,惠安县,350111,晋安区,142.8600599524133,0.008747488297395647
350521,惠安县,350121,闽侯县,133.57366842957327,0.009355636610802995
350521,惠安县,350122,连江县,169.83711345434224,0.007358030745941329
350521,惠安县,350123,罗源县,180.11949756820817,0.006937986833578351
350521,惠安县,350124,闽清县,138.38298329972778,0.009030494015960662
350521,惠安县,350125,永泰县,97.03588825412389,0.012878397107328658
350521,惠安县,350128,平潭县,110.13787942569647,0.011346384269565064
350521,惠安县,350181,福清市,92.86713851654507,0.013456500572334716
350521,惠安县,350182,长乐市,124.0314131995642,0.010075404853996835
350521,惠安县,350203,思明区,87.56369386558084,0.014271516509083561
350521,惠安县,350205,海沧区,99.20049062931275,0.01259738429388082
350521,惠安县,350206,湖里区,87.12730688976383,0.014342997014473237
350521,惠安县,350211,集美区,87.31799691851707,0.014311673958406688
350521,惠安县,350212,同安区,76.07890163838447,0.01642592986605994
350521,惠安县,350213,翔安区,61.15426251307168,0.020434662298999366
350521,惠安县,350302,城厢区,52.686673962430085,0.023718838344020172
350521,惠安县,350303,涵江区,74.20187494645549,0.016841443743850718
350521,惠安县,350304,荔城区,54.24838598584332,0.023036016277518185
350521,惠安县,350305,秀屿区,54.107116924813596,0.02309616134852451
350521,惠安县,350322,仙游县,51.50562307216581,0.02426272371946723
350521,惠安县,350402_350403,三元区（含原梅列区）,185.92711892123802,0.006721271807198587
350521,惠安县,350421,明溪县,221.86039570476592,0.005632671386117658
350521,惠安县,350423,清流县,227.36478247044806,0.005496307251372154
350521,惠安县,350424,宁化县,251.5291958634869,0.0049682769362376965
350521,惠安县,350425,大田县,136.68215020893987,0.009142866868048728
350521,惠安县,350426,尤溪县,142.06361101825615,0.00879652920013687
350521,惠安县,350427,沙县,190.37883664301938,0.006564105152833948
350521,惠安县,350428,将乐县,240.35225745291805,0.005199313357161914
350521,惠安县,350429,泰宁县,266.8175844351466,0.004683599490807636
350521,惠安县,350430,建宁县,286.1817475935897,0.004366689046757949
350521,惠安县,350481,永安市,181.82186978656532,0.006873027453000668
350521,惠安县,350502,鲤城区,26.24132069738058,0.0476220963498883
350521,惠安县,350503,丰泽区,21.314286696351864,0.05863047262158053
350521,惠安县,350504,洛江区,22.581858558176343,0.05533940881701706
350521,惠安县,350505,泉港区,20.738040253486457,0.06025963337538047
350521,惠安县,350524,安溪县,91.05546193946597,0.013724236591427755
350521,惠安县,350525,永春县,80.96877348256601,0.015433933958108569
350521,惠安县,350526,德化县,92.76706016021772,0.013471017626738201
350521,惠安县,350581,石狮市,31.55351237401404,0.03960467816661012
350521,惠安县,350582,晋江市,34.66986913508557,0.03604474818551667
350521,惠安县,350583,南安市,43.037066557137315,0.029036986081286013
350521,惠安县,350602,芗城区,127.46731989818922,0.009803820332906589
350521,惠安县,350603,龙文区,122.62312406989165,0.010191117801620369
350521,惠安县,350622,云霄县,185.7080749465535,0.0067291995943559715
350521,惠安县,350623,漳浦县,148.30798461102427,0.00842615929193932
350521,惠安县,350624,诏安县,210.28794315974423,0.0059426455165319325
350521,惠安县,350625,长泰县,107.10916233806746,0.011667225056383757
350521,惠安县,350626,东山县,200.27798167984614,0.0062396609558240295
350521,惠安县,350627,南靖县,155.89353389419685,0.008016154816575718
350521,惠安县,350628,平和县,175.8128889660244,0.007107935657894073
350521,惠安县,350629,华安县,126.74624186386207,0.009859595710468804
350521,惠安县,350681,龙海市,119.89121673061061,0.010423338228411783
350521,惠安县,350702,延平区,184.08591308340283,0.006788497184099015
350521,惠安县,350721,顺昌县,233.89331932465313,0.005342891820113894
350521,惠安县,350722,浦城县,332.8407512415736,0.003754548377677396
350521,惠安县,350723,光泽县,327.35736555125646,0.003817438781298195
350521,惠安县,350724,松溪县,290.5765785813328,0.004300644975242534
350521,惠安县,350725,政和县,258.7800382094996,0.004829069163315016
350521,惠安县,350781,邵武市,280.8346828349576,0.004449830377017168
350521,惠安县,350782,武夷山市,315.37517210603016,0.00396247648238725
350521,惠安县,350783,建瓯市,231.79658066553657,0.005391221471045523
350521,惠安县,350784,建阳市,279.3015673542424,0.004474255960812439
350521,惠安县,350802,新罗区,179.72355822789163,0.0069532715405867035
350521,惠安县,350821,长汀县,254.26647559247496,0.0049147914591850346
350521,惠安县,350822,永定县,207.30355054191736,0.006028197294895294
350521,惠安县,350823,上杭县,225.34502700307465,0.005545570360343143
350521,惠安县,350824,武平县,267.38048161936547,0.004673739440629637
350521,惠安县,350825,连城县,213.21774250935326,0.0058609883393928005
350521,惠安县,350881,漳平市,144.93720093463205,0.008622125269016246
350521,惠安县,350902,蕉城区,207.18738499325994,0.006031577176571967
350521,惠安县,350921,霞浦县,238.08280884454666,0.005248874157121236
350521,惠安县,350922,古田县,178.60640526963167,0.006996763081998247
350521,惠安县,350923,屏南县,220.2438409735282,0.005674014297404019
350521,惠安县,350924,寿宁县,278.28915647786164,0.004490533222405268
350521,惠安县,350925,周宁县,240.26133279737235,0.005201280988701163
350521,惠安县,350926,柘荣县,269.04533839700275,0.004644818267599829
350521,惠安县,350981,福安市,247.18819137865592,0.005055527513790781
350521,惠安县,350982,福鼎市,283.0200906902493,0.004415469939081713
350524,安溪县,350102,鼓楼区,175.2644650178772,0.007863909324476729
350524,安溪县,350103,台江区,174.4013813792,0.007902826513207246
350524,安溪县,350104,仓山区,170.37175016280747,0.008089744100101331
350524,安溪县,350105,马尾区,192.37554876593387,0.0071644440758969
350524,安溪县,350111,晋安区,182.39926958458315,0.007556301425123713
350524,安溪县,350121,闽侯县,168.31826364947983,0.008188439155799058
350524,安溪县,350122,连江县,218.15907164348098,0.0063177013466388906
350524,安溪县,350123,罗源县,216.93848402109782,0.006353247405238945
350524,安溪县,350124,闽清县,151.15144950468533,0.009118429662566927
350524,安溪县,350125,永泰县,117.56310069509607,0.011723609300490333
350524,安溪县,350128,平潭县,187.98601234155106,0.007331736247478604
350524,安溪县,350181,福清市,154.25817598386973,0.008934786450785147
350524,安溪县,350182,长乐市,184.02802438016,0.007489423773068012
350524,安溪县,350203,思明区,74.8573417840572,0.01841187287520069
350524,安溪县,350205,海沧区,65.38903325774038,0.021077905453516687
350524,安溪县,350206,湖里区,74.0243637042221,0.018619057182451656
350524,安溪县,350211,集美区,54.41182825354904,0.025330225154006143
350524,安溪县,350212,同安区,42.60700940395484,0.03234828916613842
350524,安溪县,350213,翔安区,60.511969531401206,0.02277671461326827
350524,安溪县,350302,城厢区,109.61038512503535,0.012574208722387842
350524,安溪县,350303,涵江区,127.85864656973953,0.01077959056880636
350524,安溪县,350304,荔城区,120.13992129836397,0.011472155515073397
350524,安溪县,350305,秀屿区,136.9992379982303,0.010060376107502975
350524,安溪县,350322,仙游县,86.72427772522015,0.01589248013192388
350524,安溪县,350402_350403,三元区（含原梅列区）,127.95648987684774,0.010771347838863242
350524,安溪县,350421,明溪县,157.54052212463418,0.008748630778391933
350524,安溪县,350423,清流县,148.1209706216934,0.009304988044020104
350524,安溪县,350424,宁化县,172.49696632144682,0.00799007594217701
350524,安溪县,350425,大田县,80.05527155525257,0.01721640354129908
350524,安溪县,350426,尤溪县,115.07072633878941,0.011977536811974639
350524,安溪县,350427,沙县,147.14159636989243,0.009366922030931053
350524,安溪县,350428,将乐县,186.88302238333287,0.007375008404329137
350524,安溪县,350429,泰宁县,209.17924618654615,0.0065889130295190635
350524,安溪县,350430,建宁县,220.596618683429,0.0062478920526039955
350524,安溪县,350481,永安市,106.90090954210456,0.012892910515047207
350524,安溪县,350502,鲤城区,70.23552398632918,0.019623458080440585
350524,安溪县,350503,丰泽区,72.91890716360275,0.01890132359788664
350524,安溪县,350504,洛江区,73.00892553486638,0.01887801868889718
350524,安溪县,350505,泉港区,93.2242321714951,0.014784394878877186
350524,安溪县,350521,惠安县,91.05546193946597,0.015136531421034195
350524,安溪县,350525,永春县,36.52971395529308,0.03772993849309357
350524,安溪县,350526,德化县,67.40166986505136,0.02044851208379568
350524,安溪县,350581,石狮市,87.00468161412584,0.01584126089692786
350524,安溪县,350582,晋江市,73.48479049634798,0.01875577043078059
350524,安溪县,350583,南安市,48.52096798379425,0.028405531010095325
350524,安溪县,350602,芗城区,68.22829840644289,0.02020076556054575
350524,安溪县,350603,龙文区,69.69136691551832,0.01977667997779807
350524,安溪县,350622,云霄县,138.59651321935758,0.009944433872749188
350524,安溪县,350623,漳浦县,110.57610774674657,0.012464391167214527
350524,安溪县,350624,诏安县,159.65128107427182,0.00863296461781803
350524,安溪县,350625,长泰县,45.96565376972004,0.02998464609267548
350524,安溪县,350626,东山县,166.01281798399282,0.008302153276118739
350524,安溪县,350627,南靖县,80.43920025987337,0.01713423127344354
350524,安溪县,350628,平和县,114.69824718699928,0.012016433507100117
350524,安溪县,350629,华安县,44.67387630650967,0.030851673833879417
350524,安溪县,350681,龙海市,81.8024962267817,0.01684867729320311
350524,安溪县,350702,延平区,162.5194110798352,0.008480610725487177
350524,安溪县,350721,顺昌县,197.42877182636659,0.006981068908819717
350524,安溪县,350722,浦城县,321.963458735565,0.004280808344264638
350524,安溪县,350723,光泽县,283.0466368566461,0.004869387871941243
350524,安溪县,350724,松溪县,288.10386216869637,0.004783913170509603
350524,安溪县,350725,政和县,264.5962647948131,0.005208931659607192
350524,安溪县,350781,邵武市,235.91307158059163,0.005842253044603649
350524,安溪县,350782,武夷山市,290.5694229277765,0.004743320363223797
350524,安溪县,350783,建瓯市,220.64775040972737,0.00624644419960852
350524,安溪县,350784,建阳市,255.5110110881171,0.005394146635145181
350524,安溪县,350802,新罗区,88.72449329433334,0.01553419816252179
350524,安溪县,350821,长汀县,164.66655042516456,0.008370029354139441
350524,安溪县,350822,永定县,123.17299555071718,0.011189659344900823
350524,安溪县,350823,上杭县,134.79847793467474,0.010224624801560714
350524,安溪县,350824,武平县,177.02013031362196,0.007785915976119075
350524,安溪县,350825,连城县,124.05427605560556,0.011110168101627734
350524,安溪县,350881,漳平市,55.39717936178123,0.024879675762957357
350524,安溪县,350902,蕉城区,236.9992877480964,0.005815476805012383
350524,安溪县,350921,霞浦县,282.0513109227164,0.004886571369566021
350524,安溪县,350922,古田县,190.8513827571643,0.007221660334822866
350524,安溪县,350923,屏南县,230.91632397457786,0.005968672274790094
350524,安溪县,350924,寿宁县,299.5030928143292,0.004601835152193024
350524,安溪县,350925,周宁县,260.44997557667546,0.005291856363786659
350524,安溪县,350926,柘荣县,303.41267796397096,0.004542538795518535
350524,安溪县,350981,福安市,276.70413886315094,0.004981001969707274
350524,安溪县,350982,福鼎市,324.6535665088905,0.004245337192886704
350525,永春县,350102,鼓楼区,140.32062033606334,0.009859655130290463
350525,永春县,350103,台江区,139.6714896754047,0.009905478400762236
350525,永春县,350104,仓山区,135.75088170179376,0.010191557556297815
350525,永春县,350105,马尾区,158.457604008193,0.008731123588808481
350525,永春县,350111,晋安区,146.87591352527974,0.009419603874966756
350525,永春县,350121,闽侯县,132.53860070971467,0.010438565948135891
350525,永春县,350122,连江县,183.19975570544554,0.007551936512439807
350525,永春县,350123,罗源县,180.8317191863004,0.007650831006902357
350525,永春县,350124,闽清县,114.64202663733887,0.012068112931731767
350525,永春县,350125,永泰县,81.66773570005412,0.016940752823897506
350525,永春县,350128,平潭县,161.4614189684503,0.008568690483590677
350525,永春县,350181,福清市,123.64426773947528,0.011189462718135375
350525,永春县,350182,长乐市,151.8876359438725,0.00910879226992025
350525,永春县,350203,思明区,100.50679172879977,0.013765367497901812
350525,永春县,350205,海沧区,96.08002448195948,0.014399589630014958
350525,永春县,350206,湖里区,99.67182998432419,0.013880681476397072
350525,永春县,350211,集美区,83.1005236106815,0.016648666748041697
350525,永春县,350212,同安区,68.15305312306927,0.02030008724163377
350525,永春县,350213,翔安区,78.04481588412266,0.01772715981848408
350525,永春县,350302,城厢区,81.88723229466142,0.016895343576927856
350525,永春县,350303,涵江区,97.04281775943578,0.014256726629802376
350525,永春县,350304,荔城区,93.6982646411109,0.014765619507268646
350525,永春县,350305,秀屿区,115.68234081857094,0.011959586177045152
350525,永春县,350322,仙游县,57.54385272089723,0.024042757979595274
350525,永春县,350402_350403,三元区（含原梅列区）,109.69832019252614,0.012611979123781217
350525,永春县,350421,明溪县,143.83017937768685,0.009619072507370027
350525,永春县,350423,清流县,146.39840012389308,0.009450328166231167
350525,永春县,350424,宁化县,170.56571897403094,0.008111318807225562
350525,永春县,350425,大田县,59.06605204068902,0.023423148769600208
350525,永春县,350426,尤溪县,82.96248829016577,0.016676367267856
350525,永春县,350427,沙县,121.99249154403533,0.011340967847046584
350525,永春县,350428,将乐县,167.34393507049208,0.008267481720202259
350525,永春县,350429,泰宁县,192.1272860576654,0.0072010225750378685
350525,永春县,350430,建宁县,208.34536093937947,0.006640478664579224
350525,永春县,350481,永安市,100.92194819560031,0.013708741744665619
350525,永春县,350502,鲤城区,69.65444910946667,0.019862520511901877
350525,永春县,350503,丰泽区,69.7463968954152,0.019836335434740608
350525,永春县,350504,洛江区,58.758029210011266,0.023545938194031234
350525,永春县,350505,泉港区,74.94707565858342,0.01845986533863591
350525,永春县,350521,惠安县,80.96877348256601,0.017086993722090917
350525,永春县,350524,安溪县,36.52971395529308,0.037873631473687976
350525,永春县,350526,德化县,31.516853037792632,0.04389755926846512
350525,永春县,350581,石狮市,90.02402662231775,0.015368263074771439
350525,永春县,350582,晋江市,78.31744118193129,0.017665451057933684
350525,永春县,350583,南安市,48.69195387439082,0.028413584054380197
350525,永春县,350602,芗城区,104.23102980553055,0.013273522546628405
350525,永春县,350603,龙文区,104.91825415109506,0.013186579736540222
350525,永春县,350622,云霄县,174.55455581014056,0.007925962847322221
350525,永春县,350623,漳浦县,144.8550245062036,0.009551017846279515
350525,永春县,350624,诏安县,195.9939984944897,0.007058955553789083
350525,永春县,350625,长泰县,81.24075948489671,0.01702978816242126
350525,永春县,350626,东山县,200.83974767882626,0.006888641019378583
350525,永春县,350627,南靖县,116.30677269591538,0.011895377131641406
350525,永春县,350628,平和县,151.22674963589452,0.009148599222776804
350525,永春县,350629,华安县,80.23876732912942,0.017242449880953546
350525,永春县,350681,龙海市,114.94014215557713,0.01203681236368539
350525,永春县,350702,延平区,130.6372828414115,0.010590490663079216
350525,永春县,350721,顺昌县,170.7910344119813,0.008100617980008856
350525,永春县,350722,浦城县,289.6806988215464,0.0047759927734581315
350525,永春县,350723,光泽县,260.4499093926847,0.005312011539601119
350525,永春县,350724,松溪县,254.0771668370244,0.005445246975181558
350525,永春县,350725,政和县,229.3002461228675,0.006033630349618857
350525,永春县,350781,邵武市,213.10330322014795,0.006492217170152256
350525,永春县,350782,武夷山市,261.40589548507216,0.005292585010811333
350525,永春县,350783,建瓯市,187.52122080746202,0.007377900582262811
350525,永春县,350784,建阳市,225.7327334926932,0.006128986712628412
350525,永春县,350802,新罗区,111.72091314981265,0.0123836521307947
350525,永春县,350821,长汀县,177.4903568547419,0.007794862485482937
350525,永春县,350822,永定县,155.09995811737934,0.008920137316445741
350525,永春县,350823,上杭县,158.74099537200235,0.008715536405323698
350525,永春县,350824,武平县,200.76664004742065,0.0068911494651463226
350525,永春县,350825,连城县,136.4602046994693,0.010138581626994932
350525,永春县,350881,漳平市,71.68164850290107,0.01930079669032743
350525,永春县,350902,蕉城区,200.5089027875816,0.006900007455767167
350525,永春县,350921,霞浦县,246.14127013634823,0.00562080842199124
350525,永春县,350922,古田县,154.55638675059848,0.008951509240537094
350525,永春县,350923,屏南县,194.9589826148842,0.007096430775467035
350525,永春县,350924,寿宁县,263.15468948739755,0.005257413146909789
350525,永春县,350925,周宁县,224.06050990344664,0.006174728981819232
350525,永春县,350926,柘荣县,266.93692491537166,0.0051829207391245295
350525,永春县,350981,福安市,240.1770664071352,0.005760387304576161
350525,永春县,350982,福鼎市,288.4426090850731,0.004796492891845789
350526,德化县,350102,鼓楼区,115.85657897205611,0.012271639487247894
350526,德化县,350103,台江区,115.70060039860927,0.012288183159575264
350526,德化县,350104,仓山区,112.09768879523351,0.012683135438840481
350526,德化县,350105,马尾区,135.8179827902281,0.010468055408883827
350526,德化县,350111,晋安区,120.9145320896266,0.011758306837072987
350526,德化县,350121,闽侯县,106.06593428175071,0.013404399621788448
350526,德化县,350122,连江县,158.155777446652,0.008989555692017084
350526,德化县,350123,罗源县,152.95910469493253,0.00929496921550718
350526,德化县,350124,闽清县,84.34198838708099,0.016856967645177228
350526,德化县,350125,永泰县,56.09799195067525,0.02534404744150248
350526,德化县,350128,平潭县,150.10466716855848,0.009471725271369465
350526,德化县,350181,福清市,107.79298659659568,0.013189635191125128
350526,德化县,350182,长乐市,132.56570957872944,0.01072487126489203
350526,德化县,350203,思明区,130.3308699215471,0.010908775259666131
350526,德化县,350205,海沧区,127.1972617387985,0.011177521826613872
350526,德化县,350206,湖里区,129.5099740337642,0.010977920271996016
350526,德化县,350211,集美区,113.95985669592041,0.01247588590045879
350526,德化县,350212,同安区,98.67637200674933,0.014408212832081947
350526,德化县,350213,翔安区,105.90805272094862,0.013424382120564807
350526,德化县,350302,城厢区,73.83951471844782,0.01925459795872321
350526,德化县,350303,涵江区,82.40252448468965,0.017253721026897643
350526,德化县,350304,荔城区,86.23746886273099,0.016486455227878002
350526,德化县,350305,秀屿区,112.95146822562721,0.012587265944440032
350526,德化县,350322,仙游县,51.37897075260224,0.027671830489109765
350526,德化县,350402_350403,三元区（含原梅列区）,93.72281605745793,0.015169733787120908
350526,德化县,350421,明溪县,130.28411167154667,0.010912690359015128
350526,德化县,350423,清流县,143.53361878687048,0.009905346088166699
350526,德化县,350424,宁化县,166.47594571616395,0.008540273871127154
350526,德化县,350425,大田县,47.12992959025254,0.030166609238155652
350526,德化县,350426,尤溪县,53.923655194146974,0.02636598287434451
350526,德化县,350427,沙县,98.49874751062964,0.014434195411647314
350526,德化县,350428,将乐县,147.64796557326167,0.009629324480366628
350526,德化县,350429,泰宁县,174.05295195822234,0.00816849213630228
350526,德化县,350430,建宁县,194.12413374530541,0.00732392280104802
350526,德化县,350481,永安市,97.56647126272959,0.01457211838216851
350526,德化县,350502,鲤城区,89.70003536565893,0.01585005138041724
350526,德化县,350503,丰泽区,88.15365541982813,0.016128090918067
350526,德化县,350504,洛江区,70.68988215022355,0.020112498792253842
350526,德化县,350505,泉港区,79.92943824561571,0.017787566140550517
350526,德化县,350521,惠安县,92.76706016021772,0.015326023773044407
350526,德化县,350524,安溪县,67.40166986505136,0.021093693557110722
350526,德化县,350525,永春县,31.516853037792632,0.045110790968440985
350526,德化县,350581,石狮市,110.15052384164588,0.01290733915541671
350526,德化县,350582,晋江市,100.49469214798074,0.014147515047634335
350526,德化县,350583,南安市,72.52741725370632,0.01960293394148518
350526,德化县,350602,芗城区,135.51409838130186,0.010491529563001614
350526,德化县,350603,龙文区,136.39257939120517,0.010423955435970108
350526,德化县,350622,云霄县,205.8835392259374,0.006905603890025922
350526,德化县,350623,漳浦县,176.36021241868804,0.008061626541907485
350526,德化县,350624,诏安县,227.0470887261386,0.006261917637208003
350526,德化县,350625,长泰县,112.6845683873402,0.01261707960298375
350526,德化县,350626,东山县,232.35657156035427,0.006118829176310342
350526,德化县,350627,南靖县,145.50108462282088,0.00977140598681108
350526,德化县,350628,平和县,181.80158159030222,0.007820339938378058
350526,德化县,350629,华安县,109.50871231298949,0.012982986826722968
350526,德化县,350681,龙海市,146.36678240816778,0.009713612241650255
350526,德化县,350702,延平区,100.9366267691632,0.014085572451538391
350526,德化县,350721,顺昌县,144.82045410828223,0.009817329866317746
350526,德化县,350722,浦城县,259.1702934358074,0.005485775975799031
350526,德化县,350723,光泽县,236.80591568433678,0.006003862552429375
350526,德化县,350724,松溪县,222.8246500130104,0.006380578492047104
350526,德化县,350725,政和县,197.78369880124168,0.007188409247011271
350526,德化县,350781,邵武市,189.75415014092857,0.007492590640652748
350526,德化县,350782,武夷山市,232.85240482504867,0.006105799810996821
350526,德化县,350783,建瓯市,156.7437558613984,0.00907053784412394
350526,德化县,350784,建阳市,196.90399600099926,0.00722052471379871
350526,德化县,350802,新罗区,130.7354337286965,0.010875017803676454
350526,德化县,350821,长汀县,185.7585820501316,0.007653752271791367
350526,德化县,350822,永定县,179.9405806968313,0.007901220302085945
350526,德化县,350823,上杭县,176.75268568595024,0.00804372597708115
350526,德化县,350824,武平县,217.70919071395824,0.006530501375290737
350526,德化县,350825,连城县,146.00889008515867,0.009737421937401975
350526,德化县,350881,漳平市,89.55452431555959,0.015875805049906527
350526,德化县,350902,蕉城区,170.9593797496644,0.008316303974972327
350526,德化县,350921,霞浦县,218.57152558865715,0.006504736449735975
350526,德化县,350922,古田县,123.4846467091157,0.011513578467127633
350526,德化县,350923,屏南县,163.57227732166223,0.008691877331848166
350526,德化县,350924,寿宁县,232.15318500358276,0.006124189807471288
350526,德化县,350925,周宁县,193.1471189855026,0.0073609701083745
350526,德化县,350926,柘荣县,237.38981845315362,0.005989094977346322
350526,德化县,350981,福安市,210.16155427612415,0.006765034519600803
350526,德化县,350982,福鼎市,259.9345113775868,0.005469647573290762
350581,石狮市,350102,鼓楼区,163.3871817450695,0.007774810413795224
350581,石狮市,350103,台江区,161.1453171889236,0.007882974102331124
350581,石狮市,350104,仓山区,157.00089106053852,0.008091064665501791
350581,石狮市,350105,马尾区,171.54233750525705,0.007405194429470158
350581,石狮市,350111,晋安区,174.20592406558234,0.0072919699426179955
350581,石狮市,350121,闽侯县,164.54999358186325,0.007719868803764163
350581,石狮市,350122,连江县,201.36764346441134,0.00630838371178896
350581,石狮市,350123,罗源县,211.51299659277316,0.006005798142787138
350581,石狮市,350124,闽清县,166.92625230947212,0.0076099735334448455
350581,石狮市,350125,永泰县,125.34044255444803,0.010134832271398735
350581,石狮市,350128,平潭县,138.21838977753472,0.009190559694385094
350581,石狮市,350181,福清市,124.26338540822243,0.010222676276999
350581,石狮市,350182,长乐市,155.2439873234876,0.008182631636903524
350581,石狮市,350203,思明区,59.83710335856463,0.02122937593586568
350581,石狮市,350205,海沧区,74.62049978504932,0.017023530608498184
350581,石狮市,350206,湖里区,59.56161133125792,0.021327568776594932
350581,石狮市,350211,集美区,65.0323616105745,0.01953341891101896
350581,石狮市,350212,同安区,58.1548151951835,0.021843494091567994
350581,石狮市,350213,翔安区,37.93533418846704,0.03348604643368115
350581,石狮市,350302,城厢区,83.82801964563349,0.015153696430885304
350581,石狮市,350303,涵江区,105.61290050742888,0.012027927989941583
350581,石狮市,350304,荔城区,85.79493116079216,0.014806286862466088
350581,石狮市,350305,秀屿区,82.45423051326384,0.01540617569534985
350581,石狮市,350322,仙游县,78.62626769523071,0.016156233779735588
350581,石狮市,350402_350403,三元区（含原梅列区）,199.49356797056828,0.006367645709257304
350581,石狮市,350421,明溪县,233.84460218738647,0.005432258646253838
350581,石狮市,350423,清流县,232.71071370824862,0.005458727455517199
350581,石狮市,350424,宁化县,257.15350491598343,0.004939867969239813
350581,石狮市,350425,大田县,148.95153146188008,0.008528306823332782
350581,石狮市,350426,尤溪县,162.83896394918318,0.007800985288193314
350581,石狮市,350427,沙县,208.52730418932404,0.006091789116301515
350581,石狮市,350428,将乐县,256.35094383544714,0.004955333275182453
350581,石狮市,350429,泰宁县,281.74464173601046,0.004508708148928955
350581,石狮市,350430,建宁县,298.3454844531626,0.004257830026958712
350581,石狮市,350481,永安市,188.80079256100885,0.006728278758161117
350581,石狮市,350502,鲤城区,20.606101424749564,0.06164700133847166
350581,石狮市,350503,丰泽区,22.20293307983706,0.05721335814256941
350581,石狮市,350504,洛江区,43.30945457158091,0.0293308787810451
350581,石狮市,350505,泉港区,51.68599754365597,0.02457734052707934
350581,石狮市,350521,惠安县,31.55351237401404,0.04025873085236562
350581,石狮市,350524,安溪县,87.00468161412584,0.014600413892049417
350581,石狮市,350525,永春县,90.02402662231775,0.014110725878121292
350581,石狮市,350526,德化县,110.15052384164588,0.011532440498770835
350581,石狮市,350582,晋江市,13.566346915968984,0.09363643506837796
350581,石狮市,350583,南安市,41.87369669245672,0.03033657074611845
350581,石狮市,350602,芗城区,105.94044131024147,0.011990740706773105
350581,石狮市,350603,龙文区,99.8454472706717,0.012722706911898973
350581,石狮市,350622,云霄县,158.18289796071423,0.00803060494205706
350581,石狮市,350623,漳浦县,120.33065262737989,0.010556781122478312
350581,石狮市,350624,诏安县,182.87930357064815,0.006946135168441779
350581,石狮市,350625,长泰县,88.85257265809044,0.014296765125759723
350581,石狮市,350626,东山县,170.44191491698578,0.007453004519052281
350581,石狮市,350627,南靖县,137.5409674083534,0.009235825412953064
350581,石狮市,350628,平和县,151.82481916614933,0.008366908448098087
350581,石狮市,350629,华安县,113.36171368751536,0.011205761811380584
350581,石狮市,350681,龙海市,93.77195798825575,0.013546740298110397
350581,石狮市,350702,延平区,207.44922024544178,0.006123447273550941
350581,石狮市,350721,顺昌县,254.65340197516056,0.004988365960397134
350581,石狮市,350722,浦城县,359.95840697175095,0.003529030958879399
350581,石狮市,350723,光泽县,346.95606379079004,0.003661283069196324
350581,石狮市,350724,松溪县,318.78913736794635,0.003984779320275378
350581,石狮市,350725,政和县,287.9375245334375,0.004411736067296439
350581,石狮市,350781,邵武市,299.87651784323225,0.004236091479414543
350581,石狮市,350782,武夷山市,339.706342035533,0.0037394190361607865
350581,石狮市,350783,建瓯市,258.05057136346954,0.0049226954057891605
350581,石狮市,350784,建阳市,303.5590787592437,0.004184702257314837
350581,石狮市,350802,新罗区,172.1647094800472,0.007378424799999093
350581,石狮市,350821,长汀县,251.18689088591478,0.005057208031963627
350581,石狮市,350822,永定县,191.24233564930194,0.006642380505337946
350581,石狮市,350823,上杭县,215.4834063866425,0.005895137743613114
350581,石狮市,350824,武平县,256.6241360271221,0.004950058017839613
350581,石狮市,350825,连城县,210.87520226746042,0.00602396274409282
350581,石狮市,350881,漳平市,142.34791612220138,0.008923940699080564
350581,石狮市,350902,蕉城区,238.3377082133982,0.00532985053701548
350581,石狮市,350921,霞浦县,269.6144853631554,0.004711558284419294
350581,石狮市,350922,古田县,207.82251553684924,0.006112448205290731
350581,石狮市,350923,屏南县,249.71506449797312,0.005087015333520377
350581,石狮市,350924,寿宁县,309.12765753308776,0.004109319665052135
350581,石狮市,350925,周宁县,270.86299301056306,0.004689840970865593
350581,石狮市,350926,柘荣县,300.53192631992346,0.0042268532919858565
350581,石狮市,350981,福安市,278.4546737696528,0.004561978956629251
350581,石狮市,350982,福鼎市,314.55815394087324,0.004038376834926986
350582,晋江市,350102,鼓楼区,163.2859785806438,0.0069052055470352975
350582,晋江市,350103,台江区,161.23550803314168,0.006993020698743281
350582,晋江市,350104,仓山区,157.0307088824402,0.007180272273318589
350582,晋江市,350105,马尾区,173.1085546108504,0.006513388362480587
350582,晋江市,350111,晋安区,173.67862911438073,0.00649200912511572
350582,晋江市,350121,闽侯县,163.12561645834612,0.006911993772210877
350582,晋江市,350122,连江县,202.64933672033766,0.005563912832363055
350582,晋江市,350123,罗源县,211.04096010674664,0.005342674921862731
350582,晋江市,350124,闽清县,162.48612354059654,0.0069391971479117786
350582,晋江市,350125,永泰县,121.06443454499401,0.009313414375458885
350582,晋江市,350128,平潭县,144.57343759515086,0.00779896545176959
350582,晋江市,350181,福清市,126.50513127350587,0.008912865697205811
350582,晋江市,350182,长乐市,157.9409715779738,0.0071388901422041835
350582,晋江市,350203,思明区,52.89388125865095,0.021316704658797158
350582,晋江市,350205,海沧区,65.28375394674453,0.017271115352342173
350582,晋江市,350206,湖里区,52.460129757368485,0.021492955702988474
350582,晋江市,350211,集美区,54.3634046628244,0.0207404825367604
350582,晋江市,350212,同安区,45.76009452151335,0.02463988015842192
350582,晋江市,350213,翔安区,27.311458758489422,0.04128388948458024
350582,晋江市,350302,城厢区,83.54534835591721,0.013495942829093369
350582,晋江市,350303,涵江区,105.75785248124326,0.010661366684314253
350582,晋江市,350304,荔城区,87.43225766887761,0.012895963973826353
350582,晋江市,350305,秀屿区,88.48017924017063,0.012743229667150639
350582,晋江市,350322,仙游县,74.44300881619156,0.015146126721343764
350582,晋江市,350402_350403,三元区（含原梅列区）,188.01093875429092,0.005997115128081426
350582,晋江市,350421,明溪县,221.89261680413597,0.005081391446401347
350582,晋江市,350423,清流县,219.6412484010859,0.005133476763841659
350582,晋江市,350424,宁化县,244.09032200409524,0.004619286974553753
350582,晋江市,350425,大田县,137.3827871137385,0.008207165313327628
350582,晋江市,350426,尤溪县,153.9064384235441,0.007326030389614055
350582,晋江市,350427,沙县,198.36414177104731,0.005684108201116008
350582,晋江市,350428,将乐县,245.36839904683944,0.004595225992540753
350582,晋江市,350429,泰宁县,270.413453303969,0.004169627033240506
350582,晋江市,350430,建宁县,286.32321001852455,0.003937938684660597
350582,晋江市,350481,永安市,176.02814784511645,0.006405357659277498
350582,晋江市,350502,鲤城区,12.442010967079835,0.09062226741572954
350582,晋江市,350503,丰泽区,16.803201215899193,0.06710169274062407
350582,晋江市,350504,洛江区,38.662063596457244,0.029163555696790786
350582,晋江市,350505,泉港区,52.1480027811539,0.021621599772093884
350582,晋江市,350521,惠安县,34.66986913508557,0.03252170467257708
350582,晋江市,350524,安溪县,73.48479049634798,0.015343627401430554
350582,晋江市,350525,永春县,78.31744118193129,0.014396834575186309
350582,晋江市,350526,德化县,100.49469214798074,0.01121972933045901
350582,晋江市,350581,石狮市,13.566346915968984,0.08311178035119667
350582,晋江市,350583,南安市,29.6506231787538,0.03802696618720907
350582,晋江市,350602,芗城区,95.23211763280736,0.011839737192399866
350582,晋江市,350603,龙文区,89.67015708818623,0.01257411921269731
350582,晋江市,350622,云霄县,151.13024371231526,0.007460606278081911
350582,晋江市,350623,漳浦县,113.65465401691816,0.009920607781537128
350582,晋江市,350624,诏安县,175.74417576189174,0.006415707605444526
350582,晋江市,350625,长泰县,76.88037668585592,0.014665943295977433
350582,晋江市,350626,东山县,165.80553305042574,0.0068002751434431295
350582,晋江市,350627,南靖县,125.83327287431095,0.008960453934742518
350582,晋江市,350628,平和县,142.424293450933,0.007916649735296702
350582,晋江市,350629,华安县,100.43318763908982,0.011226600206098633
350582,晋江市,350681,龙海市,85.54468261655357,0.0131805181872282
350582,晋江市,350702,延平区,199.43805698931203,0.005653500951970129
350582,晋江市,350721,顺昌县,245.3120882829766,0.0045962808149409605
350582,晋江市,350722,浦城县,353.8034672559052,0.0031868631864837363
350582,晋江市,350723,光泽县,336.99044777681036,0.0033458611437998677
350582,晋江市,350724,松溪县,313.55752020574886,0.003595905607074246
350582,晋江市,350725,政和县,283.64141335546685,0.003975171438153521
350582,晋江市,350781,邵武市,289.7835068207355,0.0038909158682576485
350582,晋江市,350782,武夷山市,331.8495266230499,0.0033976942999497167
350582,晋江市,350783,建瓯市,251.49950177355473,0.00448320269860156
350582,晋江市,350784,建阳市,295.72604712875994,0.0038127288955281695
350582,晋江市,350802,新罗区,158.71826304283005,0.007103928832335361
350582,晋江市,350821,长汀县,237.62116961405633,0.004745045430419641
350582,晋江市,350822,永定县,179.05118554685868,0.006297211836964182
350582,晋江市,350823,上杭县,202.27515995821886,0.005574205183083504
350582,晋江市,350824,武平县,243.55568048288933,0.004629427007461487
350582,晋江市,350825,连城县,197.31383991793766,0.00571436471722958
350582,晋江市,350881,漳平市,128.80350463929787,0.00875382427058698
350582,晋江市,350902,蕉城区,237.05528655461143,0.004756372496204154
350582,晋江市,350921,霞浦县,270.7807705420302,0.004163970886083049
350582,晋江市,350922,古田县,203.81134362184534,0.005532190824177933
350582,晋江市,350923,屏南县,245.83775120762036,0.004586452810886264
350582,晋江市,350924,寿宁县,307.0410477485017,0.0036722231549043776
350582,晋江市,350925,周宁县,268.4226409879222,0.004200551938906233
350582,晋江市,350926,柘荣县,300.3557277784409,0.0037539595245537397
350582,晋江市,350981,福安市,277.4144469183949,0.004064399881019262
350582,晋江市,350982,福鼎市,315.6049449023835,0.003572577880225834
350583,南安市,350102,鼓楼区,151.16986387773304,0.007957730192640927
350583,南安市,350103,台江区,149.56214349870703,0.008043271926011512
350583,南安市,350104,仓山区,145.33013624993404,0.008277491654782657
350583,南安市,350105,马尾区,164.29102625054594,0.007322183185846755
350583,南安市,350111,晋安区,160.47667692976376,0.007496223208334267
350583,南安市,350121,闽侯县,148.32051900832468,0.008110603967949553
350583,南安市,350122,连江县,192.71194805710272,0.006242316587660678
350583,南安市,350123,罗源县,197.37859457303495,0.00609472872476112
350583,南安市,350124,闽清县,141.93490934267513,0.00847549764584633
350583,南安市,350125,永泰县,101.72609419568943,0.011825569432392798
350583,南安市,350128,平潭县,147.28763253447448,0.008167481337685875
350583,南安市,350181,福清市,120.49745520558787,0.009983355979964874
350583,南安市,350182,长乐市,151.92695487066646,0.007918074781537799
350583,南安市,350203,思明区,63.39536807643726,0.018975660627868075
350583,南安市,350205,海沧区,67.64463806267392,0.017783656243125785
350583,南安市,350206,湖里区,62.67344691699114,0.019194236940415086
350583,南安市,350211,集美区,53.91914857141007,0.022310608046862114
350583,南安市,350212,同安区,39.25774467972225,0.030642845120408133
350583,南安市,350213,翔安区,35.707589986603374,0.03368944783023946
350583,南安市,350302,城厢区,74.66276243573624,0.016112034309374437
350583,南安市,350303,涵江区,96.19349143990372,0.012505721249849867
350583,南安市,350304,荔城区,82.39448167754277,0.014600115996908242
350583,南安市,350305,秀屿区,93.05214977371702,0.012927901106235797
350583,南安市,350322,仙游县,57.92975278775903,0.02076599557406451
350583,南安市,350402_350403,三元区（含原梅列区）,158.38981125343074,0.007594989731204689
350583,南安市,350421,明溪县,192.26005631865422,0.006256988648767684
350583,南安市,350423,清流县,191.13862260991147,0.006293699167500831
350583,南安市,350424,宁化县,215.5621883656655,0.005580612254486014
350583,南安市,350425,大田县,107.75564847397882,0.011163860150567903
350583,南安市,350426,尤溪县,126.40353862841854,0.009516893301013957
350583,南安市,350427,沙县,169.45471608550363,0.0070990587797524615
350583,南安市,350428,将乐县,215.8995201845052,0.0055718928368586095
350583,南安市,350429,泰宁县,240.81556182072305,0.004995395567055649
350583,南安市,350430,建宁县,256.70905920153587,0.004686118182735555
350583,南安市,350481,永安市,146.97210204161578,0.008185015885917107
350583,南安市,350502,鲤城区,22.505798363761187,0.0534515137189834
350583,南安市,350503,丰泽区,24.506934164922008,0.04908688218206929
350583,南安市,350504,洛江区,29.115079258684787,0.041317730214951054
350583,南安市,350505,泉港区,49.661726370421654,0.024223261612462577
350583,南安市,350521,惠安县,43.037066557137315,0.0279519280990064
350583,南安市,350524,安溪县,48.52096798379425,0.024792765684292215
350583,南安市,350525,永春县,48.69195387439082,0.024705703802737483
350583,南安市,350526,德化县,72.52741725370632,0.016586403260289553
350583,南安市,350581,石狮市,41.87369669245672,0.028728511810947002
350583,南安市,350582,晋江市,29.6506231787538,0.04057145722519736
350583,南安市,350602,芗城区,90.17369556078276,0.013340575458464805
350583,南安市,350603,龙文区,86.91162245724017,0.01384129022086898
350583,南安市,350622,云霄县,154.90409767857548,0.007765895208875652
350583,南安市,350623,漳浦县,119.62552393861378,0.010056123061283832
350583,南安市,350624,诏安县,178.76011591479153,0.006729515607221172
350583,南安市,350625,长泰县,67.80681723336592,0.017741121602228904
350583,南安市,350626,东山县,174.93494517957356,0.006876664858255668
350583,南安市,350627,南靖县,115.3284187660714,0.010430811441517467
350583,南安市,350628,平和县,139.82337508715727,0.008603489861744494
350583,南安市,350629,华安县,84.33930563319906,0.014263444321312059
350583,南安市,350681,龙海市,89.11556297957657,0.013498977617107697
350583,南安市,350702,延平区,172.88179156975073,0.006958332506126919
350583,南安市,350721,顺昌县,217.08015646835,0.005541588920738808
350583,南安市,350722,浦城县,329.3555578063017,0.0036524933661655013
350583,南安市,350723,光泽县,308.1203139303508,0.0039042183705848784
350583,南安市,350724,松溪县,290.60817791500057,0.0041394877412882355
350583,南安市,350725,政和县,262.326234884336,0.004585774619635983
350583,南安市,350781,邵武市,260.8418678953088,0.004611870784793175
350583,南安市,350782,武夷山市,305.1496190579906,0.0039422267467050095
350583,南安市,350783,建瓯市,226.76396033398063,0.005304939057447702
350583,南安市,350784,建阳市,269.11698531772106,0.004470059697558752
350583,南安市,350802,新罗区,136.8983804284852,0.008787313525784756
350583,南安市,350821,长汀县,212.89839309231473,0.005650437152316301
350583,南安市,350822,永定县,165.2021271632107,0.007281800849990192
350583,南安市,350823,上杭县,182.33126788559716,0.006597710880571797
350583,南安市,350824,武平县,224.34642629006078,0.0053621045357857364
350583,南安市,350825,连城县,172.0720506073723,0.006991077201387841
350583,南安市,350881,漳平市,103.41021988132157,0.011632979713009401
350583,南安市,350902,蕉城区,221.5157680761722,0.0054306246478291
350583,南安市,350921,霞浦县,259.86231074772905,0.004629255341168277
350583,南安市,350922,古田县,183.52102705262956,0.006554938196004493
350583,南安市,350923,屏南县,225.44573040678782,0.005335958183047656
350583,南安市,350924,寿宁县,289.50714079400166,0.004155230806045043
350583,南安市,350925,周宁县,250.45560862853654,0.004803122583616963
350583,南安市,350926,柘荣县,286.509833583928,0.004198700529574901
350583,南安市,350981,福安市,262.02611224672853,0.004591027129634003
350583,南安市,350982,福鼎市,304.1345746771449,0.0039553838667447504
350602,芗城区,350102,鼓楼区,238.00985997473424,0.005090508886209331
350602,芗城区,350103,台江区,236.75161441255344,0.005117563021536803
350602,芗城区,350104,仓山区,232.57925161723253,0.005209369704227962
350602,芗城区,350105,马尾区,252.95566554500223,0.004789737777157137
350602,芗城区,350111,晋安区,246.24765734134093,0.004920214552649947
350602,芗城区,350121,闽侯县,232.86439319835068,0.0052029908504509165
350602,芗城区,350122,连江县,280.4631007900494,0.0043199668826089275
350602,芗城区,350123,罗源县,282.00986252712363,0.004296272819502164
350602,芗城区,350124,闽清县,218.60556105948726,0.0055423626980702625
350602,芗城区,350125,永泰县,182.912818823376,0.006623873138037188
350602,芗城区,350128,平潭县,236.54039441251558,0.005122132776585565
350602,芗城区,350181,福清市,210.43481353042924,0.0057575611510289615
350602,芗城区,350182,长乐市,241.6900060524272,0.005012997132136303
350602,芗城区,350203,思明区,52.33085473231637,0.023152522797580403
350602,芗城区,350205,海沧区,33.16712287824622,0.03652988869895273
350602,芗城区,350206,湖里区,52.062157255778146,0.023272015050285956
350602,芗城区,350211,集美区,40.94987541601152,0.029587179323458637
350602,芗城区,350212,同安区,51.707482453873425,0.023431643733334815
350602,芗城区,350213,翔安区,68.15051872699243,0.01777816706077319
350602,芗城区,350302,城厢区,164.49084234036152,0.007365706746761135
350602,芗城区,350303,涵江区,185.46883902692176,0.0065325868947233474
350602,芗城区,350304,荔城区,172.5673585790006,0.00702097614046843
350602,芗城区,350305,秀屿区,181.11493817367037,0.006689626595267549
350602,芗城区,350322,仙游县,145.27544166497867,0.008339959550774503
350602,芗城区,350402_350403,三元区（含原梅列区）,185.1786689066248,0.006542823287156042
350602,芗城区,350421,明溪县,208.35574054773872,0.00581501284304294
350602,芗城区,350423,清流县,184.7194880005906,0.006559087621566759
350602,芗城区,350424,宁化县,207.1582744752652,0.005848626178586402
350602,芗城区,350425,大田县,142.8340571149743,0.008482509925707371
350602,芗城区,350426,尤溪县,182.4038636667864,0.00664235550086892
350602,芗城区,350427,沙县,209.4361417386385,0.0057850154092258035
350602,芗城区,350428,将乐县,242.70210860279727,0.004992092216181343
350602,芗城区,350429,泰宁县,261.5081942573121,0.004633091175776591
350602,芗城区,350430,建宁县,266.6350389275781,0.004544006339451541
350602,芗城区,350481,永安市,153.84354179634389,0.007875477209246211
350602,芗城区,350502,鲤城区,101.23175000358741,0.011968491181510615
350602,芗城区,350503,丰泽区,106.19044117802189,0.011409608000174548
350602,芗城区,350504,洛江区,119.12009818734582,0.010171174517513376
350602,芗城区,350505,泉港区,139.17486449849258,0.00870553250813437
350602,芗城区,350521,惠安县,127.46731989818922,0.009505113217839258
350602,芗城区,350524,安溪县,68.22829840644289,0.01775790010164479
350602,芗城区,350525,永春县,104.23102980553055,0.011624094182580317
350602,芗城区,350526,德化县,135.51409838130186,0.00894070300934827
350602,芗城区,350581,石狮市,105.94044131024147,0.011436532566999004
350602,芗城区,350582,晋江市,95.23211763280736,0.012722507252001202
350602,芗城区,350583,南安市,90.17369556078276,0.013436194443091602
350602,芗城区,350603,龙文区,8.371531426932028,0.1447275588441341
350602,芗城区,350622,云霄县,70.37720428332044,0.017215678280274812
350602,芗城区,350623,漳浦县,45.61610932653922,0.026560601618470903
350602,芗城区,350624,诏安县,91.997536435342,0.013169823390416087
350602,芗城区,350625,长泰县,23.618934876474572,0.05129745746551924
350602,芗城区,350626,东山县,98.72091066294666,0.012272894355112295
350602,芗城区,350627,南靖县,34.58749477303799,0.03502975035217919
350602,芗城区,350628,平和县,49.752449390565815,0.02435239514934451
350602,芗城区,350629,华安县,36.918107853306324,0.0328183478964054
350602,芗城区,350681,龙海市,26.75353433560373,0.04528714942886748
350602,芗城区,350702,延平区,229.34916525927514,0.005282736938837954
350602,芗城区,350721,顺昌县,259.9252765382306,0.004661306215937097
350602,芗城区,350722,浦城县,388.44888156740365,0.0031190495447380707
350602,芗城区,350723,光泽县,340.16810807591514,0.003561742792585462
350602,芗城区,350724,松溪县,355.8075234704186,0.003405187432208846
350602,芗城区,350725,政和县,332.79744892448707,0.0036406267870212478
350602,芗城区,350781,邵武市,294.00440834011374,0.0041209970763608945
350602,芗城区,350782,武夷山市,354.47775433940615,0.003417961472546303
350602,芗城区,350783,建瓯市,287.9545086649951,0.004207578873565695
350602,芗城区,350784,建阳市,320.18186710353973,0.0037840722154794024
350602,芗城区,350802,新罗区,93.42865255846397,0.012968091415517923
350602,芗城区,350821,长汀县,175.31436697251218,0.006910964161863532
350602,芗城区,350822,永定县,89.15308125199181,0.013590010465058991
350602,芗城区,350823,上杭县,124.75155688350203,0.009712033560737486
350602,芗城区,350824,武平县,161.6067166238533,0.0074971593540066475
350602,芗城区,350825,连城县,141.55631723673224,0.008559076209792982
350602,芗城区,350881,漳平市,89.08015725341838,0.013601135702534128
350602,芗城区,350902,蕉城区,303.5324408327801,0.003991636952816863
350602,芗城区,350921,霞浦县,346.28031233453237,0.0034988743629072866
350602,芗城区,350922,古田县,258.7835243494728,0.004681871885980795
350602,芗城区,350923,屏南县,299.084266654998,0.004051003152915521
350602,芗城区,350924,寿宁县,367.35002733555604,0.0032981930503576487
350602,芗城区,350925,周宁县,328.2265218532552,0.003691326649552428
350602,芗城区,350926,柘荣县,369.7408770318963,0.0032768659958100966
350602,芗城区,350981,福安市,343.5888102347895,0.003526282786621861
350602,芗城区,350982,福鼎市,389.73139504843346,0.0031087854932914864
350603,龙文区,350102,鼓楼区,236.26269634260572,0.004962935573364257
350603,龙文区,350103,台江区,234.9057631025477,0.004991603972805885
350603,龙文区,350104,仓山区,230.71000395903056,0.005082382732505599
350603,龙文区,350105,马尾区,250.64019778968887,0.004678246149971373
350603,龙文区,350111,晋安区,244.78635670487546,0.004790122113510427
350603,龙文区,350121,闽侯县,231.65185206645756,0.005061718824511214
350603,龙文区,350122,连江县,278.49722231501636,0.004210298869736525
350603,龙文区,350123,罗源县,280.8716465221578,0.004174705972840776
350603,龙文区,350124,闽清县,218.68504894873092,0.005361850505896141
350603,龙文区,350125,永泰县,182.1301488385545,0.006438014506741899
350603,龙文区,350128,平潭县,232.23014398124283,0.005049114297721756
350603,龙文区,350181,福清市,207.40720286014167,0.005653403180642433
350603,龙文区,350182,长乐市,238.8077972308947,0.004910042946394973
350603,龙文区,350203,思明区,44.62476442740717,0.0262759155232095
350603,龙文区,350205,海沧区,25.8796099896279,0.0453081225260974
350603,龙文区,350206,湖里区,44.41201027158077,0.02640178936209951
350603,龙文区,350211,集美区,35.37694743457743,0.033144649987285744
350603,龙文区,350212,同安区,47.80255833382346,0.024529158714671016
350603,龙文区,350213,翔安区,62.39331250228876,0.01879298426886155
350603,龙文区,350302,城厢区,161.53727086167328,0.0072587368480538
350603,龙文区,350303,涵江区,182.83179226113023,0.00641330769575877
350603,龙文区,350304,荔城区,169.1675217745517,0.006931333674677417
350603,龙文区,350305,秀屿区,176.53889047525846,0.00664191633458808
350603,龙文区,350322,仙游县,143.13064320307834,0.008192211773086315
350603,龙文区,350402_350403,三元区（含原梅列区）,189.90700445809708,0.006174372260167999
350603,龙文区,350421,明溪县,214.02323543148404,0.005478641316554854
350603,龙文区,350423,清流县,191.61396316451237,0.0061193689696348655
350603,龙文区,350424,宁化县,214.27039672804275,0.005472321693723808
350603,龙文区,350425,大田县,146.37785973302238,0.00801047742108194
350603,龙文区,350426,尤溪县,184.6055419698261,0.006351686562743226
350603,龙文区,350427,沙县,213.30924860805226,0.005496979376136681
350603,龙文区,350428,将乐县,247.80580051931926,0.004731755826055659
350603,龙文区,350429,泰宁县,267.12564760517404,0.004389531858321505
350603,龙文区,350430,建宁县,272.9623027972835,0.004295672070177687
350603,龙文区,350481,永安市,159.67352168220572,0.007343462635410432
350603,龙文区,350502,鲤城区,96.40338920616517,0.012163021964197582
350603,龙文区,350503,丰泽区,101.46098437145939,0.011556723479488645
350603,龙文区,350504,洛江区,115.54217823731246,0.010148298727148432
350603,龙文区,350505,泉港区,135.244178872183,0.008669922433007921
350603,龙文区,350521,惠安县,122.62312406989165,0.009562279131539266
350603,龙文区,350524,安溪县,69.69136691551832,0.016824989840694023
350603,龙文区,350525,永春县,104.91825415109506,0.011175905945299578
350603,龙文区,350526,德化县,136.39257939120517,0.00859692327523563
350603,龙文区,350581,石狮市,99.8454472706717,0.01174371563641739
350603,龙文区,350582,晋江市,89.67015708818623,0.013076329722323593
350603,龙文区,350583,南安市,86.91162245724017,0.013491366369492915
350603,龙文区,350602,芗城区,8.371531426932028,0.14006476002293286
350603,龙文区,350622,云霄县,70.09902671636408,0.016727144373660054
350603,龙文区,350623,漳浦县,41.42405211443863,0.02830617673757157
350603,龙文区,350624,诏安县,92.84116236864298,0.012629705514476681
350603,龙文区,350625,长泰县,23.7565273198475,0.049357236625996996
350603,龙文区,350626,东山县,96.32523673781498,0.0121728903042224
350603,龙文区,350627,南靖县,42.7537976630444,0.027425786817324337
350603,龙文区,350628,平和县,53.30519171328511,0.021997041988790787
350603,龙文区,350629,华安县,43.12320015475188,0.027190851702328208
350603,龙文区,350681,龙海市,18.770798393441094,0.06246705738139465
350603,龙文区,350702,延平区,231.84874813683595,0.0050574201920885
350603,龙文区,350721,顺昌县,263.83759049940693,0.0044442360852302845
350603,龙文区,350722,浦城县,391.17425130087594,0.002997529966346866
350603,龙文区,350723,光泽县,345.2118249111653,0.0033966291294900276
350603,龙文区,350724,松溪县,357.7857751313278,0.003277258688966268
350603,龙文区,350725,政和县,334.0741197333784,0.0035098694303931184
350603,龙文区,350781,邵武市,298.83450798874094,0.003923765525706466
350603,龙文区,350782,武夷山市,358.1082420325826,0.003274307605103905
350603,龙文区,350783,建瓯市,290.21462441887576,0.004040308246648826
350603,龙文区,350784,建阳市,323.5645499722342,0.003623872084992917
350603,龙文区,350802,新罗区,101.38096343660268,0.011565845308531901
350603,龙文区,350821,长汀县,183.4612613868052,0.006391303163807894
350603,龙文区,350822,永定县,97.11506790087311,0.012073888899861784
350603,龙文区,350823,上杭县,133.12299106877126,0.008808069371968461
350603,龙文区,350824,武平县,169.89903077254084,0.006901490461752442
350603,龙文区,350825,连城县,149.34227882964555,0.007851470792642774
350603,龙文区,350881,漳平市,95.18949361435924,0.012318129825209998
350603,龙文区,350902,蕉城区,302.9665427051912,0.00387025091902197
350603,龙文区,350921,霞浦县,344.76729668825345,0.00340100859797595
350603,龙文区,350922,古田县,259.2159534502008,0.0045234736702382036
350603,龙文区,350923,屏南县,299.8575752541665,0.0039103782498867605
350603,龙文区,350924,寿宁县,367.6131884896284,0.0031896476433700013
350603,龙文区,350925,周宁县,328.4422182616241,0.003570054259600887
350603,龙文区,350926,柘荣县,369.01294482235807,0.0031775485299090013
350603,龙文区,350981,福安市,343.1668582433386,0.0034168699924577764
350603,龙文区,350982,福鼎市,388.4684058674174,0.003018409020212222
350622,云霄县,350102,鼓楼区,305.61272204562033,0.006185905641693212
350622,云霄县,350103,台江区,304.14506563778,0.006215755818727281
350622,云霄县,350104,仓山区,299.92815118497214,0.006303147783914806
350622,云霄县,350105,马尾区,319.19347620732026,0.0059227133459561175
350622,云霄县,350111,晋安区,314.4092285276646,0.006012837060566368
350622,云霄县,350121,闽侯县,301.47600268555436,0.006270785882241657
350622,云霄县,350122,连江县,347.52161650100214,0.005439924803842441
350622,云霄县,350123,罗源县,350.71637893031277,0.005390371180385795
350622,云霄县,350124,闽清县,288.7036453092786,0.0065482077978267356
350622,云霄县,350125,永泰县,252.1793758812526,0.007496614086178981
350622,云霄县,350128,平潭县,295.68790282900216,0.006393536710118652
350622,云霄县,350181,福清市,274.7515154160282,0.006880731699014085
350622,云霄县,350182,长乐市,306.3347281551448,0.006171325963792695
350622,云霄县,350203,思明区,98.48648797065566,0.01919543990682762
350622,云霄县,350205,海沧区,87.63026418158344,0.02157349951105741
350622,云霄县,350206,湖里区,98.83830171730328,0.01912711396926259
350622,云霄县,350211,集美区,101.04995092551059,0.018708484706428073
350622,云霄县,350212,同安区,115.82560637223716,0.016321878388442124
350622,云霄县,350213,翔安区,124.83966767464204,0.015143355446942019
350622,云霄县,350302,城厢区,229.29371021496632,0.008244846575611942
350622,云霄县,350303,涵江区,251.05540013164327,0.0075301764490384405
350622,云霄县,350304,荔城区,235.90130399483405,0.008013908484018476
350622,云霄县,350305,秀屿区,239.59761004548253,0.007890276789974459
350622,云霄县,350322,仙游县,212.246743079247,0.008907045799847047
350622,云霄县,350402_350403,三元区（含原梅列区）,249.50947421063705,0.007576832372622695
350622,云霄县,350421,明溪县,268.24148953956575,0.007047722053438618
350622,云霄县,350423,清流县,236.63108187987146,0.00798919333190114
350622,云霄县,350424,宁化县,256.3599585549765,0.007374363266913251
350622,云霄县,350425,大田县,210.83479398586056,0.008966695798806368
350622,云霄县,350426,尤溪县,252.20029081508588,0.007495992393051351
350622,云霄县,350427,沙县,276.21392333800725,0.00684430183181533
350622,云霄县,350428,将乐县,304.94811832819505,0.006199387200155188
350622,云霄县,350429,泰宁县,321.02764613679534,0.005888874320405576
350622,云霄县,350430,建宁县,321.568210814447,0.005878974966732901
350622,云霄县,350481,永安市,213.8926200366774,0.008838507196513131
350622,云霄县,350502,鲤城区,160.33208279708126,0.011791099002112117
350622,云霄县,350503,丰泽区,165.54922002915163,0.011419512946918895
350622,云霄县,350504,洛江区,182.4578271524395,0.010361251643623698
350622,云霄县,350505,泉港区,200.9929830809514,0.009405758512046227
350622,云霄县,350521,惠安县,185.7080749465535,0.01017990985055067
350622,云霄县,350524,安溪县,138.59651321935758,0.013640252684301872
350622,云霄县,350525,永春县,174.55455581014056,0.010830375940066963
350622,云霄县,350526,德化县,205.8835392259374,0.00918233419040164
350622,云霄县,350581,石狮市,158.18289796071423,0.011951301220595529
350622,云霄县,350582,晋江市,151.13024371231526,0.012509021457504408
350622,云霄县,350583,南安市,154.90409767857548,0.012204270189146152
350622,云霄县,350602,芗城区,70.37720428332044,0.026862269974018745
350622,云霄县,350603,龙文区,70.09902671636408,0.026968868899201155
350622,云霄县,350623,漳浦县,37.94725546880548,0.04981892466582464
350622,云霄县,350624,诏安县,24.698606486385778,0.07654243418620754
350622,云霄县,350625,长泰县,93.4260914330308,0.020235155217109283
350622,云霄县,350626,东山县,34.58543762499929,0.054661487357000334
350622,云霄县,350627,南靖县,73.49022636839324,0.02572439295530986
350622,云霄县,350628,平和县,33.78271154127339,0.05596032334957926
350622,云霄县,350629,华安县,101.94356535185787,0.018544490326095592
350622,云霄县,350681,龙海市,66.23123639175604,0.02854380447154896
350622,云霄县,350702,延平区,298.7239604575861,0.006328556499382783
350622,云霄县,350721,顺昌县,326.34125239190087,0.005792989539688793
350622,云霄县,350722,浦城县,457.2721441206369,0.004134280834251901
350622,云霄县,350723,光泽县,402.0359018445428,0.004702295125389641
350622,云霄县,350724,松溪县,425.65450518181694,0.004441375431155615
350622,云霄县,350725,政和县,403.10794462895575,0.004689789637401817
350622,云霄县,350781,邵武市,357.06229620301895,0.0052945703917176516
350622,云霄县,350782,武夷山市,421.37624509063437,0.004486469001280777
350622,云霄县,350783,建瓯市,357.5473207399466,0.005287388135262312
350622,云霄县,350784,建阳市,387.77603920837873,0.004875214738214733
350622,云霄县,350802,新罗区,138.18569080288833,0.013680804796003577
350622,云霄县,350821,长汀县,209.0264610711981,0.009044268614542958
350622,云霄县,350822,永定县,99.86392051976436,0.018930675379413623
350622,云霄县,350823,上杭县,149.0937666599648,0.012679882625722566
350622,云霄县,350824,武平县,173.11181619117735,0.010920637903697131
350622,云霄县,350825,连城县,184.89594791297532,0.01022462353996539
350622,云霄县,350881,漳平市,150.0976044749172,0.012595080834825327
350622,云霄县,350902,蕉城区,373.0440975899471,0.005067742590457133
350622,云霄县,350921,霞浦县,414.2678574762577,0.004563451948679288
350622,云霄县,350922,古田县,329.07011495159196,0.005744950317816992
350622,云霄县,350923,屏南县,369.45574131485745,0.005116963278868384
350622,云霄县,350924,寿宁县,437.5711417895085,0.004320420797733124
350622,云霄县,350925,周宁县,398.4195180796934,0.0047449770297073625
350622,云霄县,350926,柘荣县,439.040193252121,0.004305964443646274
350622,云霄县,350981,福安市,413.26180422710445,0.004574561312316003
350622,云霄县,350982,福鼎市,458.17903701310337,0.004126097679630761
350623,漳浦县,350102,鼓楼区,270.79372117322146,0.006201954815177975
350623,漳浦县,350103,台江区,269.18374217148863,0.00623904850048595
350623,漳浦县,350104,仓山区,264.95062301085045,0.006338729850359494
350623,漳浦县,350105,马尾区,283.50406775257136,0.005923902384412931
350623,漳浦县,350111,晋安区,280.00119292867026,0.005998011670536201
350623,漳浦县,350121,闽侯县,267.5294618378735,0.006277627934556204
350623,漳浦县,350122,连江县,312.2223288508575,0.005379020869940611
350623,漳浦县,350123,罗源县,316.7203493856435,0.005302628726597224
350623,漳浦县,350124,闽清县,257.20092919808206,0.00652972144457846
350623,漳浦县,350125,永泰县,219.22082686960053,0.007660998486923931
350623,漳浦县,350128,平潭县,258.08873728589725,0.006507259637175934
350623,漳浦县,350181,福清市,238.37779106001787,0.007045330924001124
350623,漳浦县,350182,长乐市,269.9851496052105,0.006220528889851987
350623,漳浦县,350203,思明区,60.814492256839614,0.027615957325720173
350623,漳浦县,350205,海沧区,52.02588919944609,0.032281051776201136
350623,漳浦县,350206,湖里区,61.2125279292016,0.02743638401754417
350623,漳浦县,350211,集美区,65.90136785203929,0.025484302946805266
350623,漳浦县,350212,同安区,81.36269553254427,0.02064152879839704
350623,漳浦县,350213,翔安区,87.87374823970998,0.01911208360395491
350623,漳浦县,350302,城厢区,193.30539115946752,0.008688068205840975
350623,漳浦县,350303,涵江区,215.29329195048857,0.007800755925718527
350623,漳浦县,350304,荔城区,199.35647907308504,0.008424358369283439
350623,漳浦县,350305,秀屿区,202.02335839425004,0.008313149708524117
350623,漳浦县,350322,仙游县,177.47482293556382,0.009463034785277595
350623,漳浦县,350402_350403,三元区（含原梅列区）,230.78403687103562,0.007277151599045457
350623,漳浦县,350421,明溪县,253.6885173113696,0.006620127866839617
350623,漳浦县,350423,清流县,228.11905362003486,0.007362166361375448
350623,漳浦县,350424,宁化县,249.8249770342015,0.006722508064997451
350623,漳浦县,350425,大田县,187.7924912903662,0.008943118073626508
350623,漳浦县,350426,尤溪县,225.6445395571259,0.007442903011287095
350623,漳浦县,350427,沙县,254.67201861231413,0.006594562025704289
350623,漳浦县,350428,将乐县,288.2931632688686,0.005825495144967867
350623,漳浦县,350429,泰宁县,306.85459343138564,0.005473114820181947
350623,漳浦县,350430,建宁县,311.12539177216155,0.005397985723325634
350623,漳浦县,350481,永安市,199.0893774470986,0.008435660628837322
350623,漳浦县,350502,鲤城区,123.2808914383091,0.0136229581353298
350623,漳浦县,350503,丰泽区,128.49646519740048,0.013070012629298368
350623,漳浦县,350504,洛江区,146.27736835745122,0.011481273158033769
350623,漳浦县,350505,泉港区,164.21369830542906,0.01022722489220437
350623,漳浦县,350521,惠安县,148.30798461102427,0.01132407285659644
350623,漳浦县,350524,安溪县,110.57610774674657,0.015188185379039407
350623,漳浦县,350525,永春县,144.8550245062036,0.011594008759277094
350623,漳浦县,350526,德化县,176.36021241868804,0.009522841914950309
350623,漳浦县,350581,石狮市,120.33065262737989,0.013956962638197165
350623,漳浦县,350582,晋江市,113.65465401691816,0.014776785319325565
350623,漳浦县,350583,南安市,119.62552393861378,0.014039231492202599
350623,漳浦县,350602,芗城区,45.61610932653922,0.036817046603602535
350623,漳浦县,350603,龙文区,41.42405211443863,0.04054288118194113
350623,漳浦县,350622,云霄县,37.94725546880548,0.04425749378188401
350623,漳浦县,350624,诏安县,62.62908143487558,0.0268158239666438
350623,漳浦县,350625,长泰县,64.72733807909249,0.02594653932621246
350623,漳浦县,350626,东山县,56.19617487755376,0.029885493569795255
350623,漳浦县,350627,南靖县,66.22039108071522,0.025361529817955336
350623,漳浦县,350628,平和县,44.58006687614206,0.03767267616749617
350623,漳浦县,350629,华安县,82.28681974805708,0.020409713585873235
350623,漳浦县,350681,龙海市,30.756718933454565,0.05460434276438564
350623,漳浦县,350702,延平区,273.026060999438,0.006151245843720682
350623,漳浦县,350721,顺昌县,305.19430509156297,0.005502889126474237
350623,漳浦县,350722,浦城县,432.4211033574371,0.0038838308535603483
350623,漳浦县,350723,光泽县,385.76497045909514,0.004353558647254894
350623,漳浦县,350724,松溪县,398.54756453083263,0.00421392720070253
350623,漳浦县,350725,政和县,374.125416319638,0.0044890038198189845
350623,漳浦县,350781,邵武市,339.6203979636961,0.004945081134760782
350623,漳浦县,350782,武夷山市,399.52479269821936,0.004203620034711573
350623,漳浦县,350783,建瓯市,331.22186764299715,0.005070469636867077
350623,漳浦县,350784,建阳市,364.98630112252033,0.004601406731663764
350623,漳浦县,350802,新罗区,132.96647050654323,0.01263063098954392
350623,漳浦县,350821,长汀县,211.57316906235215,0.007937917791718083
350623,漳浦县,350822,永定县,110.71643157787857,0.015168935622431866
350623,漳浦县,350823,上杭县,155.47285752940385,0.0108022097852842
350623,漳浦县,350824,武平县,186.56054602071546,0.009002173604078852
350623,漳浦县,350825,连城县,181.48274447437188,0.009254050173279071
350623,漳浦县,350881,漳平市,134.20526501447418,0.012514042744664989
350623,漳浦县,350902,蕉城区,340.0248103438325,0.0049391996462021855
350623,漳浦县,350921,霞浦县,379.48775570538265,0.00442557209738823
350623,漳浦县,350922,古田县,298.1972302726812,0.0056320121465061185
350623,漳浦县,350923,屏南县,339.2808660684364,0.004950029874692257
350623,漳浦县,350924,寿宁县,406.14268891620435,0.004135124104860418
350623,漳浦县,350925,周宁县,366.94334548925616,0.004576865730351269
350623,漳浦县,350926,柘荣县,405.580810355319,0.004140852772296843
350623,漳浦县,350981,福安市,380.43761158999047,0.004414522570287343
350623,漳浦县,350982,福鼎市,423.72951269182704,0.003963496458580795
350624,诏安县,350102,鼓楼区,329.03008978534075,0.006592157707187789
350624,诏安县,350103,台江区,327.63084896763377,0.006620311393477476
350624,诏安县,350104,仓山区,323.42544596951535,0.006706393294977681
350624,诏安县,350105,马尾区,343.0072563736761,0.006323534566604534
350624,诏安县,350111,晋安区,337.6220593264094,0.006424397287909853
350624,诏安县,350121,闽侯县,324.4817798562258,0.006684560973612113
350624,诏安县,350122,连江县,371.1343590432819,0.005844293823580403
350624,诏安县,350123,罗源县,373.6922546024791,0.005804290069063515
350624,诏安县,350124,闽清县,310.53421317047463,0.0069847963615023425
350624,诏安县,350125,永泰县,274.7977199139822,0.007893144975708224
350624,诏安县,350128,平潭县,320.3149949427731,0.006771516402666809
350624,诏安县,350181,福清市,298.8971713050154,0.007256737267887048
350624,诏安县,350182,长乐市,330.4540734356315,0.006563750961592012
350624,诏安县,350203,思明区,123.16308736746552,0.01761094406316488
350624,诏安县,350205,海沧区,111.85867168046227,0.01939070265800389
350624,诏安县,350206,湖里区,123.50703918614732,0.017561899763510833
350624,诏安县,350211,集美区,125.07607999611034,0.017341591152701435
350624,诏安县,350212,同安区,139.5514530239187,0.015542785082311977
350624,诏安县,350213,翔安区,149.32707413623552,0.01452528454616518
350624,诏安县,350302,城厢区,253.3092176467668,0.00856272923040552
350624,诏安县,350303,涵江区,274.9535903138158,0.007888670374514966
350624,诏安县,350304,荔城区,260.1413619669074,0.008337844569872917
350624,诏安县,350305,秀屿区,264.22203032309227,0.008209074162449042
350624,诏安县,350322,仙游县,235.7683200694114,0.009199786644942603
350624,诏安县,350402_350403,三元区（含原梅列区）,264.82972249306096,0.008190237190359011
350624,诏安县,350421,明溪县,281.06828428934233,0.007717050850327369
350624,诏安县,350423,清流县,246.25113992056205,0.008808155133717658
350624,诏安县,350424,宁化县,264.57117337091114,0.008198241005017978
350624,诏安县,350425,大田县,228.77415163956232,0.009481045943041897
350624,诏安县,350426,尤溪县,271.65913692517637,0.007984337529838141
350624,诏安县,350427,沙县,292.89025878599045,0.007405566341692455
350624,诏安县,350428,将乐县,318.7230523189029,0.006805338448205127
350624,诏安县,350429,泰宁县,333.2706914517368,0.006508277799127243
350624,诏安县,350430,建宁县,331.5972300293468,0.006541122922176288
350624,诏安县,350481,永安市,227.40539511452272,0.009538112502488313
350624,诏安县,350502,鲤城区,184.81166884145267,0.011736370630016302
350624,诏安县,350503,丰泽区,190.02557853767152,0.011414348841701477
350624,诏安县,350504,洛江区,206.6029963932548,0.010498483952994296
350624,诏安县,350505,泉港区,225.3477545950346,0.0096252045917786
350624,诏安县,350521,惠安县,210.28794315974423,0.010314515467144209
350624,诏安县,350524,安溪县,159.65128107427182,0.013585974554542213
350624,诏安县,350525,永春县,195.9939984944897,0.011066758466770632
350624,诏安县,350526,德化县,227.0470887261386,0.009553164739722196
350624,诏安县,350581,石狮市,182.87930357064815,0.011860381136224145
350624,诏安县,350582,晋江市,175.74417576189174,0.012341906824917112
350624,诏安县,350583,南安市,178.76011591479153,0.012133681113235664
350624,诏安县,350602,芗城区,91.997536435342,0.02357691658188652
350624,诏安县,350603,龙文区,92.84116236864298,0.02336267865392116
350624,诏安县,350622,云霄县,24.698606486385778,0.08781945829497376
350624,诏安县,350623,漳浦县,62.62908143487558,0.03463276472497147
350624,诏安县,350625,长泰县,115.51159567249564,0.018777493546404074
350624,诏安县,350626,东山县,37.25055840730663,0.05822780476358376
350624,诏安县,350627,南靖县,88.10006862431491,0.02461993816967916
350624,诏安县,350628,平和县,47.0557749619799,0.046094623752932475
350624,诏安县,350629,华安县,120.30522755697552,0.018029293375866777
350624,诏安县,350681,龙海市,90.59089924281832,0.023943003771949807
350624,诏安县,350702,延平区,317.5293335412703,0.006830922416159103
350624,诏安县,350721,顺昌县,342.54737933283803,0.006332024044380692
350624,诏安县,350722,浦城县,475.186932277934,0.004564557850691227
350624,诏安县,350723,光泽县,415.1414763838406,0.0052247688213876405
350624,诏安县,350724,松溪县,444.8885851365351,0.004875418958230763
350624,诏安县,350725,政和县,423.40593969627247,0.005122786524513698
350624,诏安县,350781,邵武市,371.0270994996212,0.005845983339762325
350624,诏安县,350782,武夷山市,437.66294856498916,0.004955910134469707
350624,诏安县,350783,建瓯市,376.501231132735,0.005760985789473925
350624,诏安县,350784,建阳市,404.68703632499825,0.005359742338109435
350624,诏安县,350802,新罗区,147.89297439500243,0.014666134420164987
350624,诏安县,350821,长汀县,212.20288574384304,0.010221436125488963
350624,诏安县,350822,永定县,101.31741332830539,0.021408148619494593
350624,诏安县,350823,上杭县,151.19560564476703,0.014345775679295975
350624,诏安县,350824,武平县,169.5873045904073,0.012789980049000756
350624,诏安县,350825,连城县,192.27514664634444,0.011280803994208588
350624,诏安县,350881,漳平市,165.26335494704898,0.013124617026987537
350624,诏安县,350902,蕉城区,395.50677342178403,0.005484149420525847
350624,诏安县,350921,霞浦县,437.58756191300205,0.004956763928098926
350624,诏安县,350922,古田县,350.49816702657256,0.006188386834304565
350624,诏安县,350923,屏南县,390.44706771014853,0.005555217138639934
350624,诏安县,350924,寿宁县,459.1360044800264,0.004724130151220763
350624,诏安县,350925,周宁县,420.0539758850318,0.005163665544898405
350624,诏安县,350926,柘荣县,461.67166302857134,0.004698183613970023
350624,诏安县,350981,福安市,435.5846609744721,0.004979556069359021
350624,诏安县,350982,福鼎市,481.3085937095492,0.004506502212142178
350625,长泰县,350102,鼓楼区,214.44806519003131,0.005774660702404922
350625,长泰县,350103,台江区,213.21274486921126,0.005808118156910738
350625,长泰县,350104,仓山区,209.04716764777694,0.005923853591004689
350625,长泰县,350105,马尾区,229.57270694166883,0.005394216199551516
350625,长泰县,350111,晋安区,222.64109008899317,0.005562157525660015
350625,长泰县,350121,闽侯县,209.24549708654322,0.005918238776949447
350625,长泰县,350122,连江县,256.94882270242647,0.004819499858903025
350625,长泰县,350123,罗源县,258.3923058353932,0.004792576198257751
350625,长泰县,350124,闽清县,195.2908549495981,0.006341130592516724
350625,长泰县,350125,永泰县,159.3213410831721,0.007772749126641904
350625,长泰县,350128,平潭县,214.92889144276444,0.005761741971713558
350625,长泰县,350181,福清市,187.49840517950997,0.006604668522775107
350625,长泰县,350182,长乐市,218.6256483509307,0.005664316259782385
350625,长泰县,350203,思明区,45.23219636565076,0.027377950094416695
350625,长泰县,350205,海沧区,27.57524504148828,0.04490856972971459
350625,长泰县,350206,湖里区,44.631444030173306,0.02774646533781072
350625,长泰县,350211,集美区,26.273758921865124,0.04713314217590201
350625,长泰县,350212,同安区,31.28664162026937,0.03958126377991798
350625,长泰县,350213,翔安区,51.234258023055176,0.024170640164289766
350625,长泰县,350302,城厢区,141.5534581783958,0.008748389694577202
350625,长泰县,350303,涵江区,162.28906700078002,0.007630611461668523
350625,长泰县,350304,荔城区,150.00308325257907,0.008255595737818614
350625,长泰县,350305,秀屿区,160.02075454887972,0.00773877624968562
350625,长泰县,350322,仙游县,121.87849844964626,0.01016065040603753
350625,长泰县,350402_350403,三元区（含原梅列区）,168.54548907545492,0.007347362552107509
350625,长泰县,350421,明溪县,194.36634815519102,0.006371292286516982
350625,长泰县,350423,清流县,175.6384004007398,0.007050649584226266
350625,长泰县,350424,宁化县,199.0440298011627,0.00622156221413283
350625,长泰县,350425,大田县,123.63977003426004,0.010015910045905919
350625,长泰县,350426,尤溪县,160.97002810959387,0.007693139084976253
350625,长泰县,350427,沙县,190.7798446149532,0.006491067320339879
350625,长泰县,350428,将乐县,226.94267940648257,0.005456729505434178
350625,长泰县,350429,泰宁县,247.23111779777292,0.0050089358725974985
350625,长泰县,350430,建宁县,254.81911910851454,0.004859779827714913
350625,长泰县,350481,永安市,140.63988575829288,0.008805217723853436
350625,长泰县,350502,鲤城区,81.12237148130089,0.0152653921741562
350625,长泰县,350503,丰泽区,85.82610428651346,0.014428766458111707
350625,长泰县,350504,洛江区,96.91460305280123,0.012777896991281634
350625,长泰县,350505,泉港区,117.30712280867817,0.010556603768889223
350625,长泰县,350521,惠安县,107.10916233806746,0.0115617075862381
350625,长泰县,350524,安溪县,45.96565376972004,0.026941089992184943
350625,长泰县,350525,永春县,81.24075948489671,0.01524314669891613
350625,长泰县,350526,德化县,112.6845683873402,0.010989657523494312
350625,长泰县,350581,石狮市,88.85257265809044,0.013937298355163427
350625,长泰县,350582,晋江市,76.88037668585592,0.016107684016947215
350625,长泰县,350583,南安市,67.80681723336592,0.018263131426706703
350625,长泰县,350602,芗城区,23.618934876474572,0.05243101863975691
350625,长泰县,350603,龙文区,23.7565273198475,0.052127350015717375
350625,长泰县,350622,云霄县,93.4260914330308,0.013255021116315466
350625,长泰县,350623,漳浦县,64.72733807909249,0.019132021360842053
350625,长泰县,350624,诏安县,115.51159567249564,0.010720696978948483
350625,长泰县,350626,东山县,120.05289810780528,0.01031515968608783
350625,长泰县,350627,南靖县,49.022696800735076,0.025261050402699874
350625,长泰县,350628,平和县,73.04529667696478,0.016953381957447337
350625,长泰县,350629,华安县,29.471871336535145,0.04201853355760581
350625,长泰县,350681,龙海市,37.29917864931464,0.03320086016913933
350625,长泰县,350702,延平区,208.3042138967578,0.005944982060580953
350625,长泰县,350721,顺昌县,241.29506749716225,0.005132159673235785
350625,长泰县,350722,浦城县,367.69382217701644,0.003367923908614012
350625,长泰县,350723,光泽县,324.12460682892714,0.003820644248134025
350625,长泰县,350724,松溪县,334.06933542536296,0.0037069095646951873
350625,长泰县,350725,政和县,310.32783948688274,0.003990505063313816
350625,长泰县,350781,邵武市,277.44618930551985,0.0044634414257388585
350625,长泰县,350782,武夷山市,335.24079707785245,0.003693956181807011
350625,长泰县,350783,建瓯市,266.5710408005547,0.004645533929869646
350625,长泰县,350784,建阳市,300.5060546273913,0.004120931327973201
350625,长泰县,350802,新罗区,92.41050450658886,0.013400693150326297
350625,长泰县,350821,长汀县,175.10740576843546,0.007072029931145655
350625,长泰县,350822,永定县,102.40627286617114,0.012092665616079891
350625,长泰县,350823,上杭县,130.53345596235252,0.009486953406924296
350625,长泰县,350824,武平县,170.14581096651935,0.00727825626575857
350625,长泰县,350825,连城县,138.20521614897098,0.008960333403225629
350625,长泰县,350881,漳平市,77.70456126238092,0.01593683555561328
350625,长泰县,350902,蕉城区,279.9954691020845,0.004422803050102726
350625,长泰县,350921,霞浦县,322.6745044309157,0.0038378142609800624
350625,长泰县,350922,古田县,235.66662285199308,0.005254731449762317
350625,长泰县,350923,屏南县,276.1994778580198,0.004483588543915436
350625,长泰县,350924,寿宁县,344.14544739457943,0.0035983762799564147
350625,长泰县,350925,周宁县,304.9936854595453,0.00406029656939865
350625,长泰县,350926,柘荣县,346.17215130163225,0.0035773091801385576
350625,长泰县,350981,福安市,320.0936614749941,0.0038687576912746348
350625,长泰县,350982,福鼎市,366.11246502823207,0.003382471052069065
350626,东山县,350102,鼓楼区,325.9504645605896,0.0070561018678315605
350626,东山县,350103,台江区,324.2414695211996,0.007093292801820855
350626,东山县,350104,仓山区,320.00369827145136,0.0071872284421399335
350626,东山县,350105,马尾区,337.88539700109067,0.0068068632211386055
350626,东山县,350111,晋安区,335.4028593947949,0.006857245301833683
350626,东山县,350121,闽侯县,323.1797920178127,0.007116594968536199
350626,东山县,350122,连江县,366.9349876577766,0.006267975960775888
350626,东山县,350123,罗源县,372.29760925758984,0.006177691246508194
350626,东山县,350124,闽清县,313.39109042228665,0.007338880242917658
350626,东山县,350125,永泰县,275.24576358167946,0.008355949431803086
350626,东山县,350128,平潭县,308.53100093164835,0.007454484881135388
350626,东山县,350181,福清市,292.01054416120377,0.007876221348147156
350626,东山县,350182,长乐市,323.5583997127608,0.007108267576574474
350626,东山县,350203,思明区,113.46607600880662,0.020269844192267933
350626,东山县,350205,海沧区,107.76388954241942,0.021342396711666656
350626,东山县,350206,湖里区,114.02554117860329,0.020170390405813053
350626,东山县,350211,集美区,121.69034335265059,0.018899935840771417
350626,东山县,350212,同安区,137.2931815966502,0.01675203134678217
350626,东山县,350213,翔安区,141.6676644960528,0.016234753992648922
350626,东山县,350302,城厢区,247.614177139322,0.009288400641585487
350626,东山县,350303,涵江区,269.77155670565213,0.008525508433478057
350626,东山县,350304,荔城区,252.877765939105,0.00909506485580225
350626,东山县,350305,秀屿区,252.8960943617647,0.00909440569895281
350626,东山县,350322,仙游县,232.86424795788778,0.009876740212273685
350626,东山县,350402_350403,三元区（含原梅列区）,281.8813343853753,0.008159247886425032
350626,东山县,350421,明溪县,301.797953536786,0.007620792834588264
350626,东山县,350423,清流县,271.050320840907,0.008485286697581482
350626,东山县,350424,宁化县,290.9127007925354,0.007905944551546907
350626,东山县,350425,大田县,241.37001171310314,0.009528688611658568
350626,东山县,350426,尤溪县,280.8820741947497,0.008188275056000465
350626,东山县,350427,沙县,307.57057584716,0.007477762381761258
350626,东山县,350428,将乐县,338.0410055124354,0.00680372985614591
350626,东山县,350429,泰宁县,354.7314858916049,0.006483607385529155
350626,东山县,350430,建宁县,355.86595833071397,0.006462938159623452
350626,东山县,350481,永安市,247.28423548388548,0.009300793790214819
350626,东山县,350502,鲤城区,176.42423425254916,0.013036415839074608
350626,东山县,350503,丰泽区,181.57922321040178,0.012666315237737997
350626,东山县,350504,洛江区,200.60138007533794,0.011465223623799469
350626,东山县,350505,泉港区,217.53171857871243,0.010572893446682916
350626,东山县,350521,惠安县,200.27798167984614,0.011483737066429517
350626,东山县,350524,安溪县,166.01281798399282,0.013853988563872845
350626,东山县,350525,永春县,200.83974767882626,0.011451616068969073
350626,东山县,350526,德化县,232.35657156035427,0.00989831992425114
350626,东山县,350581,石狮市,170.44191491698578,0.0134939793590487
350626,东山县,350582,晋江市,165.80553305042574,0.013871308390577472
350626,东山县,350583,南安市,174.93494517957356,0.013147399905979993
350626,东山县,350602,芗城区,98.72091066294666,0.023297391265554714
350626,东山县,350603,龙文区,96.32523673781498,0.02387681317686956
350626,东山县,350622,云霄县,34.58543762499929,0.06650023361693948
350626,东山县,350623,漳浦县,56.19617487755376,0.04092697922621772
350626,东山县,350624,诏安县,37.25055840730663,0.06174242159428708
350626,东山县,350625,长泰县,120.05289810780528,0.019157718956032514
350626,东山县,350627,南靖县,107.30801027626151,0.021433066141897605
350626,东山县,350628,平和县,68.35850662885191,0.033645259313429925
350626,东山县,350629,华安县,133.1641272174807,0.017271465895994122
350626,东山县,350681,龙海市,86.84083480489397,0.026484541367823494
350626,东山县,350702,延平区,327.99935113731357,0.007012025096487751
350626,东山县,350721,顺昌县,357.9354268596966,0.006425571511556665
350626,东山县,350722,浦城县,487.1661079930582,0.004721058472810086
350626,东山县,350723,光泽县,435.3255376673051,0.005283263863017969
350626,东山县,350724,松溪县,454.11096603159785,0.005064708526872498
350626,东山县,350725,政和县,430.1396240096649,0.00534696073885735
350626,东山县,350781,邵武市,389.9915927058966,0.005897408366802893
350626,东山县,350782,武夷山市,452.7579619807102,0.0050798437022395865
350626,东山县,350783,建瓯市,386.4864264727232,0.005950893807052916
350626,东山县,350784,建阳市,418.70207994705356,0.005493021869147095
350626,东山县,350802,新罗区,172.69219857309702,0.013318144657432364
350626,东山县,350821,长汀县,243.14812969593686,0.009459006263723584
350626,东山县,350822,永定县,133.20382982472964,0.017266317979241396
350626,东山县,350823,上杭县,182.8414044045169,0.012578877794649683
350626,东山县,350824,武平县,204.65634601811988,0.011238056999233772
350626,东山县,350825,连城县,219.48061855338588,0.01047901038809543
350626,东山县,350881,漳平市,182.96858881115438,0.012570134014534896
350626,东山县,350902,蕉城区,395.9537312090826,0.005808607169285802
350626,东山县,350921,霞浦县,434.5399643658502,0.00529281509276823
350626,东山县,350922,古田县,354.39143240073946,0.00648982867962172
350626,东山县,350923,屏南县,395.44368423165054,0.005816099165359886
350626,东山县,350924,寿宁县,462.32098155129745,0.004974768123413295
350626,东山县,350925,周宁县,423.1223249012447,0.005435637749304149
350626,东山县,350926,柘荣县,461.3303693416473,0.004985450416127439
350626,东山县,350981,福安市,436.40199019366423,0.005270231881357566
350626,东山县,350982,福鼎市,478.9712076898346,0.004801832855255682
350627,南靖县,350102,鼓楼区,255.67197172962386,0.006235060728809227
350627,南靖县,350103,台江区,254.7685092412595,0.006257171559923831
350627,南靖县,350104,仓山区,250.71653954668326,0.006358297195992428
350627,南靖县,350105,马尾区,272.44822493101117,0.005851131057257809
350627,南靖县,350111,晋安区,262.8282802358798,0.006065292018643963
350627,南靖县,350121,闽侯县,248.68953095433068,0.006410122148170952
350627,南靖县,350122,连江县,298.5531841292398,0.0053395185686531555
350627,南靖县,350123,罗源县,297.13577571850965,0.00536498934379007
350627,南靖县,350124,闽清县,229.83541441780937,0.006935964478871344
350627,南靖县,350125,永泰县,197.86943705633075,0.00805647549264909
350627,南靖县,350128,平潭县,262.5293000340621,0.006072199446620887
350627,南靖县,350181,福清市,232.6423518955498,0.006852278862381526
350627,南靖县,350182,长乐市,263.16259472010086,0.006057586839361096
350627,南靖县,350203,思明区,86.7639341537618,0.0183731902654795
350627,南靖县,350205,海沧区,67.4113898150294,0.023647788226333063
350627,南靖县,350206,湖里区,86.45436497225398,0.018438979580732665
350627,南靖县,350211,集美区,73.05423501325664,0.02182118901251002
350627,南靖县,350212,同安区,80.30813698537938,0.01985017123082836
350627,南靖县,350213,翔安区,99.6618750170144,0.015995387103809242
350627,南靖县,350302,城厢区,187.0072172175179,0.008524431805936046
350627,南靖县,350303,涵江区,206.6947058159005,0.007712487187787313
350627,南靖县,350304,荔城区,196.34635998574805,0.00811897032623529
350627,南靖县,350305,秀屿区,208.2522729148903,0.007654803705504326
350627,南靖县,350322,仙游县,165.5818858990346,0.00962744361639074
350627,南靖县,350402_350403,三元区（含原梅列区）,176.86417109621868,0.00901330247108869
350627,南靖县,350421,明溪县,194.75204706448173,0.00818543524659738
350627,南靖县,350423,清流县,164.34534599857275,0.00969988082535933
350627,南靖县,350424,宁化县,185.10663893971136,0.00861195621896524
350627,南靖县,350425,大田县,141.38004656752292,0.011275496854694032
350627,南靖县,350426,尤溪县,185.75688844249234,0.008581809717824383
350627,南靖县,350427,沙县,204.81900474379998,0.00778311696408561
350627,南靖县,350428,将乐县,231.60503336327542,0.00688296902376982
350627,南靖县,350429,泰宁县,247.5523465561198,0.006439568408725276
350627,南靖县,350430,建宁县,248.76120026515147,0.006408275360825712
350627,南靖县,350481,永安市,140.4464274418538,0.011350450840400239
350627,南靖县,350502,鲤城区,130.0474077834127,0.012258070326503877
350627,南靖县,350503,丰泽区,134.67009097050408,0.011837300018886545
350627,南靖县,350504,洛江区,144.30424742401203,0.01104700865598596
350627,南靖县,350505,泉港区,164.9744110803446,0.00966289414188143
350627,南靖县,350521,惠安县,155.89353389419685,0.01022576261226151
350627,南靖县,350524,安溪县,80.43920025987337,0.019817828437359828
350627,南靖县,350525,永春县,116.30677269591538,0.013706254876115098
350627,南靖县,350526,德化县,145.50108462282088,0.01095614011758763
350627,南靖县,350581,石狮市,137.5409674083534,0.011590221447662894
350627,南靖县,350582,晋江市,125.83327287431095,0.012668591017106452
350627,南靖县,350583,南安市,115.3284187660714,0.013822527764141857
350627,南靖县,350602,芗城区,34.58749477303799,0.04608978709933262
350627,南靖县,350603,龙文区,42.7537976630444,0.037286284670017454
350627,南靖县,350622,云霄县,73.49022636839324,0.021691731665072215
350627,南靖县,350623,漳浦县,66.22039108071522,0.024073102625527157
350627,南靖县,350624,诏安县,88.10006862431491,0.01809454062046705
350627,南靖县,350625,长泰县,49.022696800735076,0.03251820838964325
350627,南靖县,350626,东山县,107.30801027626151,0.014855650256533098
350627,南靖县,350628,平和县,41.21536705076649,0.03867805589175153
350627,南靖县,350629,华安县,36.08850815238444,0.04417279494229448
350627,南靖县,350681,龙海市,59.45256151102499,0.026813483386968654
350627,南靖县,350702,延平区,230.61317453779782,0.006912572421691027
350627,南靖县,350721,顺昌县,254.4512514133561,0.006264973198339417
350627,南靖县,350722,浦城县,387.41691011363645,0.0041147668797446475
350627,南靖县,350723,光泽县,328.5868652652722,0.004851472894699061
350627,南靖县,350724,松溪县,358.1689028506329,0.004450777992452908
350627,南靖县,350725,政和县,338.22264589523877,0.004713257050452994
350627,南靖县,350781,邵武市,283.79492677100325,0.005617190865694788
350627,南靖县,350782,武夷山市,349.5683403376548,0.004560282172146366
350627,南靖县,350783,建瓯市,289.6001464217995,0.005504590691976954
350627,南靖县,350784,建阳市,316.6228716726331,0.0050347919023260735
350627,南靖县,350802,新罗区,67.18874664512677,0.023726149838876682
350627,南靖县,350821,长汀县,145.6055959534061,0.010948276128746614
350627,南靖县,350822,永定县,54.75134939287094,0.029115817017583295
350627,南靖县,350823,上杭县,91.66403953701855,0.017391010459939533
350627,南靖县,350824,武平县,127.26558744502124,0.012526011959652998
350627,南靖县,350825,连城县,115.52318148033862,0.013799224103431675
350627,南靖县,350881,漳平市,77.24697904642915,0.02063679758182455
350627,南靖县,350902,蕉城区,316.38858093319527,0.005038520245220853
350627,南靖县,350921,霞浦县,362.386693837559,0.004398975728129727
350627,南靖县,350922,古田县,268.185996191951,0.005944121963950796
350627,南靖县,350923,屏南县,306.7847045916869,0.005196250812146251
350627,南靖县,350924,寿宁县,376.64449169044104,0.004232453429051591
350627,南靖县,350925,周宁县,337.92633432374987,0.004717389881965655
350627,南靖县,350926,柘荣县,382.83682584778774,0.004163994064203248
350627,南靖县,350981,福安市,355.65723518374574,0.004482209590267476
350627,南靖县,350982,福鼎市,404.7361171896629,0.003938690427376851
350628,平和县,350102,鼓楼区,287.38274140608695,0.006202192664077876
350628,平和县,350103,台江区,286.1894188919406,0.006228053914195972
350628,平和县,350104,仓山区,282.0338640969598,0.006319819558684815
350628,平和县,350105,马尾区,302.6143217223207,0.0058900157811002645
350628,平和县,350111,晋安区,295.39478168008634,0.006033969592806723
350628,平和县,350121,闽侯县,281.79684613518884,0.0063251351282914425
350628,平和县,350122,连江县,329.95168973311075,0.0054020124339207365
350628,平和县,350123,罗源县,330.81177754919037,0.005387967573997226
350628,平和县,350124,闽清县,265.8370711545759,0.006704870478711414
350628,平和县,350125,永泰县,231.47586226189594,0.007700168445705058
350628,平和县,350128,平潭县,285.53058155795327,0.0062424246145754885
350628,平和县,350181,福清市,260.17438277014156,0.006850801802828282
350628,平和县,350182,长乐市,291.44205004442176,0.0061158063164177805
350628,平和县,350203,思明区,93.24722647401833,0.019114811216696684
350628,平和县,350205,海沧区,77.2658930404699,0.02306843369554849
350628,平和县,350206,湖里区,93.3152610490176,0.01910087493186289
350628,平和县,350211,集美区,88.49527657423927,0.02014122334581498
350628,平和县,350212,同安区,100.97821181598749,0.017651363581081166
350628,平和县,350213,翔安区,115.12396682031809,0.01548246798438887
350628,平和县,350302,城厢区,214.2347548081596,0.008319859829127663
350628,平和县,350303,涵江区,235.2123071787453,0.007577848080784807
350628,平和县,350304,荔城区,222.20496473997756,0.008021437021522786
350628,平和县,350305,秀屿区,229.79706192358233,0.0077564226261698215
350628,平和县,350322,仙游县,194.92001802313266,0.009144279528641793
350628,平和县,350402_350403,三元区（含原梅列区）,218.07951802487636,0.008173179887201065
350628,平和县,350421,明溪县,235.4402749022396,0.007570510743208731
350628,平和县,350423,清流县,202.9487237113391,0.008782529389377161
350628,平和县,350424,宁化县,222.58039990117166,0.008007906946536306
350628,平和县,350425,大田县,181.76857021052507,0.009805892891532542
350628,平和县,350426,尤溪县,225.05524456440662,0.00791984712012046
350628,平和县,350427,沙县,245.87260320525021,0.0072492953964598565
350628,平和县,350428,将乐县,272.61280619576723,0.006538222306590585
350628,平和县,350429,泰宁县,288.0301546288464,0.006188251826716593
350628,平和县,350430,建宁县,287.982456107269,0.006189276786595306
350628,平和县,350481,永安市,181.35476886894222,0.009828267222570212
350628,平和县,350502,鲤城区,149.6267751242773,0.011912327382923209
350628,平和县,350503,丰泽区,154.71130996691303,0.011520832775009215
350628,平和县,350504,洛江区,168.65925517992204,0.01056807187147834
350628,平和县,350505,泉港区,188.50338761528604,0.009455549595581291
350628,平和县,350521,惠安县,175.8128889660244,0.010138068608131845
350628,平和县,350524,安溪县,114.69824718699928,0.015539933471044811
350628,平和县,350525,永春县,151.22674963589452,0.011786295313645742
350628,平和县,350526,德化县,181.80158159030222,0.009804112345667842
350628,平和县,350581,石狮市,151.82481916614933,0.011739866645787673
350628,平和县,350582,晋江市,142.424293450933,0.01251474090089471
350628,平和县,350583,南安市,139.82337508715727,0.012747533303500801
350628,平和县,350602,芗城区,49.752449390565815,0.035825434774863676
350628,平和县,350603,龙文区,53.30519171328511,0.03343770228083052
350628,平和县,350622,云霄县,33.78271154127339,0.052760807206189
350628,平和县,350623,漳浦县,44.58006687614206,0.039982064977235623
350628,平和县,350624,诏安县,47.0557749619799,0.03787852037229365
350628,平和县,350625,长泰县,73.04529667696478,0.02440134014944061
350628,平和县,350626,东山县,68.35850662885191,0.026074342732629662
350628,平和县,350627,南靖县,41.21536705076649,0.04324608169414019
350628,平和县,350629,华安县,73.63517303950526,0.024205865987103236
350628,平和县,350681,龙海市,58.990246148671666,0.030215217716489516
350628,平和县,350702,延平区,270.65634952695797,0.006585484263150051
350628,平和县,350721,顺昌县,295.61186190531527,0.0060295385951133675
350628,平和县,350722,浦城县,428.1414988347518,0.004163116949378853
350628,平和县,350723,光泽县,369.4200085915222,0.004824868954248424
350628,平和县,350724,松溪县,398.09873722196494,0.004477289084033493
350628,平和县,350725,政和县,377.1282021390732,0.00472625255926664
350628,平和县,350781,邵武市,324.8506656362139,0.0054868384740435075
350628,平和县,350782,武夷山市,390.729788519109,0.004561728291274755
350628,平和县,350783,建瓯市,329.646044959155,0.00540702113004957
350628,平和县,350784,建阳市,357.66027319502206,0.004983508832582945
350628,平和县,350802,新罗区,104.44232323888454,0.017065908486683504
350628,平和县,350821,长汀县,176.1311434922856,0.010119749949897358
350628,平和县,350822,永定县,69.03268883005258,0.0258196973164324
350628,平和县,350823,上杭县,116.9786939781551,0.015236989488566798
350628,平和县,350824,武平县,144.2852013342293,0.012353332940933947
350628,平和县,350825,连城县,151.14771203494146,0.011792458559474429
350628,平和县,350881,漳平市,118.46224314483062,0.015046170688767688
350628,平和县,350902,蕉城区,351.5928763302096,0.005069508657670928
350628,平和县,350921,霞浦县,395.4071031305053,0.004507767099831624
350628,平和县,350922,古田县,305.24201003325066,0.005839311339671956
350628,平和县,350923,屏南县,344.71364134038663,0.005170677677856653
350628,平和县,350924,寿宁县,413.90829235876606,0.00430627548043052
350628,平和县,350925,周宁县,374.94216382826113,0.004753808193596053
350628,平和县,350926,柘荣县,417.95938152762443,0.004264536721288109
350628,平和县,350981,福安市,391.38525005294497,0.0045540886640217165
350628,平和县,350982,福鼎市,438.59199127638743,0.004063920832991692
350629,华安县,350102,鼓楼区,219.8998464218164,0.006516121578066338
350629,华安县,350103,台江区,219.06005370072964,0.006541101903682674
350629,华安县,350104,仓山区,215.03734979282876,0.006663466303240577
350629,华安县,350105,马尾区,237.029338784053,0.006045218459593806
350629,华安县,350111,晋安区,226.89551795553226,0.00631521568691143
350629,华安县,350121,闽侯县,212.69230862796977,0.006736934417261956
350629,华安县,350122,连江县,262.8014142124315,0.005452383650890148
350629,华安县,350123,罗源县,261.07007853009003,0.005488542165959172
350629,华安县,350124,闽清县,193.85033473339533,0.007391754758914127
350629,华安县,350125,永泰县,161.8483845133398,0.00885331131720113
350629,华安县,350128,平潭县,230.08962644515387,0.0062275477448533656
350629,华安县,350181,福清市,198.24932668049726,0.007227737709253124
350629,华安县,350182,长乐市,228.37147176725665,0.0062744007523978145
350629,华安县,350203,思明区,74.70134441590542,0.019181637833784144
350629,华安县,350205,海沧区,56.72146919146139,0.02526193617175158
350629,华安县,350206,湖里区,74.09497627218101,0.019338613849055945
350629,华安县,350211,集美区,55.091984125265895,0.026009121962727196
350629,华安县,350212,同安区,55.579924676637035,0.02578078582544368
350629,华安县,350213,翔安区,77.33792430661691,0.01852770354427621
350629,华安县,350302,城厢区,153.02308634804837,0.009363908208095989
350629,华安县,350303,涵江区,172.02838719628835,0.008329405150137845
350629,华安县,350304,荔城区,162.94316768504206,0.008793827655617677
350629,华安县,350305,秀屿区,177.08755511004395,0.008091444559117986
350629,华安县,350322,仙游县,130.83746982463268,0.010951710822620184
350629,华安县,350402_350403,三元区（含原梅列区）,149.00354723758778,0.009616510216350125
350629,华安县,350421,明溪县,171.46157157563795,0.008356940398452896
350629,华安县,350423,清流县,148.6578891643458,0.00963887044500251
350629,华安县,350424,宁化县,171.55405314805486,0.008352435328625275
350629,华安县,350425,大田县,108.90812303241383,0.013156907808026457
350629,华安县,350426,尤溪县,151.42731698839964,0.00946258682237922
350629,华安县,350427,沙县,174.4860964438254,0.00821208201390408
350629,华安县,350428,将乐县,206.0949805161893,0.006952591133921933
350629,华安县,350429,泰宁县,224.62091584410376,0.006379166111481619
350629,华安县,350430,建宁县,229.87161414036436,0.0062334540071037935
350629,华安县,350481,永安市,116.92817651552242,0.012254481143751115
350629,华安县,350502,鲤城区,102.07112070932949,0.014038193411857995
350629,华安县,350503,丰泽区,106.14796526016139,0.01349902591887415
350629,华安县,350504,洛江区,112.50092804338607,0.012736731680382892
350629,华安县,350505,泉港区,133.25971942102976,0.010752642587783702
350629,华安县,350521,惠安县,126.74624186386207,0.011305219888268882
350629,华安县,350524,安溪县,44.67387630650967,0.03207454227726992
350629,华安县,350525,永春县,80.23876732912942,0.017857878204996822
350629,华安县,350526,德化县,109.50871231298949,0.013084750099035794
350629,华安县,350581,石狮市,113.36171368751536,0.012640018289000843
350629,华安县,350582,晋江市,100.43318763908982,0.01426713786514301
350629,华安县,350583,南安市,84.33930563319906,0.016989636368533623
350629,华安县,350602,芗城区,36.918107853306324,0.03881277285326376
350629,华安县,350603,龙文区,43.12320015475188,0.03322791743517616
350629,华安县,350622,云霄县,101.94356535185787,0.014055758490857585
350629,华安县,350623,漳浦县,82.28681974805708,0.01741341005363747
350629,华安县,350624,诏安县,120.30522755697552,0.01191048937257581
350629,华安县,350625,长泰县,29.471871336535145,0.0486190414555172
350629,华安县,350626,东山县,133.1641272174807,0.010760361399301633
350629,华安县,350627,南靖县,36.08850815238444,0.03970499773036468
350629,华安县,350628,平和县,73.63517303950526,0.019459370775348404
350629,华安县,350681,龙海市,61.30338377116641,0.023373817987460303
350629,华安县,350702,延平区,197.2579341410205,0.007264063372266129
350629,华安县,350721,顺昌县,224.7912842941828,0.006374331366012629
350629,华安县,350722,浦城县,355.3986421338375,0.004031794059987056
350629,华安县,350723,光泽县,303.57201901755195,0.004720112673493219
350629,华安县,350724,松溪县,324.58337965983605,0.0044145640968565525
350629,华安县,350725,政和县,303.53171387253127,0.004720739444328437
350629,华安县,350781,邵武市,257.6130929478415,0.005562194521583525
350629,华安县,350782,武夷山市,319.6925209030565,0.004482100895682768
350629,华安县,350783,建瓯市,256.2125079130964,0.005592600244046979
350629,华安县,350784,建阳市,285.8914114284962,0.005012022316875545
350629,华安县,350802,新罗区,62.97138852258425,0.022754685388091354
350629,华安县,350821,长汀县,145.6385593980563,0.009838700274192598
350629,华安县,350822,永定县,80.9122290691074,0.01770924062738195
350629,华安县,350823,上杭县,102.64418440621901,0.013959818011821576
350629,华安县,350824,武平县,143.3238354990877,0.009997598301029226
350629,华安县,350825,连城县,108.93486602628205,0.01315367784944965
350629,华安县,350881,漳平市,52.181331920600066,0.027459899576020512
350629,华安县,350902,蕉城区,280.3329985858609,0.005111400161632424
350629,华安县,350921,霞浦县,326.3582729864132,0.004390555573084323
350629,华安县,350922,古田县,232.47308100669622,0.00616369916068432
350629,华安县,350923,屏南县,271.4504814766313,0.005278657552891564
350629,华安县,350924,寿宁县,341.03883145715383,0.0042015571310761194
350629,华安县,350925,周宁县,302.2249502310971,0.004741151030671045
350629,华安县,350926,柘荣县,346.78319632362945,0.0041319595340065084
350629,华安县,350981,福安市,319.66691676694444,0.004482459895364567
350629,华安县,350982,福鼎市,368.652212799748,0.0038868453369653856
350681,龙海市,350102,鼓楼区,240.2293455970519,0.0055103440880291
350681,龙海市,350103,台江区,238.6576584855501,0.005546632622987721
350681,龙海市,350104,仓山区,234.42805702360718,0.005646706162601141
350681,龙海市,350105,马尾区,253.25886067601547,0.005226851099102248
350681,龙海市,350111,晋安区,249.3500395744966,0.005308787424059453
350681,龙海市,350121,闽侯县,236.8114374708111,0.005589875085509655
350681,龙海市,350122,连江县,281.8174261554091,0.004697177077871084
350681,龙海市,350123,罗源县,286.0150221483947,0.004628240657915542
350681,龙海市,350124,闽清县,226.58570344147276,0.005842144204935415
350681,龙海市,350125,永泰县,188.47035378430417,0.007023631715557676
350681,龙海市,350128,平潭县,230.0197620900324,0.005754924456289477
350681,龙海市,350181,福清市,208.55210740907617,0.006347317084095814
350681,龙海市,350182,长乐市,240.14479735100022,0.005512284125593616
350681,龙海市,350203,思明区,34.36777518750047,0.03851708023169506
350681,龙海市,350205,海沧区,21.496910942987817,0.061578445284186926
350681,龙海市,350206,湖里区,34.495674831229664,0.038374270419646896
350681,龙海市,350211,集美区,35.2405130718279,0.037563197550039326
350681,龙海市,350212,同安区,50.61612482606151,0.02615266101130359
350681,龙海市,350213,翔安区,58.79186416740301,0.02251580848861333
350681,龙海市,350302,城厢区,163.19693492819968,0.008111343236098224
350681,龙海市,350303,涵江区,185.06470995405581,0.007152883737858223
350681,龙海市,350304,荔城区,169.67342897470655,0.007801730431693858
350681,龙海市,350305,秀屿区,173.9472605134868,0.0076100442764902255
350681,龙海市,350322,仙游县,146.86317836651372,0.009013466608888548
350681,龙海市,350402_350403,三元区（含原梅列区）,205.81693117972887,0.00643166889475122
350681,龙海市,350421,明溪县,231.1041450143213,0.005727921297992224
350681,龙海市,350423,清流县,209.9594661756967,0.006304771003628325
350681,龙海市,350424,宁化县,232.76824792463427,0.00568697133773339
350681,龙海市,350425,大田县,160.73389166324534,0.008235639295383977
350681,龙海市,350426,尤溪县,196.60825026423726,0.006732913560355315
350681,龙海市,350427,沙县,227.92872710516318,0.005807720558501851
350681,龙海市,350428,将乐县,264.13158838059053,0.005011692703617152
350681,龙海市,350429,泰宁县,284.0962459704104,0.0046594996345699245
350681,龙海市,350430,建宁县,290.74588171192306,0.004552932431880185
350681,龙海市,350481,永安市,177.01823363316495,0.007478022614467023
350681,龙海市,350502,鲤城区,94.24800821071425,0.014045350977839861
350681,龙海市,350503,丰泽区,99.45777385183149,0.013309631846917093
350681,龙海市,350504,洛江区,116.27866093790605,0.011384258673125829
350681,龙海市,350505,泉港区,134.77646559919307,0.009821791574639274
350681,龙海市,350521,惠安县,119.89121673061061,0.011041228793733942
350681,龙海市,350524,安溪县,81.8024962267817,0.016182224447185353
350681,龙海市,350525,永春县,114.94014215557713,0.011516832409081752
350681,龙海市,350526,德化县,146.36678240816778,0.00904403535079654
350681,龙海市,350581,石狮市,93.77195798825575,0.014116654730059108
350681,龙海市,350582,晋江市,85.54468261655357,0.015474326560019982
350681,龙海市,350583,南安市,89.11556297957657,0.014854266864533974
350681,龙海市,350602,芗城区,26.75353433560373,0.04947930758143482
350681,龙海市,350603,龙文区,18.770798393441094,0.07052157966516538
350681,龙海市,350622,云霄县,66.23123639175604,0.019986737775086808
350681,龙海市,350623,漳浦县,30.756718933454565,0.04303925776822556
350681,龙海市,350624,诏安县,90.59089924281832,0.014612354721567196
350681,龙海市,350625,长泰县,37.29917864931464,0.03548995989235108
350681,龙海市,350626,东山县,86.84083480489397,0.015243362840256965
350681,龙海市,350627,南靖县,59.45256151102499,0.02226558991972678
350681,龙海市,350628,平和县,58.990246148671666,0.022440088670686493
350681,龙海市,350629,华安县,61.30338377116641,0.021593365208405164
350681,龙海市,350702,延平区,244.19475018820992,0.005420863279253769
350681,龙海市,350721,顺昌县,278.4198434609148,0.004754497157339451
350681,龙海市,350722,浦城县,403.64592887888904,0.003279474062722418
350681,龙海市,350723,光泽县,361.3731726014377,0.00366310079066602
350681,龙海市,350724,松溪县,368.9662670268254,0.0035877164732394697
350681,龙海市,350725,政和县,343.9871769688426,0.0038482433151911235
350681,龙海市,350781,邵武市,314.73211126536137,0.00420594628542913
350681,龙海市,350782,武夷山市,372.1305254288355,0.003557209806307496
350681,龙海市,350783,建瓯市,302.0087547699235,0.004383139009629942
350681,龙海市,350784,建阳市,337.2209857566034,0.003925456629906353
350681,龙海市,350802,新罗区,120.12074702951823,0.011020130885104468
350681,龙海市,350821,长汀县,202.06453369919504,0.006551106866939945
350681,龙海市,350822,永定县,112.45680176854198,0.011771154198448062
350681,龙海市,350823,上杭县,150.8205004200571,0.008776965668426956
350681,龙海市,350824,武平县,186.57686262381856,0.007094911639450111
350681,龙海市,350825,连城县,168.1130603538432,0.007874143457359008
350681,龙海市,350881,漳平市,112.97835877846553,0.011716813455198906
350681,龙海市,350902,蕉城区,309.2681050402123,0.004280255004342254
350681,龙海市,350921,霞浦县,348.93421093432056,0.003793684633952334
350681,龙海市,350922,古田县,267.6682255584533,0.004945474389124813
350681,龙海市,350923,屏南县,308.8710673584798,0.004285757049382217
350681,龙海市,350924,寿宁县,375.4904784800578,0.0035253792842902094
350681,龙海市,350925,周宁县,336.29299167642785,0.003936288852416788
350681,龙海市,350926,柘荣县,374.8374951787915,0.0035315206491026425
350681,龙海市,350981,福安市,349.68221100348956,0.003785569619006454
350681,龙海市,350982,福鼎市,393.1074271069992,0.003367390852988149
350702,延平区,350102,鼓楼区,118.90894571008585,0.013787238494276453
350702,延平区,350103,台江区,121.23404177628402,0.013522818917752451
350702,延平区,350104,仓山区,120.68632906381514,0.013584189744813993
350702,延平区,350105,马尾区,140.1873906656642,0.011694532481297305
350702,延平区,350111,晋安区,113.76666223733574,0.014410425351038387
350702,延平区,350121,闽侯县,102.9321493755082,0.0159272491981792
350702,延平区,350122,连江县,144.00747956111985,0.011384311416353323
350702,延平区,350123,罗源县,122.1469662348209,0.013421749586937896
350702,延平区,350124,闽清县,66.77911035226916,0.02454998254633407
350702,延平区,350125,永泰县,94.08370859497093,0.017425184637072832
350702,延平区,350128,平潭县,190.45978929234147,0.008607727645290674
350702,延平区,350181,福清市,146.5847630574176,0.011184150108192058
350702,延平区,350182,长乐市,151.6354453577481,0.01081162778095903
350702,延平区,350203,思明区,230.9691625398233,0.007098029778435281
350702,延平区,350205,海沧区,226.3541570059601,0.00724274745068966
350702,延平区,350206,湖里区,230.14032980111094,0.007123592788038191
350702,延平区,350211,集美区,213.65222783935448,0.007673339099654097
350702,延平区,350212,同安区,198.78956012383992,0.008247042714851882
350702,延平区,350213,翔安区,206.83289253122106,0.007926331124342111
350702,延平区,350302,城厢区,143.27811335074398,0.01144226396668568
350702,延平区,350303,涵江区,134.69140405819715,0.012171719532298921
350702,延平区,350304,荔城区,152.30081232490681,0.01076439428379738
350702,延平区,350305,秀屿区,180.8196295841825,0.00906663727482459
350702,延平区,350322,仙游县,133.0603053108749,0.012320924634718507
350702,延平区,350402_350403,三元区（含原梅列区）,75.09736591395531,0.021830672403161753
350702,延平区,350421,明溪县,98.33141443832908,0.016672454097933578
350702,延平区,350423,清流县,142.32042870379053,0.011519259803664857
350702,延平区,350424,宁化县,154.8871671266827,0.010584647030615731
350702,延平区,350425,大田县,89.41418769823511,0.018335188584845626
350702,延平区,350426,尤溪县,47.71652443869414,0.034357615373144954
350702,延平区,350427,沙县,43.65238372677963,0.03755639105229843
350702,延平区,350428,将乐县,84.63247327474589,0.019371122338417174
350702,延平区,350429,泰宁县,111.12754248850203,0.01475265228489643
350702,延平区,350430,建宁县,141.83463381075015,0.011558714183979982
350702,延平区,350481,永安市,114.88227098793473,0.014270487338991599
350702,延平区,350502,鲤城区,187.7882831314422,0.008730182555960694
350702,延平区,350503,丰泽区,185.2852796082986,0.008848117870311903
350702,延平区,350504,洛江区,164.8095777033604,0.009947395148106719
350702,延平区,350505,泉港区,165.98397460111633,0.009877013715014983
350702,延平区,350521,惠安县,184.08591308340283,0.008905765607741851
350702,延平区,350524,安溪县,162.5194110798352,0.010087570356765451
350702,延平区,350525,永春县,130.6372828414115,0.012549449574805707
350702,延平区,350526,德化县,100.9366267691632,0.016242131781926954
350702,延平区,350581,石狮市,207.44922024544178,0.007902782144315855
350702,延平区,350582,晋江市,199.43805698931203,0.008220226462072792
350702,延平区,350583,南安市,172.88179156975073,0.00948293038105452
350702,延平区,350602,芗城区,229.34916525927514,0.007148166385321624
350702,延平区,350603,龙文区,231.84874813683595,0.007071101339914691
350702,延平区,350622,云霄县,298.7239604575861,0.0054880967402033895
350702,延平区,350623,漳浦县,273.026060999438,0.006004650206674955
350702,延平区,350624,诏安县,317.5293335412703,0.005163069425190107
350702,延平区,350625,长泰县,208.3042138967578,0.007870344833352609
350702,延平区,350626,东山县,327.99935113731357,0.004998259868269055
350702,延平区,350627,南靖县,230.61317453779782,0.007108986712895799
350702,延平区,350628,平和县,270.65634952695797,0.006057223473505224
350702,延平区,350629,华安县,197.2579341410205,0.00831107757843541
350702,延平区,350681,龙海市,244.19475018820992,0.006713600486269088
350702,延平区,350721,顺昌县,54.73585601083547,0.029951591389808258
350702,延平区,350722,浦城县,159.4537792764788,0.010281512304360653
350702,延平区,350723,光泽县,147.60786628935844,0.011106630255017217
350702,延平区,350724,松溪县,127.56352846626362,0.01285183949769388
350702,延平区,350725,政和县,110.93161861988163,0.014778707946429439
350702,延平区,350781,邵武市,104.50421550216684,0.015687654184380073
350702,延平区,350782,武夷山市,132.4143672032053,0.012381028042765434
350702,延平区,350783,建瓯市,58.9974800705041,0.027788068094582202
350702,延平区,350784,建阳市,96.30565033889634,0.017023154797655586
350702,延平区,350802,新罗区,191.09936000532406,0.008578919330563168
350702,延平区,350821,长汀县,207.67302752638923,0.007894265389854736
350702,延平区,350822,永定县,249.56144323722117,0.006569227891704266
350702,延平区,350823,上杭县,227.48558347138783,0.007206724789283732
350702,延平区,350824,武平县,260.8085077893579,0.006285937554353125
350702,延平区,350825,连城县,179.3597464348498,0.009140434385055431
350702,延平区,350881,漳平市,157.12283453338904,0.010434040338417787
350702,延平区,350902,蕉城区,121.58094199869784,0.013484235001448526
350702,延平区,350921,霞浦县,177.68541427618234,0.00922656482686705
350702,延平区,350922,古田县,67.55510226810706,0.024267981818775246
350702,延平区,350923,屏南县,88.30183849560225,0.018566159227699133
350702,延平区,350924,寿宁县,157.9762920383439,0.010377671057186252
350702,延平区,350925,周宁县,123.85984830629596,0.01323613758636091
350702,延平区,350926,柘荣县,179.064384194488,0.009155511303840786
350702,延平区,350981,福安市,150.04973563714879,0.010925883918732084
350702,延平区,350982,福鼎市,208.1926746799248,0.007874561370270958
350721,顺昌县,350102,鼓楼区,171.84006278465415,0.010504531962492885
350721,顺昌县,350103,台江区,174.35319235003257,0.010353119479075867
350721,顺昌县,350104,仓山区,174.16701248175508,0.01036418668631224
350721,顺昌县,350105,马尾区,192.2701616394862,0.009388349271494416
350721,顺昌县,350111,晋安区,165.5198626850416,0.010905636354912918
350721,顺昌县,350121,闽侯县,156.00257948502448,0.011570958877198983
350721,顺昌县,350122,连江县,192.20346137515676,0.009391607305317249
350721,顺昌县,350123,罗源县,167.42564199084856,0.010781499240461925
350721,顺昌县,350124,闽清县,120.97655354642899,0.014921068414016388
350721,顺昌县,350125,永泰县,148.06400808186982,0.01219134518471282
350721,顺昌县,350128,平潭县,244.93622683040545,0.007369671098951157
350721,顺昌县,350181,福清市,201.2924365720277,0.00896754722978512
350721,顺昌县,350182,长乐市,205.1441131448668,0.008799177340679892
350721,顺昌县,350203,思明区,270.3708681448763,0.006676382867517126
350721,顺昌县,350205,海沧区,262.8053354283379,0.00686857985214079
350721,顺昌县,350206,湖里区,269.52775908921313,0.006697267242743259
350721,顺昌县,350211,集美区,251.2511319559493,0.007184442983025698
350721,顺昌县,350212,同安区,237.49880875054234,0.007600456783150336
350721,顺昌县,350213,翔安区,248.81818535895323,0.007254692535250544
350721,顺昌县,350302,城厢区,196.46537803200673,0.00918787549256699
350721,顺昌县,350303,涵江区,189.08804085713393,0.009546343723144462
350721,顺昌县,350304,荔城区,206.04387407226898,0.00876075272844585
350721,顺昌县,350305,秀屿区,234.8105274418961,0.007687472327682821
350721,顺昌县,350322,仙游县,184.05222080467053,0.00980753953452094
350721,顺昌县,350402_350403,三元区（含原梅列区）,78.51218267259857,0.022991329122584423
350721,顺昌县,350421,明溪县,78.81817808228377,0.02290207000311166
350721,顺昌县,350423,清流县,128.9543678931303,0.013997970456139515
350721,顺昌县,350424,宁化县,132.99804952600982,0.01357237522197774
350721,顺昌县,350425,大田县,117.6866517737713,0.015338183258268925
350721,顺昌县,350426,尤溪县,91.99721276637997,0.019621240444991507
350721,顺昌县,350427,沙县,50.5303305562215,0.035723087739348514
350721,顺昌县,350428,将乐县,45.96592372674585,0.03927038304916875
350721,顺昌县,350429,泰宁县,65.44640594450598,0.027581337827607876
350721,顺昌县,350430,建宁县,98.23709308218373,0.01837492718201732
350721,顺昌县,350481,永安市,119.76434706953106,0.015072093457915364
350721,顺昌县,350502,鲤城区,234.36332658417075,0.007702141193621814
350721,顺昌县,350503,丰泽区,232.5012587940871,0.007763826489889483
350721,顺昌县,350504,洛江区,213.32973254977466,0.008461546406978283
350721,顺昌县,350505,泉港区,216.980356646106,0.008319183634223135
350721,顺昌县,350521,惠安县,233.89331932465313,0.00771761860137884
350721,顺昌县,350524,安溪县,197.42877182636659,0.009143041387836425
350721,顺昌县,350525,永春县,170.7910344119813,0.010569052633078689
350721,顺昌县,350526,德化县,144.82045410828223,0.012464395606773275
350721,顺昌县,350581,石狮市,254.65340197516056,0.007088455987461173
350721,顺昌县,350582,晋江市,245.3120882829766,0.007358379461006971
350721,顺昌县,350583,南安市,217.08015646835,0.008315358996073715
350721,顺昌县,350602,芗城区,259.9252765382306,0.006944686011299422
350721,顺昌县,350603,龙文区,263.83759049940693,0.0068417067808320565
350721,顺昌县,350622,云霄县,326.34125239190087,0.005531324706048664
350721,顺昌县,350623,漳浦县,305.19430509156297,0.005914590809342352
350721,顺昌县,350624,诏安县,342.54737933283803,0.005269634336347525
350721,顺昌县,350625,长泰县,241.29506749716225,0.007480879947864715
350721,顺昌县,350626,东山县,357.9354268596966,0.005043086815392951
350721,顺昌县,350627,南靖县,254.4512514133561,0.007094087460492775
350721,顺昌县,350628,平和县,295.61186190531527,0.006106315965549308
350721,顺昌县,350629,华安县,224.7912842941828,0.008030113078565193
350721,顺昌县,350681,龙海市,278.4198434609148,0.006483372052508131
350721,顺昌县,350702,延平区,54.73585601083547,0.032978372195382265
350721,顺昌县,350722,浦城县,137.12744044832402,0.013163663130126235
350721,顺昌县,350723,光泽县,93.9748211718521,0.019208330587372886
350721,顺昌县,350724,松溪县,121.28521565194552,0.014883095373621725
350721,顺昌县,350725,政和县,121.3170275257965,0.014879192713276401
350721,顺昌县,350781,邵武市,49.76854532991811,0.03626988532600445
350721,顺昌县,350782,武夷山市,95.11811668014772,0.018977451351651176
350721,顺昌县,350783,建瓯市,64.47227089024398,0.02799807431990632
350721,顺昌县,350784,建阳市,63.37094483009292,0.028484653918257465
350721,顺昌县,350802,新罗区,203.28379334041134,0.008879701634332613
350721,顺昌县,350821,长汀县,197.2311298744308,0.009152203473698188
350721,顺昌县,350822,永定县,262.417004138677,0.006878744149537887
350721,顺昌县,350823,上杭县,230.9505679198521,0.00781595580481368
350721,顺昌县,350824,武平县,257.6223706698969,0.007006765085129733
350721,顺昌县,350825,连城县,178.5263954409956,0.010111106693770577
350721,顺昌县,350881,漳平市,177.35875520492715,0.010177673100335545
350721,顺昌县,350902,蕉城区,159.52291173842602,0.011315612361176392
350721,顺昌县,350921,霞浦县,214.17252238572087,0.008428249393763184
350721,顺昌县,350922,古田县,112.30242611280353,0.016073556862832416
350721,顺昌县,350923,屏南县,115.79953363060069,0.01558814077538889
350721,顺昌县,350924,寿宁县,175.2320848128001,0.010301192466474195
350721,顺昌县,350925,周宁县,149.39551348254352,0.012082688361114037
350721,顺昌县,350926,柘荣县,206.0835815052144,0.008759064738558567
350721,顺昌县,350981,福安市,178.6385411669694,0.010104759141931183
350721,顺昌县,350982,福鼎市,237.08986525679373,0.007613566400246875
350722,浦城县,350102,鼓楼区,223.10782044854426,0.011570177073986505
350722,浦城县,350103,台江区,226.24651598088982,0.011409665152142652
350722,浦城县,350104,仓山区,228.64711331876128,0.011289873516059088
350722,浦城县,350105,马尾区,233.74374932730996,0.011043704897392271
350722,浦城县,350111,晋安区,211.872341691904,0.012183737474023886
350722,浦城县,350121,闽侯县,212.18193504145304,0.012165960258004661
350722,浦城县,350122,连江县,215.48707924291253,0.011979358568737702
350722,浦城县,350123,罗源县,187.929324910202,0.013735998841129821
350722,浦城县,350124,闽清县,195.09977943702046,0.013231163031704693
350722,浦城县,350125,永泰县,235.89022209078541,0.010943213187477352
350722,浦城县,350128,平潭县,298.9400145879303,0.008635167134580946
350722,浦城县,350181,福清市,266.7947627940188,0.009675590937944437
350722,浦城县,350182,长乐市,253.70903239997335,0.010174635742220092
350722,浦城县,350203,思明区,389.4848564471037,0.006627721069128206
350722,浦城县,350205,海沧区,385.64853476967215,0.00669365174879396
350722,浦城县,350206,湖里区,388.6664400772515,0.0066416770860580725
350722,浦城县,350211,集美区,372.78120493229073,0.006924697262164037
350722,浦城县,350212,同安区,357.7183767818968,0.007216282854695885
350722,浦城县,350213,翔安区,364.3081150961997,0.007085752093387207
350722,浦城县,350302,城厢区,284.0495480648811,0.00908784050799199
350722,浦城县,350303,涵江区,267.85212979784166,0.009637395794198554
350722,浦城县,350304,荔城区,289.23091818276424,0.008925038185404738
350722,浦城县,350305,秀屿区,313.5920360666378,0.008231704546962098
350722,浦城县,350322,仙游县,281.74803485230603,0.00916207628753836
350722,浦城县,350402_350403,三元区（含原梅列区）,214.84877590996666,0.012014948552755964
350722,浦城县,350421,明溪县,213.73698322176642,0.012077446543270764
350722,浦城县,350423,清流县,263.318200088985,0.00980333675495463
350722,浦城县,350424,宁化县,262.6062864831313,0.009829913151552303
350722,浦城县,350425,大田县,246.51246500776887,0.010471669207881602
350722,浦城县,350426,尤溪县,207.07088173428056,0.01246624811543213
350722,浦城县,350427,沙县,183.52171976085805,0.014065893631252963
350722,浦城县,350428,将乐县,175.61773124896652,0.014698954204808039
350722,浦城县,350429,泰宁县,179.79083554327053,0.01435777847842292
350722,浦城县,350430,建宁县,206.7337225982375,0.012486579145084538
350722,浦城县,350481,永安市,256.7002432534966,0.010056075352572469
350722,浦城县,350502,鲤城区,341.6108984664292,0.007556541669979899
350722,浦城县,350503,丰泽区,338.35982874907745,0.0076291473450743755
350722,浦城县,350504,洛江区,316.6536548690696,0.00815211493531696
350722,浦城县,350505,泉港区,312.7837349281108,0.008252977060249455
350722,浦城县,350521,惠安县,332.8407512415736,0.007755651853180933
350722,浦城县,350524,安溪县,321.963458735565,0.0080176706987764
350722,浦城县,350525,永春县,289.6806988215464,0.008911180481413698
350722,浦城县,350526,德化县,259.1702934358074,0.009960234851608166
350722,浦城县,350581,石狮市,359.95840697175095,0.007171375745596709
350722,浦城县,350582,晋江市,353.8034672559052,0.0072961325370893716
350722,浦城县,350583,南安市,329.3555578063017,0.0078377210525137
350722,浦城县,350602,芗城区,388.44888156740365,0.006645396889198972
350722,浦城县,350603,龙文区,391.17425130087594,0.006599097411438093
350722,浦城县,350622,云霄县,457.2721441206369,0.0056452093624575215
350722,浦城县,350623,漳浦县,432.4211033574371,0.005969636932929877
350722,浦城县,350624,诏安县,475.186932277934,0.0054323821086708695
350722,浦城县,350625,长泰县,367.69382217701644,0.007020506827928426
350722,浦城县,350626,东山县,487.1661079930582,0.0052988024963707605
350722,浦城县,350627,南靖县,387.41691011363645,0.0066630983877902315
350722,浦城县,350628,平和县,428.1414988347518,0.006029308058682666
350722,浦城县,350629,华安县,355.3986421338375,0.007263384501645707
350722,浦城县,350681,龙海市,403.64592887888904,0.006395201349733848
350722,浦城县,350702,延平区,159.4537792764788,0.0161889984727482
350722,浦城县,350721,顺昌县,137.12744044832402,0.01882480253945697
350722,浦城县,350723,光泽县,123.90769771160396,0.020833225351253513
350722,浦城县,350724,松溪县,47.870920142403264,0.053924114713105036
350722,浦城县,350725,政和县,85.46610493465306,0.030203751430518178
350722,浦城县,350781,邵武市,133.91624324525273,0.019276205235635998
350722,浦城县,350782,武夷山市,54.949151669271146,0.04697792251130279
350722,浦城县,350783,建瓯市,102.6107132528246,0.025157187854454227
350722,浦城县,350784,建阳市,74.21431006061714,0.034783008655236404
350722,浦城县,350802,新罗区,339.87758055138823,0.007595078748627689
350722,浦城县,350821,长汀县,330.6988171649381,0.007805885159526763
350722,浦城县,350822,永定县,399.13029819489327,0.006467554582690091
350722,浦城县,350823,上杭县,367.9143587922049,0.007016298569197178
350722,浦城县,350824,武平县,393.026226458628,0.0065680018670524415
350722,浦城县,350825,连城县,315.22209576568264,0.008189137195191105
350722,浦城县,350881,漳平市,311.39463164528604,0.00828979284434598
350722,浦城县,350902,蕉城区,161.4620946814898,0.015987634709391508
350722,浦城县,350921,霞浦县,191.42750727392297,0.013484984608230818
350722,浦城县,350922,古田县,158.0104241655662,0.016336877790265342
350722,浦城县,350923,屏南县,121.64586710785582,0.021220589326656533
350722,浦城县,350924,寿宁县,115.29535857415755,0.022389426782696543
350722,浦城县,350925,周宁县,125.08194041912675,0.020637647453589657
350722,浦城县,350926,柘荣县,158.93519832697802,0.016241820668761654
350722,浦城县,350981,福安市,146.40297028339154,0.017632135360259742
350722,浦城县,350982,福鼎市,186.19130724050274,0.013864218622443322
350723,光泽县,350102,鼓楼区,259.25727403649284,0.009827963339425325
350723,光泽县,350103,台江区,262.0393415005104,0.00972362001110064
350723,光泽县,350104,仓山区,262.50569576560815,0.009706345522441866
350723,光泽县,350105,马尾区,277.8360092924965,0.009170773044136184
350723,光泽县,350111,晋安区,251.27683273577065,0.010140095117281695
350723,光泽县,350121,闽侯县,243.9997089809151,0.01044251649049832
350723,光泽县,350122,连江县,272.0190190908663,0.009366885423033095
350723,光泽县,350123,罗源县,244.71066623534182,0.010412177874827804
350723,光泽县,350124,闽清县,211.59444084342357,0.012041767139787258
350723,光泽县,350125,永泰县,241.6220070973725,0.010545276960981363
350723,光泽县,350128,平潭县,335.03248358903636,0.007605146096327291
350723,光泽县,350181,福清市,292.75941146741985,0.008703293164645371
350723,光泽县,350182,长乐市,293.0635749337537,0.008694260231029939
350723,光泽县,350203,思明区,357.59700322290206,0.007125258214543153
350723,光泽县,350205,海沧区,347.90375503964634,0.007323781211903378
350723,光泽县,350206,湖里区,356.7559197617929,0.007142056637522051
350723,光泽县,350211,集美区,337.45835157168233,0.007550475407833436
350723,光泽县,350212,同安区,324.7782977373915,0.007845262452758558
350723,光泽县,350213,翔安区,338.1451032579195,0.007535140861603834
350723,光泽县,350302,城厢区,290.3614592565226,0.008775169374179813
350723,光泽县,350303,涵江区,282.27202756111666,0.00902665066292592
350723,光泽县,350304,荔城区,299.76284860158063,0.008499955870437247
350723,光泽县,350305,秀屿区,328.3943559075108,0.0077588756897746716
350723,光泽县,350322,仙游县,277.9118968262952,0.009168268842778505
350723,光泽县,350402_350403,三元区（含原梅列区）,155.60607005404194,0.01637449608376516
350723,光泽县,350421,明溪县,134.07338987201538,0.01900430045919071
350723,光泽县,350423,清流县,174.54421048179663,0.014597854478683654
350723,光泽县,350424,宁化县,164.6502872144043,0.015475047312805962
350723,光泽县,350425,大田县,203.50292568510875,0.012520561933603905
350723,光泽县,350426,尤溪县,185.2967997413665,0.013750755481294891
350723,光泽县,350427,沙县,138.66640398616025,0.01837482556311405
350723,光泽县,350428,将乐县,97.47739532870065,0.026139095901342658
350723,光泽县,350429,泰宁县,82.8190374925735,0.030765522781383173
350723,光泽县,350430,建宁县,96.86740682849315,0.026303697684622252
350723,光泽县,350481,永安市,188.14440777687386,0.013542634696491819
350723,光泽县,350502,鲤城区,326.47935558821194,0.007804386222581712
350723,光泽县,350503,丰泽区,324.9353338589578,0.007841470961160462
350723,光泽县,350504,洛江区,306.4144243608469,0.008315440730392627
350723,光泽县,350505,泉港区,310.7937204717492,0.008198270482564671
350723,光泽县,350521,惠安县,327.35736555125646,0.007783453964505482
350723,光泽县,350524,安溪县,283.0466368566461,0.009001947569511174
350723,光泽县,350525,永春县,260.4499093926847,0.009782959766241956
350723,光泽县,350526,德化县,236.80591568433678,0.010759743806850047
350723,光泽县,350581,石狮市,346.95606379079004,0.007343785714165787
350723,光泽县,350582,晋江市,336.99044777681036,0.007560959076197687
350723,光泽县,350583,南安市,308.1203139303508,0.008269402793371017
350723,光泽县,350602,芗城区,340.16810807591514,0.007490328823363323
350723,光泽县,350603,龙文区,345.2118249111653,0.0073808913856461215
350723,光泽县,350622,云霄县,402.0359018445428,0.006337670275266196
350723,光泽县,350623,漳浦县,385.76497045909514,0.006604982774039026
350723,光泽县,350624,诏安县,415.1414763838406,0.006137596770393855
350723,光泽县,350625,长泰县,324.12460682892714,0.007861084690971382
350723,光泽县,350626,东山县,435.3255376673051,0.005853024378866714
350723,光泽县,350627,南靖县,328.5868652652722,0.007754329993236306
350723,光泽县,350628,平和县,369.4200085915222,0.006897219764637487
350723,光泽县,350629,华安县,303.57201901755195,0.00839329985996726
350723,光泽县,350681,龙海市,361.3731726014377,0.00705080282071791
350723,光泽县,350702,延平区,147.60786628935844,0.017261756089036354
350723,光泽县,350721,顺昌县,93.9748211718521,0.027113336880423677
350723,光泽县,350722,浦城县,123.90769771160396,0.020563459992941017
350723,光泽县,350724,松溪县,142.3256110380647,0.01790240678487969
350723,光泽县,350725,政和县,165.31895259955644,0.015412455406016367
350723,光泽县,350781,邵武市,47.3553826087903,0.05380530880215151
350723,光泽县,350782,武夷山市,70.3814261371005,0.03620232104627492
350723,光泽县,350783,建瓯市,128.46845732440096,0.01983343645417965
350723,光泽县,350784,建阳市,79.18288299348916,0.03217830531529781
350723,光泽县,350802,新罗区,268.4542038655092,0.009491268708112633
350723,光泽县,350821,长汀县,234.3773677402029,0.01087123304300572
350723,光泽县,350822,永定县,324.40145290180055,0.00785437599590928
350723,光泽县,350823,上杭县,283.65234865896764,0.008982724792359809
350723,光泽县,350824,武平县,299.2006761362486,0.00851592656010481
350723,光泽县,350825,连城县,231.28714868300727,0.01101648318645729
350723,光泽县,350881,漳平市,252.43129642314128,0.01009372063137103
350723,光泽县,350902,蕉城区,228.7310248808044,0.011139595015751744
350723,光泽县,350921,霞浦县,276.85699899046296,0.009203202353565093
350723,光泽县,350922,古田县,193.6061382115483,0.01316058988752669
350723,光泽县,350923,屏南县,180.42975683569455,0.014121678316233979
350723,光泽县,350924,寿宁县,216.2026100117518,0.011785107425722108
350723,光泽县,350925,周宁县,205.33876464233316,0.012408621378180343
350723,光泽县,350926,柘荣县,256.48898630173323,0.009934036628428825
350723,光泽县,350981,福安市,234.19477984892723,0.01087970870381323
350723,光泽县,350982,福鼎市,287.38416485521077,0.008866079959533296
350724,松溪县,350102,鼓楼区,176.26473143152026,0.012202024644113685
350724,松溪县,350103,台江区,179.39750513131656,0.011988943743900693
350724,松溪县,350104,仓山区,181.97134008309962,0.011819369994381011
350724,松溪县,350105,马尾区,186.15677348003226,0.011553630612566403
350724,松溪县,350111,晋安区,164.85636545310513,0.013046427360594097
350724,松溪县,350121,闽侯县,166.04203825802625,0.012953265446387788
350724,松溪县,350122,连江县,167.61849981899468,0.012831439245298396
350724,松溪县,350123,罗源县,140.0750686584107,0.015354528235573693
350724,松溪县,350124,闽清县,152.19384983447173,0.014131889029384023
350724,松溪县,350125,永泰县,193.64043932414708,0.011107114837800754
350724,松溪县,350128,平潭县,251.47898307840643,0.008552550079880494
350724,松溪县,350181,福清市,220.51245150906337,0.009753583446634033
350724,松溪县,350182,长乐市,206.28819233592702,0.010426125569577309
350724,松溪县,350203,思明区,352.2410882953603,0.00610600713058216
350724,松溪县,350205,海沧区,350.0219115411589,0.006144719875808633
350724,松溪县,350206,湖里区,351.442022389032,0.006119890223129485
350724,松溪县,350211,集美区,336.73600294776486,0.006387159608677557
350724,松溪县,350212,同安区,321.3341799978185,0.006693301648863161
350724,松溪县,350213,翔安区,326.0640524180649,0.006596208876340184
350724,松溪县,350302,城厢区,240.44641433313168,0.008944972636754053
350724,松溪县,350303,涵江区,223.1767543785671,0.009637144346884731
350724,松溪县,350304,荔城区,244.8102329577635,0.008785525714468645
350724,松溪县,350305,秀屿区,268.1860904667546,0.0080197544662821
350724,松溪县,350322,仙游县,240.18139511219496,0.008954842633880123
350724,松溪县,350402_350403,三元区（含原梅列区）,193.14325749224832,0.011135706339124009
350724,松溪县,350421,明溪县,200.0318706815654,0.010752219581245476
350724,松溪县,350423,清流县,250.1135642081527,0.008599240123680518
350724,松溪县,350424,宁化县,253.819729891816,0.008473677746533757
350724,松溪县,350425,大田县,216.94357206822795,0.009914036983492998
350724,松溪县,350426,尤溪县,173.4570500119179,0.012399534044120513
350724,松溪县,350427,沙县,159.87490896448185,0.013452933989118416
350724,松溪县,350428,将乐县,165.63120352690143,0.01298539496796064
350724,松溪县,350429,泰宁县,177.07898863998417,0.01214591642596408
350724,松溪县,350430,建宁县,207.8175020209541,0.010349400680403848
350724,松溪县,350481,永安市,235.5113538303772,0.009132411503033335
350724,松溪县,350502,鲤城区,301.207380206575,0.007140550790423631
350724,松溪县,350503,丰泽区,297.6414792225078,0.00722609833291289
350724,松溪县,350504,洛江区,275.66475296867054,0.0078021820840473155
350724,松溪县,350505,泉港区,270.18571225528984,0.00796040093631332
350724,松溪县,350521,惠安县,290.5765785813328,0.0074017892540278575
350724,松溪县,350524,安溪县,288.10386216869637,0.007465316780641137
350724,松溪县,350525,永春县,254.0771668370244,0.008465092017477879
350724,松溪县,350526,德化县,222.8246500130104,0.009652372826300453
350724,松溪县,350581,石狮市,318.78913736794635,0.00674673740320409
350724,松溪县,350582,晋江市,313.55752020574886,0.006859304778926037
350724,松溪县,350583,南安市,290.60817791500057,0.007400984419112149
350724,松溪县,350602,芗城区,355.8075234704186,0.006044803594475721
350724,松溪县,350603,龙文区,357.7857751313278,0.006011380961207943
350724,松溪县,350622,云霄县,425.65450518181694,0.005052892828884282
350724,松溪县,350623,漳浦县,398.54756453083263,0.00539656188677851
350724,松溪县,350624,诏安县,444.8885851365351,0.004834438708188973
350724,松溪县,350625,长泰县,334.06933542536296,0.006438144327365283
350724,松溪县,350626,东山县,454.11096603159785,0.004736257782125074
350724,松溪县,350627,南靖县,358.1689028506329,0.006004950680244936
350724,松溪县,350628,平和县,398.09873722196494,0.005402646116951364
350724,松溪县,350629,华安县,324.58337965983605,0.006626299224160887
350724,松溪县,350681,龙海市,368.9662670268254,0.005829222855917934
350724,松溪县,350702,延平区,127.56352846626362,0.016860513523536652
350724,松溪县,350721,顺昌县,121.28521565194552,0.01773329572985749
350724,松溪县,350722,浦城县,47.870920142403264,0.04492887520059092
350724,松溪县,350723,光泽县,142.3256110380647,0.015111732745277075
350724,松溪县,350725,政和县,37.59519789753686,0.057209077677348896
350724,松溪县,350781,邵武市,135.81097223648862,0.0158366188047775
350724,松溪县,350782,武夷山市,74.69908110094545,0.028792678104152317
350724,松溪县,350783,建瓯市,68.63296574723317,0.03133751504687375
350724,松溪县,350784,建阳市,69.43376828279479,0.030976089156728667
350724,松溪县,350802,新罗区,316.35379722884437,0.006798674824375988
350724,松溪县,350821,长汀县,318.4185510352914,0.006754589485513711
350724,松溪县,350822,永定县,375.424519773098,0.005728945456507209
350724,松溪县,350823,上杭县,348.8883054963995,0.006164685267267252
350724,松溪县,350824,武平县,377.9073762086934,0.005691306209455283
350724,松溪县,350825,连城县,297.6183240853976,0.007226660533839815
350724,松溪县,350881,漳平市,284.25009242761115,0.007566529102759123
350724,松溪县,350902,蕉城区,113.68971187496507,0.0189180407034623
350724,松溪县,350921,霞浦县,146.85074686164432,0.014646071898033025
350724,松溪县,350922,古田县,113.05630310874771,0.019024030838392714
350724,松溪县,350923,屏南县,74.56638104951932,0.02884391821814658
350724,松溪县,350924,寿宁县,75.58439895599116,0.028455430307354573
350724,松溪县,350925,周宁县,78.03775331390365,0.027560847224343325
350724,松溪县,350926,柘荣县,118.30027926169137,0.01818073981091581
350724,松溪县,350981,福安市,101.64092137816252,0.021160636559101338
350724,松溪县,350982,福鼎市,147.8897333660908,0.014543177189260102
350725,政和县,350102,鼓楼区,139.97730806014522,0.013473734623045847
350725,政和县,350103,台江区,143.09192295162262,0.013180458149887114
350725,政和县,350104,仓山区,145.87173137667548,0.012929284407961051
350725,政和县,350105,马尾区,148.9186016011499,0.012664751627886425
350725,政和县,350111,晋安区,128.38775488128422,0.014690007655283551
350725,政和县,350121,闽侯县,130.69805081753307,0.01443033840408066
350725,政和县,350122,连江县,130.02577206436084,0.014504948304534448
350725,政和县,350123,罗源县,102.5056490291748,0.01839915282633781
350725,政和县,350124,闽清县,121.16080095023656,0.015566231712394856
350725,政和县,350125,永泰县,162.68307112669152,0.011593198290324711
350725,政和县,350128,平潭县,214.3404912634484,0.008799163848759717
350725,政和县,350181,福清市,184.7471730039399,0.01020863849435202
350725,政和县,350182,长乐市,169.23194203672435,0.011144569277834419
350725,政和县,350203,思明区,324.9770546114321,0.005803539281583441
350725,政和县,350205,海沧区,324.2899540334386,0.0058158357315510915
350725,政和县,350206,湖里区,324.20106560996214,0.005817430299010033
350725,政和县,350211,集美区,310.70469304395016,0.006070127501369767
350725,政和县,350212,同安区,295.0976307549822,0.006391163145652911
350725,政和县,350213,翔安区,298.01333810570446,0.006328633188162097
350725,政和县,350302,城厢区,207.54699321245056,0.009087181042031078
350725,政和县,350303,涵江区,189.20916741027608,0.009967894937992853
350725,政和县,350304,荔城区,211.00450424046716,0.008938278871532385
350725,政和县,350305,秀屿区,233.2349909306544,0.008086338565775002
350725,政和县,350322,仙游县,209.45799700863586,0.009004273548805938
350725,政和县,350402_350403,三元区（含原梅列区）,183.24016506763118,0.010292596611417768
350725,政和县,350421,明溪县,196.94634965092797,0.009576298851913485
350725,政和县,350423,清流县,245.8953843094403,0.007669997984497859
350725,政和县,350424,宁化县,253.1669401637358,0.007449697424280402
350725,政和县,350425,大田县,198.82075898272797,0.009486017012009174
350725,政和县,350426,尤溪县,152.53167991636016,0.012364756639964364
350725,政和县,350427,沙县,149.69215461588794,0.01259930493278207
350725,政和县,350428,将乐县,167.2829323986613,0.011274414400843123
350725,政和县,350429,泰宁县,183.91310872617777,0.010254935687367248
350725,政和县,350430,建宁县,216.26423428777997,0.008720892329986638
350725,政和县,350481,永安市,224.73356559705832,0.008392235921857418
350725,政和县,350502,鲤城区,271.21130440227387,0.0069540504818091965
350725,政和县,350503,丰泽区,267.3552026157758,0.007054349732483737
350725,政和县,350504,洛江区,245.25368553389694,0.00769006629990098
350725,政和县,350505,泉港区,238.16244475319155,0.007919036538297288
350725,政和县,350521,惠安县,258.7800382094996,0.007288108909404664
350725,政和县,350524,安溪县,264.5962647948131,0.007127905238999825
350725,政和县,350525,永春县,229.3002461228675,0.008225098463436172
350725,政和县,350526,德化县,197.78369880124168,0.00953575604805553
350725,政和县,350581,石狮市,287.9375245334375,0.006550091396065033
350725,政和县,350582,晋江市,283.64141335546685,0.006649300889243304
350725,政和县,350583,南安市,262.326234884336,0.007189586290834806
350725,政和县,350602,芗城区,332.79744892448707,0.005667162137648108
350725,政和县,350603,龙文区,334.0741197333784,0.0056455049662510436
350725,政和县,350622,云霄县,403.10794462895575,0.004678689981629447
350725,政和县,350623,漳浦县,374.125416319638,0.0050411359928548526
350725,政和县,350624,诏安县,423.40593969627247,0.004454394530704165
350725,政和县,350625,长泰县,310.32783948688274,0.006077498896551476
350725,政和县,350626,东山县,430.1396240096649,0.004384662553218664
350725,政和县,350627,南靖县,338.22264589523877,0.005576259085368604
350725,政和县,350628,平和县,377.1282021390732,0.005000997250678242
350725,政和县,350629,华安县,303.53171387253127,0.006213575108803194
350725,政和县,350681,龙海市,343.9871769688426,0.005482812233496609
350725,政和县,350702,延平区,110.93161861988163,0.017001618884813725
350725,政和县,350721,顺昌县,121.3170275257965,0.015546186223938732
350725,政和县,350722,浦城县,85.46610493465306,0.022067427824080343
350725,政和县,350723,光泽县,165.31895259955644,0.011408353805743829
350725,政和县,350724,松溪县,37.59519789753686,0.05016643634091098
350725,政和县,350781,邵武市,148.5589240317225,0.012695414390912005
350725,政和县,350782,武夷山市,103.96393904380838,0.01814107006137967
350725,政和县,350783,建瓯市,57.95566846494415,0.0325424096038429
350725,政和县,350784,建阳市,86.60477291507084,0.021777288232142356
350725,政和县,350802,新罗区,301.9788084608203,0.0062455279947083815
350725,政和县,350821,长汀县,313.6349832344449,0.006013414328340148
350725,政和县,350822,永定县,360.22469117730066,0.0052356685930849915
350725,政和县,350823,上杭县,338.0094298967312,0.005579776583827706
350725,政和县,350824,武平县,370.00069626393696,0.005097333926921474
350725,政和县,350825,连城县,288.68485286361965,0.006533134950941553
350725,政和县,350881,漳平市,267.0811015955308,0.007061589497661009
350725,政和县,350902,蕉城区,76.25383255159198,0.024733407344144802
350725,政和县,350921,霞浦县,113.7125816221934,0.01658582608138269
350725,政和县,350922,古田县,80.17956552778026,0.023522416087391678
350725,政和县,350923,屏南县,38.987418425172045,0.04837501887103751
350725,政和县,350924,寿宁县,54.48660626245858,0.03461432508690129
350725,政和县,350925,周宁县,42.39131860168889,0.04449064488349258
350725,政和县,350926,柘荣县,91.40363109051337,0.02063394068210579
350725,政和县,350981,福安市,69.4311047125153,0.027163864234336015
350725,政和县,350982,福鼎市,122.58373696319777,0.015385540927153784
350781,邵武市,350102,鼓楼区,220.70170893964567,0.009380590767400639
350781,邵武市,350103,台江区,223.30060523777894,0.009271414249075752
350781,邵武市,350104,仓山区,223.29652848205274,0.009271583518573073
350781,邵武市,350105,马尾区,240.61086315895935,0.00860440125623519
350781,邵武市,350111,晋安区,213.82975661127819,0.009682059438492515
350781,邵武市,350121,闽侯县,204.9896252212817,0.010099596069771469
350781,邵武市,350122,连江县,238.42557258008125,0.00868326493179928
350781,邵武市,350123,罗源县,212.42307795023058,0.009746174630394183
350781,邵武市,350124,闽清县,170.54018264332092,0.012139733763266644
350781,邵武市,350125,永泰县,197.52516120617122,0.010481259200532174
350781,邵武市,350128,平潭县,294.5386685084215,0.007029000381216799
350781,邵武市,350181,福清市,251.0416082436791,0.008246889540395185
350781,邵武市,350182,长乐市,254.2228989046018,0.008143689739002136
350781,邵武市,350203,思明区,310.36434145428143,0.006670587231535272
350781,邵武市,350205,海沧区,300.90963444540256,0.006880179882058323
350781,邵武市,350206,湖里区,309.52263226897196,0.006688727082902626
350781,邵武市,350211,集美区,290.3160984023553,0.007131235314272834
350781,邵武市,350212,同安区,277.5227320878037,0.007459974170958254
350781,邵武市,350213,翔安区,290.7912521531996,0.007119582855051176
350781,邵武市,350302,城厢区,245.44758968865472,0.008434845157187863
350781,邵武市,350303,涵江区,238.6964733537188,0.008673410143604572
350781,邵武市,350304,荔城区,255.3005173825298,0.008109315384295632
350781,邵武市,350305,秀屿区,284.17127702070553,0.007285438679567655
350781,邵武市,350322,仙游县,231.9483802769419,0.008925746369760677
350781,邵武市,350402_350403,三元区（含原梅列区）,108.94410785580072,0.01900343629385689
350781,邵武市,350421,明溪县,91.10213207629292,0.02272518069604576
350781,邵武市,350423,清流县,136.31269319107903,0.015187964999904165
350781,邵武市,350424,宁化县,131.17856344446142,0.01578239888337636
350781,邵武市,350425,大田县,156.22687436705934,0.013251960788542228
350781,邵武市,350426,尤溪县,138.93804575791123,0.01490097548108703
350781,邵武市,350427,沙县,91.41962330902602,0.022646258410303224
350781,邵武市,350428,将乐县,52.32676073989314,0.03956507882305063
350781,邵武市,350429,泰宁县,46.556303035885726,0.04446900372722853
350781,邵武市,350430,建宁县,73.22062276302285,0.028274990502734593
350781,邵武市,350481,永安市,143.62543077831089,0.0144146646036826
350781,邵武市,350502,鲤城区,279.3658579449302,0.007410756734764962
350781,邵武市,350503,丰泽区,277.90765909651566,0.007449641438308744
350781,邵武市,350504,洛江区,259.66331829755967,0.007973064608441615
350781,邵武市,350505,泉港区,264.6969839251333,0.007821443155598436
350781,邵武市,350521,惠安县,280.8346828349576,0.007371996906968485
350781,邵武市,350524,安溪县,235.91307158059163,0.008775742689279224
350781,邵武市,350525,永春县,213.10330322014795,0.009715064862650353
350781,邵武市,350526,德化县,189.75415014092857,0.010910498725277853
350781,邵武市,350581,石狮市,299.87651784323225,0.006903883065332543
350781,邵武市,350582,晋江市,289.7835068207355,0.007144341774114529
350781,邵武市,350583,南安市,260.8418678953088,0.007937040283961323
350781,邵武市,350602,芗城区,294.00440834011374,0.00704177336971689
350781,邵武市,350603,龙文区,298.83450798874094,0.006927956303181645
350781,邵武市,350622,云霄县,357.06229620301895,0.005798182656764304
350781,邵武市,350623,漳浦县,339.6203979636961,0.006095960153282932
350781,邵武市,350624,诏安县,371.0270994996212,0.005579949324512607
350781,邵武市,350625,长泰县,277.44618930551985,0.007462032253573266
350781,邵武市,350626,东山县,389.9915927058966,0.005308607805784323
350781,邵武市,350627,南靖县,283.79492677100325,0.00729510015131221
350781,邵武市,350628,平和县,324.8506656362139,0.006373120428040729
350781,邵武市,350629,华安县,257.6130929478415,0.008036518600581983
350781,邵武市,350681,龙海市,314.73211126536137,0.006578014568978099
350781,邵武市,350702,延平区,104.50421550216684,0.019810802877955256
350781,邵武市,350721,顺昌县,49.76854532991811,0.041598813055607343
350781,邵武市,350722,浦城县,133.91624324525273,0.015459755762691431
350781,邵武市,350723,光泽县,47.3553826087903,0.04371862920698868
350781,邵武市,350724,松溪县,135.81097223648862,0.015244073281676632
350781,邵武市,350725,政和县,148.5589240317225,0.013935968012172053
350781,邵武市,350782,武夷山市,80.63422995094689,0.025675354182562903
350781,邵武市,350783,建瓯市,99.7571256113833,0.0207535291393013
350781,邵武市,350784,建阳市,66.42741761156005,0.03116653465794968
350781,邵武市,350802,新罗区,225.7532748755463,0.009170686070313305
350781,邵武市,350821,长汀县,200.82139686684502,0.010309222251857493
350781,邵武市,350822,永定县,283.08744524064605,0.007313331792121189
350781,邵武市,350823,上杭县,245.0849835030517,0.008447324612211522
350781,邵武市,350824,武平县,264.88168703602724,0.007815989230494423
350781,邵武市,350825,连城县,192.00685437765034,0.010782492218516175
350781,邵武市,350881,漳平市,207.04590517265058,0.009999291758522825
350781,邵武市,350902,蕉城区,200.76965155249096,0.010311879296595296
350781,邵武市,350921,霞浦县,253.01337697068243,0.008182620373738887
350781,邵武市,350922,古田县,158.46740142502745,0.013064594955248693
350781,邵武市,350923,屏南县,153.8871163955968,0.013453448616885135
350781,邵武市,350924,寿宁县,202.67110851727097,0.010215133416770935
350781,邵武市,350925,周宁县,183.90053553691087,0.011257783492496945
350781,邵武市,350926,柘荣县,238.89308220806453,0.008666271932586308
350781,邵武市,350981,福安市,213.55084135903311,0.009694705017565643
350781,邵武市,350982,福鼎市,270.25947314304625,0.007660461959581275
350782,武夷山市,350102,鼓楼区,222.58229689663924,0.010541027085330789
350782,武夷山市,350103,台江区,225.6372470360018,0.010398309902833797
350782,武夷山市,350104,仓山区,227.1279179202817,0.010330064405055255
350782,武夷山市,350105,马尾区,237.63737554139783,0.009873219711155595
350782,武夷山市,350111,晋安区,212.65884088783326,0.011032910790387216
350782,武夷山市,350121,闽侯县,209.0725125777532,0.01122216398212584
350782,武夷山市,350122,连江县,225.5436734938306,0.010402623952858476
350782,武夷山市,350123,罗源县,197.28605833292423,0.011892609341625528
350782,武夷山市,350124,闽清县,183.629395338762,0.012777072080285551
350782,武夷山市,350125,永泰县,221.01573978381845,0.01061574176842582
350782,武夷山市,350128,平潭县,300.20054209117194,0.00781559554809215
350782,武夷山市,350181,福清市,262.40407451997044,0.008941347517544171
350782,武夷山市,350182,长乐市,255.66756694103861,0.009176940385417361
350782,武夷山市,350203,思明区,361.8701753410138,0.0064836678460489135
350782,武夷山市,350205,海沧区,355.67470075041837,0.006596606436590511
350782,武夷山市,350206,湖里区,361.0324410601572,0.006498712452024966
350782,武夷山市,350211,集美区,343.58809544297355,0.006828659233020568
350782,武夷山市,350212,同安区,329.2506857578171,0.007126017110343737
350782,武夷山市,350213,翔安区,338.65606578848457,0.006928108654542794
350782,武夷山市,350302,城厢区,270.82734405165394,0.008663253810350562
350782,武夷山市,350303,涵江区,257.97275884514966,0.009094937119740491
350782,武夷山市,350304,荔城区,278.0604547135918,0.008437898955172525
350782,武夷山市,350305,秀屿区,304.89790395258336,0.007695185797890868
350782,武夷山市,350322,仙游县,263.93052269787637,0.00888963503091449
350782,武夷山市,350402_350403,三元区（含原梅列区）,173.24793388449814,0.013542707077054215
350782,武夷山市,350421,明溪县,166.01087715456552,0.014133086099642289
350782,武夷山市,350423,清流县,214.29589393917496,0.010948627979631585
350782,武夷山市,350424,宁化县,211.28885256349233,0.011104447735109766
350782,武夷山市,350425,大田县,211.73241773787782,0.011081184663971663
350782,武夷山市,350426,尤溪县,178.97372475404944,0.013109443989763797
350782,武夷山市,350427,沙县,145.20642670104075,0.016158003978248143
350782,武夷山市,350428,将乐县,126.73372561449617,0.018513193776371104
350782,武夷山市,350429,泰宁县,127.11939199636011,0.018457026764018784
350782,武夷山市,350430,建宁县,152.56061778623575,0.015379106707539142
350782,武夷山市,350481,永安市,213.43254788884178,0.010992915764303045
350782,武夷山市,350502,鲤城区,320.16506070690036,0.007328238800081054
350782,武夷山市,350503,丰泽区,317.5799896582404,0.007387889970106416
350782,武夷山市,350504,洛江区,296.8313293296138,0.007904307222561554
350782,武夷山市,350505,泉港区,296.47105345886075,0.007913912649918068
350782,武夷山市,350521,惠安县,315.37517210603016,0.007439539405193881
350782,武夷山市,350524,安溪县,290.5694229277765,0.00807464872477581
350782,武夷山市,350525,永春县,261.40589548507216,0.008975490074349139
350782,武夷山市,350526,德化县,232.85240482504867,0.010076108177046494
350782,武夷山市,350581,石狮市,339.706342035533,0.0069066888956026565
350782,武夷山市,350582,晋江市,331.8495266230499,0.007070210538427949
350782,武夷山市,350583,南安市,305.1496190579906,0.007688838110123064
350782,武夷山市,350602,芗城区,354.47775433940615,0.006618880851000102
350782,武夷山市,350603,龙文区,358.1082420325826,0.0065517788894932484
350782,武夷山市,350622,云霄县,421.37624509063437,0.005568054791028755
350782,武夷山市,350623,漳浦县,399.52479269821936,0.005872591797012328
350782,武夷山市,350624,诏安县,437.66294856498916,0.005360851376602687
350782,武夷山市,350625,长泰县,335.24079707785245,0.006998688825327391
350782,武夷山市,350626,东山县,452.7579619807102,0.005182119846194059
350782,武夷山市,350627,南靖县,349.5683403376548,0.006711837857044861
350782,武夷山市,350628,平和县,390.729788519109,0.006004778978319101
350782,武夷山市,350629,华安县,319.6925209030565,0.007339070722314735
350782,武夷山市,350681,龙海市,372.1305254288355,0.006304900726966294
350782,武夷山市,350702,延平区,132.4143672032053,0.01771896864259469
350782,武夷山市,350721,顺昌县,95.11811668014772,0.02466665764832477
350782,武夷山市,350722,浦城县,54.949151669271146,0.04269849395354158
350782,武夷山市,350723,光泽县,70.3814261371005,0.03333615342963085
350782,武夷山市,350724,松溪县,74.69908110094545,0.031409302306302636
350782,武夷山市,350725,政和县,103.96393904380838,0.02256788307447596
350782,武夷山市,350781,邵武市,80.63422995094689,0.0290973947631165
350782,武夷山市,350783,建瓯市,87.56817875646415,0.02679336322418853
350782,武夷山市,350784,建阳市,36.14729830176807,0.06490792204483653
350782,武夷山市,350802,新罗区,297.142590301531,0.007896027351453444
350782,武夷山市,350821,长汀县,280.4392773577752,0.008366324583376208
350782,武夷山市,350822,永定县,355.9160284179765,0.006592133629753972
350782,武夷山市,350823,上杭县,321.3997286433388,0.007300087122681648
350782,武夷山市,350824,武平县,343.86286065430323,0.006823202761235017
350782,武夷山市,350825,连城县,268.2751124229624,0.008745671557499985
350782,武夷山市,350881,漳平市,272.4518331840693,0.008611599316043076
350782,武夷山市,350902,蕉城区,175.92119532791713,0.013336914951772643
350782,武夷山市,350921,霞浦县,217.67403277692506,0.01077871342930038
350782,武夷山市,350922,古田县,154.2817768524448,0.015207538234062243
350782,武夷山市,350923,屏南县,128.8502652041899,0.018209089570630697
350782,武夷山市,350924,寿宁县,150.18106631701497,0.01562278173834482
350782,武夷山市,350925,周宁县,146.16561143721452,0.01605197007170489
350782,武夷山市,350926,柘荣县,192.34634758709072,0.012198027411153615
350782,武夷山市,350981,福安市,173.12904073357413,0.013552007279432796
350782,武夷山市,350982,福鼎市,222.38684895202388,0.010550291221621542
350783,建瓯市,350102,鼓楼区,135.69921146876413,0.01338955423976162
350783,建瓯市,350103,台江区,138.70430376202188,0.013099463412262138
350783,建瓯市,350104,仓山区,139.97961308898564,0.012980118405519917
350783,建瓯市,350105,马尾区,152.06537020832016,0.011948492610544975
350783,建瓯市,350111,晋安区,126.29246224629651,0.014386859832619829
350783,建瓯市,350121,闽侯县,121.75705648651669,0.014922765092100497
350783,建瓯市,350122,连江县,143.7870884547759,0.012636405478266355
350783,建瓯市,350123,罗源县,116.2753445143366,0.015626287411514585
350783,建瓯市,350124,闽清县,96.62468630149036,0.018804220968796817
350783,建瓯市,350125,永泰县,135.5860517868241,0.01340072911858671
350783,建瓯市,350128,平潭县,213.22619577714156,0.00852124170593434
350783,建瓯市,350181,福清市,174.83969885831237,0.010392101817370044
350783,建瓯市,350182,长乐市,169.16737582390635,0.01074055764833311
350783,建瓯市,350203,思明区,286.98607110374417,0.006331150307281218
350783,建瓯市,350205,海沧区,283.59455840784216,0.00640686465373186
350783,建瓯市,350206,湖里区,286.17069852774785,0.006349189353073208
350783,建瓯市,350211,集美区,270.57097397448524,0.00671525081040377
350783,建瓯市,350212,同安区,255.393918769954,0.007114311730697543
350783,建瓯市,350213,翔安区,261.6992434017943,0.006942901051740074
350783,建瓯市,350302,城厢区,184.94741705298114,0.009824154244519157
350783,建瓯市,350303,涵江区,170.9804553156678,0.010626664602684579
350783,建瓯市,350304,荔城区,191.49163015322264,0.009488414458637484
350783,建瓯市,350305,秀屿区,217.79332549156146,0.008342551123424111
350783,建瓯市,350322,仙游县,180.38110632770423,0.010072850695088783
350783,建瓯市,350402_350403,三元区（含原梅列区）,126.69098927668085,0.014341603634382017
350783,建瓯市,350421,明溪县,138.99076958277334,0.013072464867329537
350783,建瓯市,350423,清流县,188.03800240067872,0.0096626848246466
350783,建瓯市,350424,宁化县,195.27972365149736,0.009304355405052148
350783,建瓯市,350425,大田县,148.3221568245958,0.01225003729147903
350783,建瓯市,350426,尤溪县,105.60924041864814,0.017204478936230165
350783,建瓯市,350427,沙县,93.07866261146908,0.019520606563055792
350783,建瓯市,350428,将乐县,110.2228171218549,0.01648435414461599
350783,建瓯市,350429,泰宁县,128.99180119307806,0.01408579410046567
350783,建瓯市,350430,建宁县,161.76140990460695,0.011232295473471592
350783,建瓯市,350481,永安市,168.74647889880828,0.010767347349176191
350783,建瓯市,350502,鲤城区,239.3832241344691,0.007590139028427741
350783,建瓯市,350503,丰泽区,236.27187329993717,0.007690089924277002
350783,建瓯市,350504,洛江区,214.7580804234795,0.008460459083407097
350783,建瓯市,350505,泉港区,212.16419824834065,0.0085638951682467
350783,建瓯市,350521,惠安县,231.79658066553657,0.007838562359449176
350783,建瓯市,350524,安溪县,220.64775040972737,0.008234627132522073
350783,建瓯市,350525,永春县,187.52122080746202,0.009689313798353843
350783,建瓯市,350526,德化县,156.7437558613984,0.011591861776366707
350783,建瓯市,350581,石狮市,258.05057136346954,0.007041069285968312
350783,建瓯市,350582,晋江市,251.49950177355473,0.007224475354586776
350783,建瓯市,350583,南安市,226.76396033398063,0.008012525224810288
350783,建瓯市,350602,芗城区,287.9545086649951,0.0063098576253505815
350783,建瓯市,350603,龙文区,290.21462441887576,0.006260718100930146
350783,建瓯市,350622,云霄县,357.5473207399466,0.005081710439037006
350783,建瓯市,350623,漳浦县,331.22186764299715,0.005485603849720078
350783,建瓯市,350624,诏安县,376.501231132735,0.004825885819250709
350783,建瓯市,350625,长泰县,266.5710408005547,0.006816014023118592
350783,建瓯市,350626,东山县,386.4864264727232,0.004701205081990462
350783,建瓯市,350627,南靖县,289.6001464217995,0.006274002187856385
350783,建瓯市,350628,平和县,329.646044959155,0.005511826942983739
350783,建瓯市,350629,华安县,256.2125079130964,0.00709158177738217
350783,建瓯市,350681,龙海市,302.0087547699235,0.006016222786780108
350783,建瓯市,350702,延平区,58.9974800705041,0.030797111166147716
350783,建瓯市,350721,顺昌县,64.47227089024398,0.028181913358489172
350783,建瓯市,350722,浦城县,102.6107132528246,0.017707234407162487
350783,建瓯市,350723,光泽县,128.46845732440096,0.014143175609759518
350783,建瓯市,350724,松溪县,68.63296574723317,0.026473458235004903
350783,建瓯市,350725,政和县,57.95566846494415,0.031350720307072734
350783,建瓯市,350781,邵武市,99.7571256113833,0.018213756071241156
350783,建瓯市,350782,武夷山市,87.56817875646415,0.020748997844377056
350783,建瓯市,350784,建阳市,54.429158554150085,0.03338195923874633
350783,建瓯市,350802,新罗区,248.3250375588397,0.007316829467199332
350783,建瓯市,350821,长汀县,255.9212184748546,0.00709965341319451
350783,建瓯市,350822,永定县,307.2362343851358,0.005913859593710097
350783,建瓯市,350823,上杭县,282.3053870149026,0.00643612214228836
350783,建瓯市,350824,武平县,313.1129345626529,0.0058028645632023
350783,建瓯市,350825,连城县,232.0483107875693,0.007830058948014685
350783,建瓯市,350881,漳平市,215.66183103282623,0.008425004756531712
350783,建瓯市,350902,蕉城区,101.43968994865129,0.017911647336201826
350783,建瓯市,350921,霞浦县,153.3083071404114,0.011851620999179104
350783,建瓯市,350922,古田县,67.58526187653862,0.026883848664713564
350783,建瓯市,350923,屏南县,54.1302528213406,0.033566293478266826
350783,建瓯市,350924,寿宁县,111.0369841782625,0.016363484344431613
350783,建瓯市,350925,周宁县,85.58983048564467,0.02122859622392456
350783,建瓯市,350926,柘荣县,141.9814723824698,0.01279710600098154
350783,建瓯市,350981,福安市,115.13731742785792,0.0157807389719007
350783,建瓯市,350982,福鼎市,173.15559875187478,0.010493174724644744
350784,建阳市,350102,鼓楼区,190.0817069247627,0.010819018305130051
350784,建阳市,350103,台江区,193.07298745713763,0.010651399213190907
350784,建阳市,350104,仓山区,194.2684366898621,0.010585854818878521
350784,建阳市,350105,马尾区,206.42532488489184,0.009962428146043275
350784,建阳市,350111,晋安区,180.72089158073314,0.011379411913595379
350784,建阳市,350121,闽侯县,175.95919891663058,0.011687354110220411
350784,建阳市,350122,连江县,196.94698508470066,0.010441883463232195
350784,建阳市,350123,罗源县,168.9916390648043,0.012169226111244208
350784,建阳市,350124,闽清县,148.72769136682902,0.013827266783944967
350784,建阳市,350125,永泰县,185.32684597479644,0.011096597774987478
350784,建阳市,350128,平潭县,267.54560377744014,0.0076865305863896265
350784,建阳市,350181,福清市,228.4556491599907,0.009001736110491971
350784,建阳市,350182,长乐市,223.59057032169815,0.0091976037438901
350784,建阳市,350203,思明区,326.23591344224917,0.006303712687516293
350784,建阳市,350205,海沧区,320.4226988464745,0.006418076728311661
350784,建阳市,350206,湖里区,325.4000730783781,0.006319904747513781
350784,建阳市,350211,集美区,308.1798943934254,0.006673042285049359
350784,建阳市,350212,同安区,293.7064456730043,0.007001880608977027
350784,建阳市,350213,翔安区,302.7677571525129,0.006792326521259845
350784,建阳市,350302,城厢区,235.18878691072598,0.008744028547032679
350784,建阳市,350303,涵江区,222.88422423108798,0.009226752022418518
350784,建阳市,350304,荔城区,242.68499909072142,0.00847393730306588
350784,建阳市,350305,秀屿区,269.8428525960119,0.0076210929691297195
350784,建阳市,350322,仙游县,227.8822445810016,0.009024386566274951
350784,建阳市,350402_350403,三元区（含原梅列区）,141.74197942012947,0.014508739578088044
350784,建阳市,350421,明溪县,139.5841627209732,0.014733028637355393
350784,建阳市,350423,清流县,189.31851164209385,0.010862632760272153
350784,建阳市,350424,宁化县,189.66764367157734,0.010842637293740735
350784,建阳市,350425,大田县,177.35354715687373,0.011595468484599008
350784,建阳市,350426,尤溪县,143.08652845153708,0.014372404508967467
350784,建阳市,350427,沙县,111.8046956168176,0.01839365918706581
350784,建阳市,350428,将乐县,101.88518585461739,0.020184460080622937
350784,建阳市,350429,泰宁县,109.19809794104306,0.018832722414264882
350784,建阳市,350430,建宁县,138.9639927352351,0.01479877935435815
350784,建阳市,350481,永安市,183.13282321255195,0.011229540563039934
350784,建阳市,350502,鲤城区,284.0268755082476,0.007240503079187155
350784,建阳市,350503,丰泽区,281.4336701741255,0.0073072190168894866
350784,建阳市,350504,洛江区,260.69066984164107,0.00788865005386887
350784,建阳市,350505,泉港区,260.48297134822707,0.00789494014155782
350784,建阳市,350521,惠安县,279.3015673542424,0.007363000094020548
350784,建阳市,350524,安溪县,255.5110110881171,0.008048566901017651
350784,建阳市,350525,永春县,225.7327334926932,0.00911032013332679
350784,建阳市,350526,德化县,196.90399600099926,0.010444163188434922
350784,建阳市,350581,石狮市,303.5590787592437,0.006774620199451871
350784,建阳市,350582,晋江市,295.72604712875994,0.00695406267610228
350784,建阳市,350583,南安市,269.11698531772106,0.0076416487211368725
350784,建阳市,350602,芗城区,320.18186710353973,0.006422904224068216
350784,建阳市,350603,龙文区,323.5645499722342,0.006355756422840036
350784,建阳市,350622,云霄县,387.77603920837873,0.005303312373006822
350784,建阳市,350623,漳浦县,364.98630112252033,0.0056344511023142165
350784,建阳市,350624,诏安县,404.68703632499825,0.005081698404190616
350784,建阳市,350625,长泰县,300.5060546273913,0.006843447694387728
350784,建阳市,350626,东山县,418.70207994705356,0.004911600790111731
350784,建阳市,350627,南靖县,316.6228716726331,0.00649510079870558
350784,建阳市,350628,平和县,357.66027319502206,0.005749862707195393
350784,建阳市,350629,华安县,285.8914114284962,0.007193281730338794
350784,建阳市,350681,龙海市,337.2209857566034,0.006098367401647107
350784,建阳市,350702,延平区,96.30565033889634,0.021353860956783204
350784,建阳市,350721,顺昌县,63.37094483009292,0.032451740655013966
350784,建阳市,350722,浦城县,74.21431006061714,0.02771025513825645
350784,建阳市,350723,光泽县,79.18288299348916,0.025971490162317905
350784,建阳市,350724,松溪县,69.43376828279479,0.029618116912703402
350784,建阳市,350725,政和县,86.60477291507084,0.023745775174609397
350784,建阳市,350781,邵武市,66.42741761156005,0.030958564108496834
350784,建阳市,350782,武夷山市,36.14729830176807,0.056892148605993724
350784,建阳市,350783,建瓯市,54.429158554150085,0.03778301045465217
350784,建阳市,350802,新罗区,266.63860255319855,0.00771267718551394
350784,建阳市,350821,长汀县,256.98581362941064,0.008002377398368649
350784,建阳市,350822,永定县,325.78648524187884,0.006312408770310209
350784,建阳市,350823,上杭县,293.7625691523707,0.007000542896337129
350784,建阳市,350824,武平县,318.93971717750503,0.0064479190139396635
350784,建阳市,350825,连城县,241.01973367861882,0.008532485847949505
350784,建阳市,350881,漳平市,239.84626215320753,0.008574231877650594
350784,建阳市,350902,蕉城区,150.72129036343324,0.0136443727474105
350784,建阳市,350921,霞浦县,197.70833500130982,0.01040167308412035
350784,建阳市,350922,古田县,122.0141315338915,0.01685458430786885
350784,建阳市,350923,屏南县,102.42742472181443,0.020077605897782493
350784,建阳市,350924,寿宁县,139.06307757839912,0.01478823496862414
350784,建阳市,350925,周宁县,126.1563738091103,0.016301177693971297
350784,建阳市,350926,柘荣县,178.0018409665263,0.011553237064981271
350784,建阳市,350981,福安市,155.081502908873,0.01326075275332988
350784,建阳市,350982,福鼎市,209.12639904212162,0.009833753539050609
350802,新罗区,350102,鼓楼区,246.48434262860673,0.007134210042196288
350802,新罗区,350103,台江区,246.40435318461505,0.007136525997605434
350802,新罗区,350104,仓山区,242.82838249003095,0.007241620828641599
350802,新罗区,350105,马尾区,266.5342561812063,0.006597542460844661
350802,新罗区,350111,晋安区,250.94451181543937,0.007007409963675351
350802,新罗区,350121,闽侯县,235.92269243808974,0.007453590217425187
350802,新罗区,350122,连江县,288.4393042287332,0.006096502961436505
350802,新罗区,350123,罗源县,280.70783743220835,0.00626441744024989
350802,新罗区,350124,闽清县,208.78709756044336,0.008422316766562089
350802,新罗区,350125,永泰县,186.7856624964751,0.009414379288658419
350802,新罗区,350128,平潭县,272.9817803722987,0.006441715890441165
350802,新罗区,350181,福清市,235.06112299258106,0.007480909858839811
350802,新罗区,350182,长乐市,262.25183776345125,0.006705276452671732
350802,新罗区,350203,思明区,137.63571682965744,0.012776269945987198
350802,新罗区,350205,海沧区,119.30860985428536,0.01473884470343609
350802,新罗区,350206,湖里区,137.04092079965622,0.012831722540714045
350802,新罗区,350211,集美区,117.95080130444197,0.014908513151058463
350802,新罗区,350212,同安区,116.51301156031401,0.015092486657722932
350802,新罗区,350213,翔安区,138.44722148156015,0.012701382184541483
350802,新罗区,350302,城厢区,193.4206200473081,0.009091435401225879
350802,新罗区,350303,涵江区,208.53443229300882,0.008432521445448173
350802,新罗区,350304,荔城区,204.96989450865712,0.008579167573074427
350802,新罗区,350305,秀屿区,224.5767037527184,0.007830157995200654
350802,新罗区,350322,仙游县,169.19046639637838,0.010393440658207194
350802,新罗区,350402_350403,三元区（含原梅列区）,125.03224248765873,0.014064140876292179
350802,新罗区,350421,明溪县,134.78616271655943,0.013046376845989966
350802,新罗区,350423,清流县,98.58911220558659,0.017836361775509655
350802,新罗区,350424,宁化县,118.30218696575119,0.014864231317500826
350802,新罗区,350425,大田县,105.3052023594329,0.016698805310900566
350802,新罗区,350426,尤溪县,153.12125098530282,0.011484173889056992
350802,新罗区,350427,沙县,157.0271754363931,0.011198514317908366
350802,新罗区,350428,将乐县,173.5861861772475,0.010130247752719193
350802,新罗区,350429,泰宁县,186.00944582681313,0.00945366545558341
350802,新罗区,350430,建宁县,183.8216789580116,0.009566178931630939
350802,新罗区,350481,永安市,83.71609854236628,0.021005172279203215
350802,新罗区,350502,鲤城区,157.73483828660997,0.01114827321298514
350802,新罗区,350503,丰泽区,160.9394356235638,0.01092629078517591
350802,新罗区,350504,洛江区,161.4612978825721,0.010890975704308171
350802,新罗区,350505,泉港区,181.25912610517287,0.00970142088958782
350802,新罗区,350521,惠安县,179.72355822789163,0.009784310358441684
350802,新罗区,350524,安溪县,88.72449329433334,0.01981945466390696
350802,新罗区,350525,永春县,111.72091314981265,0.015739855885953308
350802,新罗区,350526,德化县,130.7354337286965,0.013450608012471613
350802,新罗区,350581,石狮市,172.1647094800472,0.010213888071114553
350802,新罗区,350582,晋江市,158.71826304283005,0.011079198062737331
350802,新罗区,350583,南安市,136.8983804284852,0.012845083096828675
350802,新罗区,350602,芗城区,93.42865255846397,0.018821539477140325
350802,新罗区,350603,龙文区,101.38096343660268,0.017345180128661875
350802,新罗区,350622,云霄县,138.18569080288833,0.012725420860930427
350802,新罗区,350623,漳浦县,132.96647050654323,0.013224921032544239
350802,新罗区,350624,诏安县,147.89297439500243,0.01189015962129827
350802,新罗区,350625,长泰县,92.41050450658886,0.019028908908291675
350802,新罗区,350626,东山县,172.69219857309702,0.010182689704311297
350802,新罗区,350627,南靖县,67.18874664512677,0.02617210708979194
350802,新罗区,350628,平和县,104.44232323888454,0.016836767106406792
350802,新罗区,350629,华安县,62.97138852258425,0.027924921360031527
350802,新罗区,350681,龙海市,120.12074702951823,0.014639195275675683
350802,新罗区,350702,延平区,191.09936000532406,0.00920186793077782
350802,新罗区,350721,顺昌县,203.28379334041134,0.008650325948416792
350802,新罗区,350722,浦城县,339.87758055138823,0.005173836619562739
350802,新罗区,350723,光泽县,268.4542038655092,0.006550357741114457
350802,新罗区,350724,松溪县,316.35379722884437,0.005558558448891043
350802,新罗区,350725,政和县,301.9788084608203,0.0058231605104611395
350802,新罗区,350781,邵武市,225.7532748755463,0.007789349117502593
350802,新罗区,350782,武夷山市,297.142590301531,0.00591793680818598
350802,新罗区,350783,建瓯市,248.3250375588397,0.007081328124267347
350802,新罗区,350784,建阳市,266.63860255319855,0.006594960578051764
350802,新罗区,350821,长汀县,82.76224167985846,0.021247262480241755
350802,新罗区,350822,永定县,59.28354229102124,0.029662044548432544
350802,新罗区,350823,上杭县,47.04047712175361,0.0373820841118119
350802,新罗区,350824,武平县,89.21517098234557,0.01971044894116869
350802,新罗区,350825,连城县,48.54796865094457,0.03622131103091877
350802,新罗区,350881,漳平市,41.192145219087024,0.04268947545879067
350802,新罗区,350902,蕉城区,294.64595538665185,0.005968081489927758
350802,新罗区,350921,霞浦县,346.0290776535716,0.00508185925977486
350802,新罗区,350922,古田县,241.5370736763554,0.0072803360811657366
350802,新罗区,350923,屏南县,275.48616200356025,0.0063831557259940745
350802,新罗区,350924,寿宁县,346.4491123512536,0.0050756980166319484
350802,新罗区,350925,周宁县,309.4162386212191,0.0056831893512151455
350802,新罗区,350926,柘荣县,359.809728565542,0.004887224921448555
350802,新罗区,350981,福安市,331.23320757424193,0.0053088610447701474
350802,新罗区,350982,福鼎市,385.13239295301105,0.004565887223720761
350821,长汀县,350102,鼓楼区,294.14846457403377,0.007582128583849277
350821,长汀县,350103,台江区,294.84989203997054,0.007564091225238831
350821,长汀县,350104,仓山区,291.94866109405126,0.007639259151881076
350821,长汀县,350105,马尾区,316.0641824427798,0.007056387926986716
350821,长汀县,350111,晋安区,295.7007645208523,0.007542325718217353
350821,长汀县,350121,闽侯县,280.84429128373887,0.007941309652218993
350821,长汀县,350122,连江县,332.7867221263332,0.0067018042874183465
350821,长汀县,350123,罗源县,318.9053099176602,0.006993522565422329
350821,长汀县,350124,闽清县,247.3648093198737,0.009016122734976977
350821,长汀县,350125,永泰县,237.55230495055844,0.009388549109663838
350821,长汀县,350128,平潭县,335.62373916582857,0.0066451541439987395
350821,长汀县,350181,福清市,293.44312164897104,0.007600353583377231
350821,长汀县,350182,长乐市,316.44034033965573,0.007047999881267553
350821,长汀县,350203,思明区,220.339253553213,0.010121988911084043
350821,长汀县,350205,海沧区,202.07061030198233,0.011037089846015468
350821,长汀县,350206,湖里区,219.73334968160435,0.010149899796156759
350821,长汀县,350211,集美区,200.39835798365,0.011129190396480793
350821,长汀县,350212,同安区,197.79798495688053,0.011275501525601242
350821,长汀县,350213,翔安区,219.54323891506377,0.010158688977003743
350821,长汀县,350302,城厢区,257.34493212378305,0.008666467463479701
350821,长汀县,350303,涵江区,268.1382090842332,0.008317619069505823
350821,长汀县,350304,荔城区,269.62570261606726,0.008271731735894431
350821,长汀县,350305,秀屿区,293.107878119671,0.007609046523927193
350821,长汀县,350322,仙游县,233.13443780108585,0.009566460889167572
350821,长汀县,350402_350403,三元区（含原梅列区）,132.59468142991832,0.01682021825529214
350821,长汀县,350421,明溪县,118.41384592234859,0.01883454982624825
350821,长汀县,350423,清流县,68.30572096296432,0.03265131309208231
350821,长汀县,350424,宁化县,69.99431535108454,0.03186360877958928
350821,长汀县,350425,大田县,144.53827447536972,0.015430317604367213
350821,长汀县,350426,尤溪县,185.39547697454086,0.01202980524410758
350821,长汀县,350427,沙县,165.0159792825581,0.013515487959643272
350821,长汀县,350428,将乐县,155.127501727874,0.014377021845259387
350821,长汀县,350429,泰宁县,154.69040509026166,0.014417645876877737
350821,长汀县,350430,建宁县,138.50351641113338,0.016102634351331753
350821,长汀县,350481,永安市,96.666172010481,0.023071892004788822
350821,长汀县,350502,鲤城区,234.88918987727723,0.009494994138757129
350821,长汀县,350503,丰泽区,237.40105445083165,0.009394530644783093
350821,长汀县,350504,洛江区,233.85314656159014,0.009537059962350214
350821,长汀县,350505,泉港区,251.9663445394119,0.008851465798811495
350821,长汀县,350521,惠安县,254.26647559247496,0.0087713941680488
350821,长汀县,350524,安溪县,164.66655042516456,0.013544168353461328
350821,长汀县,350525,永春县,177.4903568547419,0.012565592411126942
350821,长汀县,350526,德化县,185.7585820501316,0.01200629040407007
350821,长汀县,350581,石狮市,251.18689088591478,0.008878932627718668
350821,长汀县,350582,晋江市,237.62116961405633,0.009385828227192715
350821,长汀县,350583,南安市,212.89839309231473,0.010475755353282969
350821,长汀县,350602,芗城区,175.31436697251218,0.012721555681125927
350821,长汀县,350603,龙文区,183.4612613868052,0.012156634399454544
350821,长汀县,350622,云霄县,209.0264610711981,0.01066980452959249
350821,长汀县,350623,漳浦县,211.57316906235215,0.010541372003956138
350821,长汀县,350624,诏安县,212.20288574384304,0.010510090253128747
350821,长汀县,350625,长泰县,175.10740576843546,0.012736591415736584
350821,长汀县,350626,东山县,243.14812969593686,0.009172480511905114
350821,长汀县,350627,南靖县,145.6055959534061,0.015317209936463199
350821,长汀县,350628,平和县,176.1311434922856,0.012662561753253148
350821,长汀县,350629,华安县,145.6385593980563,0.015313743079855837
350821,长汀县,350681,龙海市,202.06453369919504,0.011037421759833762
350821,长汀县,350702,延平区,207.67302752638923,0.010739341106098888
350821,长汀县,350721,顺昌县,197.2311298744308,0.011307908049617132
350821,长汀县,350722,浦城县,330.6988171649381,0.00674411689845808
350821,长汀县,350723,光泽县,234.3773677402029,0.009515728854905122
350821,长汀县,350724,松溪县,318.4185510352914,0.007004213397400233
350821,长汀县,350725,政和县,313.6349832344449,0.007111041817280345
350821,长汀县,350781,邵武市,200.82139686684502,0.011105746279720101
350821,长汀县,350782,武夷山市,280.4392773577752,0.007952778591341364
350821,长汀县,350783,建瓯市,255.9212184748546,0.00871467983168145
350821,长汀县,350784,建阳市,256.98581362941064,0.008678578204936817
350821,长汀县,350802,新罗区,82.76224167985846,0.026947934660461602
350821,长汀县,350822,永定县,110.8885232257897,0.020112734990625762
350821,长汀县,350823,上杭县,61.11193122526025,0.03649486174674003
350821,长汀县,350824,武平县,64.83797977641477,0.034397609068526735
350821,长汀县,350825,连城县,41.133814544232905,0.054219904131279965
350821,长汀县,350881,漳平市,109.49764106382112,0.02036821487179103
350821,长汀县,350902,蕉城区,326.0170905339776,0.006840964924535815
350821,长汀县,350921,霞浦县,381.1503844642872,0.005851421307830606
350821,长汀县,350922,古田县,270.5743189206667,0.008242731572008801
350821,长汀县,350923,屏南县,295.89979376094203,0.007537252570523918
350821,长汀县,350924,寿宁县,364.45235193375373,0.006119514579364144
350821,长汀县,350925,周宁县,331.50815545676795,0.006727651927806066
350821,长汀县,350926,柘荣县,386.5380409100761,0.005769862846852391
350821,长汀县,350981,福安市,357.4645903285556,0.006239139600071307
350821,长汀县,350982,福鼎市,415.0576098229663,0.005373402217811236
350822,永定县,350102,鼓楼区,294.93088781576466,0.006941907354039457
350822,永定县,350103,台江区,294.45112899007813,0.006953218030047464
350822,永定县,350104,仓山区,290.6093509223058,0.007045137716883065
350822,永定县,350105,马尾区,313.53165026007747,0.006530067689699969
350822,永定县,350111,晋安区,300.6969461264118,0.00680879179331915
350822,永定县,350121,闽侯县,285.945536541635,0.007160044964589032
350822,永定县,350122,连江县,337.6442107731228,0.0060637287231243685
350822,永定县,350123,罗源县,332.665165195007,0.006154485390321753
350822,永定县,350124,闽清县,262.02386163939303,0.007813726911174705
350822,永定县,350125,永泰县,235.44496177435295,0.008695802550337965
350822,永定县,350128,平潭县,310.68064665723244,0.006589991752271838
350822,永定县,350181,福清市,277.27974404214075,0.007383817040564215
350822,永定县,350182,长乐市,306.5820037990312,0.006678092235328108
350822,永定县,350203,思明区,141.45672365005737,0.01447356368953207
350822,永定县,350205,海沧区,122.14546548168637,0.016761841227488
350822,永定县,350206,湖里区,141.1638001502164,0.014503597217437932
350822,永定县,350211,集美区,127.46359557457306,0.016062491331996154
350822,永定县,350212,同安区,133.29180984608712,0.01536015529705665
350822,永定县,350213,翔安区,153.60407203047626,0.0133289623901079
350822,永定县,350302,城厢区,232.774919395758,0.008795547666287597
350822,永定县,350303,涵江区,250.77429480504668,0.008164245464844351
350822,永定县,350304,荔城区,243.14447362534784,0.008420437727967356
350822,永定县,350305,秀屿区,257.9953871481991,0.007935734517166287
350822,永定县,350322,仙游县,209.77234586378052,0.009760022898304948
350822,永定县,350402_350403,三元区（含原梅列区）,184.28224297085026,0.011110038960104787
350822,永定县,350421,明溪县,192.0061173749385,0.010663112858345192
350822,永定县,350423,清流县,150.84085547339322,0.01357313237608083
350822,永定县,350424,宁化县,166.55717101023717,0.01229237316318133
350822,永定县,350425,大田县,162.0229086081842,0.012636379118540427
350822,永定县,350426,尤溪县,209.6505336876379,0.009765693714436594
350822,永定县,350427,沙县,216.2873291910555,0.00946603255363658
350822,永定县,350428,将乐县,231.28656259567714,0.008852148071571147
350822,永定县,350429,泰宁县,241.5913079359881,0.008474571856716451
350822,永定县,350430,建宁县,235.54702768862845,0.008692034534046829
350822,永定县,350481,永安市,142.69029045884207,0.01434843879340336
350822,永定县,350502,鲤城区,182.09538432342305,0.011243464004695733
350822,永定县,350503,丰泽区,186.41921559074052,0.010982681654215355
350822,永定县,350504,洛江区,193.39603968645258,0.010586477894692185
350822,永定县,350505,泉港区,214.14657873405724,0.00956066125905393
350822,永定县,350521,惠安县,207.30355054191736,0.009876255827309896
350822,永定县,350524,安溪县,123.17299555071718,0.016622011098354924
350822,永定县,350525,永春县,155.09995811737934,0.013200409103348612
350822,永定县,350526,德化县,179.9405806968313,0.011378105434210688
350822,永定县,350581,石狮市,191.24233564930194,0.01070569909173307
350822,永定县,350582,晋江市,179.05118554685868,0.011434623528509569
350822,永定县,350583,南安市,165.2021271632107,0.012393199374720764
350822,永定县,350602,芗城区,89.15308125199181,0.02296480245337456
350822,永定县,350603,龙文区,97.11506790087311,0.021082031278106494
350822,永定县,350622,云霄县,99.86392051976436,0.02050172763502149
350822,永定县,350623,漳浦县,110.71643157787857,0.018492132286809675
350822,永定县,350624,诏安县,101.31741332830539,0.020207611226980057
350822,永定县,350625,长泰县,102.40627286617114,0.019992748898666098
350822,永定县,350626,东山县,133.20382982472964,0.01537030055183549
350822,永定县,350627,南靖县,54.75134939287094,0.03739419980995442
350822,永定县,350628,平和县,69.03268883005258,0.02965816533819176
350822,永定县,350629,华安县,80.9122290691074,0.025303751022765254
350822,永定县,350681,龙海市,112.45680176854198,0.018205949901327942
350822,永定县,350702,延平区,249.56144323722117,0.008203923140144283
350822,永定县,350721,顺昌县,262.417004138677,0.007802020702818793
350822,永定县,350722,浦城县,399.13029819489327,0.005129610326054266
350822,永定县,350723,光泽县,324.40145290180055,0.006311263037657866
350822,永定县,350724,松溪县,375.424519773098,0.005453514065354752
350822,永定县,350725,政和县,360.22469117730066,0.0056836273281831535
350822,永定县,350781,邵武市,283.08744524064605,0.007232333801738223
350822,永定县,350782,武夷山市,355.9160284179765,0.005752432415483298
350822,永定县,350783,建瓯市,307.2362343851358,0.006663871867714494
350822,永定县,350784,建阳市,325.78648524187884,0.006284431650200505
350822,永定县,350802,新罗区,59.28354229102124,0.034535434623847165
350822,永定县,350821,长汀县,110.8885232257897,0.018463433721565486
350822,永定县,350823,上杭县,49.90980293077088,0.041021658648933874
350822,永定县,350824,武平县,75.84411450943881,0.026994618004365332
350822,永定县,350825,连城县,94.50423794714303,0.021664455939073974
350822,永定县,350881,漳平市,94.11955616423951,0.021753002059305724
350822,永定县,350902,蕉城区,348.7592089816418,0.005870476954687135
350822,永定县,350921,霞浦县,398.28849948837984,0.005140451963065972
350822,永定县,350922,古田县,297.0336233112915,0.006892764786146731
350822,永定县,350923,屏南县,332.5236863888182,0.006157103938357188
350822,永定县,350924,寿宁县,403.4309639223892,0.0050749275146255565
350822,永定县,350925,周宁县,365.81463116919736,0.005596776959188062
350822,永定县,350926,柘荣县,414.6435880716659,0.004937693378024161
350822,永定县,350981,福安市,386.4399540857359,0.005298062163125629
350822,永定县,350982,福鼎市,438.8125356261408,0.004665734756506525
350823,上杭县,350102,鼓楼区,292.0763700666666,0.007035067911906337
350823,上杭县,350103,台江区,292.12881268592105,0.0070338049848278975
350823,上杭县,350104,仓山区,288.64838278041873,0.007118616356306424
350823,上杭县,350105,马尾区,312.508519429703,0.006575107464692005
350823,上杭县,350111,晋安区,296.02303772511453,0.006941274282814913
350823,上杭县,350121,闽侯县,280.95156324977097,0.007313634688892451
350823,上杭县,350122,连江县,333.6075792470716,0.0061592638378287785
350823,上杭县,350123,罗源县,324.54142036849,0.006331324662809008
350823,上杭县,350124,闽清县,252.18970299922358,0.008147743839043311
350823,上杭县,350125,永泰县,232.5763104676537,0.008834851213996969
350823,上杭县,350128,平潭县,320.019840989618,0.006420780325769698
350823,上杭县,350181,福清市,281.947831815397,0.007287791807625727
350823,上杭县,350182,长乐市,308.822786584188,0.006653579943402054
350823,上杭县,350203,思明区,174.51678804798001,0.011774094182372675
350823,上杭县,350205,海沧区,155.24727917237848,0.013235511178270435
350823,上杭县,350206,湖里区,174.04465527185005,0.011806033892121625
350823,上杭县,350211,集美区,156.8042101336771,0.013104093934278737
350823,上杭县,350212,同安区,158.16671117348085,0.012991210878933684
350823,上杭县,350213,翔安区,179.97881302780814,0.011416772142866656
350823,上杭县,350302,城厢区,240.46097118787338,0.008545158446011093
350823,上杭县,350303,涵江区,255.45579503479314,0.008043572073212218
350823,上杭县,350304,荔城区,251.99795619075527,0.00815394350788575
350823,上杭县,350305,秀屿区,271.3108818799083,0.007573515240688365
350823,上杭县,350322,仙游县,216.22741894612082,0.009502851714629643
350823,上杭县,350402_350403,三元区（含原梅列区）,155.80233232778738,0.013188359045608564
350823,上杭县,350421,明溪县,155.40579968760443,0.013222010394802407
350823,上杭县,350423,清流县,109.22562821145988,0.01881222504762395
350823,上杭县,350424,宁化县,121.31777015459284,0.016937148583127802
350823,上杭县,350425,大田县,146.8705582005311,0.013990394835134876
350823,上杭县,350426,尤溪县,193.94125634707436,0.010594842673416987
350823,上杭县,350427,沙县,189.29917193856443,0.010854654449037677
350823,上杭县,350428,将乐县,194.83353347284577,0.010546321581589873
350823,上杭县,350429,泰宁县,201.2299783483673,0.010211088406146311
350823,上杭县,350430,建宁县,191.3136344789407,0.010740358911054354
350823,上杭县,350481,永安市,113.56245876274951,0.018093806010090453
350823,上杭县,350502,鲤城区,202.4205503843962,0.010151030095413086
350823,上杭县,350503,丰泽区,205.93930834172596,0.009977585704388626
350823,上杭县,350504,洛江区,207.78636359321285,0.00988889291553685
350823,上杭县,350505,泉港区,227.81197459126872,0.009019618492700774
350823,上杭县,350521,惠安县,225.34502700307465,0.009118360081911418
350823,上杭县,350524,安溪县,134.79847793467474,0.015243325669284342
350823,上杭县,350525,永春县,158.74099537200235,0.012944212010683246
350823,上杭县,350526,德化县,176.75268568595024,0.011625153478759373
350823,上杭县,350581,石狮市,215.4834063866425,0.009535662784145865
350823,上杭县,350582,晋江市,202.27515995821886,0.010158326406991906
350823,上杭县,350583,南安市,182.33126788559716,0.011269471894263063
350823,上杭县,350602,芗城区,124.75155688350203,0.016470953551312544
350823,上杭县,350603,龙文区,133.12299106877126,0.015435178269248697
350823,上杭县,350622,云霄县,149.0937666599648,0.013781777366778691
350823,上杭县,350623,漳浦县,155.47285752940385,0.013216307537754468
350823,上杭县,350624,诏安县,151.19560564476703,0.013590190601899966
350823,上杭县,350625,长泰县,130.53345596235252,0.015741382802847953
350823,上杭县,350626,东山县,182.8414044045169,0.011238029512922102
350823,上杭县,350627,南靖县,91.66403953701855,0.022416392614382483
350823,上杭县,350628,平和县,116.9786939781551,0.01756539613329758
350823,上杭县,350629,华安县,102.64418440621901,0.020018446352013605
350823,上杭县,350681,龙海市,150.8205004200571,0.01362399072512843
350823,上杭县,350702,延平区,227.48558347138783,0.00903255963532532
350823,上杭县,350721,顺昌县,230.9505679198521,0.008897042849425536
350823,上杭县,350722,浦城县,367.9143587922049,0.005584933150278617
350823,上杭县,350723,光泽县,283.65234865896764,0.007243998185090032
350823,上杭县,350724,松溪县,348.8883054963995,0.005889498348070287
350823,上杭县,350725,政和县,338.0094298967312,0.0060790525859289275
350823,上杭县,350781,邵武市,245.0849835030517,0.008383937153197725
350823,上杭县,350782,武夷山市,321.3997286433388,0.0063932135461206244
350823,上杭县,350783,建瓯市,282.3053870149026,0.007278561421052929
350823,上杭县,350784,建阳市,293.7625691523707,0.006994686575662065
350823,上杭县,350802,新罗区,47.04047712175361,0.043681042893416275
350823,上杭县,350821,长汀县,61.11193122526025,0.03362317402976715
350823,上杭县,350822,永定县,49.90980293077088,0.041169809901518466
350823,上杭县,350824,武平县,42.28703691163335,0.048591181812429336
350823,上杭县,350825,连城县,53.17444917179969,0.038642188699376474
350823,上杭县,350881,漳平市,87.68156393236931,0.02343453979067915
350823,上杭县,350902,蕉城区,336.84631270283217,0.006100043317662268
350823,上杭县,350921,霞浦县,389.4356718621963,0.005276294000127394
350823,上杭县,350922,古田县,282.67979447998545,0.007268921015957406
350823,上杭县,350923,屏南县,314.2836512465654,0.006537970049450803
350823,上杭县,350924,寿宁县,384.962980684716,0.005337596605334229
350823,上杭县,350925,周宁县,349.00838839758774,0.0058874719553769
350823,上杭县,350926,柘荣县,401.0655891856793,0.00512329442935778
350823,上杭县,350981,福安市,372.2051968175062,0.005520549192894672
350823,上杭县,350982,福鼎市,427.3711378484875,0.004807945406015112
350824,武平县,350102,鼓楼区,332.3809221961188,0.007527861524580093
350824,武平县,350103,台江区,332.56017288015516,0.007523803990221948
350824,武平县,350104,仓山区,329.17785617144375,0.007601111401617031
350824,武平县,350105,马尾区,353.15850186716864,0.007084970466449986
350824,武平县,350111,晋安区,335.8413829687787,0.007450295534118915
350824,武平县,350121,闽侯县,320.75887672379037,0.007800618275201213
350824,武平县,350122,连江县,373.43880763496895,0.006700207649951571
350824,武平县,350123,罗源县,363.1726860575582,0.006889608309662523
350824,武平县,350124,闽清县,290.70932752345135,0.008606939367993852
350824,武平县,350125,永泰县,273.1843471527785,0.009159080971448564
350824,武平县,350128,平潭县,362.15195590835333,0.006909026763168446
350824,武平县,350181,福清市,323.677210897989,0.007730286444210575
350824,武平县,350182,长乐市,350.12293072188226,0.007146397268370154
350824,武平县,350203,思明区,212.9145296618366,0.011751746391749885
350824,武平县,350205,海沧区,193.47982721550838,0.012932188289157489
350824,武平县,350206,湖里区,212.50838556364127,0.011774206222818847
350824,武平县,350211,集美区,196.34160407665203,0.012743695191202482
350824,武平县,350212,同安区,198.87357327009195,0.012581448176155936
350824,武平县,350213,翔安区,220.4886331490613,0.01134805690419903
350824,武平县,350302,城厢区,282.5740384736439,0.008854732618821203
350824,武平县,350303,涵江区,297.251052619391,0.008417522944513832
350824,武平县,350304,荔城区,294.1699111536567,0.008505688246265459
350824,武平县,350305,秀屿区,313.597709353515,0.007978749464920373
350824,武平县,350322,仙游县,258.2955498149624,0.00968703315832223
350824,武平县,350402_350403,三元区（含原梅列区）,186.76761956016642,0.013396955862033488
350824,武平县,350421,明溪县,179.38264648528227,0.013948492815384472
350824,武平县,350423,清流县,129.76174310482207,0.019282397845745577
350824,武平县,350424,宁化县,134.67309795198594,0.01857919357135955
350824,武平县,350425,大田县,184.99003438378816,0.01352568836499383
350824,武平县,350426,尤溪县,230.92606538285324,0.01083514566255802
350824,武平县,350427,沙县,220.31540337024717,0.01135697966383096
350824,武平县,350428,将乐县,217.59011472614668,0.011499224396538936
350824,武平县,350429,泰宁县,219.06407199786193,0.011421852670249975
350824,武平县,350430,建宁县,203.27993632452268,0.012308728549138025
350824,武平县,350481,永安市,145.95189102451064,0.017143440473028303
350824,武平县,350502,鲤城区,244.14972119091183,0.010248291677335531
350824,武平县,350503,丰泽区,247.7786548416961,0.010098196542810339
350824,武平县,350504,洛江区,250.0235547763435,0.010007527322547113
350824,武平县,350505,泉港区,270.08504438025994,0.009264184033018185
350824,武平县,350521,惠安县,267.38048161936547,0.009357891572903024
350824,武平县,350524,安溪县,177.02013031362196,0.01413464983486158
350824,武平县,350525,永春县,200.76664004742065,0.012462815311914456
350824,武平县,350526,德化县,217.70919071395824,0.011492934898610098
350824,武平县,350581,石狮市,256.6241360271221,0.009750125590058169
350824,武平县,350582,晋江市,243.55568048288933,0.010273287614330124
350824,武平县,350583,南安市,224.34642629006078,0.011152919157578144
350824,武平县,350602,芗城区,161.6067166238533,0.015482757202031402
350824,武平县,350603,龙文区,169.89903077254084,0.014727085518542026
350824,武平县,350622,云霄县,173.11181619117735,0.014453765264303966
350824,武平县,350623,漳浦县,186.56054602071546,0.0134118258606875
350824,武平县,350624,诏安县,169.5873045904073,0.01475415604810635
350824,武平县,350625,长泰县,170.14581096651935,0.01470572529227281
350824,武平县,350626,东山县,204.65634601811988,0.012225946589914584
350824,武平县,350627,南靖县,127.26558744502124,0.019660598013469487
350824,武平县,350628,平和县,144.2852013342293,0.01734147045273607
350824,武平县,350629,华安县,143.3238354990877,0.017457790931924504
350824,武平县,350681,龙海市,186.57686262381856,0.013410652963703496
350824,武平县,350702,延平区,260.8085077893579,0.00959369606809548
350824,武平县,350721,顺昌县,257.6223706698969,0.009712345823067856
350824,武平县,350722,浦城县,393.026226458628,0.006366286489962771
350824,武平县,350723,光泽县,299.2006761362486,0.008362673467239123
350824,武平县,350724,松溪县,377.9073762086934,0.006620980994884993
350824,武平县,350725,政和县,370.00069626393696,0.00676246715470975
350824,武平县,350781,邵武市,264.88168703602724,0.00944617041556479
350824,武平县,350782,武夷山市,343.86286065430323,0.007276498400971759
350824,武平县,350783,建瓯市,313.1129345626529,0.007991102504914074
350824,武平县,350784,建阳市,318.93971717750503,0.007845111226182174
350824,武平县,350802,新罗区,89.21517098234557,0.028045875249174224
350824,武平县,350821,长汀县,64.83797977641477,0.038590307167694536
350824,武平县,350822,永定县,75.84411450943881,0.03299026657359449
350824,武平县,350823,上杭县,42.28703691163335,0.05916984821928416
350824,武平县,350825,连城县,81.45615521414778,0.030717354006294044
350824,武平县,350881,漳平市,129.36944349459577,0.01934086974571499
350824,武平县,350902,蕉城区,374.01548597577823,0.006689876888858695
350824,武平县,350921,霞浦县,427.5282837772754,0.005852519355206244
350824,武平县,350922,古田县,319.2047628057554,0.007838597186681758
350824,武平县,350923,屏南县,348.70673144252504,0.007175420862550855
350824,武平县,350924,寿宁县,418.78419354357334,0.005974718230248281
350824,武平县,350925,周宁县,383.9076189558667,0.006517499086133663
350824,武平县,350926,柘荣县,437.20544047732704,0.005722979002669499
350824,武平县,350981,福安市,408.18964195194695,0.006129791887269809
350824,武平县,350982,福鼎市,464.32064484385796,0.005388770849390136
350825,连城县,350102,鼓楼区,256.85894714130677,0.007398157337977707
350825,连城县,350103,台江区,257.36830794314767,0.007383515553276501
350825,连城县,350104,仓山区,254.28377678660684,0.007473079598834931
350825,连城县,350105,马尾区,278.4270209801966,0.0068250663959581945
350825,连城县,350111,晋安区,259.18146152266957,0.007331862755363299
350825,连城县,350121,闽侯县,244.1795466788731,0.007782318095289931
350825,连城县,350122,连江县,296.5928645231872,0.006407041881043384
350825,连城县,350123,罗源县,284.4258217253943,0.006681119502762165
350825,连城县,350124,闽清县,212.17420702201244,0.008956238985361393
350825,连城县,350125,永泰县,199.1261772192013,0.009543109455301924
350825,连城县,350128,平潭县,295.3860878714087,0.006433217347209468
350825,连城县,350181,福清市,253.7999519313246,0.007487325707346398
350825,连城县,350182,长乐市,277.72369437736774,0.006842350663953808
350825,连城县,350203,思明区,183.18684970886204,0.010373467897061372
350825,连城县,350205,海沧区,165.64121751684942,0.01147228288409185
350825,连城县,350206,湖里区,182.53180657335866,0.010410694663535103
350825,连城县,350211,集美区,162.63084582740214,0.011684640112094299
350825,连城县,350212,同安区,158.77087913285703,0.011968711863266557
350825,连城县,350213,翔安区,180.2662855137608,0.010541532484584462
350825,连城县,350302,城厢区,216.73939885555524,0.008767593315533367
350825,连城县,350303,涵江区,228.18566273019061,0.008327792736328063
350825,连城县,350304,荔城区,228.96754127985957,0.008299354982792223
350825,连城县,350305,秀屿区,252.12410985246223,0.007537093163088182
350825,连城县,350322,仙游县,192.45025264087167,0.00987415126009096
350825,连城县,350402_350403,三元区（含原梅列区）,105.46228575673454,0.018018601540668196
350825,连城县,350421,明溪县,102.26519268139565,0.018581912914778002
350825,连城县,350423,清流县,56.80604645152566,0.033452123907976174
350825,连城县,350424,宁化县,72.40920693906605,0.026243664099481395
350825,连城县,350425,大田县,107.21546059009032,0.01772396344855441
350825,连城县,350426,尤溪县,151.12740228172265,0.012574045976627675
350825,连城县,350427,沙县,139.06801904641102,0.013664413411860763
350825,连城县,350428,将乐县,141.66576548590535,0.013413847008843858
350825,连城县,350429,泰宁县,148.60648825498558,0.012787348163144112
350825,连城县,350430,建宁县,141.0447866934892,0.013472904239617715
350825,连城县,350481,永安市,64.54712638816721,0.029440240192738415
350825,连城县,350502,鲤城区,194.18437987857442,0.009785972001491335
350825,连城县,350503,丰泽区,196.57852967879245,0.009666787658467747
350825,连城县,350504,洛江区,192.72861972134544,0.009859889555407963
350825,连城县,350505,泉港区,210.84504562517702,0.009012698870794686
350825,连城县,350521,惠安县,213.21774250935326,0.008912405141590534
350825,连城县,350524,安溪县,124.05427605560556,0.015318157221496436
350825,连城县,350525,永春县,136.4602046994693,0.013925546343739853
350825,连城县,350526,德化县,146.00889008515867,0.013014843846223062
350825,连城县,350581,石狮市,210.87520226746042,0.009011409991244449
350825,连城县,350582,晋江市,197.31383991793766,0.009630763383901553
350825,连城县,350583,南安市,172.0720506073723,0.011043530299727076
350825,连城县,350602,芗城区,141.55631723673224,0.013424218302039756
350825,连城县,350603,龙文区,149.34227882964555,0.012724346511320721
350825,连城县,350622,云霄县,184.89594791297532,0.010277580044712985
350825,连城县,350623,漳浦县,181.48274447437188,0.010470873746826303
350825,连城县,350624,诏安县,192.27514664634444,0.009883143701946647
350825,连城县,350625,长泰县,138.20521614897098,0.013749719131949242
350825,连城县,350626,东山县,219.48061855338588,0.00865808979919777
350825,连城县,350627,南靖县,115.52318148033862,0.016449364363654614
350825,连城县,350628,平和县,151.14771203494146,0.012572356399145428
350825,连城县,350629,华安县,108.93486602628205,0.017444212068523746
350825,连城县,350681,龙海市,168.1130603538432,0.01130360068765023
350825,连城县,350702,延平区,179.3597464348498,0.010594812617606711
350825,连城县,350721,顺昌县,178.5263954409956,0.010644268596386607
350825,连城县,350722,浦城县,315.22209576568264,0.006028393726660722
350825,连城县,350723,光泽县,231.28714868300727,0.008216119725800835
350825,连城县,350724,松溪县,297.6183240853976,0.006384966081837844
350825,连城县,350725,政和县,288.68485286361965,0.006582551477047594
350825,连城县,350781,邵武市,192.00685437765034,0.009896953474801993
350825,连城县,350782,武夷山市,268.2751124229624,0.007083336532621415
350825,连城县,350783,建瓯市,232.0483107875693,0.00818916930775815
350825,连城县,350784,建阳市,241.01973367861882,0.007884345715660641
350825,连城县,350802,新罗区,48.54796865094457,0.039142377269820415
350825,连城县,350821,长汀县,41.133814544232905,0.046197585263463306
350825,连城县,350822,永定县,94.50423794714303,0.0201079120460347
350825,连城县,350823,上杭县,53.17444917179969,0.03573676707922486
350825,连城县,350824,武平县,81.45615521414778,0.023328904974987505
350825,连城县,350881,漳平市,68.69720987197735,0.02766171884069256
350825,连城县,350902,蕉城区,293.7780693747222,0.00646843009304014
350825,连城县,350921,霞浦县,347.9843379873553,0.005460828828128861
350825,连城县,350922,古田县,238.65533562013172,0.007962457238514757
350825,连城县,350923,屏南县,267.3319841082251,0.0071083260424588315
350825,连城县,350924,寿宁县,337.3329421490551,0.00563325624978251
350825,连城县,350925,周宁县,302.60496981721286,0.006279747836813599
350825,连城县,350926,柘荣县,356.2735202591496,0.0053337753062210206
350825,连城县,350981,福安市,327.2171527465268,0.005807406148083896
350825,连城县,350982,福鼎市,383.79498129886446,0.00495129690906229
350881,漳平市,350102,鼓楼区,205.34715982543204,0.007831866805639598
350881,漳平市,350103,台江区,205.24149585673965,0.007835898866142275
350881,漳平市,350104,仓山区,201.6518830974693,0.00797538599672692
350881,漳平市,350105,马尾区,225.3433417942046,0.0071368942692698265
350881,漳平市,350111,晋安区,209.95778518552186,0.007659880786264226
350881,漳平市,350121,闽侯县,194.96468445651732,0.008248938053331687
350881,漳平市,350122,连江县,247.40416576603704,0.00650050333505721
350881,漳平市,350123,罗源县,240.26473657143725,0.006693664778355825
350881,漳平市,350124,闽清县,168.75174000636557,0.009530281611368896
350881,漳平市,350125,永泰县,145.62431275894247,0.011043839961884464
350881,漳平市,350128,平潭县,233.1203421812366,0.006898804238279878
350881,漳平市,350181,福清市,194.32650436927284,0.008276028068786018
350881,漳平市,350182,长乐市,221.18142900121876,0.007271187332189216
350881,漳平市,350203,思明区,120.22448689186866,0.013377071894810008
350881,漳平市,350205,海沧区,104.85175490573182,0.015338337504365928
350881,漳平市,350206,湖里区,119.48274277419884,0.013460116225390643
350881,漳平市,350211,集美区,98.89984259903176,0.016261417231870454
350881,漳平市,350212,同安区,92.434118879693,0.017398895820734544
350881,漳平市,350213,翔安区,113.2099051807876,0.014205926611288253
350881,漳平市,350302,城厢区,153.5619082335203,0.010472985281112264
350881,漳平市,350303,涵江区,167.88262290288998,0.009579619241471153
350881,漳平市,350304,荔城区,165.36761121566764,0.009725311944983807
350881,漳平市,350305,秀屿区,186.41212679927094,0.008627397971811888
350881,漳平市,350322,仙游县,129.1922509832922,0.012448514461421976
350881,漳平市,350402_350403,三元区（含原梅列区）,99.61821635380855,0.016144151777996423
350881,漳平市,350421,明溪县,119.53159341889973,0.013454615291816917
350881,漳平市,350423,清流县,98.04634352774049,0.01640297380609756
350881,漳平市,350424,宁化县,121.72653615757064,0.013212005002650748
350881,漳平市,350425,大田县,68.2938594867013,0.023548992790227968
350881,漳平市,350426,尤溪县,115.63726092282708,0.013907728286148792
350881,漳平市,350427,沙县,128.12245076286453,0.012552457395978192
350881,漳平市,350428,将乐县,155.07895574492306,0.01037053413820025
350881,漳平市,350429,泰宁县,172.69252682512553,0.009312803710943104
350881,漳平市,350430,建宁县,177.7976021384838,0.009045406604620733
350881,漳平市,350481,永安市,64.89552814836583,0.02478216374158084
350881,漳平市,350502,鲤城区,125.48737292838199,0.012816043296938173
350881,漳平市,350503,丰泽区,127.91616074153939,0.012572700707604243
350881,漳平市,350504,洛江区,125.03655394533928,0.012862251509044551
350881,漳平市,350505,泉港区,143.93186139960676,0.01117370114601717
350881,漳平市,350521,惠安县,144.93720093463205,0.011096196106301972
350881,漳平市,350524,安溪县,55.39717936178123,0.02903129045914404
350881,漳平市,350525,永春县,71.68164850290107,0.02243602983829372
350881,漳平市,350526,德化县,89.55452431555959,0.017958351260984207
350881,漳平市,350581,石狮市,142.34791612220138,0.011298034059652374
350881,漳平市,350582,晋江市,128.80350463929787,0.012486085756539997
350881,漳平市,350583,南安市,103.41021988132157,0.015552153418829161
350881,漳平市,350602,芗城区,89.08015725341838,0.018053982550726305
350881,漳平市,350603,龙文区,95.18949361435924,0.01689526379018963
350881,漳平市,350622,云霄县,150.0976044749172,0.010714705343201698
350881,漳平市,350623,漳浦县,134.20526501447418,0.011983520948270687
350881,漳平市,350624,诏安县,165.26335494704898,0.00973144715103031
350881,漳平市,350625,长泰县,77.70456126238092,0.020697003863629982
350881,漳平市,350626,东山县,182.96858881115438,0.00878976886206998
350881,漳平市,350627,南靖县,77.24697904642915,0.020819605174495357
350881,漳平市,350628,平和县,118.46224314483062,0.013576069150597968
350881,漳平市,350629,华安县,52.181331920600066,0.030820439905909484
350881,漳平市,350681,龙海市,112.97835877846553,0.014235041312847557
350881,漳平市,350702,延平区,157.12283453338904,0.010235632582910237
350881,漳平市,350721,顺昌县,177.35875520492715,0.009067788070630821
350881,漳平市,350722,浦城县,311.39463164528604,0.005164673508248377
350881,漳平市,350723,光泽县,252.43129642314128,0.006371046805437776
350881,漳平市,350724,松溪县,284.25009242761115,0.005657875397450355
350881,漳平市,350725,政和县,267.0811015955308,0.006021585185404531
350881,漳平市,350781,邵武市,207.04590517265058,0.0077676088465893035
350881,漳平市,350782,武夷山市,272.4518331840693,0.005902884138726389
350881,漳平市,350783,建瓯市,215.66183103282623,0.007457284383458546
350881,漳平市,350784,建阳市,239.84626215320753,0.006705343623999699
350881,漳平市,350802,新罗区,41.192145219087024,0.03904267661019903
350881,漳平市,350821,长汀县,109.49764106382112,0.014687545677187648
350881,漳平市,350822,永定县,94.11955616423951,0.017087326696088073
350881,漳平市,350823,上杭县,87.68156393236931,0.018341958474983978
350881,漳平市,350824,武平县,129.36944349459577,0.012431464194528697
350881,漳平市,350825,连城县,68.69720987197735,0.02341072668986519
350881,漳平市,350902,蕉城区,255.15169136832614,0.0063031195131196165
350881,漳平市,350921,霞浦县,305.73899021653204,0.0052602110170186876
350881,漳平市,350922,古田县,202.96463806064494,0.00792380199839852
350881,漳平市,350923,屏南县,238.5349314171502,0.006742205827525772
350881,漳平市,350924,寿宁县,309.3945961499451,0.0051980597744174795
350881,漳平市,350925,周宁县,271.6992306573552,0.0059192350334527286
350881,漳平市,350926,柘荣县,320.79245509023855,0.00501337104146284
350881,漳平市,350981,福安市,292.4674967960132,0.005498907134254562
350881,漳平市,350982,福鼎市,345.4607674240366,0.004655381323503859
350902,蕉城区,350102,鼓楼区,76.36058733949231,0.0213490605192825
350902,蕉城区,350103,台江区,79.07621697397418,0.02061589265120414
350902,蕉城区,350104,仓山区,82.86863218914084,0.01967242317548961
350902,蕉城区,350105,马尾区,77.99834443271779,0.020900787218695774
350902,蕉城区,350111,晋安区,64.78991771415096,0.025161735929211032
350902,蕉城区,350121,闽侯县,73.93106604558761,0.022050632942226787
350902,蕉城区,350122,连江县,54.67614822647454,0.02981605056826977
350902,蕉城区,350123,罗源县,29.639567673384306,0.055001706447381386
350902,蕉城区,350124,闽清县,86.91341919723934,0.01875690561315024
350902,蕉城区,350125,永泰县,120.9015115901736,0.01348392405485257
350902,蕉城区,350128,平潭县,142.67254673107908,0.01142635242554101
350902,蕉城区,350181,福清市,121.0225579077682,0.013470437483573775
350902,蕉城区,350182,长乐市,98.97661900375441,0.01647082732071238
350902,蕉城区,350203,思明区,284.6783630569104,0.005726556745982404
350902,蕉城区,350205,海沧区,288.1900912880715,0.005656776029711662
350902,蕉城区,350206,湖里区,283.9902014587364,0.005740433268559969
350902,蕉城区,350211,集美区,274.26370943359393,0.005944012074238707
350902,蕉城区,350212,同安区,258.6860493945325,0.006301950971899741
350902,蕉城区,350213,翔安区,256.3983321086445,0.006358180207303365
350902,蕉城区,350302,城厢区,154.53858031526633,0.010548995578146475
350902,蕉城区,350303,涵江区,133.1814903647876,0.012240640917394335
350902,蕉城区,350304,荔城区,154.37044124117713,0.010560485461409228
350902,蕉城区,350305,秀屿区,171.22069354538226,0.009521201944942975
350902,蕉城区,350322,仙游县,164.02058174322084,0.009939159970490457
350902,蕉城区,350402_350403,三元区（含原梅列区）,194.46969012707189,0.008382935147032646
350902,蕉城区,350421,明溪县,219.8900474616147,0.007413827134142396
350902,蕉城区,350423,清流县,262.89570452497236,0.006201040079161597
350902,蕉城区,350424,宁化县,276.429205429844,0.005897447767372467
350902,蕉城区,350425,大田县,190.02662152017734,0.008578939031580258
350902,蕉城区,350426,尤溪县,143.11733503969066,0.01139084094841948
350902,蕉城区,350427,沙县,165.07127667945002,0.00987589623823227
350902,蕉城区,350428,将乐县,201.4508561581776,0.008092429247948877
350902,蕉城区,350429,泰宁县,224.6775975924697,0.007255849349768092
350902,蕉城区,350430,建宁县,257.24344656998034,0.006337291861603528
350902,蕉城区,350481,永安市,230.06437428424937,0.007085959334080117
350902,蕉城区,350502,鲤城区,224.8510121302994,0.007250253334212588
350902,蕉城区,350503,丰泽区,220.25265040264085,0.007401621716781083
350902,蕉城区,350504,洛江区,198.73963624299947,0.008202826729568407
350902,蕉城区,350505,泉港区,186.67376016340944,0.00873302599664634
350902,蕉城区,350521,惠安县,207.18738499325994,0.007868369015091395
350902,蕉城区,350524,安溪县,236.9992877480964,0.0068786147666887775
350902,蕉城区,350525,永春县,200.5089027875816,0.008130445968904608
350902,蕉城区,350526,德化县,170.9593797496644,0.00953575523487461
350902,蕉城区,350581,石狮市,238.3377082133982,0.006839986893467724
350902,蕉城区,350582,晋江市,237.05528655461143,0.0068769898536863725
350902,蕉城区,350583,南安市,221.5157680761722,0.007359416508165664
350902,蕉城区,350602,芗城区,303.5324408327801,0.00537084865105701
350902,蕉城区,350603,龙文区,302.9665427051912,0.005380880627420003
350902,蕉城区,350622,云霄县,373.0440975899471,0.004370064587352716
350902,蕉城区,350623,漳浦县,340.0248103438325,0.004794434849475531
350902,蕉城区,350624,诏安县,395.50677342178403,0.004121868220598691
350902,蕉城区,350625,长泰县,279.9954691020845,0.0058223327885509775
350902,蕉城区,350626,东山县,395.9537312090826,0.004117215401457955
350902,蕉城区,350627,南靖县,316.38858093319527,0.005152609476582207
350902,蕉城区,350628,平和县,351.5928763302096,0.004636688938110621
350902,蕉城区,350629,华安县,280.3329985858609,0.005815322522223405
350902,蕉城区,350681,龙海市,309.2681050402123,0.005271241275225617
350902,蕉城区,350702,延平区,121.58094199869784,0.013408571883052516
350902,蕉城区,350721,顺昌县,159.52291173842602,0.010219389695393129
350902,蕉城区,350722,浦城县,161.4620946814898,0.010096653357648219
350902,蕉城区,350723,光泽县,228.7310248808044,0.007127265753512525
350902,蕉城区,350724,松溪县,113.68971187496507,0.01433926406807757
350902,蕉城区,350725,政和县,76.25383255159198,0.02137894904227661
350902,蕉城区,350781,邵武市,200.76965155249096,0.00811988658541133
350902,蕉城区,350782,武夷山市,175.92119532791713,0.009266801520760676
350902,蕉城区,350783,建瓯市,101.43968994865129,0.016070896916423917
350902,蕉城区,350784,建阳市,150.72129036343324,0.010816168017589443
350902,蕉城区,350802,新罗区,294.64595538665185,0.0055328327798000775
350902,蕉城区,350821,长汀县,326.0170905339776,0.0050004335592611394
350902,蕉城区,350822,永定县,348.7592089816418,0.004674362019454492
350902,蕉城区,350823,上杭县,336.84631270283217,0.004839675362090052
350902,蕉城区,350824,武平县,374.01548597577823,0.004358714709754971
350902,蕉城区,350825,连城县,293.7780693747222,0.005549178003206831
350902,蕉城区,350881,漳平市,255.15169136832614,0.006389245517661305
350902,蕉城区,350921,霞浦县,56.11109893184406,0.02905355324405517
350902,蕉城区,350922,古田县,55.450736575637,0.029399551765648495
350902,蕉城区,350923,屏南县,48.34189987776692,0.03372285335331931
350902,蕉城区,350924,寿宁县,72.24067263986889,0.022566606052046544
350902,蕉城区,350925,周宁县,38.69023284593758,0.042135357698421035
350902,蕉城区,350926,柘荣县,66.45068092760195,0.024532883299945584
350902,蕉城区,350981,福安市,40.51446551168742,0.04023814160718715
350902,蕉城区,350982,福鼎市,90.54619725539224,0.018004365172847658
350921,霞浦县,350102,鼓楼区,108.7053539338255,0.018805601015093917
350921,霞浦县,350103,台江区,110.31599059904363,0.018531035284940954
350921,霞浦县,350104,仓山区,114.55212158883181,0.017845758646196887
350921,霞浦县,350105,马尾区,98.12853000973588,0.02083257044695634
350921,霞浦县,350111,晋安区,100.03350545615599,0.0204358480187429
350921,霞浦县,350121,闽侯县,113.74520521888557,0.017972357694992086
350921,霞浦县,350122,连江县,68.24684521398518,0.029954051471161328
350921,霞浦县,350123,罗源县,65.62875123535692,0.03114899302217349
350921,霞浦县,350124,闽清县,137.3110417149217,0.014887874192436047
350921,霞浦县,350125,永泰县,164.51731808173815,0.012425862140959684
350921,霞浦县,350128,平潭县,150.59896581552843,0.013574259977244183
350921,霞浦县,350181,福清市,145.65441697721286,0.014035067090371254
350921,霞浦县,350182,长乐市,116.05810971954062,0.01761418929899993
350921,霞浦县,350203,思明区,321.4305727840419,0.006359910000401756
350921,霞浦县,350205,海沧区,327.4931630498154,0.006242174631209433
350921,霞浦县,350206,湖里区,320.8174591632647,0.006372064412004956
350921,霞浦县,350211,集美区,313.696468926929,0.006516711907140641
350921,霞浦县,350212,同安区,298.5438442022405,0.006847468316577504
350921,霞浦县,350213,翔安区,293.0444986019414,0.006975969602012344
350921,霞浦县,350302,城厢区,187.39055583944102,0.010909138430837744
350921,霞浦县,350303,涵江区,165.1363380654354,0.012379283313609928
350921,霞浦县,350304,荔城区,183.8405088035153,0.011119799045317933
350921,霞浦县,350305,秀屿区,193.34167356728327,0.010573351707192515
350921,霞浦县,350322,仙游县,202.0928159120813,0.010115498193530213
350921,霞浦县,350402_350403,三元区（含原梅列区）,250.17695513740608,0.008171294247151208
350921,霞浦县,350421,明溪县,276.0004026669587,0.007406762796468997
350921,霞浦县,350423,清流县,318.7112235720882,0.0064141748488556315
350921,霞浦县,350424,宁化县,332.5074762790567,0.0061480407513256645
350921,霞浦县,350425,大田县,242.7035871296239,0.008422906057800795
350921,霞浦县,350426,尤溪县,196.86888965380174,0.010383913465855297
350921,霞浦县,350427,沙县,221.13977153031715,0.00924424177585728
350921,霞浦县,350428,将乐县,256.9970299506062,0.007954448013181292
350921,霞浦县,350429,泰宁县,279.57196189679456,0.007312140675389848
350921,霞浦县,350430,建宁县,312.2821685272332,0.0065462255623661
350921,霞浦县,350481,永安市,284.8235506488212,0.007177319114333402
350921,霞浦县,350502,鲤城区,259.20996715174454,0.007886538996732919
350921,霞浦县,350503,丰泽区,254.2337868220951,0.00804090416084078
350921,霞浦县,350504,洛江区,234.12267172039554,0.008731617058964247
350921,霞浦县,350505,泉港区,218.7257460372039,0.009346268335216353
350921,霞浦县,350521,惠安县,238.08280884454666,0.00858638019353541
350921,霞浦县,350524,安溪县,282.0513109227164,0.00724786389964425
350921,霞浦县,350525,永春县,246.14127013634823,0.008305269218573885
350921,霞浦县,350526,德化县,218.57152558865715,0.009352862907363904
350921,霞浦县,350581,石狮市,269.6144853631554,0.007582194671516174
350921,霞浦县,350582,晋江市,270.7807705420302,0.007549537251821888
350921,霞浦县,350583,南安市,259.86231074772905,0.007866741076849126
350921,霞浦县,350602,芗城区,346.28031233453237,0.005903510657311574
350921,霞浦县,350603,龙文区,344.76729668825345,0.005929418288569777
350921,霞浦县,350622,云霄县,414.2678574762577,0.004934656351902108
350921,霞浦县,350623,漳浦县,379.48775570538265,0.0053869182432098595
350921,霞浦县,350624,诏安县,437.58756191300205,0.004671681035327322
350921,霞浦县,350625,长泰县,322.6745044309157,0.006335392124920016
350921,霞浦县,350626,东山县,434.5399643658502,0.004704445348927607
350921,霞浦县,350627,南靖县,362.386693837559,0.005641127417334044
350921,霞浦县,350628,平和县,395.4071031305053,0.0051700374072677574
350921,霞浦县,350629,华安县,326.3582729864132,0.006263881395061796
350921,霞浦县,350681,龙海市,348.93421093432056,0.0058586101626729925
350921,霞浦县,350702,延平区,177.68541427618234,0.011504993376139565
350921,霞浦县,350721,顺昌县,214.17252238572087,0.009544966326737282
350921,霞浦县,350722,浦城县,191.42750727392297,0.010679079215918782
350921,霞浦县,350723,光泽县,276.85699899046296,0.007383846251813602
350921,霞浦县,350724,松溪县,146.85074686164432,0.013920729434288164
350921,霞浦县,350725,政和县,113.7125816221934,0.017977513878597143
350921,霞浦县,350781,邵武市,253.01337697068243,0.008079689456581456
350921,霞浦县,350782,武夷山市,217.67403277692506,0.009391425739693461
350921,霞浦县,350783,建瓯市,153.3083071404114,0.013334368844160513
350921,霞浦县,350784,建阳市,197.70833500130982,0.010339824642550092
350921,霞浦县,350802,新罗区,346.0290776535716,0.005907796905815877
350921,霞浦县,350821,长汀县,381.1503844642872,0.005363419788116821
350921,霞浦县,350822,永定县,398.28849948837984,0.005132635054514633
350921,霞浦县,350823,上杭县,389.4356718621963,0.005249312433318813
350921,霞浦县,350824,武平县,427.5282837772754,0.004781600637559391
350921,霞浦县,350825,连城县,347.9843379873553,0.00587460207579335
350921,霞浦县,350881,漳平市,305.73899021653204,0.006686322581350482
350921,霞浦县,350902,蕉城区,56.11109893184406,0.036432533905051225
350921,霞浦县,350922,古田县,111.07519812537099,0.018404374232821243
350921,霞浦县,350923,屏南县,99.23729808272476,0.02059981029088456
350921,霞浦县,350924,寿宁县,78.89531084595802,0.02591116623236962
350921,霞浦县,350925,周宁县,71.82040001347758,0.028463633088933942
350921,霞浦县,350926,柘荣县,41.362152668422475,0.049423673150473364
350921,霞浦县,350981,福安市,45.22527598052897,0.04520192458668954
350921,霞浦县,350982,福鼎市,44.96992146233969,0.045458596497573986
350922,古田县,350102,鼓楼区,68.30553923808142,0.022807145313382477
350922,古田县,350103,台江区,71.35585060661205,0.02183218819295409
350922,古田县,350104,仓山区,72.90983267998698,0.02136686235380001
350922,古田县,350105,马尾区,84.65978000353395,0.018401351374251647
350922,古田县,350111,晋安区,58.70743965627558,0.02653589337625531
350922,古田县,350121,闽侯县,55.153368520935885,0.028245860604516285
350922,古田县,350122,连江县,80.05152047839181,0.01946064671604059
350922,古田县,350123,罗源县,55.43157715190429,0.02810409588099467
350922,古田县,350124,闽清县,41.58949430387564,0.03745788173641482
350922,古田县,350125,永泰县,82.74696185659238,0.01882672576924054
350922,古田县,350128,平潭县,145.92274271360094,0.010675884582086254
350922,古田县,350181,福清市,109.48155297223725,0.014229377614938638
350922,古田县,350182,长乐市,101.60787096189192,0.015332024422558226
350922,古田县,350203,思明区,246.66418026117321,0.006315689442473499
350922,古田县,350205,海沧区,247.34297672150123,0.0062983569606908886
350922,古田县,350206,湖里区,245.9098261811475,0.006335063479587394
350922,古田县,350211,集美区,233.555594830997,0.0066701650210484135
350922,古田县,350212,同安区,217.85893950516117,0.0071507479227170545
350922,古田县,350213,翔安区,219.21398465824612,0.007106546425587589
350922,古田县,350302,城厢区,127.6276297066053,0.012206246897267618
350922,古田县,350303,涵江区,110.14102138855573,0.014144179339104453
350922,古田县,350304,荔城区,131.7539832303263,0.011823964034457323
350922,古田县,350305,秀屿区,155.58282071330086,0.010013022980105217
350922,古田县,350322,仙游县,129.46518681394227,0.012032998193952356
350922,古田县,350402_350403,三元区（含原梅列区）,139.11835357927552,0.0111980505737091
350922,古田县,350421,明溪县,165.64746426202612,0.009404637529781988
350922,古田县,350423,清流县,207.63603593832528,0.00750281304529723
350922,古田县,350424,宁化县,221.74927533188682,0.007025296280135609
350922,古田县,350425,大田县,136.32635208721595,0.011427389754515113
350922,古田县,350426,尤溪县,88.75815798538174,0.01755167518650451
350922,古田县,350427,沙县,110.45497661921814,0.014103976179202952
350922,古田县,350428,将乐县,150.50107403640382,0.010351117884614241
350922,古田县,350429,泰宁县,175.50651555388686,0.00887633347511565
350922,古田县,350430,建宁县,207.37437146478257,0.007512280076404884
350922,古田县,350481,永安市,174.7375494283457,0.008915395484304294
350922,古田县,350502,鲤城区,191.37023389587915,0.008140525971031995
350922,古田县,350503,丰泽区,187.41077112471984,0.008312512401302359
350922,古田县,350504,洛江区,165.30063365389407,0.009424370159243927
350922,古田县,350505,泉港区,158.00491990629027,0.009859530703447751
350922,古田县,350521,惠安县,178.60640526963167,0.008722275983104133
350922,古田县,350524,安溪县,190.8513827571643,0.008162656914537823
350922,古田县,350525,永春县,154.55638675059848,0.010079521085244568
350922,古田县,350526,德化县,123.4846467091157,0.012615773706520797
350922,古田县,350581,石狮市,207.82251553684924,0.007496080754713252
350922,古田县,350582,晋江市,203.81134362184534,0.007643609680540344
350922,古田县,350583,南安市,183.52102705262956,0.008488696822000213
350922,古田县,350602,芗城区,258.7835243494728,0.006019913219081426
350922,古田县,350603,龙文区,259.2159534502008,0.006009870682635891
350922,古田县,350622,云霄县,329.07011495159196,0.004734110720874913
350922,古田县,350623,漳浦县,298.1972302726812,0.005224241545393695
350922,古田县,350624,诏安县,350.49816702657256,0.0044446861800386105
350922,古田县,350625,长泰县,235.66662285199308,0.006610415765537825
350922,古田县,350626,东山县,354.39143240073946,0.004395857847235647
350922,古田县,350627,南靖县,268.185996191951,0.00580885796138608
350922,古田县,350628,平和县,305.24201003325066,0.005103669573340089
350922,古田县,350629,华安县,232.47308100669622,0.006701224728324561
350922,古田县,350681,龙海市,267.6682255584533,0.005820094469045105
350922,古田县,350702,延平区,67.55510226810706,0.023060498864011618
350922,古田县,350721,顺昌县,112.30242611280353,0.013871956404103557
350922,古田县,350722,浦城县,158.0104241655662,0.00985918724880786
350922,古田县,350723,光泽县,193.6061382115483,0.008046513264004292
350922,古田县,350724,松溪县,113.05630310874771,0.013779456043360868
350922,古田县,350725,政和县,80.17956552778026,0.019429568479915414
350922,古田县,350781,邵武市,158.46740142502745,0.009830756011033023
350922,古田县,350782,武夷山市,154.2817768524448,0.01009746187070301
350922,古田县,350783,建瓯市,67.58526187653862,0.023050208223764555
350922,古田县,350784,建阳市,122.0141315338915,0.012767819100356839
350922,古田县,350802,新罗区,241.5370736763554,0.006449752559308139
350922,古田县,350821,长汀县,270.5743189206667,0.005757583961871266
350922,古田县,350822,永定县,297.0336233112915,0.0052447071201742
350922,古田县,350823,上杭县,282.67979447998545,0.005511021266934493
350922,古田县,350824,武平县,319.2047628057554,0.004880423291365071
350922,古田县,350825,连城县,238.65533562013172,0.006527632642546539
350922,古田县,350881,漳平市,202.96463806064494,0.00767549645099454
350922,古田县,350902,蕉城区,55.450736575637,0.02809438531058819
350922,古田县,350921,霞浦县,111.07519812537099,0.014025222420521956
350922,古田县,350923,屏南县,42.041343310159085,0.03705529453754213
350922,古田县,350924,寿宁县,108.67119404285286,0.014335485800381978
350922,古田县,350925,周宁县,69.7518733062839,0.022334229681133532
350922,古田县,350926,柘荣县,118.41655925590325,0.013155713769265004
350922,古田县,350981,福安市,89.70349836254128,0.017366706845877107
350922,古田县,350982,福鼎市,145.1524681740828,0.01073253785284258
350923,屏南县,350102,鼓楼区,101.69838931090867,0.01653563878506855
350923,屏南县,350103,台江区,104.83113119977939,0.01604149274573507
350923,屏南县,350104,仓山区,107.42611514574011,0.015653994639823355
350923,屏南县,350105,马尾区,112.35324370322468,0.014967505834637481
350923,屏南县,350111,晋安区,90.31272142023151,0.018620276348928023
350923,屏南县,350121,闽侯县,91.83191159119013,0.018312238104709024
350923,屏南县,350122,连江县,96.96022918740766,0.0173436866307125
350923,屏南县,350123,罗源县,68.69196766339549,0.024480996656099242
350923,屏南县,350124,闽清县,83.57757085689317,0.02012080290713266
350923,屏南县,350125,永泰县,124.77563763163212,0.013477373168254958
350923,屏南县,350128,平潭县,177.3440164055036,0.00948240524125332
350923,屏南县,350181,福清市,146.09585814901553,0.01151057841046532
350923,屏南县,350182,长乐市,132.1028995939698,0.01272983284876531
350923,屏南县,350203,思明区,288.4916679430664,0.005829103636366836
350923,屏南县,350205,海沧区,288.75121728454485,0.005823864039372384
350923,屏南县,350206,湖里区,287.7313627274235,0.005844506538070851
350923,屏南县,350211,集美区,275.0225141190624,0.006114582422661024
350923,屏南县,350212,同安区,259.3440299777964,0.006484235749758479
350923,屏南县,350213,翔安区,261.14942318158324,0.006439408558445
350923,屏南县,350302,城厢区,168.74250592748098,0.009965763050782058
350923,屏南县,350303,涵江区,150.23554454964741,0.011193408561931482
350923,屏南县,350304,荔城区,172.0391108929663,0.009774799590278603
350923,屏南县,350305,秀屿区,194.3160324288128,0.008654189824941642
350923,屏南县,350322,仙游县,171.46254952507294,0.009807668411127615
350923,屏南县,350402_350403,三元区（含原梅列区）,163.37939903830434,0.010292900087569789
350923,屏南县,350421,明溪县,183.47981765673035,0.009165301405599999
350923,屏南县,350423,清流县,229.88210666159532,0.007315261962271736
350923,屏南县,350424,宁化县,240.55755052644557,0.0069906258481111
350923,屏南县,350425,大田县,170.5335820604269,0.009861094866772849
350923,屏南县,350426,尤溪县,122.89801341951004,0.013683279199381273
350923,屏南县,350427,沙县,131.11712660561804,0.01282553907489617
350923,屏南县,350428,将乐县,160.0225643110593,0.010508816915341994
350923,屏南县,350429,泰宁县,181.21293572408234,0.00927995467845058
350923,屏南县,350430,建宁县,214.0243425903123,0.007857273664834895
350923,屏南县,350481,永安市,202.78509455067635,0.0082927585698278
350923,屏南县,350502,鲤城区,233.39603054965076,0.007205126097081254
350923,屏南县,350503,丰泽区,229.41257942717777,0.0073302337424886775
350923,屏南县,350504,洛江区,207.30353037124107,0.008112007680992947
350923,屏南县,350505,泉港区,199.57655733990558,0.008426078959786799
350923,屏南县,350521,惠安县,220.2438409735282,0.007635390952297208
350923,屏南县,350524,安溪县,230.91632397457786,0.007282498706560039
350923,屏南县,350525,永春县,194.9589826148842,0.008625649396162146
350923,屏南县,350526,德化县,163.57227732166223,0.010280763086531645
350923,屏南县,350581,石狮市,249.71506449797312,0.006734266649267817
350923,屏南县,350582,晋江市,245.83775120762036,0.006840478414758357
350923,屏南县,350583,南安市,225.44573040678782,0.007459213477381652
350923,屏南县,350602,芗城区,299.084266654998,0.0056226556130025045
350923,屏南县,350603,龙文区,299.8575752541665,0.0056081552358417395
350923,屏南县,350622,云霄县,369.45574131485745,0.004551689533051075
350923,屏南县,350623,漳浦县,339.2808660684364,0.004956506537357332
350923,屏南县,350624,诏安县,390.44706771014853,0.004306980304733257
350923,屏南县,350625,长泰县,276.1994778580198,0.006088526465400896
350923,屏南县,350626,东山县,395.44368423165054,0.004252559587431303
350923,屏南县,350627,南靖县,306.7847045916869,0.0054815243573066675
350923,屏南县,350628,平和县,344.71364134038663,0.00487839072492035
350923,屏南县,350629,华安县,271.4504814766313,0.006195044567689346
350923,屏南县,350681,龙海市,308.8710673584798,0.005444497748041644
350923,屏南县,350702,延平区,88.30183849560225,0.019044312772176473
350923,屏南县,350721,顺昌县,115.79953363060069,0.014522060477660482
350923,屏南县,350722,浦城县,121.64586710785582,0.01382412629914874
350923,屏南县,350723,光泽县,180.42975683569455,0.009320235531879743
350923,屏南县,350724,松溪县,74.56638104951932,0.022552359481569643
350923,屏南县,350725,政和县,38.987418425172045,0.043133090073558554
350923,屏南县,350781,邵武市,153.8871163955968,0.010927801300438038
350923,屏南县,350782,武夷山市,128.8502652041899,0.013051178653016688
350923,屏南县,350783,建瓯市,54.1302528213406,0.031066690861740822
350923,屏南县,350784,建阳市,102.42742472181443,0.016417945049733484
350923,屏南县,350802,新罗区,275.48616200356025,0.006104291476704842
350923,屏南县,350821,长汀县,295.89979376094203,0.005683166619666753
350923,屏南县,350822,永定县,332.5236863888182,0.005057227197650276
350923,屏南县,350823,上杭县,314.2836512465654,0.005350732766398837
350923,屏南县,350824,武平县,348.70673144252504,0.004822527582739357
350923,屏南县,350825,连城县,267.3319841082251,0.00629048497985813
350923,屏南县,350881,漳平市,238.5349314171502,0.007049901750983356
350923,屏南县,350902,蕉城区,48.34189987776692,0.03478654821015577
350923,屏南县,350921,霞浦县,99.23729808272476,0.016945723665981224
350923,屏南县,350922,古田县,42.041343310159085,0.039999859620615405
350923,屏南县,350924,寿宁县,70.96519912014116,0.023696795774806486
350923,屏南县,350925,周宁县,35.64635745325657,0.04717586734839946
350923,屏南县,350926,柘荣县,91.8787024598174,0.018302912270707357
350923,屏南县,350981,福安市,63.43151617731801,0.026511234982426444
350923,屏南县,350982,福鼎市,122.18144776949568,0.013763528435520056
350924,寿宁县,350102,鼓楼区,148.51021421196222,0.013981202385779953
350924,寿宁县,350103,台江区,151.27011721415067,0.013726117223228702
350924,寿宁县,350104,仓山区,155.00606239739477,0.013395291314024603
350924,寿宁县,350105,马尾区,149.31512114304928,0.013905834488549613
350924,寿宁县,350111,晋安区,136.83450036688004,0.015174180164255903
350924,寿宁县,350121,闽侯县,144.73425149613362,0.01434595708886811
350924,寿宁县,350122,连江县,122.87508422288992,0.01689806663722459
350924,寿宁县,350123,罗源县,101.52821268082018,0.02045097915572017
350924,寿宁县,350124,闽清县,148.9823660923617,0.013936893443924382
350924,寿宁县,350125,永泰县,187.79346015690413,0.011056569060062882
350924,寿宁县,350128,平潭县,212.48111573038273,0.009771933633328903
350924,寿宁县,350181,福清市,193.2594895783036,0.010743852039470982
350924,寿宁县,350182,长乐市,170.20598794325622,0.012199050023699509
350924,寿宁县,350203,思明区,352.90249453970256,0.005883640363498146
350924,寿宁县,350205,海沧区,354.85279837347457,0.0058513033313257546
350924,寿宁县,350206,湖里区,352.17960283670214,0.005895717254856852
350924,寿宁县,350211,集美区,340.97733588615586,0.006089411649184279
350924,寿宁县,350212,同安区,325.2831618163064,0.006383211936514357
350924,寿宁县,350213,翔安区,324.9231532406619,0.006390284412003967
350924,寿宁县,350302,城厢区,225.6161147172695,0.00920302773520834
350924,寿宁县,350303,涵江区,204.71441268822943,0.010142673073122433
350924,寿宁县,350304,荔城区,226.14873999522464,0.009181352773828508
350924,寿宁县,350305,秀屿区,243.459441779676,0.008528530855385835
350924,寿宁县,350322,仙游县,233.04275732673855,0.008909744224927022
350924,寿宁县,350402_350403,三元区（含原梅列区）,232.53599132809092,0.008929161242499453
350924,寿宁县,350421,明溪县,249.28179540723022,0.008329334109059275
350924,寿宁县,350423,清流县,297.3867570975381,0.006981989990132506
350924,寿宁县,350424,宁化县,305.97631420767505,0.0067859872311675
350924,寿宁县,350425,大田县,241.47499586579542,0.008598618477280986
350924,寿宁县,350426,尤溪县,193.7809431893835,0.010714940938355042
350924,寿宁县,350427,沙县,199.49975172567756,0.01040778919919694
350924,寿宁县,350428,将乐县,221.1469965370717,0.009389009996818616
350924,寿宁县,350429,泰宁县,238.35438717287994,0.008711194225877569
350924,寿宁县,350430,建宁县,270.74329464535566,0.007669077692109691
350924,寿宁县,350481,永安市,272.8535304187255,0.007609765422740088
350924,寿宁县,350502,鲤城区,294.698932310616,0.007045669778893126
350924,寿宁县,350503,丰泽区,290.28690551215163,0.0071527558488719365
350924,寿宁县,350504,洛江区,268.4487705134915,0.007734627941418067
350924,寿宁县,350505,泉港区,257.6348514158591,0.008059279828960148
350924,寿宁县,350521,惠安县,278.28915647786164,0.007461129235260574
350924,寿宁县,350524,安溪县,299.5030928143292,0.006932654156396874
350924,寿宁县,350525,永春县,263.15468948739755,0.007890231275367086
350924,寿宁县,350526,德化县,232.15318500358276,0.00894388488023946
350924,寿宁县,350581,石狮市,309.12765753308776,0.006716808770275542
350924,寿宁县,350582,晋江市,307.0410477485017,0.0067624553019169096
350924,寿宁县,350583,南安市,289.50714079400166,0.007172021234289356
350924,寿宁县,350602,芗城区,367.35002733555604,0.005652242294122205
350924,寿宁县,350603,龙文区,367.6131884896284,0.005648196055706959
350924,寿宁县,350622,云霄县,437.5711417895085,0.004745174356703343
350924,寿宁县,350623,漳浦县,406.14268891620435,0.00511236916954911
350924,寿宁县,350624,诏安县,459.1360044800264,0.004522301324646616
350924,寿宁县,350625,长泰县,344.14544739457943,0.006033354144221297
350924,寿宁县,350626,东山县,462.32098155129745,0.00449114672296696
350924,寿宁县,350627,南靖县,376.64449169044104,0.005512761787472263
350924,寿宁县,350628,平和县,413.90829235876606,0.0050164526770419115
350924,寿宁县,350629,华安县,341.03883145715383,0.0060883136163156805
350924,寿宁县,350681,龙海市,375.4904784800578,0.005529704427280843
350924,寿宁县,350702,延平区,157.9762920383439,0.013143436489501902
350924,寿宁县,350721,顺昌县,175.2320848128001,0.011849150590607522
350924,寿宁县,350722,浦城县,115.29535857415755,0.018008976136862236
350924,寿宁县,350723,光泽县,216.2026100117518,0.009603729395959267
350924,寿宁县,350724,松溪县,75.58439895599116,0.027470634018826143
350924,寿宁县,350725,政和县,54.48660626245858,0.038107555299945146
350924,寿宁县,350781,邵武市,202.67110851727097,0.010244930204622818
350924,寿宁县,350782,武夷山市,150.18106631701497,0.013825653340814873
350924,寿宁县,350783,建瓯市,111.0369841782625,0.01869963757228433
350924,寿宁县,350784,建阳市,139.06307757839912,0.014931003954535671
350924,寿宁县,350802,新罗区,346.4491123512536,0.005993236198994305
350924,寿宁县,350821,长汀县,364.45235193375373,0.005697181950496495
350924,寿宁县,350822,永定县,403.4309639223892,0.005146732767027818
350924,寿宁县,350823,上杭县,384.962980684716,0.005393639039161291
350924,寿宁县,350824,武平县,418.78419354357334,0.004958046156622526
350924,寿宁县,350825,连城县,337.3329421490551,0.006155198920168058
350924,寿宁县,350881,漳平市,309.3945961499451,0.006711013660518798
350924,寿宁县,350902,蕉城区,72.24067263986889,0.02874213770965168
350924,寿宁县,350921,霞浦县,78.89531084595802,0.026317804429556335
350924,寿宁县,350922,古田县,108.67119404285286,0.019106731821076705
350924,寿宁县,350923,屏南县,70.96519912014116,0.02925872662934124
350924,寿宁县,350925,周宁县,39.19957718738443,0.05296871829324753
350924,寿宁县,350926,柘荣县,43.65147167057504,0.04756658325113521
350924,寿宁县,350981,福安市,37.75451039756569,0.05499611409043343
350924,寿宁县,350982,福鼎市,72.32607158117324,0.02870820045746077
350925,周宁县,350102,鼓楼区,112.39754862941409,0.015395979581873206
350925,周宁县,350103,台江区,115.31454423511549,0.01500652302993796
350925,周宁县,350104,仓山区,118.79748483774418,0.014566557247525641
350925,周宁县,350105,马尾区,116.3419912920831,0.014873996435273464
350925,周宁县,350111,晋安区,100.55384923387781,0.017209389565248426
350925,周宁县,350121,闽侯县,107.04639898996916,0.0161656102407818
350925,周宁县,350122,连江县,93.18869354137517,0.018569531323912623
350925,周宁县,350123,罗源县,67.9852472209656,0.02545361581354094
350925,周宁县,350124,闽清县,109.78901560921787,0.015761780485494856
350925,周宁县,350125,永泰县,148.72951474344615,0.011635016538150269
350925,周宁县,350128,平潭县,181.29459761520454,0.009545074075643234
350925,周宁县,350181,福清市,157.6840142425802,0.010974291668456097
350925,周宁县,350182,长乐市,137.28549008567805,0.012604903567529946
350925,周宁县,350203,思明区,313.8473933066034,0.00551373183482372
350925,周宁县,350205,海沧区,315.66842031103226,0.005481924235709118
350925,周宁县,350206,湖里区,313.1201705734403,0.005526537497031638
350925,周宁县,350211,集美区,301.7972778607032,0.005733883274287754
350925,周宁县,350212,同安区,286.10124497175565,0.006048454504005723
350925,周宁县,350213,翔安区,285.92747457101206,0.006052130409459081
350925,周宁县,350302,城厢区,187.6853124021674,0.009220062782766143
350925,周宁县,350303,涵江区,167.233410516358,0.01034763543007331
350925,周宁县,350304,荔城区,188.88035158655342,0.009161727777481829
350925,周宁县,350305,秀屿区,207.68098021347683,0.008332348787897173
350925,周宁县,350322,仙游县,194.24477331685574,0.00890871004764841
350925,周宁县,350402_350403,三元区（含原梅列区）,198.9559831853238,0.008697754830218698
350925,周宁县,350421,明溪县,218.94250436717502,0.007903766190821471
350925,周宁县,350423,清流县,265.5232545204077,0.006517208320893261
350925,周宁县,350424,宁化县,276.00942193105567,0.006269606130269401
350925,周宁县,350425,大田县,204.16888958652982,0.008475680928938299
350925,周宁县,350426,尤溪县,156.34542348671698,0.011068250833054159
350925,周宁县,350427,沙县,166.7632212796735,0.01037681060891083
350925,周宁县,350428,将乐县,194.3894814207137,0.008902078194271397
350925,周宁县,350429,泰宁县,214.4554064202135,0.008069138440652317
350925,周宁县,350430,建宁县,247.26011447940272,0.006998582716806159
350925,周宁县,350481,永安市,238.06800359383593,0.007268806969555591
350925,周宁县,350502,鲤城区,256.04682408098586,0.006758413700158703
350925,周宁县,350503,丰泽区,251.70499281807042,0.0068749941921169
350925,周宁县,350504,洛江区,229.7848002508795,0.007530830419861232
350925,周宁县,350505,泉港区,219.5512999802696,0.007881849772269953
350925,周宁县,350521,惠安县,240.26133279737235,0.00720245053002547
350925,周宁县,350524,安溪县,260.44997557667546,0.006644156367914946
350925,周宁县,350525,永春县,224.06050990344664,0.007723227821345063
350925,周宁县,350526,德化县,193.1471189855026,0.008959338212448032
350925,周宁县,350581,石狮市,270.86299301056306,0.006388729388675018
350925,周宁县,350582,晋江市,268.4226409879222,0.006446812226353602
350925,周宁县,350583,南安市,250.45560862853654,0.006909289726937634
350925,周宁县,350602,芗城区,328.2265218532552,0.0052721832287664005
350925,周宁县,350603,龙文区,328.4422182616241,0.0052687208511441605
350925,周宁县,350622,云霄县,398.4195180796934,0.004343337324666221
350925,周宁县,350623,漳浦县,366.94334548925616,0.004715906106551065
350925,周宁县,350624,诏安县,420.0539758850318,0.004119638101520285
350925,周宁县,350625,长泰县,304.9936854595453,0.005673790790598488
350925,周宁县,350626,东山县,423.1223249012447,0.004089763791487358
350925,周宁县,350627,南靖县,337.92633432374987,0.005120850871874299
350925,周宁县,350628,平和县,374.94216382826113,0.004615299453340987
350925,周宁县,350629,华安县,302.2249502310971,0.005725769372872264
350925,周宁县,350681,龙海市,336.29299167642785,0.005145722350991104
350925,周宁县,350702,延平区,123.85984830629596,0.013971197183059187
350925,周宁县,350721,顺昌县,149.39551348254352,0.011583148137532666
350925,周宁县,350722,浦城县,125.08194041912675,0.013834693945045703
350925,周宁县,350723,光泽县,205.33876464233316,0.008427392493401133
350925,周宁县,350724,松溪县,78.03775331390365,0.022174784514750374
350925,周宁县,350725,政和县,42.39131860168889,0.04082133844456817
350925,周宁县,350781,邵武市,183.90053553691087,0.009409816881168003
350925,周宁县,350782,武夷山市,146.16561143721452,0.011839107343620179
350925,周宁县,350783,建瓯市,85.58983048564467,0.02021817725227647
350925,周宁县,350784,建阳市,126.1563738091103,0.013716868292120295
350925,周宁县,350802,新罗区,309.4162386212191,0.005592694072755069
350925,周宁县,350821,长汀县,331.50815545676795,0.005219993340334975
350925,周宁县,350822,永定县,365.81463116919736,0.004730456948154924
350925,周宁县,350823,上杭县,349.00838839758774,0.004958248630344442
350925,周宁县,350824,武平县,383.9076189558667,0.004507517637856496
350925,周宁县,350825,连城县,302.60496981721286,0.005718578795306445
350925,周宁县,350881,漳平市,271.6992306573552,0.006369066116103169
350925,周宁县,350902,蕉城区,38.69023284593758,0.04472628455459805
350925,周宁县,350921,霞浦县,71.82040001347758,0.024094412777237745
350925,周宁县,350922,古田县,69.7518733062839,0.02480894464514924
350925,周宁县,350923,屏南县,35.64635745325657,0.04854550331040819
350925,周宁县,350924,寿宁县,39.19957718738443,0.044145128287454496
350925,周宁县,350926,柘荣县,56.79405450233522,0.030469216873394874
350925,周宁县,350981,福安市,29.663641329957816,0.0583364107090733
350925,周宁县,350982,福鼎市,87.69492999069452,0.0197328438934233
350926,柘荣县,350102,鼓楼区,137.1770573026204,0.014862677773442252
350926,柘荣县,350103,台江区,139.3866109892556,0.014627074911485077
350926,柘荣县,350104,仓山区,143.53594030185565,0.014204236209483434
350926,柘荣县,350105,马尾区,131.47161200659727,0.015507670207128534
350926,柘荣县,350111,晋安区,126.69550051211533,0.01609227156731511
350926,柘荣县,350121,闽侯县,138.1902532009278,0.01475370623739607
350926,柘荣县,350122,连江县,101.97332608282863,0.019993644209877242
350926,柘荣县,350123,罗源县,89.36822865058524,0.022813682573583374
350926,柘荣县,350124,闽清县,153.2215395469964,0.013306343263654
350926,柘荣县,350125,永泰县,186.88729829114803,0.010909347073023847
350926,柘荣县,350128,平潭县,189.04600672093744,0.010784773695894551
350926,柘荣县,350181,福清市,178.56694215083076,0.011417669900376829
350926,柘荣县,350182,长乐市,151.13266055784212,0.013490256792095348
350926,柘荣县,350203,思明区,349.3049485260021,0.005836786478981422
350926,柘荣县,350205,海沧区,353.62845708659916,0.0057654251510041495
350926,柘荣县,350206,湖里区,348.64148833499104,0.005847893807288014
350926,柘荣县,350211,集美区,339.71325588928715,0.006001586235605488
350926,柘荣县,350212,同安区,324.221471761841,0.006288350951955145
350926,柘荣县,350213,翔安区,320.9167571535691,0.006353106701817474
350926,柘荣县,350302,城厢区,216.95946738526445,0.009397231774068893
350926,柘荣县,350303,涵江区,194.945422568686,0.010458406120715785
350926,柘荣县,350304,荔城区,215.1048912014766,0.009478252164374193
350926,柘荣县,350305,秀屿区,227.88642457104683,0.008946642628825132
350926,柘荣县,350322,仙游县,228.67238964386544,0.008915892311149273
350926,柘荣县,350402_350403,三元区（含原梅列区）,253.9822666949733,0.008027404539413939
350926,柘荣县,350421,明溪县,275.3338709021557,0.007404894987737986
350926,柘荣县,350423,清流县,321.28065363813454,0.0063459108960050754
350926,柘荣县,350424,宁化县,332.4113348830126,0.006133420213589899
350926,柘荣县,350425,大田县,254.70275398541838,0.008004697117309506
350926,柘荣县,350426,尤溪县,207.172314734652,0.009841172085223868
350926,柘荣县,350427,沙县,222.43845881989785,0.009165763921465777
350926,柘荣县,350428,将乐县,251.1774893266675,0.00811704267792205
350926,柘荣县,350429,泰宁县,270.9706478140674,0.0075241300747705036
350926,柘荣县,350430,建宁县,303.7422237011432,0.006712331185814641
350926,柘荣县,350481,永安市,291.932571738731,0.006983867502193413
350926,柘荣县,350502,鲤城区,288.3713251043136,0.00707011489391451
350926,柘荣县,350503,丰泽区,283.5935398516446,0.007189227235798217
350926,柘荣县,350504,洛江区,262.5626733761233,0.007765073284721037
350926,柘荣县,350505,泉港区,248.96441440042602,0.008189196056423964
350926,柘荣县,350521,惠安县,269.04533839700275,0.007577973336186908
350926,柘荣县,350524,安溪县,303.41267796397096,0.0067196216528564836
350926,柘荣县,350525,永春县,266.93692491537166,0.007637828304361592
350926,柘荣县,350526,德化县,237.38981845315362,0.00858848291760335
350926,柘荣县,350581,石狮市,300.53192631992346,0.006784032650253269
350926,柘荣县,350582,晋江市,300.3557277784409,0.006788012386771651
350926,柘荣县,350583,南安市,286.509833583928,0.007116050346665099
350926,柘荣县,350602,芗城区,369.7408770318963,0.0055141817614663925
350926,柘荣县,350603,龙文区,369.01294482235807,0.005525059294544133
350926,柘荣县,350622,云霄县,439.040193252121,0.004643808088493321
350926,柘荣县,350623,漳浦县,405.580810355319,0.005026910417215534
350926,柘荣县,350624,诏安县,461.67166302857134,0.004416165348384605
350926,柘荣县,350625,长泰县,346.17215130163225,0.005889608372400167
350926,柘荣县,350626,东山县,461.3303693416473,0.004419432441673882
350926,柘荣县,350627,南靖县,382.83682584778774,0.005325554552080852
350926,柘荣县,350628,平和县,417.95938152762443,0.0048780299969486815
350926,柘荣县,350629,华安县,346.78319632362945,0.00587923066115112
350926,柘荣县,350681,龙海市,374.8374951787915,0.005439206127512367
350926,柘荣县,350702,延平区,179.064384194488,0.011385951537875
350926,柘荣县,350721,顺昌县,206.0835815052144,0.00989316269499268
350926,柘荣县,350722,浦城县,158.93519832697802,0.012827985380578827
350926,柘荣县,350723,光泽县,256.48898630173323,0.007948951064118628
350926,柘荣县,350724,松溪县,118.30027926169137,0.017234265323142747
350926,柘荣县,350725,政和县,91.40363109051337,0.02230566090507838
350926,柘荣县,350781,邵武市,238.89308220806453,0.00853443884499827
350926,柘荣县,350782,武夷山市,192.34634758709072,0.0105997250593736
350926,柘荣县,350783,建瓯市,141.9814723824698,0.014359749665827523
350926,柘荣县,350784,建阳市,178.0018409665263,0.011453917496175085
350926,柘荣县,350802,新罗区,359.809728565542,0.005666379307546946
350926,柘荣县,350821,长汀县,386.5380409100761,0.005274560805962639
350926,柘荣县,350822,永定县,414.6435880716659,0.004917038293247373
350926,柘荣县,350823,上杭县,401.0655891856793,0.00508350368511413
350926,柘荣县,350824,武平县,437.20544047732704,0.004663296043095788
350926,柘荣县,350825,连城县,356.2735202591496,0.0057226212015837035
350926,柘荣县,350881,漳平市,320.79245509023855,0.006355568431384564
350926,柘荣县,350902,蕉城区,66.45068092760195,0.030681678082714672
350926,柘荣县,350921,霞浦县,41.362152668422475,0.049291883257188064
350926,柘荣县,350922,古田县,118.41655925590325,0.01721734201203986
350926,柘荣县,350923,屏南县,91.8787024598174,0.022190326441424612
350926,柘荣县,350924,寿宁县,43.65147167057504,0.04670675059902309
350926,柘荣县,350925,周宁县,56.79405450233522,0.03589844779463738
350926,柘荣县,350981,福安市,29.088006557425437,0.07009137585873555
350926,柘荣县,350982,福鼎市,31.366892406225755,0.06499905614472673
350981,福安市,350102,鼓楼区,115.60185562807138,0.01556040939408452
350981,福安市,350103,台江区,118.12913767985452,0.015227506402050117
350981,福安市,350104,仓山区,122.10043605936391,0.01473223403898477
350981,福安市,350105,马尾区,113.71813702062784,0.01581816451989844
350981,福安市,350111,晋安区,104.37421990828808,0.017234257672720632
350981,福安市,350121,闽侯县,114.3150597412953,0.01573556628811208
350981,福安市,350122,连江县,86.10180384201561,0.02089169006945784
350981,福安市,350123,罗源县,67.45355867506032,0.02666741734048379
350981,福安市,350124,闽清县,125.82187541157407,0.014296498080358258
350981,福安市,350125,永泰县,161.24165588014694,0.011156001781733905
350981,福安市,350128,平潭县,175.6202869422616,0.010242621918047753
350981,福安市,350181,福清市,159.20075008962732,0.011299018373191983
350981,福安市,350182,长乐市,134.36281352270072,0.013387723530995677
350981,福安市,350203,思明区,325.1921671136755,0.005531536064519796
350981,福安市,350205,海沧区,328.6390994826816,0.005473518528745351
350981,福安市,350206,湖里区,324.5043252451263,0.00554326109191255
350981,福安市,350211,集美区,314.7127764940666,0.005715726639152059
350981,福安市,350212,同安区,299.11883513825626,0.0060137042171122795
350981,福安市,350213,翔安区,296.9080244604583,0.006058482937796809
350981,福安市,350302,城厢区,194.62669643109018,0.009242371335864166
350981,福安市,350303,涵江区,173.03349782720906,0.010395745464759286
350981,福安市,350304,荔城区,193.9359758613237,0.00927528887974301
350981,福安市,350305,秀屿区,209.26925023809412,0.008595683303887517
350981,福安市,350322,仙游县,204.52743226430067,0.00879496789440024
350981,福安市,350402_350403,三元区（含原梅列区）,224.9214346716318,0.007997513455819689
350981,福安市,350421,明溪县,246.63684966924268,0.0072933635127961525
350981,福安市,350423,清流县,292.31558732939664,0.006153665005423224
350981,福安市,350424,宁化县,303.7021605379643,0.005922948315883923
350981,福安市,350425,大田县,226.02736928619822,0.007958382234723838
350981,福安市,350426,尤溪县,178.39440637588515,0.010083344185682958
350981,福安市,350427,沙县,193.4848785846397,0.00929691360610259
350981,福安市,350428,将乐县,223.31604482087002,0.008055006534490334
350981,福安市,350429,泰宁县,243.84606781764288,0.007376834969649225
350981,福安市,350430,建宁县,276.66435254033667,0.006501785227377221
350981,福安市,350481,永安市,262.85787965888653,0.0068432881016273215
350981,福安市,350502,鲤城区,265.24359647183235,0.006781736578057861
350981,福安市,350503,丰泽区,260.61155897546877,0.00690227328120149
350981,福安市,350504,洛江区,239.16936612377626,0.007521081104332204
350981,福安市,350505,泉港区,226.76915135051385,0.007932349658566417
350981,福安市,350521,惠安县,247.18819137865592,0.007277096006310144
350981,福安市,350524,安溪县,276.70413886315094,0.00650085035836157
350981,福安市,350525,永春县,240.1770664071352,0.0074895252373488284
350981,福安市,350526,德化县,210.16155427612415,0.008559187747180657
350981,福安市,350581,石狮市,278.4546737696528,0.006459982071540603
350981,福安市,350582,晋江市,277.4144469183949,0.006484205203695786
350981,福安市,350583,南安市,262.02611224672853,0.00686501121916754
350981,福安市,350602,芗城区,343.5888102347895,0.0052353631629022965
350981,福安市,350603,龙文区,343.1668582433386,0.005241800474255332
350981,福安市,350622,云霄县,413.26180422710445,0.004352718257262708
350981,福安市,350623,漳浦县,380.43761158999047,0.0047282711947715635
350981,福安市,350624,诏安县,435.5846609744721,0.0041296500116978765
350981,福安市,350625,长泰县,320.0936614749941,0.005619643300650515
350981,福安市,350626,东山县,436.40199019366423,0.004121915666540331
350981,福安市,350627,南靖县,355.65723518374574,0.005057712939142968
350981,福安市,350628,平和县,391.38525005294497,0.004596014285273419
350981,福安市,350629,华安县,319.66691676694444,0.005627145337658079
350981,福安市,350681,龙海市,349.68221100348956,0.005144134141472509
350981,福安市,350702,延平区,150.04973563714879,0.01198810642784832
350981,福安市,350721,顺昌县,178.6385411669694,0.010069563872038877
350981,福安市,350722,浦城县,146.40297028339154,0.01228671929815831
350981,福安市,350723,光泽县,234.19477984892723,0.007680838152963998
350981,福安市,350724,松溪县,101.64092137816252,0.017697716391177048
350981,福安市,350725,政和县,69.4311047125153,0.025907872382799627
350981,福安市,350781,邵武市,213.55084135903311,0.008423344009515677
350981,福安市,350782,武夷山市,173.12904073357413,0.010390008473834332
350981,福安市,350783,建瓯市,115.13731742785792,0.015623190121792908
350981,福安市,350784,建阳市,155.081502908873,0.011599140881073607
350981,福安市,350802,新罗区,331.23320757424193,0.005430651755788895
350981,福安市,350821,长汀县,357.4645903285556,0.005032140941947024
350981,福安市,350822,永定县,386.4399540857359,0.004654829764029934
350981,福安市,350823,上杭县,372.2051968175062,0.004832850845902105
350981,福安市,350824,武平县,408.18964195194695,0.004406805110700004
350981,福安市,350825,连城县,327.2171527465268,0.005497304114989546
350981,福安市,350881,漳平市,292.4674967960132,0.006150468752920119
350981,福安市,350902,蕉城区,40.51446551168742,0.04439925783470429
350981,福安市,350921,霞浦县,45.22527598052897,0.03977448807748779
350981,福安市,350922,古田县,89.70349836254128,0.020052865642080676
350981,福安市,350923,屏南县,63.43151617731801,0.028358335236070988
350981,福安市,350924,寿宁县,37.75451039756569,0.04764496165747198
350981,福安市,350925,周宁县,29.663641329957816,0.06064030306596222
350981,福安市,350926,柘荣县,29.088006557425437,0.061840339479346446
350981,福安市,350982,福鼎市,58.75055732196891,0.030617789554415083
350982,福鼎市,350102,鼓楼区,153.02255297841901,0.015707487186378294
350982,福鼎市,350103,台江区,154.779724765011,0.015529164390133096
350982,福鼎市,350104,仓山区,159.01672063867707,0.015115390258845467
350982,福鼎市,350105,马尾区,143.0969500226359,0.016797002240475395
350982,福鼎市,350111,晋安区,143.78718225442262,0.0167163703499133
350982,福鼎市,350121,闽侯县,156.86734901760119,0.015322498946965161
350982,福鼎市,350122,连江县,113.19857113025282,0.021233481713913947
350982,福鼎市,350123,罗源县,107.78276683476825,0.022300409060941495
350982,福鼎市,350124,闽清县,176.7993423622524,0.013595072006606014
350982,福鼎市,350125,永泰县,207.17675891365866,0.01160168641858673
350982,福鼎市,350128,平潭县,193.87112226495182,0.012397925807901177
350982,福鼎市,350181,福清市,190.6235233744169,0.012609145752774348
350982,福鼎市,350182,长乐市,160.8901545565731,0.014939383934088044
350982,福鼎市,350203,思明区,366.02168977290836,0.00656682338040317
350982,福鼎市,350205,海沧区,371.70797321839785,0.006466365973600383
350982,福鼎市,350206,湖里区,365.3987491097352,0.006578018660413011
350982,福鼎市,350211,集美区,357.8692034807827,0.00671641976106637
350982,福鼎市,350212,同安区,342.61248812425134,0.007015505486372477
350982,福鼎市,350213,翔安区,337.61544530016505,0.00711934191280388
350982,福鼎市,350302,城厢区,232.14295949939788,0.01035396376146245
350982,福鼎市,350303,涵江区,209.89207568861312,0.011451598552492701
350982,福鼎市,350304,荔城区,228.77314950985556,0.010506476810259867
350982,福鼎市,350305,秀屿区,238.1277024721591,0.01009374283286687
350982,福鼎市,350322,仙游县,246.25517685449108,0.009760606135625184
350982,福鼎市,350402_350403,三元区（含原梅列区）,282.7287310501016,0.008501434506525178
350982,福鼎市,350421,明溪县,305.25810497506484,0.007873991717047937
350982,福鼎市,350423,清流县,350.5096496457335,0.006857442562750477
350982,福鼎市,350424,宁化县,362.30203134461766,0.006634243206461996
350982,福鼎市,350425,大田县,280.5702288843962,0.008566838326691351
350982,福鼎市,350426,尤溪县,233.54347873638073,0.010291872858708877
350982,福鼎市,350427,沙县,251.76722107956206,0.009546913135986984
350982,福鼎市,350428,将乐县,281.97648713949354,0.008524114242711137
350982,福鼎市,350429,泰宁县,302.1119631620613,0.007955990107038735
350982,福鼎市,350430,建宁县,334.9034966599849,0.007176992220465516
350982,福鼎市,350481,永安市,319.74298621749756,0.007517286989058202
350982,福鼎市,350502,鲤城区,303.971857346669,0.007907310272457857
350982,福鼎市,350503,丰泽区,299.019930036455,0.008038259489400509
350982,福鼎市,350504,洛江区,278.74521696251367,0.008622927475948951
350982,福鼎市,350505,泉港区,263.59311636670526,0.00911859847960359
350982,福鼎市,350521,惠安县,283.0200906902493,0.00849268256636249
350982,福鼎市,350524,安溪县,324.6535665088905,0.007403583505895627
350982,福鼎市,350525,永春县,288.4426090850731,0.008333026100961713
350982,福鼎市,350526,德化县,259.9345113775868,0.009246943691304948
350982,福鼎市,350581,石狮市,314.55815394087324,0.007641193718943332
350982,福鼎市,350582,晋江市,315.6049449023835,0.007615849589678777
350982,福鼎市,350583,南安市,304.1345746771449,0.007903079722806787
350982,福鼎市,350602,芗城区,389.73139504843346,0.006167324010006189
350982,福鼎市,350603,龙文区,388.4684058674174,0.006187375224938495
350982,福鼎市,350622,云霄县,458.17903701310337,0.005245983766094193
350982,福鼎市,350623,漳浦县,423.72951269182704,0.0056724861453856705
350982,福鼎市,350624,诏安县,481.3085937095492,0.004993885049112355
350982,福鼎市,350625,长泰县,366.11246502823207,0.006565195178345161
350982,福鼎市,350626,东山县,478.9712076898346,0.005018255276195849
350982,福鼎市,350627,南靖县,404.7361171896629,0.005938683720210378
350982,福鼎市,350628,平和县,438.59199127638743,0.00548026374841107
350982,福鼎市,350629,华安县,368.652212799748,0.006519965720214046
350982,福鼎市,350681,龙海市,393.1074271069992,0.006114358631746683
350982,福鼎市,350702,延平区,208.1926746799248,0.011545073782402299
350982,福鼎市,350721,顺昌县,237.08986525679373,0.010137927184411928
350982,福鼎市,350722,浦城县,186.19130724050274,0.012909301866765928
350982,福鼎市,350723,光泽县,287.38416485521077,0.008363716878229482
350982,福鼎市,350724,松溪县,147.8897333660908,0.016252648073855576
350982,福鼎市,350725,政和县,122.58373696319777,0.01960781951733958
350982,福鼎市,350781,邵武市,270.25947314304625,0.008893674520201568
350982,福鼎市,350782,武夷山市,222.38684895202388,0.010808192127646655
350982,福鼎市,350783,建瓯市,173.15559875187478,0.013881155489402774
350982,福鼎市,350784,建阳市,209.12639904212162,0.011493526408644775
350982,福鼎市,350802,新罗区,385.13239295301105,0.006240970206909256
350982,福鼎市,350821,长汀县,415.0576098229663,0.005791002822862622
350982,福鼎市,350822,永定县,438.8125356261408,0.005477509403202711
350982,福鼎市,350823,上杭县,427.3711378484875,0.005624150948133376
350982,福鼎市,350824,武平县,464.32064484385796,0.005176594702016092
350982,福鼎市,350825,连城县,383.79498129886446,0.006262718136649387
350982,福鼎市,350881,漳平市,345.4607674240366,0.006957663551951491
350982,福鼎市,350902,蕉城区,90.54619725539224,0.026545563071587418
350982,福鼎市,350921,霞浦县,44.96992146233969,0.053449054656417805
350982,福鼎市,350922,古田县,145.1524681740828,0.016559138265928412
350982,福鼎市,350923,屏南县,122.18144776949568,0.019672379350668515
350982,福鼎市,350924,寿宁县,72.32607158117324,0.033232826525602104
350982,福鼎市,350925,周宁县,87.69492999069452,0.0274086516790704
350982,福鼎市,350926,柘荣县,31.366892406225755,0.07662855978867514
350982,福鼎市,350981,福安市,58.75055732196891,0.040911948749065216
