"distcode","county_cn","county_en","city_cn","city_en","province_cn","province_en","year","co2_million_tons","sequestration_million_tons","net_co2_million_tons","sequestration_offset_ratio"
"350102","鼓楼区","Gulou District","福州市","Fuzhou City","福建省","Fujian Province","1997","0.51863865705551",,,
"350102","鼓楼区","Gulou District","福州市","Fuzhou City","福建省","Fujian Province","1998","0.480628769413479",,,
"350102","鼓楼区","Gulou District","福州市","Fuzhou City","福建省","Fujian Province","1999","0.468895929199509",,,
"350102","鼓楼区","Gulou District","福州市","Fuzhou City","福建省","Fujian Province","2000","0.488827553327518","0.0355415338743318","0.453286019453186","0.0727077138602265"
"350102","鼓楼区","Gulou District","福州市","Fuzhou City","福建省","Fujian Province","2001","0.464075596634806","0.0351239449597697","0.428951651675036","0.0756858262198383"
"350102","鼓楼区","Gulou District","福州市","Fuzhou City","福建省","Fujian Province","2002","0.494650673632581","0.039203813530683","0.455446860101898","0.0792555547186073"
"350102","鼓楼区","Gulou District","福州市","Fuzhou City","福建省","Fujian Province","2003","0.563342211755009","0.0417330889160361","0.521609122838973","0.0740812388015854"
"350102","鼓楼区","Gulou District","福州市","Fuzhou City","福建省","Fujian Province","2004","0.612269866383512","0.0427758741840426","0.569493992199469","0.0698644119736063"
"350102","鼓楼区","Gulou District","福州市","Fuzhou City","福建省","Fujian Province","2005","0.704279219782432","0.0393344972905283","0.664944722491904","0.0558507140146484"
"350102","鼓楼区","Gulou District","福州市","Fuzhou City","福建省","Fujian Province","2006","0.771848421131711","0.0417635081380543","0.730084912993657","0.054108432426174"
"350102","鼓楼区","Gulou District","福州市","Fuzhou City","福建省","Fujian Province","2007","0.78884337298888","0.0432942174540364","0.745549155534844","0.054883160506245"
"350102","鼓楼区","Gulou District","福州市","Fuzhou City","福建省","Fujian Province","2008","0.830268909046074","0.045960438675571","0.784308470370503","0.0553560878587837"
"350102","鼓楼区","Gulou District","福州市","Fuzhou City","福建省","Fujian Province","2009","0.908531489035476","0.0367617150102968","0.871769774025179","0.0404627857745736"
"350102","鼓楼区","Gulou District","福州市","Fuzhou City","福建省","Fujian Province","2010","0.996699792726406","0.037421470571226","0.95927832215518","0.0375453781011252"
"350102","鼓楼区","Gulou District","福州市","Fuzhou City","福建省","Fujian Province","2011","1.14037807686399","0.0352208560496925","1.1051572208143","0.0308852447835098"
"350102","鼓楼区","Gulou District","福州市","Fuzhou City","福建省","Fujian Province","2012","1.13853915401888","0.0354444001579548","1.10309475386093","0.0311314723194553"
"350102","鼓楼区","Gulou District","福州市","Fuzhou City","福建省","Fujian Province","2013","1.15122729375443","0.0336904287461572","1.11753686500827","0.0292647932592743"
"350102","鼓楼区","Gulou District","福州市","Fuzhou City","福建省","Fujian Province","2014","1.06979047152468","0.0407948715062144","1.02899560001847","0.0381335154799734"
"350102","鼓楼区","Gulou District","福州市","Fuzhou City","福建省","Fujian Province","2015","0.92306757533394","0.0413993530426687","0.881668222291271","0.0448497533105218"
"350102","鼓楼区","Gulou District","福州市","Fuzhou City","福建省","Fujian Province","2016","0.913961033076823","0.0390350536042293","0.874925979472594","0.0427097569716063"
"350102","鼓楼区","Gulou District","福州市","Fuzhou City","福建省","Fujian Province","2017","0.878861222362786","0.0398185337623859","0.8390426886004","0.0453069639997715"
"350103","台江区","Taijiang District","福州市","Fuzhou City","福建省","Fujian Province","1997","0.271499478807089",,,
"350103","台江区","Taijiang District","福州市","Fuzhou City","福建省","Fujian Province","1998","0.251601878533874",,,
"350103","台江区","Taijiang District","福州市","Fuzhou City","福建省","Fujian Province","1999","0.242218106461645",,,
"350103","台江区","Taijiang District","福州市","Fuzhou City","福建省","Fujian Province","2000","0.252514208334898","0.00815298615703948","0.244361222177859","0.032287237263998"
"350103","台江区","Taijiang District","福州市","Fuzhou City","福建省","Fujian Province","2001","0.239548982027877","0.00960227941329745","0.22994670261458","0.0400848266271489"
"350103","台江区","Taijiang District","福州市","Fuzhou City","福建省","Fujian Province","2002","0.255204292294759","0.0110605238561119","0.244143768438647","0.0433398817733719"
"350103","台江区","Taijiang District","福州市","Fuzhou City","福建省","Fujian Province","2003","0.290066667900679","0.0107569941253311","0.279309673775348","0.0370845578472821"
"350103","台江区","Taijiang District","福州市","Fuzhou City","福建省","Fujian Province","2004","0.315259670395683","0.0110515724270083","0.304208097968675","0.035055458927358"
"350103","台江区","Taijiang District","福州市","Fuzhou City","福建省","Fujian Province","2005","0.362635574418525","0.010687825203841","0.351947749214684","0.0294726330172615"
"350103","台江区","Taijiang District","福州市","Fuzhou City","福建省","Fujian Province","2006","0.397427167661708","0.00876818303893765","0.38865898462277","0.0220623645095173"
"350103","台江区","Taijiang District","福州市","Fuzhou City","福建省","Fujian Province","2007","0.406177921561338","0.011294884301639","0.394883037259699","0.0278077258808695"
"350103","台江区","Taijiang District","福州市","Fuzhou City","福建省","Fujian Province","2008","0.427508059724916","0.0107488567049946","0.416759203019921","0.0251430504302329"
"350103","台江区","Taijiang District","福州市","Fuzhou City","福建省","Fujian Province","2009","0.467805707096508","0.0136645318243465","0.454141175272161","0.0292098442089496"
"350103","台江区","Taijiang District","福州市","Fuzhou City","福建省","Fujian Province","2010","0.513203842603537","0.0120402818487279","0.501163560754809","0.0234610126604787"
"350103","台江区","Taijiang District","福州市","Fuzhou City","福建省","Fujian Province","2011","0.58718424076976","0.0124976106181015","0.574686630151658","0.0212839680467547"
"350103","台江区","Taijiang District","福州市","Fuzhou City","福建省","Fujian Province","2012","0.586237373641613","0.011481233749048","0.574756139892565","0.0195846158318573"
"350103","台江区","Taijiang District","福州市","Fuzhou City","福建省","Fujian Province","2013","0.592770536500975","0.0127637077061679","0.580006828794807","0.0215322910303706"
"350103","台江区","Taijiang District","福州市","Fuzhou City","福建省","Fujian Province","2014","0.556318049853889","0.0123397426268504","0.543978307227039","0.0221810934052765"
"350103","台江区","Taijiang District","福州市","Fuzhou City","福建省","Fujian Province","2015","0.482534903094698","0.0115731880051904","0.470961715089508","0.023984146910341"
"350103","台江区","Taijiang District","福州市","Fuzhou City","福建省","Fujian Province","2016","0.478968783622218","0.010316754084124","0.468652029538094","0.0215395124628023"
"350103","台江区","Taijiang District","福州市","Fuzhou City","福建省","Fujian Province","2017","0.46068754410581","0.0129126246320791","0.447774919473731","0.0280290292135907"
"350104","仓山区","Cangshan District","福州市","Fuzhou City","福建省","Fujian Province","1997","1.08206883449309",,,
"350104","仓山区","Cangshan District","福州市","Fuzhou City","福建省","Fujian Province","1998","1.00313049979859",,,
"350104","仓山区","Cangshan District","福州市","Fuzhou City","福建省","Fujian Province","1999","0.992358117790039",,,
"350104","仓山区","Cangshan District","福州市","Fuzhou City","福建省","Fujian Province","2000","1.03929147395723","0.220172206001582","0.819119267955648","0.211848371240119"
"350104","仓山区","Cangshan District","福州市","Fuzhou City","福建省","Fujian Province","2001","1.01920985117505","0.246498561318266","0.772711289856784","0.241852608698863"
"350104","仓山区","Cangshan District","福州市","Fuzhou City","福建省","Fujian Province","2002","1.1383859579593","0.252830389089152","0.885555568870148","0.222095491710371"
"350104","仓山区","Cangshan District","福州市","Fuzhou City","福建省","Fujian Province","2003","1.3502862253939","0.253729569454375","1.09655665593953","0.187907989197148"
"350104","仓山区","Cangshan District","福州市","Fuzhou City","福建省","Fujian Province","2004","1.50542955969458","0.225996203294582","1.2794333564","0.150120742507827"
"350104","仓山区","Cangshan District","福州市","Fuzhou City","福建省","Fujian Province","2005","1.73235894523235","0.205017718365936","1.52734122686641","0.11834598073925"
"350104","仓山区","Cangshan District","福州市","Fuzhou City","福建省","Fujian Province","2006","1.93249679210324","0.186745012560701","1.74575177954254","0.0966340608293876"
"350104","仓山区","Cangshan District","福州市","Fuzhou City","福建省","Fujian Province","2007","1.97974998526568","0.198347475190283","1.7814025100754","0.100188143283994"
"350104","仓山区","Cangshan District","福州市","Fuzhou City","福建省","Fujian Province","2008","2.1152678092612","0.196720208517301","1.9185476007439","0.0930001428925491"
"350104","仓山区","Cangshan District","福州市","Fuzhou City","福建省","Fujian Province","2009","2.31465660284075","0.199724178473137","2.11493242436761","0.0862867425898157"
"350104","仓山区","Cangshan District","福州市","Fuzhou City","福建省","Fujian Province","2010","2.5578495425855","0.177106973282698","2.3807425693028","0.0692405750745122"
"350104","仓山区","Cangshan District","福州市","Fuzhou City","福建省","Fujian Province","2011","2.95886472700478","0.182186123721891","2.77667860328289","0.0615729817112375"
"350104","仓山区","Cangshan District","福州市","Fuzhou City","福建省","Fujian Province","2012","2.9540933936615","0.177529747444423","2.77656364621708","0.0600961864730962"
"350104","仓山区","Cangshan District","福州市","Fuzhou City","福建省","Fujian Province","2013","2.98701448349695","0.190806405194225","2.79620807830272","0.0638786340837707"
"350104","仓山区","Cangshan District","福州市","Fuzhou City","福建省","Fujian Province","2014","2.83072193748481","0.178283393316136","2.65243854416867","0.0629815987770762"
"350104","仓山区","Cangshan District","福州市","Fuzhou City","福建省","Fujian Province","2015","2.53902543074188","0.168984886822247","2.37004054391963","0.0665550194087151"
"350104","仓山区","Cangshan District","福州市","Fuzhou City","福建省","Fujian Province","2016","2.54973470228153","0.17109386686402","2.37864083541751","0.0671026153077508"
"350104","仓山区","Cangshan District","福州市","Fuzhou City","福建省","Fujian Province","2017","2.4721135090876","0.19756268309346","2.27455082599414","0.0799165096453746"
"350105","马尾区","Mawei District","福州市","Fuzhou City","福建省","Fujian Province","1997","0.674099284814321",,,
"350105","马尾区","Mawei District","福州市","Fuzhou City","福建省","Fujian Province","1998","0.63598352316329",,,
"350105","马尾区","Mawei District","福州市","Fuzhou City","福建省","Fujian Province","1999","0.707141331551315",,,
"350105","马尾区","Mawei District","福州市","Fuzhou City","福建省","Fujian Province","2000","0.780564904491087","0.693843349910725","0.0867215545803619","0.888898983183336"
"350105","马尾区","Mawei District","福州市","Fuzhou City","福建省","Fujian Province","2001","0.750309474340088","0.819372462897052","-0.069062988556964","1.09204600357433"
"350105","马尾区","Mawei District","福州市","Fuzhou City","福建省","Fujian Province","2002","0.800821959178681","0.803471561210784","-0.00264960203210296","1.00330860311925"
"350105","马尾区","Mawei District","福州市","Fuzhou City","福建省","Fujian Province","2003","0.921273006009682","0.877114158483394","0.044158847526288","0.952067576887384"
"350105","马尾区","Mawei District","福州市","Fuzhou City","福建省","Fujian Province","2004","1.0018961449912","0.790073460546773","0.211822684444427","0.788578201938997"
"350105","马尾区","Mawei District","福州市","Fuzhou City","福建省","Fujian Province","2005","1.15560569445672","0.756860344837551","0.398745349619169","0.654946880642857"
"350105","马尾区","Mawei District","福州市","Fuzhou City","福建省","Fujian Province","2006","1.32456550958743","0.704515786360247","0.620049723227183","0.531884441547694"
"350105","马尾区","Mawei District","福州市","Fuzhou City","福建省","Fujian Province","2007","1.36901357354031","0.792083442456564","0.576930131083746","0.578579685231471"
"350105","马尾区","Mawei District","福州市","Fuzhou City","福建省","Fujian Province","2008","1.46008541382171","0.790899688255807","0.669185725565903","0.541680425520903"
"350105","马尾区","Mawei District","福州市","Fuzhou City","福建省","Fujian Province","2009","1.59771558429488","0.813514742864786","0.784200841430094","0.509173692027179"
"350105","马尾区","Mawei District","福州市","Fuzhou City","福建省","Fujian Province","2010","1.75375591944209","0.693135027072561","1.06062089236953","0.395228902373748"
"350105","马尾区","Mawei District","福州市","Fuzhou City","福建省","Fujian Province","2011","2.03007691924596","0.734369032482693","1.29570788676327","0.361744437129733"
"350105","马尾区","Mawei District","福州市","Fuzhou City","福建省","Fujian Province","2012","2.02736890093426","0.719881731551904","1.30748716938236","0.35508176692469"
"350105","马尾区","Mawei District","福州市","Fuzhou City","福建省","Fujian Province","2013","2.04996236187915","0.786311391919269","1.26365096995988","0.383573575076996"
"350105","马尾区","Mawei District","福州市","Fuzhou City","福建省","Fujian Province","2014","2.02714699633409","0.771836147364508","1.25531084896958","0.380749964733837"
"350105","马尾区","Mawei District","福州市","Fuzhou City","福建省","Fujian Province","2015","1.93524063867097","0.735590098686835","1.19965053998413","0.380102651829388"
"350105","马尾区","Mawei District","福州市","Fuzhou City","福建省","Fujian Province","2016","1.97175687420957","0.717552301223541","1.25420457298603","0.363915202025701"
"350105","马尾区","Mawei District","福州市","Fuzhou City","福建省","Fujian Province","2017","1.95571589233275","0.749583313774885","1.20613257855786","0.383278223955522"
"350111","晋安区","Jin'an District","福州市","Fuzhou City","福建省","Fujian Province","1997","1.64877324587672",,,
"350111","晋安区","Jin'an District","福州市","Fuzhou City","福建省","Fujian Province","1998","1.56204350059381",,,
"350111","晋安区","Jin'an District","福州市","Fuzhou City","福建省","Fujian Province","1999","1.67437793805855",,,
"350111","晋安区","Jin'an District","福州市","Fuzhou City","福建省","Fujian Province","2000","1.75955993217443","1.5517103032908","0.20784962888363","0.881874083921215"
"350111","晋安区","Jin'an District","福州市","Fuzhou City","福建省","Fujian Province","2001","1.70954541250381","1.83636665348561","-0.1268212409818","1.07418418958292"
"350111","晋安区","Jin'an District","福州市","Fuzhou City","福建省","Fujian Province","2002","1.825947932135","1.77751006033977","0.0484378717952301","0.973472479174916"
"350111","晋安区","Jin'an District","福州市","Fuzhou City","福建省","Fujian Province","2003","2.0994502099285","1.89124718819257","0.20820302173593","0.900829740685767"
"350111","晋安区","Jin'an District","福州市","Fuzhou City","福建省","Fujian Province","2004","2.28179261679538","1.7756946247347","0.50609799206068","0.778201582240432"
"350111","晋安区","Jin'an District","福州市","Fuzhou City","福建省","Fujian Province","2005","2.62486579553785","1.66646698419744","0.95839881134041","0.634877023819792"
"350111","晋安区","Jin'an District","福州市","Fuzhou City","福建省","Fujian Province","2006","2.8954860169777","1.5601072845894","1.3353787323883","0.538806706522394"
"350111","晋安区","Jin'an District","福州市","Fuzhou City","福建省","Fujian Province","2007","2.97236809941413","1.7353178151654","1.23705028424873","0.583816592402348"
"350111","晋安区","Jin'an District","福州市","Fuzhou City","福建省","Fujian Province","2008","3.16310594310698","1.6851004923466","1.47800545076038","0.53273602675837"
"350111","晋安区","Jin'an District","福州市","Fuzhou City","福建省","Fujian Province","2009","3.4612657672196","1.76009872382531","1.70116704339429","0.508513024482133"
"350111","晋安区","Jin'an District","福州市","Fuzhou City","福建省","Fujian Province","2010","3.79716379057069","1.52219799738817","2.27496579318252","0.400877623759125"
"350111","晋安区","Jin'an District","福州市","Fuzhou City","福建省","Fujian Province","2011","4.39042727058914","1.60210369558194","2.7883235750072","0.36490837835174"
"350111","晋安区","Jin'an District","福州市","Fuzhou City","福建省","Fujian Province","2012","4.39833568367005","1.63830383158063","2.76003185208942","0.372482672858112"
"350111","晋安区","Jin'an District","福州市","Fuzhou City","福建省","Fujian Province","2013","4.45535828713058","1.68541374175468","2.7699445453759","0.378289159510031"
"350111","晋安区","Jin'an District","福州市","Fuzhou City","福建省","Fujian Province","2014","4.22097971821636","1.65356066672067","2.56741905149569","0.391748072037505"
"350111","晋安区","Jin'an District","福州市","Fuzhou City","福建省","Fujian Province","2015","3.74611121775881","1.5514341802542","2.19467703750461","0.414145253589769"
"350111","晋安区","Jin'an District","福州市","Fuzhou City","福建省","Fujian Province","2016","3.75267988533446","1.51822195762483","2.23445792770963","0.404570068328521"
"350111","晋安区","Jin'an District","福州市","Fuzhou City","福建省","Fujian Province","2017","3.70568288414368","1.61537649608456","2.09030638805912","0.435918708262012"
"350121","闽侯县","Minhou County","福州市","Fuzhou City","福建省","Fujian Province","1997","1.55107010492636",,,
"350121","闽侯县","Minhou County","福州市","Fuzhou City","福建省","Fujian Province","1998","1.44856170781562",,,
"350121","闽侯县","Minhou County","福州市","Fuzhou City","福建省","Fujian Province","1999","1.58066885876176",,,
"350121","闽侯县","Minhou County","福州市","Fuzhou City","福建省","Fujian Province","2000","1.67270868733951","5.40611717147127","-3.73340848413176","3.23195378393703"
"350121","闽侯县","Minhou County","福州市","Fuzhou City","福建省","Fujian Province","2001","1.6573137965479","6.37394264567677","-4.71662884912887","3.84594797856228"
"350121","闽侯县","Minhou County","福州市","Fuzhou City","福建省","Fujian Province","2002","1.97737160773681","6.1221414775068","-4.14476986976999","3.09610062850749"
"350121","闽侯县","Minhou County","福州市","Fuzhou City","福建省","Fujian Province","2003","2.5418963285498","6.5185988438194","-3.9767025152696","2.56446290535318"
"350121","闽侯县","Minhou County","福州市","Fuzhou City","福建省","Fujian Province","2004","2.78045950499","6.20015299690687","-3.41969349191687","2.22990228261899"
"350121","闽侯县","Minhou County","福州市","Fuzhou City","福建省","Fujian Province","2005","3.19847025695529","5.73305218118695","-2.53458192423166","1.79243567099617"
"350121","闽侯县","Minhou County","福州市","Fuzhou City","福建省","Fujian Province","2006","3.60656048145299","5.50396662996705","-1.89740614851406","1.52609852469454"
"350121","闽侯县","Minhou County","福州市","Fuzhou City","福建省","Fujian Province","2007","3.77179208396322","6.10112460360236","-2.32933251963914","1.61756652216937"
"350121","闽侯县","Minhou County","福州市","Fuzhou City","福建省","Fujian Province","2008","4.15278813250392","5.8805967346381","-1.72780860213418","1.41605989687039"
"350121","闽侯县","Minhou County","福州市","Fuzhou City","福建省","Fujian Province","2009","4.54491410560717","6.15730683941125","-1.61239273380408","1.35476858227416"
"350121","闽侯县","Minhou County","福州市","Fuzhou City","福建省","Fujian Province","2010","5.34048880494139","5.39416650218253","-0.0536776972411399","1.01005108318764"
"350121","闽侯县","Minhou County","福州市","Fuzhou City","福建省","Fujian Province","2011","6.2400717916825","5.57793417342133","0.662137618261171","0.893889423012129"
"350121","闽侯县","Minhou County","福州市","Fuzhou City","福建省","Fujian Province","2012","6.30579882173695","5.73856543945822","0.567233382278729","0.910045753390768"
"350121","闽侯县","Minhou County","福州市","Fuzhou City","福建省","Fujian Province","2013","6.39980577782359","5.93376084452357","0.466044933300021","0.927178269235147"
"350121","闽侯县","Minhou County","福州市","Fuzhou City","福建省","Fujian Province","2014","6.56389318473705","5.74183902962429","0.82205415511276","0.874761192484931"
"350121","闽侯县","Minhou County","福州市","Fuzhou City","福建省","Fujian Province","2015","6.03570734793279","5.45786212925396","0.57784521867883","0.904262220586831"
"350121","闽侯县","Minhou County","福州市","Fuzhou City","福建省","Fujian Province","2016","6.27149258870529","5.3587319381736","0.91276065053169","0.854458785110336"
"350121","闽侯县","Minhou County","福州市","Fuzhou City","福建省","Fujian Province","2017","6.17454369774025","5.80090798957459","0.37363570816566","0.939487721448566"
"350122","连江县","Lianjiang County","福州市","Fuzhou City","福建省","Fujian Province","1997","0.937740602150872",,,
"350122","连江县","Lianjiang County","福州市","Fuzhou City","福建省","Fujian Province","1998","0.889648707020404",,,
"350122","连江县","Lianjiang County","福州市","Fuzhou City","福建省","Fujian Province","1999","0.959758575241655",,,
"350122","连江县","Lianjiang County","福州市","Fuzhou City","福建省","Fujian Province","2000","1.08387430089914","8.61509920668768","-7.53122490578854","7.94843018193247"
"350122","连江县","Lianjiang County","福州市","Fuzhou City","福建省","Fujian Province","2001","1.04960125603435","10.1515186911422","-9.10191743510785","9.67178595945771"
"350122","连江县","Lianjiang County","福州市","Fuzhou City","福建省","Fujian Province","2002","1.1260750900242","10.0584671031985","-8.9323920131743","8.9323236010685"
"350122","连江县","Lianjiang County","福州市","Fuzhou City","福建省","Fujian Province","2003","1.33293539721267","10.7798619134755","-9.44692651626283","8.08731010971537"
"350122","连江县","Lianjiang County","福州市","Fuzhou City","福建省","Fujian Province","2004","1.45798092623416","10.0265483558885","-8.56856742965434","6.87700927733411"
"350122","连江县","Lianjiang County","福州市","Fuzhou City","福建省","Fujian Province","2005","1.68617670131219","9.35614113634055","-7.66996443502836","5.54873111997074"
"350122","连江县","Lianjiang County","福州市","Fuzhou City","福建省","Fujian Province","2006","1.89971336438006","8.93403038882544","-7.03431702444538","4.70283073033016"
"350122","连江县","Lianjiang County","福州市","Fuzhou City","福建省","Fujian Province","2007","1.96799375019879","10.0500461129481","-8.08205236274931","5.10674696600684"
"350122","连江县","Lianjiang County","福州市","Fuzhou City","福建省","Fujian Province","2008","2.18270395761144","9.8058962057004","-7.62319224808896","4.49254520820639"
"350122","连江县","Lianjiang County","福州市","Fuzhou City","福建省","Fujian Province","2009","2.38844939889505","10.0215666473807","-7.63311724848565","4.19584633110373"
"350122","连江县","Lianjiang County","福州市","Fuzhou City","福建省","Fujian Province","2010","2.64202190461406","8.7732971857214","-6.13127528110734","3.32067541544588"
"350122","连江县","Lianjiang County","福州市","Fuzhou City","福建省","Fujian Province","2011","3.17555355681128","9.09629750817086","-5.92074395135958","2.86447617570805"
"350122","连江县","Lianjiang County","福州市","Fuzhou City","福建省","Fujian Province","2012","3.32993008906416","9.11462222933509","-5.78469214027093","2.73718125772924"
"350122","连江县","Lianjiang County","福州市","Fuzhou City","福建省","Fujian Province","2013","3.46712144480189","9.66898964258248","-6.20186819778059","2.7887657806388"
"350122","连江县","Lianjiang County","福州市","Fuzhou City","福建省","Fujian Province","2014","3.60250354277132","9.54011563578304","-5.93761209301172","2.64819049378202"
"350122","连江县","Lianjiang County","福州市","Fuzhou City","福建省","Fujian Province","2015","3.4390042715954","8.8632672918032","-5.4242630202078","2.57727719764983"
"350122","连江县","Lianjiang County","福州市","Fuzhou City","福建省","Fujian Province","2016","3.61620163378151","8.74951702130983","-5.13331538752832","2.41953240095197"
"350122","连江县","Lianjiang County","福州市","Fuzhou City","福建省","Fujian Province","2017","3.67757243799566","9.48713352870911","-5.80956109071345","2.5797271674898"
"350123","罗源县","Luoyuan County","福州市","Fuzhou City","福建省","Fujian Province","1997","0.54994033357982",,,
"350123","罗源县","Luoyuan County","福州市","Fuzhou City","福建省","Fujian Province","1998","0.529055759058928",,,
"350123","罗源县","Luoyuan County","福州市","Fuzhou City","福建省","Fujian Province","1999","0.628271470547161",,,
"350123","罗源县","Luoyuan County","福州市","Fuzhou City","福建省","Fujian Province","2000","0.685674133486319","3.04618433994395","-2.36051020645763","4.4426123010585"
"350123","罗源县","Luoyuan County","福州市","Fuzhou City","福建省","Fujian Province","2001","0.664104196678344","3.63394615558028","-2.96984195890194","5.47195180177481"
"350123","罗源县","Luoyuan County","福州市","Fuzhou City","福建省","Fujian Province","2002","0.721909295714648","3.57948474038734","-2.85757544467269","4.95835801206003"
"350123","罗源县","Luoyuan County","福州市","Fuzhou City","福建省","Fujian Province","2003","0.856347326363799","3.76763942254622","-2.91129209618242","4.39966273795036"
"350123","罗源县","Luoyuan County","福州市","Fuzhou City","福建省","Fujian Province","2004","0.954599590484179","3.56019664147306","-2.60559705098888","3.7295182995703"
"350123","罗源县","Luoyuan County","福州市","Fuzhou City","福建省","Fujian Province","2005","1.11677062570567","3.2665072036541","-2.14973657794843","2.92495802492123"
"350123","罗源县","Luoyuan County","福州市","Fuzhou City","福建省","Fujian Province","2006","1.2718436228981","3.13093933313816","-1.85909571024006","2.46173293380503"
"350123","罗源县","Luoyuan County","福州市","Fuzhou City","福建省","Fujian Province","2007","1.3819454321139","3.55176371553739","-2.16981828342349","2.57011864072261"
"350123","罗源县","Luoyuan County","福州市","Fuzhou City","福建省","Fujian Province","2008","1.51617909073689","3.37617341657254","-1.85999432583565","2.22676426366733"
"350123","罗源县","Luoyuan County","福州市","Fuzhou City","福建省","Fujian Province","2009","1.6590967479853","3.57174689219509","-1.91265014420979","2.1528261667274"
"350123","罗源县","Luoyuan County","福州市","Fuzhou City","福建省","Fujian Province","2010","1.82554999293704","3.12333425700755","-1.29778426407051","1.71090042403197"
"350123","罗源县","Luoyuan County","福州市","Fuzhou City","福建省","Fujian Province","2011","2.15470840305623","3.20492798959272","-1.05021958653649","1.48740682732144"
"350123","罗源县","Luoyuan County","福州市","Fuzhou City","福建省","Fujian Province","2012","2.2422943249418","3.2967026414419","-1.0544083165001","1.47023635781064"
"350123","罗源县","Luoyuan County","福州市","Fuzhou City","福建省","Fujian Province","2013","2.27957873467717","3.45290941185078","-1.17333067717361","1.51471381941093"
"350123","罗源县","Luoyuan County","福州市","Fuzhou City","福建省","Fujian Province","2014","2.57842674393145","3.40082124952159","-0.82239450559014","1.31895205381565"
"350123","罗源县","Luoyuan County","福州市","Fuzhou City","福建省","Fujian Province","2015","2.41145654842314","3.16009271567951","-0.74863616725637","1.31044978510847"
"350123","罗源县","Luoyuan County","福州市","Fuzhou City","福建省","Fujian Province","2016","2.41981657333871","3.11654083830415","-0.69672426496544","1.28792441238806"
"350123","罗源县","Luoyuan County","福州市","Fuzhou City","福建省","Fujian Province","2017","2.39735371869744","3.36250839429239","-0.96515467559495","1.40259168601926"
"350124","闽清县","Minqing County","福州市","Fuzhou City","福建省","Fujian Province","1997","0.708151317853319",,,
"350124","闽清县","Minqing County","福州市","Fuzhou City","福建省","Fujian Province","1998","0.668268182926923",,,
"350124","闽清县","Minqing County","福州市","Fuzhou City","福建省","Fujian Province","1999","0.688679941864416",,,
"350124","闽清县","Minqing County","福州市","Fuzhou City","福建省","Fujian Province","2000","0.722704678268667","3.65326081343541","-2.93055613516674","5.05498431556756"
"350124","闽清县","Minqing County","福州市","Fuzhou City","福建省","Fujian Province","2001","0.686868861154702","4.32708601721066","-3.64021715605596","6.29972657362332"
"350124","闽清县","Minqing County","福州市","Fuzhou City","福建省","Fujian Province","2002","0.769921680661564","4.10525814023794","-3.33533645957638","5.33204641894283"
"350124","闽清县","Minqing County","福州市","Fuzhou City","福建省","Fujian Province","2003","0.883073198804238","4.30350212540991","-3.42042892660567","4.87332435322151"
"350124","闽清县","Minqing County","福州市","Fuzhou City","福建省","Fujian Province","2004","0.959770274899738","4.22243204952627","-3.26266177462653","4.39941948605083"
"350124","闽清县","Minqing County","福州市","Fuzhou City","福建省","Fujian Province","2005","1.10400053553078","3.82991102306265","-2.72591048753187","3.46912062069002"
"350124","闽清县","Minqing County","福州市","Fuzhou City","福建省","Fujian Province","2006","1.2099193705321","3.7296562376573","-2.5197368671252","3.08256593661862"
"350124","闽清县","Minqing County","福州市","Fuzhou City","福建省","Fujian Province","2007","1.23695186628882","4.11229537962975","-2.87534351334093","3.32453953278531"
"350124","闽清县","Minqing County","福州市","Fuzhou City","福建省","Fujian Province","2008","1.3078900698386","3.98992069864484","-2.68203062880624","3.05065447827524"
"350124","闽清县","Minqing County","福州市","Fuzhou City","福建省","Fujian Province","2009","1.43162537666196","4.15559632731954","-2.72397095065758","2.90271211663551"
"350124","闽清县","Minqing County","福州市","Fuzhou City","福建省","Fujian Province","2010","1.57253777531002","3.74282422528997","-2.17028644997995","2.38011721184382"
"350124","闽清县","Minqing County","福州市","Fuzhou City","福建省","Fujian Province","2011","1.80460723489828","3.76685255900164","-1.96224532410336","2.08735312934394"
"350124","闽清县","Minqing County","福州市","Fuzhou City","福建省","Fujian Province","2012","1.80876712098975","3.94221548883886","-2.13344836784911","2.17950417336296"
"350124","闽清县","Minqing County","福州市","Fuzhou City","福建省","Fujian Province","2013","1.83635908606332","4.05037611538365","-2.21401702932033","2.20565582522676"
"350124","闽清县","Minqing County","福州市","Fuzhou City","福建省","Fujian Province","2014","1.88253153301149","3.89606959464652","-2.01353806163503","2.0695906157885"
"350124","闽清县","Minqing County","福州市","Fuzhou City","福建省","Fujian Province","2015","1.71617866229893","3.76567595252816","-2.04949729022923","2.19422140319808"
"350124","闽清县","Minqing County","福州市","Fuzhou City","福建省","Fujian Province","2016","1.81463302686233","3.69722207809379","-1.88258905123146","2.03744890749984"
"350124","闽清县","Minqing County","福州市","Fuzhou City","福建省","Fujian Province","2017","1.86687231905347","3.99579322220649","-2.12892090315302","2.14036770561385"
"350125","永泰县","Yongtai County","福州市","Fuzhou City","福建省","Fujian Province","1997","0.44464096987461",,,
"350125","永泰县","Yongtai County","福州市","Fuzhou City","福建省","Fujian Province","1998","0.418608238814921",,,
"350125","永泰县","Yongtai County","福州市","Fuzhou City","福建省","Fujian Province","1999","0.457094661108517",,,
"350125","永泰县","Yongtai County","福州市","Fuzhou City","福建省","Fujian Province","2000","0.483467869214283","6.23361196164196","-5.75014409242768","12.8935392785722"
"350125","永泰县","Yongtai County","福州市","Fuzhou City","福建省","Fujian Province","2001","0.463382256599993","7.26328223137517","-6.79989997477518","15.6744936344101"
"350125","永泰县","Yongtai County","福州市","Fuzhou City","福建省","Fujian Province","2002","0.498959477409868","7.00905736548061","-6.51009788807074","14.0473478965969"
"350125","永泰县","Yongtai County","福州市","Fuzhou City","福建省","Fujian Province","2003","0.572437403946782","7.56446090622845","-6.99202350228167","13.2144769962162"
"350125","永泰县","Yongtai County","福州市","Fuzhou City","福建省","Fujian Province","2004","0.623523708935022","7.18063282565391","-6.55710911671889","11.516214576537"
"350125","永泰县","Yongtai County","福州市","Fuzhou City","福建省","Fujian Province","2005","0.718973570120665","6.67168239107582","-5.95270882095516","9.27945430588793"
"350125","永泰县","Yongtai County","福州市","Fuzhou City","福建省","Fujian Province","2006","0.805398712661281","6.5363241342724","-5.73092542161112","8.1156376730159"
"350125","永泰县","Yongtai County","福州市","Fuzhou City","福建省","Fujian Province","2007","0.838611434772083","6.86325029281347","-6.02463885804139","8.18406476257834"
"350125","永泰县","Yongtai County","福州市","Fuzhou City","福建省","Fujian Province","2008","0.89708637713622","6.92989707666448","-6.03281069952826","7.72489389348089"
"350125","永泰县","Yongtai County","福州市","Fuzhou City","福建省","Fujian Province","2009","0.986160607820424","7.18980388176098","-6.20364327394056","7.29070277675319"
"350125","永泰县","Yongtai County","福州市","Fuzhou City","福建省","Fujian Province","2010","1.08928939095782","6.39882991923981","-5.30954052828199","5.87431583595363"
"350125","永泰县","Yongtai County","福州市","Fuzhou City","福建省","Fujian Province","2011","1.30126599232816","6.57101969725743","-5.26975370492927","5.04971292264458"
"350125","永泰县","Yongtai County","福州市","Fuzhou City","福建省","Fujian Province","2012","1.3291440695203","6.68854548817125","-5.35940141865095","5.03222008926783"
"350125","永泰县","Yongtai County","福州市","Fuzhou City","福建省","Fujian Province","2013","1.3982865043366","6.99709438531545","-5.59880788097885","5.00404914415958"
"350125","永泰县","Yongtai County","福州市","Fuzhou City","福建省","Fujian Province","2014","1.40028345717","6.58368236350147","-5.18339890633147","4.70167831362317"
"350125","永泰县","Yongtai County","福州市","Fuzhou City","福建省","Fujian Province","2015","1.2386453658664","6.41095730969014","-5.17231194382374","5.17578112860887"
"350125","永泰县","Yongtai County","福州市","Fuzhou City","福建省","Fujian Province","2016","1.23279776698293","6.39911194701793","-5.166314180035","5.19072318136875"
"350125","永泰县","Yongtai County","福州市","Fuzhou City","福建省","Fujian Province","2017","1.22958481518686","6.82098432060266","-5.5913995054158","5.54738822109321"
"350128","平潭县","Pingtan County","福州市","Fuzhou City","福建省","Fujian Province","1997","0.204181228876146",,,
"350128","平潭县","Pingtan County","福州市","Fuzhou City","福建省","Fujian Province","1998","0.193343845877695",,,
"350128","平潭县","Pingtan County","福州市","Fuzhou City","福建省","Fujian Province","1999","0.201906844170633",,,
"350128","平潭县","Pingtan County","福州市","Fuzhou City","福建省","Fujian Province","2000","0.213534687511373","2.46537114355292","-2.25183645604155","11.5455300133455"
"350128","平潭县","Pingtan County","福州市","Fuzhou City","福建省","Fujian Province","2001","0.209504247185982","2.74072335536469","-2.53121910817871","13.0819465102857"
"350128","平潭县","Pingtan County","福州市","Fuzhou City","福建省","Fujian Province","2002","0.227997274158173","2.98492138116503","-2.75692410700686","13.0919169634205"
"350128","平潭县","Pingtan County","福州市","Fuzhou City","福建省","Fujian Province","2003","0.268937836809023","2.79312509178207","-2.52418725497305","10.3857646990948"
"350128","平潭县","Pingtan County","福州市","Fuzhou City","福建省","Fujian Province","2004","0.292751985292663","2.68709074069329","-2.39433875540063","9.17872764554275"
"350128","平潭县","Pingtan County","福州市","Fuzhou City","福建省","Fujian Province","2005","0.338319923263593","2.67174175074295","-2.33342182747936","7.89708665386913"
"350128","平潭县","Pingtan County","福州市","Fuzhou City","福建省","Fujian Province","2006","0.375954981082783","2.42922991150164","-2.05327493041886","6.46149149162819"
"350128","平潭县","Pingtan County","福州市","Fuzhou City","福建省","Fujian Province","2007","0.409312917579178","2.77874530514035","-2.36943238756117","6.78880432500112"
"350128","平潭县","Pingtan County","福州市","Fuzhou City","福建省","Fujian Province","2008","0.459060752989707","2.93888310793155","-2.47982235494184","6.40194808375929"
"350128","平潭县","Pingtan County","福州市","Fuzhou City","福建省","Fujian Province","2009","0.502558277715351","2.88930826246158","-2.38674998474623","5.74920042228035"
"350128","平潭县","Pingtan County","福州市","Fuzhou City","福建省","Fujian Province","2010","0.628817057507469","2.53918188508534","-1.91036482757787","4.03802959027583"
"350128","平潭县","Pingtan County","福州市","Fuzhou City","福建省","Fujian Province","2011","0.931337088109489","2.69002986613357","-1.75869277802408","2.88835256372538"
"350128","平潭县","Pingtan County","福州市","Fuzhou City","福建省","Fujian Province","2012","1.08480779801699","2.60548275509491","-1.52067495707792","2.40179205925482"
"350128","平潭县","Pingtan County","福州市","Fuzhou City","福建省","Fujian Province","2013","1.22271433385343","2.75061841012432","-1.52790407627089","2.24960020011841"
"350128","平潭县","Pingtan County","福州市","Fuzhou City","福建省","Fujian Province","2014","1.26653541731451","2.63330828504931","-1.3667728677348","2.0791430299145"
"350128","平潭县","Pingtan County","福州市","Fuzhou City","福建省","Fujian Province","2015","1.17183657338593","2.64660878369038","-1.47477221030445","2.25851355368028"
"350128","平潭县","Pingtan County","福州市","Fuzhou City","福建省","Fujian Province","2016","1.22168103430726","2.72750912218925","-1.50582808788199","2.2325869401221"
"350128","平潭县","Pingtan County","福州市","Fuzhou City","福建省","Fujian Province","2017","1.28710064699998","2.85577867857833","-1.56867803157835","2.21876873827597"
"350181","福清市","Fuqing City","福州市","Fuzhou City","福建省","Fujian Province","1997","3.15099178032791",,,
"350181","福清市","Fuqing City","福州市","Fuzhou City","福建省","Fujian Province","1998","2.92236856311559",,,
"350181","福清市","Fuqing City","福州市","Fuzhou City","福建省","Fujian Province","1999","2.89131068229301",,,
"350181","福清市","Fuqing City","福州市","Fuzhou City","福建省","Fujian Province","2000","3.01969475379745","6.01062430593377","-2.99092955213632","1.99047413596194"
"350181","福清市","Fuqing City","福州市","Fuzhou City","福建省","Fujian Province","2001","2.86846328069367","7.06640072033902","-4.19793743964535","2.46347958082635"
"350181","福清市","Fuqing City","福州市","Fuzhou City","福建省","Fujian Province","2002","3.06048176866749","7.09125373670515","-4.03077196803766","2.3170383856894"
"350181","福清市","Fuqing City","福州市","Fuzhou City","福建省","Fujian Province","2003","3.53243272125067","7.44037808488002","-3.90794536362935","2.10630425885245"
"350181","福清市","Fuqing City","福州市","Fuzhou City","福建省","Fujian Province","2004","3.84653296831549","6.81302852409533","-2.96649555577984","1.77121282469573"
"350181","福清市","Fuqing City","福州市","Fuzhou City","福建省","Fujian Province","2005","4.43681913843562","6.67011407961656","-2.23329494118094","1.50335496478416"
"350181","福清市","Fuqing City","福州市","Fuzhou City","福建省","Fujian Province","2006","4.95949995187686","6.3080871338432","-1.34858718196634","1.27191999093699"
"350181","福清市","Fuqing City","福州市","Fuzhou City","福建省","Fujian Province","2007","5.12963723418998","6.82309249087059","-1.69345525668061","1.33013158228684"
"350181","福清市","Fuqing City","福州市","Fuzhou City","福建省","Fujian Province","2008","5.69536424767149","6.94779009686456","-1.25242584919307","1.2199026778147"
"350181","福清市","Fuqing City","福州市","Fuzhou City","福建省","Fujian Province","2009","6.23221910896491","7.02378238836039","-0.79156327939548","1.12701146502645"
"350181","福清市","Fuqing City","福州市","Fuzhou City","福建省","Fujian Province","2010","6.99967459998669","6.31504698800046","0.68462761198623","0.902191508732773"
"350181","福清市","Fuqing City","福州市","Fuzhou City","福建省","Fujian Province","2011","8.61373505152359","6.65579737366034","1.95793767786325","0.77269585538077"
"350181","福清市","Fuqing City","福州市","Fuzhou City","福建省","Fujian Province","2012","8.76556374018111","6.46222380352601","2.3033399366551","0.737228545142322"
"350181","福清市","Fuqing City","福州市","Fuzhou City","福建省","Fujian Province","2013","8.87640279501363","6.93496619205111","1.94143660296252","0.781281150957555"
"350181","福清市","Fuqing City","福州市","Fuzhou City","福建省","Fujian Province","2014","9.07725705924548","6.62561450636347","2.45164255288201","0.729913724280295"
"350181","福清市","Fuqing City","福州市","Fuzhou City","福建省","Fujian Province","2015","8.3805525380164","6.52214997416988","1.85840256384652","0.778248205542974"
"350181","福清市","Fuqing City","福州市","Fuzhou City","福建省","Fujian Province","2016","8.60642235525921","6.37285826357298","2.23356409168623","0.740477053125176"
"350181","福清市","Fuqing City","福州市","Fuzhou City","福建省","Fujian Province","2017","8.89418973556863","6.72531425007547","2.16887548549316","0.756146928503263"
"350182","长乐市","Changle City","福州市","Fuzhou City","福建省","Fujian Province","1997","1.75237000792998",,,
"350182","长乐市","Changle City","福州市","Fuzhou City","福建省","Fujian Province","1998","1.63316684879489",,,
"350182","长乐市","Changle City","福州市","Fuzhou City","福建省","Fujian Province","1999","1.71468920034956",,,
"350182","长乐市","Changle City","福州市","Fuzhou City","福建省","Fujian Province","2000","1.79768677597994","3.38072409914762","-1.58303732316768","1.88059685609288"
"350182","长乐市","Changle City","福州市","Fuzhou City","福建省","Fujian Province","2001","1.70966096917628","3.9205233441337","-2.21086237495742","2.29315835994233"
"350182","长乐市","Changle City","福州市","Fuzhou City","福建省","Fujian Province","2002","1.83050295327099","3.91457348035624","-2.08407052708525","2.13852344425949"
"350182","长乐市","Changle City","福州市","Fuzhou City","福建省","Fujian Province","2003","2.12029918895272","4.19049290637199","-2.07019371741927","1.97636867863059"
"350182","长乐市","Changle City","福州市","Fuzhou City","福建省","Fujian Province","2004","2.34399290873549","3.80337839237438","-1.45938548363889","1.62260661207639"
"350182","长乐市","Changle City","福州市","Fuzhou City","福建省","Fujian Province","2005","2.72580198774214","3.67315522398736","-0.94735323624522","1.34755027713144"
"350182","长乐市","Changle City","福州市","Fuzhou City","福建省","Fujian Province","2006","3.17788361368088","3.46717721598071","-0.28929360229983","1.09103341640783"
"350182","长乐市","Changle City","福州市","Fuzhou City","福建省","Fujian Province","2007","3.30487361455624","3.83846571373469","-0.53359209917845","1.16145612855761"
"350182","长乐市","Changle City","福州市","Fuzhou City","福建省","Fujian Province","2008","3.780136389174","3.93449708455151","-0.15436069537751","1.04083468940951"
"350182","长乐市","Changle City","福州市","Fuzhou City","福建省","Fujian Province","2009","4.13645856781427","4.01527736573641","0.121181202077859","0.970704118005492"
"350182","长乐市","Changle City","福州市","Fuzhou City","福建省","Fujian Province","2010","4.57575813933486","3.50797039355039","1.06778774578447","0.766642441914623"
"350182","长乐市","Changle City","福州市","Fuzhou City","福建省","Fujian Province","2011","5.4243020794698","3.66532488416417","1.75897719530563","0.675722854381008"
"350182","长乐市","Changle City","福州市","Fuzhou City","福建省","Fujian Province","2012","5.57307280383757","3.51285778731943","2.06021501651814","0.630326914965207"
"350182","长乐市","Changle City","福州市","Fuzhou City","福建省","Fujian Province","2013","5.64661832334045","3.74901233246035","1.8976059908801","0.663939391292609"
"350182","长乐市","Changle City","福州市","Fuzhou City","福建省","Fujian Province","2014","6.35701756741639","3.66766974497181","2.68934782244458","0.576948184596951"
"350182","长乐市","Changle City","福州市","Fuzhou City","福建省","Fujian Province","2015","6.32279679407559","3.53971643896256","2.78308035511303","0.559833971301948"
"350182","长乐市","Changle City","福州市","Fuzhou City","福建省","Fujian Province","2016","7.15082592771033","3.45088085568043","3.6999450720299","0.482584933623939"
"350182","长乐市","Changle City","福州市","Fuzhou City","福建省","Fujian Province","2017","8.15733379999698","3.77702471584315","4.38030908415383","0.463021963848598"
"350203","思明区","Siming District","厦门市","Xiamen City","福建省","Fujian Province","1997","0.98318696932215",,,
"350203","思明区","Siming District","厦门市","Xiamen City","福建省","Fujian Province","1998","0.961378909728324",,,
"350203","思明区","Siming District","厦门市","Xiamen City","福建省","Fujian Province","1999","0.993059183221187",,,
"350203","思明区","Siming District","厦门市","Xiamen City","福建省","Fujian Province","2000","1.03746430891863","0.286871408775422","0.750592900143208","0.276512074978689"
"350203","思明区","Siming District","厦门市","Xiamen City","福建省","Fujian Province","2001","0.986969539556244","0.342378335087852","0.644591204468392","0.346898583356271"
"350203","思明区","Siming District","厦门市","Xiamen City","福建省","Fujian Province","2002","1.05430272996252","0.316463558739735","0.737839171222785","0.300163842647913"
"350203","思明区","Siming District","厦门市","Xiamen City","福建省","Fujian Province","2003","1.1987463308756","0.381546337769219","0.817199993106381","0.318287804468629"
"350203","思明区","Siming District","厦门市","Xiamen City","福建省","Fujian Province","2004","1.30346870958099","0.337737991596319","0.965730717984671","0.259107095639363"
"350203","思明区","Siming District","厦门市","Xiamen City","福建省","Fujian Province","2005","1.50162265837367","0.335339685780722","1.16628297259295","0.223318211077017"
"350203","思明区","Siming District","厦门市","Xiamen City","福建省","Fujian Province","2006","1.64588144446491","0.328236041316439","1.31764540314847","0.199428727032737"
"350203","思明区","Siming District","厦门市","Xiamen City","福建省","Fujian Province","2007","1.68721566935103","0.336772792719444","1.35044287663159","0.199602693856548"
"350203","思明区","Siming District","厦门市","Xiamen City","福建省","Fujian Province","2008","1.77581857322299","0.340566362675041","1.43525221054795","0.191779930568547"
"350203","思明区","Siming District","厦门市","Xiamen City","福建省","Fujian Province","2009","1.94321029609649","0.341629950395355","1.60158034570114","0.175806988611382"
"350203","思明区","Siming District","厦门市","Xiamen City","福建省","Fujian Province","2010","2.13178885125859","0.319520760752809","1.81226809050578","0.14988386892265"
"350203","思明区","Siming District","厦门市","Xiamen City","福建省","Fujian Province","2011","2.43909478884149","0.322889607200112","2.11620518164138","0.132380917985347"
"350203","思明区","Siming District","厦门市","Xiamen City","福建省","Fujian Province","2012","2.43516161332751","0.321426227753176","2.11373538557433","0.131993797041653"
"350203","思明区","Siming District","厦门市","Xiamen City","福建省","Fujian Province","2013","2.46229960917023","0.348668151607139","2.11363145756309","0.141602650753227"
"350203","思明区","Siming District","厦门市","Xiamen City","福建省","Fujian Province","2014","2.32606095597652","0.329536031887271","1.99652492408925","0.141671279525401"
"350203","思明区","Siming District","厦门市","Xiamen City","福建省","Fujian Province","2015","2.07997070543218","0.343595962344697","1.73637474308748","0.165192693073677"
"350203","思明区","Siming District","厦门市","Xiamen City","福建省","Fujian Province","2016","2.0814012759895","0.327752106397924","1.75364916959158","0.157467044043254"
"350203","思明区","Siming District","厦门市","Xiamen City","福建省","Fujian Province","2017","2.05913223062126","0.350324749914923","1.70880748070634","0.170132225947057"
"350205","海沧区","Haicang District","厦门市","Xiamen City","福建省","Fujian Province","1997","1.08979602660578",,,
"350205","海沧区","Haicang District","厦门市","Xiamen City","福建省","Fujian Province","1998","1.03177403252121",,,
"350205","海沧区","Haicang District","厦门市","Xiamen City","福建省","Fujian Province","1999","1.19928926421723",,,
"350205","海沧区","Haicang District","厦门市","Xiamen City","福建省","Fujian Province","2000","1.32822717206161","0.529981128364186","0.798246043697424","0.399013918335653"
"350205","海沧区","Haicang District","厦门市","Xiamen City","福建省","Fujian Province","2001","1.28094571431694","0.621409868030288","0.659535846286652","0.48511803512427"
"350205","海沧区","Haicang District","厦门市","Xiamen City","福建省","Fujian Province","2002","1.37857099137323","0.601336656892152","0.777234334481078","0.436202894631596"
"350205","海沧区","Haicang District","厦门市","Xiamen City","福建省","Fujian Province","2003","1.65098727185727","0.675023965135118","0.975963306722152","0.408860792957994"
"350205","海沧区","Haicang District","厦门市","Xiamen City","福建省","Fujian Province","2004","1.81551854567471","0.606705673245893","1.20881287242882","0.334177623627865"
"350205","海沧区","Haicang District","厦门市","Xiamen City","福建省","Fujian Province","2005","2.1289314716225","0.570775522931384","1.55815594869112","0.268104225307161"
"350205","海沧区","Haicang District","厦门市","Xiamen City","福建省","Fujian Province","2006","2.45799021543211","0.564455494869025","1.89353472056309","0.229641066642649"
"350205","海沧区","Haicang District","厦门市","Xiamen City","福建省","Fujian Province","2007","2.71647404945798","0.570757294656409","2.14571675480157","0.210109606889229"
"350205","海沧区","Haicang District","厦门市","Xiamen City","福建省","Fujian Province","2008","2.86263356345468","0.586755850764841","2.27587771268984","0.204970646000787"
"350205","海沧区","Haicang District","厦门市","Xiamen City","福建省","Fujian Province","2009","3.13247034259847","0.596482930095692","2.53598741250278","0.190419338368226"
"350205","海沧区","Haicang District","厦门市","Xiamen City","福建省","Fujian Province","2010","3.43720316001327","0.563197939909117","2.87400522010415","0.163853550020285"
"350205","海沧区","Haicang District","厦门市","Xiamen City","福建省","Fujian Province","2011","3.93438934119246","0.558945036020369","3.37544430517209","0.142066528639731"
"350205","海沧区","Haicang District","厦门市","Xiamen City","福建省","Fujian Province","2012","3.94246754748564","0.555431770609603","3.38703577687604","0.14088429744053"
"350205","海沧区","Haicang District","厦门市","Xiamen City","福建省","Fujian Province","2013","3.98640330408108","0.564864922708088","3.42153838137299","0.141697886445611"
"350205","海沧区","Haicang District","厦门市","Xiamen City","福建省","Fujian Province","2014","3.91611313411225","0.538402630008111","3.37771050410414","0.137483931533598"
"350205","海沧区","Haicang District","厦门市","Xiamen City","福建省","Fujian Province","2015","3.55680242885193","0.554376825488872","3.00242560336306","0.155863823357716"
"350205","海沧区","Haicang District","厦门市","Xiamen City","福建省","Fujian Province","2016","3.59175489827365","0.511453789748369","3.08030110852528","0.142396629011126"
"350205","海沧区","Haicang District","厦门市","Xiamen City","福建省","Fujian Province","2017","3.59686007130597","0.552021560462096","3.04483851084387","0.153473182030588"
"350206","湖里区","Huli District","厦门市","Xiamen City","福建省","Fujian Province","1997","0.784768392191065",,,
"350206","湖里区","Huli District","厦门市","Xiamen City","福建省","Fujian Province","1998","0.746431043407296",,,
"350206","湖里区","Huli District","厦门市","Xiamen City","福建省","Fujian Province","1999","0.761824435180861",,,
"350206","湖里区","Huli District","厦门市","Xiamen City","福建省","Fujian Province","2000","0.796522145828218","0.0885796331665855","0.707942512661633","0.111207997957773"
"350206","湖里区","Huli District","厦门市","Xiamen City","福建省","Fujian Province","2001","0.756896204670811","0.102821373662685","0.654074831008126","0.135846068494166"
"350206","湖里区","Huli District","厦门市","Xiamen City","福建省","Fujian Province","2002","0.806854284466883","0.101915106218338","0.704939178248545","0.126311662688483"
"350206","湖里区","Huli District","厦门市","Xiamen City","福建省","Fujian Province","2003","0.920013671706206","0.109098902680364","0.810914769025842","0.118584001559493"
"350206","湖里区","Huli District","厦门市","Xiamen City","福建省","Fujian Province","2004","1.00128782917761","0.0951834178795695","0.90610441129804","0.09506099555584"
"350206","湖里区","Huli District","厦门市","Xiamen City","福建省","Fujian Province","2005","1.15805475284642","0.0865824239659761","1.07147232888044","0.0747653975368284"
"350206","湖里区","Huli District","厦门市","Xiamen City","福建省","Fujian Province","2006","1.2720353388497","0.0793199712648124","1.19271536758489","0.0623567355735111"
"350206","湖里区","Huli District","厦门市","Xiamen City","福建省","Fujian Province","2007","1.30611771593241","0.0760266286213892","1.23009108731102","0.0582080984692221"
"350206","湖里区","Huli District","厦门市","Xiamen City","福建省","Fujian Province","2008","1.37470753792875","0.0729836204146334","1.30172391751412","0.0530902889530937"
"350206","湖里区","Huli District","厦门市","Xiamen City","福建省","Fujian Province","2009","1.50428984250136","0.0739918009891616","1.4302980415122","0.0491871971069928"
"350206","湖里区","Huli District","厦门市","Xiamen City","福建省","Fujian Province","2010","1.6502734273011","0.067650662941938","1.58262276435916","0.0409936085879875"
"350206","湖里区","Huli District","厦门市","Xiamen City","福建省","Fujian Province","2011","1.88816697972562","0.0693872766743176","1.8187797030513","0.0367484853931725"
"350206","湖里区","Huli District","厦门市","Xiamen City","福建省","Fujian Province","2012","1.88512220583454","0.0751826025377232","1.80993960329682","0.0398820841985891"
"350206","湖里区","Huli District","厦门市","Xiamen City","福建省","Fujian Province","2013","1.90613043719995","0.0804553706116792","1.82567506658827","0.0422087434529747"
"350206","湖里区","Huli District","厦门市","Xiamen City","福建省","Fujian Province","2014","1.78077207068009","0.0756812204175708","1.70509085026252","0.0424991056764876"
"350206","湖里区","Huli District","厦门市","Xiamen City","福建省","Fujian Province","2015","1.55530228633676","0.0811988523039022","1.47410343403286","0.0522077624505727"
"350206","湖里区","Huli District","厦门市","Xiamen City","福建省","Fujian Province","2016","1.54188177522373","0.0758070720817146","1.46607470314202","0.0491652948363793"
"350206","湖里区","Huli District","厦门市","Xiamen City","福建省","Fujian Province","2017","1.49365747423721","0.0790874191714211","1.41457005506579","0.0529488323364163"
"350211","集美区","Jimei District","厦门市","Xiamen City","福建省","Fujian Province","1997","1.29921602979562",,,
"350211","集美区","Jimei District","厦门市","Xiamen City","福建省","Fujian Province","1998","1.21637917350048",,,
"350211","集美区","Jimei District","厦门市","Xiamen City","福建省","Fujian Province","1999","1.34651300475832",,,
"350211","集美区","Jimei District","厦门市","Xiamen City","福建省","Fujian Province","2000","1.4322537682594","0.786668098978749","0.645585669280651","0.549251896844214"
"350211","集美区","Jimei District","厦门市","Xiamen City","福建省","Fujian Province","2001","1.36691987863374","0.917854128817003","0.449065749816737","0.671476172937374"
"350211","集美区","Jimei District","厦门市","Xiamen City","福建省","Fujian Province","2002","1.46536261031573","0.901822730010344","0.563539880305386","0.615426327696484"
"350211","集美区","Jimei District","厦门市","Xiamen City","福建省","Fujian Province","2003","1.72738688626815","0.987511831670802","0.739875054597348","0.571679592754247"
"350211","集美区","Jimei District","厦门市","Xiamen City","福建省","Fujian Province","2004","1.88745189063233","0.917316317204827","0.970135573427503","0.486007787407768"
"350211","集美区","Jimei District","厦门市","Xiamen City","福建省","Fujian Province","2005","2.2018784250873","0.871490365266953","1.33038805982035","0.395794043548249"
"350211","集美区","Jimei District","厦门市","Xiamen City","福建省","Fujian Province","2006","2.59506712082435","0.84228917477959","1.75277794604476","0.324573175013688"
"350211","集美区","Jimei District","厦门市","Xiamen City","福建省","Fujian Province","2007","2.98392839722992","0.866779861057097","2.11714853617282","0.290482795050229"
"350211","集美区","Jimei District","厦门市","Xiamen City","福建省","Fujian Province","2008","3.15898140803968","0.877858366639143","2.28112304140054","0.277892856350776"
"350211","集美区","Jimei District","厦门市","Xiamen City","福建省","Fujian Province","2009","3.45675244636001","0.895629039673418","2.56112340668659","0.259095510474441"
"350211","集美区","Jimei District","厦门市","Xiamen City","福建省","Fujian Province","2010","3.79221247515725","0.854193852362831","2.93801862279442","0.22524947058179"
"350211","集美区","Jimei District","厦门市","Xiamen City","福建省","Fujian Province","2011","4.33972491694814","0.845160801722663","3.49456411522548","0.194749855785102"
"350211","集美区","Jimei District","厦门市","Xiamen City","福建省","Fujian Province","2012","4.35139144632104","0.839543970507866","3.51184747581317","0.192936898659778"
"350211","集美区","Jimei District","厦门市","Xiamen City","福建省","Fujian Province","2013","4.39988434401375","0.866862963053996","3.53302138095975","0.197019488531194"
"350211","集美区","Jimei District","厦门市","Xiamen City","福建省","Fujian Province","2014","4.52706225104264","0.815984660468382","3.71107759057426","0.180245955372151"
"350211","集美区","Jimei District","厦门市","Xiamen City","福建省","Fujian Province","2015","4.22840366430084","0.830303014628451","3.39810064967239","0.196363233160177"
"350211","集美区","Jimei District","厦门市","Xiamen City","福建省","Fujian Province","2016","4.28428439684421","0.764415455262892","3.51986894158132","0.178423135454303"
"350211","集美区","Jimei District","厦门市","Xiamen City","福建省","Fujian Province","2017","4.31972903175471","0.824006181008609","3.4957228507461","0.190754136417184"
"350212","同安区","Tong'an District","厦门市","Xiamen City","福建省","Fujian Province","1997","1.39534753845187",,,
"350212","同安区","Tong'an District","厦门市","Xiamen City","福建省","Fujian Province","1998","1.31687427983238",,,
"350212","同安区","Tong'an District","厦门市","Xiamen City","福建省","Fujian Province","1999","1.40294877196574",,,
"350212","同安区","Tong'an District","厦门市","Xiamen City","福建省","Fujian Province","2000","1.47890738224505","2.12557095753386","-0.64666357528881","1.43725765592376"
"350212","同安区","Tong'an District","厦门市","Xiamen City","福建省","Fujian Province","2001","1.41660924779534","2.39924195056931","-0.98263270277397","1.69365119866557"
"350212","同安区","Tong'an District","厦门市","Xiamen City","福建省","Fujian Province","2002","1.5187917771541","2.36615161055473","-0.84735983340063","1.55791705363879"
"350212","同安区","Tong'an District","厦门市","Xiamen City","福建省","Fujian Province","2003","1.74683660495518","2.59690144761203","-0.85006484265685","1.48663099928494"
"350212","同安区","Tong'an District","厦门市","Xiamen City","福建省","Fujian Province","2004","1.92243004991405","2.40976237411395","-0.4873323241999","1.25349807875802"
"350212","同安区","Tong'an District","厦门市","Xiamen City","福建省","Fujian Province","2005","2.36858932832939","2.3056270097411","0.0629623185882902","0.973417798587863"
"350212","同安区","Tong'an District","厦门市","Xiamen City","福建省","Fujian Province","2006","3.04579132303018","2.26826566060777","0.77752566242241","0.744721295729193"
"350212","同安区","Tong'an District","厦门市","Xiamen City","福建省","Fujian Province","2007","3.65560129405205","2.31542636212692","1.34017493192513","0.633391383763404"
"350212","同安区","Tong'an District","厦门市","Xiamen City","福建省","Fujian Province","2008","3.89046770222409","2.34277362354565","1.54769407867844","0.602183028587113"
"350212","同安区","Tong'an District","厦门市","Xiamen City","福建省","Fujian Province","2009","4.25786689893725","2.41498020562581","1.84288669331144","0.567180765145238"
"350212","同安区","Tong'an District","厦门市","Xiamen City","福建省","Fujian Province","2010","4.68196385495325","2.26108482283752","2.42087903211573","0.482935129976585"
"350212","同安区","Tong'an District","厦门市","Xiamen City","福建省","Fujian Province","2011","5.39767626247397","2.31041507882635","3.08726118364762","0.428038838655247"
"350212","同安区","Tong'an District","厦门市","Xiamen City","福建省","Fujian Province","2012","5.44779390537001","2.32753352380957","3.12026038156044","0.42724331431027"
"350212","同安区","Tong'an District","厦门市","Xiamen City","福建省","Fujian Province","2013","5.51622596219986","2.40695679814528","3.10926916405458","0.436341225801669"
"350212","同安区","Tong'an District","厦门市","Xiamen City","福建省","Fujian Province","2014","5.46654481031603","2.23888485505739","3.22765995525864","0.409561237078372"
"350212","同安区","Tong'an District","厦门市","Xiamen City","福建省","Fujian Province","2015","5.15107090488357","2.2580499953627","2.89302090952087","0.438365154947084"
"350212","同安区","Tong'an District","厦门市","Xiamen City","福建省","Fujian Province","2016","5.50259279602738","2.14850018766592","3.35409260836146","0.39045233171116"
"350212","同安区","Tong'an District","厦门市","Xiamen City","福建省","Fujian Province","2017","6.36486567673464","2.32037294993387","4.04449272680077","0.364559610176139"
"350213","翔安区","Xiang'an District","厦门市","Xiamen City","福建省","Fujian Province","1997","0.612936594701966",,,
"350213","翔安区","Xiang'an District","厦门市","Xiamen City","福建省","Fujian Province","1998","0.574084363466099",,,
"350213","翔安区","Xiang'an District","厦门市","Xiamen City","福建省","Fujian Province","1999","0.637034788436511",,,
"350213","翔安区","Xiang'an District","厦门市","Xiamen City","福建省","Fujian Province","2000","0.67532019826757","1.15660617332281","-0.48128597505524","1.71267818775435"
"350213","翔安区","Xiang'an District","厦门市","Xiamen City","福建省","Fujian Province","2001","0.647001809152957","1.31821630138754","-0.671214492234583","2.03742289857477"
"350213","翔安区","Xiang'an District","厦门市","Xiamen City","福建省","Fujian Province","2002","0.698764863996648","1.32071361018935","-0.621948746192702","1.89006871730128"
"350213","翔安区","Xiang'an District","厦门市","Xiamen City","福建省","Fujian Province","2003","0.798697800471335","1.4657142035441","-0.667016403072765","1.83512988602089"
"350213","翔安区","Xiang'an District","厦门市","Xiamen City","福建省","Fujian Province","2004","0.933004379101551","1.30924436219618","-0.376239983094629","1.40325639570624"
"350213","翔安区","Xiang'an District","厦门市","Xiamen City","福建省","Fujian Province","2005","1.57946772861788","1.25685652575972","0.32261120285816","0.795746885477386"
"350213","翔安区","Xiang'an District","厦门市","Xiamen City","福建省","Fujian Province","2006","1.93057963258726","1.2437719530537","0.68680767953356","0.644247940908225"
"350213","翔安区","Xiang'an District","厦门市","Xiamen City","福建省","Fujian Province","2007","2.28404053624724","1.26012637363821","1.02391416260903","0.551709286083268"
"350213","翔安区","Xiang'an District","厦门市","Xiamen City","福建省","Fujian Province","2008","2.43677531775669","1.26206501783546","1.17471029992123","0.517924245472629"
"350213","翔安区","Xiang'an District","厦门市","Xiamen City","福建省","Fujian Province","2009","2.6664699638458","1.2589317364949","1.4075382273509","0.472134227485978"
"350213","翔安区","Xiang'an District","厦门市","Xiamen City","福建省","Fujian Province","2010","2.95568773605578","1.22323010246313","1.73245763359265","0.413856337914597"
"350213","翔安区","Xiang'an District","厦门市","Xiamen City","福建省","Fujian Province","2011","3.62451015190055","1.2361086442467","2.38840150765385","0.341041573189837"
"350213","翔安区","Xiang'an District","厦门市","Xiamen City","福建省","Fujian Province","2012","3.73234966585722","1.23810231943532","2.4942473464219","0.331721952731608"
"350213","翔安区","Xiang'an District","厦门市","Xiamen City","福建省","Fujian Province","2013","3.78766933260584","1.27528176530393","2.51238756730191","0.336693003881245"
"350213","翔安区","Xiang'an District","厦门市","Xiamen City","福建省","Fujian Province","2014","3.84897928596369","1.19210945927593","2.65686982668776","0.30972093396898"
"350213","翔安区","Xiang'an District","厦门市","Xiamen City","福建省","Fujian Province","2015","3.64501268793984","1.24514580980994","2.3998668781299","0.341602599609522"
"350213","翔安区","Xiang'an District","厦门市","Xiamen City","福建省","Fujian Province","2016","3.93579961764968","1.16148303892875","2.77431657872093","0.29510725945503"
"350213","翔安区","Xiang'an District","厦门市","Xiamen City","福建省","Fujian Province","2017","4.49884714958958","1.21478453541785","3.28406261417173","0.270021295462032"
"350302","城厢区","Chengxiang District","莆田市","Putian City","福建省","Fujian Province","1997","0.697935707941619",,,
"350302","城厢区","Chengxiang District","莆田市","Putian City","福建省","Fujian Province","1998","0.652004482143739",,,
"350302","城厢区","Chengxiang District","莆田市","Putian City","福建省","Fujian Province","1999","0.686343057093923",,,
"350302","城厢区","Chengxiang District","莆田市","Putian City","福建省","Fujian Province","2000","0.745848768757635","1.46628859058029","-0.720439821822655","1.96593284322598"
"350302","城厢区","Chengxiang District","莆田市","Putian City","福建省","Fujian Province","2001","0.725118119741884","1.69655473013417","-0.971436610392286","2.33969429799669"
"350302","城厢区","Chengxiang District","莆田市","Putian City","福建省","Fujian Province","2002","0.776815766705223","1.74355449341795","-0.966738726712727","2.24448906439302"
"350302","城厢区","Chengxiang District","莆田市","Putian City","福建省","Fujian Province","2003","0.884472459141434","1.90021749801382","-1.01574503887239","2.1484190698921"
"350302","城厢区","Chengxiang District","莆田市","Putian City","福建省","Fujian Province","2004","0.961291064433725","1.77762315300745","-0.816332088573725","1.84920386631765"
"350302","城厢区","Chengxiang District","莆田市","Putian City","福建省","Fujian Province","2005","1.10644959392049","1.70117915788505","-0.59472956396456","1.53751166544989"
"350302","城厢区","Chengxiang District","莆田市","Putian City","福建省","Fujian Province","2006","1.26340812102781","1.66279851941129","-0.39939039838348","1.31612144305244"
"350302","城厢区","Chengxiang District","莆田市","Putian City","福建省","Fujian Province","2007","1.39585697694307","1.72316526188002","-0.32730828493695","1.23448554568517"
"350302","城厢区","Chengxiang District","莆田市","Putian City","福建省","Fujian Province","2008","1.52752156217195","1.73037352982539","-0.20285196765344","1.13279810424739"
"350302","城厢区","Chengxiang District","莆田市","Putian City","福建省","Fujian Province","2009","1.67150838034917","1.81755819964194","-0.14604981929277","1.08737606165173"
"350302","城厢区","Chengxiang District","莆田市","Putian City","福建省","Fujian Province","2010","1.85104926731628","1.62086215802193","0.23018710929435","0.875645066093738"
"350302","城厢区","Chengxiang District","莆田市","Putian City","福建省","Fujian Province","2011","2.14762706874883","1.70764422459628","0.43998284415255","0.795130704694984"
"350302","城厢区","Chengxiang District","莆田市","Putian City","福建省","Fujian Province","2012","2.16254568077058","1.69106376730369","0.47148191346689","0.781978287136627"
"350302","城厢区","Chengxiang District","莆田市","Putian City","福建省","Fujian Province","2013","2.18693153070885","1.74184521676264","0.44508631394621","0.79647908144525"
"350302","城厢区","Chengxiang District","莆田市","Putian City","福建省","Fujian Province","2014","2.24655717346723","1.70839700242089","0.53816017104634","0.760451157263107"
"350302","城厢区","Chengxiang District","莆田市","Putian City","福建省","Fujian Province","2015","2.24456226665786","1.64588491070512","0.59867735595274","0.733276565838306"
"350302","城厢区","Chengxiang District","莆田市","Putian City","福建省","Fujian Province","2016","2.2727312648435","1.62431350150924","0.64841776333426","0.714696685277082"
"350302","城厢区","Chengxiang District","莆田市","Putian City","福建省","Fujian Province","2017","2.2826733099442","1.73950833475628","0.54316497518792","0.762048746607022"
"350303","涵江区","Hanjiang District","莆田市","Putian City","福建省","Fujian Province","1997","1.15528070552693",,,
"350303","涵江区","Hanjiang District","莆田市","Putian City","福建省","Fujian Province","1998","1.073040138986",,,
"350303","涵江区","Hanjiang District","莆田市","Putian City","福建省","Fujian Province","1999","1.09050727815076",,,
"350303","涵江区","Hanjiang District","莆田市","Putian City","福建省","Fujian Province","2000","1.14697240023222","2.40365340455733","-1.25668100432511","2.09565060508054"
"350303","涵江区","Hanjiang District","莆田市","Putian City","福建省","Fujian Province","2001","1.09836617181619","2.77187055841137","-1.67350438659518","2.52363067029639"
"350303","涵江区","Hanjiang District","莆田市","Putian City","福建省","Fujian Province","2002","1.17716519195489","2.75970568208049","-1.5825404901256","2.34436568541201"
"350303","涵江区","Hanjiang District","莆田市","Putian City","福建省","Fujian Province","2003","1.34636829644975","2.98489283159424","-1.63852453514449","2.21699578002923"
"350303","涵江区","Hanjiang District","莆田市","Putian City","福建省","Fujian Province","2004","1.46330368960312","2.78896222943705","-1.32565853983393","1.90593534975196"
"350303","涵江区","Hanjiang District","莆田市","Putian City","福建省","Fujian Province","2005","1.68740123050704","2.65123415095702","-0.96383292044998","1.57119368116163"
"350303","涵江区","Hanjiang District","莆田市","Putian City","福建省","Fujian Province","2006","1.88418437230066","2.55480829560191","-0.67062392330125","1.35592266508526"
"350303","涵江区","Hanjiang District","莆田市","Putian City","福建省","Fujian Province","2007","2.0767389245676","2.68888087802274","-0.61214195345514","1.29476114990361"
"350303","涵江区","Hanjiang District","莆田市","Putian City","福建省","Fujian Province","2008","2.24189103582709","2.70378165990282","-0.46189062407573","1.20602724070634"
"350303","涵江区","Hanjiang District","莆田市","Putian City","福建省","Fujian Province","2009","2.45321555323017","2.78250296624302","-0.32928741301285","1.13422685690186"
"350303","涵江区","Hanjiang District","莆田市","Putian City","福建省","Fujian Province","2010","2.69574367684993","2.49791380446054","0.19782987238939","0.926613990013857"
"350303","涵江区","Hanjiang District","莆田市","Putian City","福建省","Fujian Province","2011","3.09737562605756","2.64812238169992","0.44925324435764","0.854956809055328"
"350303","涵江区","Hanjiang District","莆田市","Putian City","福建省","Fujian Province","2012","3.09605729215069","2.57749712373851","0.51856016841218","0.832509504999515"
"350303","涵江区","Hanjiang District","莆田市","Putian City","福建省","Fujian Province","2013","3.13284804529893","2.7368236402004","0.39602440509853","0.873589654087183"
"350303","涵江区","Hanjiang District","莆田市","Putian City","福建省","Fujian Province","2014","3.11453262273656","2.59766144198848","0.51687118074808","0.83404534697282"
"350303","涵江区","Hanjiang District","莆田市","Putian City","福建省","Fujian Province","2015","2.89228773031379","2.52883477722302","0.36345295309077","0.874337207435673"
"350303","涵江区","Hanjiang District","莆田市","Putian City","福建省","Fujian Province","2016","2.90490433026146","2.46345625652991","0.44144807373155","0.848033524156778"
"350303","涵江区","Hanjiang District","莆田市","Putian City","福建省","Fujian Province","2017","2.90190855510272","2.62492132029407","0.27698723480865","0.904549978212926"
"350304","荔城区","Licheng District","莆田市","Putian City","福建省","Fujian Province","1997","0.973626206199662",,,
"350304","荔城区","Licheng District","莆田市","Putian City","福建省","Fujian Province","1998","0.906033778704954",,,
"350304","荔城区","Licheng District","莆田市","Putian City","福建省","Fujian Province","1999","0.974480949295764",,,
"350304","荔城区","Licheng District","莆田市","Putian City","福建省","Fujian Province","2000","1.02662312968959","0.9347633399007","0.09185978978889","0.910522384376178"
"350304","荔城区","Licheng District","莆田市","Putian City","福建省","Fujian Province","2001","0.997254083405969","1.05118465298826","-0.053930569582291","1.05407906618753"
"350304","荔城区","Licheng District","莆田市","Putian City","福建省","Fujian Province","2002","1.09037357301239","1.09210747812351","-0.00173390511112004","1.00159019363091"
"350304","荔城区","Licheng District","莆田市","Putian City","福建省","Fujian Province","2003","1.24170362322751","1.1470538065099","0.09464981671761","0.923774228449466"
"350304","荔城区","Licheng District","莆田市","Putian City","福建省","Fujian Province","2004","1.352286053622","1.0788886613702","0.2733973922518","0.797825769540753"
"350304","荔城区","Licheng District","莆田市","Putian City","福建省","Fujian Province","2005","1.56214938714782","1.04072440280037","0.52142498434745","0.666213110834764"
"350304","荔城区","Licheng District","莆田市","Putian City","福建省","Fujian Province","2006","1.79350272719502","0.998053863273681","0.795448863921339","0.55648304746913"
"350304","荔城区","Licheng District","莆田市","Putian City","福建省","Fujian Province","2007","1.9969924633638","1.0363863466","0.9606061167638","0.518973589341583"
"350304","荔城区","Licheng District","莆田市","Putian City","福建省","Fujian Province","2008","2.23673536699298","1.03474406832771","1.20199129866527","0.462613540965643"
"350304","荔城区","Licheng District","莆田市","Putian City","福建省","Fujian Province","2009","2.44757390215568","1.05768661050769","1.38988729164799","0.43213674143859"
"350304","荔城区","Licheng District","莆田市","Putian City","福建省","Fujian Province","2010","2.78882840662269","0.955242968393383","1.83358543822931","0.342524827316355"
"350304","荔城区","Licheng District","莆田市","Putian City","福建省","Fujian Province","2011","3.3183132564485","0.993673669741888","2.32463958670661","0.299451436000165"
"350304","荔城区","Licheng District","莆田市","Putian City","福建省","Fujian Province","2012","3.340393563654","0.999606822780489","2.34078674087351","0.299248218430596"
"350304","荔城区","Licheng District","莆田市","Putian City","福建省","Fujian Province","2013","3.38619811540981","1.03527257932001","2.3509255360898","0.305733020938356"
"350304","荔城区","Licheng District","莆田市","Putian City","福建省","Fujian Province","2014","3.99304208715298","0.999086204528058","2.99395588262492","0.25020678037491"
"350304","荔城区","Licheng District","莆田市","Putian City","福建省","Fujian Province","2015","3.59198045790957","0.970654570164647","2.62132588774492","0.270228243593936"
"350304","荔城区","Licheng District","莆田市","Putian City","福建省","Fujian Province","2016","3.62467515165121","0.949350442395725","2.67532470925549","0.26191324813294"
"350304","荔城区","Licheng District","莆田市","Putian City","福建省","Fujian Province","2017","3.62184083217194","1.00530225132919","2.61653858084275","0.277566656822501"
"350305","秀屿区","Xiuyu District","莆田市","Putian City","福建省","Fujian Province","1997","0.816462976788901",,,
"350305","秀屿区","Xiuyu District","莆田市","Putian City","福建省","Fujian Province","1998","0.764272565908251",,,
"350305","秀屿区","Xiuyu District","莆田市","Putian City","福建省","Fujian Province","1999","0.939193989261313",,,
"350305","秀屿区","Xiuyu District","莆田市","Putian City","福建省","Fujian Province","2000","0.982527546757976","3.47070250065539","-2.48817495389741","3.53242258917583"
"350305","秀屿区","Xiuyu District","莆田市","Putian City","福建省","Fujian Province","2001","0.934853480272803","3.83970717317558","-2.90485369290278","4.10728232199029"
"350305","秀屿区","Xiuyu District","莆田市","Putian City","福建省","Fujian Province","2002","1.02955788541296","4.00546259889324","-2.97590471348028","3.89046857456357"
"350305","秀屿区","Xiuyu District","莆田市","Putian City","福建省","Fujian Province","2003","1.19272951142566","3.99622294159161","-2.80349343016595","3.35048550682288"
"350305","秀屿区","Xiuyu District","莆田市","Putian City","福建省","Fujian Province","2004","1.29738555144504","3.74069540525473","-2.44330985380969","2.88325656246773"
"350305","秀屿区","Xiuyu District","莆田市","Putian City","福建省","Fujian Province","2005","1.49602481062577","3.76562994828425","-2.26960513765848","2.51709057332353"
"350305","秀屿区","Xiuyu District","莆田市","Putian City","福建省","Fujian Province","2006","1.64760688802929","3.4794656291418","-1.83185874111251","2.111829984702"
"350305","秀屿区","Xiuyu District","莆田市","Putian City","福建省","Fujian Province","2007","1.79635271822207","3.68716693096419","-1.89081421274212","2.05258515967485"
"350305","秀屿区","Xiuyu District","莆田市","Putian City","福建省","Fujian Province","2008","1.95564830215696","3.76907830807824","-1.81343000592128","1.92727818387446"
"350305","秀屿区","Xiuyu District","莆田市","Putian City","福建省","Fujian Province","2009","2.18580129229946","3.61221981335208","-1.42641852105262","1.6525838035131"
"350305","秀屿区","Xiuyu District","莆田市","Putian City","福建省","Fujian Province","2010","2.51526823002988","3.32844402296116","-0.81317579293128","1.3232958549799"
"350305","秀屿区","Xiuyu District","莆田市","Putian City","福建省","Fujian Province","2011","3.06848378208336","3.4368528756206","-0.36836909353724","1.1200492229055"
"350305","秀屿区","Xiuyu District","莆田市","Putian City","福建省","Fujian Province","2012","3.11472186844608","3.5721095408379","-0.45738767239182","1.1468470353727"
"350305","秀屿区","Xiuyu District","莆田市","Putian City","福建省","Fujian Province","2013","3.19203931450091","3.71893276855623","-0.52689345405532","1.16506483853809"
"350305","秀屿区","Xiuyu District","莆田市","Putian City","福建省","Fujian Province","2014","3.80178732233639","3.44436877441706","0.35741854791933","0.905986706352717"
"350305","秀屿区","Xiuyu District","莆田市","Putian City","福建省","Fujian Province","2015","3.63779113534519","3.44650363418676","0.19128750115843","0.947416579445736"
"350305","秀屿区","Xiuyu District","莆田市","Putian City","福建省","Fujian Province","2016","3.96005074986601","3.53884491684427","0.42120583302174","0.89363625376872"
"350305","秀屿区","Xiuyu District","莆田市","Putian City","福建省","Fujian Province","2017","4.25198574001858","3.53258596190605","0.71939977811253","0.830808515809043"
"350322","仙游县","Xianyou County","莆田市","Putian City","福建省","Fujian Province","1997","1.07434164238039",,,
"350322","仙游县","Xianyou County","莆田市","Putian City","福建省","Fujian Province","1998","1.01878734607493",,,
"350322","仙游县","Xianyou County","莆田市","Putian City","福建省","Fujian Province","1999","1.21015577840003",,,
"350322","仙游县","Xianyou County","莆田市","Putian City","福建省","Fujian Province","2000","1.3108081986936","5.63998317276628","-4.32917497407268","4.30267614925456"
"350322","仙游县","Xianyou County","莆田市","Putian City","福建省","Fujian Province","2001","1.29030580478691","6.50357419298364","-5.21326838819673","5.04033553042698"
"350322","仙游县","Xianyou County","莆田市","Putian City","福建省","Fujian Province","2002","1.38681927288975","6.41544249892286","-5.02862322603311","4.6260119283999"
"350322","仙游县","Xianyou County","莆田市","Putian City","福建省","Fujian Province","2003","1.58508210997535","6.9911339211326","-5.40605181115725","4.41058155734363"
"350322","仙游县","Xianyou County","莆田市","Putian City","福建省","Fujian Province","2004","1.72335869991504","6.48457601501966","-4.76121731510462","3.76275468092588"
"350322","仙游县","Xianyou County","莆田市","Putian City","福建省","Fujian Province","2005","1.98303756469291","6.15325579498144","-4.17021823028853","3.10294464640377"
"350322","仙游县","Xianyou County","莆田市","Putian City","福建省","Fujian Province","2006","2.21546953666121","5.99530747365714","-3.77983793699593","2.70611144700833"
"350322","仙游县","Xianyou County","莆田市","Putian City","福建省","Fujian Province","2007","2.29756020657417","6.16389571730435","-3.86633551073018","2.68280052016359"
"350322","仙游县","Xianyou County","莆田市","Putian City","福建省","Fujian Province","2008","2.5475190843135","6.20187747017634","-3.65435838586284","2.43447733458201"
"350322","仙游县","Xianyou County","莆田市","Putian City","福建省","Fujian Province","2009","2.79036062144154","6.46840289817994","-3.6780422767384","2.31812434868661"
"350322","仙游县","Xianyou County","莆田市","Putian City","福建省","Fujian Province","2010","3.0945721334029","5.83134065010401","-2.73676851670111","1.88437703137062"
"350322","仙游县","Xianyou County","莆田市","Putian City","福建省","Fujian Province","2011","3.68201058647666","6.08711952257866","-2.405108936102","1.65320532888621"
"350322","仙游县","Xianyou County","莆田市","Putian City","福建省","Fujian Province","2012","3.85791136093531","6.10507139894634","-2.24716003801103","1.58248099237465"
"350322","仙游县","Xianyou County","莆田市","Putian City","福建省","Fujian Province","2013","4.08448352309692","6.31175215928437","-2.22726863618745","1.54529994394461"
"350322","仙游县","Xianyou County","莆田市","Putian City","福建省","Fujian Province","2014","4.70694577972486","6.04244416524895","-1.33549838552409","1.28372929029196"
"350322","仙游县","Xianyou County","莆田市","Putian City","福建省","Fujian Province","2015","4.86408677763346","5.87727143705812","-1.01318465942466","1.2082990509305"
"350322","仙游县","Xianyou County","莆田市","Putian City","福建省","Fujian Province","2016","5.03044195461917","5.76421509186614","-0.73377313724697","1.14586653496184"
"350322","仙游县","Xianyou County","莆田市","Putian City","福建省","Fujian Province","2017","4.90979798334349","6.15414636195434","-1.24434837861085","1.25344186926475"
"350402","梅列区","Melie district","三明市","Sanming City","福建省","Fujian Province","1997","0.653537095633079",,,
"350402","梅列区","Melie district","三明市","Sanming City","福建省","Fujian Province","1998","0.614864986325425",,,
"350402","梅列区","Melie district","三明市","Sanming City","福建省","Fujian Province","1999","0.619391308419286",,,
"350402","梅列区","Melie district","三明市","Sanming City","福建省","Fujian Province","2000","0.649618076724558","0.776020493368745","-0.126402416644187","1.19457958633405"
"350402","梅列区","Melie district","三明市","Sanming City","福建省","Fujian Province","2001","0.64769514918777","0.880932619263513","-0.233237470075743","1.36010377778532"
"350402","梅列区","Melie district","三明市","Sanming City","福建省","Fujian Province","2002","0.702088798339127","0.787200765054035","-0.0851119667149081","1.12122678344427"
"350402","梅列区","Melie district","三明市","Sanming City","福建省","Fujian Province","2003","0.817727741057197","0.853095072426707","-0.03536733136951","1.04325074177352"
"350402","梅列区","Melie district","三明市","Sanming City","福建省","Fujian Province","2004","0.89057435110329","0.905911047350817","-0.015336696247527","1.01722112951999"
"350402","梅列区","Melie district","三明市","Sanming City","福建省","Fujian Province","2005","1.02563066706021","0.747408167700552","0.278222499359658","0.728730323404687"
"350402","梅列区","Melie district","三明市","Sanming City","福建省","Fujian Province","2006","1.14377736723095","0.733170173515936","0.410607193715014","0.641007764728654"
"350402","梅列区","Melie district","三明市","Sanming City","福建省","Fujian Province","2007","1.2432218583245","0.817210282106383","0.426011576218117","0.657332620589332"
"350402","梅列区","Melie district","三明市","Sanming City","福建省","Fujian Province","2008","1.31737650049337","0.775084364354298","0.542292136139072","0.588354478817575"
"350402","梅列区","Melie district","三明市","Sanming City","福建省","Fujian Province","2009","1.44155468255306","0.799440466901546","0.642114215651514","0.554568256464403"
"350402","梅列区","Melie district","三明市","Sanming City","福建省","Fujian Province","2010","1.58145014305422","0.727148876561387","0.854301266492833","0.459798799067456"
"350402","梅列区","Melie district","三明市","Sanming City","福建省","Fujian Province","2011","1.82896702491575","0.735131913981898","1.09383511093385","0.401938309421276"
"350402","梅列区","Melie district","三明市","Sanming City","福建省","Fujian Province","2012","1.8294112735589","0.824891141394425","1.00452013216448","0.450905246576784"
"350402","梅列区","Melie district","三明市","Sanming City","福建省","Fujian Province","2013","1.85008459776233","0.797013345572738","1.05307125218959","0.430798324864021"
"350402","梅列区","Melie district","三明市","Sanming City","福建省","Fujian Province","2014","1.7747888904792","0.741485071590452","1.03330381888875","0.417787758064143"
"350402","梅列区","Melie district","三明市","Sanming City","福建省","Fujian Province","2015","1.60760372597667","0.703630436609479","0.903973289367191","0.437688980959534"
"350402","梅列区","Melie district","三明市","Sanming City","福建省","Fujian Province","2016","1.60009827950866","0.698933848686624","0.901164430822036","0.43680682470407"
"350402","梅列区","Melie district","三明市","Sanming City","福建省","Fujian Province","2017","1.58601891392857","0.806581261963811","0.779437651964759","0.508557152049283"
"350403","三元区","Sanyuan District","三明市","Sanming City","福建省","Fujian Province","1997","0.453677855565729",,,
"350403","三元区","Sanyuan District","三明市","Sanming City","福建省","Fujian Province","1998","0.424919525686007",,,
"350403","三元区","Sanyuan District","三明市","Sanming City","福建省","Fujian Province","1999","0.43641323088965",,,
"350403","三元区","Sanyuan District","三明市","Sanming City","福建省","Fujian Province","2000","0.456182204637816","1.82744181951488","-1.37125961487706","4.00594718718975"
"350403","三元区","Sanyuan District","三明市","Sanming City","福建省","Fujian Province","2001","0.439115355381539","2.02540679031091","-1.58629143492937","4.61247088148642"
"350403","三元区","Sanyuan District","三明市","Sanming City","福建省","Fujian Province","2002","0.477292349844081","1.83441383358374","-1.35712148373966","3.84337573016411"
"350403","三元区","Sanyuan District","三明市","Sanming City","福建省","Fujian Province","2003","0.544592123236586","1.9952128299688","-1.45062070673221","3.66368286436274"
"350403","三元区","Sanyuan District","三明市","Sanming City","福建省","Fujian Province","2004","0.592195444534872","2.0855545219856","-1.49335907745073","3.52173347706796"
"350403","三元区","Sanyuan District","三明市","Sanming City","福建省","Fujian Province","2005","0.681188097822352","1.73535604966377","-1.05416795184142","2.54754311652159"
"350403","三元区","Sanyuan District","三明市","Sanming City","福建省","Fujian Province","2006","0.749417654794798","1.74043021284803","-0.991012558053232","2.32237685049545"
"350403","三元区","Sanyuan District","三明市","Sanming City","福建省","Fujian Province","2007","0.781985569199856","1.88811907524756","-1.1061335060477","2.41451907760846"
"350403","三元区","Sanyuan District","三明市","Sanming City","福建省","Fujian Province","2008","0.823050972678312","1.83100926670167","-1.00795829402336","2.2246608381293"
"350403","三元区","Sanyuan District","三明市","Sanming City","福建省","Fujian Province","2009","0.900633177531193","1.87734302955347","-0.976709852022277","2.08447021094606"
"350403","三元区","Sanyuan District","三明市","Sanming City","福建省","Fujian Province","2010","0.9994230162038","1.69014036145479","-0.69071734525099","1.69111610804663"
"350403","三元区","Sanyuan District","三明市","Sanming City","福建省","Fujian Province","2011","1.15199146512813","1.70090051482423","-0.5489090496961","1.47648708025371"
"350403","三元区","Sanyuan District","三明市","Sanming City","福建省","Fujian Province","2012","1.15296178115623","1.9178859971017","-0.76492421594547","1.66344282043623"
"350403","三元区","Sanyuan District","三明市","Sanming City","福建省","Fujian Province","2013","1.16809823521779","1.85543923491096","-0.68734099969317","1.58842739332195"
"350403","三元区","Sanyuan District","三明市","Sanming City","福建省","Fujian Province","2014","1.14119171902136","1.74234154972534","-0.60114983070398","1.52677374071685"
"350403","三元区","Sanyuan District","三明市","Sanming City","福建省","Fujian Province","2015","1.05736013013203","1.66167707494346","-0.60431694481143","1.57153369754539"
"350403","三元区","Sanyuan District","三明市","Sanming City","福建省","Fujian Province","2016","1.06323556801489","1.65620043773927","-0.59296486972438","1.55769848899193"
"350403","三元区","Sanyuan District","三明市","Sanming City","福建省","Fujian Province","2017","1.08250464098845","1.87824891525908","-0.79574427427063","1.73509548517411"
"350421","明溪县","Mingxi County","三明市","Sanming City","福建省","Fujian Province","1997","0.187548120430174",,,
"350421","明溪县","Mingxi County","三明市","Sanming City","福建省","Fujian Province","1998","0.17428861436307",,,
"350421","明溪县","Mingxi County","三明市","Sanming City","福建省","Fujian Province","1999","0.173396849970613",,,
"350421","明溪县","Mingxi County","三明市","Sanming City","福建省","Fujian Province","2000","0.181011149824244","3.73035690488734","-3.5493457550631","20.6084371515755"
"350421","明溪县","Mingxi County","三明市","Sanming City","福建省","Fujian Province","2001","0.173566122048177","4.23848991369364","-4.06492379164546","24.4200300362599"
"350421","明溪县","Mingxi County","三明市","Sanming City","福建省","Fujian Province","2002","0.194388604695332","3.72628326279266","-3.53189465809733","19.1692474393389"
"350421","明溪县","Mingxi County","三明市","Sanming City","福建省","Fujian Province","2003","0.221083133276929","4.08221936927025","-3.86113623599332","18.46463503915"
"350421","明溪县","Mingxi County","三明市","Sanming City","福建省","Fujian Province","2004","0.240284746370082","4.33483076957088","-4.0945460232008","18.0403909738592"
"350421","明溪县","Mingxi County","三明市","Sanming City","福建省","Fujian Province","2005","0.27639373255247","3.59718247136962","-3.32078873881715","13.0147034744601"
"350421","明溪县","Mingxi County","三明市","Sanming City","福建省","Fujian Province","2006","0.302911203524119","3.57752970893073","-3.27461850540661","11.8104898970694"
"350421","明溪县","Mingxi County","三明市","Sanming City","福建省","Fujian Province","2007","0.313695539035071","4.09824153144551","-3.78454599241044","13.0643921301901"
"350421","明溪县","Mingxi County","三明市","Sanming City","福建省","Fujian Province","2008","0.336974514997835","3.75118197930543","-3.41420746430759","11.131945628973"
"350421","明溪县","Mingxi County","三明市","Sanming City","福建省","Fujian Province","2009","0.368738314228507","3.77477369296444","-3.40603537873593","10.2369988344233"
"350421","明溪县","Mingxi County","三明市","Sanming City","福建省","Fujian Province","2010","0.414920231646661","3.49577888070187","-3.08085864905521","8.42518299680989"
"350421","明溪县","Mingxi County","三明市","Sanming City","福建省","Fujian Province","2011","0.48039771941414","3.47868967364404","-2.9982919542299","7.24127016649124"
"350421","明溪县","Mingxi County","三明市","Sanming City","福建省","Fujian Province","2012","0.486692966732859","3.95023065968967","-3.46353769295681","8.11647369019391"
"350421","明溪县","Mingxi County","三明市","Sanming City","福建省","Fujian Province","2013","0.507843932863353","3.85433804936024","-3.34649411649689","7.58961129579417"
"350421","明溪县","Mingxi County","三明市","Sanming City","福建省","Fujian Province","2014","0.478633544270176","3.56516714039027","-3.08653359612009","7.4486361916536"
"350421","明溪县","Mingxi County","三明市","Sanming City","福建省","Fujian Province","2015","0.419613477179091","3.46243995057401","-3.04282647339492","8.25149843577651"
"350421","明溪县","Mingxi County","三明市","Sanming City","福建省","Fujian Province","2016","0.418968640522384","3.3656184224802","-2.94664978195782","8.03310342817982"
"350421","明溪县","Mingxi County","三明市","Sanming City","福建省","Fujian Province","2017","0.415146425343641","3.73282239311015","-3.31767596776651","8.99158023586563"
"350423","清流县","Qingliu County","三明市","Sanming City","福建省","Fujian Province","1997","0.20038311749872",,,
"350423","清流县","Qingliu County","三明市","Sanming City","福建省","Fujian Province","1998","0.187153929907976",,,
"350423","清流县","Qingliu County","三明市","Sanming City","福建省","Fujian Province","1999","0.192676149327184",,,
"350423","清流县","Qingliu County","三明市","Sanming City","福建省","Fujian Province","2000","0.20476429532608","4.3400254923538","-4.13526119702772","21.1952258837043"
"350423","清流县","Qingliu County","三明市","Sanming City","福建省","Fujian Province","2001","0.195753003162191","4.85274912042637","-4.65699611726418","24.7901643501511"
"350423","清流县","Qingliu County","三明市","Sanming City","福建省","Fujian Province","2002","0.209530972255513","4.44983083418378","-4.24029986192827","21.2371029747212"
"350423","清流县","Qingliu County","三明市","Sanming City","福建省","Fujian Province","2003","0.238294035424436","4.81597371684665","-4.57767968142221","20.2102151162479"
"350423","清流县","Qingliu County","三明市","Sanming City","福建省","Fujian Province","2004","0.258990457638132","5.00533094388083","-4.7463404862427","19.3263141411735"
"350423","清流县","Qingliu County","三明市","Sanming City","福建省","Fujian Province","2005","0.297910459833453","4.23423093486383","-3.93632047503038","14.2130992554977"
"350423","清流县","Qingliu County","三明市","Sanming City","福建省","Fujian Province","2006","0.326492265570617","4.27411833701583","-3.94762607144521","13.0910247737289"
"350423","清流县","Qingliu County","三明市","Sanming City","福建省","Fujian Province","2007","0.336032385662178","4.73325434516779","-4.39722195950561","14.0857088397612"
"350423","清流县","Qingliu County","三明市","Sanming City","福建省","Fujian Province","2008","0.369970795536179","4.45920211071309","-4.08923131517691","12.0528489397402"
"350423","清流县","Qingliu County","三明市","Sanming City","福建省","Fujian Province","2009","0.419287507855915","4.46183443686078","-4.04254692900486","10.6414676165216"
"350423","清流县","Qingliu County","三明市","Sanming City","福建省","Fujian Province","2010","0.49141805478438","4.01118213016396","-3.51976407537958","8.16246389629284"
"350423","清流县","Qingliu County","三明市","Sanming City","福建省","Fujian Province","2011","0.618625365094624","4.09962792359238","-3.48100255849776","6.6269961674871"
"350423","清流县","Qingliu County","三明市","Sanming City","福建省","Fujian Province","2012","0.705294746677368","4.53581010696042","-3.83051536028305","6.43108449102811"
"350423","清流县","Qingliu County","三明市","Sanming City","福建省","Fujian Province","2013","0.716586089952456","4.46130081340336","-3.7447147234509","6.22577088218299"
"350423","清流县","Qingliu County","三明市","Sanming City","福建省","Fujian Province","2014","0.675933564137652","4.14130563802875","-3.4653720738911","6.12679390068783"
"350423","清流县","Qingliu County","三明市","Sanming City","福建省","Fujian Province","2015","0.57664753265072","4.15135741378618","-3.57470988113546","7.19912455829528"
"350423","清流县","Qingliu County","三明市","Sanming City","福建省","Fujian Province","2016","0.567017913352822","4.05626532585439","-3.48924741250157","7.15368109248854"
"350423","清流县","Qingliu County","三明市","Sanming City","福建省","Fujian Province","2017","0.554049102855098","4.37330402643978","-3.81925492358468","7.89335097539819"
"350424","宁化县","Ninghua County","三明市","Sanming City","福建省","Fujian Province","1997","0.141577875827527",,,
"350424","宁化县","Ninghua County","三明市","Sanming City","福建省","Fujian Province","1998","0.133143878799643",,,
"350424","宁化县","Ninghua County","三明市","Sanming City","福建省","Fujian Province","1999","0.136240382119767",,,
"350424","宁化县","Ninghua County","三明市","Sanming City","福建省","Fujian Province","2000","0.144589660054763","5.25720564396816","-5.1126159839134","36.3594854706554"
"350424","宁化县","Ninghua County","三明市","Sanming City","福建省","Fujian Province","2001","0.142365820481594","5.98130829217626","-5.83894247169467","42.0136537825072"
"350424","宁化县","Ninghua County","三明市","Sanming City","福建省","Fujian Province","2002","0.158194652966119","5.48678985078277","-5.32859519781665","34.6837882817562"
"350424","宁化县","Ninghua County","三明市","Sanming City","福建省","Fujian Province","2003","0.180084805397093","5.90767602290758","-5.72759121751049","32.8049665816111"
"350424","宁化县","Ninghua County","三明市","Sanming City","福建省","Fujian Province","2004","0.196942244651428","6.13079110886212","-5.93384886421069","31.129893536621"
"350424","宁化县","Ninghua County","三明市","Sanming City","福建省","Fujian Province","2005","0.227412564758361","5.25853439494738","-5.03112183018902","23.1233239048813"
"350424","宁化县","Ninghua County","三明市","Sanming City","福建省","Fujian Province","2006","0.250956180641185","5.26082026559798","-5.00986408495679","20.9631030092853"
"350424","宁化县","Ninghua County","三明市","Sanming City","福建省","Fujian Province","2007","0.283521202363365","5.88948380308034","-5.60596260071698","20.7726397672802"
"350424","宁化县","Ninghua County","三明市","Sanming City","福建省","Fujian Province","2008","0.312845984854172","5.48221128674923","-5.16936530189506","17.5236747542235"
"350424","宁化县","Ninghua County","三明市","Sanming City","福建省","Fujian Province","2009","0.358357676251449","5.4945130557149","-5.13615537946345","15.3324832139484"
"350424","宁化县","Ninghua County","三明市","Sanming City","福建省","Fujian Province","2010","0.470374964277241","5.10920591675124","-4.638830952474","10.8619852346985"
"350424","宁化县","Ninghua County","三明市","Sanming City","福建省","Fujian Province","2011","0.643551661856679","5.13397150680465","-4.49041984494797","7.97755924053227"
"350424","宁化县","Ninghua County","三明市","Sanming City","福建省","Fujian Province","2012","0.731877628067774","5.61857681504414","-4.88669918697637","7.67693477648403"
"350424","宁化县","Ninghua County","三明市","Sanming City","福建省","Fujian Province","2013","0.836398369158394","5.6693048145645","-4.83290644540611","6.77823513724579"
"350424","宁化县","Ninghua County","三明市","Sanming City","福建省","Fujian Province","2014","0.778419773163805","5.17055084448539","-4.39213107132158","6.64236832457407"
"350424","宁化县","Ninghua County","三明市","Sanming City","福建省","Fujian Province","2015","0.679500142344032","5.27212077231626","-4.59262062997223","7.75882217497311"
"350424","宁化县","Ninghua County","三明市","Sanming City","福建省","Fujian Province","2016","0.675551215794985","5.1120363851618","-4.43648516936682","7.56720773442171"
"350424","宁化县","Ninghua County","三明市","Sanming City","福建省","Fujian Province","2017","0.657499560417497","5.57569749565134","-4.91819793523384","8.48015395190668"
"350425","大田县","Datian County","三明市","Sanming City","福建省","Fujian Province","1997","0.468084484928382",,,
"350425","大田县","Datian County","三明市","Sanming City","福建省","Fujian Province","1998","0.43996951745552",,,
"350425","大田县","Datian County","三明市","Sanming City","福建省","Fujian Province","1999","0.496588013729856",,,
"350425","大田县","Datian County","三明市","Sanming City","福建省","Fujian Province","2000","0.531948648238542","5.30314866660184","-4.7712000183633","9.96928685534275"
"350425","大田县","Datian County","三明市","Sanming City","福建省","Fujian Province","2001","0.516191655918246","6.29482541236244","-5.77863375644419","12.194744607339"
"350425","大田县","Datian County","三明市","Sanming City","福建省","Fujian Province","2002","0.559775165009295","5.80373990760496","-5.24396474259567","10.3679839163793"
"350425","大田县","Datian County","三明市","Sanming City","福建省","Fujian Province","2003","0.650236278694865","6.26840142504857","-5.6181651463537","9.64019023612512"
"350425","大田县","Datian County","三明市","Sanming City","福建省","Fujian Province","2004","0.710969107139324","6.31467406672667","-5.60370495958735","8.88178403719196"
"350425","大田县","Datian County","三明市","Sanming City","福建省","Fujian Province","2005","0.8186852331301","5.48554771876269","-4.66686248563259","6.70043564580939"
"350425","大田县","Datian County","三明市","Sanming City","福建省","Fujian Province","2006","0.930780945006074","5.52841430510853","-4.59763336010246","5.9395439225203"
"350425","大田县","Datian County","三明市","Sanming City","福建省","Fujian Province","2007","1.05277085024075","5.7359369092161","-4.68316605897535","5.44841919578643"
"350425","大田县","Datian County","三明市","Sanming City","福建省","Fujian Province","2008","1.16105662144297","5.76046206470848","-4.59940544326551","4.96139633358219"
"350425","大田县","Datian County","三明市","Sanming City","福建省","Fujian Province","2009","1.27388481261929","5.87655658570352","-4.60267177308423","4.61309886693796"
"350425","大田县","Datian County","三明市","Sanming City","福建省","Fujian Province","2010","1.41607620824517","5.48800264063441","-4.07192643238924","3.8754995025552"
"350425","大田县","Datian County","三明市","Sanming City","福建省","Fujian Province","2011","1.68875660562919","5.38827851775027","-3.69952191212108","3.19067798153348"
"350425","大田县","Datian County","三明市","Sanming City","福建省","Fujian Province","2012","1.73439161241872","5.96969645869147","-4.23530484627275","3.44195417917546"
"350425","大田县","Datian County","三明市","Sanming City","福建省","Fujian Province","2013","1.80404694393857","6.00785041394492","-4.20380347000635","3.33020736191524"
"350425","大田县","Datian County","三明市","Sanming City","福建省","Fujian Province","2014","1.76396893656124","5.54934295219675","-3.78537401563551","3.14594142627868"
"350425","大田县","Datian County","三明市","Sanming City","福建省","Fujian Province","2015","1.55955947648811","5.44828513428839","-3.88872565780028","3.49347698271636"
"350425","大田县","Datian County","三明市","Sanming City","福建省","Fujian Province","2016","1.6005592628615","5.38765037957592","-3.78709111671442","3.36610490132294"
"350425","大田县","Datian County","三明市","Sanming City","福建省","Fujian Province","2017","1.54914092674082","6.02229863929162","-4.4731577125508","3.88750857674499"
"350426","尤溪县","Youxi County","三明市","Sanming City","福建省","Fujian Province","1997","0.401290112428809",,,
"350426","尤溪县","Youxi County","三明市","Sanming City","福建省","Fujian Province","1998","0.375157456125521",,,
"350426","尤溪县","Youxi County","三明市","Sanming City","福建省","Fujian Province","1999","0.392246108727324",,,
"350426","尤溪县","Youxi County","三明市","Sanming City","福建省","Fujian Province","2000","0.414157408749953","8.20571433000883","-7.79155692125888","19.8130328146877"
"350426","尤溪县","Youxi County","三明市","Sanming City","福建省","Fujian Province","2001","0.433915305120442","9.47958185492287","-9.04566654980243","21.8466178608095"
"350426","尤溪县","Youxi County","三明市","Sanming City","福建省","Fujian Province","2002","0.584150683520806","8.76489040355428","-8.18073972003347","15.0045025210385"
"350426","尤溪县","Youxi County","三明市","Sanming City","福建省","Fujian Province","2003","0.673044222191156","9.28032819757144","-8.60728397538028","13.7885860863028"
"350426","尤溪县","Youxi County","三明市","Sanming City","福建省","Fujian Province","2004","0.73149976584816","9.45300602670478","-8.72150626085662","12.9227738244649"
"350426","尤溪县","Youxi County","三明市","Sanming City","福建省","Fujian Province","2005","0.841426489605936","8.12692230846445","-7.28549581885851","9.65850541771096"
"350426","尤溪县","Youxi County","三明市","Sanming City","福建省","Fujian Province","2006","0.925604614312941","7.95800277241708","-7.03239815810414","8.59762651283254"
"350426","尤溪县","Youxi County","三明市","Sanming City","福建省","Fujian Province","2007","0.984388749601623","8.50290872616431","-7.51851997656269","8.63775488048334"
"350426","尤溪县","Youxi County","三明市","Sanming City","福建省","Fujian Province","2008","1.04495095929867","8.47840027615791","-7.43344931685924","8.11368246587216"
"350426","尤溪县","Youxi County","三明市","Sanming City","福建省","Fujian Province","2009","1.14502950207799","8.7378632340712","-7.59283373199321","7.63112497818947"
"350426","尤溪县","Youxi County","三明市","Sanming City","福建省","Fujian Province","2010","1.27323075856729","8.0150775487381","-6.74184679017081","6.29507062628389"
"350426","尤溪县","Youxi County","三明市","Sanming City","福建省","Fujian Province","2011","1.4930285253726","7.92024677615941","-6.42721825078681","5.30481946028649"
"350426","尤溪县","Youxi County","三明市","Sanming City","福建省","Fujian Province","2012","1.54265551047516","8.60277514415711","-7.06011963368195","5.57660157160255"
"350426","尤溪县","Youxi County","三明市","Sanming City","福建省","Fujian Province","2013","1.6213260694455","8.60561660059904","-6.98429053115354","5.30776428182777"
"350426","尤溪县","Youxi County","三明市","Sanming City","福建省","Fujian Province","2014","1.54344891937175","8.18795744922788","-6.64450852985613","5.30497468783141"
"350426","尤溪县","Youxi County","三明市","Sanming City","福建省","Fujian Province","2015","1.35779553652866","7.9433021894393","-6.58550665291064","5.8501460461029"
"350426","尤溪县","Youxi County","三明市","Sanming City","福建省","Fujian Province","2016","1.36155148515303","7.71818443708073","-6.3566329519277","5.66866880998867"
"350426","尤溪县","Youxi County","三明市","Sanming City","福建省","Fujian Province","2017","1.32430485131219","8.52563767288385","-7.20133282157166","6.43782106849205"
"350427","沙县","Sha County","三明市","Sanming City","福建省","Fujian Province","1997","0.595648639466783",,,
"350427","沙县","Sha County","三明市","Sanming City","福建省","Fujian Province","1998","0.570564607326455",,,
"350427","沙县","Sha County","三明市","Sanming City","福建省","Fujian Province","1999","0.62499983186847",,,
"350427","沙县","Sha County","三明市","Sanming City","福建省","Fujian Province","2000","0.669595081146615","3.76201953247071","-3.0924244513241","5.61835001241142"
"350427","沙县","Sha County","三明市","Sanming City","福建省","Fujian Province","2001","0.682593264273356","4.25022951924909","-3.56763625497573","6.22659164938231"
"350427","沙县","Sha County","三明市","Sanming City","福建省","Fujian Province","2002","0.75564107385684","3.85065478251971","-3.09501370866287","5.09587807722749"
"350427","沙县","Sha County","三明市","Sanming City","福建省","Fujian Province","2003","0.887131053782106","4.17077901929486","-3.28364796551275","4.70142376542178"
"350427","沙县","Sha County","三明市","Sanming City","福建省","Fujian Province","2004","0.964180564548302","4.37690864747708","-3.41272808292878","4.53951138242199"
"350427","沙县","Sha County","三明市","Sanming City","福建省","Fujian Province","2005","1.11082291247353","3.62324662422496","-2.51242371175143","3.26176799518555"
"350427","沙县","Sha County","三明市","Sanming City","福建省","Fujian Province","2006","1.26149096151184","3.58499497155523","-2.32350401004339","2.8418713101668"
"350427","沙县","Sha County","三明市","Sanming City","福建省","Fujian Province","2007","1.32061707251492","3.99386167313306","-2.67324460061814","3.02423901390835"
"350427","沙县","Sha County","三明市","Sanming City","福建省","Fujian Province","2008","1.43946273848525","3.77039292861417","-2.33093019012892","2.61930568107776"
"350427","沙县","Sha County","三明市","Sanming City","福建省","Fujian Province","2009","1.5753746460399","3.93161827817451","-2.35624363213461","2.49567192671129"
"350427","沙县","Sha County","三明市","Sanming City","福建省","Fujian Province","2010","1.75028999865268","3.58915963909149","-1.83886964043881","2.05060855164248"
"350427","沙县","Sha County","三明市","Sanming City","福建省","Fujian Province","2011","2.03489222657499","3.56860293316318","-1.53371070658819","1.75370611109446"
"350427","沙县","Sha County","三明市","Sanming City","福建省","Fujian Province","2012","2.04263991790322","4.01178166656557","-1.96914174866235","1.96401804909584"
"350427","沙县","Sha County","三明市","Sanming City","福建省","Fujian Province","2013","2.06540356254054","3.87569628552297","-1.81029272298243","1.87648378061074"
"350427","沙县","Sha County","三明市","Sanming City","福建省","Fujian Province","2014","2.04174759678308","3.70614006997404","-1.66439247319096","1.81518032680108"
"350427","沙县","Sha County","三明市","Sanming City","福建省","Fujian Province","2015","1.8130682043477","3.49243037080505","-1.67936216645735","1.92625427020907"
"350427","沙县","Sha County","三明市","Sanming City","福建省","Fujian Province","2016","1.85488560760908","3.414780087753","-1.55989448014392","1.84096532624165"
"350427","沙县","Sha County","三明市","Sanming City","福建省","Fujian Province","2017","1.81140863766493","3.90323970631442","-2.09183106864949","2.15480903930438"
"350428","将乐县","Jiangle County","三明市","Sanming City","福建省","Fujian Province","1997","0.228541529434814",,,
"350428","将乐县","Jiangle County","三明市","Sanming City","福建省","Fujian Province","1998","0.215190608123762",,,
"350428","将乐县","Jiangle County","三明市","Sanming City","福建省","Fujian Province","1999","0.235791673342788",,,
"350428","将乐县","Jiangle County","三明市","Sanming City","福建省","Fujian Province","2000","0.248129012242251","4.82325281405633","-4.57512380181408","19.4384879481458"
"350428","将乐县","Jiangle County","三明市","Sanming City","福建省","Fujian Province","2001","0.235735611836405","5.50652981128978","-5.27079419945338","23.3589221772363"
"350428","将乐县","Jiangle County","三明市","Sanming City","福建省","Fujian Province","2002","0.251757249272929","4.75934293346751","-4.50758568419458","18.9044921137819"
"350428","将乐县","Jiangle County","三明市","Sanming City","福建省","Fujian Province","2003","0.323089211858499","5.13696914479971","-4.81387993294121","15.8995378250188"
"350428","将乐县","Jiangle County","三明市","Sanming City","福建省","Fujian Province","2004","0.352975250838582","5.48164662248586","-5.12867137164728","15.5298327842046"
"350428","将乐县","Jiangle County","三明市","Sanming City","福建省","Fujian Province","2005","0.413715935118095","4.60744928371015","-4.19373334859206","11.1367459955222"
"350428","将乐县","Jiangle County","三明市","Sanming City","福建省","Fujian Province","2006","0.459543135979312","4.52970695319814","-4.07016381721883","9.85697880906236"
"350428","将乐县","Jiangle County","三明市","Sanming City","福建省","Fujian Province","2007","0.49885624133872","5.25411248940957","-4.75525624807085","10.532317838321"
"350428","将乐县","Jiangle County","三明市","Sanming City","福建省","Fujian Province","2008","0.538458053035097","4.79925976268909","-4.26080170965399","8.91296868091649"
"350428","将乐县","Jiangle County","三明市","Sanming City","福建省","Fujian Province","2009","0.593050360950132","4.87881058672055","-4.28576022577042","8.22663791807522"
"350428","将乐县","Jiangle County","三明市","Sanming City","福建省","Fujian Province","2010","0.666199488878976","4.46959523619378","-3.8033957473148","6.7090943640843"
"350428","将乐县","Jiangle County","三明市","Sanming City","福建省","Fujian Province","2011","0.799341016619519","4.40751420387498","-3.60817318725546","5.51393474404045"
"350428","将乐县","Jiangle County","三明市","Sanming City","福建省","Fujian Province","2012","0.836795170576717","4.99005728761636","-4.15326211703964","5.96329599294559"
"350428","将乐县","Jiangle County","三明市","Sanming City","福建省","Fujian Province","2013","0.871855941047502","4.92174709798115","-4.04989115693365","5.64513799386153"
"350428","将乐县","Jiangle County","三明市","Sanming City","福建省","Fujian Province","2014","0.810510293945472","4.58501740385207","-3.7745071099066","5.65695147625174"
"350428","将乐县","Jiangle County","三明市","Sanming City","福建省","Fujian Province","2015","0.712396469561109","4.4148225294529","-3.70242605989179","6.19714262785829"
"350428","将乐县","Jiangle County","三明市","Sanming City","福建省","Fujian Province","2016","0.709145098796802","4.26755038174412","-3.55840528294732","6.01788038722233"
"350428","将乐县","Jiangle County","三明市","Sanming City","福建省","Fujian Province","2017","0.689108432604218","4.79500635278345","-4.10589792017923","6.95827554259144"
"350429","泰宁县","Taining County","三明市","Sanming City","福建省","Fujian Province","1997","0.129659664263878",,,
"350429","泰宁县","Taining County","三明市","Sanming City","福建省","Fujian Province","1998","0.13775597305159",,,
"350429","泰宁县","Taining County","三明市","Sanming City","福建省","Fujian Province","1999","0.162179803072245",,,
"350429","泰宁县","Taining County","三明市","Sanming City","福建省","Fujian Province","2000","0.171753513628657","3.27759310083684","-3.10583958720818","19.0831211053022"
"350429","泰宁县","Taining County","三明市","Sanming City","福建省","Fujian Province","2001","0.164090474905733","3.79150281267119","-3.62741233776546","23.1061724627791"
"350429","泰宁县","Taining County","三明市","Sanming City","福建省","Fujian Province","2002","0.187740736010375","3.3134123941356","-3.12567165812523","17.6488729326836"
"350429","泰宁县","Taining County","三明市","Sanming City","福建省","Fujian Province","2003","0.230178325468701","3.58728990282752","-3.35711157735882","15.5848292645404"
"350429","泰宁县","Taining County","三明市","Sanming City","福建省","Fujian Province","2004","0.251538588921592","3.77544313386505","-3.52390454494346","15.0093993532019"
"350429","泰宁县","Taining County","三明市","Sanming City","福建省","Fujian Province","2005","0.290563284664337","3.22112419477206","-2.93056091010772","11.0857922001162"
"350429","泰宁县","Taining County","三明市","Sanming City","福建省","Fujian Province","2006","0.321124218925886","3.19119799771985","-2.87007377879396","9.93758119021339"
"350429","泰宁县","Taining County","三明市","Sanming City","福建省","Fujian Province","2007","0.366794534087229","3.65051519841402","-3.28372066432679","9.95247981952172"
"350429","泰宁县","Taining County","三明市","Sanming City","福建省","Fujian Province","2008","0.388324976585633","3.32994351247948","-2.94161853589385","8.57514636776181"
"350429","泰宁县","Taining County","三明市","Sanming City","福建省","Fujian Province","2009","0.42628315518828","3.40170770097609","-2.97542454578781","7.97992522006559"
"350429","泰宁县","Taining County","三明市","Sanming City","福建省","Fujian Province","2010","0.477554371626735","3.13928589062723","-2.66173151900049","6.57367218717653"
"350429","泰宁县","Taining County","三明市","Sanming City","福建省","Fujian Province","2011","0.56622349121985","3.1317129183216","-2.56548942710175","5.53087776625932"
"350429","泰宁县","Taining County","三明市","Sanming City","福建省","Fujian Province","2012","0.57973305159928","3.39087341226039","-2.81114036066111","5.84902551770364"
"350429","泰宁县","Taining County","三明市","Sanming City","福建省","Fujian Province","2013","0.599633292350479","3.51909880553915","-2.91946551318867","5.86875153603425"
"350429","泰宁县","Taining County","三明市","Sanming City","福建省","Fujian Province","2014","0.568562677664672","3.26420587865209","-2.69564320098742","5.74115397806196"
"350429","泰宁县","Taining County","三明市","Sanming City","福建省","Fujian Province","2015","0.500638896810545","3.22888411336532","-2.72824521655478","6.44952706219152"
"350429","泰宁县","Taining County","三明市","Sanming City","福建省","Fujian Province","2016","0.498428804603229","3.07118767137646","-2.57275886677323","6.16173793130046"
"350429","泰宁县","Taining County","三明市","Sanming City","福建省","Fujian Province","2017","0.489122497350062","3.41481850308213","-2.92569600573207","6.98152001100486"
"350430","建宁县","Jianning County","三明市","Sanming City","福建省","Fujian Province","1997","0.0901069181955027",,,
"350430","建宁县","Jianning County","三明市","Sanming City","福建省","Fujian Province","1998","0.0844741473514599",,,
"350430","建宁县","Jianning County","三明市","Sanming City","福建省","Fujian Province","1999","0.100369200892693",,,
"350430","建宁县","Jianning County","三明市","Sanming City","福建省","Fujian Province","2000","0.107193682264694","3.59763753885406","-3.49044385658937","33.5620296163573"
"350430","建宁县","Jianning County","三明市","Sanming City","福建省","Fujian Province","2001","0.104232118566881","4.23420448506071","-4.12997236649383","40.6228381738573"
"350430","建宁县","Jianning County","三明市","Sanming City","福建省","Fujian Province","2002","0.112398224247523","3.85161482123039","-3.73921659698287","34.2675771527171"
"350430","建宁县","Jianning County","三明市","Sanming City","福建省","Fujian Province","2003","0.127752468785972","4.03019889558221","-3.90244642679624","31.5469355221161"
"350430","建宁县","Jianning County","三明市","Sanming City","福建省","Fujian Province","2004","0.139152242359889","4.22058103136798","-4.08142878900809","30.3306720739167"
"350430","建宁县","Jianning County","三明市","Sanming City","福建省","Fujian Province","2005","0.163212248399654","3.68183381443159","-3.51862156603194","22.558563162588"
"350430","建宁县","Jianning County","三明市","Sanming City","福建省","Fujian Province","2006","0.179254414743703","3.6173018047641","-3.4380473900204","20.1797083209142"
"350430","建宁县","Jianning County","三明市","Sanming City","福建省","Fujian Province","2007","0.190842882585983","4.08146772382072","-3.89062484123474","21.3865336161114"
"350430","建宁县","Jianning County","三明市","Sanming City","福建省","Fujian Province","2008","0.215506957266058","3.71949344112509","-3.50398648385903","17.2592731497439"
"350430","建宁县","Jianning County","三明市","Sanming City","福建省","Fujian Province","2009","0.243719326417862","3.76138664215337","-3.51766731573551","15.4332719421044"
"350430","建宁县","Jianning County","三明市","Sanming City","福建省","Fujian Province","2010","0.277521228923572","3.57883200660713","-3.30131077768356","12.8957053861733"
"350430","建宁县","Jianning County","三明市","Sanming City","福建省","Fujian Province","2011","0.345002607456617","3.64514945310658","-3.30014684564996","10.5655707357659"
"350430","建宁县","Jianning County","三明市","Sanming City","福建省","Fujian Province","2012","0.349253814012249","3.85079889181779","-3.50154507780554","11.0257890889711"
"350430","建宁县","Jianning County","三明市","Sanming City","福建省","Fujian Province","2013","0.355433563372268","4.10006950224291","-3.74463593887064","11.5354033067177"
"350430","建宁县","Jianning County","三明市","Sanming City","福建省","Fujian Province","2014","0.357790288895916","3.78973799747218","-3.43194770857626","10.5920650031243"
"350430","建宁县","Jianning County","三明市","Sanming City","福建省","Fujian Province","2015","0.306813481084717","3.75550938378952","-3.4486959027048","12.2403662658896"
"350430","建宁县","Jianning County","三明市","Sanming City","福建省","Fujian Province","2016","0.308792069512522","3.60422947010018","-3.29543740058766","11.6720273153065"
"350430","建宁县","Jianning County","三明市","Sanming City","福建省","Fujian Province","2017","0.301668318852552","3.99070890803181","-3.68904058917926","13.2287968561338"
"350481","永安市","Yong'an City","三明市","Sanming City","福建省","Fujian Province","1997","1.0520768515472",,,
"350481","永安市","Yong'an City","三明市","Sanming City","福建省","Fujian Province","1998","1.00143130717945",,,
"350481","永安市","Yong'an City","三明市","Sanming City","福建省","Fujian Province","1999","1.01806385026547",,,
"350481","永安市","Yong'an City","三明市","Sanming City","福建省","Fujian Province","2000","1.07425123169583","6.90027841429363","-5.8260271825978","6.42333767995848"
"350481","永安市","Yong'an City","三明市","Sanming City","福建省","Fujian Province","2001","1.02556546816083","7.79026676599798","-6.76470129783715","7.59606968823594"
"350481","永安市","Yong'an City","三明市","Sanming City","福建省","Fujian Province","2002","1.09825252849086","7.07125422561294","-5.97300169712208","6.43864142551053"
"350481","永安市","Yong'an City","三明市","Sanming City","福建省","Fujian Province","2003","1.27542579735393","7.66840271915023","-6.3929769217963","6.01242560332363"
"350481","永安市","Yong'an City","三明市","Sanming City","福建省","Fujian Province","2004","1.38619966022993","7.92887228852458","-6.54267262829465","5.71986310197869"
"350481","永安市","Yong'an City","三明市","Sanming City","福建省","Fujian Province","2005","1.59468687718248","6.68592833283297","-5.09124145565049","4.19262767412107"
"350481","永安市","Yong'an City","三明市","Sanming City","福建省","Fujian Province","2006","1.74979149023078","6.77630547649368","-5.0265139862629","3.87263597652995"
"350481","永安市","Yong'an City","三明市","Sanming City","福建省","Fujian Province","2007","1.83632391744952","7.20880721268753","-5.37248329523801","3.92567299493647"
"350481","永安市","Yong'an City","三明市","Sanming City","福建省","Fujian Province","2008","1.97812701827371","7.06187224689422","-5.08374522862051","3.56997916799955"
"350481","永安市","Yong'an City","三明市","Sanming City","福建省","Fujian Province","2009","2.16819934094706","7.15133655494407","-4.98313721399701","3.29828370477246"
"350481","永安市","Yong'an City","三明市","Sanming City","福建省","Fujian Province","2010","2.41153817211821","6.53071490060392","-4.11917672848571","2.70811176705014"
"350481","永安市","Yong'an City","三明市","Sanming City","福建省","Fujian Province","2011","2.79995958514668","6.50555252712418","-3.7055929419775","2.32344515314973"
"350481","永安市","Yong'an City","三明市","Sanming City","福建省","Fujian Province","2012","2.86105330879508","7.28541725645893","-4.42436394766385","2.54641087394738"
"350481","永安市","Yong'an City","三明市","Sanming City","福建省","Fujian Province","2013","2.92925295509695","7.15079996976186","-4.22154701466491","2.44116847516338"
"350481","永安市","Yong'an City","三明市","Sanming City","福建省","Fujian Province","2014","2.8199591774611","6.60966398313476","-3.78970480567366","2.34388640657049"
"350481","永安市","Yong'an City","三明市","Sanming City","福建省","Fujian Province","2015","2.47195429468726","6.42580218545552","-3.95384789076826","2.5994826034065"
"350481","永安市","Yong'an City","三明市","Sanming City","福建省","Fujian Province","2016","2.48286486093443","6.49499053949219","-4.01212567855776","2.61592591754985"
"350481","永安市","Yong'an City","三明市","Sanming City","福建省","Fujian Province","2017","2.44078612281764","7.12290851328697","-4.68212239046933","2.91828458327364"
"350502","鲤城区","Licheng District","泉州市","Quanzhou City","福建省","Fujian Province","1997","0.526758757241733",,,
"350502","鲤城区","Licheng District","泉州市","Quanzhou City","福建省","Fujian Province","1998","0.488881990706437",,,
"350502","鲤城区","Licheng District","泉州市","Quanzhou City","福建省","Fujian Province","1999","0.523812721306104",,,
"350502","鲤城区","Licheng District","泉州市","Quanzhou City","福建省","Fujian Province","2000","0.54851494458854","0.120540169099275","0.427974775489265","0.219757310695876"
"350502","鲤城区","Licheng District","泉州市","Quanzhou City","福建省","Fujian Province","2001","0.555943151247522","0.149071415534922","0.4068717357126","0.2681414730992"
"350502","鲤城区","Licheng District","泉州市","Quanzhou City","福建省","Fujian Province","2002","0.593630051830838","0.146393829362726","0.447236222468112","0.246607847616924"
"350502","鲤城区","Licheng District","泉州市","Quanzhou City","福建省","Fujian Province","2003","0.676402447000426","0.153823369465164","0.522579077535262","0.227413975433278"
"350502","鲤城区","Licheng District","泉州市","Quanzhou City","福建省","Fujian Province","2004","0.735605897589927","0.134819860079135","0.600786037510792","0.18327729633605"
"350502","鲤城区","Licheng District","泉州市","Quanzhou City","福建省","Fujian Province","2005","0.846849404611712","0.133784829838082","0.71306457477363","0.15797948148694"
"350502","鲤城区","Licheng District","泉州市","Quanzhou City","福建省","Fujian Province","2006","0.959538337745706","0.128379127925871","0.831159209819835","0.13379259887362"
"350502","鲤城区","Licheng District","泉州市","Quanzhou City","福建省","Fujian Province","2007","0.993401863152911","0.125086552280624","0.868315310872287","0.125917372334714"
"350502","鲤城区","Licheng District","泉州市","Quanzhou City","福建省","Fujian Province","2008","1.04556963955877","0.129535317124557","0.916034322434213","0.123889707795285"
"350502","鲤城区","Licheng District","泉州市","Quanzhou City","福建省","Fujian Province","2009","1.14412683790608","0.134508060762027","1.00961877714405","0.117563941606506"
"350502","鲤城区","Licheng District","泉州市","Quanzhou City","福建省","Fujian Province","2010","1.25515845730822","0.124301019917261","1.13085743739096","0.0990321335075364"
"350502","鲤城区","Licheng District","泉州市","Quanzhou City","福建省","Fujian Province","2011","1.43609459754109","0.126368497565492","1.3097260999756","0.0879945497893124"
"350502","鲤城区","Licheng District","泉州市","Quanzhou City","福建省","Fujian Province","2012","1.43377881541871","0.127663075937429","1.30611573948128","0.0890395886482304"
"350502","鲤城区","Licheng District","泉州市","Quanzhou City","福建省","Fujian Province","2013","1.44975717320788","0.127795146321177","1.3219620268867","0.0881493457545062"
"350502","鲤城区","Licheng District","泉州市","Quanzhou City","福建省","Fujian Province","2014","1.38512484245299","0.124717617020993","1.260407225432","0.0900407047787289"
"350502","鲤城区","Licheng District","泉州市","Quanzhou City","福建省","Fujian Province","2015","1.23093485510441","0.126226090541284","1.10470876456313","0.102544899121065"
"350502","鲤城区","Licheng District","泉州市","Quanzhou City","福建省","Fujian Province","2016","1.22434308370518","0.120397762845053","1.10394532086013","0.0983366218565944"
"350502","鲤城区","Licheng District","泉州市","Quanzhou City","福建省","Fujian Province","2017","1.19790746932884","0.125981760470447","1.07192570885839","0.105168190111572"
"350503","丰泽区","Fengze District","泉州市","Quanzhou City","福建省","Fujian Province","1997","1.20242967435016",,,
"350503","丰泽区","Fengze District","泉州市","Quanzhou City","福建省","Fujian Province","1998","1.14525582529939",,,
"350503","丰泽区","Fengze District","泉州市","Quanzhou City","福建省","Fujian Province","1999","1.23200565100414",,,
"350503","丰泽区","Fengze District","泉州市","Quanzhou City","福建省","Fujian Province","2000","1.29070938326897","0.341151794797946","0.949557588471024","0.264313407200863"
"350503","丰泽区","Fengze District","泉州市","Quanzhou City","福建省","Fujian Province","2001","1.22617185156671","0.384381794994679","0.841790056572031","0.313481176805311"
"350503","丰泽区","Fengze District","泉州市","Quanzhou City","福建省","Fujian Province","2002","1.31664732565965","0.387816422447246","0.928830903212404","0.294548445046168"
"350503","丰泽区","Fengze District","泉州市","Quanzhou City","福建省","Fujian Province","2003","1.50308545421568","0.420917823675107","1.08216763054057","0.280035857239231"
"350503","丰泽区","Fengze District","泉州市","Quanzhou City","福建省","Fujian Province","2004","1.63636953857094","0.381843585366675","1.25452595320426","0.233348016060079"
"350503","丰泽区","Fengze District","泉州市","Quanzhou City","福建省","Fujian Province","2005","1.88769922023652","0.366232009065242","1.52146721117128","0.194009726305526"
"350503","丰泽区","Fengze District","泉州市","Quanzhou City","福建省","Fujian Province","2006","2.08721156504246","0.358311990371116","1.72889957467134","0.171670182540325"
"350503","丰泽区","Fengze District","泉州市","Quanzhou City","福建省","Fujian Province","2007","2.15805288378031","0.360127416607671","1.79792546717264","0.16687608506462"
"350503","丰泽区","Fengze District","泉州市","Quanzhou City","福建省","Fujian Province","2008","2.27591845013226","0.369665695344515","1.90625275478774","0.162424842297417"
"350503","丰泽区","Fengze District","泉州市","Quanzhou City","福建省","Fujian Province","2009","2.49045045032179","0.37357911792624","2.11687133239555","0.150004637867005"
"350503","丰泽区","Fengze District","泉州市","Quanzhou City","福建省","Fujian Province","2010","2.73213584513875","0.351316389637535","2.38081945550122","0.128586720994356"
"350503","丰泽区","Fengze District","泉州市","Quanzhou City","福建省","Fujian Province","2011","3.14014688527427","0.361014659347356","2.77913222592691","0.114967443414936"
"350503","丰泽区","Fengze District","泉州市","Quanzhou City","福建省","Fujian Province","2012","3.13649720745737","0.36231458625875","2.77418262119862","0.115515673151982"
"350503","丰泽区","Fengze District","泉州市","Quanzhou City","福建省","Fujian Province","2013","3.17145104695239","0.378135562960704","2.79331548399169","0.119231089290839"
"350503","丰泽区","Fengze District","泉州市","Quanzhou City","福建省","Fujian Province","2014","2.97927608610347","0.364820323624308","2.61445576247916","0.122452674099583"
"350503","丰泽区","Fengze District","泉州市","Quanzhou City","福建省","Fujian Province","2015","2.65331090705393","0.36702584544351","2.28628506161042","0.13832749281954"
"350503","丰泽区","Fengze District","泉州市","Quanzhou City","福建省","Fujian Province","2016","2.6459273582385","0.347475433433484","2.29845192480502","0.131324630795916"
"350503","丰泽区","Fengze District","泉州市","Quanzhou City","福建省","Fujian Province","2017","2.59602735361684","0.368286480202614","2.22774087341423","0.141865408193604"
"350504","洛江区","Luojiang District","泉州市","Quanzhou City","福建省","Fujian Province","1997","0.463631526761744",,,
"350504","洛江区","Luojiang District","泉州市","Quanzhou City","福建省","Fujian Province","1998","0.436207019513142",,,
"350504","洛江区","Luojiang District","泉州市","Quanzhou City","福建省","Fujian Province","1999","0.481865639675747",,,
"350504","洛江区","Luojiang District","泉州市","Quanzhou City","福建省","Fujian Province","2000","0.508804557749574","1.22770817128523","-0.718903613535656","2.41292683523776"
"350504","洛江区","Luojiang District","泉州市","Quanzhou City","福建省","Fujian Province","2001","0.487764714490915","1.41496675524046","-0.927202040749545","2.90092069640026"
"350504","洛江区","Luojiang District","泉州市","Quanzhou City","福建省","Fujian Province","2002","0.52567406082905","1.42241832983687","-0.89674426900782","2.70589408119843"
"350504","洛江区","Luojiang District","泉州市","Quanzhou City","福建省","Fujian Province","2003","0.65205531713322","1.56843752130553","-0.91638220417231","2.40537494303583"
"350504","洛江区","Luojiang District","泉州市","Quanzhou City","福建省","Fujian Province","2004","0.726329081432601","1.42324808546498","-0.696919004032379","1.95950860546267"
"350504","洛江区","Luojiang District","泉州市","Quanzhou City","福建省","Fujian Province","2005","0.844575278964129","1.36043415165136","-0.515858872687231","1.61079087386968"
"350504","洛江区","Luojiang District","泉州市","Quanzhou City","福建省","Fujian Province","2006","1.07418447680104","1.33815544009066","-0.26397096328962","1.24574080988001"
"350504","洛江区","Luojiang District","泉州市","Quanzhou City","福建省","Fujian Province","2007","1.18933911426788","1.36038556738861","-0.17104645312073","1.14381638598174"
"350504","洛江区","Luojiang District","泉州市","Quanzhou City","福建省","Fujian Province","2008","1.28706116774877","1.36802874328433","-0.0809675755355601","1.06290887920827"
"350504","洛江区","Luojiang District","泉州市","Quanzhou City","福建省","Fujian Province","2009","1.40838177423507","1.42328622673815","-0.0149044525030801","1.01058267919661"
"350504","洛江区","Luojiang District","泉州市","Quanzhou City","福建省","Fujian Province","2010","1.54778119824279","1.30873506626576","0.23904613197703","0.845555604210452"
"350504","洛江区","Luojiang District","泉州市","Quanzhou City","福建省","Fujian Province","2011","1.83491534573396","1.37790214229433","0.45701320343963","0.750934992994554"
"350504","洛江区","Luojiang District","泉州市","Quanzhou City","福建省","Fujian Province","2012","1.85627695155984","1.36046778099712","0.49580917056272","0.732901294633816"
"350504","洛江区","Luojiang District","泉州市","Quanzhou City","福建省","Fujian Province","2013","1.8952644071049","1.4040921808444","0.4911722262605","0.740842373011802"
"350504","洛江区","Luojiang District","泉州市","Quanzhou City","福建省","Fujian Province","2014","1.86344851733504","1.35468022246198","0.50876829487306","0.726974858634323"
"350504","洛江区","Luojiang District","泉州市","Quanzhou City","福建省","Fujian Province","2015","1.65518386293707","1.33382242537538","0.32136143756169","0.805845474477111"
"350504","洛江区","Luojiang District","泉州市","Quanzhou City","福建省","Fujian Province","2016","1.6747659830459","1.25899062237049","0.41577536067541","0.751741219439364"
"350504","洛江区","Luojiang District","泉州市","Quanzhou City","福建省","Fujian Province","2017","1.67592436211889","1.34855911575433","0.32736524636456","0.804665858576894"
"350505","泉港区","Quangang District","泉州市","Quanzhou City","福建省","Fujian Province","1997","1.16313886699747",,,
"350505","泉港区","Quangang District","泉州市","Quanzhou City","福建省","Fujian Province","1998","1.08651230903774",,,
"350505","泉港区","Quangang District","泉州市","Quanzhou City","福建省","Fujian Province","1999","1.14565775873441",,,
"350505","泉港区","Quangang District","泉州市","Quanzhou City","福建省","Fujian Province","2000","1.20349270542633","1.00456835649194","0.19892434893439","0.834710797965392"
"350505","泉港区","Quangang District","泉州市","Quanzhou City","福建省","Fujian Province","2001","1.14424217078632","1.13469224565562","0.00954992513069985","0.991653930108049"
"350505","泉港区","Quangang District","泉州市","Quanzhou City","福建省","Fujian Province","2002","1.25066107352747","1.15271946234228","0.0979416111851898","0.921688126976762"
"350505","泉港区","Quangang District","泉州市","Quanzhou City","福建省","Fujian Province","2003","1.45159267380687","1.24953459927371","0.20205807453316","0.860802497712218"
"350505","泉港区","Quangang District","泉州市","Quanzhou City","福建省","Fujian Province","2004","1.80243975568241","1.11939447956656","0.68304527611585","0.621044046569397"
"350505","泉港区","Quangang District","泉州市","Quanzhou City","福建省","Fujian Province","2005","2.07732631269657","1.10458712362826","0.97273918906831","0.531735008061588"
"350505","泉港区","Quangang District","泉州市","Quanzhou City","福建省","Fujian Province","2006","2.30557603391206","1.06517592882333","1.24040010508873","0.461999913755158"
"350505","泉港区","Quangang District","泉州市","Quanzhou City","福建省","Fujian Province","2007","2.36104387593542","1.08709758129631","1.27394629463911","0.460430910402126"
"350505","泉港区","Quangang District","泉州市","Quanzhou City","福建省","Fujian Province","2008","2.49080672713822","1.11120267783167","1.37960404930655","0.446121598165255"
"350505","泉港区","Quangang District","泉州市","Quanzhou City","福建省","Fujian Province","2009","2.72559446710643","1.13858236979495","1.58701209731148","0.41773726192059"
"350505","泉港区","Quangang District","泉州市","Quanzhou City","福建省","Fujian Province","2010","2.99009937817922","1.05486288090246","1.93523649727676","0.352785224665277"
"350505","泉港区","Quangang District","泉州市","Quanzhou City","福建省","Fujian Province","2011","3.42793231152708","1.09913684137657","2.32879547015051","0.320641349212326"
"350505","泉港区","Quangang District","泉州市","Quanzhou City","福建省","Fujian Province","2012","3.42608093664648","1.11874906881303","2.30733186783345","0.326539007542561"
"350505","泉港区","Quangang District","泉州市","Quanzhou City","福建省","Fujian Province","2013","3.46426196319793","1.14615547857645","2.31810648462148","0.330851272436225"
"350505","泉港区","Quangang District","泉州市","Quanzhou City","福建省","Fujian Province","2014","3.4595543571852","1.09524915980279","2.36430519738241","0.316586775845291"
"350505","泉港区","Quangang District","泉州市","Quanzhou City","福建省","Fujian Province","2015","3.29430614222043","1.07917641184279","2.21512973037764","0.327588379844808"
"350505","泉港区","Quangang District","泉州市","Quanzhou City","福建省","Fujian Province","2016","3.43113953374053","1.04637286861926","2.38476666512127","0.304963659545065"
"350505","泉港区","Quangang District","泉州市","Quanzhou City","福建省","Fujian Province","2017","3.38476507354527","1.11578231294684","2.26898276059843","0.329648376978243"
"350521","惠安县","Hui'an County","泉州市","Quanzhou City","福建省","Fujian Province","1997","1.45087854617701",,,
"350521","惠安县","Hui'an County","泉州市","Quanzhou City","福建省","Fujian Province","1998","1.3543778883548",,,
"350521","惠安县","Hui'an County","泉州市","Quanzhou City","福建省","Fujian Province","1999","1.53767017898468",,,
"350521","惠安县","Hui'an County","泉州市","Quanzhou City","福建省","Fujian Province","2000","1.63080570245423","2.29792479868552","-0.66711909623129","1.40907331586303"
"350521","惠安县","Hui'an County","泉州市","Quanzhou City","福建省","Fujian Province","2001","1.56498401524531","2.54101142266208","-0.97602740741677","1.62366605531353"
"350521","惠安县","Hui'an County","泉州市","Quanzhou City","福建省","Fujian Province","2002","1.69139014560429","2.61698479956558","-0.92559465396129","1.5472390012244"
"350521","惠安县","Hui'an County","泉州市","Quanzhou City","福建省","Fujian Province","2003","2.20999177656697","2.80947234059958","-0.59948056403261","1.27125918312866"
"350521","惠安县","Hui'an County","泉州市","Quanzhou City","福建省","Fujian Province","2004","2.45394599204281","2.53257998021511","-0.0786339881722999","1.03204389519055"
"350521","惠安县","Hui'an County","泉州市","Quanzhou City","福建省","Fujian Province","2005","3.01269168482192","2.51385925258278","0.49883243223914","0.834423006259724"
"350521","惠安县","Hui'an County","泉州市","Quanzhou City","福建省","Fujian Province","2006","3.6529557417396","2.35727938165879","1.29567636008081","0.645307402639434"
"350521","惠安县","Hui'an County","泉州市","Quanzhou City","福建省","Fujian Province","2007","3.87759819956531","2.46495328154829","1.41264491801702","0.635690743260769"
"350521","惠安县","Hui'an County","泉州市","Quanzhou City","福建省","Fujian Province","2008","4.28394834764384","2.54309872045829","1.74084962718555","0.593634309773363"
"350521","惠安县","Hui'an County","泉州市","Quanzhou City","福建省","Fujian Province","2009","4.69362802793067","2.48394489037133","2.20968313755934","0.529216392008477"
"350521","惠安县","Hui'an County","泉州市","Quanzhou City","福建省","Fujian Province","2010","5.25879210061955","2.35941445370798","2.89937764691157","0.448660910825893"
"350521","惠安县","Hui'an County","泉州市","Quanzhou City","福建省","Fujian Province","2011","6.64880640790573","2.36826436408215","4.28054204382358","0.356193911927737"
"350521","惠安县","Hui'an County","泉州市","Quanzhou City","福建省","Fujian Province","2012","6.8337800936081","2.43651605617126","4.39726403743684","0.356540014866769"
"350521","惠安县","Hui'an County","泉州市","Quanzhou City","福建省","Fujian Province","2013","6.93681642304734","2.51710270814145","4.41971371490589","0.362861369630377"
"350521","惠安县","Hui'an County","泉州市","Quanzhou City","福建省","Fujian Province","2014","7.16400556080985","2.35121324127223","4.81279231953762","0.328198131801344"
"350521","惠安县","Hui'an County","泉州市","Quanzhou City","福建省","Fujian Province","2015","6.72112906649045","2.43289748587663","4.28823158061382","0.361977498394776"
"350521","惠安县","Hui'an County","泉州市","Quanzhou City","福建省","Fujian Province","2016","6.98927944991466","2.36540622930587","4.62387322060879","0.338433488924921"
"350521","惠安县","Hui'an County","泉州市","Quanzhou City","福建省","Fujian Province","2017","7.66155018102146","2.43847099314606","5.2230791878754","0.318273839566624"
"350524","安溪县","Anxi County","泉州市","Quanzhou City","福建省","Fujian Province","1997","1.49370552619144",,,
"350524","安溪县","Anxi County","泉州市","Quanzhou City","福建省","Fujian Province","1998","1.46385444138787",,,
"350524","安溪县","Anxi County","泉州市","Quanzhou City","福建省","Fujian Province","1999","1.84906007465293",,,
"350524","安溪县","Anxi County","泉州市","Quanzhou City","福建省","Fujian Province","2000","2.01426673855565","8.27194365214519","-6.25767691358954","4.10667737981747"
"350524","安溪县","Anxi County","泉州市","Quanzhou City","福建省","Fujian Province","2001","1.96215229852067","9.423989730862","-7.46183743234133","4.80288392392734"
"350524","安溪县","Anxi County","泉州市","Quanzhou City","福建省","Fujian Province","2002","2.12103943653951","9.09782499204812","-6.97678555550861","4.28932382647787"
"350524","安溪县","Anxi County","泉州市","Quanzhou City","福建省","Fujian Province","2003","2.45724107814946","9.96883449339654","-7.51159341524708","4.05692163542376"
"350524","安溪县","Anxi County","泉州市","Quanzhou City","福建省","Fujian Province","2004","2.68677886969635","9.19979876239208","-6.51301989269573","3.42409971514768"
"350524","安溪县","Anxi County","泉州市","Quanzhou City","福建省","Fujian Province","2005","3.1152022717053","8.50480442511251","-5.38960215340721","2.73009701564479"
"350524","安溪县","Anxi County","泉州市","Quanzhou City","福建省","Fujian Province","2006","3.49785753689718","8.78010138694535","-5.28224385004817","2.51013693220161"
"350524","安溪县","Anxi County","泉州市","Quanzhou City","福建省","Fujian Province","2007","3.65991191357657","8.75510923595914","-5.09519732238257","2.39216392161837"
"350524","安溪县","Anxi County","泉州市","Quanzhou City","福建省","Fujian Province","2008","3.8962420513183","9.04877982348795","-5.15253777216965","2.32243780142619"
"350524","安溪县","Anxi County","泉州市","Quanzhou City","福建省","Fujian Province","2009","4.2682475369143","9.35661206621822","-5.08836452930392","2.1921437276767"
"350524","安溪县","Anxi County","泉州市","Quanzhou City","福建省","Fujian Province","2010","4.72825865406896","8.76148150029902","-4.03322284623006","1.85300385222353"
"350524","安溪县","Anxi County","泉州市","Quanzhou City","福建省","Fujian Province","2011","5.61861389286491","8.89945705010531","-3.2808431572404","1.58392393921333"
"350524","安溪县","Anxi County","泉州市","Quanzhou City","福建省","Fujian Province","2012","5.72182382097963","9.32457561444627","-3.60275179346664","1.62965094805205"
"350524","安溪县","Anxi County","泉州市","Quanzhou City","福建省","Fujian Province","2013","5.86022159915628","9.57951800094114","-3.71929640178486","1.63466821840327"
"350524","安溪县","Anxi County","泉州市","Quanzhou City","福建省","Fujian Province","2014","5.99531934510004","9.01449899805137","-3.01917965295133","1.5035894635736"
"350524","安溪县","Anxi County","泉州市","Quanzhou City","福建省","Fujian Province","2015","5.59176219448351","8.9957067205304","-3.40394452604689","1.60874271967521"
"350524","安溪县","Anxi County","泉州市","Quanzhou City","福建省","Fujian Province","2016","5.844930493809","8.87160463624998","-3.02667414244098","1.51782893665662"
"350524","安溪县","Anxi County","泉州市","Quanzhou City","福建省","Fujian Province","2017","6.02696035772092","9.84456953064103","-3.81760917292011","1.6334219816179"
"350525","永春县","Yongchun County","泉州市","Quanzhou City","福建省","Fujian Province","1997","0.930013410038176",,,
"350525","永春县","Yongchun County","泉州市","Quanzhou City","福建省","Fujian Province","1998","0.90045071724207",,,
"350525","永春县","Yongchun County","泉州市","Quanzhou City","福建省","Fujian Province","1999","0.998434018193322",,,
"350525","永春县","Yongchun County","泉州市","Quanzhou City","福建省","Fujian Province","2000","1.07376398768554","4.35825163606257","-3.28448764837703","4.05885435351266"
"350525","永春县","Yongchun County","泉州市","Quanzhou City","福建省","Fujian Province","2001","1.03550334199315","5.0256385034808","-3.99013516148765","4.85332910061631"
"350525","永春县","Yongchun County","泉州市","Quanzhou City","福建省","Fujian Province","2002","1.17593410516138","4.82972268038574","-3.65378857522436","4.10713717646868"
"350525","永春县","Yongchun County","泉州市","Quanzhou City","福建省","Fujian Province","2003","1.33825258649402","5.31360314683126","-3.97535056033724","3.97055324268189"
"350525","永春县","Yongchun County","泉州市","Quanzhou City","福建省","Fujian Province","2004","1.45478726821279","5.055531231948","-3.60074396373521","3.47509999737538"
"350525","永春县","Yongchun County","泉州市","Quanzhou City","福建省","Fujian Province","2005","1.67480607307427","4.69117467522554","-3.01636860215127","2.80102559373601"
"350525","永春县","Yongchun County","泉州市","Quanzhou City","福建省","Fujian Province","2006","1.84123999914281","4.68867287650947","-2.84743287736666","2.54647567872319"
"350525","永春县","Yongchun County","泉州市","Quanzhou City","福建省","Fujian Province","2007","1.93625191551816","4.78540929756967","-2.84915738205151","2.4714807299695"
"350525","永春县","Yongchun County","泉州市","Quanzhou City","福建省","Fujian Province","2008","2.06082394637293","4.86781039101477","-2.80698644464184","2.36206998641595"
"350525","永春县","Yongchun County","泉州市","Quanzhou City","福建省","Fujian Province","2009","2.25508076749416","5.00438809120967","-2.74930732371551","2.21916135481504"
"350525","永春县","Yongchun County","泉州市","Quanzhou City","福建省","Fujian Province","2010","2.50189967841358","4.6036471724436","-2.10174749403002","1.84006065957157"
"350525","永春县","Yongchun County","泉州市","Quanzhou City","福建省","Fujian Province","2011","2.96141400735545","4.77708821886288","-1.81567421150743","1.61311056373669"
"350525","永春县","Yongchun County","泉州市","Quanzhou City","福建省","Fujian Province","2012","3.08220025823442","4.93875136478061","-1.85655110654619","1.60234603562381"
"350525","永春县","Yongchun County","泉州市","Quanzhou City","福建省","Fujian Province","2013","3.15286441652665","5.07475055964127","-1.92188614311462","1.60956828116062"
"350525","永春县","Yongchun County","泉州市","Quanzhou City","福建省","Fujian Province","2014","3.22318904162836","4.71175906361773","-1.48857002198937","1.46183143550195"
"350525","永春县","Yongchun County","泉州市","Quanzhou City","福建省","Fujian Province","2015","2.86743225981488","4.60400352225831","-1.73657126244343","1.60561893188561"
"350525","永春县","Yongchun County","泉州市","Quanzhou City","福建省","Fujian Province","2016","2.95999662170885","4.64586921354359","-1.68587259183474","1.56955220133375"
"350525","永春县","Yongchun County","泉州市","Quanzhou City","福建省","Fujian Province","2017","2.94464842806048","5.07172765008232","-2.12707922202184","1.72235422122119"
"350526","德化县","Dehua County","泉州市","Quanzhou City","福建省","Fujian Province","1997","0.481836267501824",,,
"350526","德化县","Dehua County","泉州市","Quanzhou City","福建省","Fujian Province","1998","0.460602570687917",,,
"350526","德化县","Dehua County","泉州市","Quanzhou City","福建省","Fujian Province","1999","0.517152599710198",,,
"350526","德化县","Dehua County","泉州市","Quanzhou City","福建省","Fujian Province","2000","0.544738803508761","6.27493734715797","-5.73019854364921","11.5191671801971"
"350526","德化县","Dehua County","泉州市","Quanzhou City","福建省","Fujian Province","2001","0.534102940150914","7.21380797697883","-6.67970503682792","13.5064000489129"
"350526","德化县","Dehua County","泉州市","Quanzhou City","福建省","Fujian Province","2002","0.577256597477146","6.76528166652712","-6.18802506904997","11.7197130289965"
"350526","德化县","Dehua County","泉州市","Quanzhou City","福建省","Fujian Province","2003","0.666747550673775","7.39291932850887","-6.72617177783509","11.0880337258653"
"350526","德化县","Dehua County","泉州市","Quanzhou City","福建省","Fujian Province","2004","0.726633239339399","7.21691891169736","-6.49028567235796","9.93199666761521"
"350526","德化县","Dehua County","泉州市","Quanzhou City","福建省","Fujian Province","2005","0.840726758637449","6.56478018170466","-5.72405342306721","7.80845871058521"
"350526","德化县","Dehua County","泉州市","Quanzhou City","福建省","Fujian Province","2006","0.947843664698256","6.41893600173224","-5.47109233703398","6.77214633678614"
"350526","德化县","Dehua County","泉州市","Quanzhou City","福建省","Fujian Province","2007","1.02161682731347","6.57902596581885","-5.55740913850538","6.43981754208142"
"350526","德化县","Dehua County","泉州市","Quanzhou City","福建省","Fujian Province","2008","1.10558162478788","6.7406786590326","-5.63509703424472","6.0969525070805"
"350526","德化县","Dehua County","泉州市","Quanzhou City","福建省","Fujian Province","2009","1.21069832058503","6.89926022181001","-5.68856190122498","5.69857916254164"
"350526","德化县","Dehua County","泉州市","Quanzhou City","福建省","Fujian Province","2010","1.34403456897955","6.29208015314145","-4.9480455841619","4.68148684443338"
"350526","德化县","Dehua County","泉州市","Quanzhou City","福建省","Fujian Province","2011","1.6159604889491","6.38255103283566","-4.76659054388656","3.94969498108608"
"350526","德化县","Dehua County","泉州市","Quanzhou City","福建省","Fujian Province","2012","1.66623762927949","6.76345138239571","-5.09721375311622","4.05911573688343"
"350526","德化县","Dehua County","泉州市","Quanzhou City","福建省","Fujian Province","2013","1.69481474666728","6.80139924922068","-5.1065845025534","4.01306352956575"
"350526","德化县","Dehua County","泉州市","Quanzhou City","福建省","Fujian Province","2014","1.70199789215852","6.27580653384244","-4.57380864168392","3.68731745365636"
"350526","德化县","Dehua County","泉州市","Quanzhou City","福建省","Fujian Province","2015","1.50781361096077","6.17663791268789","-4.66882430172712","4.09642005337263"
"350526","德化县","Dehua County","泉州市","Quanzhou City","福建省","Fujian Province","2016","1.52103245079078","6.13655566590248","-4.6155232151117","4.03446728747444"
"350526","德化县","Dehua County","泉州市","Quanzhou City","福建省","Fujian Province","2017","1.47961527694029","6.67930206074317","-5.19968678380288","4.514215394258"
"350527","金门县","Kinmen County","泉州市","Quanzhou City","福建省","Fujian Province","1997","0.352438541953631",,,
"350527","金门县","Kinmen County","泉州市","Quanzhou City","福建省","Fujian Province","1998","0.335469171378499",,,
"350527","金门县","Kinmen County","泉州市","Quanzhou City","福建省","Fujian Province","1999","0.522877967397907",,,
"350527","金门县","Kinmen County","泉州市","Quanzhou City","福建省","Fujian Province","2000","0.671787679192938","1.43415835899714","-0.762370679804202","2.13483873464319"
"350527","金门县","Kinmen County","泉州市","Quanzhou City","福建省","Fujian Province","2001","0.751927267754651","1.65142085750864","-0.899493589753989","2.19625079223419"
"350527","金门县","Kinmen County","泉州市","Quanzhou City","福建省","Fujian Province","2002","0.847603257332086","1.54567533036284","-0.698072073030754","1.82358351857684"
"350527","金门县","Kinmen County","泉州市","Quanzhou City","福建省","Fujian Province","2003","0.974444898823121","1.74925121503509","-0.774806316211969","1.795125837436"
"350527","金门县","Kinmen County","泉州市","Quanzhou City","福建省","Fujian Province","2004","1.06014238414294","1.50883331510476","-0.44869093096182","1.42323647999845"
"350527","金门县","Kinmen County","泉州市","Quanzhou City","福建省","Fujian Province","2005","1.21945614533118","1.50309059147384","-0.28363444614266","1.23259093590908"
"350527","金门县","Kinmen County","泉州市","Quanzhou City","福建省","Fujian Province","2006","1.33645189858648","1.51428880787017","-0.17783690928369","1.13306644965807"
"350527","金门县","Kinmen County","泉州市","Quanzhou City","福建省","Fujian Province","2007","1.36920951079143","1.57269866931443","-0.203489158523","1.14861798499002"
"350527","金门县","Kinmen County","泉州市","Quanzhou City","福建省","Fujian Province","2008","1.44399972705927","1.52631998142353","-0.08232025436426","1.05700849717742"
"350527","金门县","Kinmen County","泉州市","Quanzhou City","福建省","Fujian Province","2009","1.58011363294247","1.57926345592603","0.00085017701644019","0.999461951976924"
"350527","金门县","Kinmen County","泉州市","Quanzhou City","福建省","Fujian Province","2010","1.73345552624697","1.52482641626339","0.20862910998358","0.879645536430188"
"350527","金门县","Kinmen County","泉州市","Quanzhou City","福建省","Fujian Province","2011","1.98787216677384","1.47508677580011","0.51278539097373","0.742043075231573"
"350527","金门县","Kinmen County","泉州市","Quanzhou City","福建省","Fujian Province","2012","1.98466661274329","1.48486715887304","0.49979945387025","0.748169566283273"
"350527","金门县","Kinmen County","泉州市","Quanzhou City","福建省","Fujian Province","2013","2.00678418965935","1.65937084743572","0.34741334222363","0.826880566423735"
"350527","金门县","Kinmen County","泉州市","Quanzhou City","福建省","Fujian Province","2014","1.77935872396161","1.51290274240088","0.26645598156073","0.850251678892784"
"350527","金门县","Kinmen County","泉州市","Quanzhou City","福建省","Fujian Province","2015","1.5616507061668","1.631313502399","-0.0696627962322001","1.04460843641738"
"350527","金门县","Kinmen County","泉州市","Quanzhou City","福建省","Fujian Province","2016","1.56002101140022","1.50399186310746","0.05602914829276","0.964084363041707"
"350527","金门县","Kinmen County","泉州市","Quanzhou City","福建省","Fujian Province","2017","1.52804087012108","1.55771781033226","-0.0296769402111801","1.01942156181256"
"350581","石狮市","Shishi City","泉州市","Quanzhou City","福建省","Fujian Province","1997","1.30576449768774",,,
"350581","石狮市","Shishi City","泉州市","Quanzhou City","福建省","Fujian Province","1998","1.26529164675139",,,
"350581","石狮市","Shishi City","泉州市","Quanzhou City","福建省","Fujian Province","1999","1.31344608525584",,,
"350581","石狮市","Shishi City","泉州市","Quanzhou City","福建省","Fujian Province","2000","1.38401661124028","0.478534078622353","0.905482532617927","0.345757467602587"
"350581","石狮市","Shishi City","泉州市","Quanzhou City","福建省","Fujian Province","2001","1.31607494274746","0.548377812012899","0.767697130734561","0.416676736408412"
"350581","石狮市","Shishi City","泉州市","Quanzhou City","福建省","Fujian Province","2002","1.4563756767231","0.541540894604165","0.914834782118935","0.371841485174109"
"350581","石狮市","Shishi City","泉州市","Quanzhou City","福建省","Fujian Province","2003","1.65882312974556","0.567192483295388","1.09163064645017","0.34192462904854"
"350581","石狮市","Shishi City","泉州市","Quanzhou City","福建省","Fujian Province","2004","1.8035043083562","0.475784661365345","1.32771964699085","0.263811214179465"
"350581","石狮市","Shishi City","泉州市","Quanzhou City","福建省","Fujian Province","2005","2.08099990028112","0.475208074778569","1.60579182550255","0.228355645146534"
"350581","石狮市","Shishi City","泉州市","Quanzhou City","福建省","Fujian Province","2006","2.33740088187725","0.444987512123621","1.89241336975363","0.19037706179277"
"350581","石狮市","Shishi City","泉州市","Quanzhou City","福建省","Fujian Province","2007","2.44862782718381","0.456269344527435","1.99235848265637","0.186336747243535"
"350581","石狮市","Shishi City","泉州市","Quanzhou City","福建省","Fujian Province","2008","2.66094379866406","0.465305678960376","2.19563811970368","0.174864902894223"
"350581","石狮市","Shishi City","泉州市","Quanzhou City","福建省","Fujian Province","2009","2.91176895256452","0.440658979371201","2.47110997319332","0.151337206540063"
"350581","石狮市","Shishi City","泉州市","Quanzhou City","福建省","Fujian Province","2010","3.19434113898381","0.446989023883495","2.74735211510031","0.13993152404057"
"350581","石狮市","Shishi City","泉州市","Quanzhou City","福建省","Fujian Province","2011","3.68314359996584","0.437990497088786","3.24515310287705","0.118917572774748"
"350581","石狮市","Shishi City","泉州市","Quanzhou City","福建省","Fujian Province","2012","3.67720432680265","0.438794526964573","3.23840979983808","0.119328296164088"
"350581","石狮市","Shishi City","泉州市","Quanzhou City","福建省","Fujian Province","2013","3.71818392962961","0.455366654501834","3.26281727512778","0.122470179829752"
"350581","石狮市","Shishi City","泉州市","Quanzhou City","福建省","Fujian Province","2014","3.52172817914077","0.413714207536399","3.10801397160437","0.117474769911781"
"350581","石狮市","Shishi City","泉州市","Quanzhou City","福建省","Fujian Province","2015","3.09914134857545","0.458835032998869","2.64030631557658","0.148052309137102"
"350581","石狮市","Shishi City","泉州市","Quanzhou City","福建省","Fujian Province","2016","3.10103833895871","0.442466721729333","2.65857161722938","0.142683409028057"
"350581","石狮市","Shishi City","泉州市","Quanzhou City","福建省","Fujian Province","2017","3.03733242745613","0.444552120929441","2.59278030652669","0.146362682237508"
"350582","晋江市","Jinjiang City","泉州市","Quanzhou City","福建省","Fujian Province","1997","4.15657450984109",,,
"350582","晋江市","Jinjiang City","泉州市","Quanzhou City","福建省","Fujian Province","1998","3.88022771670427",,,
"350582","晋江市","Jinjiang City","泉州市","Quanzhou City","福建省","Fujian Province","1999","4.27112429503086",,,
"350582","晋江市","Jinjiang City","泉州市","Quanzhou City","福建省","Fujian Province","2000","4.50274371013","1.60682519391572","2.89591851621428","0.35685468624403"
"350582","晋江市","Jinjiang City","泉州市","Quanzhou City","福建省","Fujian Province","2001","4.35244206853833","1.85723750618504","2.49520456235329","0.426711597061819"
"350582","晋江市","Jinjiang City","泉州市","Quanzhou City","福建省","Fujian Province","2002","4.78166421467474","1.84784803131849","2.93381618335625","0.386444540720262"
"350582","晋江市","Jinjiang City","泉州市","Quanzhou City","福建省","Fujian Province","2003","5.61173358232356","1.98477685490379","3.62695672741977","0.353683371775819"
"350582","晋江市","Jinjiang City","泉州市","Quanzhou City","福建省","Fujian Province","2004","6.21577098331518","1.7249478322004","4.49082315111478","0.277511484388763"
"350582","晋江市","Jinjiang City","泉州市","Quanzhou City","福建省","Fujian Province","2005","7.23434355044771","1.68941485772212","5.54492869272559","0.23352704304699"
"350582","晋江市","Jinjiang City","泉州市","Quanzhou City","福建省","Fujian Province","2006","8.39428294069845","1.63649361054284","6.75778933015561","0.194953353622206"
"350582","晋江市","Jinjiang City","泉州市","Quanzhou City","福建省","Fujian Province","2007","9.04211226445376","1.67472475540633","7.36738750904743","0.185213886581566"
"350582","晋江市","Jinjiang City","泉州市","Quanzhou City","福建省","Fujian Province","2008","9.59057516522297","1.71278288899246","7.87779227623051","0.178590215861432"
"350582","晋江市","Jinjiang City","泉州市","Quanzhou City","福建省","Fujian Province","2009","10.4948249948047","1.67767764565256","8.81714734915214","0.159857610439723"
"350582","晋江市","Jinjiang City","泉州市","Quanzhou City","福建省","Fujian Province","2010","11.5256720194164","1.60801046971394","9.91766154970246","0.139515549896357"
"350582","晋江市","Jinjiang City","泉州市","Quanzhou City","福建省","Fujian Province","2011","13.3585122908551","1.60665881292562","11.7518534779295","0.1202722861606"
"350582","晋江市","Jinjiang City","泉州市","Quanzhou City","福建省","Fujian Province","2012","13.353655949521","1.62923653914548","11.7244194103755","0.122006778166538"
"350582","晋江市","Jinjiang City","泉州市","Quanzhou City","福建省","Fujian Province","2013","13.5159116974393","1.71137417562624","11.8045375218131","0.126619218439439"
"350582","晋江市","Jinjiang City","泉州市","Quanzhou City","福建省","Fujian Province","2014","13.3715677637935","1.59209459836553","11.779473165428","0.119065664287809"
"350582","晋江市","Jinjiang City","泉州市","Quanzhou City","福建省","Fujian Province","2015","12.150568138293","1.70714103746436","10.4434271008286","0.140498865405663"
"350582","晋江市","Jinjiang City","泉州市","Quanzhou City","福建省","Fujian Province","2016","12.3704100616147","1.55405670750255","10.8163533541122","0.125626935547171"
"350582","晋江市","Jinjiang City","泉州市","Quanzhou City","福建省","Fujian Province","2017","12.3324405578208","1.6251027854576","10.7073377723632","0.13177462950973"
"350583","南安市","Nan'an City","泉州市","Quanzhou City","福建省","Fujian Province","1997","3.2915219012927",,,
"350583","南安市","Nan'an City","泉州市","Quanzhou City","福建省","Fujian Province","1998","3.13998658926669",,,
"350583","南安市","Nan'an City","泉州市","Quanzhou City","福建省","Fujian Province","1999","3.67440076888536",,,
"350583","南安市","Nan'an City","泉州市","Quanzhou City","福建省","Fujian Province","2000","3.94387483032271","5.37553066020933","-1.43165582988662","1.36300742074248"
"350583","南安市","Nan'an City","泉州市","Quanzhou City","福建省","Fujian Province","2001","3.86710404416927","6.34250356078669","-2.47539951661742","1.64011712339361"
"350583","南安市","Nan'an City","泉州市","Quanzhou City","福建省","Fujian Province","2002","4.19739042247458","6.33416896245411","-2.13677853997953","1.50907309659314"
"350583","南安市","Nan'an City","泉州市","Quanzhou City","福建省","Fujian Province","2003","4.84046128446126","7.03604650827539","-2.19558522381413","1.45359008052855"
"350583","南安市","Nan'an City","泉州市","Quanzhou City","福建省","Fujian Province","2004","5.32915068500025","6.3541614320358","-1.02501074703555","1.19234035733323"
"350583","南安市","Nan'an City","泉州市","Quanzhou City","福建省","Fujian Province","2005","6.17635032609496","6.04878186193923","0.12756846415573","0.979345656023306"
"350583","南安市","Nan'an City","泉州市","Quanzhou City","福建省","Fujian Province","2006","7.15848191670068","6.04481224676497","1.11366966993571","0.844426558187215"
"350583","南安市","Nan'an City","泉州市","Quanzhou City","福建省","Fujian Province","2007","7.78889760632239","6.14304642129899","1.6458511850234","0.788692666381"
"350583","南安市","Nan'an City","泉州市","Quanzhou City","福建省","Fujian Province","2008","8.24123351795808","6.15897308698619","2.08226043097189","0.74733631483266"
"350583","南安市","Nan'an City","泉州市","Quanzhou City","福建省","Fujian Province","2009","9.01806640954687","6.32017001608371","2.69789639346316","0.700834273009227"
"350583","南安市","Nan'an City","泉州市","Quanzhou City","福建省","Fujian Province","2010","9.98011891310969","5.92566752384729","4.0544513892624","0.593747186324949"
"350583","南安市","Nan'an City","泉州市","Quanzhou City","福建省","Fujian Province","2011","12.2288978421384","6.06049333536384","6.16840450677456","0.495587861931478"
"350583","南安市","Nan'an City","泉州市","Quanzhou City","福建省","Fujian Province","2012","12.5836007790308","6.21534269835516","6.36825808067564","0.493924021231852"
"350583","南安市","Nan'an City","泉州市","Quanzhou City","福建省","Fujian Province","2013","12.7464251978135","6.44316437194338","6.30326082587012","0.505487952265128"
"350583","南安市","Nan'an City","泉州市","Quanzhou City","福建省","Fujian Province","2014","12.6828228298153","6.09289760916134","6.58992522065396","0.480405481565027"
"350583","南安市","Nan'an City","泉州市","Quanzhou City","福建省","Fujian Province","2015","11.9376713235253","6.0530825203467","5.8845888031786","0.507057227184503"
"350583","南安市","Nan'an City","泉州市","Quanzhou City","福建省","Fujian Province","2016","12.4898350906386","5.85676769408791","6.63306739655069","0.468922740099081"
"350583","南安市","Nan'an City","泉州市","Quanzhou City","福建省","Fujian Province","2017","12.7621638031573","6.34459375175135","6.41757005140595","0.497140911965236"
"350602","芗城区","Xiangcheng District","漳州市","Zhangzhou City","福建省","Fujian Province","1997","0.75150217529912",,,
"350602","芗城区","Xiangcheng District","漳州市","Zhangzhou City","福建省","Fujian Province","1998","0.70734961316711",,,
"350602","芗城区","Xiangcheng District","漳州市","Zhangzhou City","福建省","Fujian Province","1999","0.766147672006274",,,
"350602","芗城区","Xiangcheng District","漳州市","Zhangzhou City","福建省","Fujian Province","2000","0.80042009791057","0.636204301591908","0.164215796318662","0.794837989766457"
"350602","芗城区","Xiangcheng District","漳州市","Zhangzhou City","福建省","Fujian Province","2001","0.761287358224626","0.740824700313727","0.020462657910899","0.973120980284476"
"350602","芗城区","Xiangcheng District","漳州市","Zhangzhou City","福建省","Fujian Province","2002","0.812394175037681","0.700786629023006","0.111607546014675","0.862618973099483"
"350602","芗城区","Xiangcheng District","漳州市","Zhangzhou City","福建省","Fujian Province","2003","0.94170220693274","0.780739218756239","0.160962988176501","0.829072304395696"
"350602","芗城区","Xiangcheng District","漳州市","Zhangzhou City","福建省","Fujian Province","2004","1.02349135637383","0.726057505957509","0.297433850416321","0.709392904430467"
"350602","芗城区","Xiangcheng District","漳州市","Zhangzhou City","福建省","Fujian Province","2005","1.18499439513318","0.684243430112037","0.500750965021143","0.577423347251474"
"350602","芗城区","Xiangcheng District","漳州市","Zhangzhou City","福建省","Fujian Province","2006","1.31402113224956","0.663884263067103","0.650136869182457","0.505231039877232"
"350602","芗城区","Xiangcheng District","漳州市","Zhangzhou City","福建省","Fujian Province","2007","1.37822262434272","0.692507113997301","0.685715510345419","0.502463899348308"
"350602","芗城区","Xiangcheng District","漳州市","Zhangzhou City","福建省","Fujian Province","2008","1.47101543175004","0.66859357967312","0.80242185207692","0.454511601470901"
"350602","芗城区","Xiangcheng District","漳州市","Zhangzhou City","福建省","Fujian Province","2009","1.60967588457279","0.691052947835127","0.918622936737663","0.429311859895654"
"350602","芗城区","Xiangcheng District","漳州市","Zhangzhou City","福建省","Fujian Province","2010","1.78321624615209","0.638602698078035","1.14461354807405","0.358118483642151"
"350602","芗城区","Xiangcheng District","漳州市","Zhangzhou City","福建省","Fujian Province","2011","2.1354471737401","0.627274951662102","1.508172222078","0.293744073548525"
"350602","芗城区","Xiangcheng District","漳州市","Zhangzhou City","福建省","Fujian Province","2012","2.22419534186748","0.657654685373455","1.56654065649403","0.295682071171534"
"350602","芗城区","Xiangcheng District","漳州市","Zhangzhou City","福建省","Fujian Province","2013","2.24898228151479","0.688031852405308","1.56095042910948","0.305930312595388"
"350602","芗城区","Xiangcheng District","漳州市","Zhangzhou City","福建省","Fujian Province","2014","2.43853690528322","0.630541715024544","1.80799519025868","0.258573784000743"
"350602","芗城区","Xiangcheng District","漳州市","Zhangzhou City","福建省","Fujian Province","2015","2.41020012026244","0.656281929512541","1.7539181907499","0.272293542762366"
"350602","芗城区","Xiangcheng District","漳州市","Zhangzhou City","福建省","Fujian Province","2016","2.46446225691637","0.620139282054386","1.84432297486198","0.251632696063411"
"350602","芗城区","Xiangcheng District","漳州市","Zhangzhou City","福建省","Fujian Province","2017","2.47549423009119","0.703240735883573","1.77225349420762","0.284080943245692"
"350603","龙文区","Longwen District","漳州市","Zhangzhou City","福建省","Fujian Province","1997","0.679992905917224",,,
"350603","龙文区","Longwen District","漳州市","Zhangzhou City","福建省","Fujian Province","1998","0.64132384282344",,,
"350603","龙文区","Longwen District","漳州市","Zhangzhou City","福建省","Fujian Province","1999","0.706089733404593",,,
"350603","龙文区","Longwen District","漳州市","Zhangzhou City","福建省","Fujian Province","2000","0.736956565569769","0.252759620604208","0.484196944965561","0.342977635878432"
"350603","龙文区","Longwen District","漳州市","Zhangzhou City","福建省","Fujian Province","2001","0.730202613330512","0.306687395332517","0.423515217997995","0.420003146707037"
"350603","龙文区","Longwen District","漳州市","Zhangzhou City","福建省","Fujian Province","2002","0.777923744819383","0.282860533342137","0.495063211477246","0.363609589276403"
"350603","龙文区","Longwen District","漳州市","Zhangzhou City","福建省","Fujian Province","2003","0.884332533107714","0.319660258785575","0.564672274322139","0.361470653649061"
"350603","龙文区","Longwen District","漳州市","Zhangzhou City","福建省","Fujian Province","2004","0.961138985480327","0.28973267799131","0.671406307489017","0.301447222897235"
"350603","龙文区","Longwen District","漳州市","Zhangzhou City","福建省","Fujian Province","2005","1.11187250892626","0.275492285162204","0.836380223764056","0.247773268023551"
"350603","龙文区","Longwen District","漳州市","Zhangzhou City","福建省","Fujian Province","2006","1.22679037427268","0.27461194949956","0.95217842477312","0.223845862552001"
"350603","龙文区","Longwen District","漳州市","Zhangzhou City","福建省","Fujian Province","2007","1.29436148086551","0.293013295245757","1.00134818561975","0.226376711279932"
"350603","龙文区","Longwen District","漳州市","Zhangzhou City","福建省","Fujian Province","2008","1.3959488935253","0.290530960908971","1.10541793261633","0.208124353446257"
"350603","龙文区","Longwen District","漳州市","Zhangzhou City","福建省","Fujian Province","2009","1.52753344492825","0.298366315566231","1.22916712936202","0.195325553464556"
"350603","龙文区","Longwen District","漳州市","Zhangzhou City","福建省","Fujian Province","2010","1.67750566207504","0.287052460883561","1.39045320119148","0.171118624141324"
"350603","龙文区","Longwen District","漳州市","Zhangzhou City","福建省","Fujian Province","2011","1.95813056268275","0.27330174582472","1.68482881685803","0.139572790003482"
"350603","龙文区","Longwen District","漳州市","Zhangzhou City","福建省","Fujian Province","2012","2.00757313819673","0.286135219333063","1.72143791886367","0.142527917857119"
"350603","龙文区","Longwen District","漳州市","Zhangzhou City","福建省","Fujian Province","2013","2.03023193881183","0.294975306279918","1.73525663253191","0.145291432294454"
"350603","龙文区","Longwen District","漳州市","Zhangzhou City","福建省","Fujian Province","2014","2.07867374279974","0.277859944436695","1.80081379836305","0.133671744014262"
"350603","龙文区","Longwen District","漳州市","Zhangzhou City","福建省","Fujian Province","2015","2.04726455116","0.286790486502015","1.76047406465799","0.140084722484701"
"350603","龙文区","Longwen District","漳州市","Zhangzhou City","福建省","Fujian Province","2016","2.04776421541825","0.273675924256289","1.77408829116196","0.133646208970593"
"350603","龙文区","Longwen District","漳州市","Zhangzhou City","福建省","Fujian Province","2017","2.07339326816729","0.309506344005255","1.76388692416203","0.149275271969429"
"350622","云霄县","Yunxiao County","漳州市","Zhangzhou City","福建省","Fujian Province","1997","0.675016070319217",,,
"350622","云霄县","Yunxiao County","漳州市","Zhangzhou City","福建省","Fujian Province","1998","0.674336727995275",,,
"350622","云霄县","Yunxiao County","漳州市","Zhangzhou City","福建省","Fujian Province","1999","0.761590746703812",,,
"350622","云霄县","Yunxiao County","漳州市","Zhangzhou City","福建省","Fujian Province","2000","0.824538676420126","3.34601294552251","-2.52147426910238","4.05804244386666"
"350622","云霄县","Yunxiao County","漳州市","Zhangzhou City","福建省","Fujian Province","2001","0.790523196359239","3.78983580565498","-2.99931260929574","4.79408551590782"
"350622","云霄县","Yunxiao County","漳州市","Zhangzhou City","福建省","Fujian Province","2002","0.844525540348309","3.65090713350893","-2.80638159316062","4.32302749778672"
"350622","云霄县","Yunxiao County","漳州市","Zhangzhou City","福建省","Fujian Province","2003","0.967028819035983","4.19884566963255","-3.23181685059657","4.34200676027248"
"350622","云霄县","Yunxiao County","漳州市","Zhangzhou City","福建省","Fujian Province","2004","1.0522342785662","3.88025822519108","-2.82802394662488","3.68763715859781"
"350622","云霄县","Yunxiao County","漳州市","Zhangzhou City","福建省","Fujian Province","2005","1.21035964274085","3.84390030889783","-2.63354066615698","3.1758331764874"
"350622","云霄县","Yunxiao County","漳州市","Zhangzhou City","福建省","Fujian Province","2006","1.32820811266778","3.68799561377139","-2.35978750110361","2.776669995159"
"350622","云霄县","Yunxiao County","漳州市","Zhangzhou City","福建省","Fujian Province","2007","1.37214856955815","3.85450303740507","-2.48235446784692","2.80910035758465"
"350622","云霄县","Yunxiao County","漳州市","Zhangzhou City","福建省","Fujian Province","2008","1.58773977415443","3.80872594974693","-2.2209861755925","2.39883513139004"
"350622","云霄县","Yunxiao County","漳州市","Zhangzhou City","福建省","Fujian Province","2009","1.75906680502522","3.91803678415467","-2.15896997912945","2.22733825285191"
"350622","云霄县","Yunxiao County","漳州市","Zhangzhou City","福建省","Fujian Province","2010","1.9631965614308","3.79808427416819","-1.83488771273739","1.93464289250797"
"350622","云霄县","Yunxiao County","漳州市","Zhangzhou City","福建省","Fujian Province","2011","2.35950059122629","3.7495741570756","-1.39007356584931","1.58913889278869"
"350622","云霄县","Yunxiao County","漳州市","Zhangzhou City","福建省","Fujian Province","2012","2.38086466410456","3.73527404122748","-1.35440937712292","1.56887289628128"
"350622","云霄县","Yunxiao County","漳州市","Zhangzhou City","福建省","Fujian Province","2013","2.42426850383756","3.89368270447679","-1.46941420063923","1.6061268371524"
"350622","云霄县","Yunxiao County","漳州市","Zhangzhou City","福建省","Fujian Province","2014","2.55933035503051","3.75235966147659","-1.19302930644608","1.46614900811891"
"350622","云霄县","Yunxiao County","漳州市","Zhangzhou City","福建省","Fujian Province","2015","2.36515535990499","3.89340116999199","-1.528245810087","1.64615028509095"
"350622","云霄县","Yunxiao County","漳州市","Zhangzhou City","福建省","Fujian Province","2016","2.43788739065007","3.57366321779215","-1.13577582714208","1.46588527078735"
"350622","云霄县","Yunxiao County","漳州市","Zhangzhou City","福建省","Fujian Province","2017","2.65598108609092","3.93893334728632","-1.2829522611954","1.48304269481213"
"350623","漳浦县","Zhangpu County","漳州市","Zhangzhou City","福建省","Fujian Province","1997","1.42808987791244",,,
"350623","漳浦县","Zhangpu County","漳州市","Zhangzhou City","福建省","Fujian Province","1998","1.36493715677373",,,
"350623","漳浦县","Zhangpu County","漳州市","Zhangzhou City","福建省","Fujian Province","1999","1.49490518768465",,,
"350623","漳浦县","Zhangpu County","漳州市","Zhangzhou City","福建省","Fujian Province","2000","1.651148139884","7.27587574439046","-5.62472760450646","4.40655539538785"
"350623","漳浦县","Zhangpu County","漳州市","Zhangzhou City","福建省","Fujian Province","2001","1.60958889081828","8.20269319371588","-6.5931043028976","5.09614177912585"
"350623","漳浦县","Zhangpu County","漳州市","Zhangzhou City","福建省","Fujian Province","2002","1.71970514185503","8.0456955901555","-6.32599044830047","4.67853203106475"
"350623","漳浦县","Zhangpu County","漳州市","Zhangzhou City","福建省","Fujian Province","2003","1.98135263746918","9.1661525436364","-7.18479990616722","4.6262095753659"
"350623","漳浦县","Zhangpu County","漳州市","Zhangzhou City","福建省","Fujian Province","2004","2.1545025328006","8.40067727939711","-6.24617474659651","3.89912620268644"
"350623","漳浦县","Zhangpu County","漳州市","Zhangzhou City","福建省","Fujian Province","2005","2.48159587974008","8.2744058710858","-5.79280999134572","3.33430835320071"
"350623","漳浦县","Zhangpu County","漳州市","Zhangzhou City","福建省","Fujian Province","2006","2.76416059013338","8.0671028560682","-5.30294226593482","2.91846388551504"
"350623","漳浦县","Zhangpu County","漳州市","Zhangzhou City","福建省","Fujian Province","2007","2.91084380256403","8.38120480868115","-5.47036100611712","2.87930420770037"
"350623","漳浦县","Zhangpu County","漳州市","Zhangzhou City","福建省","Fujian Province","2008","3.13340929062247","8.39779352940177","-5.2643842387793","2.68008190137634"
"350623","漳浦县","Zhangpu County","漳州市","Zhangzhou City","福建省","Fujian Province","2009","3.43869916292165","8.68233004494257","-5.24363088202092","2.52488793976549"
"350623","漳浦县","Zhangpu County","漳州市","Zhangzhou City","福建省","Fujian Province","2010","3.79270760669859","8.33124404421861","-4.53853643752002","2.19664812270373"
"350623","漳浦县","Zhangpu County","漳州市","Zhangzhou City","福建省","Fujian Province","2011","4.60513332678956","8.25482940303799","-3.64969607624843","1.7925277765612"
"350623","漳浦县","Zhangpu County","漳州市","Zhangzhou City","福建省","Fujian Province","2012","4.70290763321757","8.17103953567449","-3.46813190245692","1.73744418834868"
"350623","漳浦县","Zhangpu County","漳州市","Zhangzhou City","福建省","Fujian Province","2013","4.95576756782363","8.62475865178155","-3.66899108395792","1.74034769261166"
"350623","漳浦县","Zhangpu County","漳州市","Zhangzhou City","福建省","Fujian Province","2014","5.45236096335071","8.32043661011322","-2.86807564676251","1.52602453616716"
"350623","漳浦县","Zhangpu County","漳州市","Zhangzhou City","福建省","Fujian Province","2015","4.86228805704551","8.6327439648695","-3.77045590782399","1.77544889640188"
"350623","漳浦县","Zhangpu County","漳州市","Zhangzhou City","福建省","Fujian Province","2016","5.03922099934093","7.92102992861762","-2.88180892927669","1.57187587717498"
"350623","漳浦县","Zhangpu County","漳州市","Zhangzhou City","福建省","Fujian Province","2017","5.626443742357","8.60315322304325","-2.97670948068625","1.5290570059871"
"350624","诏安县","Zhao'an County","漳州市","Zhangzhou City","福建省","Fujian Province","1997","0.799829868342929",,,
"350624","诏安县","Zhao'an County","漳州市","Zhangzhou City","福建省","Fujian Province","1998","0.75941772985357",,,
"350624","诏安县","Zhao'an County","漳州市","Zhangzhou City","福建省","Fujian Province","1999","0.810665326884174",,,
"350624","诏安县","Zhao'an County","漳州市","Zhangzhou City","福建省","Fujian Province","2000","0.871314101408356","4.12432525649947","-3.25301115509111","4.73345404353388"
"350624","诏安县","Zhao'an County","漳州市","Zhangzhou City","福建省","Fujian Province","2001","0.830274691688515","4.47887000586418","-3.64859531417566","5.39444361089169"
"350624","诏安县","Zhao'an County","漳州市","Zhangzhou City","福建省","Fujian Province","2002","0.888967773594044","4.32616799888865","-3.43720022529461","4.8665071191481"
"350624","诏安县","Zhao'an County","漳州市","Zhangzhou City","福建省","Fujian Province","2003","1.01782196927619","4.92520130735046","-3.90737933807427","4.838961484446"
"350624","诏安县","Zhao'an County","漳州市","Zhangzhou City","福建省","Fujian Province","2004","1.10637438597617","4.62028594631999","-3.51391156034382","4.1760601157116"
"350624","诏安县","Zhao'an County","漳州市","Zhangzhou City","福建省","Fujian Province","2005","1.27281063167833","4.54696657599611","-3.27415594431778","3.57238261751512"
"350624","诏安县","Zhao'an County","漳州市","Zhangzhou City","福建省","Fujian Province","2006","1.3974175711945","4.32395434353919","-2.92653677234469","3.09424643905337"
"350624","诏安县","Zhao'an County","漳州市","Zhangzhou City","福建省","Fujian Province","2007","1.43132161939488","4.57581504797031","-3.14449342857543","3.19691604316354"
"350624","诏安县","Zhao'an County","漳州市","Zhangzhou City","福建省","Fujian Province","2008","1.51019851488932","4.45951708057512","-2.9493185656858","2.95293435704507"
"350624","诏安县","Zhao'an County","漳州市","Zhangzhou City","福建省","Fujian Province","2009","1.65548609129763","4.6282775704013","-2.97279147910367","2.7957212052283"
"350624","诏安县","Zhao'an County","漳州市","Zhangzhou City","福建省","Fujian Province","2010","1.83322453182788","4.54999384935665","-2.71676931752877","2.48196212213019"
"350624","诏安县","Zhao'an County","漳州市","Zhangzhou City","福建省","Fujian Province","2011","2.23968441474505","4.49035091482548","-2.25066650008043","2.00490340749039"
"350624","诏安县","Zhao'an County","漳州市","Zhangzhou City","福建省","Fujian Province","2012","2.28273424024848","4.45698256568895","-2.17424832544047","1.95247545119567"
"350624","诏安县","Zhao'an County","漳州市","Zhangzhou City","福建省","Fujian Province","2013","2.31903958081182","4.6101626025257","-2.29112302171388","1.98796201697939"
"350624","诏安县","Zhao'an County","漳州市","Zhangzhou City","福建省","Fujian Province","2014","2.5439904157118","4.46824309051537","-1.92425267480357","1.75639147966883"
"350624","诏安县","Zhao'an County","漳州市","Zhangzhou City","福建省","Fujian Province","2015","2.37345264153239","4.63542312114931","-2.26197047961692","1.95302954018771"
"350624","诏安县","Zhao'an County","漳州市","Zhangzhou City","福建省","Fujian Province","2016","2.53631132709435","4.33622693143615","-1.7999156043418","1.70965878088942"
"350624","诏安县","Zhao'an County","漳州市","Zhangzhou City","福建省","Fujian Province","2017","2.75094555625096","4.7078432256704","-1.95689766941944","1.71135456133357"
"350625","长泰县","Changtai County","漳州市","Zhangzhou City","福建省","Fujian Province","1997","0.604685525157902",,,
"350625","长泰县","Changtai County","漳州市","Zhangzhou City","福建省","Fujian Province","1998","0.572385170846961",,,
"350625","长泰县","Changtai County","漳州市","Zhangzhou City","福建省","Fujian Province","1999","0.628622003262735",,,
"350625","长泰县","Changtai County","漳州市","Zhangzhou City","福建省","Fujian Province","2000","0.674102088241835","2.87567894968345","-2.20157686144161","4.26593983291711"
"350625","长泰县","Changtai County","漳州市","Zhangzhou City","福建省","Fujian Province","2001","0.644690675703581","3.29146252452028","-2.6467718488167","5.10549112708688"
"350625","长泰县","Changtai County","漳州市","Zhangzhou City","福建省","Fujian Province","2002","0.69556403833352","3.20262722639422","-2.5070631880607","4.60435998684937"
"350625","长泰县","Changtai County","漳州市","Zhangzhou City","福建省","Fujian Province","2003","0.802195951314324","3.50125279497222","-2.6990568436579","4.36458547221005"
"350625","长泰县","Changtai County","漳州市","Zhangzhou City","福建省","Fujian Province","2004","0.873845666229424","3.30524283757503","-2.43139717134561","3.78241028743313"
"350625","长泰县","Changtai County","漳州市","Zhangzhou City","福建省","Fujian Province","2005","1.02825465819204","3.11004671836449","-2.08179206017245","3.02458801775119"
"350625","长泰县","Changtai County","漳州市","Zhangzhou City","福建省","Fujian Province","2006","1.15374659671402","3.07296680486505","-1.91922020815103","2.66346770912881"
"350625","长泰县","Changtai County","漳州市","Zhangzhou City","福建省","Fujian Province","2007","1.26653839120718","3.13340670676733","-1.86686831556015","2.47399267840652"
"350625","长泰县","Changtai County","漳州市","Zhangzhou City","福建省","Fujian Province","2008","1.39120567819792","3.16161914534427","-1.77041346714635","2.27257492899226"
"350625","长泰县","Changtai County","漳州市","Zhangzhou City","福建省","Fujian Province","2009","1.53159543370188","3.28143330852912","-1.74983787482724","2.14249353081307"
"350625","长泰县","Changtai County","漳州市","Zhangzhou City","福建省","Fujian Province","2010","1.78569190385881","3.06198469798355","-1.27629279412474","1.71473292305729"
"350625","长泰县","Changtai County","漳州市","Zhangzhou City","福建省","Fujian Province","2011","2.51897223982898","3.06297209816552","-0.54399985833654","1.21596103749578"
"350625","长泰县","Changtai County","漳州市","Zhangzhou City","福建省","Fujian Province","2012","3.20549958042821","3.11320683086034","0.09229274956787","0.971207998237972"
"350625","长泰县","Changtai County","漳州市","Zhangzhou City","福建省","Fujian Province","2013","3.34444968399199","3.21540382260299","0.129045861389","0.96141491916991"
"350625","长泰县","Changtai County","漳州市","Zhangzhou City","福建省","Fujian Province","2014","3.70118346166593","3.03733331562504","0.66385014604089","0.82063841122264"
"350625","长泰县","Changtai County","漳州市","Zhangzhou City","福建省","Fujian Province","2015","3.3178863715938","3.04861778931536","0.26926858227844","0.918843338161369"
"350625","长泰县","Changtai County","漳州市","Zhangzhou City","福建省","Fujian Province","2016","3.32517296370092","2.90786516397619","0.41730779972473","0.874500423201966"
"350625","长泰县","Changtai County","漳州市","Zhangzhou City","福建省","Fujian Province","2017","3.25591224081531","3.22659383379281","0.0293184070224997","0.990995332535389"
"350626","东山县","Dongshan County","漳州市","Zhangzhou City","福建省","Fujian Province","1997","0.395003583252378",,,
"350626","东山县","Dongshan County","漳州市","Zhangzhou City","福建省","Fujian Province","1998","0.367025605733929",,,
"350626","东山县","Dongshan County","漳州市","Zhangzhou City","福建省","Fujian Province","1999","0.414797046762585",,,
"350626","东山县","Dongshan County","漳州市","Zhangzhou City","福建省","Fujian Province","2000","0.432794492143701","1.13228312898133","-0.699488636837629","2.6162142761405"
"350626","东山县","Dongshan County","漳州市","Zhangzhou City","福建省","Fujian Province","2001","0.410803970626677","1.23146411711138","-0.820660146484703","2.99769282958194"
"350626","东山县","Dongshan County","漳州市","Zhangzhou City","福建省","Fujian Province","2002","0.439128659245251","1.26059834120198","-0.821469681956729","2.87068109689908"
"350626","东山县","Dongshan County","漳州市","Zhangzhou City","福建省","Fujian Province","2003","0.501494904850957","1.41429143012965","-0.912796525278693","2.8201511450051"
"350626","东山县","Dongshan County","漳州市","Zhangzhou City","福建省","Fujian Province","2004","0.545811363748242","1.32925696145498","-0.783445597706738","2.43537795242406"
"350626","东山县","Dongshan County","漳州市","Zhangzhou City","福建省","Fujian Province","2005","0.627833611475198","1.33045581466745","-0.702622203192252","2.11912167547278"
"350626","东山县","Dongshan County","漳州市","Zhangzhou City","福建省","Fujian Province","2006","0.690177425751157","1.24352469447996","-0.553347268728803","1.80174640329125"
"350626","东山县","Dongshan County","漳州市","Zhangzhou City","福建省","Fujian Province","2007","0.709488786287316","1.32826233482647","-0.618773548539154","1.87213999783863"
"350626","东山县","Dongshan County","漳州市","Zhangzhou City","福建省","Fujian Province","2008","0.830268909046074","1.27950032455336","-0.449231415507286","1.54106737059855"
"350626","东山县","Dongshan County","漳州市","Zhangzhou City","福建省","Fujian Province","2009","0.912593477809107","1.34194291258975","-0.429349434780643","1.47047173272747"
"350626","东山县","Dongshan County","漳州市","Zhangzhou City","福建省","Fujian Province","2010","1.0127915678201","1.2362740846505","-0.2234825168304","1.22065993036595"
"350626","东山县","Dongshan County","漳州市","Zhangzhou City","福建省","Fujian Province","2011","1.2692583612587","1.29369538676231","-0.0244370255036099","1.01925299548894"
"350626","东山县","Dongshan County","漳州市","Zhangzhou City","福建省","Fujian Province","2012","1.38909695095398","1.19498594668191","0.19411100427207","0.860261010479678"
"350626","东山县","Dongshan County","漳州市","Zhangzhou City","福建省","Fujian Province","2013","1.40829468995046","1.32165129319208","0.08664339675838","0.938476373321107"
"350626","东山县","Dongshan County","漳州市","Zhangzhou City","福建省","Fujian Province","2014","1.4142551382872","1.26065061222805","0.15360452605915","0.891388391033049"
"350626","东山县","Dongshan County","漳州市","Zhangzhou City","福建省","Fujian Province","2015","1.322394831637","1.31013320558028","0.0122616260567201","0.990727711751912"
"350626","东山县","Dongshan County","漳州市","Zhangzhou City","福建省","Fujian Province","2016","1.36090969630918","1.19784623997499","0.16306345633419","0.880180546309265"
"350626","东山县","Dongshan County","漳州市","Zhangzhou City","福建省","Fujian Province","2017","1.38539477854856","1.3095011122882","0.07589366626036","0.94521874382992"
"350627","南靖县","Nanjing County","漳州市","Zhangzhou City","福建省","Fujian Province","1997","0.871732045798352",,,
"350627","南靖县","Nanjing County","漳州市","Zhangzhou City","福建省","Fujian Province","1998","0.840978975572221",,,
"350627","南靖县","Nanjing County","漳州市","Zhangzhou City","福建省","Fujian Province","1999","0.960109107957229",,,
"350627","南靖县","Nanjing County","漳州市","Zhangzhou City","福建省","Fujian Province","2000","1.01066588835246","6.70648762760569","-5.69582173925323","6.63571186570697"
"350627","南靖县","Nanjing County","漳州市","Zhangzhou City","福建省","Fujian Province","2001","0.964898215114698","7.37931406504786","-6.41441584993316","7.64776424026308"
"350627","南靖县","Nanjing County","漳州市","Zhangzhou City","福建省","Fujian Province","2002","1.04433092693509","7.08907264854384","-6.04474172160875","6.78814776590874"
"350627","南靖县","Nanjing County","漳州市","Zhangzhou City","福建省","Fujian Province","2003","1.23974465875544","7.79757244632081","-6.55782778756537","6.28966004511661"
"350627","南靖县","Nanjing County","漳州市","Zhangzhou City","福建省","Fujian Province","2004","1.34757160606664","7.44295012843873","-6.09537852237209","5.52323163751096"
"350627","南靖县","Nanjing County","漳州市","Zhangzhou City","福建省","Fujian Province","2005","1.55007902794141","6.94233466420907","-5.39225563626766","4.47869723999096"
"350627","南靖县","Nanjing County","漳州市","Zhangzhou City","福建省","Fujian Province","2006","1.70224593423459","7.06501272701281","-5.36276679277822","4.15040658046252"
"350627","南靖县","Nanjing County","漳州市","Zhangzhou City","福建省","Fujian Province","2007","1.74384153492326","7.02456363015129","-5.28072209522803","4.02821213365606"
"350627","南靖县","Nanjing County","漳州市","Zhangzhou City","福建省","Fujian Province","2008","1.87810704289185","7.05312076506445","-5.1750137221726","3.7554413055202"
"350627","南靖县","Nanjing County","漳州市","Zhangzhou City","福建省","Fujian Province","2009","2.05559198550029","7.45354318305673","-5.39795119755644","3.62598377286565"
"350627","南靖县","Nanjing County","漳州市","Zhangzhou City","福建省","Fujian Province","2010","2.27810022172588","6.92169936908186","-4.64359914735598","3.03836473174916"
"350627","南靖县","Nanjing County","漳州市","Zhangzhou City","福建省","Fujian Province","2011","2.66768026028442","6.80115608475091","-4.13347582446649","2.54946448643204"
"350627","南靖县","Nanjing County","漳州市","Zhangzhou City","福建省","Fujian Province","2012","2.69674847807353","7.12804906655986","-4.43130058848633","2.64320129389742"
"350627","南靖县","Nanjing County","漳州市","Zhangzhou City","福建省","Fujian Province","2013","2.72908924281973","7.32272899207686","-4.59363974925713","2.68321346080677"
"350627","南靖县","Nanjing County","漳州市","Zhangzhou City","福建省","Fujian Province","2014","2.7196790443742","6.78982543553217","-4.07014639115797","2.49655394064873"
"350627","南靖县","Nanjing County","漳州市","Zhangzhou City","福建省","Fujian Province","2015","2.40876120519579","6.98532584724375","-4.57656464204796","2.89996610381143"
"350627","南靖县","Nanjing County","漳州市","Zhangzhou City","福建省","Fujian Province","2016","2.48738287137959","6.60561019187397","-4.11822732049438","2.65564673130127"
"350627","南靖县","Nanjing County","漳州市","Zhangzhou City","福建省","Fujian Province","2017","2.68072883058023","7.5091417345954","-4.82841290401517","2.8011567783117"
"350628","平和县","Pinghe County","漳州市","Zhangzhou City","福建省","Fujian Province","1997","0.515364423109453",,,
"350628","平和县","Pinghe County","漳州市","Zhangzhou City","福建省","Fujian Province","1998","0.52772067914389",,,
"350628","平和县","Pinghe County","漳州市","Zhangzhou City","福建省","Fujian Province","1999","0.630958888033228",,,
"350628","平和县","Pinghe County","漳州市","Zhangzhou City","福建省","Fujian Province","2000","0.674711143254702","7.69673603431973","-7.02202489106503","11.4074535618189"
"350628","平和县","Pinghe County","漳州市","Zhangzhou City","福建省","Fujian Province","2001","0.641455088874454","8.62359978471541","-7.98214469584096","13.4438091368907"
"350628","平和县","Pinghe County","漳州市","Zhangzhou City","福建省","Fujian Province","2002","0.68866995228986","8.20343570913071","-7.51476575684085","11.9119988927263"
"350628","平和县","Pinghe County","漳州市","Zhangzhou City","福建省","Fujian Province","2003","0.786804087605171","9.14874883600576","-8.36194474840059","11.6277342481178"
"350628","平和县","Pinghe County","漳州市","Zhangzhou City","福建省","Fujian Province","2004","0.855900349728367","8.54151453713956","-7.68561418741119","9.97956659306231"
"350628","平和县","Pinghe County","漳州市","Zhangzhou City","福建省","Fujian Province","2005","0.984521472661581","8.21799937142956","-7.23347789876798","8.34720176210358"
"350628","平和县","Pinghe County","漳州市","Zhangzhou City","福建省","Fujian Province","2006","1.1008329940731","8.10612786361814","-7.00529486954504","7.36363091155665"
"350628","平和县","Pinghe County","漳州市","Zhangzhou City","福建省","Fujian Province","2007","1.14211823674918","8.2070117984203","-7.06489356167112","7.18578123905979"
"350628","平和县","Pinghe County","漳州市","Zhangzhou City","福建省","Fujian Province","2008","1.24437222980229","8.26472035503068","-7.02034812522839","6.64167855653915"
"350628","平和县","Pinghe County","漳州市","Zhangzhou City","福建省","Fujian Province","2009","1.36415122981109","8.50212352264565","-7.13797229283456","6.2325373733109"
"350628","平和县","Pinghe County","漳州市","Zhangzhou City","福建省","Fujian Province","2010","1.52871863390103","8.27195309356034","-6.74323445965931","5.41103700191822"
"350628","平和县","Pinghe County","漳州市","Zhangzhou City","福建省","Fujian Province","2011","1.94311813395106","7.94153864108895","-5.99842050713789","4.0870076308438"
"350628","平和县","Pinghe County","漳州市","Zhangzhou City","福建省","Fujian Province","2012","2.07572712133596","8.22687086326229","-6.15114374192633","3.96336819936495"
"350628","平和县","Pinghe County","漳州市","Zhangzhou City","福建省","Fujian Province","2013","2.12516672806331","8.55205255536133","-6.42688582729802","4.02417958197328"
"350628","平和县","Pinghe County","漳州市","Zhangzhou City","福建省","Fujian Province","2014","2.12644266458971","7.96206126220711","-5.8356185976174","3.7443103427119"
"350628","平和县","Pinghe County","漳州市","Zhangzhou City","福建省","Fujian Province","2015","1.8862324885076","8.26943908519656","-6.38320659668896","4.38410383427305"
"350628","平和县","Pinghe County","漳州市","Zhangzhou City","福建省","Fujian Province","2016","1.8787830248746","7.80909218330977","-5.93030915843517","4.15646302948207"
"350628","平和县","Pinghe County","漳州市","Zhangzhou City","福建省","Fujian Province","2017","1.85295096803032","8.76027460388138","-6.90732363585106","4.72774226357081"
"350629","华安县","Hua'an County","漳州市","Zhangzhou City","福建省","Fujian Province","1997","0.322446559007744",,,
"350629","华安县","Hua'an County","漳州市","Zhangzhou City","福建省","Fujian Province","1998","0.32272522673496",,,
"350629","华安县","Hua'an County","漳州市","Zhangzhou City","福建省","Fujian Province","1999","0.3561412390232",,,
"350629","华安县","Hua'an County","漳州市","Zhangzhou City","福建省","Fujian Province","2000","0.383704658106574","4.37350339806548","-3.98979873995891","11.3980982655956"
"350629","华安县","Hua'an County","漳州市","Zhangzhou City","福建省","Fujian Province","2001","0.366545765071116","4.79816255922624","-4.43161679415512","13.0902141463708"
"350629","华安县","Hua'an County","漳州市","Zhangzhou City","福建省","Fujian Province","2002","0.39862590373875","4.63414456118935","-4.2355186574506","11.6252970961628"
"350629","华安县","Hua'an County","漳州市","Zhangzhou City","福建省","Fujian Province","2003","0.469731695196614","5.00721659599665","-4.53748490080004","10.6597375633782"
"350629","华安县","Hua'an County","漳州市","Zhangzhou City","福建省","Fujian Province","2004","0.512049836093712","4.86344069132632","-4.35139085523261","9.49798310341856"
"350629","华安县","Hua'an County","漳州市","Zhangzhou City","福建省","Fujian Province","2005","0.588998542724155","4.4551790758094","-3.86618053308524","7.56398998069489"
"350629","华安县","Hua'an County","漳州市","Zhangzhou City","福建省","Fujian Province","2006","0.646466188786917","4.55172199955439","-3.90525581076747","7.04092816995676"
"350629","华安县","Hua'an County","漳州市","Zhangzhou City","福建省","Fujian Province","2007","0.676179453597771","4.49269030670168","-3.81651085310391","6.64422777532986"
"350629","华安县","Hua'an County","漳州市","Zhangzhou City","福建省","Fujian Province","2008","0.719525142489258","4.5744799962187","-3.85495485372944","6.35763745571545"
"350629","华安县","Hua'an County","漳州市","Zhangzhou City","福建省","Fujian Province","2009","0.787348823955483","4.8265019038365","-4.03915307988102","6.13006809305832"
"350629","华安县","Hua'an County","漳州市","Zhangzhou City","福建省","Fujian Province","2010","0.876135262409029","4.38359564215163","-3.5074603797426","5.00333205411509"
"350629","华安县","Hua'an County","漳州市","Zhangzhou City","福建省","Fujian Province","2011","1.11006996602831","4.42753920979793","-3.31746924376962","3.98852265649444"
"350629","华安县","Hua'an County","漳州市","Zhangzhou City","福建省","Fujian Province","2012","1.14051873029263","4.61564044281858","-3.47512171252595","4.04696592894561"
"350629","华安县","Hua'an County","漳州市","Zhangzhou City","福建省","Fujian Province","2013","1.15837599776433","4.70021720900083","-3.5418412112365","4.0575920237231"
"350629","华安县","Hua'an County","漳州市","Zhangzhou City","福建省","Fujian Province","2014","1.13827276568957","4.3867023653947","-3.24842959970513","3.85382352773522"
"350629","华安县","Hua'an County","漳州市","Zhangzhou City","福建省","Fujian Province","2015","1.06702512989101","4.48803032105011","-3.4210051911591","4.20611492206236"
"350629","华安县","Hua'an County","漳州市","Zhangzhou City","福建省","Fujian Province","2016","1.10348827991499","4.29506675893229","-3.1915784790173","3.89226314144738"
"350629","华安县","Hua'an County","漳州市","Zhangzhou City","福建省","Fujian Province","2017","1.16360078882447","4.83359862261894","-3.66999783379447","4.1540008128579"
"350681","龙海市","Longhai  City","漳州市","Zhangzhou City","福建省","Fujian Province","1997","2.39817991145036",,,
"350681","龙海市","Longhai  City","漳州市","Zhangzhou City","福建省","Fujian Province","1998","2.26793666294451",,,
"350681","龙海市","Longhai  City","漳州市","Zhangzhou City","福建省","Fujian Province","1999","2.47943474149354",,,
"350681","龙海市","Longhai  City","漳州市","Zhangzhou City","福建省","Fujian Province","2000","2.62417442844124","4.53292195228267","-1.90874752384143","1.72737067443159"
"350681","龙海市","Longhai  City","漳州市","Zhangzhou City","福建省","Fujian Province","2001","2.51717099638844","5.18700771422415","-2.66983671783571","2.06064972211515"
"350681","龙海市","Longhai  City","漳州市","Zhangzhou City","福建省","Fujian Province","2002","2.71368461893554","4.8613202941544","-2.14763567521886","1.79140945865009"
"350681","龙海市","Longhai  City","漳州市","Zhangzhou City","福建省","Fujian Province","2003","3.20500580234687","5.52880469571966","-2.32379889337279","1.72505294426337"
"350681","龙海市","Longhai  City","漳州市","Zhangzhou City","福建省","Fujian Province","2004","3.54708950907328","4.98313378630693","-1.43604427723365","1.4048514348342"
"350681","龙海市","Longhai  City","漳州市","Zhangzhou City","福建省","Fujian Province","2005","4.09709975323506","4.90799842596578","-0.81089867273072","1.19792016830697"
"350681","龙海市","Longhai  City","漳州市","Zhangzhou City","福建省","Fujian Province","2006","4.63856744890257","4.87457594338146","-0.23600849447889","1.05087960821497"
"350681","龙海市","Longhai  City","漳州市","Zhangzhou City","福建省","Fujian Province","2007","4.98013711158926","5.05940550166376","-0.0792683900745006","1.01591690917305"
"350681","龙海市","Longhai  City","漳州市","Zhangzhou City","福建省","Fujian Province","2008","5.28703527600949","5.06359215389089","0.2234431221186","0.957737539007448"
"350681","龙海市","Longhai  City","漳州市","Zhangzhou City","福建省","Fujian Province","2009","5.81699358988263","5.17667443056674","0.64031915931589","0.889922663757171"
"350681","龙海市","Longhai  City","漳州市","Zhangzhou City","福建省","Fujian Province","2010","6.5850019341107","5.0159714484533","1.5690304856574","0.761726647712929"
"350681","龙海市","Longhai  City","漳州市","Zhangzhou City","福建省","Fujian Province","2011","7.84413563899516","4.85281803657924","2.99131760241592","0.618655548541852"
"350681","龙海市","Longhai  City","漳州市","Zhangzhou City","福建省","Fujian Province","2012","7.99352899341719","4.95751310906014","3.03601588435705","0.620190795972935"
"350681","龙海市","Longhai  City","漳州市","Zhangzhou City","福建省","Fujian Province","2013","8.18469419501563","5.1685258726218","3.01616832239383","0.631486742139904"
"350681","龙海市","Longhai  City","漳州市","Zhangzhou City","福建省","Fujian Province","2014","9.24380165669757","4.96124765678658","4.28255399991099","0.536710743159653"
"350681","龙海市","Longhai  City","漳州市","Zhangzhou City","福建省","Fujian Province","2015","8.82686564666792","5.11848354128744","3.70838210538048","0.579875546561608"
"350681","龙海市","Longhai  City","漳州市","Zhangzhou City","福建省","Fujian Province","2016","9.68513752206195","4.76119105402596","4.92394646803599","0.491597671502377"
"350681","龙海市","Longhai  City","漳州市","Zhangzhou City","福建省","Fujian Province","2017","10.1969578229924","5.24285556464189","4.95410225835051","0.514158796736429"
"350702","延平区","Yanping District","南平市","Nanping City","福建省","Fujian Province","1997","1.21644339563929",,,
"350702","延平区","Yanping District","南平市","Nanping City","福建省","Fujian Province","1998","1.13311873516269",,,
"350702","延平区","Yanping District","南平市","Nanping City","福建省","Fujian Province","1999","1.16540443504508",,,
"350702","延平区","Yanping District","南平市","Nanping City","福建省","Fujian Province","2000","1.21981537977118","5.54852577524185","-4.32871039547067","4.54866028684003"
"350702","延平区","Yanping District","南平市","Nanping City","福建省","Fujian Province","2001","1.16677572191774","6.26872904739335","-5.10195332547561","5.37269410876147"
"350702","延平区","Yanping District","南平市","Nanping City","福建省","Fujian Province","2002","1.30310537093103","5.74971084117637","-4.44660547024534","4.41231459054487"
"350702","延平区","Yanping District","南平市","Nanping City","福建省","Fujian Province","2003","1.49762833890061","6.0262514884552","-4.52862314955459","4.02386315210822"
"350702","延平区","Yanping District","南平市","Nanping City","福建省","Fujian Province","2004","1.6283093540408","6.40243639838556","-4.77412704434476","3.93195333705928"
"350702","延平区","Yanping District","南平市","Nanping City","福建省","Fujian Province","2005","1.87335473538253","5.26593627025325","-3.39258153487072","2.81096589492324"
"350702","延平区","Yanping District","南平市","Nanping City","福建省","Fujian Province","2006","2.05749559254484","5.21204925974741","-3.15455366720257","2.53320069245"
"350702","延平区","Yanping District","南平市","Nanping City","福建省","Fujian Province","2007","2.12160855507292","5.85843505753821","-3.73682650246529","2.76131760664816"
"350702","延平区","Yanping District","南平市","Nanping City","福建省","Fujian Province","2008","2.25921408310972","5.50085787233594","-3.24164378922622","2.43485463084765"
"350702","延平区","Yanping District","南平市","Nanping City","福建省","Fujian Province","2009","2.47239716688343","5.82906455683552","-3.35666738995209","2.35765702813166"
"350702","延平区","Yanping District","南平市","Nanping City","福建省","Fujian Province","2010","2.72198564854119","5.31292657119175","-2.59094092265056","1.95185693724695"
"350702","延平区","Yanping District","南平市","Nanping City","福建省","Fujian Province","2011","3.17045499610995","5.33449993873493","-2.16404494262498","1.68256604975633"
"350702","延平区","Yanping District","南平市","Nanping City","福建省","Fujian Province","2012","3.22388136011307","5.8222807422842","-2.59839938217113","1.80598480276582"
"350702","延平区","Yanping District","南平市","Nanping City","福建省","Fujian Province","2013","3.27210479941179","5.62369878685448","-2.35159398744269","1.71867930020622"
"350702","延平区","Yanping District","南平市","Nanping City","福建省","Fujian Province","2014","3.1354110533593","5.54888574389447","-2.41347469053517","1.76974745877398"
"350702","延平区","Yanping District","南平市","Nanping City","福建省","Fujian Province","2015","2.75463008063473","5.20721310858395","-2.45258302794922","1.89034932319627"
"350702","延平区","Yanping District","南平市","Nanping City","福建省","Fujian Province","2016","2.77162120683581","5.06671883924747","-2.29509763241166","1.82807045448748"
"350702","延平区","Yanping District","南平市","Nanping City","福建省","Fujian Province","2017","2.7854904016322","5.63092678304634","-2.84543638141414","2.02152079926278"
"350721","顺昌县","Shunchang County","南平市","Nanping City","福建省","Fujian Province","1997","0.411898630414035",,,
"350721","顺昌县","Shunchang County","南平市","Nanping City","福建省","Fujian Province","1998","0.40185905442627",,,
"350721","顺昌县","Shunchang County","南平市","Nanping City","福建省","Fujian Province","1999","0.418886595110949",,,
"350721","顺昌县","Shunchang County","南平市","Nanping City","福建省","Fujian Province","2000","0.437545121244068","3.87098471528201","-3.43343959403794","8.84705262916811"
"350721","顺昌县","Shunchang County","南平市","Nanping City","福建省","Fujian Province","2001","0.415541794197899","4.52699642857468","-4.11145463437678","10.8942024407266"
"350721","顺昌县","Shunchang County","南平市","Nanping City","福建省","Fujian Province","2002","0.442698810946431","3.86548245701012","-3.42278364606369","8.73163053848334"
"350721","顺昌县","Shunchang County","南平市","Nanping City","福建省","Fujian Province","2003","0.503313943289312","4.1056663184945","-3.60235237520519","8.1572671952275"
"350721","顺昌县","Shunchang County","南平市","Nanping City","福建省","Fujian Province","2004","0.547027995375433","4.46595988047725","-3.91893188510182","8.16404264175218"
"350721","顺昌县","Shunchang County","南平市","Nanping City","福建省","Fujian Province","2005","0.629233073412173","3.70636583683439","-3.07713276342222","5.89029088495889"
"350721","顺昌县","Shunchang County","南平市","Nanping City","福建省","Fujian Province","2006","0.689602277896364","3.6373121669801","-2.94770988908374","5.27450718126359"
"350721","顺昌县","Shunchang County","南平市","Nanping City","福建省","Fujian Province","2007","0.704786292260557","4.26032805235265","-3.55554176009209","6.04485089896956"
"350721","顺昌县","Shunchang County","南平市","Nanping City","福建省","Fujian Province","2008","0.74179763185264","3.88876901993096","-3.14697138807832","5.24235836426002"
"350721","顺昌县","Shunchang County","南平市","Nanping City","福建省","Fujian Province","2009","0.811720756597269","4.08978458374482","-3.27806382714755","5.03841321107666"
"350721","顺昌县","Shunchang County","南平市","Nanping City","福建省","Fujian Province","2010","0.890989208649363","3.71016071123812","-2.81917150258876","4.16409163570263"
"350721","顺昌县","Shunchang County","南平市","Nanping City","福建省","Fujian Province","2011","1.04832073086777","3.69472457396019","-2.64640384309242","3.52442193039701"
"350721","顺昌县","Shunchang County","南平市","Nanping City","福建省","Fujian Province","2012","1.05030661153157","4.20845775987934","-3.15815114834777","4.00688495499663"
"350721","顺昌县","Shunchang County","南平市","Nanping City","福建省","Fujian Province","2013","1.07116180884354","3.99973084059393","-2.92856903175039","3.73401180622017"
"350721","顺昌县","Shunchang County","南平市","Nanping City","福建省","Fujian Province","2014","1.01161716643745","3.8689474217538","-2.85733025531635","3.82451736695892"
"350721","顺昌县","Shunchang County","南平市","Nanping City","福建省","Fujian Province","2015","0.897301023661142","3.73019810939527","-2.83289708573413","4.15713123136249"
"350721","顺昌县","Shunchang County","南平市","Nanping City","福建省","Fujian Province","2016","0.917694471685627","3.49335739709606","-2.57566292541043","3.80666714781385"
"350721","顺昌县","Shunchang County","南平市","Nanping City","福建省","Fujian Province","2017","0.944701491068686","3.98303691505449","-3.0383354239858","4.21618569750399"
"350722","浦城县","Pucheng County","南平市","Nanping City","福建省","Fujian Province","1997","0.247139178248421",,,
"350722","浦城县","Pucheng County","南平市","Nanping City","福建省","Fujian Province","1998","0.252694216646177",,,
"350722","浦城县","Pucheng County","南平市","Nanping City","福建省","Fujian Province","1999","0.267456461982974",,,
"350722","浦城县","Pucheng County","南平市","Nanping City","福建省","Fujian Province","2000","0.281992470957688","7.52233316885525","-7.24034069789756","26.6756525211765"
"350722","浦城县","Pucheng County","南平市","Nanping City","福建省","Fujian Province","2001","0.274100427096055","8.75087351255261","-8.47677308545656","31.9257930579071"
"350722","浦城县","Pucheng County","南平市","Nanping City","福建省","Fujian Province","2002","0.297184351953472","7.97872011291596","-7.68153576096249","26.847712742847"
"350722","浦城县","Pucheng County","南平市","Nanping City","福建省","Fujian Province","2003","0.340160187972287","7.73390993777471","-7.39374974980242","22.7360820320478"
"350722","浦城县","Pucheng County","南平市","Nanping City","福建省","Fujian Province","2004","0.370920567339639","8.49965872011705","-8.12873815277741","22.9150375269814"
"350722","浦城县","Pucheng County","南平市","Nanping City","福建省","Fujian Province","2005","0.43435799868847","7.26585597277361","-6.83149797408514","16.7278051623606"
"350722","浦城县","Pucheng County","南平市","Nanping City","福建省","Fujian Province","2006","0.481207038509834","7.22186838338613","-6.7406613448763","15.0078195151722"
"350722","浦城县","Pucheng County","南平市","Nanping City","福建省","Fujian Province","2007","0.504538421621055","8.30884075891198","-7.80430233729093","16.4682022277235"
"350722","浦城县","Pucheng County","南平市","Nanping City","福建省","Fujian Province","2008","0.545882216156224","7.66921775092209","-7.12333553476587","14.0492170727307"
"350722","浦城县","Pucheng County","南平市","Nanping City","福建省","Fujian Province","2009","0.597338015766742","7.92206695308399","-7.32472893731725","13.2622849106887"
"350722","浦城县","Pucheng County","南平市","Nanping City","福建省","Fujian Province","2010","0.660505476153515","7.16331476361377","-6.50280928746026","10.8452011712752"
"350722","浦城县","Pucheng County","南平市","Nanping City","福建省","Fujian Province","2011","0.772998452995984","7.44448238530124","-6.67148393230526","9.63065625351247"
"350722","浦城县","Pucheng County","南平市","Nanping City","福建省","Fujian Province","2012","0.774862712869282","8.28792299459439","-7.51306028172511","10.69598892416"
"350722","浦城县","Pucheng County","南平市","Nanping City","福建省","Fujian Province","2013","0.814094412647503","7.89585382694316","-7.08175941429566","9.69894118455522"
"350722","浦城县","Pucheng County","南平市","Nanping City","福建省","Fujian Province","2014","0.762950991651458","8.07700151297655","-7.31405052132509","10.5865273148061"
"350722","浦城县","Pucheng County","南平市","Nanping City","福建省","Fujian Province","2015","0.661265636475652","7.75721941055408","-7.09595377407843","11.7308672682551"
"350722","浦城县","Pucheng County","南平市","Nanping City","福建省","Fujian Province","2016","0.662222631218072","7.44449453074977","-6.7822718995317","11.2416794289506"
"350722","浦城县","Pucheng County","南平市","Nanping City","福建省","Fujian Province","2017","0.643200080838233","8.02105558849259","-7.37785550765436","12.4705450565855"
"350723","光泽县","Guangze County","南平市","Nanping City","福建省","Fujian Province","1997","0.154936750327442",,,
"350723","光泽县","Guangze County","南平市","Nanping City","福建省","Fujian Province","1998","0.146009194344549",,,
"350723","光泽县","Guangze County","南平市","Nanping City","福建省","Fujian Province","1999","0.145587921201741",,,
"350723","光泽县","Guangze County","南平市","Nanping City","福建省","Fujian Province","2000","0.1517765092066","4.58305735436313","-4.43128084515653","30.1960914658053"
"350723","光泽县","Guangze County","南平市","Nanping City","福建省","Fujian Province","2001","0.143983613896157","5.54997964025135","-5.40599602635519","38.545911510834"
"350723","光泽县","Guangze County","南平市","Nanping City","福建省","Fujian Province","2002","0.1617648046673","5.01753724894851","-4.85577244428121","31.0174840520348"
"350723","光泽县","Guangze County","南平市","Nanping City","福建省","Fujian Province","2003","0.186661328981913","5.05905825552455","-4.87239692654264","27.1028727970471"
"350723","光泽县","Guangze County","南平市","Nanping City","福建省","Fujian Province","2004","0.203025402787379","5.38436622682626","-5.18134082403888","26.5206528488709"
"350723","光泽县","Guangze County","南平市","Nanping City","福建省","Fujian Province","2005","0.233885076216868","4.63452103575114","-4.40063595953427","19.8153773242625"
"350723","光泽县","Guangze County","南平市","Nanping City","福建省","Fujian Province","2006","0.256324227285916","4.71053604624941","-4.45421181896349","18.3772563995484"
"350723","光泽县","Guangze County","南平市","Nanping City","福建省","Fujian Province","2007","0.264319351754098","5.27482080344765","-5.01050145169355","19.9562414497556"
"350723","光泽县","Guangze County","南平市","Nanping City","福建省","Fujian Province","2008","0.282530652109568","4.94435596481028","-4.66182531270071","17.5002461782193"
"350723","光泽县","Guangze County","南平市","Nanping City","福建省","Fujian Province","2009","0.309162478881918","4.92688656779999","-4.61772408891807","15.9362371061909"
"350723","光泽县","Guangze County","南平市","Nanping City","福建省","Fujian Province","2010","0.339165105820958","4.6675226606702","-4.32835755484924","13.7618009062941"
"350723","光泽县","Guangze County","南平市","Nanping City","福建省","Fujian Province","2011","0.389473386907101","4.72583550744075","-4.33636212053365","12.1339112409444"
"350723","光泽县","Guangze County","南平市","Nanping City","福建省","Fujian Province","2012","0.388845339487322","5.10412923026006","-4.71528389077274","13.1263736810879"
"350723","光泽县","Guangze County","南平市","Nanping City","福建省","Fujian Province","2013","0.393178720544544","5.19065379882204","-4.7974750782775","13.201766849521"
"350723","光泽县","Guangze County","南平市","Nanping City","福建省","Fujian Province","2014","0.369290959120736","5.14928682501419","-4.77999586589345","13.9437121268129"
"350723","光泽县","Guangze County","南平市","Nanping City","福建省","Fujian Province","2015","0.321332865213881","4.97624114507595","-4.65490827986207","15.4862501903244"
"350723","光泽县","Guangze County","南平市","Nanping City","福建省","Fujian Province","2016","0.321097342234631","4.7378301672002","-4.41673282496557","14.7551210926504"
"350723","光泽县","Guangze County","南平市","Nanping City","福建省","Fujian Province","2017","0.31183553771184","5.21942569710814","-4.9075901593963","16.7377513653729"
"350724","松溪县","Songxi County","南平市","Nanping City","福建省","Fujian Province","1997","0.13267195949425",,,
"350724","松溪县","Songxi County","南平市","Nanping City","福建省","Fujian Province","1998","0.129381380857265",,,
"350724","松溪县","Songxi County","南平市","Nanping City","福建省","Fujian Province","1999","0.139395176559934",,,
"350724","松溪县","Songxi County","南平市","Nanping City","福建省","Fujian Province","2000","0.146051392085645","2.23246948541592","-2.08641809333028","15.2855063791983"
"350724","松溪县","Songxi County","南平市","Nanping City","福建省","Fujian Province","2001","0.140170243704686","2.57060601353677","-2.43043576983208","18.3391706085108"
"350724","松溪县","Songxi County","南平市","Nanping City","福建省","Fujian Province","2002","0.152039218998566","2.31488434556321","-2.16284512656464","15.2255737750471"
"350724","松溪县","Songxi County","南平市","Nanping City","福建省","Fujian Province","2003","0.183163178138924","2.27320044743325","-2.09003726929433","12.4107938644147"
"350724","松溪县","Songxi County","南平市","Nanping City","福建省","Fujian Province","2004","0.20165669220679","2.48588786543214","-2.28423117322535","12.3273263992795"
"350724","松溪县","Songxi County","南平市","Nanping City","福建省","Fujian Province","2005","0.232835479764137","2.0971394433211","-1.86430396355696","9.00695824126765"
"350724","松溪县","Songxi County","南平市","Nanping City","福建省","Fujian Province","2006","0.255365647527928","2.14665805083573","-1.8912924033078","8.40621309724504"
"350724","松溪县","Songxi County","南平市","Nanping City","福建省","Fujian Province","2007","0.264907163507443","2.48222568156899","-2.21731851806155","9.37017198290769"
"350724","松溪县","Songxi County","南平市","Nanping City","福建省","Fujian Province","2008","0.290367268737425","2.25250088379099","-1.96213361505357","7.75742008934173"
"350724","松溪县","Songxi County","南平市","Nanping City","福建省","Fujian Province","2009","0.317737788515139","2.38551252235272","-2.06777473383758","7.50780237220371"
"350724","松溪县","Songxi County","南平市","Nanping City","福建省","Fujian Province","2010","0.35599957822667","2.11236524826658","-1.75636567003991","5.93361727783174"
"350724","松溪县","Songxi County","南平市","Nanping City","福建省","Fujian Province","2011","0.422897284838037","2.19178402855493","-1.76888674371689","5.1827810372307"
"350724","松溪县","Songxi County","南平市","Nanping City","福建省","Fujian Province","2012","0.448515424310467","2.43413837501119","-1.98562295070072","5.42710070395763"
"350724","松溪县","Songxi County","南平市","Nanping City","福建省","Fujian Province","2013","0.459518693756424","2.31648874072061","-1.85697004696419","5.04111970240868"
"350724","松溪县","Songxi County","南平市","Nanping City","福建省","Fujian Province","2014","0.434590108499494","2.35137475423115","-1.91678464573166","5.41055746148877"
"350724","松溪县","Songxi County","南平市","Nanping City","福建省","Fujian Province","2015","0.388592576247254","2.29199959303961","-1.90340701679236","5.89820735942535"
"350724","松溪县","Songxi County","南平市","Nanping City","福建省","Fujian Province","2016","0.416253601696563","2.13807459400606","-1.7218209923095","5.13647109668652"
"350724","松溪县","Songxi County","南平市","Nanping City","福建省","Fujian Province","2017","0.428189705337068","2.35465640692867","-1.9264667015916","5.49909625939068"
"350725","政和县","Zhenghe County","南平市","Nanping City","福建省","Fujian Province","1997","0.156115474548022",,,
"350725","政和县","Zhenghe County","南平市","Nanping City","福建省","Fujian Province","1998","0.159724106199025",,,
"350725","政和县","Zhenghe County","南平市","Nanping City","福建省","Fujian Province","1999","0.179706438850945",,,
"350725","政和县","Zhenghe County","南平市","Nanping City","福建省","Fujian Province","2000","0.189294297999243","4.03427719040766","-3.84498289240842","21.3121960515884"
"350725","政和县","Zhenghe County","南平市","Nanping City","福建省","Fujian Province","2001","0.182348429155808","4.61904004985852","-4.43669162070271","25.330846397979"
"350725","政和县","Zhenghe County","南平市","Nanping City","福建省","Fujian Province","2002","0.196235234885598","4.23600196221931","-4.03976672733371","21.5863474502366"
"350725","政和县","Zhenghe County","南平市","Nanping City","福建省","Fujian Province","2003","0.225140988254796","4.28772661287644","-4.06258562462164","19.0446290838163"
"350725","政和县","Zhenghe County","南平市","Nanping City","福建省","Fujian Province","2004","0.245151272878843","4.55789049094319","-4.31273921806435","18.5921551106763"
"350725","政和县","Zhenghe County","南平市","Nanping City","福建省","Fujian Province","2005","0.282341445784611","3.89419217091124","-3.61185072512663","13.7924921369213"
"350725","政和县","Zhenghe County","南平市","Nanping City","福建省","Fujian Province","2006","0.310196409684826","4.05432574389436","-3.74412933420953","13.0701891360179"
"350725","政和县","Zhenghe County","南平市","Nanping City","福建省","Fujian Province","2007","0.320161468321865","4.45851150029963","-4.13835003197777","13.9258216289082"
"350725","政和县","Zhenghe County","南平市","Nanping City","福建省","Fujian Province","2008","0.3371807417512","4.15389714210508","-3.81671640035388","12.319497016737"
"350725","政和县","Zhenghe County","南平市","Nanping City","福建省","Fujian Province","2009","0.370317976529363","4.44333527461902","-4.07301729808966","11.998702618388"
"350725","政和县","Zhenghe County","南平市","Nanping City","福建省","Fujian Province","2010","0.431259572511028","3.86698936239793","-3.4357297898869","8.96673281912843"
"350725","政和县","Zhenghe County","南平市","Nanping City","福建省","Fujian Province","2011","0.536198633756467","3.97086910744667","-3.4346704736902","7.40559348245221"
"350725","政和县","Zhenghe County","南平市","Nanping City","福建省","Fujian Province","2012","0.60829550926344","4.38434589829794","-3.7760503890345","7.20759208564068"
"350725","政和县","Zhenghe County","南平市","Nanping City","福建省","Fujian Province","2013","0.657108872590082","4.18030217325393","-3.52319330066385","6.3616583912141"
"350725","政和县","Zhenghe County","南平市","Nanping City","福建省","Fujian Province","2014","0.62490717615861","4.30780005075401","-3.6828928745954","6.89350389162539"
"350725","政和县","Zhenghe County","南平市","Nanping City","福建省","Fujian Province","2015","0.544422410646175","4.07411848820123","-3.52969607755506","7.48337762834865"
"350725","政和县","Zhenghe County","南平市","Nanping City","福建省","Fujian Province","2016","0.544913447652653","3.87388452924501","-3.32897108159236","7.10917402742162"
"350725","政和县","Zhenghe County","南平市","Nanping City","福建省","Fujian Province","2017","0.532352856221472","4.26117018503941","-3.72881732881794","8.00440935976994"
"350781","邵武市","Shaowu City","南平市","Nanping City","福建省","Fujian Province","1997","0.483538869153773",,,
"350781","邵武市","Shaowu City","南平市","Nanping City","福建省","Fujian Province","1998","0.472132806317786",,,
"350781","邵武市","Shaowu City","南平市","Nanping City","福建省","Fujian Province","1999","0.487474163124931",,,
"350781","邵武市","Shaowu City","南平市","Nanping City","福建省","Fujian Province","2000","0.510631722788177","5.79360033884991","-5.28296861606173","11.3459467563343"
"350781","邵武市","Shaowu City","南平市","Nanping City","福建省","Fujian Province","2001","0.48626247774882","6.91371805425764","-6.42745557650882","14.2180784465729"
"350781","邵武市","Shaowu City","南平市","Nanping City","福建省","Fujian Province","2002","0.519518626861496","6.05245207203445","-5.53293344517295","11.6501156245319"
"350781","邵武市","Shaowu City","南平市","Nanping City","福建省","Fujian Province","2003","0.59608490364539","6.34865432835328","-5.75256942470789","10.6505873400379"
"350781","邵武市","Shaowu City","南平市","Nanping City","福建省","Fujian Province","2004","0.653027025894387","6.74547897663627","-6.09245195074188","10.3295556066729"
"350781","邵武市","Shaowu City","南平市","Nanping City","福建省","Fujian Province","2005","0.753785185802906","5.69940744508282","-4.94562225927991","7.56104995485154"
"350781","邵武市","Shaowu City","南平市","Nanping City","福建省","Fujian Province","2006","0.836456696820083","5.73147414416089","-4.89501744734081","6.85208710259594"
"350781","邵武市","Shaowu City","南平市","Nanping City","福建省","Fujian Province","2007","0.866042649928179","6.44879644732557","-5.58275379739739","7.44628044341739"
"350781","邵武市","Shaowu City","南平市","Nanping City","福建省","Fujian Province","2008","0.927814163387553","5.97428686209884","-5.04647269871129","6.43909858013598"
"350781","邵武市","Shaowu City","南平市","Nanping City","福建省","Fujian Province","2009","1.01527152736478","6.13940699303748","-5.1241354656727","6.04705916354496"
"350781","邵武市","Shaowu City","南平市","Nanping City","福建省","Fujian Province","2010","1.12320590153992","5.69412910819716","-4.57092320665724","5.06953275476071"
"350781","邵武市","Shaowu City","南平市","Nanping City","福建省","Fujian Province","2011","1.31769468792133","5.70797052943615","-4.39027584151482","4.33178533825654"
"350781","邵武市","Shaowu City","南平市","Nanping City","福建省","Fujian Province","2012","1.31556983221456","6.32764976668454","-5.01207993446998","4.80981671344114"
"350781","邵武市","Shaowu City","南平市","Nanping City","福建省","Fujian Province","2013","1.33995307961581","6.29492421854399","-4.95497113892818","4.69786913758866"
"350781","邵武市","Shaowu City","南平市","Nanping City","福建省","Fujian Province","2014","1.25680975477284","6.00002226378528","-4.74321250901244","4.77400994144077"
"350781","邵武市","Shaowu City","南平市","Nanping City","福建省","Fujian Province","2015","1.10104661266616","5.81071756275494","-4.70967095008878","5.27744919779955"
"350781","邵武市","Shaowu City","南平市","Nanping City","福建省","Fujian Province","2016","1.10100473965983","5.54630771389088","-4.44530297423105","5.03749667381494"
"350781","邵武市","Shaowu City","南平市","Nanping City","福建省","Fujian Province","2017","1.07067767096027","6.20647594221716","-5.13579827125689","5.79677349267095"
"350782","武夷山市","Wuyishan City","南平市","Nanping City","福建省","Fujian Province","1997","0.478169125482239",,,
"350782","武夷山市","Wuyishan City","南平市","Nanping City","福建省","Fujian Province","1998","0.502839644363647",,,
"350782","武夷山市","Wuyishan City","南平市","Nanping City","福建省","Fujian Province","1999","0.531991818002831",,,
"350782","武夷山市","Wuyishan City","南平市","Nanping City","福建省","Fujian Province","2000","0.560452422840745","6.14812545968799","-5.58767303684724","10.9699328776655"
"350782","武夷山市","Wuyishan City","南平市","Nanping City","福建省","Fujian Province","2001","0.553978687815552","7.15300037724252","-6.59902168942697","12.9120497495097"
"350782","武夷山市","Wuyishan City","南平市","Nanping City","福建省","Fujian Province","2002","0.623668569592498","6.49742103685901","-5.87375246726651","10.4180671491982"
"350782","武夷山市","Wuyishan City","南平市","Nanping City","福建省","Fujian Province","2003","0.822205374136223","6.44635767813385","-5.62415230399763","7.8403253991208"
"350782","武夷山市","Wuyishan City","南平市","Nanping City","福建省","Fujian Province","2004","0.903501062142187","6.95820701322959","-6.0547059510874","7.70138221722926"
"350782","武夷山市","Wuyishan City","南平市","Nanping City","福建省","Fujian Province","2005","1.04732232708331","5.85184158708035","-4.80451925999704","5.5874313339401"
"350782","武夷山市","Wuyishan City","南平市","Nanping City","福建省","Fujian Province","2006","1.15259630100443","5.96183543614923","-4.8092391351448","5.17252695584203"
"350782","武夷山市","Wuyishan City","南平市","Nanping City","福建省","Fujian Province","2007","1.20305472184593","6.72207102581488","-5.51901630396895","5.58750230039473"
"350782","武夷山市","Wuyishan City","南平市","Nanping City","福建省","Fujian Province","2008","1.31201460490589","6.3306796466884","-5.01866504178251","4.82515943268977"
"350782","武夷山市","Wuyishan City","南平市","Nanping City","福建省","Fujian Province","2009","1.43749269377943","6.44325688276228","-5.00576418898285","4.48228843920019"
"350782","武夷山市","Wuyishan City","南平市","Nanping City","福建省","Fujian Province","2010","1.58664902423833","5.92741525188948","-4.34076622765115","3.73580745416267"
"350782","武夷山市","Wuyishan City","南平市","Nanping City","福建省","Fujian Province","2011","1.92555642486871","6.13509850422785","-4.20954207935914","3.18614319735978"
"350782","武夷山市","Wuyishan City","南平市","Nanping City","福建省","Fujian Province","2012","1.95044822286841","6.72498993308763","-4.77454171021922","3.4479202545544"
"350782","武夷山市","Wuyishan City","南平市","Nanping City","福建省","Fujian Province","2013","1.98791161107322","6.49705959408023","-4.50914798300701","3.26828394073952"
"350782","武夷山市","Wuyishan City","南平市","Nanping City","福建省","Fujian Province","2014","1.90773994224891","6.49713730113055","-4.58939735888164","3.40567241752642"
"350782","武夷山市","Wuyishan City","南平市","Nanping City","福建省","Fujian Province","2015","1.68799708117502","6.27221636388539","-4.58421928271037","3.71577441325863"
"350782","武夷山市","Wuyishan City","南平市","Nanping City","福建省","Fujian Province","2016","1.70407960565637","5.93399653764317","-4.2299169319868","3.48222965520296"
"350782","武夷山市","Wuyishan City","南平市","Nanping City","福建省","Fujian Province","2017","1.65832802132247","6.6270180898401","-4.96869006851763","3.99620461370196"
"350783","建瓯市","Jian'ou City","南平市","Nanping City","福建省","Fujian Province","1997","0.578098745515914",,,
"350783","建瓯市","Jian'ou City","南平市","Nanping City","福建省","Fujian Province","1998","0.558670258992485",,,
"350783","建瓯市","Jian'ou City","南平市","Nanping City","福建省","Fujian Province","1999","0.617521800602891",,,
"350783","建瓯市","Jian'ou City","南平市","Nanping City","福建省","Fujian Province","2000","0.649496265721985","9.47930666614068","-8.82981040041869","14.5948593801435"
"350783","建瓯市","Jian'ou City","南平市","Nanping City","福建省","Fujian Province","2001","0.62215712457216","10.7083653188743","-10.0862081943021","17.2116735402462"
"350783","建瓯市","Jian'ou City","南平市","Nanping City","福建省","Fujian Province","2002","0.678821257941775","9.83831494429093","-9.15949368634915","14.4932334236575"
"350783","建瓯市","Jian'ou City","南平市","Nanping City","福建省","Fujian Province","2003","0.777289117312239","10.0868219902741","-9.30953287296186","12.9769242430062"
"350783","建瓯市","Jian'ou City","南平市","Nanping City","福建省","Fujian Province","2004","0.844950665083654","10.7447834545479","-9.89983278946425","12.7164625090675"
"350783","建瓯市","Jian'ou City","南平市","Nanping City","福建省","Fujian Province","2005","0.97280097893942","9.05893142441896","-8.08613044547954","9.31221454391967"
"350783","建瓯市","Jian'ou City","南平市","Nanping City","福建省","Fujian Province","2006","1.07897737559098","9.20224031465676","-8.12326293906578","8.5286684622247"
"350783","建瓯市","Jian'ou City","南平市","Nanping City","福建省","Fujian Province","2007","1.14251011125141","10.3821417265342","-9.23963161528279","9.08713334288348"
"350783","建瓯市","Jian'ou City","南平市","Nanping City","福建省","Fujian Province","2008","1.21323199004423","9.79204776410745","-8.57881577406322","8.07104316772134"
"350783","建瓯市","Jian'ou City","南平市","Nanping City","福建省","Fujian Province","2009","1.32759333084841","10.2632469571929","-8.93565362634449","7.73071596452965"
"350783","建瓯市","Jian'ou City","南平市","Nanping City","福建省","Fujian Province","2010","1.46831258585701","9.10083182442382","-7.63251923856681","6.19815692658654"
"350783","建瓯市","Jian'ou City","南平市","Nanping City","福建省","Fujian Province","2011","1.7312446114736","9.43371493393361","-7.70247032246001","5.44909417849614"
"350783","建瓯市","Jian'ou City","南平市","Nanping City","福建省","Fujian Province","2012","1.76691322263039","10.1457140179197","-8.37880079528931","5.74205563010947"
"350783","建瓯市","Jian'ou City","南平市","Nanping City","福建省","Fujian Province","2013","1.81977409276035","9.9257905071907","-8.10601641443035","5.4544080755291"
"350783","建瓯市","Jian'ou City","南平市","Nanping City","福建省","Fujian Province","2014","1.76798022933898","10.1001636867588","-8.33218345741982","5.71282614994801"
"350783","建瓯市","Jian'ou City","南平市","Nanping City","福建省","Fujian Province","2015","1.53962835344269","9.53288112536367","-7.99325277192098","6.19167677969014"
"350783","建瓯市","Jian'ou City","南平市","Nanping City","福建省","Fujian Province","2016","1.53306664580632","9.02189987994825","-7.48883323414193","5.88487128372893"
"350783","建瓯市","Jian'ou City","南平市","Nanping City","福建省","Fujian Province","2017","1.50788511978688","10.1923978204149","-8.68451270062802","6.75939943081039"
"350784","建阳市","Jianyang City","南平市","Nanping City","福建省","Fujian Province","1997","0.410196028762085",,,
"350784","建阳市","Jianyang City","南平市","Nanping City","福建省","Fujian Province","1998","0.408655824902824",,,
"350784","建阳市","Jianyang City","南平市","Nanping City","福建省","Fujian Province","1999","0.441320688907686",,,
"350784","建阳市","Jianyang City","南平市","Nanping City","福建省","Fujian Province","2000","0.464587163815388","6.86625269035252","-6.40166552653713","14.7792561334754"
"350784","建阳市","Jianyang City","南平市","Nanping City","福建省","Fujian Province","2001","0.453559939440142","8.1677122254603","-7.71415228602016","18.0080106623663"
"350784","建阳市","Jianyang City","南平市","Nanping City","福建省","Fujian Province","2002","0.488987674382432","7.1944515881091","-6.70546391372667","14.7129507859178"
"350784","建阳市","Jianyang City","南平市","Nanping City","福建省","Fujian Province","2003","0.558864578675983","7.23090762791435","-6.67204304923837","12.9385684901434"
"350784","建阳市","Jianyang City","南平市","Nanping City","福建省","Fujian Province","2004","0.608619971501941","7.89390299413649","-7.28528302263455","12.9701675327151"
"350784","建阳市","Jianyang City","南平市","Nanping City","福建省","Fujian Province","2005","0.701480295908483","6.61646714525353","-5.91498684934505","9.43214967525864"
"350784","建阳市","Jianyang City","南平市","Nanping City","福建省","Fujian Province","2006","0.783543094179161","6.67384060141115","-5.89029750723199","8.51751569376367"
"350784","建阳市","Jianyang City","南平市","Nanping City","福建省","Fujian Province","2007","0.847232673821142","7.58096757949421","-6.73373490567307","8.94791692263584"
"350784","建阳市","Jianyang City","南平市","Nanping City","福建省","Fujian Province","2008","0.955654775091781","6.98659084376239","-6.03093606867061","7.31078944600198"
"350784","建阳市","Jianyang City","南平市","Nanping City","福建省","Fujian Province","2009","1.06378972660537","7.23111483951967","-6.1673251129143","6.7975039226922"
"350784","建阳市","Jianyang City","南平市","Nanping City","福建省","Fujian Province","2010","1.27149779817258","6.45488904000348","-5.1833912418309","5.07660260936398"
"350784","建阳市","Jianyang City","南平市","Nanping City","福建省","Fujian Province","2011","1.75843693521402","6.73134255383063","-4.97290561861661","3.82802614016485"
"350784","建阳市","Jianyang City","南平市","Nanping City","福建省","Fujian Province","2012","1.92527932453068","7.6150238118413","-5.68974448731062","3.95528259968075"
"350784","建阳市","Jianyang City","南平市","Nanping City","福建省","Fujian Province","2013","1.95845895055242","7.21880807474154","-5.26034912418912","3.68596343196539"
"350784","建阳市","Jianyang City","南平市","Nanping City","福建省","Fujian Province","2014","1.85986064469442","7.1817077069442","-5.32184706224978","3.86142248207213"
"350784","建阳市","Jianyang City","南平市","Nanping City","福建省","Fujian Province","2015","1.65501046940322","6.98024940918073","-5.32523893977751","4.21764667851179"
"350784","建阳市","Jianyang City","南平市","Nanping City","福建省","Fujian Province","2016","1.69974214244645","6.36313577384655","-4.6633936314001","3.74358887442071"
"350784","建阳市","Jianyang City","南平市","Nanping City","福建省","Fujian Province","2017","1.68319573170136","7.29786319518357","-5.61466746348221","4.335718691377"
"350802","新罗区","Xinluo District","龙岩市","Longyan City","福建省","Fujian Province","1997","1.83501167272847",,,
"350802","新罗区","Xinluo District","龙岩市","Longyan City","福建省","Fujian Province","1998","1.73269098791586",,,
"350802","新罗区","Xinluo District","龙岩市","Longyan City","福建省","Fujian Province","1999","1.90841694782347",,,
"350802","新罗区","Xinluo District","龙岩市","Longyan City","福建省","Fujian Province","2000","2.04886106328653","8.14375854283815","-6.09489747955162","3.97477344304398"
"350802","新罗区","Xinluo District","龙岩市","Longyan City","福建省","Fujian Province","2001","2.01357501776929","9.01767740732354","-7.00410238955425","4.47844124392924"
"350802","新罗区","Xinluo District","龙岩市","Longyan City","福建省","Fujian Province","2002","2.15895690977964","8.50947295877581","-6.35051604899617","3.94147419998501"
"350802","新罗区","Xinluo District","龙岩市","Longyan City","福建省","Fujian Province","2003","2.51055289699662","9.2280096370366","-6.71745674003998","3.67568819126499"
"350802","新罗区","Xinluo District","龙岩市","Longyan City","福建省","Fujian Province","2004","2.7430480824539","9.33173523503145","-6.58868715257755","3.40195831590505"
"350802","新罗区","Xinluo District","龙岩市","Longyan City","福建省","Fujian Province","2005","3.22208617714173","8.34878842950027","-5.12670225235854","2.59111270478382"
"350802","新罗区","Xinluo District","龙岩市","Longyan City","福建省","Fujian Province","2006","3.60291787837264","8.33994937175598","-4.73703149338334","2.31477642657871"
"350802","新罗区","Xinluo District","龙岩市","Longyan City","福建省","Fujian Province","2007","3.7112474733687","8.39922522838151","-4.68797775501281","2.26318112404332"
"350802","新罗区","Xinluo District","龙岩市","Longyan City","福建省","Fujian Province","2008","3.95728517031424","8.52648688381524","-4.569201713501","2.15463038847366"
"350802","新罗区","Xinluo District","龙岩市","Longyan City","福建省","Fujian Province","2009","4.33256235916346","8.74337538896886","-4.4108130298054","2.018061060443"
"350802","新罗区","Xinluo District","龙岩市","Longyan City","福建省","Fujian Province","2010","4.86615278833339","7.92629530911619","-3.0601425207828","1.62886281090875"
"350802","新罗区","Xinluo District","龙岩市","Longyan City","福建省","Fujian Province","2011","5.67866360779168","7.93063394905347","-2.25197034126179","1.39656695603026"
"350802","新罗区","Xinluo District","龙岩市","Longyan City","福建省","Fujian Province","2012","5.75293144813861","8.51542967563865","-2.76249822750004","1.4801896654607"
"350802","新罗区","Xinluo District","龙岩市","Longyan City","福建省","Fujian Province","2013","5.83677385000381","8.56896627396986","-2.73219242396605","1.46809975753374"
"350802","新罗区","Xinluo District","龙岩市","Longyan City","福建省","Fujian Province","2014","5.6313827407426","7.83948210540152","-2.20809936465892","1.39210607169062"
"350802","新罗区","Xinluo District","龙岩市","Longyan City","福建省","Fujian Province","2015","5.00397973867392","7.9992179210275","-2.99523818235358","1.59857120507593"
"350802","新罗区","Xinluo District","龙岩市","Longyan City","福建省","Fujian Province","2016","5.16399871401047","7.81002423474021","-2.64602552072974","1.51239856306525"
"350802","新罗区","Xinluo District","龙岩市","Longyan City","福建省","Fujian Province","2017","5.25128860506172","8.65038447248318","-3.39909586742146","1.64728795597809"
"350821","长汀县","Changting County","龙岩市","Longyan City","福建省","Fujian Province","1997","0.339603544885085",,,
"350821","长汀县","Changting County","龙岩市","Longyan City","福建省","Fujian Province","1998","0.328186917296476",,,
"350821","长汀县","Changting County","龙岩市","Longyan City","福建省","Fujian Province","1999","0.340016734106795",,,
"350821","长汀县","Changting County","龙岩市","Longyan City","福建省","Fujian Province","2000","0.362631354661356","7.99836479024032","-7.63573343557896","22.0564622651276"
"350821","长汀县","Changting County","龙岩市","Longyan City","福建省","Fujian Province","2001","0.357879014635954","8.99401636999118","-8.63613735535523","25.1314438739589"
"350821","长汀县","Changting County","龙岩市","Longyan City","福建省","Fujian Province","2002","0.416599770924006","8.45898155613312","-8.04238178520911","20.3048156684564"
"350821","长汀县","Changting County","龙岩市","Longyan City","福建省","Fujian Province","2003","0.524862552482126","9.11770288175842","-8.59284032927629","17.3716010765865"
"350821","长汀县","Changting County","龙岩市","Longyan City","福建省","Fujian Province","2004","0.59371623406886","9.41960836564175","-8.82589213157289","15.8655058176315"
"350821","长汀县","Changting County","龙岩市","Longyan City","福建省","Fujian Province","2005","0.760082764519291","8.10185143942603","-7.34176867490674","10.6591700504484"
"350821","长汀县","Changting County","龙岩市","Longyan City","福建省","Fujian Province","2006","0.892246038734968","8.15676160846056","-7.26451556972559","9.14183000467592"
"350821","长汀县","Changting County","龙岩市","Longyan City","福建省","Fujian Province","2007","1.01671839603559","8.90840772518511","-7.89168932914952","8.76192243586913"
"350821","长汀县","Changting County","龙岩市","Longyan City","福建省","Fujian Province","2008","1.13383468999884","8.593732034188","-7.45989734418916","7.57935183143567"
"350821","长汀县","Changting County","龙岩市","Longyan City","福建省","Fujian Province","2009","1.24093757034428","8.62039749552591","-7.37945992518163","6.94668104305546"
"350821","长汀县","Changting County","龙岩市","Longyan City","福建省","Fujian Province","2010","1.37101923798282","8.02077655931037","-6.64975732132755","5.85022903917186"
"350821","长汀县","Changting County","龙岩市","Longyan City","福建省","Fujian Province","2011","1.62530785023487","7.97903032424144","-6.35372247400657","4.90924246941181"
"350821","长汀县","Changting County","龙岩市","Longyan City","福建省","Fujian Province","2012","1.6608644936793","8.57761102983602","-6.91674653615672","5.1645459713779"
"350821","长汀县","Changting County","龙岩市","Longyan City","福建省","Fujian Province","2013","1.69224121322372","8.64199602241846","-6.94975480919474","5.1068346255174"
"350821","长汀县","Changting County","龙岩市","Longyan City","福建省","Fujian Province","2014","1.61369871387239","7.9988878216702","-6.38518910779781","4.95686571037495"
"350821","长汀县","Changting County","龙岩市","Longyan City","福建省","Fujian Province","2015","1.41532560742873","8.07942675372241","-6.66410114629368","5.70852863207964"
"350821","长汀县","Changting County","龙岩市","Longyan City","福建省","Fujian Province","2016","1.41034478429072","7.9546226814363","-6.54427789714558","5.64019718443301"
"350821","长汀县","Changting County","龙岩市","Longyan City","福建省","Fujian Province","2017","1.37085619548676","8.7011230335378","-7.33026683805104","6.3472179373623"
"350822","永定县","Yongding County","龙岩市","Longyan City","福建省","Fujian Province","1997","0.858111232582753",,,
"350822","永定县","Yongding County","龙岩市","Longyan City","福建省","Fujian Province","1998","0.865495897648363",,,
"350822","永定县","Yongding County","龙岩市","Longyan City","福建省","Fujian Province","1999","0.933935998527703",,,
"350822","永定县","Yongding County","龙岩市","Longyan City","福建省","Fujian Province","2000","0.996779434059077","8.07603294136057","-7.07925350730149","8.10212637360847"
"350822","永定县","Yongding County","龙岩市","Longyan City","福建省","Fujian Province","2001","0.988934002988214","8.71020314832424","-7.72126914533603","8.80766878477739"
"350822","永定县","Yongding County","龙岩市","Longyan City","福建省","Fujian Province","2002","1.0744925533761","8.27797705075849","-7.20348449738239","7.70408042824377"
"350822","永定县","Yongding County","龙岩市","Longyan City","福建省","Fujian Province","2003","1.23078939259738","9.01673596552897","-7.78594657293159","7.32597796159148"
"350822","永定县","Yongding County","龙岩市","Longyan City","福建省","Fujian Province","2004","1.34270507955788","8.88076709579608","-7.5380620162382","6.61408616903445"
"350822","永定县","Yongding County","龙岩市","Longyan City","福建省","Fujian Province","2005","1.54553077664625","8.168878986933","-6.62334821028675","5.28548451468511"
"350822","永定县","Yongding County","龙岩市","Longyan City","福建省","Fujian Province","2006","1.70473824160536","8.17690071123978","-6.47216246963442","4.79657258321345"
"350822","永定县","Yongding County","龙岩市","Longyan City","福建省","Fujian Province","2007","1.76304338553252","8.2569270698803","-6.49388368434778","4.68333742529332"
"350822","永定县","Yongding County","龙岩市","Longyan City","福建省","Fujian Province","2008","1.87253892055101","8.40487484507849","-6.53233592452748","4.48849140214682"
"350822","永定县","Yongding County","龙岩市","Longyan City","福建省","Fujian Province","2009","2.04949900233984","8.65666984621046","-6.60717084387062","4.22379802884873"
"350822","永定县","Yongding County","龙岩市","Longyan City","福建省","Fujian Province","2010","2.2850320633047","7.86686360779089","-5.58183154448619","3.44278040300823"
"350822","永定县","Yongding County","龙岩市","Longyan City","福建省","Fujian Province","2011","2.73537781626318","8.0242198887744","-5.28884207251122","2.93349600229498"
"350822","永定县","Yongding County","龙岩市","Longyan City","福建省","Fujian Province","2012","2.7753659358026","8.3265035763013","-5.5511376404987","3.00014620374498"
"350822","永定县","Yongding County","龙岩市","Longyan City","福建省","Fujian Province","2013","2.82030670598606","8.48413237925489","-5.66382567326883","3.00823040318538"
"350822","永定县","Yongding County","龙岩市","Longyan City","福建省","Fujian Province","2014","2.68072547740642","7.9054028801605","-5.22467740275408","2.94897890395286"
"350822","永定县","Yongding County","龙岩市","Longyan City","福建省","Fujian Province","2015","2.39982599195618","8.12589199057453","-5.72606599861835","3.3860338282072"
"350822","永定县","Yongding County","龙岩市","Longyan City","福建省","Fujian Province","2016","2.46826047119969","7.82396997417387","-5.35570950297418","3.16983157388209"
"350822","永定县","Yongding County","龙岩市","Longyan City","福建省","Fujian Province","2017","2.53685035147095","8.75486018448805","-6.2180098330171","3.45107474684571"
"350823","上杭县","Shanghang County","龙岩市","Longyan City","福建省","Fujian Province","1997","0.734083250706094",,,
"350823","上杭县","Shanghang County","龙岩市","Longyan City","福建省","Fujian Province","1998","0.719122590599712",,,
"350823","上杭县","Shanghang County","龙岩市","Longyan City","福建省","Fujian Province","1999","0.815339096425161",,,
"350823","上杭县","Shanghang County","龙岩市","Longyan City","福建省","Fujian Province","2000","0.877526462539606","9.5012180799639","-8.62369161742429","10.8272724362829"
"350823","上杭县","Shanghang County","龙岩市","Longyan City","福建省","Fujian Province","2001","0.849225985973403","10.3069767753089","-9.4577507893355","12.1369069547428"
"350823","上杭县","Shanghang County","龙岩市","Longyan City","福建省","Fujian Province","2002","0.926146594758066","9.77072754601805","-8.84458095125998","10.5498714796554"
"350823","上杭县","Shanghang County","龙岩市","Longyan City","福建省","Fujian Province","2003","1.09729995642891","10.7520727496212","-9.65477279319229","9.79866324301434"
"350823","上杭县","Shanghang County","龙岩市","Longyan City","福建省","Fujian Province","2004","1.202032047664","10.8106865703042","-9.6086545226402","8.99367582695771"
"350823","上杭县","Shanghang County","龙岩市","Longyan City","福建省","Fujian Province","2005","1.40436005375394","9.65132376611146","-8.24696371235752","6.87239980965913"
"350823","上杭县","Shanghang County","龙岩市","Longyan City","福建省","Fujian Province","2006","1.59258440992079","9.63184409476671","-8.03925968484592","6.04793318003519"
"350823","上杭县","Shanghang County","龙岩市","Longyan City","福建省","Fujian Province","2007","1.70994439048037","10.0533509729116","-8.34340658243123","5.87934381309754"
"350823","上杭县","Shanghang County","龙岩市","Longyan City","福建省","Fujian Province","2008","1.98678854191502","9.95829211294636","-7.97150357103134","5.01225565924987"
"350823","上杭县","Shanghang County","龙岩市","Longyan City","福建省","Fujian Province","2009","2.18512429417052","10.1393912907804","-7.95426699660988","4.64018972185257"
"350823","上杭县","Shanghang County","龙岩市","Longyan City","福建省","Fujian Province","2010","2.46476481281274","9.34561321517082","-6.88084840235808","3.79168558662836"
"350823","上杭县","Shanghang County","龙岩市","Longyan City","福建省","Fujian Province","2011","3.03619289764161","9.49750854938212","-6.46131565174051","3.12809787440034"
"350823","上杭县","Shanghang County","龙岩市","Longyan City","福建省","Fujian Province","2012","3.23886958047149","9.9261321621173","-6.68726258164581","3.06469029255334"
"350823","上杭县","Shanghang County","龙岩市","Longyan City","福建省","Fujian Province","2013","3.44796291805535","9.9239019204261","-6.47593900237075","2.87819276375025"
"350823","上杭县","Shanghang County","龙岩市","Longyan City","福建省","Fujian Province","2014","3.38501611238376","9.33653663488064","-5.95152052249688","2.75819562593035"
"350823","上杭县","Shanghang County","龙岩市","Longyan City","福建省","Fujian Province","2015","3.09979820708809","9.47489744524709","-6.375099238159","3.05661749967514"
"350823","上杭县","Shanghang County","龙岩市","Longyan City","福建省","Fujian Province","2016","3.23661066475012","9.25759547484193","-6.02098481009181","2.86027466190675"
"350823","上杭县","Shanghang County","龙岩市","Longyan City","福建省","Fujian Province","2017","3.2091763564991","10.2510580435173","-7.0418816870182","3.19429563998789"
"350824","武平县","Wuping County","龙岩市","Longyan City","福建省","Fujian Province","1997","0.469001270433278",,,
"350824","武平县","Wuping County","龙岩市","Longyan City","福建省","Fujian Province","1998","0.452349349394958",,,
"350824","武平县","Wuping County","龙岩市","Longyan City","福建省","Fujian Province","1999","0.482917237822469",,,
"350824","武平县","Wuping County","龙岩市","Longyan City","福建省","Fujian Province","2000","0.509048179754721","8.82202126993413","-8.31297309017941","17.3304249397079"
"350824","武平县","Wuping County","龙岩市","Longyan City","福建省","Fujian Province","2001","0.484991354351663","9.63285925020835","-9.14786789585669","19.8619195244945"
"350824","武平县","Wuping County","龙岩市","Longyan City","福建省","Fujian Province","2002","0.518656866106039","9.08528551489046","-8.56662864878442","17.5169483113195"
"350824","武平县","Wuping County","龙岩市","Longyan City","福建省","Fujian Province","2003","0.594125939173316","9.94088772377068","-9.34676178459737","16.7319537295455"
"350824","武平县","Wuping County","龙岩市","Longyan City","福建省","Fujian Province","2004","0.646639709851638","10.1189616642146","-9.47232195436296","15.648531183673"
"350824","武平县","Wuping County","龙岩市","Longyan City","福建省","Fujian Province","2005","0.745038548696815","9.01523143128934","-8.27019288259253","12.1003556756336"
"350824","武平县","Wuping County","龙岩市","Longyan City","福建省","Fujian Province","2006","0.822078000450267","8.95272598439375","-8.13064798394348","10.8903607437374"
"350824","武平县","Wuping County","龙岩市","Longyan City","福建省","Fujian Province","2007","0.853698603107936","9.3122844379956","-8.45858583488766","10.9081640805007"
"350824","武平县","Wuping County","龙岩市","Longyan City","福建省","Fujian Province","2008","0.915028104678945","9.25006640767728","-8.33503830299833","10.1090516896449"
"350824","武平县","Wuping County","龙岩市","Longyan City","福建省","Fujian Province","2009","1.00443955730176","9.35248573047388","-8.34804617317212","9.31114835381194"
"350824","武平县","Wuping County","龙岩市","Longyan City","福建省","Fujian Province","2010","1.10488603451017","8.72123613019516","-7.61635009568499","7.89333547333825"
"350824","武平县","Wuping County","龙岩市","Longyan City","福建省","Fujian Province","2011","1.29531767150994","8.87499424538762","-7.57967657387768","6.85159667052339"
"350824","武平县","Wuping County","龙岩市","Longyan City","福建省","Fujian Province","2012","1.31161067966705","9.20545979366151","-7.89384911399446","7.01843918806631"
"350824","武平县","Wuping County","龙岩市","Longyan City","福建省","Fujian Province","2013","1.36683220669303","9.1566104504549","-7.78977824376187","6.69914741957155"
"350824","武平县","Wuping County","龙岩市","Longyan City","福建省","Fujian Province","2014","1.29675628351125","8.63425435831335","-7.3374980748021","6.65834780837478"
"350824","武平县","Wuping County","龙岩市","Longyan City","福建省","Fujian Province","2015","1.15982836250822","8.6637046046002","-7.50387624209198","7.46981612508963"
"350824","武平县","Wuping County","龙岩市","Longyan City","福建省","Fujian Province","2016","1.16321936322977","8.6688353856173","-7.50561602238753","7.45245106782576"
"350824","武平县","Wuping County","龙岩市","Longyan City","福建省","Fujian Province","2017","1.14455713206941","9.50453948708314","-8.35998235501373","8.30411975145226"
"350825","连城县","Liancheng County","龙岩市","Longyan City","福建省","Fujian Province","1997","0.489563459614519",,,
"350825","连城县","Liancheng County","龙岩市","Longyan City","福建省","Fujian Province","1998","0.459631603476981",,,
"350825","连城县","Liancheng County","龙岩市","Longyan City","福建省","Fujian Province","1999","0.486889941932308",,,
"350825","连城县","Liancheng County","龙岩市","Longyan City","福建省","Fujian Province","2000","0.512337076824206","6.87398198372785","-6.36164490690364","13.4169129947362"
"350825","连城县","Liancheng County","龙岩市","Longyan City","福建省","Fujian Province","2001","0.489729177922885","7.69601322383039","-7.20628404590751","15.714834996093"
"350825","连城县","Liancheng County","龙岩市","Longyan City","福建省","Fujian Province","2002","0.537123168008699","7.09029229053359","-6.55316912252489","13.2004961111988"
"350825","连城县","Liancheng County","龙岩市","Longyan City","福建省","Fujian Province","2003","0.634564562918273","7.8042887463703","-7.16972418345203","12.2986520244362"
"350825","连城县","Liancheng County","龙岩市","Longyan City","福建省","Fujian Province","2004","0.695304974939249","7.98442762914385","-7.2891226542046","11.4833460379619"
"350825","连城县","Liancheng County","龙岩市","Longyan City","福建省","Fujian Province","2005","0.808888999571278","6.80420311374152","-5.99531411417024","8.41178841268436"
"350825","连城县","Liancheng County","龙岩市","Longyan City","福建省","Fujian Province","2006","0.890328879218993","6.95469798411701","-6.06436910489802","7.81138088008305"
"350825","连城县","Liancheng County","龙岩市","Longyan City","福建省","Fujian Province","2007","1.00182716495086","7.29553929965449","-6.29371213470363","7.28223345791621"
"350825","连城县","Liancheng County","龙岩市","Longyan City","福建省","Fujian Province","2008","1.14249621364015","7.25330337505083","-6.11080716141068","6.34864543834312"
"350825","连城县","Liancheng County","龙岩市","Longyan City","福建省","Fujian Province","2009","1.25018987810644","7.2103153230934","-5.96012544498696","5.76737617970022"
"350825","连城县","Liancheng County","龙岩市","Longyan City","福建省","Fujian Province","2010","1.37522785608425","6.62685989726892","-5.25163204118467","4.81873594106644"
"350825","连城县","Liancheng County","龙岩市","Longyan City","福建省","Fujian Province","2011","1.61057867487547","6.59427815552545","-4.98369948064998","4.09435332678506"
"350825","连城县","Liancheng County","龙岩市","Longyan City","福建省","Fujian Province","2012","1.62381813769906","7.13513323100276","-5.5113150933037","4.39404700892995"
"350825","连城县","Liancheng County","龙岩市","Longyan City","福建省","Fujian Province","2013","1.65506795237223","7.14242128309014","-5.48735333071791","4.31548521790469"
"350825","连城县","Liancheng County","龙岩市","Longyan City","福建省","Fujian Province","2014","1.6046109175892","6.70049661721151","-5.09588569962231","4.17577653483654"
"350825","连城县","Liancheng County","龙岩市","Longyan City","福建省","Fujian Province","2015","1.42056388209391","6.64272443698695","-5.22216055489304","4.67611806883023"
"350825","连城县","Liancheng County","龙岩市","Longyan City","福建省","Fujian Province","2016","1.42577553229804","6.62963302699206","-5.20385749469402","4.64984345488559"
"350825","连城县","Liancheng County","龙岩市","Longyan City","福建省","Fujian Province","2017","1.39789545477488","7.21965560571127","-5.82176015093639","5.16466061968414"
"350881","漳平市","Zhangping City","龙岩市","Longyan City","福建省","Fujian Province","1997","0.519293503844722",,,
"350881","漳平市","Zhangping City","龙岩市","Longyan City","福建省","Fujian Province","1998","0.495436019380258",,,
"350881","漳平市","Zhangping City","龙岩市","Longyan City","福建省","Fujian Province","1999","0.537600341452016",,,
"350881","漳平市","Zhangping City","龙岩市","Longyan City","福建省","Fujian Province","2000","0.568735571015744","8.72334641168903","-8.15461084067329","15.3381410557975"
"350881","漳平市","Zhangping City","龙岩市","Longyan City","福建省","Fujian Province","2001","0.54831641086458","9.93358118586978","-9.3852647750052","18.1165126358458"
"350881","漳平市","Zhangping City","龙岩市","Longyan City","福建省","Fujian Province","2002","0.594614921265646","9.35609010890225","-8.76147518763661","15.7347045529697"
"350881","漳平市","Zhangping City","龙岩市","Longyan City","福建省","Fujian Province","2003","0.695012609485129","10.0014677347151","-9.30645512522997","14.3903399711327"
"350881","漳平市","Zhangping City","龙岩市","Longyan City","福建省","Fujian Province","2004","0.755528240485168","10.1019382662299","-9.34641002574473","13.3706957925793"
"350881","漳平市","Zhangping City","龙岩市","Longyan City","福建省","Fujian Province","2005","0.874663710609081","8.99796153402901","-8.12329782341993","10.2873383506024"
"350881","漳平市","Zhangping City","龙岩市","Longyan City","福建省","Fujian Province","2006","0.970466146986766","9.0926550100794","-8.12218886309263","9.36936856407768"
"350881","漳平市","Zhangping City","龙岩市","Longyan City","福建省","Fujian Province","2007","1.03180556437145","9.13094813068945","-8.099142566318","8.84948525767235"
"350881","漳平市","Zhangping City","龙岩市","Longyan City","福建省","Fujian Province","2008","1.11981127077004","9.23046259934038","-8.11065132857034","8.24287345580388"
"350881","漳平市","Zhangping City","龙岩市","Longyan City","福建省","Fujian Province","2009","1.22604361150764","9.54914741235434","-8.3231038008467","7.78858706389078"
"350881","漳平市","Zhangping City","龙岩市","Longyan City","福建省","Fujian Province","2010","1.40270765662887","8.8306858368528","-7.42797818022393","6.29545707198576"
"350881","漳平市","Zhangping City","龙岩市","Longyan City","福建省","Fujian Province","2011","1.67176140329142","8.66838502239309","-6.99662361910167","5.18518073531694"
"350881","漳平市","Zhangping City","龙岩市","Longyan City","福建省","Fujian Province","2012","1.7389163581873","9.4513261750393","-7.712409816852","5.43518158912005"
"350881","漳平市","Zhangping City","龙岩市","Longyan City","福建省","Fujian Province","2013","1.79289496568312","9.47054088346737","-7.67764591778425","5.28226196444193"
"350881","漳平市","Zhangping City","龙岩市","Longyan City","福建省","Fujian Province","2014","1.74960118687385","8.53938056274842","-6.78977937587457","4.88075832756287"
"350881","漳平市","Zhangping City","龙岩市","Longyan City","福建省","Fujian Province","2015","1.53701802048353","8.73111252984296","-7.19409450935943","5.68055313176891"
"350881","漳平市","Zhangping City","龙岩市","Longyan City","福建省","Fujian Province","2016","1.54132373177246","8.67621791002981","-7.13489417825735","5.62906917682537"
"350881","漳平市","Zhangping City","龙岩市","Longyan City","福建省","Fujian Province","2017","1.53021814896333","9.45489051323827","-7.92467236427494","6.17878602449176"
"350902","蕉城区","Jiaocheng District","宁德市","Ningde City","福建省","Fujian Province","1997","0.683660047936809",,,
"350902","蕉城区","Jiaocheng District","宁德市","Ningde City","福建省","Fujian Province","1998","0.678341967740387",,,
"350902","蕉城区","Jiaocheng District","宁德市","Ningde City","福建省","Fujian Province","1999","0.784959594408746",,,
"350902","蕉城区","Jiaocheng District","宁德市","Ningde City","福建省","Fujian Province","2000","0.84926630994255","4.05344663463664","-3.20418032469409","4.77288052897193"
"350902","蕉城区","Jiaocheng District","宁德市","Ningde City","福建省","Fujian Province","2001","0.818141241079289","4.85240535020952","-4.03426410913023","5.93101179425724"
"350902","蕉城区","Jiaocheng District","宁德市","Ningde City","福建省","Fujian Province","2002","0.878626644528554","4.66134804515298","-3.78272140062443","5.30526597865027"
"350902","蕉城区","Jiaocheng District","宁德市","Ningde City","福建省","Fujian Province","2003","1.00508870020771","4.86756846141717","-3.86247976120946","4.84292427167"
"350902","蕉城区","Jiaocheng District","宁德市","Ningde City","福建省","Fujian Province","2004","1.09983499098002","4.75602001214853","-3.65618502116851","4.32430323744349"
"350902","蕉城区","Jiaocheng District","宁德市","Ningde City","福建省","Fujian Province","2005","1.28837964572718","4.27911608083528","-2.9907364351081","3.32131611596525"
"350902","蕉城区","Jiaocheng District","宁德市","Ningde City","福建省","Fujian Province","2006","1.4363359093688","4.20466873990607","-2.76833283053727","2.92735753000412"
"350902","蕉城区","Jiaocheng District","宁德市","Ningde City","福建省","Fujian Province","2007","1.50460215131188","4.66733193839752","-3.16272978708564","3.1020372623607"
"350902","蕉城区","Jiaocheng District","宁德市","Ningde City","福建省","Fujian Province","2008","1.67765463862141","4.41749805527865","-2.73984341665724","2.63313911789894"
"350902","蕉城区","Jiaocheng District","宁德市","Ningde City","福建省","Fujian Province","2009","1.83579325963825","4.83022318797325","-2.994429928335","2.63113679201822"
"350902","蕉城区","Jiaocheng District","宁德市","Ningde City","福建省","Fujian Province","2010","2.03598089800844","4.11179330391783","-2.07581240590939","2.01956379253848"
"350902","蕉城区","Jiaocheng District","宁德市","Ningde City","福建省","Fujian Province","2011","2.42040006626995","4.20822717564707","-1.78782710937712","1.73864942175957"
"350902","蕉城区","Jiaocheng District","宁德市","Ningde City","福建省","Fujian Province","2012","2.48663059644511","4.4611577189188","-1.97452712247369","1.79405727786688"
"350902","蕉城区","Jiaocheng District","宁德市","Ningde City","福建省","Fujian Province","2013","2.52520820445736","4.50129432113861","-1.97608611668125","1.78254383665995"
"350902","蕉城区","Jiaocheng District","宁德市","Ningde City","福建省","Fujian Province","2014","2.61169682254508","4.47258461460092","-1.86088779205584","1.71252060192899"
"350902","蕉城区","Jiaocheng District","宁德市","Ningde City","福建省","Fujian Province","2015","2.4382210865778","4.16298381006042","-1.72476272348262","1.70738569729271"
"350902","蕉城区","Jiaocheng District","宁德市","Ningde City","福建省","Fujian Province","2016","2.51046229648246","4.04532849027162","-1.53486619378916","1.61138786905493"
"350902","蕉城区","Jiaocheng District","宁德市","Ningde City","福建省","Fujian Province","2017","2.56701418594305","4.4486408663272","-1.88162668038415","1.73300205767772"
"350921","霞浦县","Xiapu County","宁德市","Ningde City","福建省","Fujian Province","1997","0.310397378086252",,,
"350921","霞浦县","Xiapu County","宁德市","Ningde City","福建省","Fujian Province","1998","0.301242577192993",,,
"350921","霞浦县","Xiapu County","宁德市","Ningde City","福建省","Fujian Province","1999","0.347261076895325",,,
"350921","霞浦县","Xiapu County","宁德市","Ningde City","福建省","Fujian Province","2000","0.464343541810241","10.0905387700833","-9.62619522827306","21.7307615192523"
"350921","霞浦县","Xiapu County","宁德市","Ningde City","福建省","Fujian Province","2001","0.478635737365878","11.7234523160927","-11.2448165787268","24.4934746841335"
"350921","霞浦县","Xiapu County","宁德市","Ningde City","福建省","Fujian Province","2002","0.519641735540847","11.6434277648901","-11.1237860293493","22.4066447487547"
"350921","霞浦县","Xiapu County","宁德市","Ningde City","福建省","Fujian Province","2003","0.592446826768681","12.5630147992769","-11.9705679725082","21.2053035506967"
"350921","霞浦县","Xiapu County","宁德市","Ningde City","福建省","Fujian Province","2004","0.647856341478828","11.838663238407","-11.1908068969282","18.273593203369"
"350921","霞浦县","Xiapu County","宁德市","Ningde City","福建省","Fujian Province","2005","0.750811329186835","11.011060523071","-10.2602491938842","14.6655492465684"
"350921","霞浦县","Xiapu County","宁德市","Ningde City","福建省","Fujian Province","2006","0.855244860076642","10.4865112216707","-9.63126636159406","12.2614139075106"
"350921","霞浦县","Xiapu County","宁德市","Ningde City","福建省","Fujian Province","2007","0.880346069259572","11.8898404705045","-11.0094944012449","13.5058710269526"
"350921","霞浦县","Xiapu County","宁德市","Ningde City","福建省","Fujian Province","2008","0.950499106257664","11.6110389801708","-10.6605398739131","12.2157284564803"
"350921","霞浦县","Xiapu County","宁德市","Ningde City","福建省","Fujian Province","2009","1.0403204581355","12.0815335330251","-11.0412130748896","11.6132807333983"
"350921","霞浦县","Xiapu County","宁德市","Ningde City","福建省","Fujian Province","2010","1.14276359742302","10.5447205516661","-9.40195695424308","9.22738576503915"
"350921","霞浦县","Xiapu County","宁德市","Ningde City","福建省","Fujian Province","2011","1.32477602222873","11.0089748965163","-9.68419887428757","8.31006503121593"
"350921","霞浦县","Xiapu County","宁德市","Ningde City","福建省","Fujian Province","2012","1.33366881528888","11.1142234708137","-9.78055465552482","8.33357078114352"
"350921","霞浦县","Xiapu County","宁德市","Ningde City","福建省","Fujian Province","2013","1.35367859131482","11.6981126033313","-10.3444340120165","8.64172092133702"
"350921","霞浦县","Xiapu County","宁德市","Ningde City","福建省","Fujian Province","2014","1.25667198246056","11.6132831365696","-10.356611154109","9.24130027457987"
"350921","霞浦县","Xiapu County","宁德市","Ningde City","福建省","Fujian Province","2015","1.15463372825956","10.9248290417485","-9.77019531348894","9.46172693068309"
"350921","霞浦县","Xiapu County","宁德市","Ningde City","福建省","Fujian Province","2016","1.21235461624606","10.5713534005748","-9.35899878432874","8.71968750637333"
"350921","霞浦县","Xiapu County","宁德市","Ningde City","福建省","Fujian Province","2017","1.23213782589841","11.5650719228113","-10.3329340969129","9.38618365553274"
"350922","古田县","Gutian County","宁德市","Ningde City","福建省","Fujian Province","1997","0.476990401261658",,,
"350922","古田县","Gutian County","宁德市","Ningde City","福建省","Fujian Province","1998","0.464000955926194",,,
"350922","古田县","Gutian County","宁德市","Ningde City","福建省","Fujian Province","1999","0.542390955231527",,,
"350922","古田县","Gutian County","宁德市","Ningde City","福建省","Fujian Province","2000","0.587250843406918","5.85565916659557","-5.26840832318865","9.97130822771431"
"350922","古田县","Gutian County","宁德市","Ningde City","福建省","Fujian Province","2001","0.566574365114654","6.80833731740598","-6.24176295229133","12.0166702495059"
"350922","古田县","Gutian County","宁德市","Ningde City","福建省","Fujian Province","2002","0.611480810336742","6.51110136386922","-5.89962055353248","10.6480878120829"
"350922","古田县","Gutian County","宁德市","Ningde City","福建省","Fujian Province","2003","0.719919443487214","6.81104362733339","-6.09112418384618","9.46084133294332"
"350922","古田县","Gutian County","宁德市","Ningde City","福建省","Fujian Province","2004","0.783358688957146","6.71732970353599","-5.93397101457884","8.57503695079773"
"350922","古田县","Gutian County","宁德市","Ningde City","福建省","Fujian Province","2005","0.901428420153719","5.88318735376376","-4.98175893361004","6.52651638469587"
"350922","古田县","Gutian County","宁德市","Ningde City","福建省","Fujian Province","2006","0.98887087834013","5.91686069277625","-4.92798981443612","5.98345124967984"
"350922","古田县","Gutian County","宁德市","Ningde City","福建省","Fujian Province","2007","1.04101461517385","6.62995849148025","-5.5889438763064","6.36874679264041"
"350922","古田县","Gutian County","宁德市","Ningde City","福建省","Fujian Province","2008","1.11548050894938","6.22210621524068","-5.1066257062913","5.57796049802878"
"350922","古田县","Gutian County","宁德市","Ningde City","福建省","Fujian Province","2009","1.22062762647613","6.59169600904026","-5.37106838256413","5.40025136746253"
"350922","古田县","Gutian County","宁德市","Ningde City","福建省","Fujian Province","2010","1.33957838510745","5.81841223437315","-4.4788338492657","4.34346530151458"
"350922","古田县","Gutian County","宁德市","Ningde City","福建省","Fujian Province","2011","1.5363662913339","5.93025355721284","-4.39388726587894","3.85992168056752"
"350922","古田县","Gutian County","宁德市","Ningde City","福建省","Fujian Province","2012","1.56612762914966","6.29085848931036","-4.7247308601607","4.01682364337447"
"350922","古田县","Gutian County","宁德市","Ningde City","福建省","Fujian Province","2013","1.60359728350095","6.37089561541905","-4.7672983319181","3.9728775303923"
"350922","古田县","Gutian County","宁德市","Ningde City","福建省","Fujian Province","2014","1.53511071346506","6.26303937422935","-4.72792866076429","4.07986167987349"
"350922","古田县","Gutian County","宁德市","Ningde City","福建省","Fujian Province","2015","1.37524460641141","5.90035613314671","-4.5251115267353","4.29040485280885"
"350922","古田县","Gutian County","宁德市","Ningde City","福建省","Fujian Province","2016","1.49180951771136","5.81845963131066","-4.3266501135993","3.90026981476628"
"350922","古田县","Gutian County","宁德市","Ningde City","福建省","Fujian Province","2017","1.4974842275219","6.32028609998448","-4.82280187246258","4.22060278420665"
"350923","屏南县","Pingnan County","宁德市","Ningde City","福建省","Fujian Province","1997","0.0982270183817254",,,
"350923","屏南县","Pingnan County","宁德市","Ningde City","福建省","Fujian Province","1998","0.0963684956854298",,,
"350923","屏南县","Pingnan County","宁德市","Ningde City","福建省","Fujian Province","1999","0.115675796139425",,,
"350923","屏南县","Pingnan County","宁德市","Ningde City","福建省","Fujian Province","2000","0.124856277637853","3.63042994934237","-3.50557367170452","29.0768715680638"
"350923","屏南县","Pingnan County","宁德市","Ningde City","福建省","Fujian Province","2001","0.120525609384986","4.22883969179772","-4.10831408241273","35.0866485004847"
"350923","屏南县","Pingnan County","宁德市","Ningde City","福建省","Fujian Province","2002","0.128402352563161","3.96108663971818","-3.83268428715502","30.84901920134"
"350923","屏南县","Pingnan County","宁德市","Ningde City","福建省","Fujian Province","2003","0.145942853169517","4.09938851633961","-3.95344566317009","28.0889980380063"
"350923","屏南县","Pingnan County","宁德市","Ningde City","福建省","Fujian Province","2004","0.15907458525513","4.17031179519556","-4.01123720994043","26.2160783792524"
"350923","屏南县","Pingnan County","宁德市","Ningde City","福建省","Fujian Province","2005","0.184204177454272","3.60967041112755","-3.42546623367328","19.5960290424121"
"350923","屏南县","Pingnan County","宁德市","Ningde City","福建省","Fujian Province","2006","0.201876897032213","3.70498337676981","-3.5031064797376","18.3526863709353"
"350923","屏南县","Pingnan County","宁德市","Ningde City","福建省","Fujian Province","2007","0.21474722722201","4.1054644042796","-3.89071717705759","19.1176596661492"
"350923","屏南县","Pingnan County","宁德市","Ningde City","福建省","Fujian Province","2008","0.256752307938987","3.82473480144867","-3.56798249350968","14.8965936553823"
"350923","屏南县","Pingnan County","宁德市","Ningde City","福建省","Fujian Province","2009","0.28095422350948","4.10755399316267","-3.82659976965319","14.6200115515404"
"350923","屏南县","Pingnan County","宁德市","Ningde City","福建省","Fujian Province","2010","0.316884186460457","3.57785023662359","-3.26096605016313","11.2907187846373"
"350923","屏南县","Pingnan County","宁德市","Ningde City","福建省","Fujian Province","2011","0.367662877240303","3.57797860423841","-3.21031572699811","9.73168308722084"
"350923","屏南县","Pingnan County","宁德市","Ningde City","福建省","Fujian Province","2012","0.369049576749786","3.91183416874261","-3.54278459199282","10.5997524863572"
"350923","屏南县","Pingnan County","宁德市","Ningde City","福建省","Fujian Province","2013","0.373734245637614","3.83462200700604","-3.46088776136843","10.2602907059371"
"350923","屏南县","Pingnan County","宁德市","Ningde City","福建省","Fujian Province","2014","0.348897504370374","3.88906949314524","-3.54017198877487","11.1467392126049"
"350923","屏南县","Pingnan County","宁德市","Ningde City","福建省","Fujian Province","2015","0.304371764254486","3.61411254655178","-3.30974078229729","11.8740072864644"
"350923","屏南县","Pingnan County","宁德市","Ningde City","福建省","Fujian Province","2016","0.310056777991534","3.54532510775861","-3.23526832976708","11.4344383332765"
"350923","屏南县","Pingnan County","宁德市","Ningde City","福建省","Fujian Province","2017","0.318554721191636","3.85186069728717","-3.53330597609553","12.0916766917731"
"350924","寿宁县","Shouning County","宁德市","Ningde City","福建省","Fujian Province","1997","0.169998226479306",,,
"350924","寿宁县","Shouning County","宁德市","Ningde City","福建省","Fujian Province","1998","0.16360797504277",,,
"350924","寿宁县","Shouning County","宁德市","Ningde City","福建省","Fujian Province","1999","0.161946114595195",,,
"350924","寿宁县","Shouning County","宁德市","Ningde City","福建省","Fujian Province","2000","0.169804537587481","3.63008621299337","-3.46028167540589","21.3780283175483"
"350924","寿宁县","Shouning County","宁德市","Ningde City","福建省","Fujian Province","2001","0.168134958442142","4.1666162843805","-3.99848132593836","24.7813799282813"
"350924","寿宁县","Shouning County","宁德市","Ningde City","福建省","Fujian Province","2002","0.1849092363853","3.98233572569876","-3.79742648931346","21.5367052698258"
"350924","寿宁县","Shouning County","宁德市","Ningde City","福建省","Fujian Province","2003","0.210308828680521","4.02412062726265","-3.81381179858213","19.134339972839"
"350924","寿宁县","Shouning County","宁德市","Ningde City","福建省","Fujian Province","2004","0.22918298277197","4.12044315716983","-3.89126017439786","17.9788355458727"
"350924","寿宁县","Shouning County","宁德市","Ningde City","福建省","Fujian Province","2005","0.265722835283039","3.63778438873542","-3.37206155345238","13.6901459178718"
"350924","寿宁县","Shouning County","宁德市","Ningde City","福建省","Fujian Province","2006","0.291791678331461","3.74944625260888","-3.45765457427742","12.849736750716"
"350924","寿宁县","Shouning County","宁德市","Ningde City","福建省","Fujian Province","2007","0.298804307950333","4.12755133833806","-3.82874703038773","13.8135603420555"
"350924","寿宁县","Shouning County","宁德市","Ningde City","福建省","Fujian Province","2008","0.317382973428194","3.82382437507056","-3.50644140164237","12.0479820759373"
"350924","寿宁县","Shouning County","宁德市","Ningde City","福建省","Fujian Province","2009","0.347300040145454","4.18206586056275","-3.8347658204173","12.041650956364"
"350924","寿宁县","Shouning County","宁德市","Ningde City","福建省","Fujian Province","2010","0.383231813000615","3.63027473849984","-3.24704292549922","9.47279065919826"
"350924","寿宁县","Shouning County","宁德市","Ningde City","福建省","Fujian Province","2011","0.470200598011482","3.66537226818955","-3.19517167017807","7.79533731707428"
"350924","寿宁县","Shouning County","宁德市","Ningde City","福建省","Fujian Province","2012","0.478491865027308","4.02376375449262","-3.54527188946531","8.40926261988379"
"350924","寿宁县","Shouning County","宁德市","Ningde City","福建省","Fujian Province","2013","0.489829198758403","3.99485340659595","-3.50502420783755","8.15560488578861"
"350924","寿宁县","Shouning County","宁德市","Ningde City","福建省","Fujian Province","2014","0.473409216338617","4.04058861544451","-3.56717939910589","8.53508650865467"
"350924","寿宁县","Shouning County","宁德市","Ningde City","福建省","Fujian Province","2015","0.423434557230653","3.7774843693906","-3.35404981215995","8.92105829551586"
"350924","寿宁县","Shouning County","宁德市","Ningde City","福建省","Fujian Province","2016","0.426850851949468","3.74179201855322","-3.31494116660375","8.76604088164309"
"350924","寿宁县","Shouning County","宁德市","Ningde City","福建省","Fujian Province","2017","0.424109839270739","4.01284292268352","-3.58873308341278","9.46180105036856"
"350925","周宁县","Zhouning County","宁德市","Ningde City","福建省","Fujian Province","1997","0.168688532900883",,,
"350925","周宁县","Zhouning County","宁德市","Ningde City","福建省","Fujian Province","1998","0.166399505774212",,,
"350925","周宁县","Zhouning County","宁德市","Ningde City","福建省","Fujian Province","1999","0.176201111695205",,,
"350925","周宁县","Zhouning County","宁德市","Ningde City","福建省","Fujian Province","2000","0.185518156919464","2.55888123469981","-2.37336307778035","13.7931579161314"
"350925","周宁县","Zhouning County","宁德市","Ningde City","福建省","Fujian Province","2001","0.178535058964336","3.0249924943265","-2.84645743536216","16.9434088289111"
"350925","周宁县","Zhouning County","宁德市","Ningde City","福建省","Fujian Province","2002","0.195004148092088","2.85052588309909","-2.655521735007","14.6177704986715"
"350925","周宁县","Zhouning County","宁德市","Ningde City","福建省","Fujian Province","2003","0.222762245681563","2.93383601218329","-2.71107376650173","13.1702569401154"
"350925","周宁县","Zhouning County","宁德市","Ningde City","福建省","Fujian Province","2004","0.243630483344855","2.9465548886243","-2.70292440527944","12.0943604764495"
"350925","周宁县","Zhouning County","宁德市","Ningde City","福建省","Fujian Province","2005","0.284090773205829","2.61416540754107","-2.33007463433524","9.20186663593984"
"350925","周宁县","Zhouning County","宁德市","Ningde City","福建省","Fujian Province","2006","0.313839012765179","2.66260747389232","-2.34876846112714","8.4839913637013"
"350925","周宁县","Zhouning County","宁德市","Ningde City","福建省","Fujian Province","2007","0.32231677808413","2.91801807676705","-2.59570129868292","9.05326149669255"
"350925","周宁县","Zhouning County","宁德市","Ningde City","福建省","Fujian Province","2008","0.359659457867947","2.74963146523933","-2.38997200737138","7.64509706359199"
"350925","周宁县","Zhouning County","宁德市","Ningde City","福建省","Fujian Province","2009","0.393561578956252","3.00668129308102","-2.61311971412477","7.63967179178138"
"350925","周宁县","Zhouning County","宁德市","Ningde City","福建省","Fujian Province","2010","0.447598913375395","2.57653708443037","-2.12893817105497","5.75635241158297"
"350925","周宁县","Zhouning County","宁德市","Ningde City","福建省","Fujian Province","2011","0.541863701202388","2.61156140898137","-2.06969770777898","4.81959098420203"
"350925","周宁县","Zhouning County","宁德市","Ningde City","福建省","Fujian Province","2012","0.548059831219222","2.83932873412861","-2.29126890290939","5.18069118076433"
"350925","周宁县","Zhouning County","宁德市","Ningde City","福建省","Fujian Province","2013","0.557027016451471","2.79744354411188","-2.24041652766041","5.02209670535001"
"350925","周宁县","Zhouning County","宁德市","Ningde City","福建省","Fujian Province","2014","0.623816343370403","2.81760063883144","-2.19378429546104","4.51671500558688"
"350925","周宁县","Zhouning County","宁德市","Ningde City","福建省","Fujian Province","2015","0.566224603571865","2.61597155428231","-2.04974695071044","4.62002452344919"
"350925","周宁县","Zhouning County","宁德市","Ningde City","福建省","Fujian Province","2016","0.596262596141392","2.59074024641887","-1.99447765027748","4.34496522703988"
"350925","周宁县","Zhouning County","宁德市","Ningde City","福建省","Fujian Province","2017","0.623400295129238","2.80275421883808","-2.17935392370884","4.49591416740834"
"350926","柘荣县","Zherong County","宁德市","Ningde City","福建省","Fujian Province","1997","0.118920176920809",,,
"350926","柘荣县","Zherong County","宁德市","Ningde City","福建省","Fujian Province","1998","0.112996309172714",,,
"350926","柘荣县","Zherong County","宁德市","Ningde City","福建省","Fujian Province","1999","0.130748702909108",,,
"350926","柘荣县","Zherong County","宁德市","Ningde City","福建省","Fujian Province","2000","0.137402810902925","1.41807929078431","-1.28067647988138","10.3205988397587"
"350926","柘荣县","Zherong County","宁德市","Ningde City","福建省","Fujian Province","2001","0.131619049941993","1.67236050963959","-1.5407414596976","12.7060673236635"
"350926","柘荣县","Zherong County","宁德市","Ningde City","福建省","Fujian Province","2002","0.142313633329832","1.60590611716085","-1.46359248383102","11.2842745953856"
"350926","柘荣县","Zherong County","宁德市","Ningde City","福建省","Fujian Province","2003","0.167491462362331","1.66985799540156","-1.50236653303923","9.96980963596335"
"350926","柘荣县","Zherong County","宁德市","Ningde City","福建省","Fujian Province","2004","0.187969586400899","1.62967187620954","-1.44170228980864","8.66986999021106"
"350926","柘荣县","Zherong County","宁德市","Ningde City","福建省","Fujian Province","2005","0.216566734746808","1.49107687407157","-1.27451013932476","6.88506882562003"
"350926","柘荣县","Zherong County","宁德市","Ningde City","福建省","Fujian Province","2006","0.237727779980954","1.46209966519793","-1.22437188521698","6.15031051615032"
"350926","柘荣县","Zherong County","宁德市","Ningde City","福建省","Fujian Province","2007","0.243158128633681","1.6313272716049","-1.38816914297122","6.70891522636491"
"350926","柘荣县","Zherong County","宁德市","Ningde City","福建省","Fujian Province","2008","0.258402121965904","1.57493937161072","-1.31653724964482","6.0949165572972"
"350926","柘荣县","Zherong County","宁德市","Ningde City","福建省","Fujian Province","2009","0.282759551853316","1.69285201427869","-1.41009246242537","5.98689594456873"
"350926","柘荣县","Zherong County","宁德市","Ningde City","福建省","Fujian Province","2010","0.310199910652307","1.48725055348191","-1.1770506428296","4.79449059270981"
"350926","柘荣县","Zherong County","宁德市","Ningde City","福建省","Fujian Province","2011","0.35633274234846","1.48750781169376","-1.1311750693453","4.17449096002274"
"350926","柘荣县","Zherong County","宁德市","Ningde City","福建省","Fujian Province","2012","0.355758136054583","1.55763607342441","-1.20187793736983","4.37835685417867"
"350926","柘荣县","Zherong County","宁德市","Ningde City","福建省","Fujian Province","2013","0.361438474740585","1.58181578865859","-1.220377313918","4.37644550651091"
"350926","柘荣县","Zherong County","宁德市","Ningde City","福建省","Fujian Province","2014","0.387294220619253","1.58411498143156","-1.19682076081231","4.09021074184553"
"350926","柘荣县","Zherong County","宁德市","Ningde City","福建省","Fujian Province","2015","0.351477710749797","1.48930592163127","-1.13782821088147","4.23726989246111"
"350926","柘荣县","Zherong County","宁德市","Ningde City","福建省","Fujian Province","2016","0.371974238026485","1.42880133681843","-1.05682709879195","3.84112981694366"
"350926","柘荣县","Zherong County","宁德市","Ningde City","福建省","Fujian Province","2017","0.365650739845987","1.54920347317835","-1.18355273333236","4.23683943270805"
"350981","福安市","Fu'an City","宁德市","Ningde City","福建省","Fujian Province","1997","0.828512157710393",,,
"350981","福安市","Fu'an City","宁德市","Ningde City","福建省","Fujian Province","1998","0.811849959244131",,,
"350981","福安市","Fu'an City","宁德市","Ningde City","福建省","Fujian Province","1999","0.870022200054707",,,
"350981","福安市","Fu'an City","宁德市","Ningde City","福建省","Fujian Province","2000","0.995195891025622","4.75741183378011","-3.76221594275449","4.78037728720649"
"350981","福安市","Fu'an City","宁德市","Ningde City","福建省","Fujian Province","2001","1.00129856694238","5.51486292437061","-4.51356435742823","5.50771079320636"
"350981","福安市","Fu'an City","宁德市","Ningde City","福建省","Fujian Province","2002","1.0797862265882","5.31430541806287","-4.23451919147467","4.92162734364049"
"350981","福安市","Fu'an City","宁德市","Ningde City","福建省","Fujian Province","2003","1.24632118234026","5.5225359166129","-4.27621473427264","4.43106961099951"
"350981","福安市","Fu'an City","宁德市","Ningde City","福建省","Fujian Province","2004","1.38194144953477","5.45823009063139","-4.07628864109662","3.94968259506863"
"350981","福安市","Fu'an City","宁德市","Ningde City","福建省","Fujian Province","2005","1.60990602574707","4.95357660462034","-3.34367057887327","3.07693525298885"
"350981","福安市","Fu'an City","宁德市","Ningde City","福建省","Fujian Province","2006","1.80749799166164","4.93989228189813","-3.13239429023649","2.73300014975777"
"350981","福安市","Fu'an City","宁德市","Ningde City","福建省","Fujian Province","2007","1.89118634776172","5.45400045980927","-3.56281411204755","2.88390431025703"
"350981","福安市","Fu'an City","宁德市","Ningde City","福建省","Fujian Province","2008","2.07278509806808","5.16204652731778","-3.0892614292497","2.49039156646245"
"350981","福安市","Fu'an City","宁德市","Ningde City","福建省","Fujian Province","2009","2.26816939798698","5.58886470232506","-3.32069530433808","2.46404201876863"
"350981","福安市","Fu'an City","宁德市","Ningde City","福建省","Fujian Province","2010","2.49595809991744","4.82814662081497","-2.33218852089753","1.93438608643898"
"350981","福安市","Fu'an City","宁德市","Ningde City","福建省","Fujian Province","2011","2.93025613640288","4.91052245201956","-1.98026631561668","1.67579973334605"
"350981","福安市","Fu'an City","宁德市","Ningde City","福建省","Fujian Province","2012","2.9767171225044","5.18264743043607","-2.20593030793167","1.74106145029856"
"350981","福安市","Fu'an City","宁德市","Ningde City","福建省","Fujian Province","2013","3.03505377444348","5.28019941421101","-2.24514563976753","1.73973833962109"
"350981","福安市","Fu'an City","宁德市","Ningde City","福建省","Fujian Province","2014","3.1802910931177","5.36860579131572","-2.18831469819802","1.68808628962727"
"350981","福安市","Fu'an City","宁德市","Ningde City","福建省","Fujian Province","2015","2.87527270832099","4.99658270627077","-2.12130999794978","1.73777697392346"
"350981","福安市","Fu'an City","宁德市","Ningde City","福建省","Fujian Province","2016","3.00203825261626","4.89260776714245","-1.89056951452619","1.62976196684988"
"350981","福安市","Fu'an City","宁德市","Ningde City","福建省","Fujian Province","2017","3.00324611284595","5.34774414409682","-2.34449803125087","1.78065464605868"
"350982","福鼎市","Fuding City","宁德市","Ningde City","福建省","Fujian Province","1997","0.637951742049846",,,
"350982","福鼎市","Fuding City","宁德市","Ningde City","福建省","Fujian Province","1998","0.634284330544151",,,
"350982","福鼎市","Fuding City","宁德市","Ningde City","福建省","Fujian Province","1999","0.720461574743127",,,
"350982","福鼎市","Fuding City","宁德市","Ningde City","福建省","Fujian Province","2000","0.844150247834462","6.86640892979966","-6.0222586819652","8.13410758027304"
"350982","福鼎市","Fuding City","宁德市","Ningde City","福建省","Fujian Province","2001","0.854194922889563","7.76397736282062","-6.90978243993106","9.08923379754671"
"350982","福鼎市","Fuding City","宁德市","Ningde City","福建省","Fujian Province","2002","0.930332289856002","7.76089117430347","-6.83055888444747","8.34206364642542"
"350982","福鼎市","Fuding City","宁德市","Ningde City","福建省","Fujian Province","2003","1.06091918766182","8.09602653682457","-7.03510734916275","7.63114347537399"
"350982","福鼎市","Fuding City","宁德市","Ningde City","福建省","Fujian Province","2004","1.16264359873372","7.94205082445511","-6.77940722572139","6.83102786881991"
"350982","福鼎市","Fuding City","宁德市","Ningde City","福建省","Fujian Province","2005","1.3447079886904","7.28155694935129","-5.93684896066089","5.41497262646795"
"350982","福鼎市","Fuding City","宁德市","Ningde City","福建省","Fujian Province","2006","1.48445661321978","7.11453972876678","-5.630083115547","4.79268957099081"
"350982","福鼎市","Fuding City","宁德市","Ningde City","福建省","Fujian Province","2007","1.55319458958839","7.82987894081911","-6.27668435123072","5.04114487219151"
"350982","福鼎市","Fuding City","宁德市","Ningde City","福建省","Fujian Province","2008","1.72405565812846","7.60321858330236","-5.8791629251739","4.41007721963918"
"350982","福鼎市","Fuding City","宁德市","Ningde City","福建省","Fujian Province","2009","1.88837344765247","8.10808351439272","-6.21971006674025","4.29368646571062"
"350982","福鼎市","Fuding City","宁德市","Ningde City","福建省","Fujian Province","2010","2.17610312420892","6.95349687653846","-4.77739375232954","3.1953894092525"
"350982","福鼎市","Fuding City","宁德市","Ningde City","福建省","Fujian Province","2011","2.78183136931974","7.26706266200765","-4.48523129268791","2.61233040296929"
"350982","福鼎市","Fuding City","宁德市","Ningde City","福建省","Fujian Province","2012","2.9275105122711","7.58655088302393","-4.65904037075283","2.59146836577487"
"350982","福鼎市","Fuding City","宁德市","Ningde City","福建省","Fujian Province","2013","2.96528242330685","7.69098019972324","-4.72569777641639","2.59367544193188"
"350982","福鼎市","Fuding City","宁德市","Ningde City","福建省","Fujian Province","2014","2.99108137552702","7.71929033710251","-4.72820896157549","2.58076908246684"
"350982","福鼎市","Fuding City","宁德市","Ningde City","福建省","Fujian Province","2015","2.80556571453884","7.31281580986091","-4.50725009532207","2.60653877111659"
"350982","福鼎市","Fuding City","宁德市","Ningde City","福建省","Fujian Province","2016","2.87109154188149","7.02572654723605","-4.15463500535456","2.44705765899472"
"350982","福鼎市","Fuding City","宁德市","Ningde City","福建省","Fujian Province","2017","2.84222166203036","7.64075483453389","-4.79853317250353","2.68830363817425"
