"distcode","county_cn","county_en","city_cn","city_en","province_cn","province_en","year","co2_million_tons","co2_10000_tons"
"350102","鼓楼区","Gulou District","福州市","Fuzhou City","福建省","Fujian Province","1997","0.51863865705551","51.863865705551"
"350102","鼓楼区","Gulou District","福州市","Fuzhou City","福建省","Fujian Province","1998","0.480628769413479","48.0628769413479"
"350102","鼓楼区","Gulou District","福州市","Fuzhou City","福建省","Fujian Province","1999","0.468895929199509","46.8895929199509"
"350102","鼓楼区","Gulou District","福州市","Fuzhou City","福建省","Fujian Province","2000","0.488827553327518","48.8827553327518"
"350102","鼓楼区","Gulou District","福州市","Fuzhou City","福建省","Fujian Province","2001","0.464075596634806","46.4075596634806"
"350102","鼓楼区","Gulou District","福州市","Fuzhou City","福建省","Fujian Province","2002","0.494650673632581","49.4650673632581"
"350102","鼓楼区","Gulou District","福州市","Fuzhou City","福建省","Fujian Province","2003","0.563342211755009","56.3342211755009"
"350102","鼓楼区","Gulou District","福州市","Fuzhou City","福建省","Fujian Province","2004","0.612269866383512","61.2269866383512"
"350102","鼓楼区","Gulou District","福州市","Fuzhou City","福建省","Fujian Province","2005","0.704279219782432","70.4279219782432"
"350102","鼓楼区","Gulou District","福州市","Fuzhou City","福建省","Fujian Province","2006","0.771848421131711","77.1848421131711"
"350102","鼓楼区","Gulou District","福州市","Fuzhou City","福建省","Fujian Province","2007","0.78884337298888","78.884337298888"
"350102","鼓楼区","Gulou District","福州市","Fuzhou City","福建省","Fujian Province","2008","0.830268909046074","83.0268909046074"
"350102","鼓楼区","Gulou District","福州市","Fuzhou City","福建省","Fujian Province","2009","0.908531489035476","90.8531489035476"
"350102","鼓楼区","Gulou District","福州市","Fuzhou City","福建省","Fujian Province","2010","0.996699792726406","99.6699792726406"
"350102","鼓楼区","Gulou District","福州市","Fuzhou City","福建省","Fujian Province","2011","1.14037807686399","114.037807686399"
"350102","鼓楼区","Gulou District","福州市","Fuzhou City","福建省","Fujian Province","2012","1.13853915401888","113.853915401888"
"350102","鼓楼区","Gulou District","福州市","Fuzhou City","福建省","Fujian Province","2013","1.15122729375443","115.122729375443"
"350102","鼓楼区","Gulou District","福州市","Fuzhou City","福建省","Fujian Province","2014","1.06979047152468","106.979047152468"
"350102","鼓楼区","Gulou District","福州市","Fuzhou City","福建省","Fujian Province","2015","0.92306757533394","92.306757533394"
"350102","鼓楼区","Gulou District","福州市","Fuzhou City","福建省","Fujian Province","2016","0.913961033076823","91.3961033076823"
"350102","鼓楼区","Gulou District","福州市","Fuzhou City","福建省","Fujian Province","2017","0.878861222362786","87.8861222362786"
"350103","台江区","Taijiang District","福州市","Fuzhou City","福建省","Fujian Province","1997","0.271499478807089","27.1499478807089"
"350103","台江区","Taijiang District","福州市","Fuzhou City","福建省","Fujian Province","1998","0.251601878533874","25.1601878533874"
"350103","台江区","Taijiang District","福州市","Fuzhou City","福建省","Fujian Province","1999","0.242218106461645","24.2218106461645"
"350103","台江区","Taijiang District","福州市","Fuzhou City","福建省","Fujian Province","2000","0.252514208334898","25.2514208334898"
"350103","台江区","Taijiang District","福州市","Fuzhou City","福建省","Fujian Province","2001","0.239548982027877","23.9548982027877"
"350103","台江区","Taijiang District","福州市","Fuzhou City","福建省","Fujian Province","2002","0.255204292294759","25.5204292294759"
"350103","台江区","Taijiang District","福州市","Fuzhou City","福建省","Fujian Province","2003","0.290066667900679","29.0066667900679"
"350103","台江区","Taijiang District","福州市","Fuzhou City","福建省","Fujian Province","2004","0.315259670395683","31.5259670395683"
"350103","台江区","Taijiang District","福州市","Fuzhou City","福建省","Fujian Province","2005","0.362635574418525","36.2635574418525"
"350103","台江区","Taijiang District","福州市","Fuzhou City","福建省","Fujian Province","2006","0.397427167661708","39.7427167661708"
"350103","台江区","Taijiang District","福州市","Fuzhou City","福建省","Fujian Province","2007","0.406177921561338","40.6177921561338"
"350103","台江区","Taijiang District","福州市","Fuzhou City","福建省","Fujian Province","2008","0.427508059724916","42.7508059724916"
"350103","台江区","Taijiang District","福州市","Fuzhou City","福建省","Fujian Province","2009","0.467805707096508","46.7805707096508"
"350103","台江区","Taijiang District","福州市","Fuzhou City","福建省","Fujian Province","2010","0.513203842603537","51.3203842603537"
"350103","台江区","Taijiang District","福州市","Fuzhou City","福建省","Fujian Province","2011","0.58718424076976","58.718424076976"
"350103","台江区","Taijiang District","福州市","Fuzhou City","福建省","Fujian Province","2012","0.586237373641613","58.6237373641613"
"350103","台江区","Taijiang District","福州市","Fuzhou City","福建省","Fujian Province","2013","0.592770536500975","59.2770536500975"
"350103","台江区","Taijiang District","福州市","Fuzhou City","福建省","Fujian Province","2014","0.556318049853889","55.6318049853889"
"350103","台江区","Taijiang District","福州市","Fuzhou City","福建省","Fujian Province","2015","0.482534903094698","48.2534903094698"
"350103","台江区","Taijiang District","福州市","Fuzhou City","福建省","Fujian Province","2016","0.478968783622218","47.8968783622218"
"350103","台江区","Taijiang District","福州市","Fuzhou City","福建省","Fujian Province","2017","0.46068754410581","46.068754410581"
"350104","仓山区","Cangshan District","福州市","Fuzhou City","福建省","Fujian Province","1997","1.08206883449309","108.206883449309"
"350104","仓山区","Cangshan District","福州市","Fuzhou City","福建省","Fujian Province","1998","1.00313049979859","100.313049979859"
"350104","仓山区","Cangshan District","福州市","Fuzhou City","福建省","Fujian Province","1999","0.992358117790039","99.2358117790039"
"350104","仓山区","Cangshan District","福州市","Fuzhou City","福建省","Fujian Province","2000","1.03929147395723","103.929147395723"
"350104","仓山区","Cangshan District","福州市","Fuzhou City","福建省","Fujian Province","2001","1.01920985117505","101.920985117505"
"350104","仓山区","Cangshan District","福州市","Fuzhou City","福建省","Fujian Province","2002","1.1383859579593","113.83859579593"
"350104","仓山区","Cangshan District","福州市","Fuzhou City","福建省","Fujian Province","2003","1.3502862253939","135.02862253939"
"350104","仓山区","Cangshan District","福州市","Fuzhou City","福建省","Fujian Province","2004","1.50542955969458","150.542955969458"
"350104","仓山区","Cangshan District","福州市","Fuzhou City","福建省","Fujian Province","2005","1.73235894523235","173.235894523235"
"350104","仓山区","Cangshan District","福州市","Fuzhou City","福建省","Fujian Province","2006","1.93249679210324","193.249679210324"
"350104","仓山区","Cangshan District","福州市","Fuzhou City","福建省","Fujian Province","2007","1.97974998526568","197.974998526568"
"350104","仓山区","Cangshan District","福州市","Fuzhou City","福建省","Fujian Province","2008","2.1152678092612","211.52678092612"
"350104","仓山区","Cangshan District","福州市","Fuzhou City","福建省","Fujian Province","2009","2.31465660284075","231.465660284075"
"350104","仓山区","Cangshan District","福州市","Fuzhou City","福建省","Fujian Province","2010","2.5578495425855","255.78495425855"
"350104","仓山区","Cangshan District","福州市","Fuzhou City","福建省","Fujian Province","2011","2.95886472700478","295.886472700478"
"350104","仓山区","Cangshan District","福州市","Fuzhou City","福建省","Fujian Province","2012","2.9540933936615","295.40933936615"
"350104","仓山区","Cangshan District","福州市","Fuzhou City","福建省","Fujian Province","2013","2.98701448349695","298.701448349695"
"350104","仓山区","Cangshan District","福州市","Fuzhou City","福建省","Fujian Province","2014","2.83072193748481","283.072193748481"
"350104","仓山区","Cangshan District","福州市","Fuzhou City","福建省","Fujian Province","2015","2.53902543074188","253.902543074188"
"350104","仓山区","Cangshan District","福州市","Fuzhou City","福建省","Fujian Province","2016","2.54973470228153","254.973470228153"
"350104","仓山区","Cangshan District","福州市","Fuzhou City","福建省","Fujian Province","2017","2.4721135090876","247.21135090876"
"350105","马尾区","Mawei District","福州市","Fuzhou City","福建省","Fujian Province","1997","0.674099284814321","67.4099284814321"
"350105","马尾区","Mawei District","福州市","Fuzhou City","福建省","Fujian Province","1998","0.63598352316329","63.598352316329"
"350105","马尾区","Mawei District","福州市","Fuzhou City","福建省","Fujian Province","1999","0.707141331551315","70.7141331551315"
"350105","马尾区","Mawei District","福州市","Fuzhou City","福建省","Fujian Province","2000","0.780564904491087","78.0564904491087"
"350105","马尾区","Mawei District","福州市","Fuzhou City","福建省","Fujian Province","2001","0.750309474340088","75.0309474340088"
"350105","马尾区","Mawei District","福州市","Fuzhou City","福建省","Fujian Province","2002","0.800821959178681","80.0821959178681"
"350105","马尾区","Mawei District","福州市","Fuzhou City","福建省","Fujian Province","2003","0.921273006009682","92.1273006009682"
"350105","马尾区","Mawei District","福州市","Fuzhou City","福建省","Fujian Province","2004","1.0018961449912","100.18961449912"
"350105","马尾区","Mawei District","福州市","Fuzhou City","福建省","Fujian Province","2005","1.15560569445672","115.560569445672"
"350105","马尾区","Mawei District","福州市","Fuzhou City","福建省","Fujian Province","2006","1.32456550958743","132.456550958743"
"350105","马尾区","Mawei District","福州市","Fuzhou City","福建省","Fujian Province","2007","1.36901357354031","136.901357354031"
"350105","马尾区","Mawei District","福州市","Fuzhou City","福建省","Fujian Province","2008","1.46008541382171","146.008541382171"
"350105","马尾区","Mawei District","福州市","Fuzhou City","福建省","Fujian Province","2009","1.59771558429488","159.771558429488"
"350105","马尾区","Mawei District","福州市","Fuzhou City","福建省","Fujian Province","2010","1.75375591944209","175.375591944209"
"350105","马尾区","Mawei District","福州市","Fuzhou City","福建省","Fujian Province","2011","2.03007691924596","203.007691924596"
"350105","马尾区","Mawei District","福州市","Fuzhou City","福建省","Fujian Province","2012","2.02736890093426","202.736890093426"
"350105","马尾区","Mawei District","福州市","Fuzhou City","福建省","Fujian Province","2013","2.04996236187915","204.996236187915"
"350105","马尾区","Mawei District","福州市","Fuzhou City","福建省","Fujian Province","2014","2.02714699633409","202.714699633409"
"350105","马尾区","Mawei District","福州市","Fuzhou City","福建省","Fujian Province","2015","1.93524063867097","193.524063867097"
"350105","马尾区","Mawei District","福州市","Fuzhou City","福建省","Fujian Province","2016","1.97175687420957","197.175687420957"
"350105","马尾区","Mawei District","福州市","Fuzhou City","福建省","Fujian Province","2017","1.95571589233275","195.571589233275"
"350111","晋安区","Jin'an District","福州市","Fuzhou City","福建省","Fujian Province","1997","1.64877324587672","164.877324587672"
"350111","晋安区","Jin'an District","福州市","Fuzhou City","福建省","Fujian Province","1998","1.56204350059381","156.204350059381"
"350111","晋安区","Jin'an District","福州市","Fuzhou City","福建省","Fujian Province","1999","1.67437793805855","167.437793805855"
"350111","晋安区","Jin'an District","福州市","Fuzhou City","福建省","Fujian Province","2000","1.75955993217443","175.955993217443"
"350111","晋安区","Jin'an District","福州市","Fuzhou City","福建省","Fujian Province","2001","1.70954541250381","170.954541250381"
"350111","晋安区","Jin'an District","福州市","Fuzhou City","福建省","Fujian Province","2002","1.825947932135","182.5947932135"
"350111","晋安区","Jin'an District","福州市","Fuzhou City","福建省","Fujian Province","2003","2.0994502099285","209.94502099285"
"350111","晋安区","Jin'an District","福州市","Fuzhou City","福建省","Fujian Province","2004","2.28179261679538","228.179261679538"
"350111","晋安区","Jin'an District","福州市","Fuzhou City","福建省","Fujian Province","2005","2.62486579553785","262.486579553785"
"350111","晋安区","Jin'an District","福州市","Fuzhou City","福建省","Fujian Province","2006","2.8954860169777","289.54860169777"
"350111","晋安区","Jin'an District","福州市","Fuzhou City","福建省","Fujian Province","2007","2.97236809941413","297.236809941413"
"350111","晋安区","Jin'an District","福州市","Fuzhou City","福建省","Fujian Province","2008","3.16310594310698","316.310594310698"
"350111","晋安区","Jin'an District","福州市","Fuzhou City","福建省","Fujian Province","2009","3.4612657672196","346.12657672196"
"350111","晋安区","Jin'an District","福州市","Fuzhou City","福建省","Fujian Province","2010","3.79716379057069","379.716379057069"
"350111","晋安区","Jin'an District","福州市","Fuzhou City","福建省","Fujian Province","2011","4.39042727058914","439.042727058914"
"350111","晋安区","Jin'an District","福州市","Fuzhou City","福建省","Fujian Province","2012","4.39833568367005","439.833568367005"
"350111","晋安区","Jin'an District","福州市","Fuzhou City","福建省","Fujian Province","2013","4.45535828713058","445.535828713058"
"350111","晋安区","Jin'an District","福州市","Fuzhou City","福建省","Fujian Province","2014","4.22097971821636","422.097971821636"
"350111","晋安区","Jin'an District","福州市","Fuzhou City","福建省","Fujian Province","2015","3.74611121775881","374.611121775881"
"350111","晋安区","Jin'an District","福州市","Fuzhou City","福建省","Fujian Province","2016","3.75267988533446","375.267988533446"
"350111","晋安区","Jin'an District","福州市","Fuzhou City","福建省","Fujian Province","2017","3.70568288414368","370.568288414368"
"350121","闽侯县","Minhou County","福州市","Fuzhou City","福建省","Fujian Province","1997","1.55107010492636","155.107010492636"
"350121","闽侯县","Minhou County","福州市","Fuzhou City","福建省","Fujian Province","1998","1.44856170781562","144.856170781562"
"350121","闽侯县","Minhou County","福州市","Fuzhou City","福建省","Fujian Province","1999","1.58066885876176","158.066885876176"
"350121","闽侯县","Minhou County","福州市","Fuzhou City","福建省","Fujian Province","2000","1.67270868733951","167.270868733951"
"350121","闽侯县","Minhou County","福州市","Fuzhou City","福建省","Fujian Province","2001","1.6573137965479","165.73137965479"
"350121","闽侯县","Minhou County","福州市","Fuzhou City","福建省","Fujian Province","2002","1.97737160773681","197.737160773681"
"350121","闽侯县","Minhou County","福州市","Fuzhou City","福建省","Fujian Province","2003","2.5418963285498","254.18963285498"
"350121","闽侯县","Minhou County","福州市","Fuzhou City","福建省","Fujian Province","2004","2.78045950499","278.045950499"
"350121","闽侯县","Minhou County","福州市","Fuzhou City","福建省","Fujian Province","2005","3.19847025695529","319.847025695529"
"350121","闽侯县","Minhou County","福州市","Fuzhou City","福建省","Fujian Province","2006","3.60656048145299","360.656048145299"
"350121","闽侯县","Minhou County","福州市","Fuzhou City","福建省","Fujian Province","2007","3.77179208396322","377.179208396322"
"350121","闽侯县","Minhou County","福州市","Fuzhou City","福建省","Fujian Province","2008","4.15278813250392","415.278813250392"
"350121","闽侯县","Minhou County","福州市","Fuzhou City","福建省","Fujian Province","2009","4.54491410560717","454.491410560717"
"350121","闽侯县","Minhou County","福州市","Fuzhou City","福建省","Fujian Province","2010","5.34048880494139","534.048880494139"
"350121","闽侯县","Minhou County","福州市","Fuzhou City","福建省","Fujian Province","2011","6.2400717916825","624.00717916825"
"350121","闽侯县","Minhou County","福州市","Fuzhou City","福建省","Fujian Province","2012","6.30579882173695","630.579882173695"
"350121","闽侯县","Minhou County","福州市","Fuzhou City","福建省","Fujian Province","2013","6.39980577782359","639.980577782359"
"350121","闽侯县","Minhou County","福州市","Fuzhou City","福建省","Fujian Province","2014","6.56389318473705","656.389318473705"
"350121","闽侯县","Minhou County","福州市","Fuzhou City","福建省","Fujian Province","2015","6.03570734793279","603.570734793279"
"350121","闽侯县","Minhou County","福州市","Fuzhou City","福建省","Fujian Province","2016","6.27149258870529","627.149258870529"
"350121","闽侯县","Minhou County","福州市","Fuzhou City","福建省","Fujian Province","2017","6.17454369774025","617.454369774025"
"350122","连江县","Lianjiang County","福州市","Fuzhou City","福建省","Fujian Province","1997","0.937740602150872","93.7740602150872"
"350122","连江县","Lianjiang County","福州市","Fuzhou City","福建省","Fujian Province","1998","0.889648707020404","88.9648707020404"
"350122","连江县","Lianjiang County","福州市","Fuzhou City","福建省","Fujian Province","1999","0.959758575241655","95.9758575241655"
"350122","连江县","Lianjiang County","福州市","Fuzhou City","福建省","Fujian Province","2000","1.08387430089914","108.387430089914"
"350122","连江县","Lianjiang County","福州市","Fuzhou City","福建省","Fujian Province","2001","1.04960125603435","104.960125603435"
"350122","连江县","Lianjiang County","福州市","Fuzhou City","福建省","Fujian Province","2002","1.1260750900242","112.60750900242"
"350122","连江县","Lianjiang County","福州市","Fuzhou City","福建省","Fujian Province","2003","1.33293539721267","133.293539721267"
"350122","连江县","Lianjiang County","福州市","Fuzhou City","福建省","Fujian Province","2004","1.45798092623416","145.798092623416"
"350122","连江县","Lianjiang County","福州市","Fuzhou City","福建省","Fujian Province","2005","1.68617670131219","168.617670131219"
"350122","连江县","Lianjiang County","福州市","Fuzhou City","福建省","Fujian Province","2006","1.89971336438006","189.971336438006"
"350122","连江县","Lianjiang County","福州市","Fuzhou City","福建省","Fujian Province","2007","1.96799375019879","196.799375019879"
"350122","连江县","Lianjiang County","福州市","Fuzhou City","福建省","Fujian Province","2008","2.18270395761144","218.270395761144"
"350122","连江县","Lianjiang County","福州市","Fuzhou City","福建省","Fujian Province","2009","2.38844939889505","238.844939889505"
"350122","连江县","Lianjiang County","福州市","Fuzhou City","福建省","Fujian Province","2010","2.64202190461406","264.202190461406"
"350122","连江县","Lianjiang County","福州市","Fuzhou City","福建省","Fujian Province","2011","3.17555355681128","317.555355681128"
"350122","连江县","Lianjiang County","福州市","Fuzhou City","福建省","Fujian Province","2012","3.32993008906416","332.993008906416"
"350122","连江县","Lianjiang County","福州市","Fuzhou City","福建省","Fujian Province","2013","3.46712144480189","346.712144480189"
"350122","连江县","Lianjiang County","福州市","Fuzhou City","福建省","Fujian Province","2014","3.60250354277132","360.250354277132"
"350122","连江县","Lianjiang County","福州市","Fuzhou City","福建省","Fujian Province","2015","3.4390042715954","343.90042715954"
"350122","连江县","Lianjiang County","福州市","Fuzhou City","福建省","Fujian Province","2016","3.61620163378151","361.620163378151"
"350122","连江县","Lianjiang County","福州市","Fuzhou City","福建省","Fujian Province","2017","3.67757243799566","367.757243799566"
"350123","罗源县","Luoyuan County","福州市","Fuzhou City","福建省","Fujian Province","1997","0.54994033357982","54.994033357982"
"350123","罗源县","Luoyuan County","福州市","Fuzhou City","福建省","Fujian Province","1998","0.529055759058928","52.9055759058928"
"350123","罗源县","Luoyuan County","福州市","Fuzhou City","福建省","Fujian Province","1999","0.628271470547161","62.8271470547161"
"350123","罗源县","Luoyuan County","福州市","Fuzhou City","福建省","Fujian Province","2000","0.685674133486319","68.5674133486319"
"350123","罗源县","Luoyuan County","福州市","Fuzhou City","福建省","Fujian Province","2001","0.664104196678344","66.4104196678344"
"350123","罗源县","Luoyuan County","福州市","Fuzhou City","福建省","Fujian Province","2002","0.721909295714648","72.1909295714648"
"350123","罗源县","Luoyuan County","福州市","Fuzhou City","福建省","Fujian Province","2003","0.856347326363799","85.6347326363799"
"350123","罗源县","Luoyuan County","福州市","Fuzhou City","福建省","Fujian Province","2004","0.954599590484179","95.4599590484179"
"350123","罗源县","Luoyuan County","福州市","Fuzhou City","福建省","Fujian Province","2005","1.11677062570567","111.677062570567"
"350123","罗源县","Luoyuan County","福州市","Fuzhou City","福建省","Fujian Province","2006","1.2718436228981","127.18436228981"
"350123","罗源县","Luoyuan County","福州市","Fuzhou City","福建省","Fujian Province","2007","1.3819454321139","138.19454321139"
"350123","罗源县","Luoyuan County","福州市","Fuzhou City","福建省","Fujian Province","2008","1.51617909073689","151.617909073689"
"350123","罗源县","Luoyuan County","福州市","Fuzhou City","福建省","Fujian Province","2009","1.6590967479853","165.90967479853"
"350123","罗源县","Luoyuan County","福州市","Fuzhou City","福建省","Fujian Province","2010","1.82554999293704","182.554999293704"
"350123","罗源县","Luoyuan County","福州市","Fuzhou City","福建省","Fujian Province","2011","2.15470840305623","215.470840305623"
"350123","罗源县","Luoyuan County","福州市","Fuzhou City","福建省","Fujian Province","2012","2.2422943249418","224.22943249418"
"350123","罗源县","Luoyuan County","福州市","Fuzhou City","福建省","Fujian Province","2013","2.27957873467717","227.957873467717"
"350123","罗源县","Luoyuan County","福州市","Fuzhou City","福建省","Fujian Province","2014","2.57842674393145","257.842674393145"
"350123","罗源县","Luoyuan County","福州市","Fuzhou City","福建省","Fujian Province","2015","2.41145654842314","241.145654842314"
"350123","罗源县","Luoyuan County","福州市","Fuzhou City","福建省","Fujian Province","2016","2.41981657333871","241.981657333871"
"350123","罗源县","Luoyuan County","福州市","Fuzhou City","福建省","Fujian Province","2017","2.39735371869744","239.735371869744"
"350124","闽清县","Minqing County","福州市","Fuzhou City","福建省","Fujian Province","1997","0.708151317853319","70.8151317853319"
"350124","闽清县","Minqing County","福州市","Fuzhou City","福建省","Fujian Province","1998","0.668268182926923","66.8268182926923"
"350124","闽清县","Minqing County","福州市","Fuzhou City","福建省","Fujian Province","1999","0.688679941864416","68.8679941864416"
"350124","闽清县","Minqing County","福州市","Fuzhou City","福建省","Fujian Province","2000","0.722704678268667","72.2704678268667"
"350124","闽清县","Minqing County","福州市","Fuzhou City","福建省","Fujian Province","2001","0.686868861154702","68.6868861154702"
"350124","闽清县","Minqing County","福州市","Fuzhou City","福建省","Fujian Province","2002","0.769921680661564","76.9921680661564"
"350124","闽清县","Minqing County","福州市","Fuzhou City","福建省","Fujian Province","2003","0.883073198804238","88.3073198804238"
"350124","闽清县","Minqing County","福州市","Fuzhou City","福建省","Fujian Province","2004","0.959770274899738","95.9770274899738"
"350124","闽清县","Minqing County","福州市","Fuzhou City","福建省","Fujian Province","2005","1.10400053553078","110.400053553078"
"350124","闽清县","Minqing County","福州市","Fuzhou City","福建省","Fujian Province","2006","1.2099193705321","120.99193705321"
"350124","闽清县","Minqing County","福州市","Fuzhou City","福建省","Fujian Province","2007","1.23695186628882","123.695186628882"
"350124","闽清县","Minqing County","福州市","Fuzhou City","福建省","Fujian Province","2008","1.3078900698386","130.78900698386"
"350124","闽清县","Minqing County","福州市","Fuzhou City","福建省","Fujian Province","2009","1.43162537666196","143.162537666196"
"350124","闽清县","Minqing County","福州市","Fuzhou City","福建省","Fujian Province","2010","1.57253777531002","157.253777531002"
"350124","闽清县","Minqing County","福州市","Fuzhou City","福建省","Fujian Province","2011","1.80460723489828","180.460723489828"
"350124","闽清县","Minqing County","福州市","Fuzhou City","福建省","Fujian Province","2012","1.80876712098975","180.876712098975"
"350124","闽清县","Minqing County","福州市","Fuzhou City","福建省","Fujian Province","2013","1.83635908606332","183.635908606332"
"350124","闽清县","Minqing County","福州市","Fuzhou City","福建省","Fujian Province","2014","1.88253153301149","188.253153301149"
"350124","闽清县","Minqing County","福州市","Fuzhou City","福建省","Fujian Province","2015","1.71617866229893","171.617866229893"
"350124","闽清县","Minqing County","福州市","Fuzhou City","福建省","Fujian Province","2016","1.81463302686233","181.463302686233"
"350124","闽清县","Minqing County","福州市","Fuzhou City","福建省","Fujian Province","2017","1.86687231905347","186.687231905347"
"350125","永泰县","Yongtai County","福州市","Fuzhou City","福建省","Fujian Province","1997","0.44464096987461","44.464096987461"
"350125","永泰县","Yongtai County","福州市","Fuzhou City","福建省","Fujian Province","1998","0.418608238814921","41.8608238814921"
"350125","永泰县","Yongtai County","福州市","Fuzhou City","福建省","Fujian Province","1999","0.457094661108517","45.7094661108517"
"350125","永泰县","Yongtai County","福州市","Fuzhou City","福建省","Fujian Province","2000","0.483467869214283","48.3467869214283"
"350125","永泰县","Yongtai County","福州市","Fuzhou City","福建省","Fujian Province","2001","0.463382256599993","46.3382256599993"
"350125","永泰县","Yongtai County","福州市","Fuzhou City","福建省","Fujian Province","2002","0.498959477409868","49.8959477409868"
"350125","永泰县","Yongtai County","福州市","Fuzhou City","福建省","Fujian Province","2003","0.572437403946782","57.2437403946782"
"350125","永泰县","Yongtai County","福州市","Fuzhou City","福建省","Fujian Province","2004","0.623523708935022","62.3523708935022"
"350125","永泰县","Yongtai County","福州市","Fuzhou City","福建省","Fujian Province","2005","0.718973570120665","71.8973570120665"
"350125","永泰县","Yongtai County","福州市","Fuzhou City","福建省","Fujian Province","2006","0.805398712661281","80.5398712661281"
"350125","永泰县","Yongtai County","福州市","Fuzhou City","福建省","Fujian Province","2007","0.838611434772083","83.8611434772083"
"350125","永泰县","Yongtai County","福州市","Fuzhou City","福建省","Fujian Province","2008","0.89708637713622","89.708637713622"
"350125","永泰县","Yongtai County","福州市","Fuzhou City","福建省","Fujian Province","2009","0.986160607820424","98.6160607820424"
"350125","永泰县","Yongtai County","福州市","Fuzhou City","福建省","Fujian Province","2010","1.08928939095782","108.928939095782"
"350125","永泰县","Yongtai County","福州市","Fuzhou City","福建省","Fujian Province","2011","1.30126599232816","130.126599232816"
"350125","永泰县","Yongtai County","福州市","Fuzhou City","福建省","Fujian Province","2012","1.3291440695203","132.91440695203"
"350125","永泰县","Yongtai County","福州市","Fuzhou City","福建省","Fujian Province","2013","1.3982865043366","139.82865043366"
"350125","永泰县","Yongtai County","福州市","Fuzhou City","福建省","Fujian Province","2014","1.40028345717","140.028345717"
"350125","永泰县","Yongtai County","福州市","Fuzhou City","福建省","Fujian Province","2015","1.2386453658664","123.86453658664"
"350125","永泰县","Yongtai County","福州市","Fuzhou City","福建省","Fujian Province","2016","1.23279776698293","123.279776698293"
"350125","永泰县","Yongtai County","福州市","Fuzhou City","福建省","Fujian Province","2017","1.22958481518686","122.958481518686"
"350128","平潭县","Pingtan County","福州市","Fuzhou City","福建省","Fujian Province","1997","0.204181228876146","20.4181228876146"
"350128","平潭县","Pingtan County","福州市","Fuzhou City","福建省","Fujian Province","1998","0.193343845877695","19.3343845877695"
"350128","平潭县","Pingtan County","福州市","Fuzhou City","福建省","Fujian Province","1999","0.201906844170633","20.1906844170633"
"350128","平潭县","Pingtan County","福州市","Fuzhou City","福建省","Fujian Province","2000","0.213534687511373","21.3534687511373"
"350128","平潭县","Pingtan County","福州市","Fuzhou City","福建省","Fujian Province","2001","0.209504247185982","20.9504247185982"
"350128","平潭县","Pingtan County","福州市","Fuzhou City","福建省","Fujian Province","2002","0.227997274158173","22.7997274158173"
"350128","平潭县","Pingtan County","福州市","Fuzhou City","福建省","Fujian Province","2003","0.268937836809023","26.8937836809023"
"350128","平潭县","Pingtan County","福州市","Fuzhou City","福建省","Fujian Province","2004","0.292751985292663","29.2751985292663"
"350128","平潭县","Pingtan County","福州市","Fuzhou City","福建省","Fujian Province","2005","0.338319923263593","33.8319923263593"
"350128","平潭县","Pingtan County","福州市","Fuzhou City","福建省","Fujian Province","2006","0.375954981082783","37.5954981082783"
"350128","平潭县","Pingtan County","福州市","Fuzhou City","福建省","Fujian Province","2007","0.409312917579178","40.9312917579178"
"350128","平潭县","Pingtan County","福州市","Fuzhou City","福建省","Fujian Province","2008","0.459060752989707","45.9060752989707"
"350128","平潭县","Pingtan County","福州市","Fuzhou City","福建省","Fujian Province","2009","0.502558277715351","50.2558277715351"
"350128","平潭县","Pingtan County","福州市","Fuzhou City","福建省","Fujian Province","2010","0.628817057507469","62.8817057507469"
"350128","平潭县","Pingtan County","福州市","Fuzhou City","福建省","Fujian Province","2011","0.931337088109489","93.1337088109489"
"350128","平潭县","Pingtan County","福州市","Fuzhou City","福建省","Fujian Province","2012","1.08480779801699","108.480779801699"
"350128","平潭县","Pingtan County","福州市","Fuzhou City","福建省","Fujian Province","2013","1.22271433385343","122.271433385343"
"350128","平潭县","Pingtan County","福州市","Fuzhou City","福建省","Fujian Province","2014","1.26653541731451","126.653541731451"
"350128","平潭县","Pingtan County","福州市","Fuzhou City","福建省","Fujian Province","2015","1.17183657338593","117.183657338593"
"350128","平潭县","Pingtan County","福州市","Fuzhou City","福建省","Fujian Province","2016","1.22168103430726","122.168103430726"
"350128","平潭县","Pingtan County","福州市","Fuzhou City","福建省","Fujian Province","2017","1.28710064699998","128.710064699998"
"350181","福清市","Fuqing City","福州市","Fuzhou City","福建省","Fujian Province","1997","3.15099178032791","315.099178032791"
"350181","福清市","Fuqing City","福州市","Fuzhou City","福建省","Fujian Province","1998","2.92236856311559","292.236856311559"
"350181","福清市","Fuqing City","福州市","Fuzhou City","福建省","Fujian Province","1999","2.89131068229301","289.131068229301"
"350181","福清市","Fuqing City","福州市","Fuzhou City","福建省","Fujian Province","2000","3.01969475379745","301.969475379745"
"350181","福清市","Fuqing City","福州市","Fuzhou City","福建省","Fujian Province","2001","2.86846328069367","286.846328069367"
"350181","福清市","Fuqing City","福州市","Fuzhou City","福建省","Fujian Province","2002","3.06048176866749","306.048176866749"
"350181","福清市","Fuqing City","福州市","Fuzhou City","福建省","Fujian Province","2003","3.53243272125067","353.243272125067"
"350181","福清市","Fuqing City","福州市","Fuzhou City","福建省","Fujian Province","2004","3.84653296831549","384.653296831549"
"350181","福清市","Fuqing City","福州市","Fuzhou City","福建省","Fujian Province","2005","4.43681913843562","443.681913843562"
"350181","福清市","Fuqing City","福州市","Fuzhou City","福建省","Fujian Province","2006","4.95949995187686","495.949995187686"
"350181","福清市","Fuqing City","福州市","Fuzhou City","福建省","Fujian Province","2007","5.12963723418998","512.963723418998"
"350181","福清市","Fuqing City","福州市","Fuzhou City","福建省","Fujian Province","2008","5.69536424767149","569.536424767149"
"350181","福清市","Fuqing City","福州市","Fuzhou City","福建省","Fujian Province","2009","6.23221910896491","623.221910896491"
"350181","福清市","Fuqing City","福州市","Fuzhou City","福建省","Fujian Province","2010","6.99967459998669","699.967459998669"
"350181","福清市","Fuqing City","福州市","Fuzhou City","福建省","Fujian Province","2011","8.61373505152359","861.373505152359"
"350181","福清市","Fuqing City","福州市","Fuzhou City","福建省","Fujian Province","2012","8.76556374018111","876.556374018111"
"350181","福清市","Fuqing City","福州市","Fuzhou City","福建省","Fujian Province","2013","8.87640279501363","887.640279501363"
"350181","福清市","Fuqing City","福州市","Fuzhou City","福建省","Fujian Province","2014","9.07725705924548","907.725705924548"
"350181","福清市","Fuqing City","福州市","Fuzhou City","福建省","Fujian Province","2015","8.3805525380164","838.05525380164"
"350181","福清市","Fuqing City","福州市","Fuzhou City","福建省","Fujian Province","2016","8.60642235525921","860.642235525921"
"350181","福清市","Fuqing City","福州市","Fuzhou City","福建省","Fujian Province","2017","8.89418973556863","889.418973556863"
"350182","长乐市","Changle City","福州市","Fuzhou City","福建省","Fujian Province","1997","1.75237000792998","175.237000792998"
"350182","长乐市","Changle City","福州市","Fuzhou City","福建省","Fujian Province","1998","1.63316684879489","163.316684879489"
"350182","长乐市","Changle City","福州市","Fuzhou City","福建省","Fujian Province","1999","1.71468920034956","171.468920034956"
"350182","长乐市","Changle City","福州市","Fuzhou City","福建省","Fujian Province","2000","1.79768677597994","179.768677597994"
"350182","长乐市","Changle City","福州市","Fuzhou City","福建省","Fujian Province","2001","1.70966096917628","170.966096917628"
"350182","长乐市","Changle City","福州市","Fuzhou City","福建省","Fujian Province","2002","1.83050295327099","183.050295327099"
"350182","长乐市","Changle City","福州市","Fuzhou City","福建省","Fujian Province","2003","2.12029918895272","212.029918895272"
"350182","长乐市","Changle City","福州市","Fuzhou City","福建省","Fujian Province","2004","2.34399290873549","234.399290873549"
"350182","长乐市","Changle City","福州市","Fuzhou City","福建省","Fujian Province","2005","2.72580198774214","272.580198774214"
"350182","长乐市","Changle City","福州市","Fuzhou City","福建省","Fujian Province","2006","3.17788361368088","317.788361368088"
"350182","长乐市","Changle City","福州市","Fuzhou City","福建省","Fujian Province","2007","3.30487361455624","330.487361455624"
"350182","长乐市","Changle City","福州市","Fuzhou City","福建省","Fujian Province","2008","3.780136389174","378.0136389174"
"350182","长乐市","Changle City","福州市","Fuzhou City","福建省","Fujian Province","2009","4.13645856781427","413.645856781427"
"350182","长乐市","Changle City","福州市","Fuzhou City","福建省","Fujian Province","2010","4.57575813933486","457.575813933486"
"350182","长乐市","Changle City","福州市","Fuzhou City","福建省","Fujian Province","2011","5.4243020794698","542.43020794698"
"350182","长乐市","Changle City","福州市","Fuzhou City","福建省","Fujian Province","2012","5.57307280383757","557.307280383757"
"350182","长乐市","Changle City","福州市","Fuzhou City","福建省","Fujian Province","2013","5.64661832334045","564.661832334045"
"350182","长乐市","Changle City","福州市","Fuzhou City","福建省","Fujian Province","2014","6.35701756741639","635.701756741639"
"350182","长乐市","Changle City","福州市","Fuzhou City","福建省","Fujian Province","2015","6.32279679407559","632.279679407559"
"350182","长乐市","Changle City","福州市","Fuzhou City","福建省","Fujian Province","2016","7.15082592771033","715.082592771033"
"350182","长乐市","Changle City","福州市","Fuzhou City","福建省","Fujian Province","2017","8.15733379999698","815.733379999698"
"350203","思明区","Siming District","厦门市","Xiamen City","福建省","Fujian Province","1997","0.98318696932215","98.318696932215"
"350203","思明区","Siming District","厦门市","Xiamen City","福建省","Fujian Province","1998","0.961378909728324","96.1378909728324"
"350203","思明区","Siming District","厦门市","Xiamen City","福建省","Fujian Province","1999","0.993059183221187","99.3059183221187"
"350203","思明区","Siming District","厦门市","Xiamen City","福建省","Fujian Province","2000","1.03746430891863","103.746430891863"
"350203","思明区","Siming District","厦门市","Xiamen City","福建省","Fujian Province","2001","0.986969539556244","98.6969539556244"
"350203","思明区","Siming District","厦门市","Xiamen City","福建省","Fujian Province","2002","1.05430272996252","105.430272996252"
"350203","思明区","Siming District","厦门市","Xiamen City","福建省","Fujian Province","2003","1.1987463308756","119.87463308756"
"350203","思明区","Siming District","厦门市","Xiamen City","福建省","Fujian Province","2004","1.30346870958099","130.346870958099"
"350203","思明区","Siming District","厦门市","Xiamen City","福建省","Fujian Province","2005","1.50162265837367","150.162265837367"
"350203","思明区","Siming District","厦门市","Xiamen City","福建省","Fujian Province","2006","1.64588144446491","164.588144446491"
"350203","思明区","Siming District","厦门市","Xiamen City","福建省","Fujian Province","2007","1.68721566935103","168.721566935103"
"350203","思明区","Siming District","厦门市","Xiamen City","福建省","Fujian Province","2008","1.77581857322299","177.581857322299"
"350203","思明区","Siming District","厦门市","Xiamen City","福建省","Fujian Province","2009","1.94321029609649","194.321029609649"
"350203","思明区","Siming District","厦门市","Xiamen City","福建省","Fujian Province","2010","2.13178885125859","213.178885125859"
"350203","思明区","Siming District","厦门市","Xiamen City","福建省","Fujian Province","2011","2.43909478884149","243.909478884149"
"350203","思明区","Siming District","厦门市","Xiamen City","福建省","Fujian Province","2012","2.43516161332751","243.516161332751"
"350203","思明区","Siming District","厦门市","Xiamen City","福建省","Fujian Province","2013","2.46229960917023","246.229960917023"
"350203","思明区","Siming District","厦门市","Xiamen City","福建省","Fujian Province","2014","2.32606095597652","232.606095597652"
"350203","思明区","Siming District","厦门市","Xiamen City","福建省","Fujian Province","2015","2.07997070543218","207.997070543218"
"350203","思明区","Siming District","厦门市","Xiamen City","福建省","Fujian Province","2016","2.0814012759895","208.14012759895"
"350203","思明区","Siming District","厦门市","Xiamen City","福建省","Fujian Province","2017","2.05913223062126","205.913223062126"
"350205","海沧区","Haicang District","厦门市","Xiamen City","福建省","Fujian Province","1997","1.08979602660578","108.979602660578"
"350205","海沧区","Haicang District","厦门市","Xiamen City","福建省","Fujian Province","1998","1.03177403252121","103.177403252121"
"350205","海沧区","Haicang District","厦门市","Xiamen City","福建省","Fujian Province","1999","1.19928926421723","119.928926421723"
"350205","海沧区","Haicang District","厦门市","Xiamen City","福建省","Fujian Province","2000","1.32822717206161","132.822717206161"
"350205","海沧区","Haicang District","厦门市","Xiamen City","福建省","Fujian Province","2001","1.28094571431694","128.094571431694"
"350205","海沧区","Haicang District","厦门市","Xiamen City","福建省","Fujian Province","2002","1.37857099137323","137.857099137323"
"350205","海沧区","Haicang District","厦门市","Xiamen City","福建省","Fujian Province","2003","1.65098727185727","165.098727185727"
"350205","海沧区","Haicang District","厦门市","Xiamen City","福建省","Fujian Province","2004","1.81551854567471","181.551854567471"
"350205","海沧区","Haicang District","厦门市","Xiamen City","福建省","Fujian Province","2005","2.1289314716225","212.89314716225"
"350205","海沧区","Haicang District","厦门市","Xiamen City","福建省","Fujian Province","2006","2.45799021543211","245.799021543211"
"350205","海沧区","Haicang District","厦门市","Xiamen City","福建省","Fujian Province","2007","2.71647404945798","271.647404945798"
"350205","海沧区","Haicang District","厦门市","Xiamen City","福建省","Fujian Province","2008","2.86263356345468","286.263356345468"
"350205","海沧区","Haicang District","厦门市","Xiamen City","福建省","Fujian Province","2009","3.13247034259847","313.247034259847"
"350205","海沧区","Haicang District","厦门市","Xiamen City","福建省","Fujian Province","2010","3.43720316001327","343.720316001327"
"350205","海沧区","Haicang District","厦门市","Xiamen City","福建省","Fujian Province","2011","3.93438934119246","393.438934119246"
"350205","海沧区","Haicang District","厦门市","Xiamen City","福建省","Fujian Province","2012","3.94246754748564","394.246754748564"
"350205","海沧区","Haicang District","厦门市","Xiamen City","福建省","Fujian Province","2013","3.98640330408108","398.640330408108"
"350205","海沧区","Haicang District","厦门市","Xiamen City","福建省","Fujian Province","2014","3.91611313411225","391.611313411225"
"350205","海沧区","Haicang District","厦门市","Xiamen City","福建省","Fujian Province","2015","3.55680242885193","355.680242885193"
"350205","海沧区","Haicang District","厦门市","Xiamen City","福建省","Fujian Province","2016","3.59175489827365","359.175489827365"
"350205","海沧区","Haicang District","厦门市","Xiamen City","福建省","Fujian Province","2017","3.59686007130597","359.686007130597"
"350206","湖里区","Huli District","厦门市","Xiamen City","福建省","Fujian Province","1997","0.784768392191065","78.4768392191065"
"350206","湖里区","Huli District","厦门市","Xiamen City","福建省","Fujian Province","1998","0.746431043407296","74.6431043407296"
"350206","湖里区","Huli District","厦门市","Xiamen City","福建省","Fujian Province","1999","0.761824435180861","76.1824435180861"
"350206","湖里区","Huli District","厦门市","Xiamen City","福建省","Fujian Province","2000","0.796522145828218","79.6522145828218"
"350206","湖里区","Huli District","厦门市","Xiamen City","福建省","Fujian Province","2001","0.756896204670811","75.6896204670811"
"350206","湖里区","Huli District","厦门市","Xiamen City","福建省","Fujian Province","2002","0.806854284466883","80.6854284466883"
"350206","湖里区","Huli District","厦门市","Xiamen City","福建省","Fujian Province","2003","0.920013671706206","92.0013671706206"
"350206","湖里区","Huli District","厦门市","Xiamen City","福建省","Fujian Province","2004","1.00128782917761","100.128782917761"
"350206","湖里区","Huli District","厦门市","Xiamen City","福建省","Fujian Province","2005","1.15805475284642","115.805475284642"
"350206","湖里区","Huli District","厦门市","Xiamen City","福建省","Fujian Province","2006","1.2720353388497","127.20353388497"
"350206","湖里区","Huli District","厦门市","Xiamen City","福建省","Fujian Province","2007","1.30611771593241","130.611771593241"
"350206","湖里区","Huli District","厦门市","Xiamen City","福建省","Fujian Province","2008","1.37470753792875","137.470753792875"
"350206","湖里区","Huli District","厦门市","Xiamen City","福建省","Fujian Province","2009","1.50428984250136","150.428984250136"
"350206","湖里区","Huli District","厦门市","Xiamen City","福建省","Fujian Province","2010","1.6502734273011","165.02734273011"
"350206","湖里区","Huli District","厦门市","Xiamen City","福建省","Fujian Province","2011","1.88816697972562","188.816697972562"
"350206","湖里区","Huli District","厦门市","Xiamen City","福建省","Fujian Province","2012","1.88512220583454","188.512220583454"
"350206","湖里区","Huli District","厦门市","Xiamen City","福建省","Fujian Province","2013","1.90613043719995","190.613043719995"
"350206","湖里区","Huli District","厦门市","Xiamen City","福建省","Fujian Province","2014","1.78077207068009","178.077207068009"
"350206","湖里区","Huli District","厦门市","Xiamen City","福建省","Fujian Province","2015","1.55530228633676","155.530228633676"
"350206","湖里区","Huli District","厦门市","Xiamen City","福建省","Fujian Province","2016","1.54188177522373","154.188177522373"
"350206","湖里区","Huli District","厦门市","Xiamen City","福建省","Fujian Province","2017","1.49365747423721","149.365747423721"
"350211","集美区","Jimei District","厦门市","Xiamen City","福建省","Fujian Province","1997","1.29921602979562","129.921602979562"
"350211","集美区","Jimei District","厦门市","Xiamen City","福建省","Fujian Province","1998","1.21637917350048","121.637917350048"
"350211","集美区","Jimei District","厦门市","Xiamen City","福建省","Fujian Province","1999","1.34651300475832","134.651300475832"
"350211","集美区","Jimei District","厦门市","Xiamen City","福建省","Fujian Province","2000","1.4322537682594","143.22537682594"
"350211","集美区","Jimei District","厦门市","Xiamen City","福建省","Fujian Province","2001","1.36691987863374","136.691987863374"
"350211","集美区","Jimei District","厦门市","Xiamen City","福建省","Fujian Province","2002","1.46536261031573","146.536261031573"
"350211","集美区","Jimei District","厦门市","Xiamen City","福建省","Fujian Province","2003","1.72738688626815","172.738688626815"
"350211","集美区","Jimei District","厦门市","Xiamen City","福建省","Fujian Province","2004","1.88745189063233","188.745189063233"
"350211","集美区","Jimei District","厦门市","Xiamen City","福建省","Fujian Province","2005","2.2018784250873","220.18784250873"
"350211","集美区","Jimei District","厦门市","Xiamen City","福建省","Fujian Province","2006","2.59506712082435","259.506712082435"
"350211","集美区","Jimei District","厦门市","Xiamen City","福建省","Fujian Province","2007","2.98392839722992","298.392839722992"
"350211","集美区","Jimei District","厦门市","Xiamen City","福建省","Fujian Province","2008","3.15898140803968","315.898140803968"
"350211","集美区","Jimei District","厦门市","Xiamen City","福建省","Fujian Province","2009","3.45675244636001","345.675244636001"
"350211","集美区","Jimei District","厦门市","Xiamen City","福建省","Fujian Province","2010","3.79221247515725","379.221247515725"
"350211","集美区","Jimei District","厦门市","Xiamen City","福建省","Fujian Province","2011","4.33972491694814","433.972491694814"
"350211","集美区","Jimei District","厦门市","Xiamen City","福建省","Fujian Province","2012","4.35139144632104","435.139144632104"
"350211","集美区","Jimei District","厦门市","Xiamen City","福建省","Fujian Province","2013","4.39988434401375","439.988434401375"
"350211","集美区","Jimei District","厦门市","Xiamen City","福建省","Fujian Province","2014","4.52706225104264","452.706225104264"
"350211","集美区","Jimei District","厦门市","Xiamen City","福建省","Fujian Province","2015","4.22840366430084","422.840366430084"
"350211","集美区","Jimei District","厦门市","Xiamen City","福建省","Fujian Province","2016","4.28428439684421","428.428439684421"
"350211","集美区","Jimei District","厦门市","Xiamen City","福建省","Fujian Province","2017","4.31972903175471","431.972903175471"
"350212","同安区","Tong'an District","厦门市","Xiamen City","福建省","Fujian Province","1997","1.39534753845187","139.534753845187"
"350212","同安区","Tong'an District","厦门市","Xiamen City","福建省","Fujian Province","1998","1.31687427983238","131.687427983238"
"350212","同安区","Tong'an District","厦门市","Xiamen City","福建省","Fujian Province","1999","1.40294877196574","140.294877196574"
"350212","同安区","Tong'an District","厦门市","Xiamen City","福建省","Fujian Province","2000","1.47890738224505","147.890738224505"
"350212","同安区","Tong'an District","厦门市","Xiamen City","福建省","Fujian Province","2001","1.41660924779534","141.660924779534"
"350212","同安区","Tong'an District","厦门市","Xiamen City","福建省","Fujian Province","2002","1.5187917771541","151.87917771541"
"350212","同安区","Tong'an District","厦门市","Xiamen City","福建省","Fujian Province","2003","1.74683660495518","174.683660495518"
"350212","同安区","Tong'an District","厦门市","Xiamen City","福建省","Fujian Province","2004","1.92243004991405","192.243004991405"
"350212","同安区","Tong'an District","厦门市","Xiamen City","福建省","Fujian Province","2005","2.36858932832939","236.858932832939"
"350212","同安区","Tong'an District","厦门市","Xiamen City","福建省","Fujian Province","2006","3.04579132303018","304.579132303018"
"350212","同安区","Tong'an District","厦门市","Xiamen City","福建省","Fujian Province","2007","3.65560129405205","365.560129405205"
"350212","同安区","Tong'an District","厦门市","Xiamen City","福建省","Fujian Province","2008","3.89046770222409","389.046770222409"
"350212","同安区","Tong'an District","厦门市","Xiamen City","福建省","Fujian Province","2009","4.25786689893725","425.786689893725"
"350212","同安区","Tong'an District","厦门市","Xiamen City","福建省","Fujian Province","2010","4.68196385495325","468.196385495325"
"350212","同安区","Tong'an District","厦门市","Xiamen City","福建省","Fujian Province","2011","5.39767626247397","539.767626247397"
"350212","同安区","Tong'an District","厦门市","Xiamen City","福建省","Fujian Province","2012","5.44779390537001","544.779390537001"
"350212","同安区","Tong'an District","厦门市","Xiamen City","福建省","Fujian Province","2013","5.51622596219986","551.622596219986"
"350212","同安区","Tong'an District","厦门市","Xiamen City","福建省","Fujian Province","2014","5.46654481031603","546.654481031603"
"350212","同安区","Tong'an District","厦门市","Xiamen City","福建省","Fujian Province","2015","5.15107090488357","515.107090488357"
"350212","同安区","Tong'an District","厦门市","Xiamen City","福建省","Fujian Province","2016","5.50259279602738","550.259279602738"
"350212","同安区","Tong'an District","厦门市","Xiamen City","福建省","Fujian Province","2017","6.36486567673464","636.486567673464"
"350213","翔安区","Xiang'an District","厦门市","Xiamen City","福建省","Fujian Province","1997","0.612936594701966","61.2936594701966"
"350213","翔安区","Xiang'an District","厦门市","Xiamen City","福建省","Fujian Province","1998","0.574084363466099","57.4084363466099"
"350213","翔安区","Xiang'an District","厦门市","Xiamen City","福建省","Fujian Province","1999","0.637034788436511","63.7034788436511"
"350213","翔安区","Xiang'an District","厦门市","Xiamen City","福建省","Fujian Province","2000","0.67532019826757","67.532019826757"
"350213","翔安区","Xiang'an District","厦门市","Xiamen City","福建省","Fujian Province","2001","0.647001809152957","64.7001809152957"
"350213","翔安区","Xiang'an District","厦门市","Xiamen City","福建省","Fujian Province","2002","0.698764863996648","69.8764863996648"
"350213","翔安区","Xiang'an District","厦门市","Xiamen City","福建省","Fujian Province","2003","0.798697800471335","79.8697800471335"
"350213","翔安区","Xiang'an District","厦门市","Xiamen City","福建省","Fujian Province","2004","0.933004379101551","93.3004379101551"
"350213","翔安区","Xiang'an District","厦门市","Xiamen City","福建省","Fujian Province","2005","1.57946772861788","157.946772861788"
"350213","翔安区","Xiang'an District","厦门市","Xiamen City","福建省","Fujian Province","2006","1.93057963258726","193.057963258726"
"350213","翔安区","Xiang'an District","厦门市","Xiamen City","福建省","Fujian Province","2007","2.28404053624724","228.404053624724"
"350213","翔安区","Xiang'an District","厦门市","Xiamen City","福建省","Fujian Province","2008","2.43677531775669","243.677531775669"
"350213","翔安区","Xiang'an District","厦门市","Xiamen City","福建省","Fujian Province","2009","2.6664699638458","266.64699638458"
"350213","翔安区","Xiang'an District","厦门市","Xiamen City","福建省","Fujian Province","2010","2.95568773605578","295.568773605578"
"350213","翔安区","Xiang'an District","厦门市","Xiamen City","福建省","Fujian Province","2011","3.62451015190055","362.451015190055"
"350213","翔安区","Xiang'an District","厦门市","Xiamen City","福建省","Fujian Province","2012","3.73234966585722","373.234966585722"
"350213","翔安区","Xiang'an District","厦门市","Xiamen City","福建省","Fujian Province","2013","3.78766933260584","378.766933260584"
"350213","翔安区","Xiang'an District","厦门市","Xiamen City","福建省","Fujian Province","2014","3.84897928596369","384.897928596369"
"350213","翔安区","Xiang'an District","厦门市","Xiamen City","福建省","Fujian Province","2015","3.64501268793984","364.501268793984"
"350213","翔安区","Xiang'an District","厦门市","Xiamen City","福建省","Fujian Province","2016","3.93579961764968","393.579961764968"
"350213","翔安区","Xiang'an District","厦门市","Xiamen City","福建省","Fujian Province","2017","4.49884714958958","449.884714958958"
"350302","城厢区","Chengxiang District","莆田市","Putian City","福建省","Fujian Province","1997","0.697935707941619","69.7935707941619"
"350302","城厢区","Chengxiang District","莆田市","Putian City","福建省","Fujian Province","1998","0.652004482143739","65.2004482143739"
"350302","城厢区","Chengxiang District","莆田市","Putian City","福建省","Fujian Province","1999","0.686343057093923","68.6343057093923"
"350302","城厢区","Chengxiang District","莆田市","Putian City","福建省","Fujian Province","2000","0.745848768757635","74.5848768757635"
"350302","城厢区","Chengxiang District","莆田市","Putian City","福建省","Fujian Province","2001","0.725118119741884","72.5118119741884"
"350302","城厢区","Chengxiang District","莆田市","Putian City","福建省","Fujian Province","2002","0.776815766705223","77.6815766705223"
"350302","城厢区","Chengxiang District","莆田市","Putian City","福建省","Fujian Province","2003","0.884472459141434","88.4472459141434"
"350302","城厢区","Chengxiang District","莆田市","Putian City","福建省","Fujian Province","2004","0.961291064433725","96.1291064433725"
"350302","城厢区","Chengxiang District","莆田市","Putian City","福建省","Fujian Province","2005","1.10644959392049","110.644959392049"
"350302","城厢区","Chengxiang District","莆田市","Putian City","福建省","Fujian Province","2006","1.26340812102781","126.340812102781"
"350302","城厢区","Chengxiang District","莆田市","Putian City","福建省","Fujian Province","2007","1.39585697694307","139.585697694307"
"350302","城厢区","Chengxiang District","莆田市","Putian City","福建省","Fujian Province","2008","1.52752156217195","152.752156217195"
"350302","城厢区","Chengxiang District","莆田市","Putian City","福建省","Fujian Province","2009","1.67150838034917","167.150838034917"
"350302","城厢区","Chengxiang District","莆田市","Putian City","福建省","Fujian Province","2010","1.85104926731628","185.104926731628"
"350302","城厢区","Chengxiang District","莆田市","Putian City","福建省","Fujian Province","2011","2.14762706874883","214.762706874883"
"350302","城厢区","Chengxiang District","莆田市","Putian City","福建省","Fujian Province","2012","2.16254568077058","216.254568077058"
"350302","城厢区","Chengxiang District","莆田市","Putian City","福建省","Fujian Province","2013","2.18693153070885","218.693153070885"
"350302","城厢区","Chengxiang District","莆田市","Putian City","福建省","Fujian Province","2014","2.24655717346723","224.655717346723"
"350302","城厢区","Chengxiang District","莆田市","Putian City","福建省","Fujian Province","2015","2.24456226665786","224.456226665786"
"350302","城厢区","Chengxiang District","莆田市","Putian City","福建省","Fujian Province","2016","2.2727312648435","227.27312648435"
"350302","城厢区","Chengxiang District","莆田市","Putian City","福建省","Fujian Province","2017","2.2826733099442","228.26733099442"
"350303","涵江区","Hanjiang District","莆田市","Putian City","福建省","Fujian Province","1997","1.15528070552693","115.528070552693"
"350303","涵江区","Hanjiang District","莆田市","Putian City","福建省","Fujian Province","1998","1.073040138986","107.3040138986"
"350303","涵江区","Hanjiang District","莆田市","Putian City","福建省","Fujian Province","1999","1.09050727815076","109.050727815076"
"350303","涵江区","Hanjiang District","莆田市","Putian City","福建省","Fujian Province","2000","1.14697240023222","114.697240023222"
"350303","涵江区","Hanjiang District","莆田市","Putian City","福建省","Fujian Province","2001","1.09836617181619","109.836617181619"
"350303","涵江区","Hanjiang District","莆田市","Putian City","福建省","Fujian Province","2002","1.17716519195489","117.716519195489"
"350303","涵江区","Hanjiang District","莆田市","Putian City","福建省","Fujian Province","2003","1.34636829644975","134.636829644975"
"350303","涵江区","Hanjiang District","莆田市","Putian City","福建省","Fujian Province","2004","1.46330368960312","146.330368960312"
"350303","涵江区","Hanjiang District","莆田市","Putian City","福建省","Fujian Province","2005","1.68740123050704","168.740123050704"
"350303","涵江区","Hanjiang District","莆田市","Putian City","福建省","Fujian Province","2006","1.88418437230066","188.418437230066"
"350303","涵江区","Hanjiang District","莆田市","Putian City","福建省","Fujian Province","2007","2.0767389245676","207.67389245676"
"350303","涵江区","Hanjiang District","莆田市","Putian City","福建省","Fujian Province","2008","2.24189103582709","224.189103582709"
"350303","涵江区","Hanjiang District","莆田市","Putian City","福建省","Fujian Province","2009","2.45321555323017","245.321555323017"
"350303","涵江区","Hanjiang District","莆田市","Putian City","福建省","Fujian Province","2010","2.69574367684993","269.574367684993"
"350303","涵江区","Hanjiang District","莆田市","Putian City","福建省","Fujian Province","2011","3.09737562605756","309.737562605756"
"350303","涵江区","Hanjiang District","莆田市","Putian City","福建省","Fujian Province","2012","3.09605729215069","309.605729215069"
"350303","涵江区","Hanjiang District","莆田市","Putian City","福建省","Fujian Province","2013","3.13284804529893","313.284804529893"
"350303","涵江区","Hanjiang District","莆田市","Putian City","福建省","Fujian Province","2014","3.11453262273656","311.453262273656"
"350303","涵江区","Hanjiang District","莆田市","Putian City","福建省","Fujian Province","2015","2.89228773031379","289.228773031379"
"350303","涵江区","Hanjiang District","莆田市","Putian City","福建省","Fujian Province","2016","2.90490433026146","290.490433026146"
"350303","涵江区","Hanjiang District","莆田市","Putian City","福建省","Fujian Province","2017","2.90190855510272","290.190855510272"
"350304","荔城区","Licheng District","莆田市","Putian City","福建省","Fujian Province","1997","0.973626206199662","97.3626206199662"
"350304","荔城区","Licheng District","莆田市","Putian City","福建省","Fujian Province","1998","0.906033778704954","90.6033778704954"
"350304","荔城区","Licheng District","莆田市","Putian City","福建省","Fujian Province","1999","0.974480949295764","97.4480949295764"
"350304","荔城区","Licheng District","莆田市","Putian City","福建省","Fujian Province","2000","1.02662312968959","102.662312968959"
"350304","荔城区","Licheng District","莆田市","Putian City","福建省","Fujian Province","2001","0.997254083405969","99.7254083405969"
"350304","荔城区","Licheng District","莆田市","Putian City","福建省","Fujian Province","2002","1.09037357301239","109.037357301239"
"350304","荔城区","Licheng District","莆田市","Putian City","福建省","Fujian Province","2003","1.24170362322751","124.170362322751"
"350304","荔城区","Licheng District","莆田市","Putian City","福建省","Fujian Province","2004","1.352286053622","135.2286053622"
"350304","荔城区","Licheng District","莆田市","Putian City","福建省","Fujian Province","2005","1.56214938714782","156.214938714782"
"350304","荔城区","Licheng District","莆田市","Putian City","福建省","Fujian Province","2006","1.79350272719502","179.350272719502"
"350304","荔城区","Licheng District","莆田市","Putian City","福建省","Fujian Province","2007","1.9969924633638","199.69924633638"
"350304","荔城区","Licheng District","莆田市","Putian City","福建省","Fujian Province","2008","2.23673536699298","223.673536699298"
"350304","荔城区","Licheng District","莆田市","Putian City","福建省","Fujian Province","2009","2.44757390215568","244.757390215568"
"350304","荔城区","Licheng District","莆田市","Putian City","福建省","Fujian Province","2010","2.78882840662269","278.882840662269"
"350304","荔城区","Licheng District","莆田市","Putian City","福建省","Fujian Province","2011","3.3183132564485","331.83132564485"
"350304","荔城区","Licheng District","莆田市","Putian City","福建省","Fujian Province","2012","3.340393563654","334.0393563654"
"350304","荔城区","Licheng District","莆田市","Putian City","福建省","Fujian Province","2013","3.38619811540981","338.619811540981"
"350304","荔城区","Licheng District","莆田市","Putian City","福建省","Fujian Province","2014","3.99304208715298","399.304208715298"
"350304","荔城区","Licheng District","莆田市","Putian City","福建省","Fujian Province","2015","3.59198045790957","359.198045790957"
"350304","荔城区","Licheng District","莆田市","Putian City","福建省","Fujian Province","2016","3.62467515165121","362.467515165121"
"350304","荔城区","Licheng District","莆田市","Putian City","福建省","Fujian Province","2017","3.62184083217194","362.184083217194"
"350305","秀屿区","Xiuyu District","莆田市","Putian City","福建省","Fujian Province","1997","0.816462976788901","81.6462976788901"
"350305","秀屿区","Xiuyu District","莆田市","Putian City","福建省","Fujian Province","1998","0.764272565908251","76.4272565908251"
"350305","秀屿区","Xiuyu District","莆田市","Putian City","福建省","Fujian Province","1999","0.939193989261313","93.9193989261313"
"350305","秀屿区","Xiuyu District","莆田市","Putian City","福建省","Fujian Province","2000","0.982527546757976","98.2527546757976"
"350305","秀屿区","Xiuyu District","莆田市","Putian City","福建省","Fujian Province","2001","0.934853480272803","93.4853480272803"
"350305","秀屿区","Xiuyu District","莆田市","Putian City","福建省","Fujian Province","2002","1.02955788541296","102.955788541296"
"350305","秀屿区","Xiuyu District","莆田市","Putian City","福建省","Fujian Province","2003","1.19272951142566","119.272951142566"
"350305","秀屿区","Xiuyu District","莆田市","Putian City","福建省","Fujian Province","2004","1.29738555144504","129.738555144504"
"350305","秀屿区","Xiuyu District","莆田市","Putian City","福建省","Fujian Province","2005","1.49602481062577","149.602481062577"
"350305","秀屿区","Xiuyu District","莆田市","Putian City","福建省","Fujian Province","2006","1.64760688802929","164.760688802929"
"350305","秀屿区","Xiuyu District","莆田市","Putian City","福建省","Fujian Province","2007","1.79635271822207","179.635271822207"
"350305","秀屿区","Xiuyu District","莆田市","Putian City","福建省","Fujian Province","2008","1.95564830215696","195.564830215696"
"350305","秀屿区","Xiuyu District","莆田市","Putian City","福建省","Fujian Province","2009","2.18580129229946","218.580129229946"
"350305","秀屿区","Xiuyu District","莆田市","Putian City","福建省","Fujian Province","2010","2.51526823002988","251.526823002988"
"350305","秀屿区","Xiuyu District","莆田市","Putian City","福建省","Fujian Province","2011","3.06848378208336","306.848378208336"
"350305","秀屿区","Xiuyu District","莆田市","Putian City","福建省","Fujian Province","2012","3.11472186844608","311.472186844608"
"350305","秀屿区","Xiuyu District","莆田市","Putian City","福建省","Fujian Province","2013","3.19203931450091","319.203931450091"
"350305","秀屿区","Xiuyu District","莆田市","Putian City","福建省","Fujian Province","2014","3.80178732233639","380.178732233639"
"350305","秀屿区","Xiuyu District","莆田市","Putian City","福建省","Fujian Province","2015","3.63779113534519","363.779113534519"
"350305","秀屿区","Xiuyu District","莆田市","Putian City","福建省","Fujian Province","2016","3.96005074986601","396.005074986601"
"350305","秀屿区","Xiuyu District","莆田市","Putian City","福建省","Fujian Province","2017","4.25198574001858","425.198574001858"
"350322","仙游县","Xianyou County","莆田市","Putian City","福建省","Fujian Province","1997","1.07434164238039","107.434164238039"
"350322","仙游县","Xianyou County","莆田市","Putian City","福建省","Fujian Province","1998","1.01878734607493","101.878734607493"
"350322","仙游县","Xianyou County","莆田市","Putian City","福建省","Fujian Province","1999","1.21015577840003","121.015577840003"
"350322","仙游县","Xianyou County","莆田市","Putian City","福建省","Fujian Province","2000","1.3108081986936","131.08081986936"
"350322","仙游县","Xianyou County","莆田市","Putian City","福建省","Fujian Province","2001","1.29030580478691","129.030580478691"
"350322","仙游县","Xianyou County","莆田市","Putian City","福建省","Fujian Province","2002","1.38681927288975","138.681927288975"
"350322","仙游县","Xianyou County","莆田市","Putian City","福建省","Fujian Province","2003","1.58508210997535","158.508210997535"
"350322","仙游县","Xianyou County","莆田市","Putian City","福建省","Fujian Province","2004","1.72335869991504","172.335869991504"
"350322","仙游县","Xianyou County","莆田市","Putian City","福建省","Fujian Province","2005","1.98303756469291","198.303756469291"
"350322","仙游县","Xianyou County","莆田市","Putian City","福建省","Fujian Province","2006","2.21546953666121","221.546953666121"
"350322","仙游县","Xianyou County","莆田市","Putian City","福建省","Fujian Province","2007","2.29756020657417","229.756020657417"
"350322","仙游县","Xianyou County","莆田市","Putian City","福建省","Fujian Province","2008","2.5475190843135","254.75190843135"
"350322","仙游县","Xianyou County","莆田市","Putian City","福建省","Fujian Province","2009","2.79036062144154","279.036062144154"
"350322","仙游县","Xianyou County","莆田市","Putian City","福建省","Fujian Province","2010","3.0945721334029","309.45721334029"
"350322","仙游县","Xianyou County","莆田市","Putian City","福建省","Fujian Province","2011","3.68201058647666","368.201058647666"
"350322","仙游县","Xianyou County","莆田市","Putian City","福建省","Fujian Province","2012","3.85791136093531","385.791136093531"
"350322","仙游县","Xianyou County","莆田市","Putian City","福建省","Fujian Province","2013","4.08448352309692","408.448352309692"
"350322","仙游县","Xianyou County","莆田市","Putian City","福建省","Fujian Province","2014","4.70694577972486","470.694577972486"
"350322","仙游县","Xianyou County","莆田市","Putian City","福建省","Fujian Province","2015","4.86408677763346","486.408677763346"
"350322","仙游县","Xianyou County","莆田市","Putian City","福建省","Fujian Province","2016","5.03044195461917","503.044195461917"
"350322","仙游县","Xianyou County","莆田市","Putian City","福建省","Fujian Province","2017","4.90979798334349","490.979798334349"
"350402","梅列区","Melie district","三明市","Sanming City","福建省","Fujian Province","1997","0.653537095633079","65.3537095633079"
"350402","梅列区","Melie district","三明市","Sanming City","福建省","Fujian Province","1998","0.614864986325425","61.4864986325425"
"350402","梅列区","Melie district","三明市","Sanming City","福建省","Fujian Province","1999","0.619391308419286","61.9391308419286"
"350402","梅列区","Melie district","三明市","Sanming City","福建省","Fujian Province","2000","0.649618076724558","64.9618076724558"
"350402","梅列区","Melie district","三明市","Sanming City","福建省","Fujian Province","2001","0.64769514918777","64.769514918777"
"350402","梅列区","Melie district","三明市","Sanming City","福建省","Fujian Province","2002","0.702088798339127","70.2088798339127"
"350402","梅列区","Melie district","三明市","Sanming City","福建省","Fujian Province","2003","0.817727741057197","81.7727741057197"
"350402","梅列区","Melie district","三明市","Sanming City","福建省","Fujian Province","2004","0.89057435110329","89.057435110329"
"350402","梅列区","Melie district","三明市","Sanming City","福建省","Fujian Province","2005","1.02563066706021","102.563066706021"
"350402","梅列区","Melie district","三明市","Sanming City","福建省","Fujian Province","2006","1.14377736723095","114.377736723095"
"350402","梅列区","Melie district","三明市","Sanming City","福建省","Fujian Province","2007","1.2432218583245","124.32218583245"
"350402","梅列区","Melie district","三明市","Sanming City","福建省","Fujian Province","2008","1.31737650049337","131.737650049337"
"350402","梅列区","Melie district","三明市","Sanming City","福建省","Fujian Province","2009","1.44155468255306","144.155468255306"
"350402","梅列区","Melie district","三明市","Sanming City","福建省","Fujian Province","2010","1.58145014305422","158.145014305422"
"350402","梅列区","Melie district","三明市","Sanming City","福建省","Fujian Province","2011","1.82896702491575","182.896702491575"
"350402","梅列区","Melie district","三明市","Sanming City","福建省","Fujian Province","2012","1.8294112735589","182.94112735589"
"350402","梅列区","Melie district","三明市","Sanming City","福建省","Fujian Province","2013","1.85008459776233","185.008459776233"
"350402","梅列区","Melie district","三明市","Sanming City","福建省","Fujian Province","2014","1.7747888904792","177.47888904792"
"350402","梅列区","Melie district","三明市","Sanming City","福建省","Fujian Province","2015","1.60760372597667","160.760372597667"
"350402","梅列区","Melie district","三明市","Sanming City","福建省","Fujian Province","2016","1.60009827950866","160.009827950866"
"350402","梅列区","Melie district","三明市","Sanming City","福建省","Fujian Province","2017","1.58601891392857","158.601891392857"
"350403","三元区","Sanyuan District","三明市","Sanming City","福建省","Fujian Province","1997","0.453677855565729","45.3677855565729"
"350403","三元区","Sanyuan District","三明市","Sanming City","福建省","Fujian Province","1998","0.424919525686007","42.4919525686007"
"350403","三元区","Sanyuan District","三明市","Sanming City","福建省","Fujian Province","1999","0.43641323088965","43.641323088965"
"350403","三元区","Sanyuan District","三明市","Sanming City","福建省","Fujian Province","2000","0.456182204637816","45.6182204637816"
"350403","三元区","Sanyuan District","三明市","Sanming City","福建省","Fujian Province","2001","0.439115355381539","43.9115355381539"
"350403","三元区","Sanyuan District","三明市","Sanming City","福建省","Fujian Province","2002","0.477292349844081","47.7292349844081"
"350403","三元区","Sanyuan District","三明市","Sanming City","福建省","Fujian Province","2003","0.544592123236586","54.4592123236586"
"350403","三元区","Sanyuan District","三明市","Sanming City","福建省","Fujian Province","2004","0.592195444534872","59.2195444534872"
"350403","三元区","Sanyuan District","三明市","Sanming City","福建省","Fujian Province","2005","0.681188097822352","68.1188097822352"
"350403","三元区","Sanyuan District","三明市","Sanming City","福建省","Fujian Province","2006","0.749417654794798","74.9417654794798"
"350403","三元区","Sanyuan District","三明市","Sanming City","福建省","Fujian Province","2007","0.781985569199856","78.1985569199856"
"350403","三元区","Sanyuan District","三明市","Sanming City","福建省","Fujian Province","2008","0.823050972678312","82.3050972678312"
"350403","三元区","Sanyuan District","三明市","Sanming City","福建省","Fujian Province","2009","0.900633177531193","90.0633177531193"
"350403","三元区","Sanyuan District","三明市","Sanming City","福建省","Fujian Province","2010","0.9994230162038","99.94230162038"
"350403","三元区","Sanyuan District","三明市","Sanming City","福建省","Fujian Province","2011","1.15199146512813","115.199146512813"
"350403","三元区","Sanyuan District","三明市","Sanming City","福建省","Fujian Province","2012","1.15296178115623","115.296178115623"
"350403","三元区","Sanyuan District","三明市","Sanming City","福建省","Fujian Province","2013","1.16809823521779","116.809823521779"
"350403","三元区","Sanyuan District","三明市","Sanming City","福建省","Fujian Province","2014","1.14119171902136","114.119171902136"
"350403","三元区","Sanyuan District","三明市","Sanming City","福建省","Fujian Province","2015","1.05736013013203","105.736013013203"
"350403","三元区","Sanyuan District","三明市","Sanming City","福建省","Fujian Province","2016","1.06323556801489","106.323556801489"
"350403","三元区","Sanyuan District","三明市","Sanming City","福建省","Fujian Province","2017","1.08250464098845","108.250464098845"
"350421","明溪县","Mingxi County","三明市","Sanming City","福建省","Fujian Province","1997","0.187548120430174","18.7548120430174"
"350421","明溪县","Mingxi County","三明市","Sanming City","福建省","Fujian Province","1998","0.17428861436307","17.428861436307"
"350421","明溪县","Mingxi County","三明市","Sanming City","福建省","Fujian Province","1999","0.173396849970613","17.3396849970613"
"350421","明溪县","Mingxi County","三明市","Sanming City","福建省","Fujian Province","2000","0.181011149824244","18.1011149824244"
"350421","明溪县","Mingxi County","三明市","Sanming City","福建省","Fujian Province","2001","0.173566122048177","17.3566122048177"
"350421","明溪县","Mingxi County","三明市","Sanming City","福建省","Fujian Province","2002","0.194388604695332","19.4388604695332"
"350421","明溪县","Mingxi County","三明市","Sanming City","福建省","Fujian Province","2003","0.221083133276929","22.1083133276929"
"350421","明溪县","Mingxi County","三明市","Sanming City","福建省","Fujian Province","2004","0.240284746370082","24.0284746370082"
"350421","明溪县","Mingxi County","三明市","Sanming City","福建省","Fujian Province","2005","0.27639373255247","27.639373255247"
"350421","明溪县","Mingxi County","三明市","Sanming City","福建省","Fujian Province","2006","0.302911203524119","30.2911203524119"
"350421","明溪县","Mingxi County","三明市","Sanming City","福建省","Fujian Province","2007","0.313695539035071","31.3695539035071"
"350421","明溪县","Mingxi County","三明市","Sanming City","福建省","Fujian Province","2008","0.336974514997835","33.6974514997835"
"350421","明溪县","Mingxi County","三明市","Sanming City","福建省","Fujian Province","2009","0.368738314228507","36.8738314228507"
"350421","明溪县","Mingxi County","三明市","Sanming City","福建省","Fujian Province","2010","0.414920231646661","41.4920231646661"
"350421","明溪县","Mingxi County","三明市","Sanming City","福建省","Fujian Province","2011","0.48039771941414","48.039771941414"
"350421","明溪县","Mingxi County","三明市","Sanming City","福建省","Fujian Province","2012","0.486692966732859","48.6692966732859"
"350421","明溪县","Mingxi County","三明市","Sanming City","福建省","Fujian Province","2013","0.507843932863353","50.7843932863353"
"350421","明溪县","Mingxi County","三明市","Sanming City","福建省","Fujian Province","2014","0.478633544270176","47.8633544270176"
"350421","明溪县","Mingxi County","三明市","Sanming City","福建省","Fujian Province","2015","0.419613477179091","41.9613477179091"
"350421","明溪县","Mingxi County","三明市","Sanming City","福建省","Fujian Province","2016","0.418968640522384","41.8968640522384"
"350421","明溪县","Mingxi County","三明市","Sanming City","福建省","Fujian Province","2017","0.415146425343641","41.5146425343641"
"350423","清流县","Qingliu County","三明市","Sanming City","福建省","Fujian Province","1997","0.20038311749872","20.038311749872"
"350423","清流县","Qingliu County","三明市","Sanming City","福建省","Fujian Province","1998","0.187153929907976","18.7153929907976"
"350423","清流县","Qingliu County","三明市","Sanming City","福建省","Fujian Province","1999","0.192676149327184","19.2676149327184"
"350423","清流县","Qingliu County","三明市","Sanming City","福建省","Fujian Province","2000","0.20476429532608","20.476429532608"
"350423","清流县","Qingliu County","三明市","Sanming City","福建省","Fujian Province","2001","0.195753003162191","19.5753003162191"
"350423","清流县","Qingliu County","三明市","Sanming City","福建省","Fujian Province","2002","0.209530972255513","20.9530972255513"
"350423","清流县","Qingliu County","三明市","Sanming City","福建省","Fujian Province","2003","0.238294035424436","23.8294035424436"
"350423","清流县","Qingliu County","三明市","Sanming City","福建省","Fujian Province","2004","0.258990457638132","25.8990457638132"
"350423","清流县","Qingliu County","三明市","Sanming City","福建省","Fujian Province","2005","0.297910459833453","29.7910459833453"
"350423","清流县","Qingliu County","三明市","Sanming City","福建省","Fujian Province","2006","0.326492265570617","32.6492265570617"
"350423","清流县","Qingliu County","三明市","Sanming City","福建省","Fujian Province","2007","0.336032385662178","33.6032385662178"
"350423","清流县","Qingliu County","三明市","Sanming City","福建省","Fujian Province","2008","0.369970795536179","36.9970795536179"
"350423","清流县","Qingliu County","三明市","Sanming City","福建省","Fujian Province","2009","0.419287507855915","41.9287507855915"
"350423","清流县","Qingliu County","三明市","Sanming City","福建省","Fujian Province","2010","0.49141805478438","49.141805478438"
"350423","清流县","Qingliu County","三明市","Sanming City","福建省","Fujian Province","2011","0.618625365094624","61.8625365094624"
"350423","清流县","Qingliu County","三明市","Sanming City","福建省","Fujian Province","2012","0.705294746677368","70.5294746677368"
"350423","清流县","Qingliu County","三明市","Sanming City","福建省","Fujian Province","2013","0.716586089952456","71.6586089952456"
"350423","清流县","Qingliu County","三明市","Sanming City","福建省","Fujian Province","2014","0.675933564137652","67.5933564137652"
"350423","清流县","Qingliu County","三明市","Sanming City","福建省","Fujian Province","2015","0.57664753265072","57.664753265072"
"350423","清流县","Qingliu County","三明市","Sanming City","福建省","Fujian Province","2016","0.567017913352822","56.7017913352822"
"350423","清流县","Qingliu County","三明市","Sanming City","福建省","Fujian Province","2017","0.554049102855098","55.4049102855098"
"350424","宁化县","Ninghua County","三明市","Sanming City","福建省","Fujian Province","1997","0.141577875827527","14.1577875827527"
"350424","宁化县","Ninghua County","三明市","Sanming City","福建省","Fujian Province","1998","0.133143878799643","13.3143878799643"
"350424","宁化县","Ninghua County","三明市","Sanming City","福建省","Fujian Province","1999","0.136240382119767","13.6240382119767"
"350424","宁化县","Ninghua County","三明市","Sanming City","福建省","Fujian Province","2000","0.144589660054763","14.4589660054763"
"350424","宁化县","Ninghua County","三明市","Sanming City","福建省","Fujian Province","2001","0.142365820481594","14.2365820481594"
"350424","宁化县","Ninghua County","三明市","Sanming City","福建省","Fujian Province","2002","0.158194652966119","15.8194652966119"
"350424","宁化县","Ninghua County","三明市","Sanming City","福建省","Fujian Province","2003","0.180084805397093","18.0084805397093"
"350424","宁化县","Ninghua County","三明市","Sanming City","福建省","Fujian Province","2004","0.196942244651428","19.6942244651428"
"350424","宁化县","Ninghua County","三明市","Sanming City","福建省","Fujian Province","2005","0.227412564758361","22.7412564758361"
"350424","宁化县","Ninghua County","三明市","Sanming City","福建省","Fujian Province","2006","0.250956180641185","25.0956180641185"
"350424","宁化县","Ninghua County","三明市","Sanming City","福建省","Fujian Province","2007","0.283521202363365","28.3521202363365"
"350424","宁化县","Ninghua County","三明市","Sanming City","福建省","Fujian Province","2008","0.312845984854172","31.2845984854172"
"350424","宁化县","Ninghua County","三明市","Sanming City","福建省","Fujian Province","2009","0.358357676251449","35.8357676251449"
"350424","宁化县","Ninghua County","三明市","Sanming City","福建省","Fujian Province","2010","0.470374964277241","47.0374964277241"
"350424","宁化县","Ninghua County","三明市","Sanming City","福建省","Fujian Province","2011","0.643551661856679","64.3551661856679"
"350424","宁化县","Ninghua County","三明市","Sanming City","福建省","Fujian Province","2012","0.731877628067774","73.1877628067774"
"350424","宁化县","Ninghua County","三明市","Sanming City","福建省","Fujian Province","2013","0.836398369158394","83.6398369158394"
"350424","宁化县","Ninghua County","三明市","Sanming City","福建省","Fujian Province","2014","0.778419773163805","77.8419773163805"
"350424","宁化县","Ninghua County","三明市","Sanming City","福建省","Fujian Province","2015","0.679500142344032","67.9500142344032"
"350424","宁化县","Ninghua County","三明市","Sanming City","福建省","Fujian Province","2016","0.675551215794985","67.5551215794985"
"350424","宁化县","Ninghua County","三明市","Sanming City","福建省","Fujian Province","2017","0.657499560417497","65.7499560417497"
"350425","大田县","Datian County","三明市","Sanming City","福建省","Fujian Province","1997","0.468084484928382","46.8084484928382"
"350425","大田县","Datian County","三明市","Sanming City","福建省","Fujian Province","1998","0.43996951745552","43.996951745552"
"350425","大田县","Datian County","三明市","Sanming City","福建省","Fujian Province","1999","0.496588013729856","49.6588013729856"
"350425","大田县","Datian County","三明市","Sanming City","福建省","Fujian Province","2000","0.531948648238542","53.1948648238542"
"350425","大田县","Datian County","三明市","Sanming City","福建省","Fujian Province","2001","0.516191655918246","51.6191655918246"
"350425","大田县","Datian County","三明市","Sanming City","福建省","Fujian Province","2002","0.559775165009295","55.9775165009295"
"350425","大田县","Datian County","三明市","Sanming City","福建省","Fujian Province","2003","0.650236278694865","65.0236278694865"
"350425","大田县","Datian County","三明市","Sanming City","福建省","Fujian Province","2004","0.710969107139324","71.0969107139324"
"350425","大田县","Datian County","三明市","Sanming City","福建省","Fujian Province","2005","0.8186852331301","81.86852331301"
"350425","大田县","Datian County","三明市","Sanming City","福建省","Fujian Province","2006","0.930780945006074","93.0780945006074"
"350425","大田县","Datian County","三明市","Sanming City","福建省","Fujian Province","2007","1.05277085024075","105.277085024075"
"350425","大田县","Datian County","三明市","Sanming City","福建省","Fujian Province","2008","1.16105662144297","116.105662144297"
"350425","大田县","Datian County","三明市","Sanming City","福建省","Fujian Province","2009","1.27388481261929","127.388481261929"
"350425","大田县","Datian County","三明市","Sanming City","福建省","Fujian Province","2010","1.41607620824517","141.607620824517"
"350425","大田县","Datian County","三明市","Sanming City","福建省","Fujian Province","2011","1.68875660562919","168.875660562919"
"350425","大田县","Datian County","三明市","Sanming City","福建省","Fujian Province","2012","1.73439161241872","173.439161241872"
"350425","大田县","Datian County","三明市","Sanming City","福建省","Fujian Province","2013","1.80404694393857","180.404694393857"
"350425","大田县","Datian County","三明市","Sanming City","福建省","Fujian Province","2014","1.76396893656124","176.396893656124"
"350425","大田县","Datian County","三明市","Sanming City","福建省","Fujian Province","2015","1.55955947648811","155.955947648811"
"350425","大田县","Datian County","三明市","Sanming City","福建省","Fujian Province","2016","1.6005592628615","160.05592628615"
"350425","大田县","Datian County","三明市","Sanming City","福建省","Fujian Province","2017","1.54914092674082","154.914092674082"
"350426","尤溪县","Youxi County","三明市","Sanming City","福建省","Fujian Province","1997","0.401290112428809","40.1290112428809"
"350426","尤溪县","Youxi County","三明市","Sanming City","福建省","Fujian Province","1998","0.375157456125521","37.5157456125521"
"350426","尤溪县","Youxi County","三明市","Sanming City","福建省","Fujian Province","1999","0.392246108727324","39.2246108727324"
"350426","尤溪县","Youxi County","三明市","Sanming City","福建省","Fujian Province","2000","0.414157408749953","41.4157408749953"
"350426","尤溪县","Youxi County","三明市","Sanming City","福建省","Fujian Province","2001","0.433915305120442","43.3915305120442"
"350426","尤溪县","Youxi County","三明市","Sanming City","福建省","Fujian Province","2002","0.584150683520806","58.4150683520806"
"350426","尤溪县","Youxi County","三明市","Sanming City","福建省","Fujian Province","2003","0.673044222191156","67.3044222191156"
"350426","尤溪县","Youxi County","三明市","Sanming City","福建省","Fujian Province","2004","0.73149976584816","73.149976584816"
"350426","尤溪县","Youxi County","三明市","Sanming City","福建省","Fujian Province","2005","0.841426489605936","84.1426489605936"
"350426","尤溪县","Youxi County","三明市","Sanming City","福建省","Fujian Province","2006","0.925604614312941","92.5604614312941"
"350426","尤溪县","Youxi County","三明市","Sanming City","福建省","Fujian Province","2007","0.984388749601623","98.4388749601623"
"350426","尤溪县","Youxi County","三明市","Sanming City","福建省","Fujian Province","2008","1.04495095929867","104.495095929867"
"350426","尤溪县","Youxi County","三明市","Sanming City","福建省","Fujian Province","2009","1.14502950207799","114.502950207799"
"350426","尤溪县","Youxi County","三明市","Sanming City","福建省","Fujian Province","2010","1.27323075856729","127.323075856729"
"350426","尤溪县","Youxi County","三明市","Sanming City","福建省","Fujian Province","2011","1.4930285253726","149.30285253726"
"350426","尤溪县","Youxi County","三明市","Sanming City","福建省","Fujian Province","2012","1.54265551047516","154.265551047516"
"350426","尤溪县","Youxi County","三明市","Sanming City","福建省","Fujian Province","2013","1.6213260694455","162.13260694455"
"350426","尤溪县","Youxi County","三明市","Sanming City","福建省","Fujian Province","2014","1.54344891937175","154.344891937175"
"350426","尤溪县","Youxi County","三明市","Sanming City","福建省","Fujian Province","2015","1.35779553652866","135.779553652866"
"350426","尤溪县","Youxi County","三明市","Sanming City","福建省","Fujian Province","2016","1.36155148515303","136.155148515303"
"350426","尤溪县","Youxi County","三明市","Sanming City","福建省","Fujian Province","2017","1.32430485131219","132.430485131219"
"350427","沙县","Sha County","三明市","Sanming City","福建省","Fujian Province","1997","0.595648639466783","59.5648639466783"
"350427","沙县","Sha County","三明市","Sanming City","福建省","Fujian Province","1998","0.570564607326455","57.0564607326455"
"350427","沙县","Sha County","三明市","Sanming City","福建省","Fujian Province","1999","0.62499983186847","62.499983186847"
"350427","沙县","Sha County","三明市","Sanming City","福建省","Fujian Province","2000","0.669595081146615","66.9595081146615"
"350427","沙县","Sha County","三明市","Sanming City","福建省","Fujian Province","2001","0.682593264273356","68.2593264273356"
"350427","沙县","Sha County","三明市","Sanming City","福建省","Fujian Province","2002","0.75564107385684","75.564107385684"
"350427","沙县","Sha County","三明市","Sanming City","福建省","Fujian Province","2003","0.887131053782106","88.7131053782106"
"350427","沙县","Sha County","三明市","Sanming City","福建省","Fujian Province","2004","0.964180564548302","96.4180564548302"
"350427","沙县","Sha County","三明市","Sanming City","福建省","Fujian Province","2005","1.11082291247353","111.082291247353"
"350427","沙县","Sha County","三明市","Sanming City","福建省","Fujian Province","2006","1.26149096151184","126.149096151184"
"350427","沙县","Sha County","三明市","Sanming City","福建省","Fujian Province","2007","1.32061707251492","132.061707251492"
"350427","沙县","Sha County","三明市","Sanming City","福建省","Fujian Province","2008","1.43946273848525","143.946273848525"
"350427","沙县","Sha County","三明市","Sanming City","福建省","Fujian Province","2009","1.5753746460399","157.53746460399"
"350427","沙县","Sha County","三明市","Sanming City","福建省","Fujian Province","2010","1.75028999865268","175.028999865268"
"350427","沙县","Sha County","三明市","Sanming City","福建省","Fujian Province","2011","2.03489222657499","203.489222657499"
"350427","沙县","Sha County","三明市","Sanming City","福建省","Fujian Province","2012","2.04263991790322","204.263991790322"
"350427","沙县","Sha County","三明市","Sanming City","福建省","Fujian Province","2013","2.06540356254054","206.540356254054"
"350427","沙县","Sha County","三明市","Sanming City","福建省","Fujian Province","2014","2.04174759678308","204.174759678308"
"350427","沙县","Sha County","三明市","Sanming City","福建省","Fujian Province","2015","1.8130682043477","181.30682043477"
"350427","沙县","Sha County","三明市","Sanming City","福建省","Fujian Province","2016","1.85488560760908","185.488560760908"
"350427","沙县","Sha County","三明市","Sanming City","福建省","Fujian Province","2017","1.81140863766493","181.140863766493"
"350428","将乐县","Jiangle County","三明市","Sanming City","福建省","Fujian Province","1997","0.228541529434814","22.8541529434814"
"350428","将乐县","Jiangle County","三明市","Sanming City","福建省","Fujian Province","1998","0.215190608123762","21.5190608123762"
"350428","将乐县","Jiangle County","三明市","Sanming City","福建省","Fujian Province","1999","0.235791673342788","23.5791673342788"
"350428","将乐县","Jiangle County","三明市","Sanming City","福建省","Fujian Province","2000","0.248129012242251","24.8129012242251"
"350428","将乐县","Jiangle County","三明市","Sanming City","福建省","Fujian Province","2001","0.235735611836405","23.5735611836405"
"350428","将乐县","Jiangle County","三明市","Sanming City","福建省","Fujian Province","2002","0.251757249272929","25.1757249272929"
"350428","将乐县","Jiangle County","三明市","Sanming City","福建省","Fujian Province","2003","0.323089211858499","32.3089211858499"
"350428","将乐县","Jiangle County","三明市","Sanming City","福建省","Fujian Province","2004","0.352975250838582","35.2975250838582"
"350428","将乐县","Jiangle County","三明市","Sanming City","福建省","Fujian Province","2005","0.413715935118095","41.3715935118095"
"350428","将乐县","Jiangle County","三明市","Sanming City","福建省","Fujian Province","2006","0.459543135979312","45.9543135979312"
"350428","将乐县","Jiangle County","三明市","Sanming City","福建省","Fujian Province","2007","0.49885624133872","49.885624133872"
"350428","将乐县","Jiangle County","三明市","Sanming City","福建省","Fujian Province","2008","0.538458053035097","53.8458053035097"
"350428","将乐县","Jiangle County","三明市","Sanming City","福建省","Fujian Province","2009","0.593050360950132","59.3050360950132"
"350428","将乐县","Jiangle County","三明市","Sanming City","福建省","Fujian Province","2010","0.666199488878976","66.6199488878976"
"350428","将乐县","Jiangle County","三明市","Sanming City","福建省","Fujian Province","2011","0.799341016619519","79.9341016619519"
"350428","将乐县","Jiangle County","三明市","Sanming City","福建省","Fujian Province","2012","0.836795170576717","83.6795170576717"
"350428","将乐县","Jiangle County","三明市","Sanming City","福建省","Fujian Province","2013","0.871855941047502","87.1855941047502"
"350428","将乐县","Jiangle County","三明市","Sanming City","福建省","Fujian Province","2014","0.810510293945472","81.0510293945472"
"350428","将乐县","Jiangle County","三明市","Sanming City","福建省","Fujian Province","2015","0.712396469561109","71.2396469561109"
"350428","将乐县","Jiangle County","三明市","Sanming City","福建省","Fujian Province","2016","0.709145098796802","70.9145098796802"
"350428","将乐县","Jiangle County","三明市","Sanming City","福建省","Fujian Province","2017","0.689108432604218","68.9108432604218"
"350429","泰宁县","Taining County","三明市","Sanming City","福建省","Fujian Province","1997","0.129659664263878","12.9659664263878"
"350429","泰宁县","Taining County","三明市","Sanming City","福建省","Fujian Province","1998","0.13775597305159","13.775597305159"
"350429","泰宁县","Taining County","三明市","Sanming City","福建省","Fujian Province","1999","0.162179803072245","16.2179803072245"
"350429","泰宁县","Taining County","三明市","Sanming City","福建省","Fujian Province","2000","0.171753513628657","17.1753513628657"
"350429","泰宁县","Taining County","三明市","Sanming City","福建省","Fujian Province","2001","0.164090474905733","16.4090474905733"
"350429","泰宁县","Taining County","三明市","Sanming City","福建省","Fujian Province","2002","0.187740736010375","18.7740736010375"
"350429","泰宁县","Taining County","三明市","Sanming City","福建省","Fujian Province","2003","0.230178325468701","23.0178325468701"
"350429","泰宁县","Taining County","三明市","Sanming City","福建省","Fujian Province","2004","0.251538588921592","25.1538588921592"
"350429","泰宁县","Taining County","三明市","Sanming City","福建省","Fujian Province","2005","0.290563284664337","29.0563284664337"
"350429","泰宁县","Taining County","三明市","Sanming City","福建省","Fujian Province","2006","0.321124218925886","32.1124218925886"
"350429","泰宁县","Taining County","三明市","Sanming City","福建省","Fujian Province","2007","0.366794534087229","36.6794534087229"
"350429","泰宁县","Taining County","三明市","Sanming City","福建省","Fujian Province","2008","0.388324976585633","38.8324976585633"
"350429","泰宁县","Taining County","三明市","Sanming City","福建省","Fujian Province","2009","0.42628315518828","42.628315518828"
"350429","泰宁县","Taining County","三明市","Sanming City","福建省","Fujian Province","2010","0.477554371626735","47.7554371626735"
"350429","泰宁县","Taining County","三明市","Sanming City","福建省","Fujian Province","2011","0.56622349121985","56.622349121985"
"350429","泰宁县","Taining County","三明市","Sanming City","福建省","Fujian Province","2012","0.57973305159928","57.973305159928"
"350429","泰宁县","Taining County","三明市","Sanming City","福建省","Fujian Province","2013","0.599633292350479","59.9633292350479"
"350429","泰宁县","Taining County","三明市","Sanming City","福建省","Fujian Province","2014","0.568562677664672","56.8562677664672"
"350429","泰宁县","Taining County","三明市","Sanming City","福建省","Fujian Province","2015","0.500638896810545","50.0638896810545"
"350429","泰宁县","Taining County","三明市","Sanming City","福建省","Fujian Province","2016","0.498428804603229","49.8428804603229"
"350429","泰宁县","Taining County","三明市","Sanming City","福建省","Fujian Province","2017","0.489122497350062","48.9122497350062"
"350430","建宁县","Jianning County","三明市","Sanming City","福建省","Fujian Province","1997","0.0901069181955027","9.01069181955027"
"350430","建宁县","Jianning County","三明市","Sanming City","福建省","Fujian Province","1998","0.0844741473514599","8.44741473514599"
"350430","建宁县","Jianning County","三明市","Sanming City","福建省","Fujian Province","1999","0.100369200892693","10.0369200892693"
"350430","建宁县","Jianning County","三明市","Sanming City","福建省","Fujian Province","2000","0.107193682264694","10.7193682264694"
"350430","建宁县","Jianning County","三明市","Sanming City","福建省","Fujian Province","2001","0.104232118566881","10.4232118566881"
"350430","建宁县","Jianning County","三明市","Sanming City","福建省","Fujian Province","2002","0.112398224247523","11.2398224247523"
"350430","建宁县","Jianning County","三明市","Sanming City","福建省","Fujian Province","2003","0.127752468785972","12.7752468785972"
"350430","建宁县","Jianning County","三明市","Sanming City","福建省","Fujian Province","2004","0.139152242359889","13.9152242359889"
"350430","建宁县","Jianning County","三明市","Sanming City","福建省","Fujian Province","2005","0.163212248399654","16.3212248399654"
"350430","建宁县","Jianning County","三明市","Sanming City","福建省","Fujian Province","2006","0.179254414743703","17.9254414743703"
"350430","建宁县","Jianning County","三明市","Sanming City","福建省","Fujian Province","2007","0.190842882585983","19.0842882585983"
"350430","建宁县","Jianning County","三明市","Sanming City","福建省","Fujian Province","2008","0.215506957266058","21.5506957266058"
"350430","建宁县","Jianning County","三明市","Sanming City","福建省","Fujian Province","2009","0.243719326417862","24.3719326417862"
"350430","建宁县","Jianning County","三明市","Sanming City","福建省","Fujian Province","2010","0.277521228923572","27.7521228923572"
"350430","建宁县","Jianning County","三明市","Sanming City","福建省","Fujian Province","2011","0.345002607456617","34.5002607456617"
"350430","建宁县","Jianning County","三明市","Sanming City","福建省","Fujian Province","2012","0.349253814012249","34.9253814012249"
"350430","建宁县","Jianning County","三明市","Sanming City","福建省","Fujian Province","2013","0.355433563372268","35.5433563372268"
"350430","建宁县","Jianning County","三明市","Sanming City","福建省","Fujian Province","2014","0.357790288895916","35.7790288895916"
"350430","建宁县","Jianning County","三明市","Sanming City","福建省","Fujian Province","2015","0.306813481084717","30.6813481084717"
"350430","建宁县","Jianning County","三明市","Sanming City","福建省","Fujian Province","2016","0.308792069512522","30.8792069512522"
"350430","建宁县","Jianning County","三明市","Sanming City","福建省","Fujian Province","2017","0.301668318852552","30.1668318852552"
"350481","永安市","Yong'an City","三明市","Sanming City","福建省","Fujian Province","1997","1.0520768515472","105.20768515472"
"350481","永安市","Yong'an City","三明市","Sanming City","福建省","Fujian Province","1998","1.00143130717945","100.143130717945"
"350481","永安市","Yong'an City","三明市","Sanming City","福建省","Fujian Province","1999","1.01806385026547","101.806385026547"
"350481","永安市","Yong'an City","三明市","Sanming City","福建省","Fujian Province","2000","1.07425123169583","107.425123169583"
"350481","永安市","Yong'an City","三明市","Sanming City","福建省","Fujian Province","2001","1.02556546816083","102.556546816083"
"350481","永安市","Yong'an City","三明市","Sanming City","福建省","Fujian Province","2002","1.09825252849086","109.825252849086"
"350481","永安市","Yong'an City","三明市","Sanming City","福建省","Fujian Province","2003","1.27542579735393","127.542579735393"
"350481","永安市","Yong'an City","三明市","Sanming City","福建省","Fujian Province","2004","1.38619966022993","138.619966022993"
"350481","永安市","Yong'an City","三明市","Sanming City","福建省","Fujian Province","2005","1.59468687718248","159.468687718248"
"350481","永安市","Yong'an City","三明市","Sanming City","福建省","Fujian Province","2006","1.74979149023078","174.979149023078"
"350481","永安市","Yong'an City","三明市","Sanming City","福建省","Fujian Province","2007","1.83632391744952","183.632391744952"
"350481","永安市","Yong'an City","三明市","Sanming City","福建省","Fujian Province","2008","1.97812701827371","197.812701827371"
"350481","永安市","Yong'an City","三明市","Sanming City","福建省","Fujian Province","2009","2.16819934094706","216.819934094706"
"350481","永安市","Yong'an City","三明市","Sanming City","福建省","Fujian Province","2010","2.41153817211821","241.153817211821"
"350481","永安市","Yong'an City","三明市","Sanming City","福建省","Fujian Province","2011","2.79995958514668","279.995958514668"
"350481","永安市","Yong'an City","三明市","Sanming City","福建省","Fujian Province","2012","2.86105330879508","286.105330879508"
"350481","永安市","Yong'an City","三明市","Sanming City","福建省","Fujian Province","2013","2.92925295509695","292.925295509695"
"350481","永安市","Yong'an City","三明市","Sanming City","福建省","Fujian Province","2014","2.8199591774611","281.99591774611"
"350481","永安市","Yong'an City","三明市","Sanming City","福建省","Fujian Province","2015","2.47195429468726","247.195429468726"
"350481","永安市","Yong'an City","三明市","Sanming City","福建省","Fujian Province","2016","2.48286486093443","248.286486093443"
"350481","永安市","Yong'an City","三明市","Sanming City","福建省","Fujian Province","2017","2.44078612281764","244.078612281764"
"350502","鲤城区","Licheng District","泉州市","Quanzhou City","福建省","Fujian Province","1997","0.526758757241733","52.6758757241733"
"350502","鲤城区","Licheng District","泉州市","Quanzhou City","福建省","Fujian Province","1998","0.488881990706437","48.8881990706437"
"350502","鲤城区","Licheng District","泉州市","Quanzhou City","福建省","Fujian Province","1999","0.523812721306104","52.3812721306104"
"350502","鲤城区","Licheng District","泉州市","Quanzhou City","福建省","Fujian Province","2000","0.54851494458854","54.851494458854"
"350502","鲤城区","Licheng District","泉州市","Quanzhou City","福建省","Fujian Province","2001","0.555943151247522","55.5943151247522"
"350502","鲤城区","Licheng District","泉州市","Quanzhou City","福建省","Fujian Province","2002","0.593630051830838","59.3630051830838"
"350502","鲤城区","Licheng District","泉州市","Quanzhou City","福建省","Fujian Province","2003","0.676402447000426","67.6402447000426"
"350502","鲤城区","Licheng District","泉州市","Quanzhou City","福建省","Fujian Province","2004","0.735605897589927","73.5605897589927"
"350502","鲤城区","Licheng District","泉州市","Quanzhou City","福建省","Fujian Province","2005","0.846849404611712","84.6849404611712"
"350502","鲤城区","Licheng District","泉州市","Quanzhou City","福建省","Fujian Province","2006","0.959538337745706","95.9538337745706"
"350502","鲤城区","Licheng District","泉州市","Quanzhou City","福建省","Fujian Province","2007","0.993401863152911","99.3401863152911"
"350502","鲤城区","Licheng District","泉州市","Quanzhou City","福建省","Fujian Province","2008","1.04556963955877","104.556963955877"
"350502","鲤城区","Licheng District","泉州市","Quanzhou City","福建省","Fujian Province","2009","1.14412683790608","114.412683790608"
"350502","鲤城区","Licheng District","泉州市","Quanzhou City","福建省","Fujian Province","2010","1.25515845730822","125.515845730822"
"350502","鲤城区","Licheng District","泉州市","Quanzhou City","福建省","Fujian Province","2011","1.43609459754109","143.609459754109"
"350502","鲤城区","Licheng District","泉州市","Quanzhou City","福建省","Fujian Province","2012","1.43377881541871","143.377881541871"
"350502","鲤城区","Licheng District","泉州市","Quanzhou City","福建省","Fujian Province","2013","1.44975717320788","144.975717320788"
"350502","鲤城区","Licheng District","泉州市","Quanzhou City","福建省","Fujian Province","2014","1.38512484245299","138.512484245299"
"350502","鲤城区","Licheng District","泉州市","Quanzhou City","福建省","Fujian Province","2015","1.23093485510441","123.093485510441"
"350502","鲤城区","Licheng District","泉州市","Quanzhou City","福建省","Fujian Province","2016","1.22434308370518","122.434308370518"
"350502","鲤城区","Licheng District","泉州市","Quanzhou City","福建省","Fujian Province","2017","1.19790746932884","119.790746932884"
"350503","丰泽区","Fengze District","泉州市","Quanzhou City","福建省","Fujian Province","1997","1.20242967435016","120.242967435016"
"350503","丰泽区","Fengze District","泉州市","Quanzhou City","福建省","Fujian Province","1998","1.14525582529939","114.525582529939"
"350503","丰泽区","Fengze District","泉州市","Quanzhou City","福建省","Fujian Province","1999","1.23200565100414","123.200565100414"
"350503","丰泽区","Fengze District","泉州市","Quanzhou City","福建省","Fujian Province","2000","1.29070938326897","129.070938326897"
"350503","丰泽区","Fengze District","泉州市","Quanzhou City","福建省","Fujian Province","2001","1.22617185156671","122.617185156671"
"350503","丰泽区","Fengze District","泉州市","Quanzhou City","福建省","Fujian Province","2002","1.31664732565965","131.664732565965"
"350503","丰泽区","Fengze District","泉州市","Quanzhou City","福建省","Fujian Province","2003","1.50308545421568","150.308545421568"
"350503","丰泽区","Fengze District","泉州市","Quanzhou City","福建省","Fujian Province","2004","1.63636953857094","163.636953857094"
"350503","丰泽区","Fengze District","泉州市","Quanzhou City","福建省","Fujian Province","2005","1.88769922023652","188.769922023652"
"350503","丰泽区","Fengze District","泉州市","Quanzhou City","福建省","Fujian Province","2006","2.08721156504246","208.721156504246"
"350503","丰泽区","Fengze District","泉州市","Quanzhou City","福建省","Fujian Province","2007","2.15805288378031","215.805288378031"
"350503","丰泽区","Fengze District","泉州市","Quanzhou City","福建省","Fujian Province","2008","2.27591845013226","227.591845013226"
"350503","丰泽区","Fengze District","泉州市","Quanzhou City","福建省","Fujian Province","2009","2.49045045032179","249.045045032179"
"350503","丰泽区","Fengze District","泉州市","Quanzhou City","福建省","Fujian Province","2010","2.73213584513875","273.213584513875"
"350503","丰泽区","Fengze District","泉州市","Quanzhou City","福建省","Fujian Province","2011","3.14014688527427","314.014688527427"
"350503","丰泽区","Fengze District","泉州市","Quanzhou City","福建省","Fujian Province","2012","3.13649720745737","313.649720745737"
"350503","丰泽区","Fengze District","泉州市","Quanzhou City","福建省","Fujian Province","2013","3.17145104695239","317.145104695239"
"350503","丰泽区","Fengze District","泉州市","Quanzhou City","福建省","Fujian Province","2014","2.97927608610347","297.927608610347"
"350503","丰泽区","Fengze District","泉州市","Quanzhou City","福建省","Fujian Province","2015","2.65331090705393","265.331090705393"
"350503","丰泽区","Fengze District","泉州市","Quanzhou City","福建省","Fujian Province","2016","2.6459273582385","264.59273582385"
"350503","丰泽区","Fengze District","泉州市","Quanzhou City","福建省","Fujian Province","2017","2.59602735361684","259.602735361684"
"350504","洛江区","Luojiang District","泉州市","Quanzhou City","福建省","Fujian Province","1997","0.463631526761744","46.3631526761744"
"350504","洛江区","Luojiang District","泉州市","Quanzhou City","福建省","Fujian Province","1998","0.436207019513142","43.6207019513142"
"350504","洛江区","Luojiang District","泉州市","Quanzhou City","福建省","Fujian Province","1999","0.481865639675747","48.1865639675747"
"350504","洛江区","Luojiang District","泉州市","Quanzhou City","福建省","Fujian Province","2000","0.508804557749574","50.8804557749574"
"350504","洛江区","Luojiang District","泉州市","Quanzhou City","福建省","Fujian Province","2001","0.487764714490915","48.7764714490915"
"350504","洛江区","Luojiang District","泉州市","Quanzhou City","福建省","Fujian Province","2002","0.52567406082905","52.567406082905"
"350504","洛江区","Luojiang District","泉州市","Quanzhou City","福建省","Fujian Province","2003","0.65205531713322","65.205531713322"
"350504","洛江区","Luojiang District","泉州市","Quanzhou City","福建省","Fujian Province","2004","0.726329081432601","72.6329081432601"
"350504","洛江区","Luojiang District","泉州市","Quanzhou City","福建省","Fujian Province","2005","0.844575278964129","84.4575278964129"
"350504","洛江区","Luojiang District","泉州市","Quanzhou City","福建省","Fujian Province","2006","1.07418447680104","107.418447680104"
"350504","洛江区","Luojiang District","泉州市","Quanzhou City","福建省","Fujian Province","2007","1.18933911426788","118.933911426788"
"350504","洛江区","Luojiang District","泉州市","Quanzhou City","福建省","Fujian Province","2008","1.28706116774877","128.706116774877"
"350504","洛江区","Luojiang District","泉州市","Quanzhou City","福建省","Fujian Province","2009","1.40838177423507","140.838177423507"
"350504","洛江区","Luojiang District","泉州市","Quanzhou City","福建省","Fujian Province","2010","1.54778119824279","154.778119824279"
"350504","洛江区","Luojiang District","泉州市","Quanzhou City","福建省","Fujian Province","2011","1.83491534573396","183.491534573396"
"350504","洛江区","Luojiang District","泉州市","Quanzhou City","福建省","Fujian Province","2012","1.85627695155984","185.627695155984"
"350504","洛江区","Luojiang District","泉州市","Quanzhou City","福建省","Fujian Province","2013","1.8952644071049","189.52644071049"
"350504","洛江区","Luojiang District","泉州市","Quanzhou City","福建省","Fujian Province","2014","1.86344851733504","186.344851733504"
"350504","洛江区","Luojiang District","泉州市","Quanzhou City","福建省","Fujian Province","2015","1.65518386293707","165.518386293707"
"350504","洛江区","Luojiang District","泉州市","Quanzhou City","福建省","Fujian Province","2016","1.6747659830459","167.47659830459"
"350504","洛江区","Luojiang District","泉州市","Quanzhou City","福建省","Fujian Province","2017","1.67592436211889","167.592436211889"
"350505","泉港区","Quangang District","泉州市","Quanzhou City","福建省","Fujian Province","1997","1.16313886699747","116.313886699747"
"350505","泉港区","Quangang District","泉州市","Quanzhou City","福建省","Fujian Province","1998","1.08651230903774","108.651230903774"
"350505","泉港区","Quangang District","泉州市","Quanzhou City","福建省","Fujian Province","1999","1.14565775873441","114.565775873441"
"350505","泉港区","Quangang District","泉州市","Quanzhou City","福建省","Fujian Province","2000","1.20349270542633","120.349270542633"
"350505","泉港区","Quangang District","泉州市","Quanzhou City","福建省","Fujian Province","2001","1.14424217078632","114.424217078632"
"350505","泉港区","Quangang District","泉州市","Quanzhou City","福建省","Fujian Province","2002","1.25066107352747","125.066107352747"
"350505","泉港区","Quangang District","泉州市","Quanzhou City","福建省","Fujian Province","2003","1.45159267380687","145.159267380687"
"350505","泉港区","Quangang District","泉州市","Quanzhou City","福建省","Fujian Province","2004","1.80243975568241","180.243975568241"
"350505","泉港区","Quangang District","泉州市","Quanzhou City","福建省","Fujian Province","2005","2.07732631269657","207.732631269657"
"350505","泉港区","Quangang District","泉州市","Quanzhou City","福建省","Fujian Province","2006","2.30557603391206","230.557603391206"
"350505","泉港区","Quangang District","泉州市","Quanzhou City","福建省","Fujian Province","2007","2.36104387593542","236.104387593542"
"350505","泉港区","Quangang District","泉州市","Quanzhou City","福建省","Fujian Province","2008","2.49080672713822","249.080672713822"
"350505","泉港区","Quangang District","泉州市","Quanzhou City","福建省","Fujian Province","2009","2.72559446710643","272.559446710643"
"350505","泉港区","Quangang District","泉州市","Quanzhou City","福建省","Fujian Province","2010","2.99009937817922","299.009937817922"
"350505","泉港区","Quangang District","泉州市","Quanzhou City","福建省","Fujian Province","2011","3.42793231152708","342.793231152708"
"350505","泉港区","Quangang District","泉州市","Quanzhou City","福建省","Fujian Province","2012","3.42608093664648","342.608093664648"
"350505","泉港区","Quangang District","泉州市","Quanzhou City","福建省","Fujian Province","2013","3.46426196319793","346.426196319793"
"350505","泉港区","Quangang District","泉州市","Quanzhou City","福建省","Fujian Province","2014","3.4595543571852","345.95543571852"
"350505","泉港区","Quangang District","泉州市","Quanzhou City","福建省","Fujian Province","2015","3.29430614222043","329.430614222043"
"350505","泉港区","Quangang District","泉州市","Quanzhou City","福建省","Fujian Province","2016","3.43113953374053","343.113953374053"
"350505","泉港区","Quangang District","泉州市","Quanzhou City","福建省","Fujian Province","2017","3.38476507354527","338.476507354527"
"350521","惠安县","Hui'an County","泉州市","Quanzhou City","福建省","Fujian Province","1997","1.45087854617701","145.087854617701"
"350521","惠安县","Hui'an County","泉州市","Quanzhou City","福建省","Fujian Province","1998","1.3543778883548","135.43778883548"
"350521","惠安县","Hui'an County","泉州市","Quanzhou City","福建省","Fujian Province","1999","1.53767017898468","153.767017898468"
"350521","惠安县","Hui'an County","泉州市","Quanzhou City","福建省","Fujian Province","2000","1.63080570245423","163.080570245423"
"350521","惠安县","Hui'an County","泉州市","Quanzhou City","福建省","Fujian Province","2001","1.56498401524531","156.498401524531"
"350521","惠安县","Hui'an County","泉州市","Quanzhou City","福建省","Fujian Province","2002","1.69139014560429","169.139014560429"
"350521","惠安县","Hui'an County","泉州市","Quanzhou City","福建省","Fujian Province","2003","2.20999177656697","220.999177656697"
"350521","惠安县","Hui'an County","泉州市","Quanzhou City","福建省","Fujian Province","2004","2.45394599204281","245.394599204281"
"350521","惠安县","Hui'an County","泉州市","Quanzhou City","福建省","Fujian Province","2005","3.01269168482192","301.269168482192"
"350521","惠安县","Hui'an County","泉州市","Quanzhou City","福建省","Fujian Province","2006","3.6529557417396","365.29557417396"
"350521","惠安县","Hui'an County","泉州市","Quanzhou City","福建省","Fujian Province","2007","3.87759819956531","387.759819956531"
"350521","惠安县","Hui'an County","泉州市","Quanzhou City","福建省","Fujian Province","2008","4.28394834764384","428.394834764384"
"350521","惠安县","Hui'an County","泉州市","Quanzhou City","福建省","Fujian Province","2009","4.69362802793067","469.362802793067"
"350521","惠安县","Hui'an County","泉州市","Quanzhou City","福建省","Fujian Province","2010","5.25879210061955","525.879210061955"
"350521","惠安县","Hui'an County","泉州市","Quanzhou City","福建省","Fujian Province","2011","6.64880640790573","664.880640790573"
"350521","惠安县","Hui'an County","泉州市","Quanzhou City","福建省","Fujian Province","2012","6.8337800936081","683.37800936081"
"350521","惠安县","Hui'an County","泉州市","Quanzhou City","福建省","Fujian Province","2013","6.93681642304734","693.681642304734"
"350521","惠安县","Hui'an County","泉州市","Quanzhou City","福建省","Fujian Province","2014","7.16400556080985","716.400556080985"
"350521","惠安县","Hui'an County","泉州市","Quanzhou City","福建省","Fujian Province","2015","6.72112906649045","672.112906649045"
"350521","惠安县","Hui'an County","泉州市","Quanzhou City","福建省","Fujian Province","2016","6.98927944991466","698.927944991466"
"350521","惠安县","Hui'an County","泉州市","Quanzhou City","福建省","Fujian Province","2017","7.66155018102146","766.155018102146"
"350524","安溪县","Anxi County","泉州市","Quanzhou City","福建省","Fujian Province","1997","1.49370552619144","149.370552619144"
"350524","安溪县","Anxi County","泉州市","Quanzhou City","福建省","Fujian Province","1998","1.46385444138787","146.385444138787"
"350524","安溪县","Anxi County","泉州市","Quanzhou City","福建省","Fujian Province","1999","1.84906007465293","184.906007465293"
"350524","安溪县","Anxi County","泉州市","Quanzhou City","福建省","Fujian Province","2000","2.01426673855565","201.426673855565"
"350524","安溪县","Anxi County","泉州市","Quanzhou City","福建省","Fujian Province","2001","1.96215229852067","196.215229852067"
"350524","安溪县","Anxi County","泉州市","Quanzhou City","福建省","Fujian Province","2002","2.12103943653951","212.103943653951"
"350524","安溪县","Anxi County","泉州市","Quanzhou City","福建省","Fujian Province","2003","2.45724107814946","245.724107814946"
"350524","安溪县","Anxi County","泉州市","Quanzhou City","福建省","Fujian Province","2004","2.68677886969635","268.677886969635"
"350524","安溪县","Anxi County","泉州市","Quanzhou City","福建省","Fujian Province","2005","3.1152022717053","311.52022717053"
"350524","安溪县","Anxi County","泉州市","Quanzhou City","福建省","Fujian Province","2006","3.49785753689718","349.785753689718"
"350524","安溪县","Anxi County","泉州市","Quanzhou City","福建省","Fujian Province","2007","3.65991191357657","365.991191357657"
"350524","安溪县","Anxi County","泉州市","Quanzhou City","福建省","Fujian Province","2008","3.8962420513183","389.62420513183"
"350524","安溪县","Anxi County","泉州市","Quanzhou City","福建省","Fujian Province","2009","4.2682475369143","426.82475369143"
"350524","安溪县","Anxi County","泉州市","Quanzhou City","福建省","Fujian Province","2010","4.72825865406896","472.825865406896"
"350524","安溪县","Anxi County","泉州市","Quanzhou City","福建省","Fujian Province","2011","5.61861389286491","561.861389286491"
"350524","安溪县","Anxi County","泉州市","Quanzhou City","福建省","Fujian Province","2012","5.72182382097963","572.182382097963"
"350524","安溪县","Anxi County","泉州市","Quanzhou City","福建省","Fujian Province","2013","5.86022159915628","586.022159915628"
"350524","安溪县","Anxi County","泉州市","Quanzhou City","福建省","Fujian Province","2014","5.99531934510004","599.531934510004"
"350524","安溪县","Anxi County","泉州市","Quanzhou City","福建省","Fujian Province","2015","5.59176219448351","559.176219448351"
"350524","安溪县","Anxi County","泉州市","Quanzhou City","福建省","Fujian Province","2016","5.844930493809","584.4930493809"
"350524","安溪县","Anxi County","泉州市","Quanzhou City","福建省","Fujian Province","2017","6.02696035772092","602.696035772092"
"350525","永春县","Yongchun County","泉州市","Quanzhou City","福建省","Fujian Province","1997","0.930013410038176","93.0013410038176"
"350525","永春县","Yongchun County","泉州市","Quanzhou City","福建省","Fujian Province","1998","0.90045071724207","90.045071724207"
"350525","永春县","Yongchun County","泉州市","Quanzhou City","福建省","Fujian Province","1999","0.998434018193322","99.8434018193322"
"350525","永春县","Yongchun County","泉州市","Quanzhou City","福建省","Fujian Province","2000","1.07376398768554","107.376398768554"
"350525","永春县","Yongchun County","泉州市","Quanzhou City","福建省","Fujian Province","2001","1.03550334199315","103.550334199315"
"350525","永春县","Yongchun County","泉州市","Quanzhou City","福建省","Fujian Province","2002","1.17593410516138","117.593410516138"
"350525","永春县","Yongchun County","泉州市","Quanzhou City","福建省","Fujian Province","2003","1.33825258649402","133.825258649402"
"350525","永春县","Yongchun County","泉州市","Quanzhou City","福建省","Fujian Province","2004","1.45478726821279","145.478726821279"
"350525","永春县","Yongchun County","泉州市","Quanzhou City","福建省","Fujian Province","2005","1.67480607307427","167.480607307427"
"350525","永春县","Yongchun County","泉州市","Quanzhou City","福建省","Fujian Province","2006","1.84123999914281","184.123999914281"
"350525","永春县","Yongchun County","泉州市","Quanzhou City","福建省","Fujian Province","2007","1.93625191551816","193.625191551816"
"350525","永春县","Yongchun County","泉州市","Quanzhou City","福建省","Fujian Province","2008","2.06082394637293","206.082394637293"
"350525","永春县","Yongchun County","泉州市","Quanzhou City","福建省","Fujian Province","2009","2.25508076749416","225.508076749416"
"350525","永春县","Yongchun County","泉州市","Quanzhou City","福建省","Fujian Province","2010","2.50189967841358","250.189967841358"
"350525","永春县","Yongchun County","泉州市","Quanzhou City","福建省","Fujian Province","2011","2.96141400735545","296.141400735545"
"350525","永春县","Yongchun County","泉州市","Quanzhou City","福建省","Fujian Province","2012","3.08220025823442","308.220025823442"
"350525","永春县","Yongchun County","泉州市","Quanzhou City","福建省","Fujian Province","2013","3.15286441652665","315.286441652665"
"350525","永春县","Yongchun County","泉州市","Quanzhou City","福建省","Fujian Province","2014","3.22318904162836","322.318904162836"
"350525","永春县","Yongchun County","泉州市","Quanzhou City","福建省","Fujian Province","2015","2.86743225981488","286.743225981488"
"350525","永春县","Yongchun County","泉州市","Quanzhou City","福建省","Fujian Province","2016","2.95999662170885","295.999662170885"
"350525","永春县","Yongchun County","泉州市","Quanzhou City","福建省","Fujian Province","2017","2.94464842806048","294.464842806048"
"350526","德化县","Dehua County","泉州市","Quanzhou City","福建省","Fujian Province","1997","0.481836267501824","48.1836267501824"
"350526","德化县","Dehua County","泉州市","Quanzhou City","福建省","Fujian Province","1998","0.460602570687917","46.0602570687917"
"350526","德化县","Dehua County","泉州市","Quanzhou City","福建省","Fujian Province","1999","0.517152599710198","51.7152599710198"
"350526","德化县","Dehua County","泉州市","Quanzhou City","福建省","Fujian Province","2000","0.544738803508761","54.4738803508761"
"350526","德化县","Dehua County","泉州市","Quanzhou City","福建省","Fujian Province","2001","0.534102940150914","53.4102940150914"
"350526","德化县","Dehua County","泉州市","Quanzhou City","福建省","Fujian Province","2002","0.577256597477146","57.7256597477146"
"350526","德化县","Dehua County","泉州市","Quanzhou City","福建省","Fujian Province","2003","0.666747550673775","66.6747550673775"
"350526","德化县","Dehua County","泉州市","Quanzhou City","福建省","Fujian Province","2004","0.726633239339399","72.6633239339399"
"350526","德化县","Dehua County","泉州市","Quanzhou City","福建省","Fujian Province","2005","0.840726758637449","84.0726758637449"
"350526","德化县","Dehua County","泉州市","Quanzhou City","福建省","Fujian Province","2006","0.947843664698256","94.7843664698256"
"350526","德化县","Dehua County","泉州市","Quanzhou City","福建省","Fujian Province","2007","1.02161682731347","102.161682731347"
"350526","德化县","Dehua County","泉州市","Quanzhou City","福建省","Fujian Province","2008","1.10558162478788","110.558162478788"
"350526","德化县","Dehua County","泉州市","Quanzhou City","福建省","Fujian Province","2009","1.21069832058503","121.069832058503"
"350526","德化县","Dehua County","泉州市","Quanzhou City","福建省","Fujian Province","2010","1.34403456897955","134.403456897955"
"350526","德化县","Dehua County","泉州市","Quanzhou City","福建省","Fujian Province","2011","1.6159604889491","161.59604889491"
"350526","德化县","Dehua County","泉州市","Quanzhou City","福建省","Fujian Province","2012","1.66623762927949","166.623762927949"
"350526","德化县","Dehua County","泉州市","Quanzhou City","福建省","Fujian Province","2013","1.69481474666728","169.481474666728"
"350526","德化县","Dehua County","泉州市","Quanzhou City","福建省","Fujian Province","2014","1.70199789215852","170.199789215852"
"350526","德化县","Dehua County","泉州市","Quanzhou City","福建省","Fujian Province","2015","1.50781361096077","150.781361096077"
"350526","德化县","Dehua County","泉州市","Quanzhou City","福建省","Fujian Province","2016","1.52103245079078","152.103245079078"
"350526","德化县","Dehua County","泉州市","Quanzhou City","福建省","Fujian Province","2017","1.47961527694029","147.961527694029"
"350527","金门县","Kinmen County","泉州市","Quanzhou City","福建省","Fujian Province","1997","0.352438541953631","35.2438541953631"
"350527","金门县","Kinmen County","泉州市","Quanzhou City","福建省","Fujian Province","1998","0.335469171378499","33.5469171378499"
"350527","金门县","Kinmen County","泉州市","Quanzhou City","福建省","Fujian Province","1999","0.522877967397907","52.2877967397907"
"350527","金门县","Kinmen County","泉州市","Quanzhou City","福建省","Fujian Province","2000","0.671787679192938","67.1787679192938"
"350527","金门县","Kinmen County","泉州市","Quanzhou City","福建省","Fujian Province","2001","0.751927267754651","75.1927267754651"
"350527","金门县","Kinmen County","泉州市","Quanzhou City","福建省","Fujian Province","2002","0.847603257332086","84.7603257332086"
"350527","金门县","Kinmen County","泉州市","Quanzhou City","福建省","Fujian Province","2003","0.974444898823121","97.4444898823121"
"350527","金门县","Kinmen County","泉州市","Quanzhou City","福建省","Fujian Province","2004","1.06014238414294","106.014238414294"
"350527","金门县","Kinmen County","泉州市","Quanzhou City","福建省","Fujian Province","2005","1.21945614533118","121.945614533118"
"350527","金门县","Kinmen County","泉州市","Quanzhou City","福建省","Fujian Province","2006","1.33645189858648","133.645189858648"
"350527","金门县","Kinmen County","泉州市","Quanzhou City","福建省","Fujian Province","2007","1.36920951079143","136.920951079143"
"350527","金门县","Kinmen County","泉州市","Quanzhou City","福建省","Fujian Province","2008","1.44399972705927","144.399972705927"
"350527","金门县","Kinmen County","泉州市","Quanzhou City","福建省","Fujian Province","2009","1.58011363294247","158.011363294247"
"350527","金门县","Kinmen County","泉州市","Quanzhou City","福建省","Fujian Province","2010","1.73345552624697","173.345552624697"
"350527","金门县","Kinmen County","泉州市","Quanzhou City","福建省","Fujian Province","2011","1.98787216677384","198.787216677384"
"350527","金门县","Kinmen County","泉州市","Quanzhou City","福建省","Fujian Province","2012","1.98466661274329","198.466661274329"
"350527","金门县","Kinmen County","泉州市","Quanzhou City","福建省","Fujian Province","2013","2.00678418965935","200.678418965935"
"350527","金门县","Kinmen County","泉州市","Quanzhou City","福建省","Fujian Province","2014","1.77935872396161","177.935872396161"
"350527","金门县","Kinmen County","泉州市","Quanzhou City","福建省","Fujian Province","2015","1.5616507061668","156.16507061668"
"350527","金门县","Kinmen County","泉州市","Quanzhou City","福建省","Fujian Province","2016","1.56002101140022","156.002101140022"
"350527","金门县","Kinmen County","泉州市","Quanzhou City","福建省","Fujian Province","2017","1.52804087012108","152.804087012108"
"350581","石狮市","Shishi City","泉州市","Quanzhou City","福建省","Fujian Province","1997","1.30576449768774","130.576449768774"
"350581","石狮市","Shishi City","泉州市","Quanzhou City","福建省","Fujian Province","1998","1.26529164675139","126.529164675139"
"350581","石狮市","Shishi City","泉州市","Quanzhou City","福建省","Fujian Province","1999","1.31344608525584","131.344608525584"
"350581","石狮市","Shishi City","泉州市","Quanzhou City","福建省","Fujian Province","2000","1.38401661124028","138.401661124028"
"350581","石狮市","Shishi City","泉州市","Quanzhou City","福建省","Fujian Province","2001","1.31607494274746","131.607494274746"
"350581","石狮市","Shishi City","泉州市","Quanzhou City","福建省","Fujian Province","2002","1.4563756767231","145.63756767231"
"350581","石狮市","Shishi City","泉州市","Quanzhou City","福建省","Fujian Province","2003","1.65882312974556","165.882312974556"
"350581","石狮市","Shishi City","泉州市","Quanzhou City","福建省","Fujian Province","2004","1.8035043083562","180.35043083562"
"350581","石狮市","Shishi City","泉州市","Quanzhou City","福建省","Fujian Province","2005","2.08099990028112","208.099990028112"
"350581","石狮市","Shishi City","泉州市","Quanzhou City","福建省","Fujian Province","2006","2.33740088187725","233.740088187725"
"350581","石狮市","Shishi City","泉州市","Quanzhou City","福建省","Fujian Province","2007","2.44862782718381","244.862782718381"
"350581","石狮市","Shishi City","泉州市","Quanzhou City","福建省","Fujian Province","2008","2.66094379866406","266.094379866406"
"350581","石狮市","Shishi City","泉州市","Quanzhou City","福建省","Fujian Province","2009","2.91176895256452","291.176895256452"
"350581","石狮市","Shishi City","泉州市","Quanzhou City","福建省","Fujian Province","2010","3.19434113898381","319.434113898381"
"350581","石狮市","Shishi City","泉州市","Quanzhou City","福建省","Fujian Province","2011","3.68314359996584","368.314359996584"
"350581","石狮市","Shishi City","泉州市","Quanzhou City","福建省","Fujian Province","2012","3.67720432680265","367.720432680265"
"350581","石狮市","Shishi City","泉州市","Quanzhou City","福建省","Fujian Province","2013","3.71818392962961","371.818392962961"
"350581","石狮市","Shishi City","泉州市","Quanzhou City","福建省","Fujian Province","2014","3.52172817914077","352.172817914077"
"350581","石狮市","Shishi City","泉州市","Quanzhou City","福建省","Fujian Province","2015","3.09914134857545","309.914134857545"
"350581","石狮市","Shishi City","泉州市","Quanzhou City","福建省","Fujian Province","2016","3.10103833895871","310.103833895871"
"350581","石狮市","Shishi City","泉州市","Quanzhou City","福建省","Fujian Province","2017","3.03733242745613","303.733242745613"
"350582","晋江市","Jinjiang City","泉州市","Quanzhou City","福建省","Fujian Province","1997","4.15657450984109","415.657450984109"
"350582","晋江市","Jinjiang City","泉州市","Quanzhou City","福建省","Fujian Province","1998","3.88022771670427","388.022771670427"
"350582","晋江市","Jinjiang City","泉州市","Quanzhou City","福建省","Fujian Province","1999","4.27112429503086","427.112429503086"
"350582","晋江市","Jinjiang City","泉州市","Quanzhou City","福建省","Fujian Province","2000","4.50274371013","450.274371013"
"350582","晋江市","Jinjiang City","泉州市","Quanzhou City","福建省","Fujian Province","2001","4.35244206853833","435.244206853833"
"350582","晋江市","Jinjiang City","泉州市","Quanzhou City","福建省","Fujian Province","2002","4.78166421467474","478.166421467474"
"350582","晋江市","Jinjiang City","泉州市","Quanzhou City","福建省","Fujian Province","2003","5.61173358232356","561.173358232356"
"350582","晋江市","Jinjiang City","泉州市","Quanzhou City","福建省","Fujian Province","2004","6.21577098331518","621.577098331518"
"350582","晋江市","Jinjiang City","泉州市","Quanzhou City","福建省","Fujian Province","2005","7.23434355044771","723.434355044771"
"350582","晋江市","Jinjiang City","泉州市","Quanzhou City","福建省","Fujian Province","2006","8.39428294069845","839.428294069845"
"350582","晋江市","Jinjiang City","泉州市","Quanzhou City","福建省","Fujian Province","2007","9.04211226445376","904.211226445376"
"350582","晋江市","Jinjiang City","泉州市","Quanzhou City","福建省","Fujian Province","2008","9.59057516522297","959.057516522297"
"350582","晋江市","Jinjiang City","泉州市","Quanzhou City","福建省","Fujian Province","2009","10.4948249948047","1049.48249948047"
"350582","晋江市","Jinjiang City","泉州市","Quanzhou City","福建省","Fujian Province","2010","11.5256720194164","1152.56720194164"
"350582","晋江市","Jinjiang City","泉州市","Quanzhou City","福建省","Fujian Province","2011","13.3585122908551","1335.85122908551"
"350582","晋江市","Jinjiang City","泉州市","Quanzhou City","福建省","Fujian Province","2012","13.353655949521","1335.3655949521"
"350582","晋江市","Jinjiang City","泉州市","Quanzhou City","福建省","Fujian Province","2013","13.5159116974393","1351.59116974393"
"350582","晋江市","Jinjiang City","泉州市","Quanzhou City","福建省","Fujian Province","2014","13.3715677637935","1337.15677637935"
"350582","晋江市","Jinjiang City","泉州市","Quanzhou City","福建省","Fujian Province","2015","12.150568138293","1215.0568138293"
"350582","晋江市","Jinjiang City","泉州市","Quanzhou City","福建省","Fujian Province","2016","12.3704100616147","1237.04100616147"
"350582","晋江市","Jinjiang City","泉州市","Quanzhou City","福建省","Fujian Province","2017","12.3324405578208","1233.24405578208"
"350583","南安市","Nan'an City","泉州市","Quanzhou City","福建省","Fujian Province","1997","3.2915219012927","329.15219012927"
"350583","南安市","Nan'an City","泉州市","Quanzhou City","福建省","Fujian Province","1998","3.13998658926669","313.998658926669"
"350583","南安市","Nan'an City","泉州市","Quanzhou City","福建省","Fujian Province","1999","3.67440076888536","367.440076888536"
"350583","南安市","Nan'an City","泉州市","Quanzhou City","福建省","Fujian Province","2000","3.94387483032271","394.387483032271"
"350583","南安市","Nan'an City","泉州市","Quanzhou City","福建省","Fujian Province","2001","3.86710404416927","386.710404416927"
"350583","南安市","Nan'an City","泉州市","Quanzhou City","福建省","Fujian Province","2002","4.19739042247458","419.739042247458"
"350583","南安市","Nan'an City","泉州市","Quanzhou City","福建省","Fujian Province","2003","4.84046128446126","484.046128446126"
"350583","南安市","Nan'an City","泉州市","Quanzhou City","福建省","Fujian Province","2004","5.32915068500025","532.915068500025"
"350583","南安市","Nan'an City","泉州市","Quanzhou City","福建省","Fujian Province","2005","6.17635032609496","617.635032609496"
"350583","南安市","Nan'an City","泉州市","Quanzhou City","福建省","Fujian Province","2006","7.15848191670068","715.848191670068"
"350583","南安市","Nan'an City","泉州市","Quanzhou City","福建省","Fujian Province","2007","7.78889760632239","778.889760632239"
"350583","南安市","Nan'an City","泉州市","Quanzhou City","福建省","Fujian Province","2008","8.24123351795808","824.123351795808"
"350583","南安市","Nan'an City","泉州市","Quanzhou City","福建省","Fujian Province","2009","9.01806640954687","901.806640954687"
"350583","南安市","Nan'an City","泉州市","Quanzhou City","福建省","Fujian Province","2010","9.98011891310969","998.011891310969"
"350583","南安市","Nan'an City","泉州市","Quanzhou City","福建省","Fujian Province","2011","12.2288978421384","1222.88978421384"
"350583","南安市","Nan'an City","泉州市","Quanzhou City","福建省","Fujian Province","2012","12.5836007790308","1258.36007790308"
"350583","南安市","Nan'an City","泉州市","Quanzhou City","福建省","Fujian Province","2013","12.7464251978135","1274.64251978135"
"350583","南安市","Nan'an City","泉州市","Quanzhou City","福建省","Fujian Province","2014","12.6828228298153","1268.28228298153"
"350583","南安市","Nan'an City","泉州市","Quanzhou City","福建省","Fujian Province","2015","11.9376713235253","1193.76713235253"
"350583","南安市","Nan'an City","泉州市","Quanzhou City","福建省","Fujian Province","2016","12.4898350906386","1248.98350906386"
"350583","南安市","Nan'an City","泉州市","Quanzhou City","福建省","Fujian Province","2017","12.7621638031573","1276.21638031573"
"350602","芗城区","Xiangcheng District","漳州市","Zhangzhou City","福建省","Fujian Province","1997","0.75150217529912","75.150217529912"
"350602","芗城区","Xiangcheng District","漳州市","Zhangzhou City","福建省","Fujian Province","1998","0.70734961316711","70.734961316711"
"350602","芗城区","Xiangcheng District","漳州市","Zhangzhou City","福建省","Fujian Province","1999","0.766147672006274","76.6147672006274"
"350602","芗城区","Xiangcheng District","漳州市","Zhangzhou City","福建省","Fujian Province","2000","0.80042009791057","80.042009791057"
"350602","芗城区","Xiangcheng District","漳州市","Zhangzhou City","福建省","Fujian Province","2001","0.761287358224626","76.1287358224626"
"350602","芗城区","Xiangcheng District","漳州市","Zhangzhou City","福建省","Fujian Province","2002","0.812394175037681","81.2394175037681"
"350602","芗城区","Xiangcheng District","漳州市","Zhangzhou City","福建省","Fujian Province","2003","0.94170220693274","94.170220693274"
"350602","芗城区","Xiangcheng District","漳州市","Zhangzhou City","福建省","Fujian Province","2004","1.02349135637383","102.349135637383"
"350602","芗城区","Xiangcheng District","漳州市","Zhangzhou City","福建省","Fujian Province","2005","1.18499439513318","118.499439513318"
"350602","芗城区","Xiangcheng District","漳州市","Zhangzhou City","福建省","Fujian Province","2006","1.31402113224956","131.402113224956"
"350602","芗城区","Xiangcheng District","漳州市","Zhangzhou City","福建省","Fujian Province","2007","1.37822262434272","137.822262434272"
"350602","芗城区","Xiangcheng District","漳州市","Zhangzhou City","福建省","Fujian Province","2008","1.47101543175004","147.101543175004"
"350602","芗城区","Xiangcheng District","漳州市","Zhangzhou City","福建省","Fujian Province","2009","1.60967588457279","160.967588457279"
"350602","芗城区","Xiangcheng District","漳州市","Zhangzhou City","福建省","Fujian Province","2010","1.78321624615209","178.321624615209"
"350602","芗城区","Xiangcheng District","漳州市","Zhangzhou City","福建省","Fujian Province","2011","2.1354471737401","213.54471737401"
"350602","芗城区","Xiangcheng District","漳州市","Zhangzhou City","福建省","Fujian Province","2012","2.22419534186748","222.419534186748"
"350602","芗城区","Xiangcheng District","漳州市","Zhangzhou City","福建省","Fujian Province","2013","2.24898228151479","224.898228151479"
"350602","芗城区","Xiangcheng District","漳州市","Zhangzhou City","福建省","Fujian Province","2014","2.43853690528322","243.853690528322"
"350602","芗城区","Xiangcheng District","漳州市","Zhangzhou City","福建省","Fujian Province","2015","2.41020012026244","241.020012026244"
"350602","芗城区","Xiangcheng District","漳州市","Zhangzhou City","福建省","Fujian Province","2016","2.46446225691637","246.446225691637"
"350602","芗城区","Xiangcheng District","漳州市","Zhangzhou City","福建省","Fujian Province","2017","2.47549423009119","247.549423009119"
"350603","龙文区","Longwen District","漳州市","Zhangzhou City","福建省","Fujian Province","1997","0.679992905917224","67.9992905917224"
"350603","龙文区","Longwen District","漳州市","Zhangzhou City","福建省","Fujian Province","1998","0.64132384282344","64.132384282344"
"350603","龙文区","Longwen District","漳州市","Zhangzhou City","福建省","Fujian Province","1999","0.706089733404593","70.6089733404593"
"350603","龙文区","Longwen District","漳州市","Zhangzhou City","福建省","Fujian Province","2000","0.736956565569769","73.6956565569769"
"350603","龙文区","Longwen District","漳州市","Zhangzhou City","福建省","Fujian Province","2001","0.730202613330512","73.0202613330512"
"350603","龙文区","Longwen District","漳州市","Zhangzhou City","福建省","Fujian Province","2002","0.777923744819383","77.7923744819383"
"350603","龙文区","Longwen District","漳州市","Zhangzhou City","福建省","Fujian Province","2003","0.884332533107714","88.4332533107714"
"350603","龙文区","Longwen District","漳州市","Zhangzhou City","福建省","Fujian Province","2004","0.961138985480327","96.1138985480327"
"350603","龙文区","Longwen District","漳州市","Zhangzhou City","福建省","Fujian Province","2005","1.11187250892626","111.187250892626"
"350603","龙文区","Longwen District","漳州市","Zhangzhou City","福建省","Fujian Province","2006","1.22679037427268","122.679037427268"
"350603","龙文区","Longwen District","漳州市","Zhangzhou City","福建省","Fujian Province","2007","1.29436148086551","129.436148086551"
"350603","龙文区","Longwen District","漳州市","Zhangzhou City","福建省","Fujian Province","2008","1.3959488935253","139.59488935253"
"350603","龙文区","Longwen District","漳州市","Zhangzhou City","福建省","Fujian Province","2009","1.52753344492825","152.753344492825"
"350603","龙文区","Longwen District","漳州市","Zhangzhou City","福建省","Fujian Province","2010","1.67750566207504","167.750566207504"
"350603","龙文区","Longwen District","漳州市","Zhangzhou City","福建省","Fujian Province","2011","1.95813056268275","195.813056268275"
"350603","龙文区","Longwen District","漳州市","Zhangzhou City","福建省","Fujian Province","2012","2.00757313819673","200.757313819673"
"350603","龙文区","Longwen District","漳州市","Zhangzhou City","福建省","Fujian Province","2013","2.03023193881183","203.023193881183"
"350603","龙文区","Longwen District","漳州市","Zhangzhou City","福建省","Fujian Province","2014","2.07867374279974","207.867374279974"
"350603","龙文区","Longwen District","漳州市","Zhangzhou City","福建省","Fujian Province","2015","2.04726455116","204.726455116"
"350603","龙文区","Longwen District","漳州市","Zhangzhou City","福建省","Fujian Province","2016","2.04776421541825","204.776421541825"
"350603","龙文区","Longwen District","漳州市","Zhangzhou City","福建省","Fujian Province","2017","2.07339326816729","207.339326816729"
"350622","云霄县","Yunxiao County","漳州市","Zhangzhou City","福建省","Fujian Province","1997","0.675016070319217","67.5016070319217"
"350622","云霄县","Yunxiao County","漳州市","Zhangzhou City","福建省","Fujian Province","1998","0.674336727995275","67.4336727995275"
"350622","云霄县","Yunxiao County","漳州市","Zhangzhou City","福建省","Fujian Province","1999","0.761590746703812","76.1590746703812"
"350622","云霄县","Yunxiao County","漳州市","Zhangzhou City","福建省","Fujian Province","2000","0.824538676420126","82.4538676420126"
"350622","云霄县","Yunxiao County","漳州市","Zhangzhou City","福建省","Fujian Province","2001","0.790523196359239","79.0523196359239"
"350622","云霄县","Yunxiao County","漳州市","Zhangzhou City","福建省","Fujian Province","2002","0.844525540348309","84.4525540348309"
"350622","云霄县","Yunxiao County","漳州市","Zhangzhou City","福建省","Fujian Province","2003","0.967028819035983","96.7028819035983"
"350622","云霄县","Yunxiao County","漳州市","Zhangzhou City","福建省","Fujian Province","2004","1.0522342785662","105.22342785662"
"350622","云霄县","Yunxiao County","漳州市","Zhangzhou City","福建省","Fujian Province","2005","1.21035964274085","121.035964274085"
"350622","云霄县","Yunxiao County","漳州市","Zhangzhou City","福建省","Fujian Province","2006","1.32820811266778","132.820811266778"
"350622","云霄县","Yunxiao County","漳州市","Zhangzhou City","福建省","Fujian Province","2007","1.37214856955815","137.214856955815"
"350622","云霄县","Yunxiao County","漳州市","Zhangzhou City","福建省","Fujian Province","2008","1.58773977415443","158.773977415443"
"350622","云霄县","Yunxiao County","漳州市","Zhangzhou City","福建省","Fujian Province","2009","1.75906680502522","175.906680502522"
"350622","云霄县","Yunxiao County","漳州市","Zhangzhou City","福建省","Fujian Province","2010","1.9631965614308","196.31965614308"
"350622","云霄县","Yunxiao County","漳州市","Zhangzhou City","福建省","Fujian Province","2011","2.35950059122629","235.950059122629"
"350622","云霄县","Yunxiao County","漳州市","Zhangzhou City","福建省","Fujian Province","2012","2.38086466410456","238.086466410456"
"350622","云霄县","Yunxiao County","漳州市","Zhangzhou City","福建省","Fujian Province","2013","2.42426850383756","242.426850383756"
"350622","云霄县","Yunxiao County","漳州市","Zhangzhou City","福建省","Fujian Province","2014","2.55933035503051","255.933035503051"
"350622","云霄县","Yunxiao County","漳州市","Zhangzhou City","福建省","Fujian Province","2015","2.36515535990499","236.515535990499"
"350622","云霄县","Yunxiao County","漳州市","Zhangzhou City","福建省","Fujian Province","2016","2.43788739065007","243.788739065007"
"350622","云霄县","Yunxiao County","漳州市","Zhangzhou City","福建省","Fujian Province","2017","2.65598108609092","265.598108609092"
"350623","漳浦县","Zhangpu County","漳州市","Zhangzhou City","福建省","Fujian Province","1997","1.42808987791244","142.808987791244"
"350623","漳浦县","Zhangpu County","漳州市","Zhangzhou City","福建省","Fujian Province","1998","1.36493715677373","136.493715677373"
"350623","漳浦县","Zhangpu County","漳州市","Zhangzhou City","福建省","Fujian Province","1999","1.49490518768465","149.490518768465"
"350623","漳浦县","Zhangpu County","漳州市","Zhangzhou City","福建省","Fujian Province","2000","1.651148139884","165.1148139884"
"350623","漳浦县","Zhangpu County","漳州市","Zhangzhou City","福建省","Fujian Province","2001","1.60958889081828","160.958889081828"
"350623","漳浦县","Zhangpu County","漳州市","Zhangzhou City","福建省","Fujian Province","2002","1.71970514185503","171.970514185503"
"350623","漳浦县","Zhangpu County","漳州市","Zhangzhou City","福建省","Fujian Province","2003","1.98135263746918","198.135263746918"
"350623","漳浦县","Zhangpu County","漳州市","Zhangzhou City","福建省","Fujian Province","2004","2.1545025328006","215.45025328006"
"350623","漳浦县","Zhangpu County","漳州市","Zhangzhou City","福建省","Fujian Province","2005","2.48159587974008","248.159587974008"
"350623","漳浦县","Zhangpu County","漳州市","Zhangzhou City","福建省","Fujian Province","2006","2.76416059013338","276.416059013338"
"350623","漳浦县","Zhangpu County","漳州市","Zhangzhou City","福建省","Fujian Province","2007","2.91084380256403","291.084380256403"
"350623","漳浦县","Zhangpu County","漳州市","Zhangzhou City","福建省","Fujian Province","2008","3.13340929062247","313.340929062247"
"350623","漳浦县","Zhangpu County","漳州市","Zhangzhou City","福建省","Fujian Province","2009","3.43869916292165","343.869916292165"
"350623","漳浦县","Zhangpu County","漳州市","Zhangzhou City","福建省","Fujian Province","2010","3.79270760669859","379.270760669859"
"350623","漳浦县","Zhangpu County","漳州市","Zhangzhou City","福建省","Fujian Province","2011","4.60513332678956","460.513332678956"
"350623","漳浦县","Zhangpu County","漳州市","Zhangzhou City","福建省","Fujian Province","2012","4.70290763321757","470.290763321757"
"350623","漳浦县","Zhangpu County","漳州市","Zhangzhou City","福建省","Fujian Province","2013","4.95576756782363","495.576756782363"
"350623","漳浦县","Zhangpu County","漳州市","Zhangzhou City","福建省","Fujian Province","2014","5.45236096335071","545.236096335071"
"350623","漳浦县","Zhangpu County","漳州市","Zhangzhou City","福建省","Fujian Province","2015","4.86228805704551","486.228805704551"
"350623","漳浦县","Zhangpu County","漳州市","Zhangzhou City","福建省","Fujian Province","2016","5.03922099934093","503.922099934093"
"350623","漳浦县","Zhangpu County","漳州市","Zhangzhou City","福建省","Fujian Province","2017","5.626443742357","562.6443742357"
"350624","诏安县","Zhao'an County","漳州市","Zhangzhou City","福建省","Fujian Province","1997","0.799829868342929","79.9829868342929"
"350624","诏安县","Zhao'an County","漳州市","Zhangzhou City","福建省","Fujian Province","1998","0.75941772985357","75.941772985357"
"350624","诏安县","Zhao'an County","漳州市","Zhangzhou City","福建省","Fujian Province","1999","0.810665326884174","81.0665326884174"
"350624","诏安县","Zhao'an County","漳州市","Zhangzhou City","福建省","Fujian Province","2000","0.871314101408356","87.1314101408356"
"350624","诏安县","Zhao'an County","漳州市","Zhangzhou City","福建省","Fujian Province","2001","0.830274691688515","83.0274691688515"
"350624","诏安县","Zhao'an County","漳州市","Zhangzhou City","福建省","Fujian Province","2002","0.888967773594044","88.8967773594044"
"350624","诏安县","Zhao'an County","漳州市","Zhangzhou City","福建省","Fujian Province","2003","1.01782196927619","101.782196927619"
"350624","诏安县","Zhao'an County","漳州市","Zhangzhou City","福建省","Fujian Province","2004","1.10637438597617","110.637438597617"
"350624","诏安县","Zhao'an County","漳州市","Zhangzhou City","福建省","Fujian Province","2005","1.27281063167833","127.281063167833"
"350624","诏安县","Zhao'an County","漳州市","Zhangzhou City","福建省","Fujian Province","2006","1.3974175711945","139.74175711945"
"350624","诏安县","Zhao'an County","漳州市","Zhangzhou City","福建省","Fujian Province","2007","1.43132161939488","143.132161939488"
"350624","诏安县","Zhao'an County","漳州市","Zhangzhou City","福建省","Fujian Province","2008","1.51019851488932","151.019851488932"
"350624","诏安县","Zhao'an County","漳州市","Zhangzhou City","福建省","Fujian Province","2009","1.65548609129763","165.548609129763"
"350624","诏安县","Zhao'an County","漳州市","Zhangzhou City","福建省","Fujian Province","2010","1.83322453182788","183.322453182788"
"350624","诏安县","Zhao'an County","漳州市","Zhangzhou City","福建省","Fujian Province","2011","2.23968441474505","223.968441474505"
"350624","诏安县","Zhao'an County","漳州市","Zhangzhou City","福建省","Fujian Province","2012","2.28273424024848","228.273424024848"
"350624","诏安县","Zhao'an County","漳州市","Zhangzhou City","福建省","Fujian Province","2013","2.31903958081182","231.903958081182"
"350624","诏安县","Zhao'an County","漳州市","Zhangzhou City","福建省","Fujian Province","2014","2.5439904157118","254.39904157118"
"350624","诏安县","Zhao'an County","漳州市","Zhangzhou City","福建省","Fujian Province","2015","2.37345264153239","237.345264153239"
"350624","诏安县","Zhao'an County","漳州市","Zhangzhou City","福建省","Fujian Province","2016","2.53631132709435","253.631132709435"
"350624","诏安县","Zhao'an County","漳州市","Zhangzhou City","福建省","Fujian Province","2017","2.75094555625096","275.094555625096"
"350625","长泰县","Changtai County","漳州市","Zhangzhou City","福建省","Fujian Province","1997","0.604685525157902","60.4685525157902"
"350625","长泰县","Changtai County","漳州市","Zhangzhou City","福建省","Fujian Province","1998","0.572385170846961","57.2385170846961"
"350625","长泰县","Changtai County","漳州市","Zhangzhou City","福建省","Fujian Province","1999","0.628622003262735","62.8622003262735"
"350625","长泰县","Changtai County","漳州市","Zhangzhou City","福建省","Fujian Province","2000","0.674102088241835","67.4102088241835"
"350625","长泰县","Changtai County","漳州市","Zhangzhou City","福建省","Fujian Province","2001","0.644690675703581","64.4690675703581"
"350625","长泰县","Changtai County","漳州市","Zhangzhou City","福建省","Fujian Province","2002","0.69556403833352","69.556403833352"
"350625","长泰县","Changtai County","漳州市","Zhangzhou City","福建省","Fujian Province","2003","0.802195951314324","80.2195951314324"
"350625","长泰县","Changtai County","漳州市","Zhangzhou City","福建省","Fujian Province","2004","0.873845666229424","87.3845666229424"
"350625","长泰县","Changtai County","漳州市","Zhangzhou City","福建省","Fujian Province","2005","1.02825465819204","102.825465819204"
"350625","长泰县","Changtai County","漳州市","Zhangzhou City","福建省","Fujian Province","2006","1.15374659671402","115.374659671402"
"350625","长泰县","Changtai County","漳州市","Zhangzhou City","福建省","Fujian Province","2007","1.26653839120718","126.653839120718"
"350625","长泰县","Changtai County","漳州市","Zhangzhou City","福建省","Fujian Province","2008","1.39120567819792","139.120567819792"
"350625","长泰县","Changtai County","漳州市","Zhangzhou City","福建省","Fujian Province","2009","1.53159543370188","153.159543370188"
"350625","长泰县","Changtai County","漳州市","Zhangzhou City","福建省","Fujian Province","2010","1.78569190385881","178.569190385881"
"350625","长泰县","Changtai County","漳州市","Zhangzhou City","福建省","Fujian Province","2011","2.51897223982898","251.897223982898"
"350625","长泰县","Changtai County","漳州市","Zhangzhou City","福建省","Fujian Province","2012","3.20549958042821","320.549958042821"
"350625","长泰县","Changtai County","漳州市","Zhangzhou City","福建省","Fujian Province","2013","3.34444968399199","334.444968399199"
"350625","长泰县","Changtai County","漳州市","Zhangzhou City","福建省","Fujian Province","2014","3.70118346166593","370.118346166593"
"350625","长泰县","Changtai County","漳州市","Zhangzhou City","福建省","Fujian Province","2015","3.3178863715938","331.78863715938"
"350625","长泰县","Changtai County","漳州市","Zhangzhou City","福建省","Fujian Province","2016","3.32517296370092","332.517296370092"
"350625","长泰县","Changtai County","漳州市","Zhangzhou City","福建省","Fujian Province","2017","3.25591224081531","325.591224081531"
"350626","东山县","Dongshan County","漳州市","Zhangzhou City","福建省","Fujian Province","1997","0.395003583252378","39.5003583252378"
"350626","东山县","Dongshan County","漳州市","Zhangzhou City","福建省","Fujian Province","1998","0.367025605733929","36.7025605733929"
"350626","东山县","Dongshan County","漳州市","Zhangzhou City","福建省","Fujian Province","1999","0.414797046762585","41.4797046762585"
"350626","东山县","Dongshan County","漳州市","Zhangzhou City","福建省","Fujian Province","2000","0.432794492143701","43.2794492143701"
"350626","东山县","Dongshan County","漳州市","Zhangzhou City","福建省","Fujian Province","2001","0.410803970626677","41.0803970626677"
"350626","东山县","Dongshan County","漳州市","Zhangzhou City","福建省","Fujian Province","2002","0.439128659245251","43.9128659245251"
"350626","东山县","Dongshan County","漳州市","Zhangzhou City","福建省","Fujian Province","2003","0.501494904850957","50.1494904850957"
"350626","东山县","Dongshan County","漳州市","Zhangzhou City","福建省","Fujian Province","2004","0.545811363748242","54.5811363748242"
"350626","东山县","Dongshan County","漳州市","Zhangzhou City","福建省","Fujian Province","2005","0.627833611475198","62.7833611475198"
"350626","东山县","Dongshan County","漳州市","Zhangzhou City","福建省","Fujian Province","2006","0.690177425751157","69.0177425751157"
"350626","东山县","Dongshan County","漳州市","Zhangzhou City","福建省","Fujian Province","2007","0.709488786287316","70.9488786287316"
"350626","东山县","Dongshan County","漳州市","Zhangzhou City","福建省","Fujian Province","2008","0.830268909046074","83.0268909046074"
"350626","东山县","Dongshan County","漳州市","Zhangzhou City","福建省","Fujian Province","2009","0.912593477809107","91.2593477809107"
"350626","东山县","Dongshan County","漳州市","Zhangzhou City","福建省","Fujian Province","2010","1.0127915678201","101.27915678201"
"350626","东山县","Dongshan County","漳州市","Zhangzhou City","福建省","Fujian Province","2011","1.2692583612587","126.92583612587"
"350626","东山县","Dongshan County","漳州市","Zhangzhou City","福建省","Fujian Province","2012","1.38909695095398","138.909695095398"
"350626","东山县","Dongshan County","漳州市","Zhangzhou City","福建省","Fujian Province","2013","1.40829468995046","140.829468995046"
"350626","东山县","Dongshan County","漳州市","Zhangzhou City","福建省","Fujian Province","2014","1.4142551382872","141.42551382872"
"350626","东山县","Dongshan County","漳州市","Zhangzhou City","福建省","Fujian Province","2015","1.322394831637","132.2394831637"
"350626","东山县","Dongshan County","漳州市","Zhangzhou City","福建省","Fujian Province","2016","1.36090969630918","136.090969630918"
"350626","东山县","Dongshan County","漳州市","Zhangzhou City","福建省","Fujian Province","2017","1.38539477854856","138.539477854856"
"350627","南靖县","Nanjing County","漳州市","Zhangzhou City","福建省","Fujian Province","1997","0.871732045798352","87.1732045798352"
"350627","南靖县","Nanjing County","漳州市","Zhangzhou City","福建省","Fujian Province","1998","0.840978975572221","84.0978975572221"
"350627","南靖县","Nanjing County","漳州市","Zhangzhou City","福建省","Fujian Province","1999","0.960109107957229","96.0109107957229"
"350627","南靖县","Nanjing County","漳州市","Zhangzhou City","福建省","Fujian Province","2000","1.01066588835246","101.066588835246"
"350627","南靖县","Nanjing County","漳州市","Zhangzhou City","福建省","Fujian Province","2001","0.964898215114698","96.4898215114698"
"350627","南靖县","Nanjing County","漳州市","Zhangzhou City","福建省","Fujian Province","2002","1.04433092693509","104.433092693509"
"350627","南靖县","Nanjing County","漳州市","Zhangzhou City","福建省","Fujian Province","2003","1.23974465875544","123.974465875544"
"350627","南靖县","Nanjing County","漳州市","Zhangzhou City","福建省","Fujian Province","2004","1.34757160606664","134.757160606664"
"350627","南靖县","Nanjing County","漳州市","Zhangzhou City","福建省","Fujian Province","2005","1.55007902794141","155.007902794141"
"350627","南靖县","Nanjing County","漳州市","Zhangzhou City","福建省","Fujian Province","2006","1.70224593423459","170.224593423459"
"350627","南靖县","Nanjing County","漳州市","Zhangzhou City","福建省","Fujian Province","2007","1.74384153492326","174.384153492326"
"350627","南靖县","Nanjing County","漳州市","Zhangzhou City","福建省","Fujian Province","2008","1.87810704289185","187.810704289185"
"350627","南靖县","Nanjing County","漳州市","Zhangzhou City","福建省","Fujian Province","2009","2.05559198550029","205.559198550029"
"350627","南靖县","Nanjing County","漳州市","Zhangzhou City","福建省","Fujian Province","2010","2.27810022172588","227.810022172588"
"350627","南靖县","Nanjing County","漳州市","Zhangzhou City","福建省","Fujian Province","2011","2.66768026028442","266.768026028442"
"350627","南靖县","Nanjing County","漳州市","Zhangzhou City","福建省","Fujian Province","2012","2.69674847807353","269.674847807353"
"350627","南靖县","Nanjing County","漳州市","Zhangzhou City","福建省","Fujian Province","2013","2.72908924281973","272.908924281973"
"350627","南靖县","Nanjing County","漳州市","Zhangzhou City","福建省","Fujian Province","2014","2.7196790443742","271.96790443742"
"350627","南靖县","Nanjing County","漳州市","Zhangzhou City","福建省","Fujian Province","2015","2.40876120519579","240.876120519579"
"350627","南靖县","Nanjing County","漳州市","Zhangzhou City","福建省","Fujian Province","2016","2.48738287137959","248.738287137959"
"350627","南靖县","Nanjing County","漳州市","Zhangzhou City","福建省","Fujian Province","2017","2.68072883058023","268.072883058023"
"350628","平和县","Pinghe County","漳州市","Zhangzhou City","福建省","Fujian Province","1997","0.515364423109453","51.5364423109453"
"350628","平和县","Pinghe County","漳州市","Zhangzhou City","福建省","Fujian Province","1998","0.52772067914389","52.772067914389"
"350628","平和县","Pinghe County","漳州市","Zhangzhou City","福建省","Fujian Province","1999","0.630958888033228","63.0958888033228"
"350628","平和县","Pinghe County","漳州市","Zhangzhou City","福建省","Fujian Province","2000","0.674711143254702","67.4711143254702"
"350628","平和县","Pinghe County","漳州市","Zhangzhou City","福建省","Fujian Province","2001","0.641455088874454","64.1455088874454"
"350628","平和县","Pinghe County","漳州市","Zhangzhou City","福建省","Fujian Province","2002","0.68866995228986","68.866995228986"
"350628","平和县","Pinghe County","漳州市","Zhangzhou City","福建省","Fujian Province","2003","0.786804087605171","78.6804087605171"
"350628","平和县","Pinghe County","漳州市","Zhangzhou City","福建省","Fujian Province","2004","0.855900349728367","85.5900349728367"
"350628","平和县","Pinghe County","漳州市","Zhangzhou City","福建省","Fujian Province","2005","0.984521472661581","98.4521472661581"
"350628","平和县","Pinghe County","漳州市","Zhangzhou City","福建省","Fujian Province","2006","1.1008329940731","110.08329940731"
"350628","平和县","Pinghe County","漳州市","Zhangzhou City","福建省","Fujian Province","2007","1.14211823674918","114.211823674918"
"350628","平和县","Pinghe County","漳州市","Zhangzhou City","福建省","Fujian Province","2008","1.24437222980229","124.437222980229"
"350628","平和县","Pinghe County","漳州市","Zhangzhou City","福建省","Fujian Province","2009","1.36415122981109","136.415122981109"
"350628","平和县","Pinghe County","漳州市","Zhangzhou City","福建省","Fujian Province","2010","1.52871863390103","152.871863390103"
"350628","平和县","Pinghe County","漳州市","Zhangzhou City","福建省","Fujian Province","2011","1.94311813395106","194.311813395106"
"350628","平和县","Pinghe County","漳州市","Zhangzhou City","福建省","Fujian Province","2012","2.07572712133596","207.572712133596"
"350628","平和县","Pinghe County","漳州市","Zhangzhou City","福建省","Fujian Province","2013","2.12516672806331","212.516672806331"
"350628","平和县","Pinghe County","漳州市","Zhangzhou City","福建省","Fujian Province","2014","2.12644266458971","212.644266458971"
"350628","平和县","Pinghe County","漳州市","Zhangzhou City","福建省","Fujian Province","2015","1.8862324885076","188.62324885076"
"350628","平和县","Pinghe County","漳州市","Zhangzhou City","福建省","Fujian Province","2016","1.8787830248746","187.87830248746"
"350628","平和县","Pinghe County","漳州市","Zhangzhou City","福建省","Fujian Province","2017","1.85295096803032","185.295096803032"
"350629","华安县","Hua'an County","漳州市","Zhangzhou City","福建省","Fujian Province","1997","0.322446559007744","32.2446559007744"
"350629","华安县","Hua'an County","漳州市","Zhangzhou City","福建省","Fujian Province","1998","0.32272522673496","32.272522673496"
"350629","华安县","Hua'an County","漳州市","Zhangzhou City","福建省","Fujian Province","1999","0.3561412390232","35.61412390232"
"350629","华安县","Hua'an County","漳州市","Zhangzhou City","福建省","Fujian Province","2000","0.383704658106574","38.3704658106574"
"350629","华安县","Hua'an County","漳州市","Zhangzhou City","福建省","Fujian Province","2001","0.366545765071116","36.6545765071116"
"350629","华安县","Hua'an County","漳州市","Zhangzhou City","福建省","Fujian Province","2002","0.39862590373875","39.862590373875"
"350629","华安县","Hua'an County","漳州市","Zhangzhou City","福建省","Fujian Province","2003","0.469731695196614","46.9731695196614"
"350629","华安县","Hua'an County","漳州市","Zhangzhou City","福建省","Fujian Province","2004","0.512049836093712","51.2049836093712"
"350629","华安县","Hua'an County","漳州市","Zhangzhou City","福建省","Fujian Province","2005","0.588998542724155","58.8998542724155"
"350629","华安县","Hua'an County","漳州市","Zhangzhou City","福建省","Fujian Province","2006","0.646466188786917","64.6466188786917"
"350629","华安县","Hua'an County","漳州市","Zhangzhou City","福建省","Fujian Province","2007","0.676179453597771","67.6179453597771"
"350629","华安县","Hua'an County","漳州市","Zhangzhou City","福建省","Fujian Province","2008","0.719525142489258","71.9525142489258"
"350629","华安县","Hua'an County","漳州市","Zhangzhou City","福建省","Fujian Province","2009","0.787348823955483","78.7348823955483"
"350629","华安县","Hua'an County","漳州市","Zhangzhou City","福建省","Fujian Province","2010","0.876135262409029","87.6135262409029"
"350629","华安县","Hua'an County","漳州市","Zhangzhou City","福建省","Fujian Province","2011","1.11006996602831","111.006996602831"
"350629","华安县","Hua'an County","漳州市","Zhangzhou City","福建省","Fujian Province","2012","1.14051873029263","114.051873029263"
"350629","华安县","Hua'an County","漳州市","Zhangzhou City","福建省","Fujian Province","2013","1.15837599776433","115.837599776433"
"350629","华安县","Hua'an County","漳州市","Zhangzhou City","福建省","Fujian Province","2014","1.13827276568957","113.827276568957"
"350629","华安县","Hua'an County","漳州市","Zhangzhou City","福建省","Fujian Province","2015","1.06702512989101","106.702512989101"
"350629","华安县","Hua'an County","漳州市","Zhangzhou City","福建省","Fujian Province","2016","1.10348827991499","110.348827991499"
"350629","华安县","Hua'an County","漳州市","Zhangzhou City","福建省","Fujian Province","2017","1.16360078882447","116.360078882447"
"350681","龙海市","Longhai  City","漳州市","Zhangzhou City","福建省","Fujian Province","1997","2.39817991145036","239.817991145036"
"350681","龙海市","Longhai  City","漳州市","Zhangzhou City","福建省","Fujian Province","1998","2.26793666294451","226.793666294451"
"350681","龙海市","Longhai  City","漳州市","Zhangzhou City","福建省","Fujian Province","1999","2.47943474149354","247.943474149354"
"350681","龙海市","Longhai  City","漳州市","Zhangzhou City","福建省","Fujian Province","2000","2.62417442844124","262.417442844124"
"350681","龙海市","Longhai  City","漳州市","Zhangzhou City","福建省","Fujian Province","2001","2.51717099638844","251.717099638844"
"350681","龙海市","Longhai  City","漳州市","Zhangzhou City","福建省","Fujian Province","2002","2.71368461893554","271.368461893554"
"350681","龙海市","Longhai  City","漳州市","Zhangzhou City","福建省","Fujian Province","2003","3.20500580234687","320.500580234687"
"350681","龙海市","Longhai  City","漳州市","Zhangzhou City","福建省","Fujian Province","2004","3.54708950907328","354.708950907328"
"350681","龙海市","Longhai  City","漳州市","Zhangzhou City","福建省","Fujian Province","2005","4.09709975323506","409.709975323506"
"350681","龙海市","Longhai  City","漳州市","Zhangzhou City","福建省","Fujian Province","2006","4.63856744890257","463.856744890257"
"350681","龙海市","Longhai  City","漳州市","Zhangzhou City","福建省","Fujian Province","2007","4.98013711158926","498.013711158926"
"350681","龙海市","Longhai  City","漳州市","Zhangzhou City","福建省","Fujian Province","2008","5.28703527600949","528.703527600949"
"350681","龙海市","Longhai  City","漳州市","Zhangzhou City","福建省","Fujian Province","2009","5.81699358988263","581.699358988263"
"350681","龙海市","Longhai  City","漳州市","Zhangzhou City","福建省","Fujian Province","2010","6.5850019341107","658.50019341107"
"350681","龙海市","Longhai  City","漳州市","Zhangzhou City","福建省","Fujian Province","2011","7.84413563899516","784.413563899516"
"350681","龙海市","Longhai  City","漳州市","Zhangzhou City","福建省","Fujian Province","2012","7.99352899341719","799.352899341719"
"350681","龙海市","Longhai  City","漳州市","Zhangzhou City","福建省","Fujian Province","2013","8.18469419501563","818.469419501563"
"350681","龙海市","Longhai  City","漳州市","Zhangzhou City","福建省","Fujian Province","2014","9.24380165669757","924.380165669757"
"350681","龙海市","Longhai  City","漳州市","Zhangzhou City","福建省","Fujian Province","2015","8.82686564666792","882.686564666792"
"350681","龙海市","Longhai  City","漳州市","Zhangzhou City","福建省","Fujian Province","2016","9.68513752206195","968.513752206195"
"350681","龙海市","Longhai  City","漳州市","Zhangzhou City","福建省","Fujian Province","2017","10.1969578229924","1019.69578229924"
"350702","延平区","Yanping District","南平市","Nanping City","福建省","Fujian Province","1997","1.21644339563929","121.644339563929"
"350702","延平区","Yanping District","南平市","Nanping City","福建省","Fujian Province","1998","1.13311873516269","113.311873516269"
"350702","延平区","Yanping District","南平市","Nanping City","福建省","Fujian Province","1999","1.16540443504508","116.540443504508"
"350702","延平区","Yanping District","南平市","Nanping City","福建省","Fujian Province","2000","1.21981537977118","121.981537977118"
"350702","延平区","Yanping District","南平市","Nanping City","福建省","Fujian Province","2001","1.16677572191774","116.677572191774"
"350702","延平区","Yanping District","南平市","Nanping City","福建省","Fujian Province","2002","1.30310537093103","130.310537093103"
"350702","延平区","Yanping District","南平市","Nanping City","福建省","Fujian Province","2003","1.49762833890061","149.762833890061"
"350702","延平区","Yanping District","南平市","Nanping City","福建省","Fujian Province","2004","1.6283093540408","162.83093540408"
"350702","延平区","Yanping District","南平市","Nanping City","福建省","Fujian Province","2005","1.87335473538253","187.335473538253"
"350702","延平区","Yanping District","南平市","Nanping City","福建省","Fujian Province","2006","2.05749559254484","205.749559254484"
"350702","延平区","Yanping District","南平市","Nanping City","福建省","Fujian Province","2007","2.12160855507292","212.160855507292"
"350702","延平区","Yanping District","南平市","Nanping City","福建省","Fujian Province","2008","2.25921408310972","225.921408310972"
"350702","延平区","Yanping District","南平市","Nanping City","福建省","Fujian Province","2009","2.47239716688343","247.239716688343"
"350702","延平区","Yanping District","南平市","Nanping City","福建省","Fujian Province","2010","2.72198564854119","272.198564854119"
"350702","延平区","Yanping District","南平市","Nanping City","福建省","Fujian Province","2011","3.17045499610995","317.045499610995"
"350702","延平区","Yanping District","南平市","Nanping City","福建省","Fujian Province","2012","3.22388136011307","322.388136011307"
"350702","延平区","Yanping District","南平市","Nanping City","福建省","Fujian Province","2013","3.27210479941179","327.210479941179"
"350702","延平区","Yanping District","南平市","Nanping City","福建省","Fujian Province","2014","3.1354110533593","313.54110533593"
"350702","延平区","Yanping District","南平市","Nanping City","福建省","Fujian Province","2015","2.75463008063473","275.463008063473"
"350702","延平区","Yanping District","南平市","Nanping City","福建省","Fujian Province","2016","2.77162120683581","277.162120683581"
"350702","延平区","Yanping District","南平市","Nanping City","福建省","Fujian Province","2017","2.7854904016322","278.54904016322"
"350721","顺昌县","Shunchang County","南平市","Nanping City","福建省","Fujian Province","1997","0.411898630414035","41.1898630414035"
"350721","顺昌县","Shunchang County","南平市","Nanping City","福建省","Fujian Province","1998","0.40185905442627","40.185905442627"
"350721","顺昌县","Shunchang County","南平市","Nanping City","福建省","Fujian Province","1999","0.418886595110949","41.8886595110949"
"350721","顺昌县","Shunchang County","南平市","Nanping City","福建省","Fujian Province","2000","0.437545121244068","43.7545121244068"
"350721","顺昌县","Shunchang County","南平市","Nanping City","福建省","Fujian Province","2001","0.415541794197899","41.5541794197899"
"350721","顺昌县","Shunchang County","南平市","Nanping City","福建省","Fujian Province","2002","0.442698810946431","44.2698810946431"
"350721","顺昌县","Shunchang County","南平市","Nanping City","福建省","Fujian Province","2003","0.503313943289312","50.3313943289312"
"350721","顺昌县","Shunchang County","南平市","Nanping City","福建省","Fujian Province","2004","0.547027995375433","54.7027995375433"
"350721","顺昌县","Shunchang County","南平市","Nanping City","福建省","Fujian Province","2005","0.629233073412173","62.9233073412173"
"350721","顺昌县","Shunchang County","南平市","Nanping City","福建省","Fujian Province","2006","0.689602277896364","68.9602277896364"
"350721","顺昌县","Shunchang County","南平市","Nanping City","福建省","Fujian Province","2007","0.704786292260557","70.4786292260557"
"350721","顺昌县","Shunchang County","南平市","Nanping City","福建省","Fujian Province","2008","0.74179763185264","74.179763185264"
"350721","顺昌县","Shunchang County","南平市","Nanping City","福建省","Fujian Province","2009","0.811720756597269","81.1720756597269"
"350721","顺昌县","Shunchang County","南平市","Nanping City","福建省","Fujian Province","2010","0.890989208649363","89.0989208649363"
"350721","顺昌县","Shunchang County","南平市","Nanping City","福建省","Fujian Province","2011","1.04832073086777","104.832073086777"
"350721","顺昌县","Shunchang County","南平市","Nanping City","福建省","Fujian Province","2012","1.05030661153157","105.030661153157"
"350721","顺昌县","Shunchang County","南平市","Nanping City","福建省","Fujian Province","2013","1.07116180884354","107.116180884354"
"350721","顺昌县","Shunchang County","南平市","Nanping City","福建省","Fujian Province","2014","1.01161716643745","101.161716643745"
"350721","顺昌县","Shunchang County","南平市","Nanping City","福建省","Fujian Province","2015","0.897301023661142","89.7301023661142"
"350721","顺昌县","Shunchang County","南平市","Nanping City","福建省","Fujian Province","2016","0.917694471685627","91.7694471685627"
"350721","顺昌县","Shunchang County","南平市","Nanping City","福建省","Fujian Province","2017","0.944701491068686","94.4701491068686"
"350722","浦城县","Pucheng County","南平市","Nanping City","福建省","Fujian Province","1997","0.247139178248421","24.7139178248421"
"350722","浦城县","Pucheng County","南平市","Nanping City","福建省","Fujian Province","1998","0.252694216646177","25.2694216646177"
"350722","浦城县","Pucheng County","南平市","Nanping City","福建省","Fujian Province","1999","0.267456461982974","26.7456461982974"
"350722","浦城县","Pucheng County","南平市","Nanping City","福建省","Fujian Province","2000","0.281992470957688","28.1992470957688"
"350722","浦城县","Pucheng County","南平市","Nanping City","福建省","Fujian Province","2001","0.274100427096055","27.4100427096055"
"350722","浦城县","Pucheng County","南平市","Nanping City","福建省","Fujian Province","2002","0.297184351953472","29.7184351953472"
"350722","浦城县","Pucheng County","南平市","Nanping City","福建省","Fujian Province","2003","0.340160187972287","34.0160187972287"
"350722","浦城县","Pucheng County","南平市","Nanping City","福建省","Fujian Province","2004","0.370920567339639","37.0920567339639"
"350722","浦城县","Pucheng County","南平市","Nanping City","福建省","Fujian Province","2005","0.43435799868847","43.435799868847"
"350722","浦城县","Pucheng County","南平市","Nanping City","福建省","Fujian Province","2006","0.481207038509834","48.1207038509834"
"350722","浦城县","Pucheng County","南平市","Nanping City","福建省","Fujian Province","2007","0.504538421621055","50.4538421621055"
"350722","浦城县","Pucheng County","南平市","Nanping City","福建省","Fujian Province","2008","0.545882216156224","54.5882216156224"
"350722","浦城县","Pucheng County","南平市","Nanping City","福建省","Fujian Province","2009","0.597338015766742","59.7338015766742"
"350722","浦城县","Pucheng County","南平市","Nanping City","福建省","Fujian Province","2010","0.660505476153515","66.0505476153515"
"350722","浦城县","Pucheng County","南平市","Nanping City","福建省","Fujian Province","2011","0.772998452995984","77.2998452995984"
"350722","浦城县","Pucheng County","南平市","Nanping City","福建省","Fujian Province","2012","0.774862712869282","77.4862712869282"
"350722","浦城县","Pucheng County","南平市","Nanping City","福建省","Fujian Province","2013","0.814094412647503","81.4094412647503"
"350722","浦城县","Pucheng County","南平市","Nanping City","福建省","Fujian Province","2014","0.762950991651458","76.2950991651458"
"350722","浦城县","Pucheng County","南平市","Nanping City","福建省","Fujian Province","2015","0.661265636475652","66.1265636475652"
"350722","浦城县","Pucheng County","南平市","Nanping City","福建省","Fujian Province","2016","0.662222631218072","66.2222631218072"
"350722","浦城县","Pucheng County","南平市","Nanping City","福建省","Fujian Province","2017","0.643200080838233","64.3200080838233"
"350723","光泽县","Guangze County","南平市","Nanping City","福建省","Fujian Province","1997","0.154936750327442","15.4936750327442"
"350723","光泽县","Guangze County","南平市","Nanping City","福建省","Fujian Province","1998","0.146009194344549","14.6009194344549"
"350723","光泽县","Guangze County","南平市","Nanping City","福建省","Fujian Province","1999","0.145587921201741","14.5587921201741"
"350723","光泽县","Guangze County","南平市","Nanping City","福建省","Fujian Province","2000","0.1517765092066","15.17765092066"
"350723","光泽县","Guangze County","南平市","Nanping City","福建省","Fujian Province","2001","0.143983613896157","14.3983613896157"
"350723","光泽县","Guangze County","南平市","Nanping City","福建省","Fujian Province","2002","0.1617648046673","16.17648046673"
"350723","光泽县","Guangze County","南平市","Nanping City","福建省","Fujian Province","2003","0.186661328981913","18.6661328981913"
"350723","光泽县","Guangze County","南平市","Nanping City","福建省","Fujian Province","2004","0.203025402787379","20.3025402787379"
"350723","光泽县","Guangze County","南平市","Nanping City","福建省","Fujian Province","2005","0.233885076216868","23.3885076216868"
"350723","光泽县","Guangze County","南平市","Nanping City","福建省","Fujian Province","2006","0.256324227285916","25.6324227285916"
"350723","光泽县","Guangze County","南平市","Nanping City","福建省","Fujian Province","2007","0.264319351754098","26.4319351754098"
"350723","光泽县","Guangze County","南平市","Nanping City","福建省","Fujian Province","2008","0.282530652109568","28.2530652109568"
"350723","光泽县","Guangze County","南平市","Nanping City","福建省","Fujian Province","2009","0.309162478881918","30.9162478881918"
"350723","光泽县","Guangze County","南平市","Nanping City","福建省","Fujian Province","2010","0.339165105820958","33.9165105820958"
"350723","光泽县","Guangze County","南平市","Nanping City","福建省","Fujian Province","2011","0.389473386907101","38.9473386907101"
"350723","光泽县","Guangze County","南平市","Nanping City","福建省","Fujian Province","2012","0.388845339487322","38.8845339487322"
"350723","光泽县","Guangze County","南平市","Nanping City","福建省","Fujian Province","2013","0.393178720544544","39.3178720544544"
"350723","光泽县","Guangze County","南平市","Nanping City","福建省","Fujian Province","2014","0.369290959120736","36.9290959120736"
"350723","光泽县","Guangze County","南平市","Nanping City","福建省","Fujian Province","2015","0.321332865213881","32.1332865213881"
"350723","光泽县","Guangze County","南平市","Nanping City","福建省","Fujian Province","2016","0.321097342234631","32.1097342234631"
"350723","光泽县","Guangze County","南平市","Nanping City","福建省","Fujian Province","2017","0.31183553771184","31.183553771184"
"350724","松溪县","Songxi County","南平市","Nanping City","福建省","Fujian Province","1997","0.13267195949425","13.267195949425"
"350724","松溪县","Songxi County","南平市","Nanping City","福建省","Fujian Province","1998","0.129381380857265","12.9381380857265"
"350724","松溪县","Songxi County","南平市","Nanping City","福建省","Fujian Province","1999","0.139395176559934","13.9395176559934"
"350724","松溪县","Songxi County","南平市","Nanping City","福建省","Fujian Province","2000","0.146051392085645","14.6051392085645"
"350724","松溪县","Songxi County","南平市","Nanping City","福建省","Fujian Province","2001","0.140170243704686","14.0170243704686"
"350724","松溪县","Songxi County","南平市","Nanping City","福建省","Fujian Province","2002","0.152039218998566","15.2039218998566"
"350724","松溪县","Songxi County","南平市","Nanping City","福建省","Fujian Province","2003","0.183163178138924","18.3163178138924"
"350724","松溪县","Songxi County","南平市","Nanping City","福建省","Fujian Province","2004","0.20165669220679","20.165669220679"
"350724","松溪县","Songxi County","南平市","Nanping City","福建省","Fujian Province","2005","0.232835479764137","23.2835479764137"
"350724","松溪县","Songxi County","南平市","Nanping City","福建省","Fujian Province","2006","0.255365647527928","25.5365647527928"
"350724","松溪县","Songxi County","南平市","Nanping City","福建省","Fujian Province","2007","0.264907163507443","26.4907163507443"
"350724","松溪县","Songxi County","南平市","Nanping City","福建省","Fujian Province","2008","0.290367268737425","29.0367268737425"
"350724","松溪县","Songxi County","南平市","Nanping City","福建省","Fujian Province","2009","0.317737788515139","31.7737788515139"
"350724","松溪县","Songxi County","南平市","Nanping City","福建省","Fujian Province","2010","0.35599957822667","35.599957822667"
"350724","松溪县","Songxi County","南平市","Nanping City","福建省","Fujian Province","2011","0.422897284838037","42.2897284838037"
"350724","松溪县","Songxi County","南平市","Nanping City","福建省","Fujian Province","2012","0.448515424310467","44.8515424310467"
"350724","松溪县","Songxi County","南平市","Nanping City","福建省","Fujian Province","2013","0.459518693756424","45.9518693756424"
"350724","松溪县","Songxi County","南平市","Nanping City","福建省","Fujian Province","2014","0.434590108499494","43.4590108499494"
"350724","松溪县","Songxi County","南平市","Nanping City","福建省","Fujian Province","2015","0.388592576247254","38.8592576247254"
"350724","松溪县","Songxi County","南平市","Nanping City","福建省","Fujian Province","2016","0.416253601696563","41.6253601696563"
"350724","松溪县","Songxi County","南平市","Nanping City","福建省","Fujian Province","2017","0.428189705337068","42.8189705337068"
"350725","政和县","Zhenghe County","南平市","Nanping City","福建省","Fujian Province","1997","0.156115474548022","15.6115474548022"
"350725","政和县","Zhenghe County","南平市","Nanping City","福建省","Fujian Province","1998","0.159724106199025","15.9724106199025"
"350725","政和县","Zhenghe County","南平市","Nanping City","福建省","Fujian Province","1999","0.179706438850945","17.9706438850945"
"350725","政和县","Zhenghe County","南平市","Nanping City","福建省","Fujian Province","2000","0.189294297999243","18.9294297999243"
"350725","政和县","Zhenghe County","南平市","Nanping City","福建省","Fujian Province","2001","0.182348429155808","18.2348429155808"
"350725","政和县","Zhenghe County","南平市","Nanping City","福建省","Fujian Province","2002","0.196235234885598","19.6235234885598"
"350725","政和县","Zhenghe County","南平市","Nanping City","福建省","Fujian Province","2003","0.225140988254796","22.5140988254796"
"350725","政和县","Zhenghe County","南平市","Nanping City","福建省","Fujian Province","2004","0.245151272878843","24.5151272878843"
"350725","政和县","Zhenghe County","南平市","Nanping City","福建省","Fujian Province","2005","0.282341445784611","28.2341445784611"
"350725","政和县","Zhenghe County","南平市","Nanping City","福建省","Fujian Province","2006","0.310196409684826","31.0196409684826"
"350725","政和县","Zhenghe County","南平市","Nanping City","福建省","Fujian Province","2007","0.320161468321865","32.0161468321865"
"350725","政和县","Zhenghe County","南平市","Nanping City","福建省","Fujian Province","2008","0.3371807417512","33.71807417512"
"350725","政和县","Zhenghe County","南平市","Nanping City","福建省","Fujian Province","2009","0.370317976529363","37.0317976529363"
"350725","政和县","Zhenghe County","南平市","Nanping City","福建省","Fujian Province","2010","0.431259572511028","43.1259572511028"
"350725","政和县","Zhenghe County","南平市","Nanping City","福建省","Fujian Province","2011","0.536198633756467","53.6198633756467"
"350725","政和县","Zhenghe County","南平市","Nanping City","福建省","Fujian Province","2012","0.60829550926344","60.829550926344"
"350725","政和县","Zhenghe County","南平市","Nanping City","福建省","Fujian Province","2013","0.657108872590082","65.7108872590082"
"350725","政和县","Zhenghe County","南平市","Nanping City","福建省","Fujian Province","2014","0.62490717615861","62.490717615861"
"350725","政和县","Zhenghe County","南平市","Nanping City","福建省","Fujian Province","2015","0.544422410646175","54.4422410646175"
"350725","政和县","Zhenghe County","南平市","Nanping City","福建省","Fujian Province","2016","0.544913447652653","54.4913447652653"
"350725","政和县","Zhenghe County","南平市","Nanping City","福建省","Fujian Province","2017","0.532352856221472","53.2352856221472"
"350781","邵武市","Shaowu City","南平市","Nanping City","福建省","Fujian Province","1997","0.483538869153773","48.3538869153773"
"350781","邵武市","Shaowu City","南平市","Nanping City","福建省","Fujian Province","1998","0.472132806317786","47.2132806317786"
"350781","邵武市","Shaowu City","南平市","Nanping City","福建省","Fujian Province","1999","0.487474163124931","48.7474163124931"
"350781","邵武市","Shaowu City","南平市","Nanping City","福建省","Fujian Province","2000","0.510631722788177","51.0631722788177"
"350781","邵武市","Shaowu City","南平市","Nanping City","福建省","Fujian Province","2001","0.48626247774882","48.626247774882"
"350781","邵武市","Shaowu City","南平市","Nanping City","福建省","Fujian Province","2002","0.519518626861496","51.9518626861496"
"350781","邵武市","Shaowu City","南平市","Nanping City","福建省","Fujian Province","2003","0.59608490364539","59.608490364539"
"350781","邵武市","Shaowu City","南平市","Nanping City","福建省","Fujian Province","2004","0.653027025894387","65.3027025894387"
"350781","邵武市","Shaowu City","南平市","Nanping City","福建省","Fujian Province","2005","0.753785185802906","75.3785185802906"
"350781","邵武市","Shaowu City","南平市","Nanping City","福建省","Fujian Province","2006","0.836456696820083","83.6456696820083"
"350781","邵武市","Shaowu City","南平市","Nanping City","福建省","Fujian Province","2007","0.866042649928179","86.6042649928179"
"350781","邵武市","Shaowu City","南平市","Nanping City","福建省","Fujian Province","2008","0.927814163387553","92.7814163387553"
"350781","邵武市","Shaowu City","南平市","Nanping City","福建省","Fujian Province","2009","1.01527152736478","101.527152736478"
"350781","邵武市","Shaowu City","南平市","Nanping City","福建省","Fujian Province","2010","1.12320590153992","112.320590153992"
"350781","邵武市","Shaowu City","南平市","Nanping City","福建省","Fujian Province","2011","1.31769468792133","131.769468792133"
"350781","邵武市","Shaowu City","南平市","Nanping City","福建省","Fujian Province","2012","1.31556983221456","131.556983221456"
"350781","邵武市","Shaowu City","南平市","Nanping City","福建省","Fujian Province","2013","1.33995307961581","133.995307961581"
"350781","邵武市","Shaowu City","南平市","Nanping City","福建省","Fujian Province","2014","1.25680975477284","125.680975477284"
"350781","邵武市","Shaowu City","南平市","Nanping City","福建省","Fujian Province","2015","1.10104661266616","110.104661266616"
"350781","邵武市","Shaowu City","南平市","Nanping City","福建省","Fujian Province","2016","1.10100473965983","110.100473965983"
"350781","邵武市","Shaowu City","南平市","Nanping City","福建省","Fujian Province","2017","1.07067767096027","107.067767096027"
"350782","武夷山市","Wuyishan City","南平市","Nanping City","福建省","Fujian Province","1997","0.478169125482239","47.8169125482239"
"350782","武夷山市","Wuyishan City","南平市","Nanping City","福建省","Fujian Province","1998","0.502839644363647","50.2839644363647"
"350782","武夷山市","Wuyishan City","南平市","Nanping City","福建省","Fujian Province","1999","0.531991818002831","53.1991818002831"
"350782","武夷山市","Wuyishan City","南平市","Nanping City","福建省","Fujian Province","2000","0.560452422840745","56.0452422840745"
"350782","武夷山市","Wuyishan City","南平市","Nanping City","福建省","Fujian Province","2001","0.553978687815552","55.3978687815552"
"350782","武夷山市","Wuyishan City","南平市","Nanping City","福建省","Fujian Province","2002","0.623668569592498","62.3668569592498"
"350782","武夷山市","Wuyishan City","南平市","Nanping City","福建省","Fujian Province","2003","0.822205374136223","82.2205374136223"
"350782","武夷山市","Wuyishan City","南平市","Nanping City","福建省","Fujian Province","2004","0.903501062142187","90.3501062142187"
"350782","武夷山市","Wuyishan City","南平市","Nanping City","福建省","Fujian Province","2005","1.04732232708331","104.732232708331"
"350782","武夷山市","Wuyishan City","南平市","Nanping City","福建省","Fujian Province","2006","1.15259630100443","115.259630100443"
"350782","武夷山市","Wuyishan City","南平市","Nanping City","福建省","Fujian Province","2007","1.20305472184593","120.305472184593"
"350782","武夷山市","Wuyishan City","南平市","Nanping City","福建省","Fujian Province","2008","1.31201460490589","131.201460490589"
"350782","武夷山市","Wuyishan City","南平市","Nanping City","福建省","Fujian Province","2009","1.43749269377943","143.749269377943"
"350782","武夷山市","Wuyishan City","南平市","Nanping City","福建省","Fujian Province","2010","1.58664902423833","158.664902423833"
"350782","武夷山市","Wuyishan City","南平市","Nanping City","福建省","Fujian Province","2011","1.92555642486871","192.555642486871"
"350782","武夷山市","Wuyishan City","南平市","Nanping City","福建省","Fujian Province","2012","1.95044822286841","195.044822286841"
"350782","武夷山市","Wuyishan City","南平市","Nanping City","福建省","Fujian Province","2013","1.98791161107322","198.791161107322"
"350782","武夷山市","Wuyishan City","南平市","Nanping City","福建省","Fujian Province","2014","1.90773994224891","190.773994224891"
"350782","武夷山市","Wuyishan City","南平市","Nanping City","福建省","Fujian Province","2015","1.68799708117502","168.799708117502"
"350782","武夷山市","Wuyishan City","南平市","Nanping City","福建省","Fujian Province","2016","1.70407960565637","170.407960565637"
"350782","武夷山市","Wuyishan City","南平市","Nanping City","福建省","Fujian Province","2017","1.65832802132247","165.832802132247"
"350783","建瓯市","Jian'ou City","南平市","Nanping City","福建省","Fujian Province","1997","0.578098745515914","57.8098745515914"
"350783","建瓯市","Jian'ou City","南平市","Nanping City","福建省","Fujian Province","1998","0.558670258992485","55.8670258992485"
"350783","建瓯市","Jian'ou City","南平市","Nanping City","福建省","Fujian Province","1999","0.617521800602891","61.7521800602891"
"350783","建瓯市","Jian'ou City","南平市","Nanping City","福建省","Fujian Province","2000","0.649496265721985","64.9496265721985"
"350783","建瓯市","Jian'ou City","南平市","Nanping City","福建省","Fujian Province","2001","0.62215712457216","62.215712457216"
"350783","建瓯市","Jian'ou City","南平市","Nanping City","福建省","Fujian Province","2002","0.678821257941775","67.8821257941775"
"350783","建瓯市","Jian'ou City","南平市","Nanping City","福建省","Fujian Province","2003","0.777289117312239","77.7289117312239"
"350783","建瓯市","Jian'ou City","南平市","Nanping City","福建省","Fujian Province","2004","0.844950665083654","84.4950665083654"
"350783","建瓯市","Jian'ou City","南平市","Nanping City","福建省","Fujian Province","2005","0.97280097893942","97.280097893942"
"350783","建瓯市","Jian'ou City","南平市","Nanping City","福建省","Fujian Province","2006","1.07897737559098","107.897737559098"
"350783","建瓯市","Jian'ou City","南平市","Nanping City","福建省","Fujian Province","2007","1.14251011125141","114.251011125141"
"350783","建瓯市","Jian'ou City","南平市","Nanping City","福建省","Fujian Province","2008","1.21323199004423","121.323199004423"
"350783","建瓯市","Jian'ou City","南平市","Nanping City","福建省","Fujian Province","2009","1.32759333084841","132.759333084841"
"350783","建瓯市","Jian'ou City","南平市","Nanping City","福建省","Fujian Province","2010","1.46831258585701","146.831258585701"
"350783","建瓯市","Jian'ou City","南平市","Nanping City","福建省","Fujian Province","2011","1.7312446114736","173.12446114736"
"350783","建瓯市","Jian'ou City","南平市","Nanping City","福建省","Fujian Province","2012","1.76691322263039","176.691322263039"
"350783","建瓯市","Jian'ou City","南平市","Nanping City","福建省","Fujian Province","2013","1.81977409276035","181.977409276035"
"350783","建瓯市","Jian'ou City","南平市","Nanping City","福建省","Fujian Province","2014","1.76798022933898","176.798022933898"
"350783","建瓯市","Jian'ou City","南平市","Nanping City","福建省","Fujian Province","2015","1.53962835344269","153.962835344269"
"350783","建瓯市","Jian'ou City","南平市","Nanping City","福建省","Fujian Province","2016","1.53306664580632","153.306664580632"
"350783","建瓯市","Jian'ou City","南平市","Nanping City","福建省","Fujian Province","2017","1.50788511978688","150.788511978688"
"350784","建阳市","Jianyang City","南平市","Nanping City","福建省","Fujian Province","1997","0.410196028762085","41.0196028762085"
"350784","建阳市","Jianyang City","南平市","Nanping City","福建省","Fujian Province","1998","0.408655824902824","40.8655824902824"
"350784","建阳市","Jianyang City","南平市","Nanping City","福建省","Fujian Province","1999","0.441320688907686","44.1320688907686"
"350784","建阳市","Jianyang City","南平市","Nanping City","福建省","Fujian Province","2000","0.464587163815388","46.4587163815388"
"350784","建阳市","Jianyang City","南平市","Nanping City","福建省","Fujian Province","2001","0.453559939440142","45.3559939440142"
"350784","建阳市","Jianyang City","南平市","Nanping City","福建省","Fujian Province","2002","0.488987674382432","48.8987674382432"
"350784","建阳市","Jianyang City","南平市","Nanping City","福建省","Fujian Province","2003","0.558864578675983","55.8864578675983"
"350784","建阳市","Jianyang City","南平市","Nanping City","福建省","Fujian Province","2004","0.608619971501941","60.8619971501941"
"350784","建阳市","Jianyang City","南平市","Nanping City","福建省","Fujian Province","2005","0.701480295908483","70.1480295908483"
"350784","建阳市","Jianyang City","南平市","Nanping City","福建省","Fujian Province","2006","0.783543094179161","78.3543094179161"
"350784","建阳市","Jianyang City","南平市","Nanping City","福建省","Fujian Province","2007","0.847232673821142","84.7232673821142"
"350784","建阳市","Jianyang City","南平市","Nanping City","福建省","Fujian Province","2008","0.955654775091781","95.5654775091781"
"350784","建阳市","Jianyang City","南平市","Nanping City","福建省","Fujian Province","2009","1.06378972660537","106.378972660537"
"350784","建阳市","Jianyang City","南平市","Nanping City","福建省","Fujian Province","2010","1.27149779817258","127.149779817258"
"350784","建阳市","Jianyang City","南平市","Nanping City","福建省","Fujian Province","2011","1.75843693521402","175.843693521402"
"350784","建阳市","Jianyang City","南平市","Nanping City","福建省","Fujian Province","2012","1.92527932453068","192.527932453068"
"350784","建阳市","Jianyang City","南平市","Nanping City","福建省","Fujian Province","2013","1.95845895055242","195.845895055242"
"350784","建阳市","Jianyang City","南平市","Nanping City","福建省","Fujian Province","2014","1.85986064469442","185.986064469442"
"350784","建阳市","Jianyang City","南平市","Nanping City","福建省","Fujian Province","2015","1.65501046940322","165.501046940322"
"350784","建阳市","Jianyang City","南平市","Nanping City","福建省","Fujian Province","2016","1.69974214244645","169.974214244645"
"350784","建阳市","Jianyang City","南平市","Nanping City","福建省","Fujian Province","2017","1.68319573170136","168.319573170136"
"350802","新罗区","Xinluo District","龙岩市","Longyan City","福建省","Fujian Province","1997","1.83501167272847","183.501167272847"
"350802","新罗区","Xinluo District","龙岩市","Longyan City","福建省","Fujian Province","1998","1.73269098791586","173.269098791586"
"350802","新罗区","Xinluo District","龙岩市","Longyan City","福建省","Fujian Province","1999","1.90841694782347","190.841694782347"
"350802","新罗区","Xinluo District","龙岩市","Longyan City","福建省","Fujian Province","2000","2.04886106328653","204.886106328653"
"350802","新罗区","Xinluo District","龙岩市","Longyan City","福建省","Fujian Province","2001","2.01357501776929","201.357501776929"
"350802","新罗区","Xinluo District","龙岩市","Longyan City","福建省","Fujian Province","2002","2.15895690977964","215.895690977964"
"350802","新罗区","Xinluo District","龙岩市","Longyan City","福建省","Fujian Province","2003","2.51055289699662","251.055289699662"
"350802","新罗区","Xinluo District","龙岩市","Longyan City","福建省","Fujian Province","2004","2.7430480824539","274.30480824539"
"350802","新罗区","Xinluo District","龙岩市","Longyan City","福建省","Fujian Province","2005","3.22208617714173","322.208617714173"
"350802","新罗区","Xinluo District","龙岩市","Longyan City","福建省","Fujian Province","2006","3.60291787837264","360.291787837264"
"350802","新罗区","Xinluo District","龙岩市","Longyan City","福建省","Fujian Province","2007","3.7112474733687","371.12474733687"
"350802","新罗区","Xinluo District","龙岩市","Longyan City","福建省","Fujian Province","2008","3.95728517031424","395.728517031424"
"350802","新罗区","Xinluo District","龙岩市","Longyan City","福建省","Fujian Province","2009","4.33256235916346","433.256235916346"
"350802","新罗区","Xinluo District","龙岩市","Longyan City","福建省","Fujian Province","2010","4.86615278833339","486.615278833339"
"350802","新罗区","Xinluo District","龙岩市","Longyan City","福建省","Fujian Province","2011","5.67866360779168","567.866360779168"
"350802","新罗区","Xinluo District","龙岩市","Longyan City","福建省","Fujian Province","2012","5.75293144813861","575.293144813861"
"350802","新罗区","Xinluo District","龙岩市","Longyan City","福建省","Fujian Province","2013","5.83677385000381","583.677385000381"
"350802","新罗区","Xinluo District","龙岩市","Longyan City","福建省","Fujian Province","2014","5.6313827407426","563.13827407426"
"350802","新罗区","Xinluo District","龙岩市","Longyan City","福建省","Fujian Province","2015","5.00397973867392","500.397973867392"
"350802","新罗区","Xinluo District","龙岩市","Longyan City","福建省","Fujian Province","2016","5.16399871401047","516.399871401047"
"350802","新罗区","Xinluo District","龙岩市","Longyan City","福建省","Fujian Province","2017","5.25128860506172","525.128860506172"
"350821","长汀县","Changting County","龙岩市","Longyan City","福建省","Fujian Province","1997","0.339603544885085","33.9603544885085"
"350821","长汀县","Changting County","龙岩市","Longyan City","福建省","Fujian Province","1998","0.328186917296476","32.8186917296476"
"350821","长汀县","Changting County","龙岩市","Longyan City","福建省","Fujian Province","1999","0.340016734106795","34.0016734106795"
"350821","长汀县","Changting County","龙岩市","Longyan City","福建省","Fujian Province","2000","0.362631354661356","36.2631354661356"
"350821","长汀县","Changting County","龙岩市","Longyan City","福建省","Fujian Province","2001","0.357879014635954","35.7879014635954"
"350821","长汀县","Changting County","龙岩市","Longyan City","福建省","Fujian Province","2002","0.416599770924006","41.6599770924006"
"350821","长汀县","Changting County","龙岩市","Longyan City","福建省","Fujian Province","2003","0.524862552482126","52.4862552482126"
"350821","长汀县","Changting County","龙岩市","Longyan City","福建省","Fujian Province","2004","0.59371623406886","59.371623406886"
"350821","长汀县","Changting County","龙岩市","Longyan City","福建省","Fujian Province","2005","0.760082764519291","76.0082764519291"
"350821","长汀县","Changting County","龙岩市","Longyan City","福建省","Fujian Province","2006","0.892246038734968","89.2246038734968"
"350821","长汀县","Changting County","龙岩市","Longyan City","福建省","Fujian Province","2007","1.01671839603559","101.671839603559"
"350821","长汀县","Changting County","龙岩市","Longyan City","福建省","Fujian Province","2008","1.13383468999884","113.383468999884"
"350821","长汀县","Changting County","龙岩市","Longyan City","福建省","Fujian Province","2009","1.24093757034428","124.093757034428"
"350821","长汀县","Changting County","龙岩市","Longyan City","福建省","Fujian Province","2010","1.37101923798282","137.101923798282"
"350821","长汀县","Changting County","龙岩市","Longyan City","福建省","Fujian Province","2011","1.62530785023487","162.530785023487"
"350821","长汀县","Changting County","龙岩市","Longyan City","福建省","Fujian Province","2012","1.6608644936793","166.08644936793"
"350821","长汀县","Changting County","龙岩市","Longyan City","福建省","Fujian Province","2013","1.69224121322372","169.224121322372"
"350821","长汀县","Changting County","龙岩市","Longyan City","福建省","Fujian Province","2014","1.61369871387239","161.369871387239"
"350821","长汀县","Changting County","龙岩市","Longyan City","福建省","Fujian Province","2015","1.41532560742873","141.532560742873"
"350821","长汀县","Changting County","龙岩市","Longyan City","福建省","Fujian Province","2016","1.41034478429072","141.034478429072"
"350821","长汀县","Changting County","龙岩市","Longyan City","福建省","Fujian Province","2017","1.37085619548676","137.085619548676"
"350822","永定县","Yongding County","龙岩市","Longyan City","福建省","Fujian Province","1997","0.858111232582753","85.8111232582753"
"350822","永定县","Yongding County","龙岩市","Longyan City","福建省","Fujian Province","1998","0.865495897648363","86.5495897648363"
"350822","永定县","Yongding County","龙岩市","Longyan City","福建省","Fujian Province","1999","0.933935998527703","93.3935998527703"
"350822","永定县","Yongding County","龙岩市","Longyan City","福建省","Fujian Province","2000","0.996779434059077","99.6779434059077"
"350822","永定县","Yongding County","龙岩市","Longyan City","福建省","Fujian Province","2001","0.988934002988214","98.8934002988214"
"350822","永定县","Yongding County","龙岩市","Longyan City","福建省","Fujian Province","2002","1.0744925533761","107.44925533761"
"350822","永定县","Yongding County","龙岩市","Longyan City","福建省","Fujian Province","2003","1.23078939259738","123.078939259738"
"350822","永定县","Yongding County","龙岩市","Longyan City","福建省","Fujian Province","2004","1.34270507955788","134.270507955788"
"350822","永定县","Yongding County","龙岩市","Longyan City","福建省","Fujian Province","2005","1.54553077664625","154.553077664625"
"350822","永定县","Yongding County","龙岩市","Longyan City","福建省","Fujian Province","2006","1.70473824160536","170.473824160536"
"350822","永定县","Yongding County","龙岩市","Longyan City","福建省","Fujian Province","2007","1.76304338553252","176.304338553252"
"350822","永定县","Yongding County","龙岩市","Longyan City","福建省","Fujian Province","2008","1.87253892055101","187.253892055101"
"350822","永定县","Yongding County","龙岩市","Longyan City","福建省","Fujian Province","2009","2.04949900233984","204.949900233984"
"350822","永定县","Yongding County","龙岩市","Longyan City","福建省","Fujian Province","2010","2.2850320633047","228.50320633047"
"350822","永定县","Yongding County","龙岩市","Longyan City","福建省","Fujian Province","2011","2.73537781626318","273.537781626318"
"350822","永定县","Yongding County","龙岩市","Longyan City","福建省","Fujian Province","2012","2.7753659358026","277.53659358026"
"350822","永定县","Yongding County","龙岩市","Longyan City","福建省","Fujian Province","2013","2.82030670598606","282.030670598606"
"350822","永定县","Yongding County","龙岩市","Longyan City","福建省","Fujian Province","2014","2.68072547740642","268.072547740642"
"350822","永定县","Yongding County","龙岩市","Longyan City","福建省","Fujian Province","2015","2.39982599195618","239.982599195618"
"350822","永定县","Yongding County","龙岩市","Longyan City","福建省","Fujian Province","2016","2.46826047119969","246.826047119969"
"350822","永定县","Yongding County","龙岩市","Longyan City","福建省","Fujian Province","2017","2.53685035147095","253.685035147095"
"350823","上杭县","Shanghang County","龙岩市","Longyan City","福建省","Fujian Province","1997","0.734083250706094","73.4083250706094"
"350823","上杭县","Shanghang County","龙岩市","Longyan City","福建省","Fujian Province","1998","0.719122590599712","71.9122590599712"
"350823","上杭县","Shanghang County","龙岩市","Longyan City","福建省","Fujian Province","1999","0.815339096425161","81.5339096425161"
"350823","上杭县","Shanghang County","龙岩市","Longyan City","福建省","Fujian Province","2000","0.877526462539606","87.7526462539606"
"350823","上杭县","Shanghang County","龙岩市","Longyan City","福建省","Fujian Province","2001","0.849225985973403","84.9225985973403"
"350823","上杭县","Shanghang County","龙岩市","Longyan City","福建省","Fujian Province","2002","0.926146594758066","92.6146594758066"
"350823","上杭县","Shanghang County","龙岩市","Longyan City","福建省","Fujian Province","2003","1.09729995642891","109.729995642891"
"350823","上杭县","Shanghang County","龙岩市","Longyan City","福建省","Fujian Province","2004","1.202032047664","120.2032047664"
"350823","上杭县","Shanghang County","龙岩市","Longyan City","福建省","Fujian Province","2005","1.40436005375394","140.436005375394"
"350823","上杭县","Shanghang County","龙岩市","Longyan City","福建省","Fujian Province","2006","1.59258440992079","159.258440992079"
"350823","上杭县","Shanghang County","龙岩市","Longyan City","福建省","Fujian Province","2007","1.70994439048037","170.994439048037"
"350823","上杭县","Shanghang County","龙岩市","Longyan City","福建省","Fujian Province","2008","1.98678854191502","198.678854191502"
"350823","上杭县","Shanghang County","龙岩市","Longyan City","福建省","Fujian Province","2009","2.18512429417052","218.512429417052"
"350823","上杭县","Shanghang County","龙岩市","Longyan City","福建省","Fujian Province","2010","2.46476481281274","246.476481281274"
"350823","上杭县","Shanghang County","龙岩市","Longyan City","福建省","Fujian Province","2011","3.03619289764161","303.619289764161"
"350823","上杭县","Shanghang County","龙岩市","Longyan City","福建省","Fujian Province","2012","3.23886958047149","323.886958047149"
"350823","上杭县","Shanghang County","龙岩市","Longyan City","福建省","Fujian Province","2013","3.44796291805535","344.796291805535"
"350823","上杭县","Shanghang County","龙岩市","Longyan City","福建省","Fujian Province","2014","3.38501611238376","338.501611238376"
"350823","上杭县","Shanghang County","龙岩市","Longyan City","福建省","Fujian Province","2015","3.09979820708809","309.979820708809"
"350823","上杭县","Shanghang County","龙岩市","Longyan City","福建省","Fujian Province","2016","3.23661066475012","323.661066475012"
"350823","上杭县","Shanghang County","龙岩市","Longyan City","福建省","Fujian Province","2017","3.2091763564991","320.91763564991"
"350824","武平县","Wuping County","龙岩市","Longyan City","福建省","Fujian Province","1997","0.469001270433278","46.9001270433278"
"350824","武平县","Wuping County","龙岩市","Longyan City","福建省","Fujian Province","1998","0.452349349394958","45.2349349394958"
"350824","武平县","Wuping County","龙岩市","Longyan City","福建省","Fujian Province","1999","0.482917237822469","48.2917237822469"
"350824","武平县","Wuping County","龙岩市","Longyan City","福建省","Fujian Province","2000","0.509048179754721","50.9048179754721"
"350824","武平县","Wuping County","龙岩市","Longyan City","福建省","Fujian Province","2001","0.484991354351663","48.4991354351663"
"350824","武平县","Wuping County","龙岩市","Longyan City","福建省","Fujian Province","2002","0.518656866106039","51.8656866106039"
"350824","武平县","Wuping County","龙岩市","Longyan City","福建省","Fujian Province","2003","0.594125939173316","59.4125939173316"
"350824","武平县","Wuping County","龙岩市","Longyan City","福建省","Fujian Province","2004","0.646639709851638","64.6639709851638"
"350824","武平县","Wuping County","龙岩市","Longyan City","福建省","Fujian Province","2005","0.745038548696815","74.5038548696815"
"350824","武平县","Wuping County","龙岩市","Longyan City","福建省","Fujian Province","2006","0.822078000450267","82.2078000450267"
"350824","武平县","Wuping County","龙岩市","Longyan City","福建省","Fujian Province","2007","0.853698603107936","85.3698603107936"
"350824","武平县","Wuping County","龙岩市","Longyan City","福建省","Fujian Province","2008","0.915028104678945","91.5028104678945"
"350824","武平县","Wuping County","龙岩市","Longyan City","福建省","Fujian Province","2009","1.00443955730176","100.443955730176"
"350824","武平县","Wuping County","龙岩市","Longyan City","福建省","Fujian Province","2010","1.10488603451017","110.488603451017"
"350824","武平县","Wuping County","龙岩市","Longyan City","福建省","Fujian Province","2011","1.29531767150994","129.531767150994"
"350824","武平县","Wuping County","龙岩市","Longyan City","福建省","Fujian Province","2012","1.31161067966705","131.161067966705"
"350824","武平县","Wuping County","龙岩市","Longyan City","福建省","Fujian Province","2013","1.36683220669303","136.683220669303"
"350824","武平县","Wuping County","龙岩市","Longyan City","福建省","Fujian Province","2014","1.29675628351125","129.675628351125"
"350824","武平县","Wuping County","龙岩市","Longyan City","福建省","Fujian Province","2015","1.15982836250822","115.982836250822"
"350824","武平县","Wuping County","龙岩市","Longyan City","福建省","Fujian Province","2016","1.16321936322977","116.321936322977"
"350824","武平县","Wuping County","龙岩市","Longyan City","福建省","Fujian Province","2017","1.14455713206941","114.455713206941"
"350825","连城县","Liancheng County","龙岩市","Longyan City","福建省","Fujian Province","1997","0.489563459614519","48.9563459614519"
"350825","连城县","Liancheng County","龙岩市","Longyan City","福建省","Fujian Province","1998","0.459631603476981","45.9631603476981"
"350825","连城县","Liancheng County","龙岩市","Longyan City","福建省","Fujian Province","1999","0.486889941932308","48.6889941932308"
"350825","连城县","Liancheng County","龙岩市","Longyan City","福建省","Fujian Province","2000","0.512337076824206","51.2337076824206"
"350825","连城县","Liancheng County","龙岩市","Longyan City","福建省","Fujian Province","2001","0.489729177922885","48.9729177922885"
"350825","连城县","Liancheng County","龙岩市","Longyan City","福建省","Fujian Province","2002","0.537123168008699","53.7123168008699"
"350825","连城县","Liancheng County","龙岩市","Longyan City","福建省","Fujian Province","2003","0.634564562918273","63.4564562918273"
"350825","连城县","Liancheng County","龙岩市","Longyan City","福建省","Fujian Province","2004","0.695304974939249","69.5304974939249"
"350825","连城县","Liancheng County","龙岩市","Longyan City","福建省","Fujian Province","2005","0.808888999571278","80.8888999571278"
"350825","连城县","Liancheng County","龙岩市","Longyan City","福建省","Fujian Province","2006","0.890328879218993","89.0328879218993"
"350825","连城县","Liancheng County","龙岩市","Longyan City","福建省","Fujian Province","2007","1.00182716495086","100.182716495086"
"350825","连城县","Liancheng County","龙岩市","Longyan City","福建省","Fujian Province","2008","1.14249621364015","114.249621364015"
"350825","连城县","Liancheng County","龙岩市","Longyan City","福建省","Fujian Province","2009","1.25018987810644","125.018987810644"
"350825","连城县","Liancheng County","龙岩市","Longyan City","福建省","Fujian Province","2010","1.37522785608425","137.522785608425"
"350825","连城县","Liancheng County","龙岩市","Longyan City","福建省","Fujian Province","2011","1.61057867487547","161.057867487547"
"350825","连城县","Liancheng County","龙岩市","Longyan City","福建省","Fujian Province","2012","1.62381813769906","162.381813769906"
"350825","连城县","Liancheng County","龙岩市","Longyan City","福建省","Fujian Province","2013","1.65506795237223","165.506795237223"
"350825","连城县","Liancheng County","龙岩市","Longyan City","福建省","Fujian Province","2014","1.6046109175892","160.46109175892"
"350825","连城县","Liancheng County","龙岩市","Longyan City","福建省","Fujian Province","2015","1.42056388209391","142.056388209391"
"350825","连城县","Liancheng County","龙岩市","Longyan City","福建省","Fujian Province","2016","1.42577553229804","142.577553229804"
"350825","连城县","Liancheng County","龙岩市","Longyan City","福建省","Fujian Province","2017","1.39789545477488","139.789545477488"
"350881","漳平市","Zhangping City","龙岩市","Longyan City","福建省","Fujian Province","1997","0.519293503844722","51.9293503844722"
"350881","漳平市","Zhangping City","龙岩市","Longyan City","福建省","Fujian Province","1998","0.495436019380258","49.5436019380258"
"350881","漳平市","Zhangping City","龙岩市","Longyan City","福建省","Fujian Province","1999","0.537600341452016","53.7600341452016"
"350881","漳平市","Zhangping City","龙岩市","Longyan City","福建省","Fujian Province","2000","0.568735571015744","56.8735571015744"
"350881","漳平市","Zhangping City","龙岩市","Longyan City","福建省","Fujian Province","2001","0.54831641086458","54.831641086458"
"350881","漳平市","Zhangping City","龙岩市","Longyan City","福建省","Fujian Province","2002","0.594614921265646","59.4614921265646"
"350881","漳平市","Zhangping City","龙岩市","Longyan City","福建省","Fujian Province","2003","0.695012609485129","69.5012609485129"
"350881","漳平市","Zhangping City","龙岩市","Longyan City","福建省","Fujian Province","2004","0.755528240485168","75.5528240485168"
"350881","漳平市","Zhangping City","龙岩市","Longyan City","福建省","Fujian Province","2005","0.874663710609081","87.4663710609081"
"350881","漳平市","Zhangping City","龙岩市","Longyan City","福建省","Fujian Province","2006","0.970466146986766","97.0466146986766"
"350881","漳平市","Zhangping City","龙岩市","Longyan City","福建省","Fujian Province","2007","1.03180556437145","103.180556437145"
"350881","漳平市","Zhangping City","龙岩市","Longyan City","福建省","Fujian Province","2008","1.11981127077004","111.981127077004"
"350881","漳平市","Zhangping City","龙岩市","Longyan City","福建省","Fujian Province","2009","1.22604361150764","122.604361150764"
"350881","漳平市","Zhangping City","龙岩市","Longyan City","福建省","Fujian Province","2010","1.40270765662887","140.270765662887"
"350881","漳平市","Zhangping City","龙岩市","Longyan City","福建省","Fujian Province","2011","1.67176140329142","167.176140329142"
"350881","漳平市","Zhangping City","龙岩市","Longyan City","福建省","Fujian Province","2012","1.7389163581873","173.89163581873"
"350881","漳平市","Zhangping City","龙岩市","Longyan City","福建省","Fujian Province","2013","1.79289496568312","179.289496568312"
"350881","漳平市","Zhangping City","龙岩市","Longyan City","福建省","Fujian Province","2014","1.74960118687385","174.960118687385"
"350881","漳平市","Zhangping City","龙岩市","Longyan City","福建省","Fujian Province","2015","1.53701802048353","153.701802048353"
"350881","漳平市","Zhangping City","龙岩市","Longyan City","福建省","Fujian Province","2016","1.54132373177246","154.132373177246"
"350881","漳平市","Zhangping City","龙岩市","Longyan City","福建省","Fujian Province","2017","1.53021814896333","153.021814896333"
"350902","蕉城区","Jiaocheng District","宁德市","Ningde City","福建省","Fujian Province","1997","0.683660047936809","68.3660047936809"
"350902","蕉城区","Jiaocheng District","宁德市","Ningde City","福建省","Fujian Province","1998","0.678341967740387","67.8341967740387"
"350902","蕉城区","Jiaocheng District","宁德市","Ningde City","福建省","Fujian Province","1999","0.784959594408746","78.4959594408746"
"350902","蕉城区","Jiaocheng District","宁德市","Ningde City","福建省","Fujian Province","2000","0.84926630994255","84.926630994255"
"350902","蕉城区","Jiaocheng District","宁德市","Ningde City","福建省","Fujian Province","2001","0.818141241079289","81.8141241079289"
"350902","蕉城区","Jiaocheng District","宁德市","Ningde City","福建省","Fujian Province","2002","0.878626644528554","87.8626644528554"
"350902","蕉城区","Jiaocheng District","宁德市","Ningde City","福建省","Fujian Province","2003","1.00508870020771","100.508870020771"
"350902","蕉城区","Jiaocheng District","宁德市","Ningde City","福建省","Fujian Province","2004","1.09983499098002","109.983499098002"
"350902","蕉城区","Jiaocheng District","宁德市","Ningde City","福建省","Fujian Province","2005","1.28837964572718","128.837964572718"
"350902","蕉城区","Jiaocheng District","宁德市","Ningde City","福建省","Fujian Province","2006","1.4363359093688","143.63359093688"
"350902","蕉城区","Jiaocheng District","宁德市","Ningde City","福建省","Fujian Province","2007","1.50460215131188","150.460215131188"
"350902","蕉城区","Jiaocheng District","宁德市","Ningde City","福建省","Fujian Province","2008","1.67765463862141","167.765463862141"
"350902","蕉城区","Jiaocheng District","宁德市","Ningde City","福建省","Fujian Province","2009","1.83579325963825","183.579325963825"
"350902","蕉城区","Jiaocheng District","宁德市","Ningde City","福建省","Fujian Province","2010","2.03598089800844","203.598089800844"
"350902","蕉城区","Jiaocheng District","宁德市","Ningde City","福建省","Fujian Province","2011","2.42040006626995","242.040006626995"
"350902","蕉城区","Jiaocheng District","宁德市","Ningde City","福建省","Fujian Province","2012","2.48663059644511","248.663059644511"
"350902","蕉城区","Jiaocheng District","宁德市","Ningde City","福建省","Fujian Province","2013","2.52520820445736","252.520820445736"
"350902","蕉城区","Jiaocheng District","宁德市","Ningde City","福建省","Fujian Province","2014","2.61169682254508","261.169682254508"
"350902","蕉城区","Jiaocheng District","宁德市","Ningde City","福建省","Fujian Province","2015","2.4382210865778","243.82210865778"
"350902","蕉城区","Jiaocheng District","宁德市","Ningde City","福建省","Fujian Province","2016","2.51046229648246","251.046229648246"
"350902","蕉城区","Jiaocheng District","宁德市","Ningde City","福建省","Fujian Province","2017","2.56701418594305","256.701418594305"
"350921","霞浦县","Xiapu County","宁德市","Ningde City","福建省","Fujian Province","1997","0.310397378086252","31.0397378086252"
"350921","霞浦县","Xiapu County","宁德市","Ningde City","福建省","Fujian Province","1998","0.301242577192993","30.1242577192993"
"350921","霞浦县","Xiapu County","宁德市","Ningde City","福建省","Fujian Province","1999","0.347261076895325","34.7261076895325"
"350921","霞浦县","Xiapu County","宁德市","Ningde City","福建省","Fujian Province","2000","0.464343541810241","46.4343541810241"
"350921","霞浦县","Xiapu County","宁德市","Ningde City","福建省","Fujian Province","2001","0.478635737365878","47.8635737365878"
"350921","霞浦县","Xiapu County","宁德市","Ningde City","福建省","Fujian Province","2002","0.519641735540847","51.9641735540847"
"350921","霞浦县","Xiapu County","宁德市","Ningde City","福建省","Fujian Province","2003","0.592446826768681","59.2446826768681"
"350921","霞浦县","Xiapu County","宁德市","Ningde City","福建省","Fujian Province","2004","0.647856341478828","64.7856341478828"
"350921","霞浦县","Xiapu County","宁德市","Ningde City","福建省","Fujian Province","2005","0.750811329186835","75.0811329186835"
"350921","霞浦县","Xiapu County","宁德市","Ningde City","福建省","Fujian Province","2006","0.855244860076642","85.5244860076642"
"350921","霞浦县","Xiapu County","宁德市","Ningde City","福建省","Fujian Province","2007","0.880346069259572","88.0346069259572"
"350921","霞浦县","Xiapu County","宁德市","Ningde City","福建省","Fujian Province","2008","0.950499106257664","95.0499106257664"
"350921","霞浦县","Xiapu County","宁德市","Ningde City","福建省","Fujian Province","2009","1.0403204581355","104.03204581355"
"350921","霞浦县","Xiapu County","宁德市","Ningde City","福建省","Fujian Province","2010","1.14276359742302","114.276359742302"
"350921","霞浦县","Xiapu County","宁德市","Ningde City","福建省","Fujian Province","2011","1.32477602222873","132.477602222873"
"350921","霞浦县","Xiapu County","宁德市","Ningde City","福建省","Fujian Province","2012","1.33366881528888","133.366881528888"
"350921","霞浦县","Xiapu County","宁德市","Ningde City","福建省","Fujian Province","2013","1.35367859131482","135.367859131482"
"350921","霞浦县","Xiapu County","宁德市","Ningde City","福建省","Fujian Province","2014","1.25667198246056","125.667198246056"
"350921","霞浦县","Xiapu County","宁德市","Ningde City","福建省","Fujian Province","2015","1.15463372825956","115.463372825956"
"350921","霞浦县","Xiapu County","宁德市","Ningde City","福建省","Fujian Province","2016","1.21235461624606","121.235461624606"
"350921","霞浦县","Xiapu County","宁德市","Ningde City","福建省","Fujian Province","2017","1.23213782589841","123.213782589841"
"350922","古田县","Gutian County","宁德市","Ningde City","福建省","Fujian Province","1997","0.476990401261658","47.6990401261658"
"350922","古田县","Gutian County","宁德市","Ningde City","福建省","Fujian Province","1998","0.464000955926194","46.4000955926194"
"350922","古田县","Gutian County","宁德市","Ningde City","福建省","Fujian Province","1999","0.542390955231527","54.2390955231527"
"350922","古田县","Gutian County","宁德市","Ningde City","福建省","Fujian Province","2000","0.587250843406918","58.7250843406918"
"350922","古田县","Gutian County","宁德市","Ningde City","福建省","Fujian Province","2001","0.566574365114654","56.6574365114654"
"350922","古田县","Gutian County","宁德市","Ningde City","福建省","Fujian Province","2002","0.611480810336742","61.1480810336742"
"350922","古田县","Gutian County","宁德市","Ningde City","福建省","Fujian Province","2003","0.719919443487214","71.9919443487214"
"350922","古田县","Gutian County","宁德市","Ningde City","福建省","Fujian Province","2004","0.783358688957146","78.3358688957146"
"350922","古田县","Gutian County","宁德市","Ningde City","福建省","Fujian Province","2005","0.901428420153719","90.1428420153719"
"350922","古田县","Gutian County","宁德市","Ningde City","福建省","Fujian Province","2006","0.98887087834013","98.887087834013"
"350922","古田县","Gutian County","宁德市","Ningde City","福建省","Fujian Province","2007","1.04101461517385","104.101461517385"
"350922","古田县","Gutian County","宁德市","Ningde City","福建省","Fujian Province","2008","1.11548050894938","111.548050894938"
"350922","古田县","Gutian County","宁德市","Ningde City","福建省","Fujian Province","2009","1.22062762647613","122.062762647613"
"350922","古田县","Gutian County","宁德市","Ningde City","福建省","Fujian Province","2010","1.33957838510745","133.957838510745"
"350922","古田县","Gutian County","宁德市","Ningde City","福建省","Fujian Province","2011","1.5363662913339","153.63662913339"
"350922","古田县","Gutian County","宁德市","Ningde City","福建省","Fujian Province","2012","1.56612762914966","156.612762914966"
"350922","古田县","Gutian County","宁德市","Ningde City","福建省","Fujian Province","2013","1.60359728350095","160.359728350095"
"350922","古田县","Gutian County","宁德市","Ningde City","福建省","Fujian Province","2014","1.53511071346506","153.511071346506"
"350922","古田县","Gutian County","宁德市","Ningde City","福建省","Fujian Province","2015","1.37524460641141","137.524460641141"
"350922","古田县","Gutian County","宁德市","Ningde City","福建省","Fujian Province","2016","1.49180951771136","149.180951771136"
"350922","古田县","Gutian County","宁德市","Ningde City","福建省","Fujian Province","2017","1.4974842275219","149.74842275219"
"350923","屏南县","Pingnan County","宁德市","Ningde City","福建省","Fujian Province","1997","0.0982270183817254","9.82270183817254"
"350923","屏南县","Pingnan County","宁德市","Ningde City","福建省","Fujian Province","1998","0.0963684956854298","9.63684956854298"
"350923","屏南县","Pingnan County","宁德市","Ningde City","福建省","Fujian Province","1999","0.115675796139425","11.5675796139425"
"350923","屏南县","Pingnan County","宁德市","Ningde City","福建省","Fujian Province","2000","0.124856277637853","12.4856277637853"
"350923","屏南县","Pingnan County","宁德市","Ningde City","福建省","Fujian Province","2001","0.120525609384986","12.0525609384986"
"350923","屏南县","Pingnan County","宁德市","Ningde City","福建省","Fujian Province","2002","0.128402352563161","12.8402352563161"
"350923","屏南县","Pingnan County","宁德市","Ningde City","福建省","Fujian Province","2003","0.145942853169517","14.5942853169517"
"350923","屏南县","Pingnan County","宁德市","Ningde City","福建省","Fujian Province","2004","0.15907458525513","15.907458525513"
"350923","屏南县","Pingnan County","宁德市","Ningde City","福建省","Fujian Province","2005","0.184204177454272","18.4204177454272"
"350923","屏南县","Pingnan County","宁德市","Ningde City","福建省","Fujian Province","2006","0.201876897032213","20.1876897032213"
"350923","屏南县","Pingnan County","宁德市","Ningde City","福建省","Fujian Province","2007","0.21474722722201","21.474722722201"
"350923","屏南县","Pingnan County","宁德市","Ningde City","福建省","Fujian Province","2008","0.256752307938987","25.6752307938987"
"350923","屏南县","Pingnan County","宁德市","Ningde City","福建省","Fujian Province","2009","0.28095422350948","28.095422350948"
"350923","屏南县","Pingnan County","宁德市","Ningde City","福建省","Fujian Province","2010","0.316884186460457","31.6884186460457"
"350923","屏南县","Pingnan County","宁德市","Ningde City","福建省","Fujian Province","2011","0.367662877240303","36.7662877240303"
"350923","屏南县","Pingnan County","宁德市","Ningde City","福建省","Fujian Province","2012","0.369049576749786","36.9049576749786"
"350923","屏南县","Pingnan County","宁德市","Ningde City","福建省","Fujian Province","2013","0.373734245637614","37.3734245637614"
"350923","屏南县","Pingnan County","宁德市","Ningde City","福建省","Fujian Province","2014","0.348897504370374","34.8897504370374"
"350923","屏南县","Pingnan County","宁德市","Ningde City","福建省","Fujian Province","2015","0.304371764254486","30.4371764254486"
"350923","屏南县","Pingnan County","宁德市","Ningde City","福建省","Fujian Province","2016","0.310056777991534","31.0056777991534"
"350923","屏南县","Pingnan County","宁德市","Ningde City","福建省","Fujian Province","2017","0.318554721191636","31.8554721191636"
"350924","寿宁县","Shouning County","宁德市","Ningde City","福建省","Fujian Province","1997","0.169998226479306","16.9998226479306"
"350924","寿宁县","Shouning County","宁德市","Ningde City","福建省","Fujian Province","1998","0.16360797504277","16.360797504277"
"350924","寿宁县","Shouning County","宁德市","Ningde City","福建省","Fujian Province","1999","0.161946114595195","16.1946114595195"
"350924","寿宁县","Shouning County","宁德市","Ningde City","福建省","Fujian Province","2000","0.169804537587481","16.9804537587481"
"350924","寿宁县","Shouning County","宁德市","Ningde City","福建省","Fujian Province","2001","0.168134958442142","16.8134958442142"
"350924","寿宁县","Shouning County","宁德市","Ningde City","福建省","Fujian Province","2002","0.1849092363853","18.49092363853"
"350924","寿宁县","Shouning County","宁德市","Ningde City","福建省","Fujian Province","2003","0.210308828680521","21.0308828680521"
"350924","寿宁县","Shouning County","宁德市","Ningde City","福建省","Fujian Province","2004","0.22918298277197","22.918298277197"
"350924","寿宁县","Shouning County","宁德市","Ningde City","福建省","Fujian Province","2005","0.265722835283039","26.5722835283039"
"350924","寿宁县","Shouning County","宁德市","Ningde City","福建省","Fujian Province","2006","0.291791678331461","29.1791678331461"
"350924","寿宁县","Shouning County","宁德市","Ningde City","福建省","Fujian Province","2007","0.298804307950333","29.8804307950333"
"350924","寿宁县","Shouning County","宁德市","Ningde City","福建省","Fujian Province","2008","0.317382973428194","31.7382973428194"
"350924","寿宁县","Shouning County","宁德市","Ningde City","福建省","Fujian Province","2009","0.347300040145454","34.7300040145454"
"350924","寿宁县","Shouning County","宁德市","Ningde City","福建省","Fujian Province","2010","0.383231813000615","38.3231813000615"
"350924","寿宁县","Shouning County","宁德市","Ningde City","福建省","Fujian Province","2011","0.470200598011482","47.0200598011482"
"350924","寿宁县","Shouning County","宁德市","Ningde City","福建省","Fujian Province","2012","0.478491865027308","47.8491865027308"
"350924","寿宁县","Shouning County","宁德市","Ningde City","福建省","Fujian Province","2013","0.489829198758403","48.9829198758403"
"350924","寿宁县","Shouning County","宁德市","Ningde City","福建省","Fujian Province","2014","0.473409216338617","47.3409216338617"
"350924","寿宁县","Shouning County","宁德市","Ningde City","福建省","Fujian Province","2015","0.423434557230653","42.3434557230653"
"350924","寿宁县","Shouning County","宁德市","Ningde City","福建省","Fujian Province","2016","0.426850851949468","42.6850851949468"
"350924","寿宁县","Shouning County","宁德市","Ningde City","福建省","Fujian Province","2017","0.424109839270739","42.4109839270739"
"350925","周宁县","Zhouning County","宁德市","Ningde City","福建省","Fujian Province","1997","0.168688532900883","16.8688532900883"
"350925","周宁县","Zhouning County","宁德市","Ningde City","福建省","Fujian Province","1998","0.166399505774212","16.6399505774212"
"350925","周宁县","Zhouning County","宁德市","Ningde City","福建省","Fujian Province","1999","0.176201111695205","17.6201111695205"
"350925","周宁县","Zhouning County","宁德市","Ningde City","福建省","Fujian Province","2000","0.185518156919464","18.5518156919464"
"350925","周宁县","Zhouning County","宁德市","Ningde City","福建省","Fujian Province","2001","0.178535058964336","17.8535058964336"
"350925","周宁县","Zhouning County","宁德市","Ningde City","福建省","Fujian Province","2002","0.195004148092088","19.5004148092088"
"350925","周宁县","Zhouning County","宁德市","Ningde City","福建省","Fujian Province","2003","0.222762245681563","22.2762245681563"
"350925","周宁县","Zhouning County","宁德市","Ningde City","福建省","Fujian Province","2004","0.243630483344855","24.3630483344855"
"350925","周宁县","Zhouning County","宁德市","Ningde City","福建省","Fujian Province","2005","0.284090773205829","28.4090773205829"
"350925","周宁县","Zhouning County","宁德市","Ningde City","福建省","Fujian Province","2006","0.313839012765179","31.3839012765179"
"350925","周宁县","Zhouning County","宁德市","Ningde City","福建省","Fujian Province","2007","0.32231677808413","32.231677808413"
"350925","周宁县","Zhouning County","宁德市","Ningde City","福建省","Fujian Province","2008","0.359659457867947","35.9659457867947"
"350925","周宁县","Zhouning County","宁德市","Ningde City","福建省","Fujian Province","2009","0.393561578956252","39.3561578956252"
"350925","周宁县","Zhouning County","宁德市","Ningde City","福建省","Fujian Province","2010","0.447598913375395","44.7598913375395"
"350925","周宁县","Zhouning County","宁德市","Ningde City","福建省","Fujian Province","2011","0.541863701202388","54.1863701202388"
"350925","周宁县","Zhouning County","宁德市","Ningde City","福建省","Fujian Province","2012","0.548059831219222","54.8059831219222"
"350925","周宁县","Zhouning County","宁德市","Ningde City","福建省","Fujian Province","2013","0.557027016451471","55.7027016451471"
"350925","周宁县","Zhouning County","宁德市","Ningde City","福建省","Fujian Province","2014","0.623816343370403","62.3816343370403"
"350925","周宁县","Zhouning County","宁德市","Ningde City","福建省","Fujian Province","2015","0.566224603571865","56.6224603571865"
"350925","周宁县","Zhouning County","宁德市","Ningde City","福建省","Fujian Province","2016","0.596262596141392","59.6262596141392"
"350925","周宁县","Zhouning County","宁德市","Ningde City","福建省","Fujian Province","2017","0.623400295129238","62.3400295129238"
"350926","柘荣县","Zherong County","宁德市","Ningde City","福建省","Fujian Province","1997","0.118920176920809","11.8920176920809"
"350926","柘荣县","Zherong County","宁德市","Ningde City","福建省","Fujian Province","1998","0.112996309172714","11.2996309172714"
"350926","柘荣县","Zherong County","宁德市","Ningde City","福建省","Fujian Province","1999","0.130748702909108","13.0748702909108"
"350926","柘荣县","Zherong County","宁德市","Ningde City","福建省","Fujian Province","2000","0.137402810902925","13.7402810902925"
"350926","柘荣县","Zherong County","宁德市","Ningde City","福建省","Fujian Province","2001","0.131619049941993","13.1619049941993"
"350926","柘荣县","Zherong County","宁德市","Ningde City","福建省","Fujian Province","2002","0.142313633329832","14.2313633329832"
"350926","柘荣县","Zherong County","宁德市","Ningde City","福建省","Fujian Province","2003","0.167491462362331","16.7491462362331"
"350926","柘荣县","Zherong County","宁德市","Ningde City","福建省","Fujian Province","2004","0.187969586400899","18.7969586400899"
"350926","柘荣县","Zherong County","宁德市","Ningde City","福建省","Fujian Province","2005","0.216566734746808","21.6566734746808"
"350926","柘荣县","Zherong County","宁德市","Ningde City","福建省","Fujian Province","2006","0.237727779980954","23.7727779980954"
"350926","柘荣县","Zherong County","宁德市","Ningde City","福建省","Fujian Province","2007","0.243158128633681","24.3158128633681"
"350926","柘荣县","Zherong County","宁德市","Ningde City","福建省","Fujian Province","2008","0.258402121965904","25.8402121965904"
"350926","柘荣县","Zherong County","宁德市","Ningde City","福建省","Fujian Province","2009","0.282759551853316","28.2759551853316"
"350926","柘荣县","Zherong County","宁德市","Ningde City","福建省","Fujian Province","2010","0.310199910652307","31.0199910652307"
"350926","柘荣县","Zherong County","宁德市","Ningde City","福建省","Fujian Province","2011","0.35633274234846","35.633274234846"
"350926","柘荣县","Zherong County","宁德市","Ningde City","福建省","Fujian Province","2012","0.355758136054583","35.5758136054583"
"350926","柘荣县","Zherong County","宁德市","Ningde City","福建省","Fujian Province","2013","0.361438474740585","36.1438474740585"
"350926","柘荣县","Zherong County","宁德市","Ningde City","福建省","Fujian Province","2014","0.387294220619253","38.7294220619253"
"350926","柘荣县","Zherong County","宁德市","Ningde City","福建省","Fujian Province","2015","0.351477710749797","35.1477710749797"
"350926","柘荣县","Zherong County","宁德市","Ningde City","福建省","Fujian Province","2016","0.371974238026485","37.1974238026485"
"350926","柘荣县","Zherong County","宁德市","Ningde City","福建省","Fujian Province","2017","0.365650739845987","36.5650739845987"
"350981","福安市","Fu'an City","宁德市","Ningde City","福建省","Fujian Province","1997","0.828512157710393","82.8512157710393"
"350981","福安市","Fu'an City","宁德市","Ningde City","福建省","Fujian Province","1998","0.811849959244131","81.1849959244131"
"350981","福安市","Fu'an City","宁德市","Ningde City","福建省","Fujian Province","1999","0.870022200054707","87.0022200054707"
"350981","福安市","Fu'an City","宁德市","Ningde City","福建省","Fujian Province","2000","0.995195891025622","99.5195891025622"
"350981","福安市","Fu'an City","宁德市","Ningde City","福建省","Fujian Province","2001","1.00129856694238","100.129856694238"
"350981","福安市","Fu'an City","宁德市","Ningde City","福建省","Fujian Province","2002","1.0797862265882","107.97862265882"
"350981","福安市","Fu'an City","宁德市","Ningde City","福建省","Fujian Province","2003","1.24632118234026","124.632118234026"
"350981","福安市","Fu'an City","宁德市","Ningde City","福建省","Fujian Province","2004","1.38194144953477","138.194144953477"
"350981","福安市","Fu'an City","宁德市","Ningde City","福建省","Fujian Province","2005","1.60990602574707","160.990602574707"
"350981","福安市","Fu'an City","宁德市","Ningde City","福建省","Fujian Province","2006","1.80749799166164","180.749799166164"
"350981","福安市","Fu'an City","宁德市","Ningde City","福建省","Fujian Province","2007","1.89118634776172","189.118634776172"
"350981","福安市","Fu'an City","宁德市","Ningde City","福建省","Fujian Province","2008","2.07278509806808","207.278509806808"
"350981","福安市","Fu'an City","宁德市","Ningde City","福建省","Fujian Province","2009","2.26816939798698","226.816939798698"
"350981","福安市","Fu'an City","宁德市","Ningde City","福建省","Fujian Province","2010","2.49595809991744","249.595809991744"
"350981","福安市","Fu'an City","宁德市","Ningde City","福建省","Fujian Province","2011","2.93025613640288","293.025613640288"
"350981","福安市","Fu'an City","宁德市","Ningde City","福建省","Fujian Province","2012","2.9767171225044","297.67171225044"
"350981","福安市","Fu'an City","宁德市","Ningde City","福建省","Fujian Province","2013","3.03505377444348","303.505377444348"
"350981","福安市","Fu'an City","宁德市","Ningde City","福建省","Fujian Province","2014","3.1802910931177","318.02910931177"
"350981","福安市","Fu'an City","宁德市","Ningde City","福建省","Fujian Province","2015","2.87527270832099","287.527270832099"
"350981","福安市","Fu'an City","宁德市","Ningde City","福建省","Fujian Province","2016","3.00203825261626","300.203825261626"
"350981","福安市","Fu'an City","宁德市","Ningde City","福建省","Fujian Province","2017","3.00324611284595","300.324611284595"
"350982","福鼎市","Fuding City","宁德市","Ningde City","福建省","Fujian Province","1997","0.637951742049846","63.7951742049846"
"350982","福鼎市","Fuding City","宁德市","Ningde City","福建省","Fujian Province","1998","0.634284330544151","63.4284330544151"
"350982","福鼎市","Fuding City","宁德市","Ningde City","福建省","Fujian Province","1999","0.720461574743127","72.0461574743127"
"350982","福鼎市","Fuding City","宁德市","Ningde City","福建省","Fujian Province","2000","0.844150247834462","84.4150247834462"
"350982","福鼎市","Fuding City","宁德市","Ningde City","福建省","Fujian Province","2001","0.854194922889563","85.4194922889563"
"350982","福鼎市","Fuding City","宁德市","Ningde City","福建省","Fujian Province","2002","0.930332289856002","93.0332289856002"
"350982","福鼎市","Fuding City","宁德市","Ningde City","福建省","Fujian Province","2003","1.06091918766182","106.091918766182"
"350982","福鼎市","Fuding City","宁德市","Ningde City","福建省","Fujian Province","2004","1.16264359873372","116.264359873372"
"350982","福鼎市","Fuding City","宁德市","Ningde City","福建省","Fujian Province","2005","1.3447079886904","134.47079886904"
"350982","福鼎市","Fuding City","宁德市","Ningde City","福建省","Fujian Province","2006","1.48445661321978","148.445661321978"
"350982","福鼎市","Fuding City","宁德市","Ningde City","福建省","Fujian Province","2007","1.55319458958839","155.319458958839"
"350982","福鼎市","Fuding City","宁德市","Ningde City","福建省","Fujian Province","2008","1.72405565812846","172.405565812846"
"350982","福鼎市","Fuding City","宁德市","Ningde City","福建省","Fujian Province","2009","1.88837344765247","188.837344765247"
"350982","福鼎市","Fuding City","宁德市","Ningde City","福建省","Fujian Province","2010","2.17610312420892","217.610312420892"
"350982","福鼎市","Fuding City","宁德市","Ningde City","福建省","Fujian Province","2011","2.78183136931974","278.183136931974"
"350982","福鼎市","Fuding City","宁德市","Ningde City","福建省","Fujian Province","2012","2.9275105122711","292.75105122711"
"350982","福鼎市","Fuding City","宁德市","Ningde City","福建省","Fujian Province","2013","2.96528242330685","296.528242330685"
"350982","福鼎市","Fuding City","宁德市","Ningde City","福建省","Fujian Province","2014","2.99108137552702","299.108137552702"
"350982","福鼎市","Fuding City","宁德市","Ningde City","福建省","Fujian Province","2015","2.80556571453884","280.556571453884"
"350982","福鼎市","Fuding City","宁德市","Ningde City","福建省","Fujian Province","2016","2.87109154188149","287.109154188149"
"350982","福鼎市","Fuding City","宁德市","Ningde City","福建省","Fujian Province","2017","2.84222166203036","284.222166203036"
