"distcode","county_cn","county_en","city_cn","city_en","province_cn","province_en","year","sequestration_million_tons","sequestration_10000_tons"
"350102","鼓楼区","Gulou District","福州市","Fuzhou City","福建省","Fujian Province","2000","0.0355415338743318","3.55415338743318"
"350102","鼓楼区","Gulou District","福州市","Fuzhou City","福建省","Fujian Province","2001","0.0351239449597697","3.51239449597697"
"350102","鼓楼区","Gulou District","福州市","Fuzhou City","福建省","Fujian Province","2002","0.039203813530683","3.9203813530683"
"350102","鼓楼区","Gulou District","福州市","Fuzhou City","福建省","Fujian Province","2003","0.0417330889160361","4.17330889160361"
"350102","鼓楼区","Gulou District","福州市","Fuzhou City","福建省","Fujian Province","2004","0.0427758741840426","4.27758741840426"
"350102","鼓楼区","Gulou District","福州市","Fuzhou City","福建省","Fujian Province","2005","0.0393344972905283","3.93344972905283"
"350102","鼓楼区","Gulou District","福州市","Fuzhou City","福建省","Fujian Province","2006","0.0417635081380543","4.17635081380543"
"350102","鼓楼区","Gulou District","福州市","Fuzhou City","福建省","Fujian Province","2007","0.0432942174540364","4.32942174540364"
"350102","鼓楼区","Gulou District","福州市","Fuzhou City","福建省","Fujian Province","2008","0.045960438675571","4.5960438675571"
"350102","鼓楼区","Gulou District","福州市","Fuzhou City","福建省","Fujian Province","2009","0.0367617150102968","3.67617150102968"
"350102","鼓楼区","Gulou District","福州市","Fuzhou City","福建省","Fujian Province","2010","0.037421470571226","3.7421470571226"
"350102","鼓楼区","Gulou District","福州市","Fuzhou City","福建省","Fujian Province","2011","0.0352208560496925","3.52208560496925"
"350102","鼓楼区","Gulou District","福州市","Fuzhou City","福建省","Fujian Province","2012","0.0354444001579548","3.54444001579548"
"350102","鼓楼区","Gulou District","福州市","Fuzhou City","福建省","Fujian Province","2013","0.0336904287461572","3.36904287461572"
"350102","鼓楼区","Gulou District","福州市","Fuzhou City","福建省","Fujian Province","2014","0.0407948715062144","4.07948715062144"
"350102","鼓楼区","Gulou District","福州市","Fuzhou City","福建省","Fujian Province","2015","0.0413993530426687","4.13993530426687"
"350102","鼓楼区","Gulou District","福州市","Fuzhou City","福建省","Fujian Province","2016","0.0390350536042293","3.90350536042293"
"350102","鼓楼区","Gulou District","福州市","Fuzhou City","福建省","Fujian Province","2017","0.0398185337623859","3.98185337623859"
"350103","台江区","Taijiang District","福州市","Fuzhou City","福建省","Fujian Province","2000","0.00815298615703948","0.815298615703948"
"350103","台江区","Taijiang District","福州市","Fuzhou City","福建省","Fujian Province","2001","0.00960227941329745","0.960227941329745"
"350103","台江区","Taijiang District","福州市","Fuzhou City","福建省","Fujian Province","2002","0.0110605238561119","1.10605238561119"
"350103","台江区","Taijiang District","福州市","Fuzhou City","福建省","Fujian Province","2003","0.0107569941253311","1.07569941253311"
"350103","台江区","Taijiang District","福州市","Fuzhou City","福建省","Fujian Province","2004","0.0110515724270083","1.10515724270083"
"350103","台江区","Taijiang District","福州市","Fuzhou City","福建省","Fujian Province","2005","0.010687825203841","1.0687825203841"
"350103","台江区","Taijiang District","福州市","Fuzhou City","福建省","Fujian Province","2006","0.00876818303893765","0.876818303893765"
"350103","台江区","Taijiang District","福州市","Fuzhou City","福建省","Fujian Province","2007","0.011294884301639","1.1294884301639"
"350103","台江区","Taijiang District","福州市","Fuzhou City","福建省","Fujian Province","2008","0.0107488567049946","1.07488567049946"
"350103","台江区","Taijiang District","福州市","Fuzhou City","福建省","Fujian Province","2009","0.0136645318243465","1.36645318243465"
"350103","台江区","Taijiang District","福州市","Fuzhou City","福建省","Fujian Province","2010","0.0120402818487279","1.20402818487279"
"350103","台江区","Taijiang District","福州市","Fuzhou City","福建省","Fujian Province","2011","0.0124976106181015","1.24976106181015"
"350103","台江区","Taijiang District","福州市","Fuzhou City","福建省","Fujian Province","2012","0.011481233749048","1.1481233749048"
"350103","台江区","Taijiang District","福州市","Fuzhou City","福建省","Fujian Province","2013","0.0127637077061679","1.27637077061679"
"350103","台江区","Taijiang District","福州市","Fuzhou City","福建省","Fujian Province","2014","0.0123397426268504","1.23397426268504"
"350103","台江区","Taijiang District","福州市","Fuzhou City","福建省","Fujian Province","2015","0.0115731880051904","1.15731880051904"
"350103","台江区","Taijiang District","福州市","Fuzhou City","福建省","Fujian Province","2016","0.010316754084124","1.0316754084124"
"350103","台江区","Taijiang District","福州市","Fuzhou City","福建省","Fujian Province","2017","0.0129126246320791","1.29126246320791"
"350104","仓山区","Cangshan District","福州市","Fuzhou City","福建省","Fujian Province","2000","0.220172206001582","22.0172206001582"
"350104","仓山区","Cangshan District","福州市","Fuzhou City","福建省","Fujian Province","2001","0.246498561318266","24.6498561318266"
"350104","仓山区","Cangshan District","福州市","Fuzhou City","福建省","Fujian Province","2002","0.252830389089152","25.2830389089152"
"350104","仓山区","Cangshan District","福州市","Fuzhou City","福建省","Fujian Province","2003","0.253729569454375","25.3729569454375"
"350104","仓山区","Cangshan District","福州市","Fuzhou City","福建省","Fujian Province","2004","0.225996203294582","22.5996203294582"
"350104","仓山区","Cangshan District","福州市","Fuzhou City","福建省","Fujian Province","2005","0.205017718365936","20.5017718365936"
"350104","仓山区","Cangshan District","福州市","Fuzhou City","福建省","Fujian Province","2006","0.186745012560701","18.6745012560701"
"350104","仓山区","Cangshan District","福州市","Fuzhou City","福建省","Fujian Province","2007","0.198347475190283","19.8347475190283"
"350104","仓山区","Cangshan District","福州市","Fuzhou City","福建省","Fujian Province","2008","0.196720208517301","19.6720208517301"
"350104","仓山区","Cangshan District","福州市","Fuzhou City","福建省","Fujian Province","2009","0.199724178473137","19.9724178473137"
"350104","仓山区","Cangshan District","福州市","Fuzhou City","福建省","Fujian Province","2010","0.177106973282698","17.7106973282698"
"350104","仓山区","Cangshan District","福州市","Fuzhou City","福建省","Fujian Province","2011","0.182186123721891","18.2186123721891"
"350104","仓山区","Cangshan District","福州市","Fuzhou City","福建省","Fujian Province","2012","0.177529747444423","17.7529747444423"
"350104","仓山区","Cangshan District","福州市","Fuzhou City","福建省","Fujian Province","2013","0.190806405194225","19.0806405194225"
"350104","仓山区","Cangshan District","福州市","Fuzhou City","福建省","Fujian Province","2014","0.178283393316136","17.8283393316136"
"350104","仓山区","Cangshan District","福州市","Fuzhou City","福建省","Fujian Province","2015","0.168984886822247","16.8984886822247"
"350104","仓山区","Cangshan District","福州市","Fuzhou City","福建省","Fujian Province","2016","0.17109386686402","17.109386686402"
"350104","仓山区","Cangshan District","福州市","Fuzhou City","福建省","Fujian Province","2017","0.19756268309346","19.756268309346"
"350105","马尾区","Mawei District","福州市","Fuzhou City","福建省","Fujian Province","2000","0.693843349910725","69.3843349910725"
"350105","马尾区","Mawei District","福州市","Fuzhou City","福建省","Fujian Province","2001","0.819372462897052","81.9372462897052"
"350105","马尾区","Mawei District","福州市","Fuzhou City","福建省","Fujian Province","2002","0.803471561210784","80.3471561210784"
"350105","马尾区","Mawei District","福州市","Fuzhou City","福建省","Fujian Province","2003","0.877114158483394","87.7114158483394"
"350105","马尾区","Mawei District","福州市","Fuzhou City","福建省","Fujian Province","2004","0.790073460546773","79.0073460546773"
"350105","马尾区","Mawei District","福州市","Fuzhou City","福建省","Fujian Province","2005","0.756860344837551","75.6860344837551"
"350105","马尾区","Mawei District","福州市","Fuzhou City","福建省","Fujian Province","2006","0.704515786360247","70.4515786360247"
"350105","马尾区","Mawei District","福州市","Fuzhou City","福建省","Fujian Province","2007","0.792083442456564","79.2083442456564"
"350105","马尾区","Mawei District","福州市","Fuzhou City","福建省","Fujian Province","2008","0.790899688255807","79.0899688255807"
"350105","马尾区","Mawei District","福州市","Fuzhou City","福建省","Fujian Province","2009","0.813514742864786","81.3514742864786"
"350105","马尾区","Mawei District","福州市","Fuzhou City","福建省","Fujian Province","2010","0.693135027072561","69.3135027072561"
"350105","马尾区","Mawei District","福州市","Fuzhou City","福建省","Fujian Province","2011","0.734369032482693","73.4369032482693"
"350105","马尾区","Mawei District","福州市","Fuzhou City","福建省","Fujian Province","2012","0.719881731551904","71.9881731551904"
"350105","马尾区","Mawei District","福州市","Fuzhou City","福建省","Fujian Province","2013","0.786311391919269","78.6311391919269"
"350105","马尾区","Mawei District","福州市","Fuzhou City","福建省","Fujian Province","2014","0.771836147364508","77.1836147364508"
"350105","马尾区","Mawei District","福州市","Fuzhou City","福建省","Fujian Province","2015","0.735590098686835","73.5590098686835"
"350105","马尾区","Mawei District","福州市","Fuzhou City","福建省","Fujian Province","2016","0.717552301223541","71.7552301223541"
"350105","马尾区","Mawei District","福州市","Fuzhou City","福建省","Fujian Province","2017","0.749583313774885","74.9583313774885"
"350111","晋安区","Jin'an District","福州市","Fuzhou City","福建省","Fujian Province","2000","1.5517103032908","155.17103032908"
"350111","晋安区","Jin'an District","福州市","Fuzhou City","福建省","Fujian Province","2001","1.83636665348561","183.636665348561"
"350111","晋安区","Jin'an District","福州市","Fuzhou City","福建省","Fujian Province","2002","1.77751006033977","177.751006033977"
"350111","晋安区","Jin'an District","福州市","Fuzhou City","福建省","Fujian Province","2003","1.89124718819257","189.124718819257"
"350111","晋安区","Jin'an District","福州市","Fuzhou City","福建省","Fujian Province","2004","1.7756946247347","177.56946247347"
"350111","晋安区","Jin'an District","福州市","Fuzhou City","福建省","Fujian Province","2005","1.66646698419744","166.646698419744"
"350111","晋安区","Jin'an District","福州市","Fuzhou City","福建省","Fujian Province","2006","1.5601072845894","156.01072845894"
"350111","晋安区","Jin'an District","福州市","Fuzhou City","福建省","Fujian Province","2007","1.7353178151654","173.53178151654"
"350111","晋安区","Jin'an District","福州市","Fuzhou City","福建省","Fujian Province","2008","1.6851004923466","168.51004923466"
"350111","晋安区","Jin'an District","福州市","Fuzhou City","福建省","Fujian Province","2009","1.76009872382531","176.009872382531"
"350111","晋安区","Jin'an District","福州市","Fuzhou City","福建省","Fujian Province","2010","1.52219799738817","152.219799738817"
"350111","晋安区","Jin'an District","福州市","Fuzhou City","福建省","Fujian Province","2011","1.60210369558194","160.210369558194"
"350111","晋安区","Jin'an District","福州市","Fuzhou City","福建省","Fujian Province","2012","1.63830383158063","163.830383158063"
"350111","晋安区","Jin'an District","福州市","Fuzhou City","福建省","Fujian Province","2013","1.68541374175468","168.541374175468"
"350111","晋安区","Jin'an District","福州市","Fuzhou City","福建省","Fujian Province","2014","1.65356066672067","165.356066672067"
"350111","晋安区","Jin'an District","福州市","Fuzhou City","福建省","Fujian Province","2015","1.5514341802542","155.14341802542"
"350111","晋安区","Jin'an District","福州市","Fuzhou City","福建省","Fujian Province","2016","1.51822195762483","151.822195762483"
"350111","晋安区","Jin'an District","福州市","Fuzhou City","福建省","Fujian Province","2017","1.61537649608456","161.537649608456"
"350121","闽侯县","Minhou County","福州市","Fuzhou City","福建省","Fujian Province","2000","5.40611717147127","540.611717147127"
"350121","闽侯县","Minhou County","福州市","Fuzhou City","福建省","Fujian Province","2001","6.37394264567677","637.394264567677"
"350121","闽侯县","Minhou County","福州市","Fuzhou City","福建省","Fujian Province","2002","6.1221414775068","612.21414775068"
"350121","闽侯县","Minhou County","福州市","Fuzhou City","福建省","Fujian Province","2003","6.5185988438194","651.85988438194"
"350121","闽侯县","Minhou County","福州市","Fuzhou City","福建省","Fujian Province","2004","6.20015299690687","620.015299690687"
"350121","闽侯县","Minhou County","福州市","Fuzhou City","福建省","Fujian Province","2005","5.73305218118695","573.305218118695"
"350121","闽侯县","Minhou County","福州市","Fuzhou City","福建省","Fujian Province","2006","5.50396662996705","550.396662996705"
"350121","闽侯县","Minhou County","福州市","Fuzhou City","福建省","Fujian Province","2007","6.10112460360236","610.112460360236"
"350121","闽侯县","Minhou County","福州市","Fuzhou City","福建省","Fujian Province","2008","5.8805967346381","588.05967346381"
"350121","闽侯县","Minhou County","福州市","Fuzhou City","福建省","Fujian Province","2009","6.15730683941125","615.730683941125"
"350121","闽侯县","Minhou County","福州市","Fuzhou City","福建省","Fujian Province","2010","5.39416650218253","539.416650218253"
"350121","闽侯县","Minhou County","福州市","Fuzhou City","福建省","Fujian Province","2011","5.57793417342133","557.793417342133"
"350121","闽侯县","Minhou County","福州市","Fuzhou City","福建省","Fujian Province","2012","5.73856543945822","573.856543945822"
"350121","闽侯县","Minhou County","福州市","Fuzhou City","福建省","Fujian Province","2013","5.93376084452357","593.376084452357"
"350121","闽侯县","Minhou County","福州市","Fuzhou City","福建省","Fujian Province","2014","5.74183902962429","574.183902962429"
"350121","闽侯县","Minhou County","福州市","Fuzhou City","福建省","Fujian Province","2015","5.45786212925396","545.786212925396"
"350121","闽侯县","Minhou County","福州市","Fuzhou City","福建省","Fujian Province","2016","5.3587319381736","535.87319381736"
"350121","闽侯县","Minhou County","福州市","Fuzhou City","福建省","Fujian Province","2017","5.80090798957459","580.090798957459"
"350122","连江县","Lianjiang County","福州市","Fuzhou City","福建省","Fujian Province","2000","8.61509920668768","861.509920668768"
"350122","连江县","Lianjiang County","福州市","Fuzhou City","福建省","Fujian Province","2001","10.1515186911422","1015.15186911422"
"350122","连江县","Lianjiang County","福州市","Fuzhou City","福建省","Fujian Province","2002","10.0584671031985","1005.84671031985"
"350122","连江县","Lianjiang County","福州市","Fuzhou City","福建省","Fujian Province","2003","10.7798619134755","1077.98619134755"
"350122","连江县","Lianjiang County","福州市","Fuzhou City","福建省","Fujian Province","2004","10.0265483558885","1002.65483558885"
"350122","连江县","Lianjiang County","福州市","Fuzhou City","福建省","Fujian Province","2005","9.35614113634055","935.614113634055"
"350122","连江县","Lianjiang County","福州市","Fuzhou City","福建省","Fujian Province","2006","8.93403038882544","893.403038882544"
"350122","连江县","Lianjiang County","福州市","Fuzhou City","福建省","Fujian Province","2007","10.0500461129481","1005.00461129481"
"350122","连江县","Lianjiang County","福州市","Fuzhou City","福建省","Fujian Province","2008","9.8058962057004","980.58962057004"
"350122","连江县","Lianjiang County","福州市","Fuzhou City","福建省","Fujian Province","2009","10.0215666473807","1002.15666473807"
"350122","连江县","Lianjiang County","福州市","Fuzhou City","福建省","Fujian Province","2010","8.7732971857214","877.32971857214"
"350122","连江县","Lianjiang County","福州市","Fuzhou City","福建省","Fujian Province","2011","9.09629750817086","909.629750817086"
"350122","连江县","Lianjiang County","福州市","Fuzhou City","福建省","Fujian Province","2012","9.11462222933509","911.462222933509"
"350122","连江县","Lianjiang County","福州市","Fuzhou City","福建省","Fujian Province","2013","9.66898964258248","966.898964258248"
"350122","连江县","Lianjiang County","福州市","Fuzhou City","福建省","Fujian Province","2014","9.54011563578304","954.011563578304"
"350122","连江县","Lianjiang County","福州市","Fuzhou City","福建省","Fujian Province","2015","8.8632672918032","886.32672918032"
"350122","连江县","Lianjiang County","福州市","Fuzhou City","福建省","Fujian Province","2016","8.74951702130983","874.951702130983"
"350122","连江县","Lianjiang County","福州市","Fuzhou City","福建省","Fujian Province","2017","9.48713352870911","948.713352870911"
"350123","罗源县","Luoyuan County","福州市","Fuzhou City","福建省","Fujian Province","2000","3.04618433994395","304.618433994395"
"350123","罗源县","Luoyuan County","福州市","Fuzhou City","福建省","Fujian Province","2001","3.63394615558028","363.394615558028"
"350123","罗源县","Luoyuan County","福州市","Fuzhou City","福建省","Fujian Province","2002","3.57948474038734","357.948474038734"
"350123","罗源县","Luoyuan County","福州市","Fuzhou City","福建省","Fujian Province","2003","3.76763942254622","376.763942254622"
"350123","罗源县","Luoyuan County","福州市","Fuzhou City","福建省","Fujian Province","2004","3.56019664147306","356.019664147306"
"350123","罗源县","Luoyuan County","福州市","Fuzhou City","福建省","Fujian Province","2005","3.2665072036541","326.65072036541"
"350123","罗源县","Luoyuan County","福州市","Fuzhou City","福建省","Fujian Province","2006","3.13093933313816","313.093933313816"
"350123","罗源县","Luoyuan County","福州市","Fuzhou City","福建省","Fujian Province","2007","3.55176371553739","355.176371553739"
"350123","罗源县","Luoyuan County","福州市","Fuzhou City","福建省","Fujian Province","2008","3.37617341657254","337.617341657254"
"350123","罗源县","Luoyuan County","福州市","Fuzhou City","福建省","Fujian Province","2009","3.57174689219509","357.174689219509"
"350123","罗源县","Luoyuan County","福州市","Fuzhou City","福建省","Fujian Province","2010","3.12333425700755","312.333425700755"
"350123","罗源县","Luoyuan County","福州市","Fuzhou City","福建省","Fujian Province","2011","3.20492798959272","320.492798959272"
"350123","罗源县","Luoyuan County","福州市","Fuzhou City","福建省","Fujian Province","2012","3.2967026414419","329.67026414419"
"350123","罗源县","Luoyuan County","福州市","Fuzhou City","福建省","Fujian Province","2013","3.45290941185078","345.290941185078"
"350123","罗源县","Luoyuan County","福州市","Fuzhou City","福建省","Fujian Province","2014","3.40082124952159","340.082124952159"
"350123","罗源县","Luoyuan County","福州市","Fuzhou City","福建省","Fujian Province","2015","3.16009271567951","316.009271567951"
"350123","罗源县","Luoyuan County","福州市","Fuzhou City","福建省","Fujian Province","2016","3.11654083830415","311.654083830415"
"350123","罗源县","Luoyuan County","福州市","Fuzhou City","福建省","Fujian Province","2017","3.36250839429239","336.250839429239"
"350124","闽清县","Minqing County","福州市","Fuzhou City","福建省","Fujian Province","2000","3.65326081343541","365.326081343541"
"350124","闽清县","Minqing County","福州市","Fuzhou City","福建省","Fujian Province","2001","4.32708601721066","432.708601721066"
"350124","闽清县","Minqing County","福州市","Fuzhou City","福建省","Fujian Province","2002","4.10525814023794","410.525814023794"
"350124","闽清县","Minqing County","福州市","Fuzhou City","福建省","Fujian Province","2003","4.30350212540991","430.350212540991"
"350124","闽清县","Minqing County","福州市","Fuzhou City","福建省","Fujian Province","2004","4.22243204952627","422.243204952627"
"350124","闽清县","Minqing County","福州市","Fuzhou City","福建省","Fujian Province","2005","3.82991102306265","382.991102306265"
"350124","闽清县","Minqing County","福州市","Fuzhou City","福建省","Fujian Province","2006","3.7296562376573","372.96562376573"
"350124","闽清县","Minqing County","福州市","Fuzhou City","福建省","Fujian Province","2007","4.11229537962975","411.229537962975"
"350124","闽清县","Minqing County","福州市","Fuzhou City","福建省","Fujian Province","2008","3.98992069864484","398.992069864484"
"350124","闽清县","Minqing County","福州市","Fuzhou City","福建省","Fujian Province","2009","4.15559632731954","415.559632731954"
"350124","闽清县","Minqing County","福州市","Fuzhou City","福建省","Fujian Province","2010","3.74282422528997","374.282422528997"
"350124","闽清县","Minqing County","福州市","Fuzhou City","福建省","Fujian Province","2011","3.76685255900164","376.685255900164"
"350124","闽清县","Minqing County","福州市","Fuzhou City","福建省","Fujian Province","2012","3.94221548883886","394.221548883886"
"350124","闽清县","Minqing County","福州市","Fuzhou City","福建省","Fujian Province","2013","4.05037611538365","405.037611538365"
"350124","闽清县","Minqing County","福州市","Fuzhou City","福建省","Fujian Province","2014","3.89606959464652","389.606959464652"
"350124","闽清县","Minqing County","福州市","Fuzhou City","福建省","Fujian Province","2015","3.76567595252816","376.567595252816"
"350124","闽清县","Minqing County","福州市","Fuzhou City","福建省","Fujian Province","2016","3.69722207809379","369.722207809379"
"350124","闽清县","Minqing County","福州市","Fuzhou City","福建省","Fujian Province","2017","3.99579322220649","399.579322220649"
"350125","永泰县","Yongtai County","福州市","Fuzhou City","福建省","Fujian Province","2000","6.23361196164196","623.361196164196"
"350125","永泰县","Yongtai County","福州市","Fuzhou City","福建省","Fujian Province","2001","7.26328223137517","726.328223137517"
"350125","永泰县","Yongtai County","福州市","Fuzhou City","福建省","Fujian Province","2002","7.00905736548061","700.905736548061"
"350125","永泰县","Yongtai County","福州市","Fuzhou City","福建省","Fujian Province","2003","7.56446090622845","756.446090622845"
"350125","永泰县","Yongtai County","福州市","Fuzhou City","福建省","Fujian Province","2004","7.18063282565391","718.063282565391"
"350125","永泰县","Yongtai County","福州市","Fuzhou City","福建省","Fujian Province","2005","6.67168239107582","667.168239107582"
"350125","永泰县","Yongtai County","福州市","Fuzhou City","福建省","Fujian Province","2006","6.5363241342724","653.63241342724"
"350125","永泰县","Yongtai County","福州市","Fuzhou City","福建省","Fujian Province","2007","6.86325029281347","686.325029281347"
"350125","永泰县","Yongtai County","福州市","Fuzhou City","福建省","Fujian Province","2008","6.92989707666448","692.989707666448"
"350125","永泰县","Yongtai County","福州市","Fuzhou City","福建省","Fujian Province","2009","7.18980388176098","718.980388176098"
"350125","永泰县","Yongtai County","福州市","Fuzhou City","福建省","Fujian Province","2010","6.39882991923981","639.882991923981"
"350125","永泰县","Yongtai County","福州市","Fuzhou City","福建省","Fujian Province","2011","6.57101969725743","657.101969725743"
"350125","永泰县","Yongtai County","福州市","Fuzhou City","福建省","Fujian Province","2012","6.68854548817125","668.854548817125"
"350125","永泰县","Yongtai County","福州市","Fuzhou City","福建省","Fujian Province","2013","6.99709438531545","699.709438531545"
"350125","永泰县","Yongtai County","福州市","Fuzhou City","福建省","Fujian Province","2014","6.58368236350147","658.368236350147"
"350125","永泰县","Yongtai County","福州市","Fuzhou City","福建省","Fujian Province","2015","6.41095730969014","641.095730969014"
"350125","永泰县","Yongtai County","福州市","Fuzhou City","福建省","Fujian Province","2016","6.39911194701793","639.911194701793"
"350125","永泰县","Yongtai County","福州市","Fuzhou City","福建省","Fujian Province","2017","6.82098432060266","682.098432060266"
"350128","平潭县","Pingtan County","福州市","Fuzhou City","福建省","Fujian Province","2000","2.46537114355292","246.537114355292"
"350128","平潭县","Pingtan County","福州市","Fuzhou City","福建省","Fujian Province","2001","2.74072335536469","274.072335536469"
"350128","平潭县","Pingtan County","福州市","Fuzhou City","福建省","Fujian Province","2002","2.98492138116503","298.492138116503"
"350128","平潭县","Pingtan County","福州市","Fuzhou City","福建省","Fujian Province","2003","2.79312509178207","279.312509178207"
"350128","平潭县","Pingtan County","福州市","Fuzhou City","福建省","Fujian Province","2004","2.68709074069329","268.709074069329"
"350128","平潭县","Pingtan County","福州市","Fuzhou City","福建省","Fujian Province","2005","2.67174175074295","267.174175074295"
"350128","平潭县","Pingtan County","福州市","Fuzhou City","福建省","Fujian Province","2006","2.42922991150164","242.922991150164"
"350128","平潭县","Pingtan County","福州市","Fuzhou City","福建省","Fujian Province","2007","2.77874530514035","277.874530514035"
"350128","平潭县","Pingtan County","福州市","Fuzhou City","福建省","Fujian Province","2008","2.93888310793155","293.888310793155"
"350128","平潭县","Pingtan County","福州市","Fuzhou City","福建省","Fujian Province","2009","2.88930826246158","288.930826246158"
"350128","平潭县","Pingtan County","福州市","Fuzhou City","福建省","Fujian Province","2010","2.53918188508534","253.918188508534"
"350128","平潭县","Pingtan County","福州市","Fuzhou City","福建省","Fujian Province","2011","2.69002986613357","269.002986613357"
"350128","平潭县","Pingtan County","福州市","Fuzhou City","福建省","Fujian Province","2012","2.60548275509491","260.548275509491"
"350128","平潭县","Pingtan County","福州市","Fuzhou City","福建省","Fujian Province","2013","2.75061841012432","275.061841012432"
"350128","平潭县","Pingtan County","福州市","Fuzhou City","福建省","Fujian Province","2014","2.63330828504931","263.330828504931"
"350128","平潭县","Pingtan County","福州市","Fuzhou City","福建省","Fujian Province","2015","2.64660878369038","264.660878369038"
"350128","平潭县","Pingtan County","福州市","Fuzhou City","福建省","Fujian Province","2016","2.72750912218925","272.750912218925"
"350128","平潭县","Pingtan County","福州市","Fuzhou City","福建省","Fujian Province","2017","2.85577867857833","285.577867857833"
"350181","福清市","Fuqing City","福州市","Fuzhou City","福建省","Fujian Province","2000","6.01062430593377","601.062430593377"
"350181","福清市","Fuqing City","福州市","Fuzhou City","福建省","Fujian Province","2001","7.06640072033902","706.640072033902"
"350181","福清市","Fuqing City","福州市","Fuzhou City","福建省","Fujian Province","2002","7.09125373670515","709.125373670515"
"350181","福清市","Fuqing City","福州市","Fuzhou City","福建省","Fujian Province","2003","7.44037808488002","744.037808488002"
"350181","福清市","Fuqing City","福州市","Fuzhou City","福建省","Fujian Province","2004","6.81302852409533","681.302852409533"
"350181","福清市","Fuqing City","福州市","Fuzhou City","福建省","Fujian Province","2005","6.67011407961656","667.011407961656"
"350181","福清市","Fuqing City","福州市","Fuzhou City","福建省","Fujian Province","2006","6.3080871338432","630.80871338432"
"350181","福清市","Fuqing City","福州市","Fuzhou City","福建省","Fujian Province","2007","6.82309249087059","682.309249087059"
"350181","福清市","Fuqing City","福州市","Fuzhou City","福建省","Fujian Province","2008","6.94779009686456","694.779009686456"
"350181","福清市","Fuqing City","福州市","Fuzhou City","福建省","Fujian Province","2009","7.02378238836039","702.378238836039"
"350181","福清市","Fuqing City","福州市","Fuzhou City","福建省","Fujian Province","2010","6.31504698800046","631.504698800046"
"350181","福清市","Fuqing City","福州市","Fuzhou City","福建省","Fujian Province","2011","6.65579737366034","665.579737366034"
"350181","福清市","Fuqing City","福州市","Fuzhou City","福建省","Fujian Province","2012","6.46222380352601","646.222380352601"
"350181","福清市","Fuqing City","福州市","Fuzhou City","福建省","Fujian Province","2013","6.93496619205111","693.496619205111"
"350181","福清市","Fuqing City","福州市","Fuzhou City","福建省","Fujian Province","2014","6.62561450636347","662.561450636347"
"350181","福清市","Fuqing City","福州市","Fuzhou City","福建省","Fujian Province","2015","6.52214997416988","652.214997416988"
"350181","福清市","Fuqing City","福州市","Fuzhou City","福建省","Fujian Province","2016","6.37285826357298","637.285826357298"
"350181","福清市","Fuqing City","福州市","Fuzhou City","福建省","Fujian Province","2017","6.72531425007547","672.531425007547"
"350182","长乐市","Changle City","福州市","Fuzhou City","福建省","Fujian Province","2000","3.38072409914762","338.072409914762"
"350182","长乐市","Changle City","福州市","Fuzhou City","福建省","Fujian Province","2001","3.9205233441337","392.05233441337"
"350182","长乐市","Changle City","福州市","Fuzhou City","福建省","Fujian Province","2002","3.91457348035624","391.457348035624"
"350182","长乐市","Changle City","福州市","Fuzhou City","福建省","Fujian Province","2003","4.19049290637199","419.049290637199"
"350182","长乐市","Changle City","福州市","Fuzhou City","福建省","Fujian Province","2004","3.80337839237438","380.337839237438"
"350182","长乐市","Changle City","福州市","Fuzhou City","福建省","Fujian Province","2005","3.67315522398736","367.315522398736"
"350182","长乐市","Changle City","福州市","Fuzhou City","福建省","Fujian Province","2006","3.46717721598071","346.717721598071"
"350182","长乐市","Changle City","福州市","Fuzhou City","福建省","Fujian Province","2007","3.83846571373469","383.846571373469"
"350182","长乐市","Changle City","福州市","Fuzhou City","福建省","Fujian Province","2008","3.93449708455151","393.449708455151"
"350182","长乐市","Changle City","福州市","Fuzhou City","福建省","Fujian Province","2009","4.01527736573641","401.527736573641"
"350182","长乐市","Changle City","福州市","Fuzhou City","福建省","Fujian Province","2010","3.50797039355039","350.797039355039"
"350182","长乐市","Changle City","福州市","Fuzhou City","福建省","Fujian Province","2011","3.66532488416417","366.532488416417"
"350182","长乐市","Changle City","福州市","Fuzhou City","福建省","Fujian Province","2012","3.51285778731943","351.285778731943"
"350182","长乐市","Changle City","福州市","Fuzhou City","福建省","Fujian Province","2013","3.74901233246035","374.901233246035"
"350182","长乐市","Changle City","福州市","Fuzhou City","福建省","Fujian Province","2014","3.66766974497181","366.766974497181"
"350182","长乐市","Changle City","福州市","Fuzhou City","福建省","Fujian Province","2015","3.53971643896256","353.971643896256"
"350182","长乐市","Changle City","福州市","Fuzhou City","福建省","Fujian Province","2016","3.45088085568043","345.088085568043"
"350182","长乐市","Changle City","福州市","Fuzhou City","福建省","Fujian Province","2017","3.77702471584315","377.702471584315"
"350203","思明区","Siming District","厦门市","Xiamen City","福建省","Fujian Province","2000","0.286871408775422","28.6871408775422"
"350203","思明区","Siming District","厦门市","Xiamen City","福建省","Fujian Province","2001","0.342378335087852","34.2378335087852"
"350203","思明区","Siming District","厦门市","Xiamen City","福建省","Fujian Province","2002","0.316463558739735","31.6463558739735"
"350203","思明区","Siming District","厦门市","Xiamen City","福建省","Fujian Province","2003","0.381546337769219","38.1546337769219"
"350203","思明区","Siming District","厦门市","Xiamen City","福建省","Fujian Province","2004","0.337737991596319","33.7737991596319"
"350203","思明区","Siming District","厦门市","Xiamen City","福建省","Fujian Province","2005","0.335339685780722","33.5339685780722"
"350203","思明区","Siming District","厦门市","Xiamen City","福建省","Fujian Province","2006","0.328236041316439","32.8236041316439"
"350203","思明区","Siming District","厦门市","Xiamen City","福建省","Fujian Province","2007","0.336772792719444","33.6772792719444"
"350203","思明区","Siming District","厦门市","Xiamen City","福建省","Fujian Province","2008","0.340566362675041","34.0566362675041"
"350203","思明区","Siming District","厦门市","Xiamen City","福建省","Fujian Province","2009","0.341629950395355","34.1629950395355"
"350203","思明区","Siming District","厦门市","Xiamen City","福建省","Fujian Province","2010","0.319520760752809","31.9520760752809"
"350203","思明区","Siming District","厦门市","Xiamen City","福建省","Fujian Province","2011","0.322889607200112","32.2889607200112"
"350203","思明区","Siming District","厦门市","Xiamen City","福建省","Fujian Province","2012","0.321426227753176","32.1426227753176"
"350203","思明区","Siming District","厦门市","Xiamen City","福建省","Fujian Province","2013","0.348668151607139","34.8668151607139"
"350203","思明区","Siming District","厦门市","Xiamen City","福建省","Fujian Province","2014","0.329536031887271","32.9536031887271"
"350203","思明区","Siming District","厦门市","Xiamen City","福建省","Fujian Province","2015","0.343595962344697","34.3595962344697"
"350203","思明区","Siming District","厦门市","Xiamen City","福建省","Fujian Province","2016","0.327752106397924","32.7752106397924"
"350203","思明区","Siming District","厦门市","Xiamen City","福建省","Fujian Province","2017","0.350324749914923","35.0324749914923"
"350205","海沧区","Haicang District","厦门市","Xiamen City","福建省","Fujian Province","2000","0.529981128364186","52.9981128364186"
"350205","海沧区","Haicang District","厦门市","Xiamen City","福建省","Fujian Province","2001","0.621409868030288","62.1409868030288"
"350205","海沧区","Haicang District","厦门市","Xiamen City","福建省","Fujian Province","2002","0.601336656892152","60.1336656892152"
"350205","海沧区","Haicang District","厦门市","Xiamen City","福建省","Fujian Province","2003","0.675023965135118","67.5023965135118"
"350205","海沧区","Haicang District","厦门市","Xiamen City","福建省","Fujian Province","2004","0.606705673245893","60.6705673245893"
"350205","海沧区","Haicang District","厦门市","Xiamen City","福建省","Fujian Province","2005","0.570775522931384","57.0775522931384"
"350205","海沧区","Haicang District","厦门市","Xiamen City","福建省","Fujian Province","2006","0.564455494869025","56.4455494869025"
"350205","海沧区","Haicang District","厦门市","Xiamen City","福建省","Fujian Province","2007","0.570757294656409","57.0757294656409"
"350205","海沧区","Haicang District","厦门市","Xiamen City","福建省","Fujian Province","2008","0.586755850764841","58.6755850764841"
"350205","海沧区","Haicang District","厦门市","Xiamen City","福建省","Fujian Province","2009","0.596482930095692","59.6482930095692"
"350205","海沧区","Haicang District","厦门市","Xiamen City","福建省","Fujian Province","2010","0.563197939909117","56.3197939909117"
"350205","海沧区","Haicang District","厦门市","Xiamen City","福建省","Fujian Province","2011","0.558945036020369","55.8945036020369"
"350205","海沧区","Haicang District","厦门市","Xiamen City","福建省","Fujian Province","2012","0.555431770609603","55.5431770609603"
"350205","海沧区","Haicang District","厦门市","Xiamen City","福建省","Fujian Province","2013","0.564864922708088","56.4864922708088"
"350205","海沧区","Haicang District","厦门市","Xiamen City","福建省","Fujian Province","2014","0.538402630008111","53.8402630008111"
"350205","海沧区","Haicang District","厦门市","Xiamen City","福建省","Fujian Province","2015","0.554376825488872","55.4376825488872"
"350205","海沧区","Haicang District","厦门市","Xiamen City","福建省","Fujian Province","2016","0.511453789748369","51.1453789748369"
"350205","海沧区","Haicang District","厦门市","Xiamen City","福建省","Fujian Province","2017","0.552021560462096","55.2021560462096"
"350206","湖里区","Huli District","厦门市","Xiamen City","福建省","Fujian Province","2000","0.0885796331665855","8.85796331665855"
"350206","湖里区","Huli District","厦门市","Xiamen City","福建省","Fujian Province","2001","0.102821373662685","10.2821373662685"
"350206","湖里区","Huli District","厦门市","Xiamen City","福建省","Fujian Province","2002","0.101915106218338","10.1915106218338"
"350206","湖里区","Huli District","厦门市","Xiamen City","福建省","Fujian Province","2003","0.109098902680364","10.9098902680364"
"350206","湖里区","Huli District","厦门市","Xiamen City","福建省","Fujian Province","2004","0.0951834178795695","9.51834178795695"
"350206","湖里区","Huli District","厦门市","Xiamen City","福建省","Fujian Province","2005","0.0865824239659761","8.65824239659761"
"350206","湖里区","Huli District","厦门市","Xiamen City","福建省","Fujian Province","2006","0.0793199712648124","7.93199712648124"
"350206","湖里区","Huli District","厦门市","Xiamen City","福建省","Fujian Province","2007","0.0760266286213892","7.60266286213892"
"350206","湖里区","Huli District","厦门市","Xiamen City","福建省","Fujian Province","2008","0.0729836204146334","7.29836204146334"
"350206","湖里区","Huli District","厦门市","Xiamen City","福建省","Fujian Province","2009","0.0739918009891616","7.39918009891616"
"350206","湖里区","Huli District","厦门市","Xiamen City","福建省","Fujian Province","2010","0.067650662941938","6.7650662941938"
"350206","湖里区","Huli District","厦门市","Xiamen City","福建省","Fujian Province","2011","0.0693872766743176","6.93872766743176"
"350206","湖里区","Huli District","厦门市","Xiamen City","福建省","Fujian Province","2012","0.0751826025377232","7.51826025377232"
"350206","湖里区","Huli District","厦门市","Xiamen City","福建省","Fujian Province","2013","0.0804553706116792","8.04553706116792"
"350206","湖里区","Huli District","厦门市","Xiamen City","福建省","Fujian Province","2014","0.0756812204175708","7.56812204175708"
"350206","湖里区","Huli District","厦门市","Xiamen City","福建省","Fujian Province","2015","0.0811988523039022","8.11988523039022"
"350206","湖里区","Huli District","厦门市","Xiamen City","福建省","Fujian Province","2016","0.0758070720817146","7.58070720817146"
"350206","湖里区","Huli District","厦门市","Xiamen City","福建省","Fujian Province","2017","0.0790874191714211","7.90874191714211"
"350211","集美区","Jimei District","厦门市","Xiamen City","福建省","Fujian Province","2000","0.786668098978749","78.6668098978749"
"350211","集美区","Jimei District","厦门市","Xiamen City","福建省","Fujian Province","2001","0.917854128817003","91.7854128817003"
"350211","集美区","Jimei District","厦门市","Xiamen City","福建省","Fujian Province","2002","0.901822730010344","90.1822730010344"
"350211","集美区","Jimei District","厦门市","Xiamen City","福建省","Fujian Province","2003","0.987511831670802","98.7511831670802"
"350211","集美区","Jimei District","厦门市","Xiamen City","福建省","Fujian Province","2004","0.917316317204827","91.7316317204827"
"350211","集美区","Jimei District","厦门市","Xiamen City","福建省","Fujian Province","2005","0.871490365266953","87.1490365266953"
"350211","集美区","Jimei District","厦门市","Xiamen City","福建省","Fujian Province","2006","0.84228917477959","84.228917477959"
"350211","集美区","Jimei District","厦门市","Xiamen City","福建省","Fujian Province","2007","0.866779861057097","86.6779861057097"
"350211","集美区","Jimei District","厦门市","Xiamen City","福建省","Fujian Province","2008","0.877858366639143","87.7858366639143"
"350211","集美区","Jimei District","厦门市","Xiamen City","福建省","Fujian Province","2009","0.895629039673418","89.5629039673418"
"350211","集美区","Jimei District","厦门市","Xiamen City","福建省","Fujian Province","2010","0.854193852362831","85.4193852362831"
"350211","集美区","Jimei District","厦门市","Xiamen City","福建省","Fujian Province","2011","0.845160801722663","84.5160801722663"
"350211","集美区","Jimei District","厦门市","Xiamen City","福建省","Fujian Province","2012","0.839543970507866","83.9543970507866"
"350211","集美区","Jimei District","厦门市","Xiamen City","福建省","Fujian Province","2013","0.866862963053996","86.6862963053996"
"350211","集美区","Jimei District","厦门市","Xiamen City","福建省","Fujian Province","2014","0.815984660468382","81.5984660468382"
"350211","集美区","Jimei District","厦门市","Xiamen City","福建省","Fujian Province","2015","0.830303014628451","83.0303014628451"
"350211","集美区","Jimei District","厦门市","Xiamen City","福建省","Fujian Province","2016","0.764415455262892","76.4415455262892"
"350211","集美区","Jimei District","厦门市","Xiamen City","福建省","Fujian Province","2017","0.824006181008609","82.4006181008609"
"350212","同安区","Tong'an District","厦门市","Xiamen City","福建省","Fujian Province","2000","2.12557095753386","212.557095753386"
"350212","同安区","Tong'an District","厦门市","Xiamen City","福建省","Fujian Province","2001","2.39924195056931","239.924195056931"
"350212","同安区","Tong'an District","厦门市","Xiamen City","福建省","Fujian Province","2002","2.36615161055473","236.615161055473"
"350212","同安区","Tong'an District","厦门市","Xiamen City","福建省","Fujian Province","2003","2.59690144761203","259.690144761203"
"350212","同安区","Tong'an District","厦门市","Xiamen City","福建省","Fujian Province","2004","2.40976237411395","240.976237411395"
"350212","同安区","Tong'an District","厦门市","Xiamen City","福建省","Fujian Province","2005","2.3056270097411","230.56270097411"
"350212","同安区","Tong'an District","厦门市","Xiamen City","福建省","Fujian Province","2006","2.26826566060777","226.826566060777"
"350212","同安区","Tong'an District","厦门市","Xiamen City","福建省","Fujian Province","2007","2.31542636212692","231.542636212692"
"350212","同安区","Tong'an District","厦门市","Xiamen City","福建省","Fujian Province","2008","2.34277362354565","234.277362354565"
"350212","同安区","Tong'an District","厦门市","Xiamen City","福建省","Fujian Province","2009","2.41498020562581","241.498020562581"
"350212","同安区","Tong'an District","厦门市","Xiamen City","福建省","Fujian Province","2010","2.26108482283752","226.108482283752"
"350212","同安区","Tong'an District","厦门市","Xiamen City","福建省","Fujian Province","2011","2.31041507882635","231.041507882635"
"350212","同安区","Tong'an District","厦门市","Xiamen City","福建省","Fujian Province","2012","2.32753352380957","232.753352380957"
"350212","同安区","Tong'an District","厦门市","Xiamen City","福建省","Fujian Province","2013","2.40695679814528","240.695679814528"
"350212","同安区","Tong'an District","厦门市","Xiamen City","福建省","Fujian Province","2014","2.23888485505739","223.888485505739"
"350212","同安区","Tong'an District","厦门市","Xiamen City","福建省","Fujian Province","2015","2.2580499953627","225.80499953627"
"350212","同安区","Tong'an District","厦门市","Xiamen City","福建省","Fujian Province","2016","2.14850018766592","214.850018766592"
"350212","同安区","Tong'an District","厦门市","Xiamen City","福建省","Fujian Province","2017","2.32037294993387","232.037294993387"
"350213","翔安区","Xiang'an District","厦门市","Xiamen City","福建省","Fujian Province","2000","1.15660617332281","115.660617332281"
"350213","翔安区","Xiang'an District","厦门市","Xiamen City","福建省","Fujian Province","2001","1.31821630138754","131.821630138754"
"350213","翔安区","Xiang'an District","厦门市","Xiamen City","福建省","Fujian Province","2002","1.32071361018935","132.071361018935"
"350213","翔安区","Xiang'an District","厦门市","Xiamen City","福建省","Fujian Province","2003","1.4657142035441","146.57142035441"
"350213","翔安区","Xiang'an District","厦门市","Xiamen City","福建省","Fujian Province","2004","1.30924436219618","130.924436219618"
"350213","翔安区","Xiang'an District","厦门市","Xiamen City","福建省","Fujian Province","2005","1.25685652575972","125.685652575972"
"350213","翔安区","Xiang'an District","厦门市","Xiamen City","福建省","Fujian Province","2006","1.2437719530537","124.37719530537"
"350213","翔安区","Xiang'an District","厦门市","Xiamen City","福建省","Fujian Province","2007","1.26012637363821","126.012637363821"
"350213","翔安区","Xiang'an District","厦门市","Xiamen City","福建省","Fujian Province","2008","1.26206501783546","126.206501783546"
"350213","翔安区","Xiang'an District","厦门市","Xiamen City","福建省","Fujian Province","2009","1.2589317364949","125.89317364949"
"350213","翔安区","Xiang'an District","厦门市","Xiamen City","福建省","Fujian Province","2010","1.22323010246313","122.323010246313"
"350213","翔安区","Xiang'an District","厦门市","Xiamen City","福建省","Fujian Province","2011","1.2361086442467","123.61086442467"
"350213","翔安区","Xiang'an District","厦门市","Xiamen City","福建省","Fujian Province","2012","1.23810231943532","123.810231943532"
"350213","翔安区","Xiang'an District","厦门市","Xiamen City","福建省","Fujian Province","2013","1.27528176530393","127.528176530393"
"350213","翔安区","Xiang'an District","厦门市","Xiamen City","福建省","Fujian Province","2014","1.19210945927593","119.210945927593"
"350213","翔安区","Xiang'an District","厦门市","Xiamen City","福建省","Fujian Province","2015","1.24514580980994","124.514580980994"
"350213","翔安区","Xiang'an District","厦门市","Xiamen City","福建省","Fujian Province","2016","1.16148303892875","116.148303892875"
"350213","翔安区","Xiang'an District","厦门市","Xiamen City","福建省","Fujian Province","2017","1.21478453541785","121.478453541785"
"350302","城厢区","Chengxiang District","莆田市","Putian City","福建省","Fujian Province","2000","1.46628859058029","146.628859058029"
"350302","城厢区","Chengxiang District","莆田市","Putian City","福建省","Fujian Province","2001","1.69655473013417","169.655473013417"
"350302","城厢区","Chengxiang District","莆田市","Putian City","福建省","Fujian Province","2002","1.74355449341795","174.355449341795"
"350302","城厢区","Chengxiang District","莆田市","Putian City","福建省","Fujian Province","2003","1.90021749801382","190.021749801382"
"350302","城厢区","Chengxiang District","莆田市","Putian City","福建省","Fujian Province","2004","1.77762315300745","177.762315300745"
"350302","城厢区","Chengxiang District","莆田市","Putian City","福建省","Fujian Province","2005","1.70117915788505","170.117915788505"
"350302","城厢区","Chengxiang District","莆田市","Putian City","福建省","Fujian Province","2006","1.66279851941129","166.279851941129"
"350302","城厢区","Chengxiang District","莆田市","Putian City","福建省","Fujian Province","2007","1.72316526188002","172.316526188002"
"350302","城厢区","Chengxiang District","莆田市","Putian City","福建省","Fujian Province","2008","1.73037352982539","173.037352982539"
"350302","城厢区","Chengxiang District","莆田市","Putian City","福建省","Fujian Province","2009","1.81755819964194","181.755819964194"
"350302","城厢区","Chengxiang District","莆田市","Putian City","福建省","Fujian Province","2010","1.62086215802193","162.086215802193"
"350302","城厢区","Chengxiang District","莆田市","Putian City","福建省","Fujian Province","2011","1.70764422459628","170.764422459628"
"350302","城厢区","Chengxiang District","莆田市","Putian City","福建省","Fujian Province","2012","1.69106376730369","169.106376730369"
"350302","城厢区","Chengxiang District","莆田市","Putian City","福建省","Fujian Province","2013","1.74184521676264","174.184521676264"
"350302","城厢区","Chengxiang District","莆田市","Putian City","福建省","Fujian Province","2014","1.70839700242089","170.839700242089"
"350302","城厢区","Chengxiang District","莆田市","Putian City","福建省","Fujian Province","2015","1.64588491070512","164.588491070512"
"350302","城厢区","Chengxiang District","莆田市","Putian City","福建省","Fujian Province","2016","1.62431350150924","162.431350150924"
"350302","城厢区","Chengxiang District","莆田市","Putian City","福建省","Fujian Province","2017","1.73950833475628","173.950833475628"
"350303","涵江区","Hanjiang District","莆田市","Putian City","福建省","Fujian Province","2000","2.40365340455733","240.365340455733"
"350303","涵江区","Hanjiang District","莆田市","Putian City","福建省","Fujian Province","2001","2.77187055841137","277.187055841137"
"350303","涵江区","Hanjiang District","莆田市","Putian City","福建省","Fujian Province","2002","2.75970568208049","275.970568208049"
"350303","涵江区","Hanjiang District","莆田市","Putian City","福建省","Fujian Province","2003","2.98489283159424","298.489283159424"
"350303","涵江区","Hanjiang District","莆田市","Putian City","福建省","Fujian Province","2004","2.78896222943705","278.896222943705"
"350303","涵江区","Hanjiang District","莆田市","Putian City","福建省","Fujian Province","2005","2.65123415095702","265.123415095702"
"350303","涵江区","Hanjiang District","莆田市","Putian City","福建省","Fujian Province","2006","2.55480829560191","255.480829560191"
"350303","涵江区","Hanjiang District","莆田市","Putian City","福建省","Fujian Province","2007","2.68888087802274","268.888087802274"
"350303","涵江区","Hanjiang District","莆田市","Putian City","福建省","Fujian Province","2008","2.70378165990282","270.378165990282"
"350303","涵江区","Hanjiang District","莆田市","Putian City","福建省","Fujian Province","2009","2.78250296624302","278.250296624302"
"350303","涵江区","Hanjiang District","莆田市","Putian City","福建省","Fujian Province","2010","2.49791380446054","249.791380446054"
"350303","涵江区","Hanjiang District","莆田市","Putian City","福建省","Fujian Province","2011","2.64812238169992","264.812238169992"
"350303","涵江区","Hanjiang District","莆田市","Putian City","福建省","Fujian Province","2012","2.57749712373851","257.749712373851"
"350303","涵江区","Hanjiang District","莆田市","Putian City","福建省","Fujian Province","2013","2.7368236402004","273.68236402004"
"350303","涵江区","Hanjiang District","莆田市","Putian City","福建省","Fujian Province","2014","2.59766144198848","259.766144198848"
"350303","涵江区","Hanjiang District","莆田市","Putian City","福建省","Fujian Province","2015","2.52883477722302","252.883477722302"
"350303","涵江区","Hanjiang District","莆田市","Putian City","福建省","Fujian Province","2016","2.46345625652991","246.345625652991"
"350303","涵江区","Hanjiang District","莆田市","Putian City","福建省","Fujian Province","2017","2.62492132029407","262.492132029407"
"350304","荔城区","Licheng District","莆田市","Putian City","福建省","Fujian Province","2000","0.9347633399007","93.47633399007"
"350304","荔城区","Licheng District","莆田市","Putian City","福建省","Fujian Province","2001","1.05118465298826","105.118465298826"
"350304","荔城区","Licheng District","莆田市","Putian City","福建省","Fujian Province","2002","1.09210747812351","109.210747812351"
"350304","荔城区","Licheng District","莆田市","Putian City","福建省","Fujian Province","2003","1.1470538065099","114.70538065099"
"350304","荔城区","Licheng District","莆田市","Putian City","福建省","Fujian Province","2004","1.0788886613702","107.88886613702"
"350304","荔城区","Licheng District","莆田市","Putian City","福建省","Fujian Province","2005","1.04072440280037","104.072440280037"
"350304","荔城区","Licheng District","莆田市","Putian City","福建省","Fujian Province","2006","0.998053863273681","99.8053863273681"
"350304","荔城区","Licheng District","莆田市","Putian City","福建省","Fujian Province","2007","1.0363863466","103.63863466"
"350304","荔城区","Licheng District","莆田市","Putian City","福建省","Fujian Province","2008","1.03474406832771","103.474406832771"
"350304","荔城区","Licheng District","莆田市","Putian City","福建省","Fujian Province","2009","1.05768661050769","105.768661050769"
"350304","荔城区","Licheng District","莆田市","Putian City","福建省","Fujian Province","2010","0.955242968393383","95.5242968393383"
"350304","荔城区","Licheng District","莆田市","Putian City","福建省","Fujian Province","2011","0.993673669741888","99.3673669741888"
"350304","荔城区","Licheng District","莆田市","Putian City","福建省","Fujian Province","2012","0.999606822780489","99.9606822780489"
"350304","荔城区","Licheng District","莆田市","Putian City","福建省","Fujian Province","2013","1.03527257932001","103.527257932001"
"350304","荔城区","Licheng District","莆田市","Putian City","福建省","Fujian Province","2014","0.999086204528058","99.9086204528058"
"350304","荔城区","Licheng District","莆田市","Putian City","福建省","Fujian Province","2015","0.970654570164647","97.0654570164647"
"350304","荔城区","Licheng District","莆田市","Putian City","福建省","Fujian Province","2016","0.949350442395725","94.9350442395725"
"350304","荔城区","Licheng District","莆田市","Putian City","福建省","Fujian Province","2017","1.00530225132919","100.530225132919"
"350305","秀屿区","Xiuyu District","莆田市","Putian City","福建省","Fujian Province","2000","3.47070250065539","347.070250065539"
"350305","秀屿区","Xiuyu District","莆田市","Putian City","福建省","Fujian Province","2001","3.83970717317558","383.970717317558"
"350305","秀屿区","Xiuyu District","莆田市","Putian City","福建省","Fujian Province","2002","4.00546259889324","400.546259889324"
"350305","秀屿区","Xiuyu District","莆田市","Putian City","福建省","Fujian Province","2003","3.99622294159161","399.622294159161"
"350305","秀屿区","Xiuyu District","莆田市","Putian City","福建省","Fujian Province","2004","3.74069540525473","374.069540525473"
"350305","秀屿区","Xiuyu District","莆田市","Putian City","福建省","Fujian Province","2005","3.76562994828425","376.562994828425"
"350305","秀屿区","Xiuyu District","莆田市","Putian City","福建省","Fujian Province","2006","3.4794656291418","347.94656291418"
"350305","秀屿区","Xiuyu District","莆田市","Putian City","福建省","Fujian Province","2007","3.68716693096419","368.716693096419"
"350305","秀屿区","Xiuyu District","莆田市","Putian City","福建省","Fujian Province","2008","3.76907830807824","376.907830807824"
"350305","秀屿区","Xiuyu District","莆田市","Putian City","福建省","Fujian Province","2009","3.61221981335208","361.221981335208"
"350305","秀屿区","Xiuyu District","莆田市","Putian City","福建省","Fujian Province","2010","3.32844402296116","332.844402296116"
"350305","秀屿区","Xiuyu District","莆田市","Putian City","福建省","Fujian Province","2011","3.4368528756206","343.68528756206"
"350305","秀屿区","Xiuyu District","莆田市","Putian City","福建省","Fujian Province","2012","3.5721095408379","357.21095408379"
"350305","秀屿区","Xiuyu District","莆田市","Putian City","福建省","Fujian Province","2013","3.71893276855623","371.893276855623"
"350305","秀屿区","Xiuyu District","莆田市","Putian City","福建省","Fujian Province","2014","3.44436877441706","344.436877441706"
"350305","秀屿区","Xiuyu District","莆田市","Putian City","福建省","Fujian Province","2015","3.44650363418676","344.650363418676"
"350305","秀屿区","Xiuyu District","莆田市","Putian City","福建省","Fujian Province","2016","3.53884491684427","353.884491684427"
"350305","秀屿区","Xiuyu District","莆田市","Putian City","福建省","Fujian Province","2017","3.53258596190605","353.258596190605"
"350322","仙游县","Xianyou County","莆田市","Putian City","福建省","Fujian Province","2000","5.63998317276628","563.998317276628"
"350322","仙游县","Xianyou County","莆田市","Putian City","福建省","Fujian Province","2001","6.50357419298364","650.357419298364"
"350322","仙游县","Xianyou County","莆田市","Putian City","福建省","Fujian Province","2002","6.41544249892286","641.544249892286"
"350322","仙游县","Xianyou County","莆田市","Putian City","福建省","Fujian Province","2003","6.9911339211326","699.11339211326"
"350322","仙游县","Xianyou County","莆田市","Putian City","福建省","Fujian Province","2004","6.48457601501966","648.457601501966"
"350322","仙游县","Xianyou County","莆田市","Putian City","福建省","Fujian Province","2005","6.15325579498144","615.325579498144"
"350322","仙游县","Xianyou County","莆田市","Putian City","福建省","Fujian Province","2006","5.99530747365714","599.530747365714"
"350322","仙游县","Xianyou County","莆田市","Putian City","福建省","Fujian Province","2007","6.16389571730435","616.389571730435"
"350322","仙游县","Xianyou County","莆田市","Putian City","福建省","Fujian Province","2008","6.20187747017634","620.187747017634"
"350322","仙游县","Xianyou County","莆田市","Putian City","福建省","Fujian Province","2009","6.46840289817994","646.840289817994"
"350322","仙游县","Xianyou County","莆田市","Putian City","福建省","Fujian Province","2010","5.83134065010401","583.134065010401"
"350322","仙游县","Xianyou County","莆田市","Putian City","福建省","Fujian Province","2011","6.08711952257866","608.711952257866"
"350322","仙游县","Xianyou County","莆田市","Putian City","福建省","Fujian Province","2012","6.10507139894634","610.507139894634"
"350322","仙游县","Xianyou County","莆田市","Putian City","福建省","Fujian Province","2013","6.31175215928437","631.175215928437"
"350322","仙游县","Xianyou County","莆田市","Putian City","福建省","Fujian Province","2014","6.04244416524895","604.244416524895"
"350322","仙游县","Xianyou County","莆田市","Putian City","福建省","Fujian Province","2015","5.87727143705812","587.727143705812"
"350322","仙游县","Xianyou County","莆田市","Putian City","福建省","Fujian Province","2016","5.76421509186614","576.421509186614"
"350322","仙游县","Xianyou County","莆田市","Putian City","福建省","Fujian Province","2017","6.15414636195434","615.414636195434"
"350402","梅列区","Melie district","三明市","Sanming City","福建省","Fujian Province","2000","0.776020493368745","77.6020493368745"
"350402","梅列区","Melie district","三明市","Sanming City","福建省","Fujian Province","2001","0.880932619263513","88.0932619263513"
"350402","梅列区","Melie district","三明市","Sanming City","福建省","Fujian Province","2002","0.787200765054035","78.7200765054035"
"350402","梅列区","Melie district","三明市","Sanming City","福建省","Fujian Province","2003","0.853095072426707","85.3095072426707"
"350402","梅列区","Melie district","三明市","Sanming City","福建省","Fujian Province","2004","0.905911047350817","90.5911047350817"
"350402","梅列区","Melie district","三明市","Sanming City","福建省","Fujian Province","2005","0.747408167700552","74.7408167700552"
"350402","梅列区","Melie district","三明市","Sanming City","福建省","Fujian Province","2006","0.733170173515936","73.3170173515936"
"350402","梅列区","Melie district","三明市","Sanming City","福建省","Fujian Province","2007","0.817210282106383","81.7210282106383"
"350402","梅列区","Melie district","三明市","Sanming City","福建省","Fujian Province","2008","0.775084364354298","77.5084364354298"
"350402","梅列区","Melie district","三明市","Sanming City","福建省","Fujian Province","2009","0.799440466901546","79.9440466901546"
"350402","梅列区","Melie district","三明市","Sanming City","福建省","Fujian Province","2010","0.727148876561387","72.7148876561387"
"350402","梅列区","Melie district","三明市","Sanming City","福建省","Fujian Province","2011","0.735131913981898","73.5131913981898"
"350402","梅列区","Melie district","三明市","Sanming City","福建省","Fujian Province","2012","0.824891141394425","82.4891141394425"
"350402","梅列区","Melie district","三明市","Sanming City","福建省","Fujian Province","2013","0.797013345572738","79.7013345572738"
"350402","梅列区","Melie district","三明市","Sanming City","福建省","Fujian Province","2014","0.741485071590452","74.1485071590452"
"350402","梅列区","Melie district","三明市","Sanming City","福建省","Fujian Province","2015","0.703630436609479","70.3630436609479"
"350402","梅列区","Melie district","三明市","Sanming City","福建省","Fujian Province","2016","0.698933848686624","69.8933848686624"
"350402","梅列区","Melie district","三明市","Sanming City","福建省","Fujian Province","2017","0.806581261963811","80.6581261963811"
"350403","三元区","Sanyuan District","三明市","Sanming City","福建省","Fujian Province","2000","1.82744181951488","182.744181951488"
"350403","三元区","Sanyuan District","三明市","Sanming City","福建省","Fujian Province","2001","2.02540679031091","202.540679031091"
"350403","三元区","Sanyuan District","三明市","Sanming City","福建省","Fujian Province","2002","1.83441383358374","183.441383358374"
"350403","三元区","Sanyuan District","三明市","Sanming City","福建省","Fujian Province","2003","1.9952128299688","199.52128299688"
"350403","三元区","Sanyuan District","三明市","Sanming City","福建省","Fujian Province","2004","2.0855545219856","208.55545219856"
"350403","三元区","Sanyuan District","三明市","Sanming City","福建省","Fujian Province","2005","1.73535604966377","173.535604966377"
"350403","三元区","Sanyuan District","三明市","Sanming City","福建省","Fujian Province","2006","1.74043021284803","174.043021284803"
"350403","三元区","Sanyuan District","三明市","Sanming City","福建省","Fujian Province","2007","1.88811907524756","188.811907524756"
"350403","三元区","Sanyuan District","三明市","Sanming City","福建省","Fujian Province","2008","1.83100926670167","183.100926670167"
"350403","三元区","Sanyuan District","三明市","Sanming City","福建省","Fujian Province","2009","1.87734302955347","187.734302955347"
"350403","三元区","Sanyuan District","三明市","Sanming City","福建省","Fujian Province","2010","1.69014036145479","169.014036145479"
"350403","三元区","Sanyuan District","三明市","Sanming City","福建省","Fujian Province","2011","1.70090051482423","170.090051482423"
"350403","三元区","Sanyuan District","三明市","Sanming City","福建省","Fujian Province","2012","1.9178859971017","191.78859971017"
"350403","三元区","Sanyuan District","三明市","Sanming City","福建省","Fujian Province","2013","1.85543923491096","185.543923491096"
"350403","三元区","Sanyuan District","三明市","Sanming City","福建省","Fujian Province","2014","1.74234154972534","174.234154972534"
"350403","三元区","Sanyuan District","三明市","Sanming City","福建省","Fujian Province","2015","1.66167707494346","166.167707494346"
"350403","三元区","Sanyuan District","三明市","Sanming City","福建省","Fujian Province","2016","1.65620043773927","165.620043773927"
"350403","三元区","Sanyuan District","三明市","Sanming City","福建省","Fujian Province","2017","1.87824891525908","187.824891525908"
"350421","明溪县","Mingxi County","三明市","Sanming City","福建省","Fujian Province","2000","3.73035690488734","373.035690488734"
"350421","明溪县","Mingxi County","三明市","Sanming City","福建省","Fujian Province","2001","4.23848991369364","423.848991369364"
"350421","明溪县","Mingxi County","三明市","Sanming City","福建省","Fujian Province","2002","3.72628326279266","372.628326279266"
"350421","明溪县","Mingxi County","三明市","Sanming City","福建省","Fujian Province","2003","4.08221936927025","408.221936927025"
"350421","明溪县","Mingxi County","三明市","Sanming City","福建省","Fujian Province","2004","4.33483076957088","433.483076957088"
"350421","明溪县","Mingxi County","三明市","Sanming City","福建省","Fujian Province","2005","3.59718247136962","359.718247136962"
"350421","明溪县","Mingxi County","三明市","Sanming City","福建省","Fujian Province","2006","3.57752970893073","357.752970893073"
"350421","明溪县","Mingxi County","三明市","Sanming City","福建省","Fujian Province","2007","4.09824153144551","409.824153144551"
"350421","明溪县","Mingxi County","三明市","Sanming City","福建省","Fujian Province","2008","3.75118197930543","375.118197930543"
"350421","明溪县","Mingxi County","三明市","Sanming City","福建省","Fujian Province","2009","3.77477369296444","377.477369296444"
"350421","明溪县","Mingxi County","三明市","Sanming City","福建省","Fujian Province","2010","3.49577888070187","349.577888070187"
"350421","明溪县","Mingxi County","三明市","Sanming City","福建省","Fujian Province","2011","3.47868967364404","347.868967364404"
"350421","明溪县","Mingxi County","三明市","Sanming City","福建省","Fujian Province","2012","3.95023065968967","395.023065968967"
"350421","明溪县","Mingxi County","三明市","Sanming City","福建省","Fujian Province","2013","3.85433804936024","385.433804936024"
"350421","明溪县","Mingxi County","三明市","Sanming City","福建省","Fujian Province","2014","3.56516714039027","356.516714039027"
"350421","明溪县","Mingxi County","三明市","Sanming City","福建省","Fujian Province","2015","3.46243995057401","346.243995057401"
"350421","明溪县","Mingxi County","三明市","Sanming City","福建省","Fujian Province","2016","3.3656184224802","336.56184224802"
"350421","明溪县","Mingxi County","三明市","Sanming City","福建省","Fujian Province","2017","3.73282239311015","373.282239311015"
"350423","清流县","Qingliu County","三明市","Sanming City","福建省","Fujian Province","2000","4.3400254923538","434.00254923538"
"350423","清流县","Qingliu County","三明市","Sanming City","福建省","Fujian Province","2001","4.85274912042637","485.274912042637"
"350423","清流县","Qingliu County","三明市","Sanming City","福建省","Fujian Province","2002","4.44983083418378","444.983083418378"
"350423","清流县","Qingliu County","三明市","Sanming City","福建省","Fujian Province","2003","4.81597371684665","481.597371684665"
"350423","清流县","Qingliu County","三明市","Sanming City","福建省","Fujian Province","2004","5.00533094388083","500.533094388083"
"350423","清流县","Qingliu County","三明市","Sanming City","福建省","Fujian Province","2005","4.23423093486383","423.423093486383"
"350423","清流县","Qingliu County","三明市","Sanming City","福建省","Fujian Province","2006","4.27411833701583","427.411833701583"
"350423","清流县","Qingliu County","三明市","Sanming City","福建省","Fujian Province","2007","4.73325434516779","473.325434516779"
"350423","清流县","Qingliu County","三明市","Sanming City","福建省","Fujian Province","2008","4.45920211071309","445.920211071309"
"350423","清流县","Qingliu County","三明市","Sanming City","福建省","Fujian Province","2009","4.46183443686078","446.183443686078"
"350423","清流县","Qingliu County","三明市","Sanming City","福建省","Fujian Province","2010","4.01118213016396","401.118213016396"
"350423","清流县","Qingliu County","三明市","Sanming City","福建省","Fujian Province","2011","4.09962792359238","409.962792359238"
"350423","清流县","Qingliu County","三明市","Sanming City","福建省","Fujian Province","2012","4.53581010696042","453.581010696042"
"350423","清流县","Qingliu County","三明市","Sanming City","福建省","Fujian Province","2013","4.46130081340336","446.130081340336"
"350423","清流县","Qingliu County","三明市","Sanming City","福建省","Fujian Province","2014","4.14130563802875","414.130563802875"
"350423","清流县","Qingliu County","三明市","Sanming City","福建省","Fujian Province","2015","4.15135741378618","415.135741378618"
"350423","清流县","Qingliu County","三明市","Sanming City","福建省","Fujian Province","2016","4.05626532585439","405.626532585439"
"350423","清流县","Qingliu County","三明市","Sanming City","福建省","Fujian Province","2017","4.37330402643978","437.330402643978"
"350424","宁化县","Ninghua County","三明市","Sanming City","福建省","Fujian Province","2000","5.25720564396816","525.720564396816"
"350424","宁化县","Ninghua County","三明市","Sanming City","福建省","Fujian Province","2001","5.98130829217626","598.130829217626"
"350424","宁化县","Ninghua County","三明市","Sanming City","福建省","Fujian Province","2002","5.48678985078277","548.678985078277"
"350424","宁化县","Ninghua County","三明市","Sanming City","福建省","Fujian Province","2003","5.90767602290758","590.767602290758"
"350424","宁化县","Ninghua County","三明市","Sanming City","福建省","Fujian Province","2004","6.13079110886212","613.079110886212"
"350424","宁化县","Ninghua County","三明市","Sanming City","福建省","Fujian Province","2005","5.25853439494738","525.853439494738"
"350424","宁化县","Ninghua County","三明市","Sanming City","福建省","Fujian Province","2006","5.26082026559798","526.082026559798"
"350424","宁化县","Ninghua County","三明市","Sanming City","福建省","Fujian Province","2007","5.88948380308034","588.948380308034"
"350424","宁化县","Ninghua County","三明市","Sanming City","福建省","Fujian Province","2008","5.48221128674923","548.221128674923"
"350424","宁化县","Ninghua County","三明市","Sanming City","福建省","Fujian Province","2009","5.4945130557149","549.45130557149"
"350424","宁化县","Ninghua County","三明市","Sanming City","福建省","Fujian Province","2010","5.10920591675124","510.920591675124"
"350424","宁化县","Ninghua County","三明市","Sanming City","福建省","Fujian Province","2011","5.13397150680465","513.397150680465"
"350424","宁化县","Ninghua County","三明市","Sanming City","福建省","Fujian Province","2012","5.61857681504414","561.857681504414"
"350424","宁化县","Ninghua County","三明市","Sanming City","福建省","Fujian Province","2013","5.6693048145645","566.93048145645"
"350424","宁化县","Ninghua County","三明市","Sanming City","福建省","Fujian Province","2014","5.17055084448539","517.055084448539"
"350424","宁化县","Ninghua County","三明市","Sanming City","福建省","Fujian Province","2015","5.27212077231626","527.212077231626"
"350424","宁化县","Ninghua County","三明市","Sanming City","福建省","Fujian Province","2016","5.1120363851618","511.20363851618"
"350424","宁化县","Ninghua County","三明市","Sanming City","福建省","Fujian Province","2017","5.57569749565134","557.569749565134"
"350425","大田县","Datian County","三明市","Sanming City","福建省","Fujian Province","2000","5.30314866660184","530.314866660184"
"350425","大田县","Datian County","三明市","Sanming City","福建省","Fujian Province","2001","6.29482541236244","629.482541236244"
"350425","大田县","Datian County","三明市","Sanming City","福建省","Fujian Province","2002","5.80373990760496","580.373990760496"
"350425","大田县","Datian County","三明市","Sanming City","福建省","Fujian Province","2003","6.26840142504857","626.840142504857"
"350425","大田县","Datian County","三明市","Sanming City","福建省","Fujian Province","2004","6.31467406672667","631.467406672667"
"350425","大田县","Datian County","三明市","Sanming City","福建省","Fujian Province","2005","5.48554771876269","548.554771876269"
"350425","大田县","Datian County","三明市","Sanming City","福建省","Fujian Province","2006","5.52841430510853","552.841430510853"
"350425","大田县","Datian County","三明市","Sanming City","福建省","Fujian Province","2007","5.7359369092161","573.59369092161"
"350425","大田县","Datian County","三明市","Sanming City","福建省","Fujian Province","2008","5.76046206470848","576.046206470848"
"350425","大田县","Datian County","三明市","Sanming City","福建省","Fujian Province","2009","5.87655658570352","587.655658570352"
"350425","大田县","Datian County","三明市","Sanming City","福建省","Fujian Province","2010","5.48800264063441","548.800264063441"
"350425","大田县","Datian County","三明市","Sanming City","福建省","Fujian Province","2011","5.38827851775027","538.827851775027"
"350425","大田县","Datian County","三明市","Sanming City","福建省","Fujian Province","2012","5.96969645869147","596.969645869147"
"350425","大田县","Datian County","三明市","Sanming City","福建省","Fujian Province","2013","6.00785041394492","600.785041394492"
"350425","大田县","Datian County","三明市","Sanming City","福建省","Fujian Province","2014","5.54934295219675","554.934295219675"
"350425","大田县","Datian County","三明市","Sanming City","福建省","Fujian Province","2015","5.44828513428839","544.828513428839"
"350425","大田县","Datian County","三明市","Sanming City","福建省","Fujian Province","2016","5.38765037957592","538.765037957592"
"350425","大田县","Datian County","三明市","Sanming City","福建省","Fujian Province","2017","6.02229863929162","602.229863929162"
"350426","尤溪县","Youxi County","三明市","Sanming City","福建省","Fujian Province","2000","8.20571433000883","820.571433000883"
"350426","尤溪县","Youxi County","三明市","Sanming City","福建省","Fujian Province","2001","9.47958185492287","947.958185492287"
"350426","尤溪县","Youxi County","三明市","Sanming City","福建省","Fujian Province","2002","8.76489040355428","876.489040355428"
"350426","尤溪县","Youxi County","三明市","Sanming City","福建省","Fujian Province","2003","9.28032819757144","928.032819757144"
"350426","尤溪县","Youxi County","三明市","Sanming City","福建省","Fujian Province","2004","9.45300602670478","945.300602670478"
"350426","尤溪县","Youxi County","三明市","Sanming City","福建省","Fujian Province","2005","8.12692230846445","812.692230846445"
"350426","尤溪县","Youxi County","三明市","Sanming City","福建省","Fujian Province","2006","7.95800277241708","795.800277241708"
"350426","尤溪县","Youxi County","三明市","Sanming City","福建省","Fujian Province","2007","8.50290872616431","850.290872616431"
"350426","尤溪县","Youxi County","三明市","Sanming City","福建省","Fujian Province","2008","8.47840027615791","847.840027615791"
"350426","尤溪县","Youxi County","三明市","Sanming City","福建省","Fujian Province","2009","8.7378632340712","873.78632340712"
"350426","尤溪县","Youxi County","三明市","Sanming City","福建省","Fujian Province","2010","8.0150775487381","801.50775487381"
"350426","尤溪县","Youxi County","三明市","Sanming City","福建省","Fujian Province","2011","7.92024677615941","792.024677615941"
"350426","尤溪县","Youxi County","三明市","Sanming City","福建省","Fujian Province","2012","8.60277514415711","860.277514415711"
"350426","尤溪县","Youxi County","三明市","Sanming City","福建省","Fujian Province","2013","8.60561660059904","860.561660059904"
"350426","尤溪县","Youxi County","三明市","Sanming City","福建省","Fujian Province","2014","8.18795744922788","818.795744922788"
"350426","尤溪县","Youxi County","三明市","Sanming City","福建省","Fujian Province","2015","7.9433021894393","794.33021894393"
"350426","尤溪县","Youxi County","三明市","Sanming City","福建省","Fujian Province","2016","7.71818443708073","771.818443708073"
"350426","尤溪县","Youxi County","三明市","Sanming City","福建省","Fujian Province","2017","8.52563767288385","852.563767288385"
"350427","沙县","Sha County","三明市","Sanming City","福建省","Fujian Province","2000","3.76201953247071","376.201953247071"
"350427","沙县","Sha County","三明市","Sanming City","福建省","Fujian Province","2001","4.25022951924909","425.022951924909"
"350427","沙县","Sha County","三明市","Sanming City","福建省","Fujian Province","2002","3.85065478251971","385.065478251971"
"350427","沙县","Sha County","三明市","Sanming City","福建省","Fujian Province","2003","4.17077901929486","417.077901929486"
"350427","沙县","Sha County","三明市","Sanming City","福建省","Fujian Province","2004","4.37690864747708","437.690864747708"
"350427","沙县","Sha County","三明市","Sanming City","福建省","Fujian Province","2005","3.62324662422496","362.324662422496"
"350427","沙县","Sha County","三明市","Sanming City","福建省","Fujian Province","2006","3.58499497155523","358.499497155523"
"350427","沙县","Sha County","三明市","Sanming City","福建省","Fujian Province","2007","3.99386167313306","399.386167313306"
"350427","沙县","Sha County","三明市","Sanming City","福建省","Fujian Province","2008","3.77039292861417","377.039292861417"
"350427","沙县","Sha County","三明市","Sanming City","福建省","Fujian Province","2009","3.93161827817451","393.161827817451"
"350427","沙县","Sha County","三明市","Sanming City","福建省","Fujian Province","2010","3.58915963909149","358.915963909149"
"350427","沙县","Sha County","三明市","Sanming City","福建省","Fujian Province","2011","3.56860293316318","356.860293316318"
"350427","沙县","Sha County","三明市","Sanming City","福建省","Fujian Province","2012","4.01178166656557","401.178166656557"
"350427","沙县","Sha County","三明市","Sanming City","福建省","Fujian Province","2013","3.87569628552297","387.569628552297"
"350427","沙县","Sha County","三明市","Sanming City","福建省","Fujian Province","2014","3.70614006997404","370.614006997404"
"350427","沙县","Sha County","三明市","Sanming City","福建省","Fujian Province","2015","3.49243037080505","349.243037080505"
"350427","沙县","Sha County","三明市","Sanming City","福建省","Fujian Province","2016","3.414780087753","341.4780087753"
"350427","沙县","Sha County","三明市","Sanming City","福建省","Fujian Province","2017","3.90323970631442","390.323970631442"
"350428","将乐县","Jiangle County","三明市","Sanming City","福建省","Fujian Province","2000","4.82325281405633","482.325281405633"
"350428","将乐县","Jiangle County","三明市","Sanming City","福建省","Fujian Province","2001","5.50652981128978","550.652981128978"
"350428","将乐县","Jiangle County","三明市","Sanming City","福建省","Fujian Province","2002","4.75934293346751","475.934293346751"
"350428","将乐县","Jiangle County","三明市","Sanming City","福建省","Fujian Province","2003","5.13696914479971","513.696914479971"
"350428","将乐县","Jiangle County","三明市","Sanming City","福建省","Fujian Province","2004","5.48164662248586","548.164662248586"
"350428","将乐县","Jiangle County","三明市","Sanming City","福建省","Fujian Province","2005","4.60744928371015","460.744928371015"
"350428","将乐县","Jiangle County","三明市","Sanming City","福建省","Fujian Province","2006","4.52970695319814","452.970695319814"
"350428","将乐县","Jiangle County","三明市","Sanming City","福建省","Fujian Province","2007","5.25411248940957","525.411248940957"
"350428","将乐县","Jiangle County","三明市","Sanming City","福建省","Fujian Province","2008","4.79925976268909","479.925976268909"
"350428","将乐县","Jiangle County","三明市","Sanming City","福建省","Fujian Province","2009","4.87881058672055","487.881058672055"
"350428","将乐县","Jiangle County","三明市","Sanming City","福建省","Fujian Province","2010","4.46959523619378","446.959523619378"
"350428","将乐县","Jiangle County","三明市","Sanming City","福建省","Fujian Province","2011","4.40751420387498","440.751420387498"
"350428","将乐县","Jiangle County","三明市","Sanming City","福建省","Fujian Province","2012","4.99005728761636","499.005728761636"
"350428","将乐县","Jiangle County","三明市","Sanming City","福建省","Fujian Province","2013","4.92174709798115","492.174709798115"
"350428","将乐县","Jiangle County","三明市","Sanming City","福建省","Fujian Province","2014","4.58501740385207","458.501740385207"
"350428","将乐县","Jiangle County","三明市","Sanming City","福建省","Fujian Province","2015","4.4148225294529","441.48225294529"
"350428","将乐县","Jiangle County","三明市","Sanming City","福建省","Fujian Province","2016","4.26755038174412","426.755038174412"
"350428","将乐县","Jiangle County","三明市","Sanming City","福建省","Fujian Province","2017","4.79500635278345","479.500635278345"
"350429","泰宁县","Taining County","三明市","Sanming City","福建省","Fujian Province","2000","3.27759310083684","327.759310083684"
"350429","泰宁县","Taining County","三明市","Sanming City","福建省","Fujian Province","2001","3.79150281267119","379.150281267119"
"350429","泰宁县","Taining County","三明市","Sanming City","福建省","Fujian Province","2002","3.3134123941356","331.34123941356"
"350429","泰宁县","Taining County","三明市","Sanming City","福建省","Fujian Province","2003","3.58728990282752","358.728990282752"
"350429","泰宁县","Taining County","三明市","Sanming City","福建省","Fujian Province","2004","3.77544313386505","377.544313386505"
"350429","泰宁县","Taining County","三明市","Sanming City","福建省","Fujian Province","2005","3.22112419477206","322.112419477206"
"350429","泰宁县","Taining County","三明市","Sanming City","福建省","Fujian Province","2006","3.19119799771985","319.119799771985"
"350429","泰宁县","Taining County","三明市","Sanming City","福建省","Fujian Province","2007","3.65051519841402","365.051519841402"
"350429","泰宁县","Taining County","三明市","Sanming City","福建省","Fujian Province","2008","3.32994351247948","332.994351247948"
"350429","泰宁县","Taining County","三明市","Sanming City","福建省","Fujian Province","2009","3.40170770097609","340.170770097609"
"350429","泰宁县","Taining County","三明市","Sanming City","福建省","Fujian Province","2010","3.13928589062723","313.928589062723"
"350429","泰宁县","Taining County","三明市","Sanming City","福建省","Fujian Province","2011","3.1317129183216","313.17129183216"
"350429","泰宁县","Taining County","三明市","Sanming City","福建省","Fujian Province","2012","3.39087341226039","339.087341226039"
"350429","泰宁县","Taining County","三明市","Sanming City","福建省","Fujian Province","2013","3.51909880553915","351.909880553915"
"350429","泰宁县","Taining County","三明市","Sanming City","福建省","Fujian Province","2014","3.26420587865209","326.420587865209"
"350429","泰宁县","Taining County","三明市","Sanming City","福建省","Fujian Province","2015","3.22888411336532","322.888411336532"
"350429","泰宁县","Taining County","三明市","Sanming City","福建省","Fujian Province","2016","3.07118767137646","307.118767137646"
"350429","泰宁县","Taining County","三明市","Sanming City","福建省","Fujian Province","2017","3.41481850308213","341.481850308213"
"350430","建宁县","Jianning County","三明市","Sanming City","福建省","Fujian Province","2000","3.59763753885406","359.763753885406"
"350430","建宁县","Jianning County","三明市","Sanming City","福建省","Fujian Province","2001","4.23420448506071","423.420448506071"
"350430","建宁县","Jianning County","三明市","Sanming City","福建省","Fujian Province","2002","3.85161482123039","385.161482123039"
"350430","建宁县","Jianning County","三明市","Sanming City","福建省","Fujian Province","2003","4.03019889558221","403.019889558221"
"350430","建宁县","Jianning County","三明市","Sanming City","福建省","Fujian Province","2004","4.22058103136798","422.058103136798"
"350430","建宁县","Jianning County","三明市","Sanming City","福建省","Fujian Province","2005","3.68183381443159","368.183381443159"
"350430","建宁县","Jianning County","三明市","Sanming City","福建省","Fujian Province","2006","3.6173018047641","361.73018047641"
"350430","建宁县","Jianning County","三明市","Sanming City","福建省","Fujian Province","2007","4.08146772382072","408.146772382072"
"350430","建宁县","Jianning County","三明市","Sanming City","福建省","Fujian Province","2008","3.71949344112509","371.949344112509"
"350430","建宁县","Jianning County","三明市","Sanming City","福建省","Fujian Province","2009","3.76138664215337","376.138664215337"
"350430","建宁县","Jianning County","三明市","Sanming City","福建省","Fujian Province","2010","3.57883200660713","357.883200660713"
"350430","建宁县","Jianning County","三明市","Sanming City","福建省","Fujian Province","2011","3.64514945310658","364.514945310658"
"350430","建宁县","Jianning County","三明市","Sanming City","福建省","Fujian Province","2012","3.85079889181779","385.079889181779"
"350430","建宁县","Jianning County","三明市","Sanming City","福建省","Fujian Province","2013","4.10006950224291","410.006950224291"
"350430","建宁县","Jianning County","三明市","Sanming City","福建省","Fujian Province","2014","3.78973799747218","378.973799747218"
"350430","建宁县","Jianning County","三明市","Sanming City","福建省","Fujian Province","2015","3.75550938378952","375.550938378952"
"350430","建宁县","Jianning County","三明市","Sanming City","福建省","Fujian Province","2016","3.60422947010018","360.422947010018"
"350430","建宁县","Jianning County","三明市","Sanming City","福建省","Fujian Province","2017","3.99070890803181","399.070890803181"
"350481","永安市","Yong'an City","三明市","Sanming City","福建省","Fujian Province","2000","6.90027841429363","690.027841429363"
"350481","永安市","Yong'an City","三明市","Sanming City","福建省","Fujian Province","2001","7.79026676599798","779.026676599798"
"350481","永安市","Yong'an City","三明市","Sanming City","福建省","Fujian Province","2002","7.07125422561294","707.125422561294"
"350481","永安市","Yong'an City","三明市","Sanming City","福建省","Fujian Province","2003","7.66840271915023","766.840271915023"
"350481","永安市","Yong'an City","三明市","Sanming City","福建省","Fujian Province","2004","7.92887228852458","792.887228852458"
"350481","永安市","Yong'an City","三明市","Sanming City","福建省","Fujian Province","2005","6.68592833283297","668.592833283297"
"350481","永安市","Yong'an City","三明市","Sanming City","福建省","Fujian Province","2006","6.77630547649368","677.630547649368"
"350481","永安市","Yong'an City","三明市","Sanming City","福建省","Fujian Province","2007","7.20880721268753","720.880721268753"
"350481","永安市","Yong'an City","三明市","Sanming City","福建省","Fujian Province","2008","7.06187224689422","706.187224689422"
"350481","永安市","Yong'an City","三明市","Sanming City","福建省","Fujian Province","2009","7.15133655494407","715.133655494407"
"350481","永安市","Yong'an City","三明市","Sanming City","福建省","Fujian Province","2010","6.53071490060392","653.071490060392"
"350481","永安市","Yong'an City","三明市","Sanming City","福建省","Fujian Province","2011","6.50555252712418","650.555252712418"
"350481","永安市","Yong'an City","三明市","Sanming City","福建省","Fujian Province","2012","7.28541725645893","728.541725645893"
"350481","永安市","Yong'an City","三明市","Sanming City","福建省","Fujian Province","2013","7.15079996976186","715.079996976186"
"350481","永安市","Yong'an City","三明市","Sanming City","福建省","Fujian Province","2014","6.60966398313476","660.966398313476"
"350481","永安市","Yong'an City","三明市","Sanming City","福建省","Fujian Province","2015","6.42580218545552","642.580218545552"
"350481","永安市","Yong'an City","三明市","Sanming City","福建省","Fujian Province","2016","6.49499053949219","649.499053949219"
"350481","永安市","Yong'an City","三明市","Sanming City","福建省","Fujian Province","2017","7.12290851328697","712.290851328697"
"350502","鲤城区","Licheng District","泉州市","Quanzhou City","福建省","Fujian Province","2000","0.120540169099275","12.0540169099275"
"350502","鲤城区","Licheng District","泉州市","Quanzhou City","福建省","Fujian Province","2001","0.149071415534922","14.9071415534922"
"350502","鲤城区","Licheng District","泉州市","Quanzhou City","福建省","Fujian Province","2002","0.146393829362726","14.6393829362726"
"350502","鲤城区","Licheng District","泉州市","Quanzhou City","福建省","Fujian Province","2003","0.153823369465164","15.3823369465164"
"350502","鲤城区","Licheng District","泉州市","Quanzhou City","福建省","Fujian Province","2004","0.134819860079135","13.4819860079135"
"350502","鲤城区","Licheng District","泉州市","Quanzhou City","福建省","Fujian Province","2005","0.133784829838082","13.3784829838082"
"350502","鲤城区","Licheng District","泉州市","Quanzhou City","福建省","Fujian Province","2006","0.128379127925871","12.8379127925871"
"350502","鲤城区","Licheng District","泉州市","Quanzhou City","福建省","Fujian Province","2007","0.125086552280624","12.5086552280624"
"350502","鲤城区","Licheng District","泉州市","Quanzhou City","福建省","Fujian Province","2008","0.129535317124557","12.9535317124557"
"350502","鲤城区","Licheng District","泉州市","Quanzhou City","福建省","Fujian Province","2009","0.134508060762027","13.4508060762027"
"350502","鲤城区","Licheng District","泉州市","Quanzhou City","福建省","Fujian Province","2010","0.124301019917261","12.4301019917261"
"350502","鲤城区","Licheng District","泉州市","Quanzhou City","福建省","Fujian Province","2011","0.126368497565492","12.6368497565492"
"350502","鲤城区","Licheng District","泉州市","Quanzhou City","福建省","Fujian Province","2012","0.127663075937429","12.7663075937429"
"350502","鲤城区","Licheng District","泉州市","Quanzhou City","福建省","Fujian Province","2013","0.127795146321177","12.7795146321177"
"350502","鲤城区","Licheng District","泉州市","Quanzhou City","福建省","Fujian Province","2014","0.124717617020993","12.4717617020993"
"350502","鲤城区","Licheng District","泉州市","Quanzhou City","福建省","Fujian Province","2015","0.126226090541284","12.6226090541284"
"350502","鲤城区","Licheng District","泉州市","Quanzhou City","福建省","Fujian Province","2016","0.120397762845053","12.0397762845053"
"350502","鲤城区","Licheng District","泉州市","Quanzhou City","福建省","Fujian Province","2017","0.125981760470447","12.5981760470447"
"350503","丰泽区","Fengze District","泉州市","Quanzhou City","福建省","Fujian Province","2000","0.341151794797946","34.1151794797946"
"350503","丰泽区","Fengze District","泉州市","Quanzhou City","福建省","Fujian Province","2001","0.384381794994679","38.4381794994679"
"350503","丰泽区","Fengze District","泉州市","Quanzhou City","福建省","Fujian Province","2002","0.387816422447246","38.7816422447246"
"350503","丰泽区","Fengze District","泉州市","Quanzhou City","福建省","Fujian Province","2003","0.420917823675107","42.0917823675107"
"350503","丰泽区","Fengze District","泉州市","Quanzhou City","福建省","Fujian Province","2004","0.381843585366675","38.1843585366675"
"350503","丰泽区","Fengze District","泉州市","Quanzhou City","福建省","Fujian Province","2005","0.366232009065242","36.6232009065242"
"350503","丰泽区","Fengze District","泉州市","Quanzhou City","福建省","Fujian Province","2006","0.358311990371116","35.8311990371116"
"350503","丰泽区","Fengze District","泉州市","Quanzhou City","福建省","Fujian Province","2007","0.360127416607671","36.0127416607671"
"350503","丰泽区","Fengze District","泉州市","Quanzhou City","福建省","Fujian Province","2008","0.369665695344515","36.9665695344515"
"350503","丰泽区","Fengze District","泉州市","Quanzhou City","福建省","Fujian Province","2009","0.37357911792624","37.357911792624"
"350503","丰泽区","Fengze District","泉州市","Quanzhou City","福建省","Fujian Province","2010","0.351316389637535","35.1316389637535"
"350503","丰泽区","Fengze District","泉州市","Quanzhou City","福建省","Fujian Province","2011","0.361014659347356","36.1014659347356"
"350503","丰泽区","Fengze District","泉州市","Quanzhou City","福建省","Fujian Province","2012","0.36231458625875","36.231458625875"
"350503","丰泽区","Fengze District","泉州市","Quanzhou City","福建省","Fujian Province","2013","0.378135562960704","37.8135562960704"
"350503","丰泽区","Fengze District","泉州市","Quanzhou City","福建省","Fujian Province","2014","0.364820323624308","36.4820323624308"
"350503","丰泽区","Fengze District","泉州市","Quanzhou City","福建省","Fujian Province","2015","0.36702584544351","36.702584544351"
"350503","丰泽区","Fengze District","泉州市","Quanzhou City","福建省","Fujian Province","2016","0.347475433433484","34.7475433433484"
"350503","丰泽区","Fengze District","泉州市","Quanzhou City","福建省","Fujian Province","2017","0.368286480202614","36.8286480202614"
"350504","洛江区","Luojiang District","泉州市","Quanzhou City","福建省","Fujian Province","2000","1.22770817128523","122.770817128523"
"350504","洛江区","Luojiang District","泉州市","Quanzhou City","福建省","Fujian Province","2001","1.41496675524046","141.496675524046"
"350504","洛江区","Luojiang District","泉州市","Quanzhou City","福建省","Fujian Province","2002","1.42241832983687","142.241832983687"
"350504","洛江区","Luojiang District","泉州市","Quanzhou City","福建省","Fujian Province","2003","1.56843752130553","156.843752130553"
"350504","洛江区","Luojiang District","泉州市","Quanzhou City","福建省","Fujian Province","2004","1.42324808546498","142.324808546498"
"350504","洛江区","Luojiang District","泉州市","Quanzhou City","福建省","Fujian Province","2005","1.36043415165136","136.043415165136"
"350504","洛江区","Luojiang District","泉州市","Quanzhou City","福建省","Fujian Province","2006","1.33815544009066","133.815544009066"
"350504","洛江区","Luojiang District","泉州市","Quanzhou City","福建省","Fujian Province","2007","1.36038556738861","136.038556738861"
"350504","洛江区","Luojiang District","泉州市","Quanzhou City","福建省","Fujian Province","2008","1.36802874328433","136.802874328433"
"350504","洛江区","Luojiang District","泉州市","Quanzhou City","福建省","Fujian Province","2009","1.42328622673815","142.328622673815"
"350504","洛江区","Luojiang District","泉州市","Quanzhou City","福建省","Fujian Province","2010","1.30873506626576","130.873506626576"
"350504","洛江区","Luojiang District","泉州市","Quanzhou City","福建省","Fujian Province","2011","1.37790214229433","137.790214229433"
"350504","洛江区","Luojiang District","泉州市","Quanzhou City","福建省","Fujian Province","2012","1.36046778099712","136.046778099712"
"350504","洛江区","Luojiang District","泉州市","Quanzhou City","福建省","Fujian Province","2013","1.4040921808444","140.40921808444"
"350504","洛江区","Luojiang District","泉州市","Quanzhou City","福建省","Fujian Province","2014","1.35468022246198","135.468022246198"
"350504","洛江区","Luojiang District","泉州市","Quanzhou City","福建省","Fujian Province","2015","1.33382242537538","133.382242537538"
"350504","洛江区","Luojiang District","泉州市","Quanzhou City","福建省","Fujian Province","2016","1.25899062237049","125.899062237049"
"350504","洛江区","Luojiang District","泉州市","Quanzhou City","福建省","Fujian Province","2017","1.34855911575433","134.855911575433"
"350505","泉港区","Quangang District","泉州市","Quanzhou City","福建省","Fujian Province","2000","1.00456835649194","100.456835649194"
"350505","泉港区","Quangang District","泉州市","Quanzhou City","福建省","Fujian Province","2001","1.13469224565562","113.469224565562"
"350505","泉港区","Quangang District","泉州市","Quanzhou City","福建省","Fujian Province","2002","1.15271946234228","115.271946234228"
"350505","泉港区","Quangang District","泉州市","Quanzhou City","福建省","Fujian Province","2003","1.24953459927371","124.953459927371"
"350505","泉港区","Quangang District","泉州市","Quanzhou City","福建省","Fujian Province","2004","1.11939447956656","111.939447956656"
"350505","泉港区","Quangang District","泉州市","Quanzhou City","福建省","Fujian Province","2005","1.10458712362826","110.458712362826"
"350505","泉港区","Quangang District","泉州市","Quanzhou City","福建省","Fujian Province","2006","1.06517592882333","106.517592882333"
"350505","泉港区","Quangang District","泉州市","Quanzhou City","福建省","Fujian Province","2007","1.08709758129631","108.709758129631"
"350505","泉港区","Quangang District","泉州市","Quanzhou City","福建省","Fujian Province","2008","1.11120267783167","111.120267783167"
"350505","泉港区","Quangang District","泉州市","Quanzhou City","福建省","Fujian Province","2009","1.13858236979495","113.858236979495"
"350505","泉港区","Quangang District","泉州市","Quanzhou City","福建省","Fujian Province","2010","1.05486288090246","105.486288090246"
"350505","泉港区","Quangang District","泉州市","Quanzhou City","福建省","Fujian Province","2011","1.09913684137657","109.913684137657"
"350505","泉港区","Quangang District","泉州市","Quanzhou City","福建省","Fujian Province","2012","1.11874906881303","111.874906881303"
"350505","泉港区","Quangang District","泉州市","Quanzhou City","福建省","Fujian Province","2013","1.14615547857645","114.615547857645"
"350505","泉港区","Quangang District","泉州市","Quanzhou City","福建省","Fujian Province","2014","1.09524915980279","109.524915980279"
"350505","泉港区","Quangang District","泉州市","Quanzhou City","福建省","Fujian Province","2015","1.07917641184279","107.917641184279"
"350505","泉港区","Quangang District","泉州市","Quanzhou City","福建省","Fujian Province","2016","1.04637286861926","104.637286861926"
"350505","泉港区","Quangang District","泉州市","Quanzhou City","福建省","Fujian Province","2017","1.11578231294684","111.578231294684"
"350521","惠安县","Hui'an County","泉州市","Quanzhou City","福建省","Fujian Province","2000","2.29792479868552","229.792479868552"
"350521","惠安县","Hui'an County","泉州市","Quanzhou City","福建省","Fujian Province","2001","2.54101142266208","254.101142266208"
"350521","惠安县","Hui'an County","泉州市","Quanzhou City","福建省","Fujian Province","2002","2.61698479956558","261.698479956558"
"350521","惠安县","Hui'an County","泉州市","Quanzhou City","福建省","Fujian Province","2003","2.80947234059958","280.947234059958"
"350521","惠安县","Hui'an County","泉州市","Quanzhou City","福建省","Fujian Province","2004","2.53257998021511","253.257998021511"
"350521","惠安县","Hui'an County","泉州市","Quanzhou City","福建省","Fujian Province","2005","2.51385925258278","251.385925258278"
"350521","惠安县","Hui'an County","泉州市","Quanzhou City","福建省","Fujian Province","2006","2.35727938165879","235.727938165879"
"350521","惠安县","Hui'an County","泉州市","Quanzhou City","福建省","Fujian Province","2007","2.46495328154829","246.495328154829"
"350521","惠安县","Hui'an County","泉州市","Quanzhou City","福建省","Fujian Province","2008","2.54309872045829","254.309872045829"
"350521","惠安县","Hui'an County","泉州市","Quanzhou City","福建省","Fujian Province","2009","2.48394489037133","248.394489037133"
"350521","惠安县","Hui'an County","泉州市","Quanzhou City","福建省","Fujian Province","2010","2.35941445370798","235.941445370798"
"350521","惠安县","Hui'an County","泉州市","Quanzhou City","福建省","Fujian Province","2011","2.36826436408215","236.826436408215"
"350521","惠安县","Hui'an County","泉州市","Quanzhou City","福建省","Fujian Province","2012","2.43651605617126","243.651605617126"
"350521","惠安县","Hui'an County","泉州市","Quanzhou City","福建省","Fujian Province","2013","2.51710270814145","251.710270814145"
"350521","惠安县","Hui'an County","泉州市","Quanzhou City","福建省","Fujian Province","2014","2.35121324127223","235.121324127223"
"350521","惠安县","Hui'an County","泉州市","Quanzhou City","福建省","Fujian Province","2015","2.43289748587663","243.289748587663"
"350521","惠安县","Hui'an County","泉州市","Quanzhou City","福建省","Fujian Province","2016","2.36540622930587","236.540622930587"
"350521","惠安县","Hui'an County","泉州市","Quanzhou City","福建省","Fujian Province","2017","2.43847099314606","243.847099314606"
"350524","安溪县","Anxi County","泉州市","Quanzhou City","福建省","Fujian Province","2000","8.27194365214519","827.194365214519"
"350524","安溪县","Anxi County","泉州市","Quanzhou City","福建省","Fujian Province","2001","9.423989730862","942.3989730862"
"350524","安溪县","Anxi County","泉州市","Quanzhou City","福建省","Fujian Province","2002","9.09782499204812","909.782499204812"
"350524","安溪县","Anxi County","泉州市","Quanzhou City","福建省","Fujian Province","2003","9.96883449339654","996.883449339654"
"350524","安溪县","Anxi County","泉州市","Quanzhou City","福建省","Fujian Province","2004","9.19979876239208","919.979876239208"
"350524","安溪县","Anxi County","泉州市","Quanzhou City","福建省","Fujian Province","2005","8.50480442511251","850.480442511251"
"350524","安溪县","Anxi County","泉州市","Quanzhou City","福建省","Fujian Province","2006","8.78010138694535","878.010138694535"
"350524","安溪县","Anxi County","泉州市","Quanzhou City","福建省","Fujian Province","2007","8.75510923595914","875.510923595914"
"350524","安溪县","Anxi County","泉州市","Quanzhou City","福建省","Fujian Province","2008","9.04877982348795","904.877982348795"
"350524","安溪县","Anxi County","泉州市","Quanzhou City","福建省","Fujian Province","2009","9.35661206621822","935.661206621822"
"350524","安溪县","Anxi County","泉州市","Quanzhou City","福建省","Fujian Province","2010","8.76148150029902","876.148150029902"
"350524","安溪县","Anxi County","泉州市","Quanzhou City","福建省","Fujian Province","2011","8.89945705010531","889.945705010531"
"350524","安溪县","Anxi County","泉州市","Quanzhou City","福建省","Fujian Province","2012","9.32457561444627","932.457561444627"
"350524","安溪县","Anxi County","泉州市","Quanzhou City","福建省","Fujian Province","2013","9.57951800094114","957.951800094114"
"350524","安溪县","Anxi County","泉州市","Quanzhou City","福建省","Fujian Province","2014","9.01449899805137","901.449899805137"
"350524","安溪县","Anxi County","泉州市","Quanzhou City","福建省","Fujian Province","2015","8.9957067205304","899.57067205304"
"350524","安溪县","Anxi County","泉州市","Quanzhou City","福建省","Fujian Province","2016","8.87160463624998","887.160463624998"
"350524","安溪县","Anxi County","泉州市","Quanzhou City","福建省","Fujian Province","2017","9.84456953064103","984.456953064103"
"350525","永春县","Yongchun County","泉州市","Quanzhou City","福建省","Fujian Province","2000","4.35825163606257","435.825163606257"
"350525","永春县","Yongchun County","泉州市","Quanzhou City","福建省","Fujian Province","2001","5.0256385034808","502.56385034808"
"350525","永春县","Yongchun County","泉州市","Quanzhou City","福建省","Fujian Province","2002","4.82972268038574","482.972268038574"
"350525","永春县","Yongchun County","泉州市","Quanzhou City","福建省","Fujian Province","2003","5.31360314683126","531.360314683126"
"350525","永春县","Yongchun County","泉州市","Quanzhou City","福建省","Fujian Province","2004","5.055531231948","505.5531231948"
"350525","永春县","Yongchun County","泉州市","Quanzhou City","福建省","Fujian Province","2005","4.69117467522554","469.117467522554"
"350525","永春县","Yongchun County","泉州市","Quanzhou City","福建省","Fujian Province","2006","4.68867287650947","468.867287650947"
"350525","永春县","Yongchun County","泉州市","Quanzhou City","福建省","Fujian Province","2007","4.78540929756967","478.540929756967"
"350525","永春县","Yongchun County","泉州市","Quanzhou City","福建省","Fujian Province","2008","4.86781039101477","486.781039101477"
"350525","永春县","Yongchun County","泉州市","Quanzhou City","福建省","Fujian Province","2009","5.00438809120967","500.438809120967"
"350525","永春县","Yongchun County","泉州市","Quanzhou City","福建省","Fujian Province","2010","4.6036471724436","460.36471724436"
"350525","永春县","Yongchun County","泉州市","Quanzhou City","福建省","Fujian Province","2011","4.77708821886288","477.708821886288"
"350525","永春县","Yongchun County","泉州市","Quanzhou City","福建省","Fujian Province","2012","4.93875136478061","493.875136478061"
"350525","永春县","Yongchun County","泉州市","Quanzhou City","福建省","Fujian Province","2013","5.07475055964127","507.475055964127"
"350525","永春县","Yongchun County","泉州市","Quanzhou City","福建省","Fujian Province","2014","4.71175906361773","471.175906361773"
"350525","永春县","Yongchun County","泉州市","Quanzhou City","福建省","Fujian Province","2015","4.60400352225831","460.400352225831"
"350525","永春县","Yongchun County","泉州市","Quanzhou City","福建省","Fujian Province","2016","4.64586921354359","464.586921354359"
"350525","永春县","Yongchun County","泉州市","Quanzhou City","福建省","Fujian Province","2017","5.07172765008232","507.172765008232"
"350526","德化县","Dehua County","泉州市","Quanzhou City","福建省","Fujian Province","2000","6.27493734715797","627.493734715797"
"350526","德化县","Dehua County","泉州市","Quanzhou City","福建省","Fujian Province","2001","7.21380797697883","721.380797697883"
"350526","德化县","Dehua County","泉州市","Quanzhou City","福建省","Fujian Province","2002","6.76528166652712","676.528166652712"
"350526","德化县","Dehua County","泉州市","Quanzhou City","福建省","Fujian Province","2003","7.39291932850887","739.291932850887"
"350526","德化县","Dehua County","泉州市","Quanzhou City","福建省","Fujian Province","2004","7.21691891169736","721.691891169736"
"350526","德化县","Dehua County","泉州市","Quanzhou City","福建省","Fujian Province","2005","6.56478018170466","656.478018170466"
"350526","德化县","Dehua County","泉州市","Quanzhou City","福建省","Fujian Province","2006","6.41893600173224","641.893600173224"
"350526","德化县","Dehua County","泉州市","Quanzhou City","福建省","Fujian Province","2007","6.57902596581885","657.902596581885"
"350526","德化县","Dehua County","泉州市","Quanzhou City","福建省","Fujian Province","2008","6.7406786590326","674.06786590326"
"350526","德化县","Dehua County","泉州市","Quanzhou City","福建省","Fujian Province","2009","6.89926022181001","689.926022181001"
"350526","德化县","Dehua County","泉州市","Quanzhou City","福建省","Fujian Province","2010","6.29208015314145","629.208015314145"
"350526","德化县","Dehua County","泉州市","Quanzhou City","福建省","Fujian Province","2011","6.38255103283566","638.255103283566"
"350526","德化县","Dehua County","泉州市","Quanzhou City","福建省","Fujian Province","2012","6.76345138239571","676.345138239571"
"350526","德化县","Dehua County","泉州市","Quanzhou City","福建省","Fujian Province","2013","6.80139924922068","680.139924922068"
"350526","德化县","Dehua County","泉州市","Quanzhou City","福建省","Fujian Province","2014","6.27580653384244","627.580653384244"
"350526","德化县","Dehua County","泉州市","Quanzhou City","福建省","Fujian Province","2015","6.17663791268789","617.663791268789"
"350526","德化县","Dehua County","泉州市","Quanzhou City","福建省","Fujian Province","2016","6.13655566590248","613.655566590248"
"350526","德化县","Dehua County","泉州市","Quanzhou City","福建省","Fujian Province","2017","6.67930206074317","667.930206074317"
"350527","金门县","Kinmen County","泉州市","Quanzhou City","福建省","Fujian Province","2000","1.43415835899714","143.415835899714"
"350527","金门县","Kinmen County","泉州市","Quanzhou City","福建省","Fujian Province","2001","1.65142085750864","165.142085750864"
"350527","金门县","Kinmen County","泉州市","Quanzhou City","福建省","Fujian Province","2002","1.54567533036284","154.567533036284"
"350527","金门县","Kinmen County","泉州市","Quanzhou City","福建省","Fujian Province","2003","1.74925121503509","174.925121503509"
"350527","金门县","Kinmen County","泉州市","Quanzhou City","福建省","Fujian Province","2004","1.50883331510476","150.883331510476"
"350527","金门县","Kinmen County","泉州市","Quanzhou City","福建省","Fujian Province","2005","1.50309059147384","150.309059147384"
"350527","金门县","Kinmen County","泉州市","Quanzhou City","福建省","Fujian Province","2006","1.51428880787017","151.428880787017"
"350527","金门县","Kinmen County","泉州市","Quanzhou City","福建省","Fujian Province","2007","1.57269866931443","157.269866931443"
"350527","金门县","Kinmen County","泉州市","Quanzhou City","福建省","Fujian Province","2008","1.52631998142353","152.631998142353"
"350527","金门县","Kinmen County","泉州市","Quanzhou City","福建省","Fujian Province","2009","1.57926345592603","157.926345592603"
"350527","金门县","Kinmen County","泉州市","Quanzhou City","福建省","Fujian Province","2010","1.52482641626339","152.482641626339"
"350527","金门县","Kinmen County","泉州市","Quanzhou City","福建省","Fujian Province","2011","1.47508677580011","147.508677580011"
"350527","金门县","Kinmen County","泉州市","Quanzhou City","福建省","Fujian Province","2012","1.48486715887304","148.486715887304"
"350527","金门县","Kinmen County","泉州市","Quanzhou City","福建省","Fujian Province","2013","1.65937084743572","165.937084743572"
"350527","金门县","Kinmen County","泉州市","Quanzhou City","福建省","Fujian Province","2014","1.51290274240088","151.290274240088"
"350527","金门县","Kinmen County","泉州市","Quanzhou City","福建省","Fujian Province","2015","1.631313502399","163.1313502399"
"350527","金门县","Kinmen County","泉州市","Quanzhou City","福建省","Fujian Province","2016","1.50399186310746","150.399186310746"
"350527","金门县","Kinmen County","泉州市","Quanzhou City","福建省","Fujian Province","2017","1.55771781033226","155.771781033226"
"350581","石狮市","Shishi City","泉州市","Quanzhou City","福建省","Fujian Province","2000","0.478534078622353","47.8534078622353"
"350581","石狮市","Shishi City","泉州市","Quanzhou City","福建省","Fujian Province","2001","0.548377812012899","54.8377812012899"
"350581","石狮市","Shishi City","泉州市","Quanzhou City","福建省","Fujian Province","2002","0.541540894604165","54.1540894604165"
"350581","石狮市","Shishi City","泉州市","Quanzhou City","福建省","Fujian Province","2003","0.567192483295388","56.7192483295388"
"350581","石狮市","Shishi City","泉州市","Quanzhou City","福建省","Fujian Province","2004","0.475784661365345","47.5784661365345"
"350581","石狮市","Shishi City","泉州市","Quanzhou City","福建省","Fujian Province","2005","0.475208074778569","47.5208074778569"
"350581","石狮市","Shishi City","泉州市","Quanzhou City","福建省","Fujian Province","2006","0.444987512123621","44.4987512123621"
"350581","石狮市","Shishi City","泉州市","Quanzhou City","福建省","Fujian Province","2007","0.456269344527435","45.6269344527435"
"350581","石狮市","Shishi City","泉州市","Quanzhou City","福建省","Fujian Province","2008","0.465305678960376","46.5305678960376"
"350581","石狮市","Shishi City","泉州市","Quanzhou City","福建省","Fujian Province","2009","0.440658979371201","44.0658979371201"
"350581","石狮市","Shishi City","泉州市","Quanzhou City","福建省","Fujian Province","2010","0.446989023883495","44.6989023883495"
"350581","石狮市","Shishi City","泉州市","Quanzhou City","福建省","Fujian Province","2011","0.437990497088786","43.7990497088786"
"350581","石狮市","Shishi City","泉州市","Quanzhou City","福建省","Fujian Province","2012","0.438794526964573","43.8794526964573"
"350581","石狮市","Shishi City","泉州市","Quanzhou City","福建省","Fujian Province","2013","0.455366654501834","45.5366654501834"
"350581","石狮市","Shishi City","泉州市","Quanzhou City","福建省","Fujian Province","2014","0.413714207536399","41.3714207536399"
"350581","石狮市","Shishi City","泉州市","Quanzhou City","福建省","Fujian Province","2015","0.458835032998869","45.8835032998869"
"350581","石狮市","Shishi City","泉州市","Quanzhou City","福建省","Fujian Province","2016","0.442466721729333","44.2466721729333"
"350581","石狮市","Shishi City","泉州市","Quanzhou City","福建省","Fujian Province","2017","0.444552120929441","44.4552120929441"
"350582","晋江市","Jinjiang City","泉州市","Quanzhou City","福建省","Fujian Province","2000","1.60682519391572","160.682519391572"
"350582","晋江市","Jinjiang City","泉州市","Quanzhou City","福建省","Fujian Province","2001","1.85723750618504","185.723750618504"
"350582","晋江市","Jinjiang City","泉州市","Quanzhou City","福建省","Fujian Province","2002","1.84784803131849","184.784803131849"
"350582","晋江市","Jinjiang City","泉州市","Quanzhou City","福建省","Fujian Province","2003","1.98477685490379","198.477685490379"
"350582","晋江市","Jinjiang City","泉州市","Quanzhou City","福建省","Fujian Province","2004","1.7249478322004","172.49478322004"
"350582","晋江市","Jinjiang City","泉州市","Quanzhou City","福建省","Fujian Province","2005","1.68941485772212","168.941485772212"
"350582","晋江市","Jinjiang City","泉州市","Quanzhou City","福建省","Fujian Province","2006","1.63649361054284","163.649361054284"
"350582","晋江市","Jinjiang City","泉州市","Quanzhou City","福建省","Fujian Province","2007","1.67472475540633","167.472475540633"
"350582","晋江市","Jinjiang City","泉州市","Quanzhou City","福建省","Fujian Province","2008","1.71278288899246","171.278288899246"
"350582","晋江市","Jinjiang City","泉州市","Quanzhou City","福建省","Fujian Province","2009","1.67767764565256","167.767764565256"
"350582","晋江市","Jinjiang City","泉州市","Quanzhou City","福建省","Fujian Province","2010","1.60801046971394","160.801046971394"
"350582","晋江市","Jinjiang City","泉州市","Quanzhou City","福建省","Fujian Province","2011","1.60665881292562","160.665881292562"
"350582","晋江市","Jinjiang City","泉州市","Quanzhou City","福建省","Fujian Province","2012","1.62923653914548","162.923653914548"
"350582","晋江市","Jinjiang City","泉州市","Quanzhou City","福建省","Fujian Province","2013","1.71137417562624","171.137417562624"
"350582","晋江市","Jinjiang City","泉州市","Quanzhou City","福建省","Fujian Province","2014","1.59209459836553","159.209459836553"
"350582","晋江市","Jinjiang City","泉州市","Quanzhou City","福建省","Fujian Province","2015","1.70714103746436","170.714103746436"
"350582","晋江市","Jinjiang City","泉州市","Quanzhou City","福建省","Fujian Province","2016","1.55405670750255","155.405670750255"
"350582","晋江市","Jinjiang City","泉州市","Quanzhou City","福建省","Fujian Province","2017","1.6251027854576","162.51027854576"
"350583","南安市","Nan'an City","泉州市","Quanzhou City","福建省","Fujian Province","2000","5.37553066020933","537.553066020933"
"350583","南安市","Nan'an City","泉州市","Quanzhou City","福建省","Fujian Province","2001","6.34250356078669","634.250356078669"
"350583","南安市","Nan'an City","泉州市","Quanzhou City","福建省","Fujian Province","2002","6.33416896245411","633.416896245411"
"350583","南安市","Nan'an City","泉州市","Quanzhou City","福建省","Fujian Province","2003","7.03604650827539","703.604650827539"
"350583","南安市","Nan'an City","泉州市","Quanzhou City","福建省","Fujian Province","2004","6.3541614320358","635.41614320358"
"350583","南安市","Nan'an City","泉州市","Quanzhou City","福建省","Fujian Province","2005","6.04878186193923","604.878186193923"
"350583","南安市","Nan'an City","泉州市","Quanzhou City","福建省","Fujian Province","2006","6.04481224676497","604.481224676497"
"350583","南安市","Nan'an City","泉州市","Quanzhou City","福建省","Fujian Province","2007","6.14304642129899","614.304642129899"
"350583","南安市","Nan'an City","泉州市","Quanzhou City","福建省","Fujian Province","2008","6.15897308698619","615.897308698619"
"350583","南安市","Nan'an City","泉州市","Quanzhou City","福建省","Fujian Province","2009","6.32017001608371","632.017001608371"
"350583","南安市","Nan'an City","泉州市","Quanzhou City","福建省","Fujian Province","2010","5.92566752384729","592.566752384729"
"350583","南安市","Nan'an City","泉州市","Quanzhou City","福建省","Fujian Province","2011","6.06049333536384","606.049333536384"
"350583","南安市","Nan'an City","泉州市","Quanzhou City","福建省","Fujian Province","2012","6.21534269835516","621.534269835516"
"350583","南安市","Nan'an City","泉州市","Quanzhou City","福建省","Fujian Province","2013","6.44316437194338","644.316437194338"
"350583","南安市","Nan'an City","泉州市","Quanzhou City","福建省","Fujian Province","2014","6.09289760916134","609.289760916134"
"350583","南安市","Nan'an City","泉州市","Quanzhou City","福建省","Fujian Province","2015","6.0530825203467","605.30825203467"
"350583","南安市","Nan'an City","泉州市","Quanzhou City","福建省","Fujian Province","2016","5.85676769408791","585.676769408791"
"350583","南安市","Nan'an City","泉州市","Quanzhou City","福建省","Fujian Province","2017","6.34459375175135","634.459375175135"
"350602","芗城区","Xiangcheng District","漳州市","Zhangzhou City","福建省","Fujian Province","2000","0.636204301591908","63.6204301591908"
"350602","芗城区","Xiangcheng District","漳州市","Zhangzhou City","福建省","Fujian Province","2001","0.740824700313727","74.0824700313727"
"350602","芗城区","Xiangcheng District","漳州市","Zhangzhou City","福建省","Fujian Province","2002","0.700786629023006","70.0786629023006"
"350602","芗城区","Xiangcheng District","漳州市","Zhangzhou City","福建省","Fujian Province","2003","0.780739218756239","78.0739218756239"
"350602","芗城区","Xiangcheng District","漳州市","Zhangzhou City","福建省","Fujian Province","2004","0.726057505957509","72.6057505957509"
"350602","芗城区","Xiangcheng District","漳州市","Zhangzhou City","福建省","Fujian Province","2005","0.684243430112037","68.4243430112037"
"350602","芗城区","Xiangcheng District","漳州市","Zhangzhou City","福建省","Fujian Province","2006","0.663884263067103","66.3884263067103"
"350602","芗城区","Xiangcheng District","漳州市","Zhangzhou City","福建省","Fujian Province","2007","0.692507113997301","69.2507113997301"
"350602","芗城区","Xiangcheng District","漳州市","Zhangzhou City","福建省","Fujian Province","2008","0.66859357967312","66.859357967312"
"350602","芗城区","Xiangcheng District","漳州市","Zhangzhou City","福建省","Fujian Province","2009","0.691052947835127","69.1052947835127"
"350602","芗城区","Xiangcheng District","漳州市","Zhangzhou City","福建省","Fujian Province","2010","0.638602698078035","63.8602698078035"
"350602","芗城区","Xiangcheng District","漳州市","Zhangzhou City","福建省","Fujian Province","2011","0.627274951662102","62.7274951662102"
"350602","芗城区","Xiangcheng District","漳州市","Zhangzhou City","福建省","Fujian Province","2012","0.657654685373455","65.7654685373455"
"350602","芗城区","Xiangcheng District","漳州市","Zhangzhou City","福建省","Fujian Province","2013","0.688031852405308","68.8031852405308"
"350602","芗城区","Xiangcheng District","漳州市","Zhangzhou City","福建省","Fujian Province","2014","0.630541715024544","63.0541715024544"
"350602","芗城区","Xiangcheng District","漳州市","Zhangzhou City","福建省","Fujian Province","2015","0.656281929512541","65.6281929512541"
"350602","芗城区","Xiangcheng District","漳州市","Zhangzhou City","福建省","Fujian Province","2016","0.620139282054386","62.0139282054386"
"350602","芗城区","Xiangcheng District","漳州市","Zhangzhou City","福建省","Fujian Province","2017","0.703240735883573","70.3240735883573"
"350603","龙文区","Longwen District","漳州市","Zhangzhou City","福建省","Fujian Province","2000","0.252759620604208","25.2759620604208"
"350603","龙文区","Longwen District","漳州市","Zhangzhou City","福建省","Fujian Province","2001","0.306687395332517","30.6687395332517"
"350603","龙文区","Longwen District","漳州市","Zhangzhou City","福建省","Fujian Province","2002","0.282860533342137","28.2860533342137"
"350603","龙文区","Longwen District","漳州市","Zhangzhou City","福建省","Fujian Province","2003","0.319660258785575","31.9660258785575"
"350603","龙文区","Longwen District","漳州市","Zhangzhou City","福建省","Fujian Province","2004","0.28973267799131","28.973267799131"
"350603","龙文区","Longwen District","漳州市","Zhangzhou City","福建省","Fujian Province","2005","0.275492285162204","27.5492285162204"
"350603","龙文区","Longwen District","漳州市","Zhangzhou City","福建省","Fujian Province","2006","0.27461194949956","27.461194949956"
"350603","龙文区","Longwen District","漳州市","Zhangzhou City","福建省","Fujian Province","2007","0.293013295245757","29.3013295245757"
"350603","龙文区","Longwen District","漳州市","Zhangzhou City","福建省","Fujian Province","2008","0.290530960908971","29.0530960908971"
"350603","龙文区","Longwen District","漳州市","Zhangzhou City","福建省","Fujian Province","2009","0.298366315566231","29.8366315566231"
"350603","龙文区","Longwen District","漳州市","Zhangzhou City","福建省","Fujian Province","2010","0.287052460883561","28.7052460883561"
"350603","龙文区","Longwen District","漳州市","Zhangzhou City","福建省","Fujian Province","2011","0.27330174582472","27.330174582472"
"350603","龙文区","Longwen District","漳州市","Zhangzhou City","福建省","Fujian Province","2012","0.286135219333063","28.6135219333063"
"350603","龙文区","Longwen District","漳州市","Zhangzhou City","福建省","Fujian Province","2013","0.294975306279918","29.4975306279918"
"350603","龙文区","Longwen District","漳州市","Zhangzhou City","福建省","Fujian Province","2014","0.277859944436695","27.7859944436695"
"350603","龙文区","Longwen District","漳州市","Zhangzhou City","福建省","Fujian Province","2015","0.286790486502015","28.6790486502015"
"350603","龙文区","Longwen District","漳州市","Zhangzhou City","福建省","Fujian Province","2016","0.273675924256289","27.3675924256289"
"350603","龙文区","Longwen District","漳州市","Zhangzhou City","福建省","Fujian Province","2017","0.309506344005255","30.9506344005255"
"350622","云霄县","Yunxiao County","漳州市","Zhangzhou City","福建省","Fujian Province","2000","3.34601294552251","334.601294552251"
"350622","云霄县","Yunxiao County","漳州市","Zhangzhou City","福建省","Fujian Province","2001","3.78983580565498","378.983580565498"
"350622","云霄县","Yunxiao County","漳州市","Zhangzhou City","福建省","Fujian Province","2002","3.65090713350893","365.090713350893"
"350622","云霄县","Yunxiao County","漳州市","Zhangzhou City","福建省","Fujian Province","2003","4.19884566963255","419.884566963255"
"350622","云霄县","Yunxiao County","漳州市","Zhangzhou City","福建省","Fujian Province","2004","3.88025822519108","388.025822519108"
"350622","云霄县","Yunxiao County","漳州市","Zhangzhou City","福建省","Fujian Province","2005","3.84390030889783","384.390030889783"
"350622","云霄县","Yunxiao County","漳州市","Zhangzhou City","福建省","Fujian Province","2006","3.68799561377139","368.799561377139"
"350622","云霄县","Yunxiao County","漳州市","Zhangzhou City","福建省","Fujian Province","2007","3.85450303740507","385.450303740507"
"350622","云霄县","Yunxiao County","漳州市","Zhangzhou City","福建省","Fujian Province","2008","3.80872594974693","380.872594974693"
"350622","云霄县","Yunxiao County","漳州市","Zhangzhou City","福建省","Fujian Province","2009","3.91803678415467","391.803678415467"
"350622","云霄县","Yunxiao County","漳州市","Zhangzhou City","福建省","Fujian Province","2010","3.79808427416819","379.808427416819"
"350622","云霄县","Yunxiao County","漳州市","Zhangzhou City","福建省","Fujian Province","2011","3.7495741570756","374.95741570756"
"350622","云霄县","Yunxiao County","漳州市","Zhangzhou City","福建省","Fujian Province","2012","3.73527404122748","373.527404122748"
"350622","云霄县","Yunxiao County","漳州市","Zhangzhou City","福建省","Fujian Province","2013","3.89368270447679","389.368270447679"
"350622","云霄县","Yunxiao County","漳州市","Zhangzhou City","福建省","Fujian Province","2014","3.75235966147659","375.235966147659"
"350622","云霄县","Yunxiao County","漳州市","Zhangzhou City","福建省","Fujian Province","2015","3.89340116999199","389.340116999199"
"350622","云霄县","Yunxiao County","漳州市","Zhangzhou City","福建省","Fujian Province","2016","3.57366321779215","357.366321779215"
"350622","云霄县","Yunxiao County","漳州市","Zhangzhou City","福建省","Fujian Province","2017","3.93893334728632","393.893334728632"
"350623","漳浦县","Zhangpu County","漳州市","Zhangzhou City","福建省","Fujian Province","2000","7.27587574439046","727.587574439046"
"350623","漳浦县","Zhangpu County","漳州市","Zhangzhou City","福建省","Fujian Province","2001","8.20269319371588","820.269319371588"
"350623","漳浦县","Zhangpu County","漳州市","Zhangzhou City","福建省","Fujian Province","2002","8.0456955901555","804.56955901555"
"350623","漳浦县","Zhangpu County","漳州市","Zhangzhou City","福建省","Fujian Province","2003","9.1661525436364","916.61525436364"
"350623","漳浦县","Zhangpu County","漳州市","Zhangzhou City","福建省","Fujian Province","2004","8.40067727939711","840.067727939711"
"350623","漳浦县","Zhangpu County","漳州市","Zhangzhou City","福建省","Fujian Province","2005","8.2744058710858","827.44058710858"
"350623","漳浦县","Zhangpu County","漳州市","Zhangzhou City","福建省","Fujian Province","2006","8.0671028560682","806.71028560682"
"350623","漳浦县","Zhangpu County","漳州市","Zhangzhou City","福建省","Fujian Province","2007","8.38120480868115","838.120480868115"
"350623","漳浦县","Zhangpu County","漳州市","Zhangzhou City","福建省","Fujian Province","2008","8.39779352940177","839.779352940177"
"350623","漳浦县","Zhangpu County","漳州市","Zhangzhou City","福建省","Fujian Province","2009","8.68233004494257","868.233004494257"
"350623","漳浦县","Zhangpu County","漳州市","Zhangzhou City","福建省","Fujian Province","2010","8.33124404421861","833.124404421861"
"350623","漳浦县","Zhangpu County","漳州市","Zhangzhou City","福建省","Fujian Province","2011","8.25482940303799","825.482940303799"
"350623","漳浦县","Zhangpu County","漳州市","Zhangzhou City","福建省","Fujian Province","2012","8.17103953567449","817.103953567449"
"350623","漳浦县","Zhangpu County","漳州市","Zhangzhou City","福建省","Fujian Province","2013","8.62475865178155","862.475865178155"
"350623","漳浦县","Zhangpu County","漳州市","Zhangzhou City","福建省","Fujian Province","2014","8.32043661011322","832.043661011322"
"350623","漳浦县","Zhangpu County","漳州市","Zhangzhou City","福建省","Fujian Province","2015","8.6327439648695","863.27439648695"
"350623","漳浦县","Zhangpu County","漳州市","Zhangzhou City","福建省","Fujian Province","2016","7.92102992861762","792.102992861762"
"350623","漳浦县","Zhangpu County","漳州市","Zhangzhou City","福建省","Fujian Province","2017","8.60315322304325","860.315322304325"
"350624","诏安县","Zhao'an County","漳州市","Zhangzhou City","福建省","Fujian Province","2000","4.12432525649947","412.432525649947"
"350624","诏安县","Zhao'an County","漳州市","Zhangzhou City","福建省","Fujian Province","2001","4.47887000586418","447.887000586418"
"350624","诏安县","Zhao'an County","漳州市","Zhangzhou City","福建省","Fujian Province","2002","4.32616799888865","432.616799888865"
"350624","诏安县","Zhao'an County","漳州市","Zhangzhou City","福建省","Fujian Province","2003","4.92520130735046","492.520130735046"
"350624","诏安县","Zhao'an County","漳州市","Zhangzhou City","福建省","Fujian Province","2004","4.62028594631999","462.028594631999"
"350624","诏安县","Zhao'an County","漳州市","Zhangzhou City","福建省","Fujian Province","2005","4.54696657599611","454.696657599611"
"350624","诏安县","Zhao'an County","漳州市","Zhangzhou City","福建省","Fujian Province","2006","4.32395434353919","432.395434353919"
"350624","诏安县","Zhao'an County","漳州市","Zhangzhou City","福建省","Fujian Province","2007","4.57581504797031","457.581504797031"
"350624","诏安县","Zhao'an County","漳州市","Zhangzhou City","福建省","Fujian Province","2008","4.45951708057512","445.951708057512"
"350624","诏安县","Zhao'an County","漳州市","Zhangzhou City","福建省","Fujian Province","2009","4.6282775704013","462.82775704013"
"350624","诏安县","Zhao'an County","漳州市","Zhangzhou City","福建省","Fujian Province","2010","4.54999384935665","454.999384935665"
"350624","诏安县","Zhao'an County","漳州市","Zhangzhou City","福建省","Fujian Province","2011","4.49035091482548","449.035091482548"
"350624","诏安县","Zhao'an County","漳州市","Zhangzhou City","福建省","Fujian Province","2012","4.45698256568895","445.698256568895"
"350624","诏安县","Zhao'an County","漳州市","Zhangzhou City","福建省","Fujian Province","2013","4.6101626025257","461.01626025257"
"350624","诏安县","Zhao'an County","漳州市","Zhangzhou City","福建省","Fujian Province","2014","4.46824309051537","446.824309051537"
"350624","诏安县","Zhao'an County","漳州市","Zhangzhou City","福建省","Fujian Province","2015","4.63542312114931","463.542312114931"
"350624","诏安县","Zhao'an County","漳州市","Zhangzhou City","福建省","Fujian Province","2016","4.33622693143615","433.622693143615"
"350624","诏安县","Zhao'an County","漳州市","Zhangzhou City","福建省","Fujian Province","2017","4.7078432256704","470.78432256704"
"350625","长泰县","Changtai County","漳州市","Zhangzhou City","福建省","Fujian Province","2000","2.87567894968345","287.567894968345"
"350625","长泰县","Changtai County","漳州市","Zhangzhou City","福建省","Fujian Province","2001","3.29146252452028","329.146252452028"
"350625","长泰县","Changtai County","漳州市","Zhangzhou City","福建省","Fujian Province","2002","3.20262722639422","320.262722639422"
"350625","长泰县","Changtai County","漳州市","Zhangzhou City","福建省","Fujian Province","2003","3.50125279497222","350.125279497222"
"350625","长泰县","Changtai County","漳州市","Zhangzhou City","福建省","Fujian Province","2004","3.30524283757503","330.524283757503"
"350625","长泰县","Changtai County","漳州市","Zhangzhou City","福建省","Fujian Province","2005","3.11004671836449","311.004671836449"
"350625","长泰县","Changtai County","漳州市","Zhangzhou City","福建省","Fujian Province","2006","3.07296680486505","307.296680486505"
"350625","长泰县","Changtai County","漳州市","Zhangzhou City","福建省","Fujian Province","2007","3.13340670676733","313.340670676733"
"350625","长泰县","Changtai County","漳州市","Zhangzhou City","福建省","Fujian Province","2008","3.16161914534427","316.161914534427"
"350625","长泰县","Changtai County","漳州市","Zhangzhou City","福建省","Fujian Province","2009","3.28143330852912","328.143330852912"
"350625","长泰县","Changtai County","漳州市","Zhangzhou City","福建省","Fujian Province","2010","3.06198469798355","306.198469798355"
"350625","长泰县","Changtai County","漳州市","Zhangzhou City","福建省","Fujian Province","2011","3.06297209816552","306.297209816552"
"350625","长泰县","Changtai County","漳州市","Zhangzhou City","福建省","Fujian Province","2012","3.11320683086034","311.320683086034"
"350625","长泰县","Changtai County","漳州市","Zhangzhou City","福建省","Fujian Province","2013","3.21540382260299","321.540382260299"
"350625","长泰县","Changtai County","漳州市","Zhangzhou City","福建省","Fujian Province","2014","3.03733331562504","303.733331562504"
"350625","长泰县","Changtai County","漳州市","Zhangzhou City","福建省","Fujian Province","2015","3.04861778931536","304.861778931536"
"350625","长泰县","Changtai County","漳州市","Zhangzhou City","福建省","Fujian Province","2016","2.90786516397619","290.786516397619"
"350625","长泰县","Changtai County","漳州市","Zhangzhou City","福建省","Fujian Province","2017","3.22659383379281","322.659383379281"
"350626","东山县","Dongshan County","漳州市","Zhangzhou City","福建省","Fujian Province","2000","1.13228312898133","113.228312898133"
"350626","东山县","Dongshan County","漳州市","Zhangzhou City","福建省","Fujian Province","2001","1.23146411711138","123.146411711138"
"350626","东山县","Dongshan County","漳州市","Zhangzhou City","福建省","Fujian Province","2002","1.26059834120198","126.059834120198"
"350626","东山县","Dongshan County","漳州市","Zhangzhou City","福建省","Fujian Province","2003","1.41429143012965","141.429143012965"
"350626","东山县","Dongshan County","漳州市","Zhangzhou City","福建省","Fujian Province","2004","1.32925696145498","132.925696145498"
"350626","东山县","Dongshan County","漳州市","Zhangzhou City","福建省","Fujian Province","2005","1.33045581466745","133.045581466745"
"350626","东山县","Dongshan County","漳州市","Zhangzhou City","福建省","Fujian Province","2006","1.24352469447996","124.352469447996"
"350626","东山县","Dongshan County","漳州市","Zhangzhou City","福建省","Fujian Province","2007","1.32826233482647","132.826233482647"
"350626","东山县","Dongshan County","漳州市","Zhangzhou City","福建省","Fujian Province","2008","1.27950032455336","127.950032455336"
"350626","东山县","Dongshan County","漳州市","Zhangzhou City","福建省","Fujian Province","2009","1.34194291258975","134.194291258975"
"350626","东山县","Dongshan County","漳州市","Zhangzhou City","福建省","Fujian Province","2010","1.2362740846505","123.62740846505"
"350626","东山县","Dongshan County","漳州市","Zhangzhou City","福建省","Fujian Province","2011","1.29369538676231","129.369538676231"
"350626","东山县","Dongshan County","漳州市","Zhangzhou City","福建省","Fujian Province","2012","1.19498594668191","119.498594668191"
"350626","东山县","Dongshan County","漳州市","Zhangzhou City","福建省","Fujian Province","2013","1.32165129319208","132.165129319208"
"350626","东山县","Dongshan County","漳州市","Zhangzhou City","福建省","Fujian Province","2014","1.26065061222805","126.065061222805"
"350626","东山县","Dongshan County","漳州市","Zhangzhou City","福建省","Fujian Province","2015","1.31013320558028","131.013320558028"
"350626","东山县","Dongshan County","漳州市","Zhangzhou City","福建省","Fujian Province","2016","1.19784623997499","119.784623997499"
"350626","东山县","Dongshan County","漳州市","Zhangzhou City","福建省","Fujian Province","2017","1.3095011122882","130.95011122882"
"350627","南靖县","Nanjing County","漳州市","Zhangzhou City","福建省","Fujian Province","2000","6.70648762760569","670.648762760569"
"350627","南靖县","Nanjing County","漳州市","Zhangzhou City","福建省","Fujian Province","2001","7.37931406504786","737.931406504786"
"350627","南靖县","Nanjing County","漳州市","Zhangzhou City","福建省","Fujian Province","2002","7.08907264854384","708.907264854384"
"350627","南靖县","Nanjing County","漳州市","Zhangzhou City","福建省","Fujian Province","2003","7.79757244632081","779.757244632081"
"350627","南靖县","Nanjing County","漳州市","Zhangzhou City","福建省","Fujian Province","2004","7.44295012843873","744.295012843873"
"350627","南靖县","Nanjing County","漳州市","Zhangzhou City","福建省","Fujian Province","2005","6.94233466420907","694.233466420907"
"350627","南靖县","Nanjing County","漳州市","Zhangzhou City","福建省","Fujian Province","2006","7.06501272701281","706.501272701281"
"350627","南靖县","Nanjing County","漳州市","Zhangzhou City","福建省","Fujian Province","2007","7.02456363015129","702.456363015129"
"350627","南靖县","Nanjing County","漳州市","Zhangzhou City","福建省","Fujian Province","2008","7.05312076506445","705.312076506445"
"350627","南靖县","Nanjing County","漳州市","Zhangzhou City","福建省","Fujian Province","2009","7.45354318305673","745.354318305673"
"350627","南靖县","Nanjing County","漳州市","Zhangzhou City","福建省","Fujian Province","2010","6.92169936908186","692.169936908186"
"350627","南靖县","Nanjing County","漳州市","Zhangzhou City","福建省","Fujian Province","2011","6.80115608475091","680.115608475091"
"350627","南靖县","Nanjing County","漳州市","Zhangzhou City","福建省","Fujian Province","2012","7.12804906655986","712.804906655986"
"350627","南靖县","Nanjing County","漳州市","Zhangzhou City","福建省","Fujian Province","2013","7.32272899207686","732.272899207686"
"350627","南靖县","Nanjing County","漳州市","Zhangzhou City","福建省","Fujian Province","2014","6.78982543553217","678.982543553217"
"350627","南靖县","Nanjing County","漳州市","Zhangzhou City","福建省","Fujian Province","2015","6.98532584724375","698.532584724375"
"350627","南靖县","Nanjing County","漳州市","Zhangzhou City","福建省","Fujian Province","2016","6.60561019187397","660.561019187397"
"350627","南靖县","Nanjing County","漳州市","Zhangzhou City","福建省","Fujian Province","2017","7.5091417345954","750.91417345954"
"350628","平和县","Pinghe County","漳州市","Zhangzhou City","福建省","Fujian Province","2000","7.69673603431973","769.673603431973"
"350628","平和县","Pinghe County","漳州市","Zhangzhou City","福建省","Fujian Province","2001","8.62359978471541","862.359978471541"
"350628","平和县","Pinghe County","漳州市","Zhangzhou City","福建省","Fujian Province","2002","8.20343570913071","820.343570913071"
"350628","平和县","Pinghe County","漳州市","Zhangzhou City","福建省","Fujian Province","2003","9.14874883600576","914.874883600576"
"350628","平和县","Pinghe County","漳州市","Zhangzhou City","福建省","Fujian Province","2004","8.54151453713956","854.151453713956"
"350628","平和县","Pinghe County","漳州市","Zhangzhou City","福建省","Fujian Province","2005","8.21799937142956","821.799937142956"
"350628","平和县","Pinghe County","漳州市","Zhangzhou City","福建省","Fujian Province","2006","8.10612786361814","810.612786361814"
"350628","平和县","Pinghe County","漳州市","Zhangzhou City","福建省","Fujian Province","2007","8.2070117984203","820.70117984203"
"350628","平和县","Pinghe County","漳州市","Zhangzhou City","福建省","Fujian Province","2008","8.26472035503068","826.472035503068"
"350628","平和县","Pinghe County","漳州市","Zhangzhou City","福建省","Fujian Province","2009","8.50212352264565","850.212352264565"
"350628","平和县","Pinghe County","漳州市","Zhangzhou City","福建省","Fujian Province","2010","8.27195309356034","827.195309356034"
"350628","平和县","Pinghe County","漳州市","Zhangzhou City","福建省","Fujian Province","2011","7.94153864108895","794.153864108895"
"350628","平和县","Pinghe County","漳州市","Zhangzhou City","福建省","Fujian Province","2012","8.22687086326229","822.687086326229"
"350628","平和县","Pinghe County","漳州市","Zhangzhou City","福建省","Fujian Province","2013","8.55205255536133","855.205255536133"
"350628","平和县","Pinghe County","漳州市","Zhangzhou City","福建省","Fujian Province","2014","7.96206126220711","796.206126220711"
"350628","平和县","Pinghe County","漳州市","Zhangzhou City","福建省","Fujian Province","2015","8.26943908519656","826.943908519656"
"350628","平和县","Pinghe County","漳州市","Zhangzhou City","福建省","Fujian Province","2016","7.80909218330977","780.909218330977"
"350628","平和县","Pinghe County","漳州市","Zhangzhou City","福建省","Fujian Province","2017","8.76027460388138","876.027460388138"
"350629","华安县","Hua'an County","漳州市","Zhangzhou City","福建省","Fujian Province","2000","4.37350339806548","437.350339806548"
"350629","华安县","Hua'an County","漳州市","Zhangzhou City","福建省","Fujian Province","2001","4.79816255922624","479.816255922624"
"350629","华安县","Hua'an County","漳州市","Zhangzhou City","福建省","Fujian Province","2002","4.63414456118935","463.414456118935"
"350629","华安县","Hua'an County","漳州市","Zhangzhou City","福建省","Fujian Province","2003","5.00721659599665","500.721659599665"
"350629","华安县","Hua'an County","漳州市","Zhangzhou City","福建省","Fujian Province","2004","4.86344069132632","486.344069132632"
"350629","华安县","Hua'an County","漳州市","Zhangzhou City","福建省","Fujian Province","2005","4.4551790758094","445.51790758094"
"350629","华安县","Hua'an County","漳州市","Zhangzhou City","福建省","Fujian Province","2006","4.55172199955439","455.172199955439"
"350629","华安县","Hua'an County","漳州市","Zhangzhou City","福建省","Fujian Province","2007","4.49269030670168","449.269030670168"
"350629","华安县","Hua'an County","漳州市","Zhangzhou City","福建省","Fujian Province","2008","4.5744799962187","457.44799962187"
"350629","华安县","Hua'an County","漳州市","Zhangzhou City","福建省","Fujian Province","2009","4.8265019038365","482.65019038365"
"350629","华安县","Hua'an County","漳州市","Zhangzhou City","福建省","Fujian Province","2010","4.38359564215163","438.359564215163"
"350629","华安县","Hua'an County","漳州市","Zhangzhou City","福建省","Fujian Province","2011","4.42753920979793","442.753920979793"
"350629","华安县","Hua'an County","漳州市","Zhangzhou City","福建省","Fujian Province","2012","4.61564044281858","461.564044281858"
"350629","华安县","Hua'an County","漳州市","Zhangzhou City","福建省","Fujian Province","2013","4.70021720900083","470.021720900083"
"350629","华安县","Hua'an County","漳州市","Zhangzhou City","福建省","Fujian Province","2014","4.3867023653947","438.67023653947"
"350629","华安县","Hua'an County","漳州市","Zhangzhou City","福建省","Fujian Province","2015","4.48803032105011","448.803032105011"
"350629","华安县","Hua'an County","漳州市","Zhangzhou City","福建省","Fujian Province","2016","4.29506675893229","429.506675893229"
"350629","华安县","Hua'an County","漳州市","Zhangzhou City","福建省","Fujian Province","2017","4.83359862261894","483.359862261894"
"350681","龙海市","Longhai  City","漳州市","Zhangzhou City","福建省","Fujian Province","2000","4.53292195228267","453.292195228267"
"350681","龙海市","Longhai  City","漳州市","Zhangzhou City","福建省","Fujian Province","2001","5.18700771422415","518.700771422415"
"350681","龙海市","Longhai  City","漳州市","Zhangzhou City","福建省","Fujian Province","2002","4.8613202941544","486.13202941544"
"350681","龙海市","Longhai  City","漳州市","Zhangzhou City","福建省","Fujian Province","2003","5.52880469571966","552.880469571966"
"350681","龙海市","Longhai  City","漳州市","Zhangzhou City","福建省","Fujian Province","2004","4.98313378630693","498.313378630693"
"350681","龙海市","Longhai  City","漳州市","Zhangzhou City","福建省","Fujian Province","2005","4.90799842596578","490.799842596578"
"350681","龙海市","Longhai  City","漳州市","Zhangzhou City","福建省","Fujian Province","2006","4.87457594338146","487.457594338146"
"350681","龙海市","Longhai  City","漳州市","Zhangzhou City","福建省","Fujian Province","2007","5.05940550166376","505.940550166376"
"350681","龙海市","Longhai  City","漳州市","Zhangzhou City","福建省","Fujian Province","2008","5.06359215389089","506.359215389089"
"350681","龙海市","Longhai  City","漳州市","Zhangzhou City","福建省","Fujian Province","2009","5.17667443056674","517.667443056674"
"350681","龙海市","Longhai  City","漳州市","Zhangzhou City","福建省","Fujian Province","2010","5.0159714484533","501.59714484533"
"350681","龙海市","Longhai  City","漳州市","Zhangzhou City","福建省","Fujian Province","2011","4.85281803657924","485.281803657924"
"350681","龙海市","Longhai  City","漳州市","Zhangzhou City","福建省","Fujian Province","2012","4.95751310906014","495.751310906014"
"350681","龙海市","Longhai  City","漳州市","Zhangzhou City","福建省","Fujian Province","2013","5.1685258726218","516.85258726218"
"350681","龙海市","Longhai  City","漳州市","Zhangzhou City","福建省","Fujian Province","2014","4.96124765678658","496.124765678658"
"350681","龙海市","Longhai  City","漳州市","Zhangzhou City","福建省","Fujian Province","2015","5.11848354128744","511.848354128744"
"350681","龙海市","Longhai  City","漳州市","Zhangzhou City","福建省","Fujian Province","2016","4.76119105402596","476.119105402596"
"350681","龙海市","Longhai  City","漳州市","Zhangzhou City","福建省","Fujian Province","2017","5.24285556464189","524.285556464189"
"350702","延平区","Yanping District","南平市","Nanping City","福建省","Fujian Province","2000","5.54852577524185","554.852577524185"
"350702","延平区","Yanping District","南平市","Nanping City","福建省","Fujian Province","2001","6.26872904739335","626.872904739335"
"350702","延平区","Yanping District","南平市","Nanping City","福建省","Fujian Province","2002","5.74971084117637","574.971084117637"
"350702","延平区","Yanping District","南平市","Nanping City","福建省","Fujian Province","2003","6.0262514884552","602.62514884552"
"350702","延平区","Yanping District","南平市","Nanping City","福建省","Fujian Province","2004","6.40243639838556","640.243639838556"
"350702","延平区","Yanping District","南平市","Nanping City","福建省","Fujian Province","2005","5.26593627025325","526.593627025325"
"350702","延平区","Yanping District","南平市","Nanping City","福建省","Fujian Province","2006","5.21204925974741","521.204925974741"
"350702","延平区","Yanping District","南平市","Nanping City","福建省","Fujian Province","2007","5.85843505753821","585.843505753821"
"350702","延平区","Yanping District","南平市","Nanping City","福建省","Fujian Province","2008","5.50085787233594","550.085787233594"
"350702","延平区","Yanping District","南平市","Nanping City","福建省","Fujian Province","2009","5.82906455683552","582.906455683552"
"350702","延平区","Yanping District","南平市","Nanping City","福建省","Fujian Province","2010","5.31292657119175","531.292657119175"
"350702","延平区","Yanping District","南平市","Nanping City","福建省","Fujian Province","2011","5.33449993873493","533.449993873493"
"350702","延平区","Yanping District","南平市","Nanping City","福建省","Fujian Province","2012","5.8222807422842","582.22807422842"
"350702","延平区","Yanping District","南平市","Nanping City","福建省","Fujian Province","2013","5.62369878685448","562.369878685448"
"350702","延平区","Yanping District","南平市","Nanping City","福建省","Fujian Province","2014","5.54888574389447","554.888574389447"
"350702","延平区","Yanping District","南平市","Nanping City","福建省","Fujian Province","2015","5.20721310858395","520.721310858395"
"350702","延平区","Yanping District","南平市","Nanping City","福建省","Fujian Province","2016","5.06671883924747","506.671883924747"
"350702","延平区","Yanping District","南平市","Nanping City","福建省","Fujian Province","2017","5.63092678304634","563.092678304634"
"350721","顺昌县","Shunchang County","南平市","Nanping City","福建省","Fujian Province","2000","3.87098471528201","387.098471528201"
"350721","顺昌县","Shunchang County","南平市","Nanping City","福建省","Fujian Province","2001","4.52699642857468","452.699642857468"
"350721","顺昌县","Shunchang County","南平市","Nanping City","福建省","Fujian Province","2002","3.86548245701012","386.548245701012"
"350721","顺昌县","Shunchang County","南平市","Nanping City","福建省","Fujian Province","2003","4.1056663184945","410.56663184945"
"350721","顺昌县","Shunchang County","南平市","Nanping City","福建省","Fujian Province","2004","4.46595988047725","446.595988047725"
"350721","顺昌县","Shunchang County","南平市","Nanping City","福建省","Fujian Province","2005","3.70636583683439","370.636583683439"
"350721","顺昌县","Shunchang County","南平市","Nanping City","福建省","Fujian Province","2006","3.6373121669801","363.73121669801"
"350721","顺昌县","Shunchang County","南平市","Nanping City","福建省","Fujian Province","2007","4.26032805235265","426.032805235265"
"350721","顺昌县","Shunchang County","南平市","Nanping City","福建省","Fujian Province","2008","3.88876901993096","388.876901993096"
"350721","顺昌县","Shunchang County","南平市","Nanping City","福建省","Fujian Province","2009","4.08978458374482","408.978458374482"
"350721","顺昌县","Shunchang County","南平市","Nanping City","福建省","Fujian Province","2010","3.71016071123812","371.016071123812"
"350721","顺昌县","Shunchang County","南平市","Nanping City","福建省","Fujian Province","2011","3.69472457396019","369.472457396019"
"350721","顺昌县","Shunchang County","南平市","Nanping City","福建省","Fujian Province","2012","4.20845775987934","420.845775987934"
"350721","顺昌县","Shunchang County","南平市","Nanping City","福建省","Fujian Province","2013","3.99973084059393","399.973084059393"
"350721","顺昌县","Shunchang County","南平市","Nanping City","福建省","Fujian Province","2014","3.8689474217538","386.89474217538"
"350721","顺昌县","Shunchang County","南平市","Nanping City","福建省","Fujian Province","2015","3.73019810939527","373.019810939527"
"350721","顺昌县","Shunchang County","南平市","Nanping City","福建省","Fujian Province","2016","3.49335739709606","349.335739709606"
"350721","顺昌县","Shunchang County","南平市","Nanping City","福建省","Fujian Province","2017","3.98303691505449","398.303691505449"
"350722","浦城县","Pucheng County","南平市","Nanping City","福建省","Fujian Province","2000","7.52233316885525","752.233316885525"
"350722","浦城县","Pucheng County","南平市","Nanping City","福建省","Fujian Province","2001","8.75087351255261","875.087351255261"
"350722","浦城县","Pucheng County","南平市","Nanping City","福建省","Fujian Province","2002","7.97872011291596","797.872011291596"
"350722","浦城县","Pucheng County","南平市","Nanping City","福建省","Fujian Province","2003","7.73390993777471","773.390993777471"
"350722","浦城县","Pucheng County","南平市","Nanping City","福建省","Fujian Province","2004","8.49965872011705","849.965872011705"
"350722","浦城县","Pucheng County","南平市","Nanping City","福建省","Fujian Province","2005","7.26585597277361","726.585597277361"
"350722","浦城县","Pucheng County","南平市","Nanping City","福建省","Fujian Province","2006","7.22186838338613","722.186838338613"
"350722","浦城县","Pucheng County","南平市","Nanping City","福建省","Fujian Province","2007","8.30884075891198","830.884075891198"
"350722","浦城县","Pucheng County","南平市","Nanping City","福建省","Fujian Province","2008","7.66921775092209","766.921775092209"
"350722","浦城县","Pucheng County","南平市","Nanping City","福建省","Fujian Province","2009","7.92206695308399","792.206695308399"
"350722","浦城县","Pucheng County","南平市","Nanping City","福建省","Fujian Province","2010","7.16331476361377","716.331476361377"
"350722","浦城县","Pucheng County","南平市","Nanping City","福建省","Fujian Province","2011","7.44448238530124","744.448238530124"
"350722","浦城县","Pucheng County","南平市","Nanping City","福建省","Fujian Province","2012","8.28792299459439","828.792299459439"
"350722","浦城县","Pucheng County","南平市","Nanping City","福建省","Fujian Province","2013","7.89585382694316","789.585382694316"
"350722","浦城县","Pucheng County","南平市","Nanping City","福建省","Fujian Province","2014","8.07700151297655","807.700151297655"
"350722","浦城县","Pucheng County","南平市","Nanping City","福建省","Fujian Province","2015","7.75721941055408","775.721941055408"
"350722","浦城县","Pucheng County","南平市","Nanping City","福建省","Fujian Province","2016","7.44449453074977","744.449453074977"
"350722","浦城县","Pucheng County","南平市","Nanping City","福建省","Fujian Province","2017","8.02105558849259","802.105558849259"
"350723","光泽县","Guangze County","南平市","Nanping City","福建省","Fujian Province","2000","4.58305735436313","458.305735436313"
"350723","光泽县","Guangze County","南平市","Nanping City","福建省","Fujian Province","2001","5.54997964025135","554.997964025135"
"350723","光泽县","Guangze County","南平市","Nanping City","福建省","Fujian Province","2002","5.01753724894851","501.753724894851"
"350723","光泽县","Guangze County","南平市","Nanping City","福建省","Fujian Province","2003","5.05905825552455","505.905825552455"
"350723","光泽县","Guangze County","南平市","Nanping City","福建省","Fujian Province","2004","5.38436622682626","538.436622682626"
"350723","光泽县","Guangze County","南平市","Nanping City","福建省","Fujian Province","2005","4.63452103575114","463.452103575114"
"350723","光泽县","Guangze County","南平市","Nanping City","福建省","Fujian Province","2006","4.71053604624941","471.053604624941"
"350723","光泽县","Guangze County","南平市","Nanping City","福建省","Fujian Province","2007","5.27482080344765","527.482080344765"
"350723","光泽县","Guangze County","南平市","Nanping City","福建省","Fujian Province","2008","4.94435596481028","494.435596481028"
"350723","光泽县","Guangze County","南平市","Nanping City","福建省","Fujian Province","2009","4.92688656779999","492.688656779999"
"350723","光泽县","Guangze County","南平市","Nanping City","福建省","Fujian Province","2010","4.6675226606702","466.75226606702"
"350723","光泽县","Guangze County","南平市","Nanping City","福建省","Fujian Province","2011","4.72583550744075","472.583550744075"
"350723","光泽县","Guangze County","南平市","Nanping City","福建省","Fujian Province","2012","5.10412923026006","510.412923026006"
"350723","光泽县","Guangze County","南平市","Nanping City","福建省","Fujian Province","2013","5.19065379882204","519.065379882204"
"350723","光泽县","Guangze County","南平市","Nanping City","福建省","Fujian Province","2014","5.14928682501419","514.928682501419"
"350723","光泽县","Guangze County","南平市","Nanping City","福建省","Fujian Province","2015","4.97624114507595","497.624114507595"
"350723","光泽县","Guangze County","南平市","Nanping City","福建省","Fujian Province","2016","4.7378301672002","473.78301672002"
"350723","光泽县","Guangze County","南平市","Nanping City","福建省","Fujian Province","2017","5.21942569710814","521.942569710814"
"350724","松溪县","Songxi County","南平市","Nanping City","福建省","Fujian Province","2000","2.23246948541592","223.246948541592"
"350724","松溪县","Songxi County","南平市","Nanping City","福建省","Fujian Province","2001","2.57060601353677","257.060601353677"
"350724","松溪县","Songxi County","南平市","Nanping City","福建省","Fujian Province","2002","2.31488434556321","231.488434556321"
"350724","松溪县","Songxi County","南平市","Nanping City","福建省","Fujian Province","2003","2.27320044743325","227.320044743325"
"350724","松溪县","Songxi County","南平市","Nanping City","福建省","Fujian Province","2004","2.48588786543214","248.588786543214"
"350724","松溪县","Songxi County","南平市","Nanping City","福建省","Fujian Province","2005","2.0971394433211","209.71394433211"
"350724","松溪县","Songxi County","南平市","Nanping City","福建省","Fujian Province","2006","2.14665805083573","214.665805083573"
"350724","松溪县","Songxi County","南平市","Nanping City","福建省","Fujian Province","2007","2.48222568156899","248.222568156899"
"350724","松溪县","Songxi County","南平市","Nanping City","福建省","Fujian Province","2008","2.25250088379099","225.250088379099"
"350724","松溪县","Songxi County","南平市","Nanping City","福建省","Fujian Province","2009","2.38551252235272","238.551252235272"
"350724","松溪县","Songxi County","南平市","Nanping City","福建省","Fujian Province","2010","2.11236524826658","211.236524826658"
"350724","松溪县","Songxi County","南平市","Nanping City","福建省","Fujian Province","2011","2.19178402855493","219.178402855493"
"350724","松溪县","Songxi County","南平市","Nanping City","福建省","Fujian Province","2012","2.43413837501119","243.413837501119"
"350724","松溪县","Songxi County","南平市","Nanping City","福建省","Fujian Province","2013","2.31648874072061","231.648874072061"
"350724","松溪县","Songxi County","南平市","Nanping City","福建省","Fujian Province","2014","2.35137475423115","235.137475423115"
"350724","松溪县","Songxi County","南平市","Nanping City","福建省","Fujian Province","2015","2.29199959303961","229.199959303961"
"350724","松溪县","Songxi County","南平市","Nanping City","福建省","Fujian Province","2016","2.13807459400606","213.807459400606"
"350724","松溪县","Songxi County","南平市","Nanping City","福建省","Fujian Province","2017","2.35465640692867","235.465640692867"
"350725","政和县","Zhenghe County","南平市","Nanping City","福建省","Fujian Province","2000","4.03427719040766","403.427719040766"
"350725","政和县","Zhenghe County","南平市","Nanping City","福建省","Fujian Province","2001","4.61904004985852","461.904004985852"
"350725","政和县","Zhenghe County","南平市","Nanping City","福建省","Fujian Province","2002","4.23600196221931","423.600196221931"
"350725","政和县","Zhenghe County","南平市","Nanping City","福建省","Fujian Province","2003","4.28772661287644","428.772661287644"
"350725","政和县","Zhenghe County","南平市","Nanping City","福建省","Fujian Province","2004","4.55789049094319","455.789049094319"
"350725","政和县","Zhenghe County","南平市","Nanping City","福建省","Fujian Province","2005","3.89419217091124","389.419217091124"
"350725","政和县","Zhenghe County","南平市","Nanping City","福建省","Fujian Province","2006","4.05432574389436","405.432574389436"
"350725","政和县","Zhenghe County","南平市","Nanping City","福建省","Fujian Province","2007","4.45851150029963","445.851150029963"
"350725","政和县","Zhenghe County","南平市","Nanping City","福建省","Fujian Province","2008","4.15389714210508","415.389714210508"
"350725","政和县","Zhenghe County","南平市","Nanping City","福建省","Fujian Province","2009","4.44333527461902","444.333527461902"
"350725","政和县","Zhenghe County","南平市","Nanping City","福建省","Fujian Province","2010","3.86698936239793","386.698936239793"
"350725","政和县","Zhenghe County","南平市","Nanping City","福建省","Fujian Province","2011","3.97086910744667","397.086910744667"
"350725","政和县","Zhenghe County","南平市","Nanping City","福建省","Fujian Province","2012","4.38434589829794","438.434589829794"
"350725","政和县","Zhenghe County","南平市","Nanping City","福建省","Fujian Province","2013","4.18030217325393","418.030217325393"
"350725","政和县","Zhenghe County","南平市","Nanping City","福建省","Fujian Province","2014","4.30780005075401","430.780005075401"
"350725","政和县","Zhenghe County","南平市","Nanping City","福建省","Fujian Province","2015","4.07411848820123","407.411848820123"
"350725","政和县","Zhenghe County","南平市","Nanping City","福建省","Fujian Province","2016","3.87388452924501","387.388452924501"
"350725","政和县","Zhenghe County","南平市","Nanping City","福建省","Fujian Province","2017","4.26117018503941","426.117018503941"
"350781","邵武市","Shaowu City","南平市","Nanping City","福建省","Fujian Province","2000","5.79360033884991","579.360033884991"
"350781","邵武市","Shaowu City","南平市","Nanping City","福建省","Fujian Province","2001","6.91371805425764","691.371805425764"
"350781","邵武市","Shaowu City","南平市","Nanping City","福建省","Fujian Province","2002","6.05245207203445","605.245207203445"
"350781","邵武市","Shaowu City","南平市","Nanping City","福建省","Fujian Province","2003","6.34865432835328","634.865432835328"
"350781","邵武市","Shaowu City","南平市","Nanping City","福建省","Fujian Province","2004","6.74547897663627","674.547897663627"
"350781","邵武市","Shaowu City","南平市","Nanping City","福建省","Fujian Province","2005","5.69940744508282","569.940744508282"
"350781","邵武市","Shaowu City","南平市","Nanping City","福建省","Fujian Province","2006","5.73147414416089","573.147414416089"
"350781","邵武市","Shaowu City","南平市","Nanping City","福建省","Fujian Province","2007","6.44879644732557","644.879644732557"
"350781","邵武市","Shaowu City","南平市","Nanping City","福建省","Fujian Province","2008","5.97428686209884","597.428686209884"
"350781","邵武市","Shaowu City","南平市","Nanping City","福建省","Fujian Province","2009","6.13940699303748","613.940699303748"
"350781","邵武市","Shaowu City","南平市","Nanping City","福建省","Fujian Province","2010","5.69412910819716","569.412910819716"
"350781","邵武市","Shaowu City","南平市","Nanping City","福建省","Fujian Province","2011","5.70797052943615","570.797052943615"
"350781","邵武市","Shaowu City","南平市","Nanping City","福建省","Fujian Province","2012","6.32764976668454","632.764976668454"
"350781","邵武市","Shaowu City","南平市","Nanping City","福建省","Fujian Province","2013","6.29492421854399","629.492421854399"
"350781","邵武市","Shaowu City","南平市","Nanping City","福建省","Fujian Province","2014","6.00002226378528","600.002226378528"
"350781","邵武市","Shaowu City","南平市","Nanping City","福建省","Fujian Province","2015","5.81071756275494","581.071756275494"
"350781","邵武市","Shaowu City","南平市","Nanping City","福建省","Fujian Province","2016","5.54630771389088","554.630771389088"
"350781","邵武市","Shaowu City","南平市","Nanping City","福建省","Fujian Province","2017","6.20647594221716","620.647594221716"
"350782","武夷山市","Wuyishan City","南平市","Nanping City","福建省","Fujian Province","2000","6.14812545968799","614.812545968799"
"350782","武夷山市","Wuyishan City","南平市","Nanping City","福建省","Fujian Province","2001","7.15300037724252","715.300037724252"
"350782","武夷山市","Wuyishan City","南平市","Nanping City","福建省","Fujian Province","2002","6.49742103685901","649.742103685901"
"350782","武夷山市","Wuyishan City","南平市","Nanping City","福建省","Fujian Province","2003","6.44635767813385","644.635767813385"
"350782","武夷山市","Wuyishan City","南平市","Nanping City","福建省","Fujian Province","2004","6.95820701322959","695.820701322959"
"350782","武夷山市","Wuyishan City","南平市","Nanping City","福建省","Fujian Province","2005","5.85184158708035","585.184158708035"
"350782","武夷山市","Wuyishan City","南平市","Nanping City","福建省","Fujian Province","2006","5.96183543614923","596.183543614923"
"350782","武夷山市","Wuyishan City","南平市","Nanping City","福建省","Fujian Province","2007","6.72207102581488","672.207102581488"
"350782","武夷山市","Wuyishan City","南平市","Nanping City","福建省","Fujian Province","2008","6.3306796466884","633.06796466884"
"350782","武夷山市","Wuyishan City","南平市","Nanping City","福建省","Fujian Province","2009","6.44325688276228","644.325688276228"
"350782","武夷山市","Wuyishan City","南平市","Nanping City","福建省","Fujian Province","2010","5.92741525188948","592.741525188948"
"350782","武夷山市","Wuyishan City","南平市","Nanping City","福建省","Fujian Province","2011","6.13509850422785","613.509850422785"
"350782","武夷山市","Wuyishan City","南平市","Nanping City","福建省","Fujian Province","2012","6.72498993308763","672.498993308763"
"350782","武夷山市","Wuyishan City","南平市","Nanping City","福建省","Fujian Province","2013","6.49705959408023","649.705959408023"
"350782","武夷山市","Wuyishan City","南平市","Nanping City","福建省","Fujian Province","2014","6.49713730113055","649.713730113055"
"350782","武夷山市","Wuyishan City","南平市","Nanping City","福建省","Fujian Province","2015","6.27221636388539","627.221636388539"
"350782","武夷山市","Wuyishan City","南平市","Nanping City","福建省","Fujian Province","2016","5.93399653764317","593.399653764317"
"350782","武夷山市","Wuyishan City","南平市","Nanping City","福建省","Fujian Province","2017","6.6270180898401","662.70180898401"
"350783","建瓯市","Jian'ou City","南平市","Nanping City","福建省","Fujian Province","2000","9.47930666614068","947.930666614068"
"350783","建瓯市","Jian'ou City","南平市","Nanping City","福建省","Fujian Province","2001","10.7083653188743","1070.83653188743"
"350783","建瓯市","Jian'ou City","南平市","Nanping City","福建省","Fujian Province","2002","9.83831494429093","983.831494429093"
"350783","建瓯市","Jian'ou City","南平市","Nanping City","福建省","Fujian Province","2003","10.0868219902741","1008.68219902741"
"350783","建瓯市","Jian'ou City","南平市","Nanping City","福建省","Fujian Province","2004","10.7447834545479","1074.47834545479"
"350783","建瓯市","Jian'ou City","南平市","Nanping City","福建省","Fujian Province","2005","9.05893142441896","905.893142441896"
"350783","建瓯市","Jian'ou City","南平市","Nanping City","福建省","Fujian Province","2006","9.20224031465676","920.224031465676"
"350783","建瓯市","Jian'ou City","南平市","Nanping City","福建省","Fujian Province","2007","10.3821417265342","1038.21417265342"
"350783","建瓯市","Jian'ou City","南平市","Nanping City","福建省","Fujian Province","2008","9.79204776410745","979.204776410745"
"350783","建瓯市","Jian'ou City","南平市","Nanping City","福建省","Fujian Province","2009","10.2632469571929","1026.32469571929"
"350783","建瓯市","Jian'ou City","南平市","Nanping City","福建省","Fujian Province","2010","9.10083182442382","910.083182442382"
"350783","建瓯市","Jian'ou City","南平市","Nanping City","福建省","Fujian Province","2011","9.43371493393361","943.371493393361"
"350783","建瓯市","Jian'ou City","南平市","Nanping City","福建省","Fujian Province","2012","10.1457140179197","1014.57140179197"
"350783","建瓯市","Jian'ou City","南平市","Nanping City","福建省","Fujian Province","2013","9.9257905071907","992.57905071907"
"350783","建瓯市","Jian'ou City","南平市","Nanping City","福建省","Fujian Province","2014","10.1001636867588","1010.01636867588"
"350783","建瓯市","Jian'ou City","南平市","Nanping City","福建省","Fujian Province","2015","9.53288112536367","953.288112536367"
"350783","建瓯市","Jian'ou City","南平市","Nanping City","福建省","Fujian Province","2016","9.02189987994825","902.189987994825"
"350783","建瓯市","Jian'ou City","南平市","Nanping City","福建省","Fujian Province","2017","10.1923978204149","1019.23978204149"
"350784","建阳市","Jianyang City","南平市","Nanping City","福建省","Fujian Province","2000","6.86625269035252","686.625269035252"
"350784","建阳市","Jianyang City","南平市","Nanping City","福建省","Fujian Province","2001","8.1677122254603","816.77122254603"
"350784","建阳市","Jianyang City","南平市","Nanping City","福建省","Fujian Province","2002","7.1944515881091","719.44515881091"
"350784","建阳市","Jianyang City","南平市","Nanping City","福建省","Fujian Province","2003","7.23090762791435","723.090762791435"
"350784","建阳市","Jianyang City","南平市","Nanping City","福建省","Fujian Province","2004","7.89390299413649","789.390299413649"
"350784","建阳市","Jianyang City","南平市","Nanping City","福建省","Fujian Province","2005","6.61646714525353","661.646714525353"
"350784","建阳市","Jianyang City","南平市","Nanping City","福建省","Fujian Province","2006","6.67384060141115","667.384060141115"
"350784","建阳市","Jianyang City","南平市","Nanping City","福建省","Fujian Province","2007","7.58096757949421","758.096757949421"
"350784","建阳市","Jianyang City","南平市","Nanping City","福建省","Fujian Province","2008","6.98659084376239","698.659084376239"
"350784","建阳市","Jianyang City","南平市","Nanping City","福建省","Fujian Province","2009","7.23111483951967","723.111483951967"
"350784","建阳市","Jianyang City","南平市","Nanping City","福建省","Fujian Province","2010","6.45488904000348","645.488904000348"
"350784","建阳市","Jianyang City","南平市","Nanping City","福建省","Fujian Province","2011","6.73134255383063","673.134255383063"
"350784","建阳市","Jianyang City","南平市","Nanping City","福建省","Fujian Province","2012","7.6150238118413","761.50238118413"
"350784","建阳市","Jianyang City","南平市","Nanping City","福建省","Fujian Province","2013","7.21880807474154","721.880807474154"
"350784","建阳市","Jianyang City","南平市","Nanping City","福建省","Fujian Province","2014","7.1817077069442","718.17077069442"
"350784","建阳市","Jianyang City","南平市","Nanping City","福建省","Fujian Province","2015","6.98024940918073","698.024940918073"
"350784","建阳市","Jianyang City","南平市","Nanping City","福建省","Fujian Province","2016","6.36313577384655","636.313577384655"
"350784","建阳市","Jianyang City","南平市","Nanping City","福建省","Fujian Province","2017","7.29786319518357","729.786319518357"
"350802","新罗区","Xinluo District","龙岩市","Longyan City","福建省","Fujian Province","2000","8.14375854283815","814.375854283815"
"350802","新罗区","Xinluo District","龙岩市","Longyan City","福建省","Fujian Province","2001","9.01767740732354","901.767740732354"
"350802","新罗区","Xinluo District","龙岩市","Longyan City","福建省","Fujian Province","2002","8.50947295877581","850.947295877581"
"350802","新罗区","Xinluo District","龙岩市","Longyan City","福建省","Fujian Province","2003","9.2280096370366","922.80096370366"
"350802","新罗区","Xinluo District","龙岩市","Longyan City","福建省","Fujian Province","2004","9.33173523503145","933.173523503145"
"350802","新罗区","Xinluo District","龙岩市","Longyan City","福建省","Fujian Province","2005","8.34878842950027","834.878842950027"
"350802","新罗区","Xinluo District","龙岩市","Longyan City","福建省","Fujian Province","2006","8.33994937175598","833.994937175598"
"350802","新罗区","Xinluo District","龙岩市","Longyan City","福建省","Fujian Province","2007","8.39922522838151","839.922522838151"
"350802","新罗区","Xinluo District","龙岩市","Longyan City","福建省","Fujian Province","2008","8.52648688381524","852.648688381524"
"350802","新罗区","Xinluo District","龙岩市","Longyan City","福建省","Fujian Province","2009","8.74337538896886","874.337538896886"
"350802","新罗区","Xinluo District","龙岩市","Longyan City","福建省","Fujian Province","2010","7.92629530911619","792.629530911619"
"350802","新罗区","Xinluo District","龙岩市","Longyan City","福建省","Fujian Province","2011","7.93063394905347","793.063394905347"
"350802","新罗区","Xinluo District","龙岩市","Longyan City","福建省","Fujian Province","2012","8.51542967563865","851.542967563865"
"350802","新罗区","Xinluo District","龙岩市","Longyan City","福建省","Fujian Province","2013","8.56896627396986","856.896627396986"
"350802","新罗区","Xinluo District","龙岩市","Longyan City","福建省","Fujian Province","2014","7.83948210540152","783.948210540152"
"350802","新罗区","Xinluo District","龙岩市","Longyan City","福建省","Fujian Province","2015","7.9992179210275","799.92179210275"
"350802","新罗区","Xinluo District","龙岩市","Longyan City","福建省","Fujian Province","2016","7.81002423474021","781.002423474021"
"350802","新罗区","Xinluo District","龙岩市","Longyan City","福建省","Fujian Province","2017","8.65038447248318","865.038447248318"
"350821","长汀县","Changting County","龙岩市","Longyan City","福建省","Fujian Province","2000","7.99836479024032","799.836479024032"
"350821","长汀县","Changting County","龙岩市","Longyan City","福建省","Fujian Province","2001","8.99401636999118","899.401636999118"
"350821","长汀县","Changting County","龙岩市","Longyan City","福建省","Fujian Province","2002","8.45898155613312","845.898155613312"
"350821","长汀县","Changting County","龙岩市","Longyan City","福建省","Fujian Province","2003","9.11770288175842","911.770288175842"
"350821","长汀县","Changting County","龙岩市","Longyan City","福建省","Fujian Province","2004","9.41960836564175","941.960836564175"
"350821","长汀县","Changting County","龙岩市","Longyan City","福建省","Fujian Province","2005","8.10185143942603","810.185143942603"
"350821","长汀县","Changting County","龙岩市","Longyan City","福建省","Fujian Province","2006","8.15676160846056","815.676160846056"
"350821","长汀县","Changting County","龙岩市","Longyan City","福建省","Fujian Province","2007","8.90840772518511","890.840772518511"
"350821","长汀县","Changting County","龙岩市","Longyan City","福建省","Fujian Province","2008","8.593732034188","859.3732034188"
"350821","长汀县","Changting County","龙岩市","Longyan City","福建省","Fujian Province","2009","8.62039749552591","862.039749552591"
"350821","长汀县","Changting County","龙岩市","Longyan City","福建省","Fujian Province","2010","8.02077655931037","802.077655931037"
"350821","长汀县","Changting County","龙岩市","Longyan City","福建省","Fujian Province","2011","7.97903032424144","797.903032424144"
"350821","长汀县","Changting County","龙岩市","Longyan City","福建省","Fujian Province","2012","8.57761102983602","857.761102983602"
"350821","长汀县","Changting County","龙岩市","Longyan City","福建省","Fujian Province","2013","8.64199602241846","864.199602241846"
"350821","长汀县","Changting County","龙岩市","Longyan City","福建省","Fujian Province","2014","7.9988878216702","799.88878216702"
"350821","长汀县","Changting County","龙岩市","Longyan City","福建省","Fujian Province","2015","8.07942675372241","807.942675372241"
"350821","长汀县","Changting County","龙岩市","Longyan City","福建省","Fujian Province","2016","7.9546226814363","795.46226814363"
"350821","长汀县","Changting County","龙岩市","Longyan City","福建省","Fujian Province","2017","8.7011230335378","870.11230335378"
"350822","永定县","Yongding County","龙岩市","Longyan City","福建省","Fujian Province","2000","8.07603294136057","807.603294136057"
"350822","永定县","Yongding County","龙岩市","Longyan City","福建省","Fujian Province","2001","8.71020314832424","871.020314832424"
"350822","永定县","Yongding County","龙岩市","Longyan City","福建省","Fujian Province","2002","8.27797705075849","827.797705075849"
"350822","永定县","Yongding County","龙岩市","Longyan City","福建省","Fujian Province","2003","9.01673596552897","901.673596552897"
"350822","永定县","Yongding County","龙岩市","Longyan City","福建省","Fujian Province","2004","8.88076709579608","888.076709579608"
"350822","永定县","Yongding County","龙岩市","Longyan City","福建省","Fujian Province","2005","8.168878986933","816.8878986933"
"350822","永定县","Yongding County","龙岩市","Longyan City","福建省","Fujian Province","2006","8.17690071123978","817.690071123978"
"350822","永定县","Yongding County","龙岩市","Longyan City","福建省","Fujian Province","2007","8.2569270698803","825.69270698803"
"350822","永定县","Yongding County","龙岩市","Longyan City","福建省","Fujian Province","2008","8.40487484507849","840.487484507849"
"350822","永定县","Yongding County","龙岩市","Longyan City","福建省","Fujian Province","2009","8.65666984621046","865.666984621046"
"350822","永定县","Yongding County","龙岩市","Longyan City","福建省","Fujian Province","2010","7.86686360779089","786.686360779089"
"350822","永定县","Yongding County","龙岩市","Longyan City","福建省","Fujian Province","2011","8.0242198887744","802.42198887744"
"350822","永定县","Yongding County","龙岩市","Longyan City","福建省","Fujian Province","2012","8.3265035763013","832.65035763013"
"350822","永定县","Yongding County","龙岩市","Longyan City","福建省","Fujian Province","2013","8.48413237925489","848.413237925489"
"350822","永定县","Yongding County","龙岩市","Longyan City","福建省","Fujian Province","2014","7.9054028801605","790.54028801605"
"350822","永定县","Yongding County","龙岩市","Longyan City","福建省","Fujian Province","2015","8.12589199057453","812.589199057453"
"350822","永定县","Yongding County","龙岩市","Longyan City","福建省","Fujian Province","2016","7.82396997417387","782.396997417387"
"350822","永定县","Yongding County","龙岩市","Longyan City","福建省","Fujian Province","2017","8.75486018448805","875.486018448805"
"350823","上杭县","Shanghang County","龙岩市","Longyan City","福建省","Fujian Province","2000","9.5012180799639","950.12180799639"
"350823","上杭县","Shanghang County","龙岩市","Longyan City","福建省","Fujian Province","2001","10.3069767753089","1030.69767753089"
"350823","上杭县","Shanghang County","龙岩市","Longyan City","福建省","Fujian Province","2002","9.77072754601805","977.072754601805"
"350823","上杭县","Shanghang County","龙岩市","Longyan City","福建省","Fujian Province","2003","10.7520727496212","1075.20727496212"
"350823","上杭县","Shanghang County","龙岩市","Longyan City","福建省","Fujian Province","2004","10.8106865703042","1081.06865703042"
"350823","上杭县","Shanghang County","龙岩市","Longyan City","福建省","Fujian Province","2005","9.65132376611146","965.132376611146"
"350823","上杭县","Shanghang County","龙岩市","Longyan City","福建省","Fujian Province","2006","9.63184409476671","963.184409476671"
"350823","上杭县","Shanghang County","龙岩市","Longyan City","福建省","Fujian Province","2007","10.0533509729116","1005.33509729116"
"350823","上杭县","Shanghang County","龙岩市","Longyan City","福建省","Fujian Province","2008","9.95829211294636","995.829211294636"
"350823","上杭县","Shanghang County","龙岩市","Longyan City","福建省","Fujian Province","2009","10.1393912907804","1013.93912907804"
"350823","上杭县","Shanghang County","龙岩市","Longyan City","福建省","Fujian Province","2010","9.34561321517082","934.561321517082"
"350823","上杭县","Shanghang County","龙岩市","Longyan City","福建省","Fujian Province","2011","9.49750854938212","949.750854938212"
"350823","上杭县","Shanghang County","龙岩市","Longyan City","福建省","Fujian Province","2012","9.9261321621173","992.61321621173"
"350823","上杭县","Shanghang County","龙岩市","Longyan City","福建省","Fujian Province","2013","9.9239019204261","992.39019204261"
"350823","上杭县","Shanghang County","龙岩市","Longyan City","福建省","Fujian Province","2014","9.33653663488064","933.653663488064"
"350823","上杭县","Shanghang County","龙岩市","Longyan City","福建省","Fujian Province","2015","9.47489744524709","947.489744524709"
"350823","上杭县","Shanghang County","龙岩市","Longyan City","福建省","Fujian Province","2016","9.25759547484193","925.759547484193"
"350823","上杭县","Shanghang County","龙岩市","Longyan City","福建省","Fujian Province","2017","10.2510580435173","1025.10580435173"
"350824","武平县","Wuping County","龙岩市","Longyan City","福建省","Fujian Province","2000","8.82202126993413","882.202126993413"
"350824","武平县","Wuping County","龙岩市","Longyan City","福建省","Fujian Province","2001","9.63285925020835","963.285925020835"
"350824","武平县","Wuping County","龙岩市","Longyan City","福建省","Fujian Province","2002","9.08528551489046","908.528551489046"
"350824","武平县","Wuping County","龙岩市","Longyan City","福建省","Fujian Province","2003","9.94088772377068","994.088772377068"
"350824","武平县","Wuping County","龙岩市","Longyan City","福建省","Fujian Province","2004","10.1189616642146","1011.89616642146"
"350824","武平县","Wuping County","龙岩市","Longyan City","福建省","Fujian Province","2005","9.01523143128934","901.523143128934"
"350824","武平县","Wuping County","龙岩市","Longyan City","福建省","Fujian Province","2006","8.95272598439375","895.272598439375"
"350824","武平县","Wuping County","龙岩市","Longyan City","福建省","Fujian Province","2007","9.3122844379956","931.22844379956"
"350824","武平县","Wuping County","龙岩市","Longyan City","福建省","Fujian Province","2008","9.25006640767728","925.006640767728"
"350824","武平县","Wuping County","龙岩市","Longyan City","福建省","Fujian Province","2009","9.35248573047388","935.248573047388"
"350824","武平县","Wuping County","龙岩市","Longyan City","福建省","Fujian Province","2010","8.72123613019516","872.123613019516"
"350824","武平县","Wuping County","龙岩市","Longyan City","福建省","Fujian Province","2011","8.87499424538762","887.499424538762"
"350824","武平县","Wuping County","龙岩市","Longyan City","福建省","Fujian Province","2012","9.20545979366151","920.545979366151"
"350824","武平县","Wuping County","龙岩市","Longyan City","福建省","Fujian Province","2013","9.1566104504549","915.66104504549"
"350824","武平县","Wuping County","龙岩市","Longyan City","福建省","Fujian Province","2014","8.63425435831335","863.425435831335"
"350824","武平县","Wuping County","龙岩市","Longyan City","福建省","Fujian Province","2015","8.6637046046002","866.37046046002"
"350824","武平县","Wuping County","龙岩市","Longyan City","福建省","Fujian Province","2016","8.6688353856173","866.88353856173"
"350824","武平县","Wuping County","龙岩市","Longyan City","福建省","Fujian Province","2017","9.50453948708314","950.453948708314"
"350825","连城县","Liancheng County","龙岩市","Longyan City","福建省","Fujian Province","2000","6.87398198372785","687.398198372785"
"350825","连城县","Liancheng County","龙岩市","Longyan City","福建省","Fujian Province","2001","7.69601322383039","769.601322383039"
"350825","连城县","Liancheng County","龙岩市","Longyan City","福建省","Fujian Province","2002","7.09029229053359","709.029229053359"
"350825","连城县","Liancheng County","龙岩市","Longyan City","福建省","Fujian Province","2003","7.8042887463703","780.42887463703"
"350825","连城县","Liancheng County","龙岩市","Longyan City","福建省","Fujian Province","2004","7.98442762914385","798.442762914385"
"350825","连城县","Liancheng County","龙岩市","Longyan City","福建省","Fujian Province","2005","6.80420311374152","680.420311374152"
"350825","连城县","Liancheng County","龙岩市","Longyan City","福建省","Fujian Province","2006","6.95469798411701","695.469798411701"
"350825","连城县","Liancheng County","龙岩市","Longyan City","福建省","Fujian Province","2007","7.29553929965449","729.553929965449"
"350825","连城县","Liancheng County","龙岩市","Longyan City","福建省","Fujian Province","2008","7.25330337505083","725.330337505083"
"350825","连城县","Liancheng County","龙岩市","Longyan City","福建省","Fujian Province","2009","7.2103153230934","721.03153230934"
"350825","连城县","Liancheng County","龙岩市","Longyan City","福建省","Fujian Province","2010","6.62685989726892","662.685989726892"
"350825","连城县","Liancheng County","龙岩市","Longyan City","福建省","Fujian Province","2011","6.59427815552545","659.427815552545"
"350825","连城县","Liancheng County","龙岩市","Longyan City","福建省","Fujian Province","2012","7.13513323100276","713.513323100276"
"350825","连城县","Liancheng County","龙岩市","Longyan City","福建省","Fujian Province","2013","7.14242128309014","714.242128309014"
"350825","连城县","Liancheng County","龙岩市","Longyan City","福建省","Fujian Province","2014","6.70049661721151","670.049661721151"
"350825","连城县","Liancheng County","龙岩市","Longyan City","福建省","Fujian Province","2015","6.64272443698695","664.272443698695"
"350825","连城县","Liancheng County","龙岩市","Longyan City","福建省","Fujian Province","2016","6.62963302699206","662.963302699206"
"350825","连城县","Liancheng County","龙岩市","Longyan City","福建省","Fujian Province","2017","7.21965560571127","721.965560571127"
"350881","漳平市","Zhangping City","龙岩市","Longyan City","福建省","Fujian Province","2000","8.72334641168903","872.334641168903"
"350881","漳平市","Zhangping City","龙岩市","Longyan City","福建省","Fujian Province","2001","9.93358118586978","993.358118586978"
"350881","漳平市","Zhangping City","龙岩市","Longyan City","福建省","Fujian Province","2002","9.35609010890225","935.609010890225"
"350881","漳平市","Zhangping City","龙岩市","Longyan City","福建省","Fujian Province","2003","10.0014677347151","1000.14677347151"
"350881","漳平市","Zhangping City","龙岩市","Longyan City","福建省","Fujian Province","2004","10.1019382662299","1010.19382662299"
"350881","漳平市","Zhangping City","龙岩市","Longyan City","福建省","Fujian Province","2005","8.99796153402901","899.796153402901"
"350881","漳平市","Zhangping City","龙岩市","Longyan City","福建省","Fujian Province","2006","9.0926550100794","909.26550100794"
"350881","漳平市","Zhangping City","龙岩市","Longyan City","福建省","Fujian Province","2007","9.13094813068945","913.094813068945"
"350881","漳平市","Zhangping City","龙岩市","Longyan City","福建省","Fujian Province","2008","9.23046259934038","923.046259934038"
"350881","漳平市","Zhangping City","龙岩市","Longyan City","福建省","Fujian Province","2009","9.54914741235434","954.914741235434"
"350881","漳平市","Zhangping City","龙岩市","Longyan City","福建省","Fujian Province","2010","8.8306858368528","883.06858368528"
"350881","漳平市","Zhangping City","龙岩市","Longyan City","福建省","Fujian Province","2011","8.66838502239309","866.838502239309"
"350881","漳平市","Zhangping City","龙岩市","Longyan City","福建省","Fujian Province","2012","9.4513261750393","945.13261750393"
"350881","漳平市","Zhangping City","龙岩市","Longyan City","福建省","Fujian Province","2013","9.47054088346737","947.054088346737"
"350881","漳平市","Zhangping City","龙岩市","Longyan City","福建省","Fujian Province","2014","8.53938056274842","853.938056274842"
"350881","漳平市","Zhangping City","龙岩市","Longyan City","福建省","Fujian Province","2015","8.73111252984296","873.111252984296"
"350881","漳平市","Zhangping City","龙岩市","Longyan City","福建省","Fujian Province","2016","8.67621791002981","867.621791002981"
"350881","漳平市","Zhangping City","龙岩市","Longyan City","福建省","Fujian Province","2017","9.45489051323827","945.489051323827"
"350902","蕉城区","Jiaocheng District","宁德市","Ningde City","福建省","Fujian Province","2000","4.05344663463664","405.344663463664"
"350902","蕉城区","Jiaocheng District","宁德市","Ningde City","福建省","Fujian Province","2001","4.85240535020952","485.240535020952"
"350902","蕉城区","Jiaocheng District","宁德市","Ningde City","福建省","Fujian Province","2002","4.66134804515298","466.134804515298"
"350902","蕉城区","Jiaocheng District","宁德市","Ningde City","福建省","Fujian Province","2003","4.86756846141717","486.756846141717"
"350902","蕉城区","Jiaocheng District","宁德市","Ningde City","福建省","Fujian Province","2004","4.75602001214853","475.602001214853"
"350902","蕉城区","Jiaocheng District","宁德市","Ningde City","福建省","Fujian Province","2005","4.27911608083528","427.911608083528"
"350902","蕉城区","Jiaocheng District","宁德市","Ningde City","福建省","Fujian Province","2006","4.20466873990607","420.466873990607"
"350902","蕉城区","Jiaocheng District","宁德市","Ningde City","福建省","Fujian Province","2007","4.66733193839752","466.733193839752"
"350902","蕉城区","Jiaocheng District","宁德市","Ningde City","福建省","Fujian Province","2008","4.41749805527865","441.749805527865"
"350902","蕉城区","Jiaocheng District","宁德市","Ningde City","福建省","Fujian Province","2009","4.83022318797325","483.022318797325"
"350902","蕉城区","Jiaocheng District","宁德市","Ningde City","福建省","Fujian Province","2010","4.11179330391783","411.179330391783"
"350902","蕉城区","Jiaocheng District","宁德市","Ningde City","福建省","Fujian Province","2011","4.20822717564707","420.822717564707"
"350902","蕉城区","Jiaocheng District","宁德市","Ningde City","福建省","Fujian Province","2012","4.4611577189188","446.11577189188"
"350902","蕉城区","Jiaocheng District","宁德市","Ningde City","福建省","Fujian Province","2013","4.50129432113861","450.129432113861"
"350902","蕉城区","Jiaocheng District","宁德市","Ningde City","福建省","Fujian Province","2014","4.47258461460092","447.258461460092"
"350902","蕉城区","Jiaocheng District","宁德市","Ningde City","福建省","Fujian Province","2015","4.16298381006042","416.298381006042"
"350902","蕉城区","Jiaocheng District","宁德市","Ningde City","福建省","Fujian Province","2016","4.04532849027162","404.532849027162"
"350902","蕉城区","Jiaocheng District","宁德市","Ningde City","福建省","Fujian Province","2017","4.4486408663272","444.86408663272"
"350921","霞浦县","Xiapu County","宁德市","Ningde City","福建省","Fujian Province","2000","10.0905387700833","1009.05387700833"
"350921","霞浦县","Xiapu County","宁德市","Ningde City","福建省","Fujian Province","2001","11.7234523160927","1172.34523160927"
"350921","霞浦县","Xiapu County","宁德市","Ningde City","福建省","Fujian Province","2002","11.6434277648901","1164.34277648901"
"350921","霞浦县","Xiapu County","宁德市","Ningde City","福建省","Fujian Province","2003","12.5630147992769","1256.30147992769"
"350921","霞浦县","Xiapu County","宁德市","Ningde City","福建省","Fujian Province","2004","11.838663238407","1183.8663238407"
"350921","霞浦县","Xiapu County","宁德市","Ningde City","福建省","Fujian Province","2005","11.011060523071","1101.1060523071"
"350921","霞浦县","Xiapu County","宁德市","Ningde City","福建省","Fujian Province","2006","10.4865112216707","1048.65112216707"
"350921","霞浦县","Xiapu County","宁德市","Ningde City","福建省","Fujian Province","2007","11.8898404705045","1188.98404705045"
"350921","霞浦县","Xiapu County","宁德市","Ningde City","福建省","Fujian Province","2008","11.6110389801708","1161.10389801708"
"350921","霞浦县","Xiapu County","宁德市","Ningde City","福建省","Fujian Province","2009","12.0815335330251","1208.15335330251"
"350921","霞浦县","Xiapu County","宁德市","Ningde City","福建省","Fujian Province","2010","10.5447205516661","1054.47205516661"
"350921","霞浦县","Xiapu County","宁德市","Ningde City","福建省","Fujian Province","2011","11.0089748965163","1100.89748965163"
"350921","霞浦县","Xiapu County","宁德市","Ningde City","福建省","Fujian Province","2012","11.1142234708137","1111.42234708137"
"350921","霞浦县","Xiapu County","宁德市","Ningde City","福建省","Fujian Province","2013","11.6981126033313","1169.81126033313"
"350921","霞浦县","Xiapu County","宁德市","Ningde City","福建省","Fujian Province","2014","11.6132831365696","1161.32831365696"
"350921","霞浦县","Xiapu County","宁德市","Ningde City","福建省","Fujian Province","2015","10.9248290417485","1092.48290417485"
"350921","霞浦县","Xiapu County","宁德市","Ningde City","福建省","Fujian Province","2016","10.5713534005748","1057.13534005748"
"350921","霞浦县","Xiapu County","宁德市","Ningde City","福建省","Fujian Province","2017","11.5650719228113","1156.50719228113"
"350922","古田县","Gutian County","宁德市","Ningde City","福建省","Fujian Province","2000","5.85565916659557","585.565916659557"
"350922","古田县","Gutian County","宁德市","Ningde City","福建省","Fujian Province","2001","6.80833731740598","680.833731740598"
"350922","古田县","Gutian County","宁德市","Ningde City","福建省","Fujian Province","2002","6.51110136386922","651.110136386922"
"350922","古田县","Gutian County","宁德市","Ningde City","福建省","Fujian Province","2003","6.81104362733339","681.104362733339"
"350922","古田县","Gutian County","宁德市","Ningde City","福建省","Fujian Province","2004","6.71732970353599","671.732970353599"
"350922","古田县","Gutian County","宁德市","Ningde City","福建省","Fujian Province","2005","5.88318735376376","588.318735376376"
"350922","古田县","Gutian County","宁德市","Ningde City","福建省","Fujian Province","2006","5.91686069277625","591.686069277625"
"350922","古田县","Gutian County","宁德市","Ningde City","福建省","Fujian Province","2007","6.62995849148025","662.995849148025"
"350922","古田县","Gutian County","宁德市","Ningde City","福建省","Fujian Province","2008","6.22210621524068","622.210621524068"
"350922","古田县","Gutian County","宁德市","Ningde City","福建省","Fujian Province","2009","6.59169600904026","659.169600904026"
"350922","古田县","Gutian County","宁德市","Ningde City","福建省","Fujian Province","2010","5.81841223437315","581.841223437315"
"350922","古田县","Gutian County","宁德市","Ningde City","福建省","Fujian Province","2011","5.93025355721284","593.025355721284"
"350922","古田县","Gutian County","宁德市","Ningde City","福建省","Fujian Province","2012","6.29085848931036","629.085848931036"
"350922","古田县","Gutian County","宁德市","Ningde City","福建省","Fujian Province","2013","6.37089561541905","637.089561541905"
"350922","古田县","Gutian County","宁德市","Ningde City","福建省","Fujian Province","2014","6.26303937422935","626.303937422935"
"350922","古田县","Gutian County","宁德市","Ningde City","福建省","Fujian Province","2015","5.90035613314671","590.035613314671"
"350922","古田县","Gutian County","宁德市","Ningde City","福建省","Fujian Province","2016","5.81845963131066","581.845963131066"
"350922","古田县","Gutian County","宁德市","Ningde City","福建省","Fujian Province","2017","6.32028609998448","632.028609998448"
"350923","屏南县","Pingnan County","宁德市","Ningde City","福建省","Fujian Province","2000","3.63042994934237","363.042994934237"
"350923","屏南县","Pingnan County","宁德市","Ningde City","福建省","Fujian Province","2001","4.22883969179772","422.883969179772"
"350923","屏南县","Pingnan County","宁德市","Ningde City","福建省","Fujian Province","2002","3.96108663971818","396.108663971818"
"350923","屏南县","Pingnan County","宁德市","Ningde City","福建省","Fujian Province","2003","4.09938851633961","409.938851633961"
"350923","屏南县","Pingnan County","宁德市","Ningde City","福建省","Fujian Province","2004","4.17031179519556","417.031179519556"
"350923","屏南县","Pingnan County","宁德市","Ningde City","福建省","Fujian Province","2005","3.60967041112755","360.967041112755"
"350923","屏南县","Pingnan County","宁德市","Ningde City","福建省","Fujian Province","2006","3.70498337676981","370.498337676981"
"350923","屏南县","Pingnan County","宁德市","Ningde City","福建省","Fujian Province","2007","4.1054644042796","410.54644042796"
"350923","屏南县","Pingnan County","宁德市","Ningde City","福建省","Fujian Province","2008","3.82473480144867","382.473480144867"
"350923","屏南县","Pingnan County","宁德市","Ningde City","福建省","Fujian Province","2009","4.10755399316267","410.755399316267"
"350923","屏南县","Pingnan County","宁德市","Ningde City","福建省","Fujian Province","2010","3.57785023662359","357.785023662359"
"350923","屏南县","Pingnan County","宁德市","Ningde City","福建省","Fujian Province","2011","3.57797860423841","357.797860423841"
"350923","屏南县","Pingnan County","宁德市","Ningde City","福建省","Fujian Province","2012","3.91183416874261","391.183416874261"
"350923","屏南县","Pingnan County","宁德市","Ningde City","福建省","Fujian Province","2013","3.83462200700604","383.462200700604"
"350923","屏南县","Pingnan County","宁德市","Ningde City","福建省","Fujian Province","2014","3.88906949314524","388.906949314524"
"350923","屏南县","Pingnan County","宁德市","Ningde City","福建省","Fujian Province","2015","3.61411254655178","361.411254655178"
"350923","屏南县","Pingnan County","宁德市","Ningde City","福建省","Fujian Province","2016","3.54532510775861","354.532510775861"
"350923","屏南县","Pingnan County","宁德市","Ningde City","福建省","Fujian Province","2017","3.85186069728717","385.186069728717"
"350924","寿宁县","Shouning County","宁德市","Ningde City","福建省","Fujian Province","2000","3.63008621299337","363.008621299337"
"350924","寿宁县","Shouning County","宁德市","Ningde City","福建省","Fujian Province","2001","4.1666162843805","416.66162843805"
"350924","寿宁县","Shouning County","宁德市","Ningde City","福建省","Fujian Province","2002","3.98233572569876","398.233572569876"
"350924","寿宁县","Shouning County","宁德市","Ningde City","福建省","Fujian Province","2003","4.02412062726265","402.412062726265"
"350924","寿宁县","Shouning County","宁德市","Ningde City","福建省","Fujian Province","2004","4.12044315716983","412.044315716983"
"350924","寿宁县","Shouning County","宁德市","Ningde City","福建省","Fujian Province","2005","3.63778438873542","363.778438873542"
"350924","寿宁县","Shouning County","宁德市","Ningde City","福建省","Fujian Province","2006","3.74944625260888","374.944625260888"
"350924","寿宁县","Shouning County","宁德市","Ningde City","福建省","Fujian Province","2007","4.12755133833806","412.755133833806"
"350924","寿宁县","Shouning County","宁德市","Ningde City","福建省","Fujian Province","2008","3.82382437507056","382.382437507056"
"350924","寿宁县","Shouning County","宁德市","Ningde City","福建省","Fujian Province","2009","4.18206586056275","418.206586056275"
"350924","寿宁县","Shouning County","宁德市","Ningde City","福建省","Fujian Province","2010","3.63027473849984","363.027473849984"
"350924","寿宁县","Shouning County","宁德市","Ningde City","福建省","Fujian Province","2011","3.66537226818955","366.537226818955"
"350924","寿宁县","Shouning County","宁德市","Ningde City","福建省","Fujian Province","2012","4.02376375449262","402.376375449262"
"350924","寿宁县","Shouning County","宁德市","Ningde City","福建省","Fujian Province","2013","3.99485340659595","399.485340659595"
"350924","寿宁县","Shouning County","宁德市","Ningde City","福建省","Fujian Province","2014","4.04058861544451","404.058861544451"
"350924","寿宁县","Shouning County","宁德市","Ningde City","福建省","Fujian Province","2015","3.7774843693906","377.74843693906"
"350924","寿宁县","Shouning County","宁德市","Ningde City","福建省","Fujian Province","2016","3.74179201855322","374.179201855322"
"350924","寿宁县","Shouning County","宁德市","Ningde City","福建省","Fujian Province","2017","4.01284292268352","401.284292268352"
"350925","周宁县","Zhouning County","宁德市","Ningde City","福建省","Fujian Province","2000","2.55888123469981","255.888123469981"
"350925","周宁县","Zhouning County","宁德市","Ningde City","福建省","Fujian Province","2001","3.0249924943265","302.49924943265"
"350925","周宁县","Zhouning County","宁德市","Ningde City","福建省","Fujian Province","2002","2.85052588309909","285.052588309909"
"350925","周宁县","Zhouning County","宁德市","Ningde City","福建省","Fujian Province","2003","2.93383601218329","293.383601218329"
"350925","周宁县","Zhouning County","宁德市","Ningde City","福建省","Fujian Province","2004","2.9465548886243","294.65548886243"
"350925","周宁县","Zhouning County","宁德市","Ningde City","福建省","Fujian Province","2005","2.61416540754107","261.416540754107"
"350925","周宁县","Zhouning County","宁德市","Ningde City","福建省","Fujian Province","2006","2.66260747389232","266.260747389232"
"350925","周宁县","Zhouning County","宁德市","Ningde City","福建省","Fujian Province","2007","2.91801807676705","291.801807676705"
"350925","周宁县","Zhouning County","宁德市","Ningde City","福建省","Fujian Province","2008","2.74963146523933","274.963146523933"
"350925","周宁县","Zhouning County","宁德市","Ningde City","福建省","Fujian Province","2009","3.00668129308102","300.668129308102"
"350925","周宁县","Zhouning County","宁德市","Ningde City","福建省","Fujian Province","2010","2.57653708443037","257.653708443037"
"350925","周宁县","Zhouning County","宁德市","Ningde City","福建省","Fujian Province","2011","2.61156140898137","261.156140898137"
"350925","周宁县","Zhouning County","宁德市","Ningde City","福建省","Fujian Province","2012","2.83932873412861","283.932873412861"
"350925","周宁县","Zhouning County","宁德市","Ningde City","福建省","Fujian Province","2013","2.79744354411188","279.744354411188"
"350925","周宁县","Zhouning County","宁德市","Ningde City","福建省","Fujian Province","2014","2.81760063883144","281.760063883144"
"350925","周宁县","Zhouning County","宁德市","Ningde City","福建省","Fujian Province","2015","2.61597155428231","261.597155428231"
"350925","周宁县","Zhouning County","宁德市","Ningde City","福建省","Fujian Province","2016","2.59074024641887","259.074024641887"
"350925","周宁县","Zhouning County","宁德市","Ningde City","福建省","Fujian Province","2017","2.80275421883808","280.275421883808"
"350926","柘荣县","Zherong County","宁德市","Ningde City","福建省","Fujian Province","2000","1.41807929078431","141.807929078431"
"350926","柘荣县","Zherong County","宁德市","Ningde City","福建省","Fujian Province","2001","1.67236050963959","167.236050963959"
"350926","柘荣县","Zherong County","宁德市","Ningde City","福建省","Fujian Province","2002","1.60590611716085","160.590611716085"
"350926","柘荣县","Zherong County","宁德市","Ningde City","福建省","Fujian Province","2003","1.66985799540156","166.985799540156"
"350926","柘荣县","Zherong County","宁德市","Ningde City","福建省","Fujian Province","2004","1.62967187620954","162.967187620954"
"350926","柘荣县","Zherong County","宁德市","Ningde City","福建省","Fujian Province","2005","1.49107687407157","149.107687407157"
"350926","柘荣县","Zherong County","宁德市","Ningde City","福建省","Fujian Province","2006","1.46209966519793","146.209966519793"
"350926","柘荣县","Zherong County","宁德市","Ningde City","福建省","Fujian Province","2007","1.6313272716049","163.13272716049"
"350926","柘荣县","Zherong County","宁德市","Ningde City","福建省","Fujian Province","2008","1.57493937161072","157.493937161072"
"350926","柘荣县","Zherong County","宁德市","Ningde City","福建省","Fujian Province","2009","1.69285201427869","169.285201427869"
"350926","柘荣县","Zherong County","宁德市","Ningde City","福建省","Fujian Province","2010","1.48725055348191","148.725055348191"
"350926","柘荣县","Zherong County","宁德市","Ningde City","福建省","Fujian Province","2011","1.48750781169376","148.750781169376"
"350926","柘荣县","Zherong County","宁德市","Ningde City","福建省","Fujian Province","2012","1.55763607342441","155.763607342441"
"350926","柘荣县","Zherong County","宁德市","Ningde City","福建省","Fujian Province","2013","1.58181578865859","158.181578865859"
"350926","柘荣县","Zherong County","宁德市","Ningde City","福建省","Fujian Province","2014","1.58411498143156","158.411498143156"
"350926","柘荣县","Zherong County","宁德市","Ningde City","福建省","Fujian Province","2015","1.48930592163127","148.930592163127"
"350926","柘荣县","Zherong County","宁德市","Ningde City","福建省","Fujian Province","2016","1.42880133681843","142.880133681843"
"350926","柘荣县","Zherong County","宁德市","Ningde City","福建省","Fujian Province","2017","1.54920347317835","154.920347317835"
"350981","福安市","Fu'an City","宁德市","Ningde City","福建省","Fujian Province","2000","4.75741183378011","475.741183378011"
"350981","福安市","Fu'an City","宁德市","Ningde City","福建省","Fujian Province","2001","5.51486292437061","551.486292437061"
"350981","福安市","Fu'an City","宁德市","Ningde City","福建省","Fujian Province","2002","5.31430541806287","531.430541806287"
"350981","福安市","Fu'an City","宁德市","Ningde City","福建省","Fujian Province","2003","5.5225359166129","552.25359166129"
"350981","福安市","Fu'an City","宁德市","Ningde City","福建省","Fujian Province","2004","5.45823009063139","545.823009063139"
"350981","福安市","Fu'an City","宁德市","Ningde City","福建省","Fujian Province","2005","4.95357660462034","495.357660462034"
"350981","福安市","Fu'an City","宁德市","Ningde City","福建省","Fujian Province","2006","4.93989228189813","493.989228189813"
"350981","福安市","Fu'an City","宁德市","Ningde City","福建省","Fujian Province","2007","5.45400045980927","545.400045980927"
"350981","福安市","Fu'an City","宁德市","Ningde City","福建省","Fujian Province","2008","5.16204652731778","516.204652731778"
"350981","福安市","Fu'an City","宁德市","Ningde City","福建省","Fujian Province","2009","5.58886470232506","558.886470232506"
"350981","福安市","Fu'an City","宁德市","Ningde City","福建省","Fujian Province","2010","4.82814662081497","482.814662081497"
"350981","福安市","Fu'an City","宁德市","Ningde City","福建省","Fujian Province","2011","4.91052245201956","491.052245201956"
"350981","福安市","Fu'an City","宁德市","Ningde City","福建省","Fujian Province","2012","5.18264743043607","518.264743043607"
"350981","福安市","Fu'an City","宁德市","Ningde City","福建省","Fujian Province","2013","5.28019941421101","528.019941421101"
"350981","福安市","Fu'an City","宁德市","Ningde City","福建省","Fujian Province","2014","5.36860579131572","536.860579131572"
"350981","福安市","Fu'an City","宁德市","Ningde City","福建省","Fujian Province","2015","4.99658270627077","499.658270627077"
"350981","福安市","Fu'an City","宁德市","Ningde City","福建省","Fujian Province","2016","4.89260776714245","489.260776714245"
"350981","福安市","Fu'an City","宁德市","Ningde City","福建省","Fujian Province","2017","5.34774414409682","534.774414409682"
"350982","福鼎市","Fuding City","宁德市","Ningde City","福建省","Fujian Province","2000","6.86640892979966","686.640892979966"
"350982","福鼎市","Fuding City","宁德市","Ningde City","福建省","Fujian Province","2001","7.76397736282062","776.397736282062"
"350982","福鼎市","Fuding City","宁德市","Ningde City","福建省","Fujian Province","2002","7.76089117430347","776.089117430347"
"350982","福鼎市","Fuding City","宁德市","Ningde City","福建省","Fujian Province","2003","8.09602653682457","809.602653682457"
"350982","福鼎市","Fuding City","宁德市","Ningde City","福建省","Fujian Province","2004","7.94205082445511","794.205082445511"
"350982","福鼎市","Fuding City","宁德市","Ningde City","福建省","Fujian Province","2005","7.28155694935129","728.155694935129"
"350982","福鼎市","Fuding City","宁德市","Ningde City","福建省","Fujian Province","2006","7.11453972876678","711.453972876678"
"350982","福鼎市","Fuding City","宁德市","Ningde City","福建省","Fujian Province","2007","7.82987894081911","782.987894081911"
"350982","福鼎市","Fuding City","宁德市","Ningde City","福建省","Fujian Province","2008","7.60321858330236","760.321858330236"
"350982","福鼎市","Fuding City","宁德市","Ningde City","福建省","Fujian Province","2009","8.10808351439272","810.808351439272"
"350982","福鼎市","Fuding City","宁德市","Ningde City","福建省","Fujian Province","2010","6.95349687653846","695.349687653846"
"350982","福鼎市","Fuding City","宁德市","Ningde City","福建省","Fujian Province","2011","7.26706266200765","726.706266200765"
"350982","福鼎市","Fuding City","宁德市","Ningde City","福建省","Fujian Province","2012","7.58655088302393","758.655088302393"
"350982","福鼎市","Fuding City","宁德市","Ningde City","福建省","Fujian Province","2013","7.69098019972324","769.098019972324"
"350982","福鼎市","Fuding City","宁德市","Ningde City","福建省","Fujian Province","2014","7.71929033710251","771.929033710251"
"350982","福鼎市","Fuding City","宁德市","Ningde City","福建省","Fujian Province","2015","7.31281580986091","731.281580986091"
"350982","福鼎市","Fuding City","宁德市","Ningde City","福建省","Fujian Province","2016","7.02572654723605","702.572654723605"
"350982","福鼎市","Fuding City","宁德市","Ningde City","福建省","Fujian Province","2017","7.64075483453389","764.075483453389"
