"year","unit_id","county_cn","co2_million_tons","gdp_100m_yuan","primary_industry_100m_yuan","secondary_industry_100m_yuan","tertiary_industry_100m_yuan","industry_100m_yuan","construction_100m_yuan","resident_population_10k","urban_population_10k","rural_population_10k","fixed_asset_investment_100m_yuan","real_estate_development_100m_yuan","budget_revenue_10k_yuan","vat_10k_yuan","enterprise_income_tax_10k_yuan","individual_income_tax_10k_yuan","budget_expenditure_10k_yuan","general_public_service_exp_10k_yuan","education_exp_10k_yuan","science_technology_exp_10k_yuan","agri_forestry_water_exp_10k_yuan","retail_sales_100m_yuan","fixed_asset_investment_growth_pct","real_estate_development_growth_pct","industrial_va_growth_pct","light_industry_growth_pct","heavy_industry_growth_pct","retail_sales_growth_pct","per_capita_gdp_yuan","urbanization_rate_pct","co2_ton_per_10000_yuan","secondary_industry_share","tertiary_industry_share","industry_share","budget_revenue_gdp_ratio","budget_expenditure_gdp_ratio","co2_per_capita_ton","retail_per_capita_yuan"
"2013","350102","鼓楼区","2.88397294393931","901.16",,"198.85","63.88","134.97","702.31","70.5","70.5",,"357.53","306.19",,,,,,,,,,"7342878","14.9","23.6",,,,"15.1","127824.113475177","100","0.320028956449389","0.220660038173021","0.0708864130676018","0.14977362510542",,,"4.09074176445292","1041542978.7234"
"2014","350102","鼓楼区","3.12503515622758","1011.22",,"220.8","790.43","70.66","151","71.5","71.5",,"400.57","348.39",,,,,,,,,,"8408118","12","13.8",,,,"14.5","141429.370629371","100","0.309036130241449","0.218350111746208","0.781659777298708","0.0698759913767528",,,"4.37067854017843","1175960559.44056"
"2015","350102","鼓楼区","3.12473157354043","1132.57",,"232.69","899.88","71.83","161.79","72","72",,"449.05","375.57","375105","54999","49552","108890","342602","35199","89518","6121","1336","9185501","12.1","7.8","70.73","21.23","49.49","14","157301.388888889","100","0.275897434466782","0.205453084577554","0.794546915422446","0.0634221284335626","0.0331198071642371","0.0302499624747256","4.3399049632506","1275764027.77778"
"2016","350102","鼓楼区","3.07892452335091","1283.16",,"235.39","1047.77","66.62","172.94","72.8","72.8",,"459.18","379.06","402507","81996","16577","114088","346042","33434","92374","6806","3544","10178992","2.3","0.9",,,,"11.1","176258.241758242","100","0.239948605267536","0.183445556282926","0.816554443717073","0.051918700707628","0.031368418591602","0.0269679541132828","4.22929192767982","1398213186.81319"
"2017","350102","鼓楼区","3.16598161302444","1433.42",,"229.82","1203.6","65.2","169.88","73.5","73.5",,"525.49","460.11","413965","89813","768","105550","392872","42520","100990","10975","7026","10676665","14.5","21.4","6.1","8.8","5.5","8.6","195023.129251701","100","0.220869083243183","0.160329840521271","0.839670159478729","0.0454856217996121","0.0288795328654546","0.0274080171896583","4.307457976904","1452607482.9932"
"2018","350102","鼓楼区","3.27176892011296","1613.3",,"257.7","1355.6","68.8","194.44","74","74",,,,"345736","94286","138","89903","387929","39124","101163","16928","4478","11358983",,,"8.3","11","7.9","11.8","218013.513513513","100","0.202799784300066","0.159734705262505","0.840265294737495","0.0426455092047356","0.0214303601314077","0.0240456827620405","4.421309351504","1534997702.7027"
"2019","350102","鼓楼区","3.47890971334518","1916.75",,"373.84","1542.91","110.5","263.51","73","73",,,,"300739","86845","81008",,"379484","48641","101196","12776","5243","12802198",,,"8.8","5.6","9.4","6.9","262568.493150685","100","0.181500441546638","0.195038476587974","0.804961523412026","0.057649667405765","0.0156900482587714","0.0197983044215469","4.76562974430847","1753725753.42466"
"2020","350102","鼓楼区","3.48943438070958","2069.86",,"311.62","1758.24","42.13","269.57","67","67",,,,"308384","90274","77973",,"354892","45834","101475","14278","6475","13050714",,,"2.5","2.7","1.1","1.9","308934.328358209","100","0.168583110969321","0.15055124501174","0.84944875498826","0.0203540336061376","0.0148987854251012","0.017145700675408","5.20811101598445","1947867761.19403"
"2021","350102","鼓楼区","3.82005634668623","2362.19",,"403.73","1958.45","96.39","307.53","67.3","67.3","0","244.99","133.72","350091","118855","96045","0","309401","40426","102222","7944","3456","1377.1","11","61","10","6.5","10.9","10.6","350994.056463596","100","0.161716726710647","0.17091343202706","0.829082334613219","0.0408053543533755","0.0148206113818109","0.0130980573112239","5.67616099061847","204621.099554235"
"2013","350103","台江区","2.88397294393931","307.06",,"67.97","24.45","43.52","239.09","46","46",,"299.14","185.85",,,,,,,,,,"3574498","17.8","34",,,,"17.1","66752.1739130435","100","0.939221306565267","0.22135738943529","0.0796261317006448","0.141731257734645",,,"6.26950639986806","777064782.608696"
"2014","350103","台江区","3.12503515622758","342.1",,"75.02","267.08","26.99","49.02","46.5","46.5",,"339.16","220.75",,,,,,,,,,"3665731","13.4","18.8",,,,"12.6","73569.8924731183","100","0.913485868526039","0.219292604501608","0.780707395498392","0.0788950599239988",,,"6.72050571231738","788329247.311828"
"2015","350103","台江区","3.12473157354043","369.64",,"77.85","291.79","26.19","52.65","47","47",,"389.57","278.15","139694","17452","28601","32022","146033","17161","34682","2400","179","4003530","14.9","26","30.92","2.81","28.12","14.9","78646.8085106383","100","0.84534454429727","0.210610323558056","0.789389676441944","0.07085272156693","0.037791905637918","0.0395068174439996","6.64836505008602","851814893.617021"
"2016","350103","台江区","3.07892452335091","402.83",,"79.55","323.28","24.41","56.18","47.8","47.8",,"261.29","156.5","147439","34563","14243","34315","147893","19924","36651","2950","2232","3891391","-32.9","-43.7",,,,"9.5","84274.0585774059","100","0.764323541779637","0.197477844251918","0.802522155748082","0.0605962813097336","0.0366007993446367","0.0367135019735372","6.44126469320274","814098535.564854"
"2017","350103","台江区","3.16598161302444","433.47",,"87.06","346.41","25.23","62.38","48.3","48.3",,"171.27","97.97","138636","45549","29","29629","189943","26486","47843","3673","24","4060302","-34.4","-37.4","6.2","5.4","7.5","6","89745.3416149068","100","0.73038079060245","0.200844349089902","0.799155650910098","0.0582047200498304","0.0319828361824348","0.0438191801047362","6.55482735615826","840642236.024845"
"2018","350103","台江区","3.27176892011296","475.63",,"94.3","381.33","26.65","68.23","48.6","48.6",,,,"152600","48259","98","23342","180487","25796","50620","4131","120","4131748",,,"8.5","-26.9","10.9","4.1","97866.2551440329","100","0.687881109289355","0.198263355969977","0.801736644030023","0.0560309484262978","0.0320837625885667","0.0379469335407775","6.73203481504724","850153909.465021"
"2019","350103","台江区","3.47890971334518","538.6",,"87.55","451.05","5.82","81.96","48","48",,,,"170946","47451","34437",,"211978","29419","61532","5280","3865","2369600",,,"5","2.2","8.2","12.1","112208.333333333","100","0.645917139499662","0.162551058299294","0.837448941700705","0.0108057927961381","0.0317389528406981","0.0393572224285184","7.24772856946912","493666666.666667"
"2020","350103","台江区","3.48943438070958","600.81",,"88.03","512.78","3.56","84.63","41.2","41.2",,,,"161929","44443","29005",,"224692","32542","63206","5773","5600","2453216",,,"3.9","18.8","-12","3.5","145827.669902913","100","0.580788332536006","0.1465188661973","0.8534811338027","0.00592533413225479","0.0269517817612889","0.0373981791248481","8.46950092405238","595440776.699029"
"2021","350103","台江区","3.82005634668623","659.25",,"101.56","557.69",,"101.56","41.3","41.3","0","127.3","79.42","176213","43867","23633","0","222283","32144","63167","3440","1698","287.36","-28.4","-36.9",,,,"17","159624.697336562","100","0.579454887627794","0.154053849070914","0.845946150929086","0","0.0267293136139553","0.0337175578308684","9.2495311057778","69578.6924939467"
"2013","350104","仓山区","2.82930962094996","356.6","2.78","203.97","187.27","16.7","149.85","79","79",,"374.93","86.71",,,,,,,,,,"2865826","13.2","-23.2",,,,"17.2","45139.2405063291","100","0.793412681141324","0.571985417835109","0.525154234436343","0.0468311833987661",,,"3.58140458348096","362762784.810127"
"2014","350104","仓山区","3.01364690465489","396.04","2.66","225.45","167.94","207.6","18.88","79.7","79.7",,"428.81","105.48",,,,,,,,,,"3314564","14.4","21.6",,,,"15.7","49691.3425345044","100","0.760945082480277","0.569260680739319","0.424048075951924","0.524189475810524",,,"3.78123827434742","415880050.188206"
"2015","350104","仓山区","3.06727573394234","435.02","2.48","239.39","193.15","220.23","20.28","80.3","80.3",,"493.67","163.61","281609","27763","69025","50145","267565","23819","74675","4155","8806","3803585","15.1","55.1","198.68","120.6","78.08","14","54174.3462017435","100","0.705088440518215","0.550296538090203","0.444002574594272","0.506252586087996","0.0647347248402372","0.0615063675233323","3.81977052794812","473671855.541719"
"2016","350104","仓山区","2.92241543061197","478.46","2.62","253.37","222.47","232.7","21.9","81.4","81.4",,"558.34","162.66","306232","55781","28990","60152","325687","30115","81328","5403","27251","4274584","13.1","-0.6",,,,"12","58778.8697788698","100","0.610796185806958","0.529553149688584","0.464970948459641","0.486352046148058","0.0640036784684195","0.0680698490991933","3.59019094669775","525133169.53317"
"2017","350104","仓山区","2.99080286383854","559.35","1.22","289.92","268.21","266.78","24.54","82.5","82.5",,"658.41","311.11","324859","73116","161","48660","368621","35496","88092","23820","6974","5079496","17.9","91.3","6.8","8.5","4.4","16.1","67800","100","0.534692565270142","0.518315902386699","0.479502994547242","0.476946455707518","0.0580779476177706","0.0659016715830875","3.62521559253156","615696484.848485"
"2018","350104","仓山区","2.83442962389253","623.06","1.33","308.84","312.89","282.24","28.08","83.6","83.6",,,,"283230","83623","29","41313","376957","44030","99986","16615","7806","5746899",,,"8.5","5.4","12.8","12.5","74528.7081339713","100","0.454920814029553","0.495682598786634","0.502182775334639","0.452990081212082","0.045457901325715","0.0605009148396623","3.39046605728772","687428110.047847"
"2019","350104","仓山区","3.12793378425936","824.87","1.65","333.79","489.43","272.94","62.37","85.8","85.8",,,,"285059","88610","43202",,"409674","61152","112591","11219","10008","4894360",,,"8.7","10.6","6.2","11","96138.6946386947","100","0.379203242239306","0.404657703638149","0.593341981160668","0.330888503642998","0.0345580515717628","0.0496652805896687","3.64561047116476","570438228.438228"
"2020","350104","仓山区","3.00736188191687","902.27","1.76","344.79","555.73","278.83","67.69","115","115",,,,"271630","86350","34905",,"361315","53462","100875","10162","11497","4887906",,,"5.3","9.8","3.3",,"78458.2608695652","100","0.333310636718152","0.382136167665998","0.615924279871879","0.309031664579339","0.0301051791592317","0.0400451084486905","2.61509728862337","425035304.347826"
"2021","350104","仓山区","3.23467648824009","1030.11","1.81","419.27","609.02","323.77","97.17","116.9","116.9","0","743.52","549.38","273930","90329","39019","0","350544","47199","108624","10306","7291","548.19","12.7","26.5","9.6","9.1","10.8","9.9","88118.9050470488","100","0.314012725654551","0.407014784828805","0.591218413567483","0.314306239139509","0.0265923056760928","0.0340297638116318","2.76704575555183","46893.9264328486"
"2013","350105","马尾区","2.82169023763971","338.96","5.63","229.15","212.15","17","104.18","24.6","17.3","7.26","145.24","101.76",,,,,,,,,,"1022089","50.1","21",,,,"26","137788.617886179","70.3252032520325","0.832455227059154","0.676038470616002","0.625885060184093","0.0501534104319094",,,"11.4702855188606","415483333.333333"
"2014","350105","马尾区","3.04455683817748","373.92","5.61","252.78","115.52","234.23","19.19","24.8","17.51","7.29","216.97","151.42",,,,,,,,,,"1339637","49.4","48.8",,,,"27.1","150774.193548387","70.6048387096774","0.814226796688457","0.676026957637997","0.308943089430894","0.626417415489944",,,"12.2764388636189","540176209.677419"
"2015","350105","马尾区","2.84461360651847","392.4","5.32","249.08","138","229.13","20.59","25.1","18.09","7.01","273.8","185.64","182892","32723","22386","48162","377285","39482","61797","15064","20642","1711580","26.2","22.6","236.14","99.99","136.15","24","156334.661354582","72.0717131474103","0.724927014912964","0.634760448521916","0.351681957186544","0.583919469928644","0.0466085626911315","0.0961480632008155","11.3331219383206","681904382.470119"
"2016","350105","马尾区","2.25369335122883","426.1","6.12","264.55","155.43","243.04","22.22","25.5","18.61","6.89","309.74","155.68","214610","43093","11723","44642","347846","43392","66000","10625","24354","1600050","13.1","-16.1",,,,"16.5","167098.039215686","72.9803921568627","0.528911840232065","0.620863647031213","0.364773527341","0.570382539310021","0.0503661112414926","0.0816348275052804","8.83801314207384","627470588.235294"
"2017","350105","马尾区","2.57728196624197","491.38","4.05","286.35","200.98","262.25","24.9","25.9","19.37","6.53","353.76","177.25","239417","56170","5","35198","427875","41348","72496","11528","26871","1846096","14.2","13.9","8","8.5","7.6","14.6","189722.007722008","74.7876447876448","0.524498751728188","0.582746550531157","0.409011355773536","0.533701005331922","0.0487233912654158","0.0870761935772722","9.95089562255587","712778378.378378"
"2018","350105","马尾区","2.58730604637395","536.96","4.35","311.99","220.63","278.31","34.3","26.2","20.38","5.82",,,"240286","63738","-5","34297","458225","43240","63668","16917","15947","8893508",,,"8.9","10.8","7.1","12.8","204946.564885496","77.7862595419847","0.481843348922443","0.581030244338498","0.410887216924911","0.518306764004767","0.0447493295589988","0.0853368966030989","9.87521391745782","3394468702.29008"
"2019","350105","马尾区","2.94717255606927","576.26","5.76","339.14","231.36","230.05","109.53","26.2","20.54","5.66",,,"228435","63307","36604","1573","346398","47033","81770","22741","12915","1892825",,,"5.2","4.1","13","11.6","219946.564885496","78.3969465648855","0.511431047802948","0.58851907125256","0.401485440599729","0.399212161177246","0.039640960677472","0.0601114080449797","11.2487502140048","722452290.076336"
"2020","350105","马尾区","2.86644163123332","604.96","9.89","354.87","240.19","226.44","128.92","29.2","25.67","3.53",,,"209996","57735","30359","1555","401156","48490","73797","17105","13774","1827604",,,"6.2","6.5","5.9","-3.4","207178.082191781","87.9109589041096","0.473823332325","0.586600766992859","0.397034514678656","0.374305739222428","0.034712377677863","0.0663111610685004","9.81658092888123","625891780.821918"
"2021","350105","马尾区","3.3527724484078","639.84","13.05","362.24","264.54","240.01","122.67","29.6","26.08","3.52","144.18","27.15","229543","64909","39332","1615","275888","37176","59056","4296","6840","204.14","-28.4","-69.8","6.4","2.1","10.5","9.4","216162.162162162","88.1081081081081","0.524001695487591","0.566141535383846","0.413447111777945","0.375109402350588","0.0358750625156289","0.0431182795698925","11.3269339473236","68966.2162162162"
"2013","350111","晋安区","2.45880966286698","401.38","4.74","150.16","96.88","53.28","246.48","82.7","81.7","0.96","350.94","202.29",,,,,,,,,,"4368714","15.9","42.1",,,,"14","48534.4619105199","98.7908101571947","0.612588983722901","0.374109322836215","0.241367282874084","0.132742039962131",,,"2.97316766973033","528260459.49214"
"2014","350111","晋安区","2.57505028737052","447.04","4.73","167.16","275.15","107.46","60.07","83.6","82.76","0.84","415.74","251.88",,,,,,,,,,"4962205","18.5","24.5",,,,"13.6","53473.6842105263","98.9952153110048","0.576022344168423","0.373926270579814","0.615493020758769","0.240381173944166",,,"3.08020369302694","593565191.38756"
"2015","350111","晋安区","2.68250070442909","499.75","4.05","177.01","318.69","113.08","64.33","84.3","83.59","0.71","484.32","358","231138","29004","50389","38722","299836","18757","44570","3506","15055","5863142","16.5","42.1","104.94","57.07","47.87","13.8","59282.325029656","99.1577698695136","0.536768525148392","0.354197098549275","0.637698849424712","0.226273136568284","0.0462507253626813","0.0599971985992996","3.18208861735361","695509134.045077"
"2016","350111","晋安区","2.99714370591382","553.73","5.12","189.69","358.93","121.31","68.83","85.5","84.9","0.6","560.62","348.32","250525","47569","18415","53540","305409","23395","60997","4124","15215","6357812","15.8","-2.7",,,,"13.6","64763.7426900585","99.2982456140351","0.541264462086905","0.342567677387897","0.64820399833854","0.219077889946364","0.0452431690535098","0.0551548588662344","3.50543123498692","743603742.690058"
"2017","350111","晋安区","3.10160037782454","642.62","5.32","213.94","423.36","137.23","77.22","86.6","86.17","0.43","659.89","407.15","281456","64933","94","49021","343262","29122","59076","3302","13550","7200933","17.7","16.9","7.9","10","5.6","12","74205.5427251732","99.5034642032333","0.482649213816025","0.332918365441474","0.658803025115932","0.213547664249479","0.0437982011141888","0.0534160156857863","3.58152468570963","831516512.702079"
"2018","350111","晋安区","3.04681252164675","717.72","5.75","233.32","478.65","145.28","88.58","87.7","87.26","0.44",,,"304565","71744","62","39146","368916","32551","61431","7092","14991","1992880",,,"8.6","9.7","6.9","11.4","81838.0843785633","99.4982896237172","0.424512695988233","0.325084991361534","0.666903527838154","0.20241877055119","0.0424350721729922","0.0514011034943989","3.47413058340564","227238312.428734"
"2019","350111","晋安区","3.36019911874238","884.8","7.38","261.76","615.67","171.64","90.42","87","86.39","0.61",,,"242515","73764","45911",,"315252","33467","64786","7371","16006","8944672",,,"8.7","8.3","9.4","11.7","101701.149425287","99.2988505747126","0.379769339821698","0.295840867992767","0.695829566003617","0.193987341772152","0.0274090189873418","0.035629746835443","3.86229783763492","1028123218.3908"
"2020","350111","晋安区","3.32384903738804","959.05","7.99","253.98","697.08","139.98","114.28","79","77.01","1.99",,,"228809","69052","25308",,"346721","32925","71193","8881","22278","9065109",,,"5.3","7.1","4.4","1.3","121398.734177215","97.4810126582279","0.346577241790109","0.264824565976748","0.726844272978468","0.145956936551796","0.0238578801939419","0.0361525467910954","4.20740384479499","1147482151.89873"
"2021","350111","晋安区","3.55653735071403","1063.28","8.48","284.41","770.38","152.41","132.31","79.5","77.51","1.99","486.08","331.31","266105","68681","38822","0","338292","30668","73739","4607","43714","840.22","-23","-19.6","8.9","9.1","8.5","-7.3","133745.911949686","97.496855345912","0.334487374042024","0.267483635542849","0.724531637950493","0.143339477842149","0.0250268038522308","0.0318158904521857","4.4736318876906","105688.050314465"
"2013","350121","闽侯县","2.88919878439726","377.46","32.65","232.05","205.93","26.12","112.76","69.3","35.3","33.96","449.94","274.65",,,,,,,,,,"1415753","19.4","-8.5",,,,"32.2","54467.5324675325","50.9379509379509","0.765431776717337","0.614767127642664","0.545567742277327","0.0691993853653367",,,"4.16911801500326","204293362.193362"
"2014","350121","闽侯县","3.12509831336269","412.73","33.31","256.95","122.47","228.47","29.52","69.5","36.14","33.36","535.77","310.53",,,,,,,,,,"1747533","19.1","13.1",,,,"23.4","59385.6115107914","52","0.757177407351704","0.622561965449567","0.296731519395246","0.553558016136457",,,"4.49654433577366","251443597.122302"
"2015","350121","闽侯县","3.08955865916693","438.73","33.96","269.12","135.66","238.53","31.68","70.2","37.46","32.74","383.4","215.67","652193","47016","123621","48216","776807","42799","162050","11887","62046","1964508","-28.4","-30.5","194.52","73.98","120.54","7.6","62497.150997151","53.3618233618234","0.704205014283712","0.613406878946049","0.309210676270143","0.54368290292435","0.148654753493037","0.177058099514508","4.401080711064","279844444.444444"
"2016","350121","闽侯县","2.52369378734405","484","38.65","288.71","156.63","255.96","33.98","70.5","38.28","32.22","461.58","211.6","654903","127619","68882","69684","905678","52557","217648","12082","61663","2301073","20.4","-1.9",,,,"13.4","68652.4822695036","54.2978723404255","0.52142433622811","0.59650826446281","0.323615702479339","0.528842975206612","0.135310537190083","0.187123553719008","3.57970749977879","326393333.333333"
"2017","350121","闽侯县","2.87619329834005","560.07","34.86","325.09","200.12","288.33","38.19","71.5","40.04","31.46","561.42","277.39","710941","183726","822","88809","945671","60969","126257","20535","65044","2767415","21.6","31.1","11","5.2","14.4","16.1","78331.4685314685","56","0.513541753412975","0.580445301480172","0.357312478797293","0.514810648668916","0.126937882764654","0.168848715339154","4.02264796970636","387051048.951049"
"2018","350121","闽侯县","2.72341280447858","603.55","39.17","341.34","223.04","308.46","34.4","72.5","41.32","31.18",,,"800712","194964","486","100238","996962","71143","144857","28913","63199","3173058",,,"8.9","14.6","5.2","12","83248.275862069","56.9931034482759","0.451232342718678","0.565553806644023","0.369546847817082","0.511076132880457","0.132667053268163","0.165183000579902","3.75643145445321","437663172.413793"
"2019","350121","闽侯县","2.84155780637973","740.22","45.71","394.53","299.98","317.41","77.4","74","42.48","31.52",,,"732343","197697","85701","11879","1062951","87277","193972","38041","66322","3093994",,,"8.7","16.2","3.8","10.2","100029.72972973","57.4054054054054","0.383880171621914","0.53299019210505","0.4052578963011","0.428804949879765","0.0989358569074059","0.143599335332739","3.83994298159423","418107297.297297"
"2020","350121","闽侯县","2.79804976024898","793.04","48.52","413.42","331.1","327.32","86.41","99.3","59.69","39.61",,,"781411","236258","76294","27534","987956","79434","194008","37742","69182","2972032",,,"3.5","6.8","-1.1","-3.9","79863.0412890232","60.110775427996","0.352825804530538","0.521310400484213","0.417507313628569","0.412740845354585","0.0985336174720065","0.12457833148391","2.81777417950552","299298288.016113"
"2021","350121","闽侯县","3.17037320043504","881.16","51.69","452.96","376.51","347.78","105.46","101.5","61.31","40.19","721.2","289.19","951796","255851","96467","25678","987252","86959","195217","15993","51401","318.34","15.1","15.5","12","5","16.6","7.1","86813.7931034483","60.4039408866995","0.359795406105025","0.514049661809433","0.427289028099324","0.394684279812974","0.108016251305098","0.112040038131554","3.12352039451728","31363.5467980296"
"2013","350122","连江县","2.86714499955002","302.53","107.12","116.5","102.62","13.88","78.91","57","23.3","33.69","342.27","211.59",,,,,,,,,,"789665","32.6","34.6",,,,"18.2","53075.4385964912","40.8771929824561","0.947722539764658","0.385085776617195","0.339206029154134","0.0458797474630615",,,"5.03007894657898","138537719.298246"
"2014","350122","连江县","3.15425080250152","325.35","110.96","131.21","83.17","115.94","15.77","57.6","24.77","32.83","424.71","324.33",,,,,,,,,,"926790","24.1","53.3",,,,"17.4","56484.375","43.0034722222222","0.969494637314129","0.403288765944368","0.255632395881358","0.356354694943907",,,"5.47612986545403","160901041.666667"
"2015","350122","连江县","3.00498855907487","352.45","119.93","139.15","93.37","122.7","16.99","58.1","25.54","32.56","518.66","430.66","257358","17192","69544","43853","460637","28769","128024","5201","77694","1146123","22.1","32.8","135.08","82.17","52.91","23.4","60662.6506024096","43.9586919104991","0.852599960015568","0.394807774152362","0.264917009504894","0.3481344871613","0.0730197191090935","0.130695701517946","5.17209734780528","197267297.762478"
"2016","350122","连江县","2.73700952260463","387.8","138.98","149.75","99.07","132.23","18.15","58.2","26.13","32.07","474.25","391.58","286431","42940","36769","50273","546823","39075","140364","4877","72916","1305959","-8.6","-9.1",,,,"16.5","66632.3024054983","44.8969072164948","0.705778628830487","0.386152656008252","0.255466735430634","0.340974729241877","0.0738604951005673","0.14100644662197","4.7027655027571","224391580.756014"
"2017","350122","连江县","3.12993823676237","430.36","127.19","186.44","116.73","166.67","20.35","58.8","27.11","31.69","441.96","377.1","315343","75045","19","37251","653191","50110","150805","4258","101286","1565511","-6.8","-3.7","7.2","8.4","6","14.5","73190.4761904762","46.1054421768707","0.727283724500969","0.433218700622734","0.271238033274468","0.387280416395576","0.0732742355237476","0.151777813923227","5.3230242121809","266243367.346939"
"2018","350122","连江县","3.14972681727178","469.48","135.87","203.92","129.69","177.08","27.44","59.3","27.93","31.37",,,"319304","90087","5","29290","706392","62613","155150","5428","94329","1784850",,,"9.1","5.1","19.6","13.5","79170.3204047218","47.0994940978078","0.670896910895412","0.434352901082048","0.276241799437676","0.377183266592826","0.0680122688932436","0.15046263951606","5.31151233941278","300986509.274874"
"2019","350122","连江县","3.42847167895192","591.56","137.64","249.05","204.87","190.04","70.83","60","28.8","31.2",,,"334057","121063","27916","18444","714604","119069","162617","6488","90412","1296801",,,"8.3","4.5","16.8","12.5","98593.3333333333","48","0.579564486941632","0.421005477043749","0.346321590371222","0.321252282101562","0.0564705186287105","0.120799918858611","5.71411946491987","216133500"
"2020","350122","连江县","3.43581838730892","594.85","147.07","221.8","225.98","164.99","69.8","64.1","32.47","31.63",,,"347596","112871","31783","37287","787115","57956","164616","7446","92069","1273625",,,"-9.5","-6.6","-13.5","-1.8","92800.3120124805","50.6552262090484","0.577594080408325","0.3728671093553","0.379894090947298","0.277364041354963","0.0584342271160797","0.132321593679079","5.36009108784543","198693447.73791"
"2021","350122","连江县","3.75832060246848","671.44","173.41","252.95","245.08","184.1","79.57","64.6","32.88","31.72","479.66","77.86","365767","127410","29608","51791","760708","48127","167746","14892","73930","178.06","11.2","-5.4","9.1","-1.6","16","7.7","103938.080495356","50.8978328173375","0.55974034946808","0.376727630167997","0.365006553079948","0.27418682235196","0.0544750089360181","0.113295007744549","5.81783374995121","27563.4674922601"
"2013","350123","罗源县","2.83944058444307","162.49","28.34","110.8","105.17","5.63","23.35","20.5","8.1","12.4","141.15","72.38",,,,,,,,,,"369578","22.2","10.8",,,,"15","79263.4146341463","39.5121951219512","1.74745558769344","0.681888116191766","0.647239830143393","0.0346482860483722",,,"13.8509296802101","180281951.219512"
"2014","350123","罗源县","3.0599131536477","172.67","30.61","114.05","28.01","107.91","6.38","20.8","8.84","11.96","158.06","75.81",,,,,,,,,,"427259","12","4.7",,,,"15.6","83014.4230769231","42.5","1.77211626434685","0.660508484392193","0.16221694561881","0.6249493253026",,,"14.7111209309986","205412980.769231"
"2015","350123","罗源县","3.06980881691312","181.05","33.68","112.02","35.35","105.39","6.87","20.9","9.07","11.83","137.34","90.78","108899","10366","41077","9393","201685","18900","36301","1742","33318","452234","-13.1","19.7","62.24","3.91","58.33","7.4","86626.7942583732","43.3971291866029","1.69555858432097","0.618724109362055","0.195249930958299","0.582104391052195","0.0601485777409555","0.111397404032035","14.6880804636991","216379904.30622"
"2016","350123","罗源县","3.0075113139615","195.54","38.81","117.56","39.18","110.46","7.36","20.9","9.25","11.65","137.82","130.65","88763","23361","11605","12623","254358","22004","34097","1490","42267","491690","0.4","43.9",,,,"8.9","93559.8086124402","44.2583732057416","1.53805426713793","0.601206914186356","0.200368211107702","0.564897207732433","0.0453937813235144","0.130079779073335","14.3900062868971","235258373.205742"
"2017","350123","罗源县","3.09811326124407","224.22","40.11","134.62","49.49","126.6","8.37","21.1","9.6","11.5","167.64","158.65","127210","56821","176","11823","317661","27414","39608","837","72353","583209","21.6","21.4","7.8","10.7","7","12.5","106265.402843602","45.4976303317536","1.38172922185535","0.6003924716796","0.220720720720721","0.564624029970565","0.0567344572295067","0.141673802515387","14.6830012381236","276402369.668246"
"2018","350123","罗源县","3.19679734210596","242.82","43.99","143.34","55.49","134.23","9.48","21.2","10.07","11.13",,,"149474","65330","-65","23613","303730","32664","45011","2153","63736","560479",,,"9.1","14.4","8.4","12.6","114537.735849057","47.5","1.31652966893417","0.590313812700766","0.22852318589902","0.552796310023886","0.0615575323284738","0.125084424676715","15.0792327457828","264376886.792453"
"2019","350123","罗源县","3.39955453201918","303.4","46.18","170.28","86.94","151.31","19.22","22","10.82","11.18",,,"112775","35058","24358","2798","323621","34110","50746","2475","66373","488660",,,"8.8","-2.5","10.1","13.8","137909.090909091","49.1818181818182","1.1204860026431","0.561239288068556","0.286552406064601","0.498714568226763","0.0371704021094265","0.106664798945287","15.4525206000872","222118181.818182"
"2020","350123","罗源县","3.40864814497292","316.61","49.02","171.63","95.96","151.58","20.33","25.6","18.32","7.28",,,"96769","23743","17514","3968","281661","31969","51017","2196","57038","513063",,,"7.6","8.5","-2.5","5","123675.78125","71.5625","1.07660785981899","0.542086478633019","0.303085815356432","0.478759356937557","0.0305641009443795","0.0889614983733931","13.3150318163005","200415234.375"
"2021","350123","罗源县","3.72388989644076","359.06","55.06","184.25","119.74","157.5","27","25.9","18.57","7.33","217.97","16.59","118489","40521","16200","11645","250678","39917","57856","3284","27594","62.82","21.2","-17.9","7.6","14.3","6.9","17.8","138633.204633205","71.6988416988417","1.03712190064077","0.513145435303292","0.333481869325461","0.438645351751796","0.0329997771960118","0.0698150726898011","14.377953268111","24254.8262548263"
"2013","350124","闽清县","2.86405087811531","117.02","20.77","67.37","57.09","10.28","28.88","23.3","8.5","14.8","38.88","32.33",,,,,,,,,,"355976","26.9","39.4",,,,"15","50223.1759656652","36.480686695279","2.44748835935337","0.575713553238763","0.487865322167151","0.0878482310716117",,,"12.2920638545721","152779399.141631"
"2014","350124","闽清县","3.12054811460889","130.35","23.07","74.16","33.12","62.56","11.66","23.6","8.85","14.75","49.4","35.52",,,,,,,,,,"411655","27.1","9.9",,,,"15.6","55233.0508474576","37.5","2.39397630579892","0.568929804372842","0.254085155350978","0.47993862677407",,,"13.22266150258","174430084.745763"
"2015","350124","闽清县","3.08620430275736","141.2","25.49","77.9","37.8","65.39","12.58","23.8","9.11","14.69","62","42.85","81119","11809","17185","12163","219885","15901","48170","2262","31824","437346","25.5","20.6","54.29","8.35","45.94","12.6","59327.731092437","38.2773109243697","2.18569709827009","0.551699716713881","0.267705382436261","0.463101983002833","0.057449716713881","0.155725920679887","12.9672449695687","183758823.529412"
"2016","350124","闽清县","3.06852680439457","148.16","27.68","78.49","41.99","64.84","13.72","23.8","9.33","14.47","77.61","60.34","88080","29571","7514","12014","286980","19147","50640","622","44758","457992","25.2","40.8",,,,"3.4","62252.1008403361","39.2016806722689","2.07108990577387","0.529765118790497","0.283409827213823","0.437634989200864","0.0594492440604752","0.193696004319654","12.8929697663637","192433613.445378"
"2017","350124","闽清县","3.18252873113075","166.23","28.26","75.68","62.29","60.17","15.6","24","9.7","14.3","91.97","73.78","96860","44314","85","11929","351524","21271","55504","889","58197","512390","18.5","22.3","7.3","9.5","6.6","12.4","69262.5","40.4166666666667","1.91453331596628","0.45527281477471","0.374721771040125","0.36196835709559","0.0582686638994165","0.21146844733201","13.2605363797115","213495833.333333"
"2018","350124","闽清县","3.22764516549604","226.33","32.4","115.17","78.77","63.53","51.95","24","9.72","14.28",,,"186888","117943","-2","14852","264849","23358","55975","2597","41668","651724",,,"8.4","6.2","8.7","12.4","94304.1666666667","40.5","1.42607924954537","0.508858746078735","0.348031635222905","0.280696328370079","0.0825732337736933","0.117018954623779","13.4485215229002","271551666.666667"
"2019","350124","闽清县","3.41825457672306","329.17","34.31","180.78","114.07","79.38","103.84","24.5","10.05","14.45",,,"157736","100605","14958","4625","322649","25775","61921","2793","44179","439114",,,"8.8","15.3","7.9","13.8","134355.102040816","41.0204081632653","1.03844657068477","0.549199501777197","0.346538262903667","0.241151988334295","0.0479193122094966","0.098018956770058","13.9520594968288","179230204.081633"
"2020","350124","闽清县","3.41908806358694","344.88","36.19","184.9","123.79","74.53","112.92","25.7","11.26","14.44",,,"160106","93413","14051","9492","351683","28100","65668","1208","45203","454980",,,"5.3","1.9","25.3","3.6","134194.552529183","43.8132295719844","0.991384847943325","0.536128508466713","0.358936441660868","0.21610415216887","0.0464236836000928","0.101972570169334","13.3038446053967","177035019.455253"
"2021","350124","闽清县","3.74216890848745","389.78","38.77","217.56","133.45","88.87","131.42","25.9","11.42","14.48","137.99","45.18","184629","123673","16109","3839","352892","31674","66386","1365","56708","51.19","13","105.2","7.5","20.7","4.9","12.5","150494.208494208","44.0926640926641","0.960072068471305","0.55816101390528","0.342372620452563","0.228000410487968","0.0473674893529683","0.0905361999076402","14.4485286041986","19764.4787644788"
"2013","350125","永泰县","2.85606581941934","108.71","35.44","41.01","10.86","30.15","32.26","24.7","9.2","15.51","62.46","43.91",,,,,,,,,,"383275","0.2","-18.1",,,,"16.1","44012.1457489879","37.246963562753","2.6272337590096","0.377242204029068","0.0998988133566369","0.277343390672431",,,"11.5630195118192","155172064.777328"
"2014","350125","永泰县","3.06705223956449","123.78","39.61","46.27","37.9","12.1","34.18","25","9.63","15.37","77.95","26.4",,,,,,,,,,"442705","24.8","-39.9",,,,"15.5","49512","38.52","2.47782536723581","0.373808369688156","0.306188398772015","0.0977540798190338",,,"12.268208958258","177082000"
"2015","350125","永泰县","3.06249125050108","130.92","39.6","49.49","41.83","12.72","36.77","25.2","9.88","15.32","79.97","34.09","74827","4243","22282","9612","242065","14590","48809","493","49347","484242","2.6","29.1","12.18","6.85","5.32","15.6","51952.3809523809","39.2063492063492","2.3392081045685","0.378017109685304","0.31950809654751","0.0971585701191568","0.0571547509929728","0.18489535594256","12.152743057544","192159523.809524"
"2016","350125","永泰县","2.96689270145522","143.8","44.26","53.33","46.2","13.59","39.75","25.2","10.1","15.1","89.1","43.31","80100","11918","12666","11116","280117","19424","52500","321","44580","525623","11.4","27.1",,,,"9.7","57063.4920634921","40.0793650793651","2.06320772006622","0.37086230876217","0.321279554937413","0.0945062586926286","0.055702364394993","0.194796244784423","11.7733837359334","208580555.555556"
"2017","350125","永泰县","3.09798292815523","165.86","44.41","66.01","55.44","21.04","44.98","25.4","10.49","14.91","111.63","83.8","91019","25382","-35","12110","314271","24690","56096","8864","60494","601511","25.3","93.5","7.5","7.9","7","14.3","65299.2125984252","41.2992125984252","1.86783005435622","0.397986253466779","0.334257807789702","0.126853973230435","0.0548770047027614","0.189479681659231","12.1967831817135","236815354.330709"
"2018","350125","永泰县","3.17091108709709","184.61","46.46","73.7","64.45","22.17","51.53","25.4","10.61","14.79",,,"110338","35667","259","20501","305629","31282","63756","883","51293","666504",,,"8.4","6.3","11.3","12.1","72681.1023622047","41.7716535433071","1.71762693629657","0.399219977249336","0.349114349168517","0.120091002654244","0.0597681599046639","0.165553870321218","12.4839019177051","262403149.606299"
"2019","350125","永泰县","2.71529877851357","282.62","52.94","134.43","95.25","21.69","112.8","25.5","10.74","14.76",,,"122908","37940","21687","6013","316190","35011","66830","1305","61410","427797",,,"8","10.2","4.8","11.5","110831.37254902","42.1176470588235","0.960759598936229","0.47565635836105","0.33702498053924","0.0767461609227939","0.0434887835255821","0.111878140259005","10.6482305039748","167763529.411765"
"2020","350125","永泰县","2.94763974564603","300.31","56.47","139.92","103.92","22.3","117.7","28.2","12.21","15.99",,,"124619","45253","19463","2605","342520","36663","60680","1273","59391","403260",,,"5.2","2.1","7.2","-5.7","106492.907801418","43.2978723404255","0.981532331805811","0.465918550830808","0.346042422829743","0.0742566015117712","0.0414967866537911","0.114055476008125","10.4526232115107","143000000"
"2021","350125","永泰县","3.13968595637337","339.31","60.51","173.36","105.44","19.74","153.68","28.5","12.48","16.02","142.77","82.63","131833","39980","26536","2561","339029","35943","65916","533","55186","43.07","8.5","23.2","6.5","8.1","3.6","-2.5","119056.140350877","43.7894736842105","0.925314890917854","0.51091921841384","0.310748283280776","0.0581768883911467","0.0388532610297368","0.0999171848751879","11.0164419521873","15112.2807017544"
"2013","350128","平潭县","2.85486839239822","155.39","35.32","48.29","8.44","39.85","71.78","40","16.3","23.7","335.71","286.65",,,,,,,,,,"465319","0.9","-1.5",,,,"7.5","38847.5","40.75","1.83722787334978","0.310766458588069","0.0543149494819486","0.25645150910612",,,"7.13717098099555","116329750"
"2014","350128","平潭县","3.09173096113555","171.24","34.34","55.22","81.68","9.34","45.88","42","17.89","24.11","273.95","207.42",,,,,,,,,,"505347","-18.4","-27.6",,,,"8.6","40771.4285714286","42.5952380952381","1.80549577267902","0.322471385190376","0.476991357159542","0.0545433309974305",,,"7.36126419317988","120320714.285714"
"2015","350128","平潭县","3.10682747827927","189.62","35.95","58.47","95.2","9.05","49.42","43","19.03","23.97","343.2","269.56","195421","13071","62638","21768","920017","39144","61934","3218","72754","557281","25.3","30","8.29","1.15","7.14","9","44097.6744186046","44.2558139534884","1.63844925550009","0.30835354920367","0.502056745069086","0.0477270330133952","0.103059276447632","0.485189853390993","7.22518018204481","129600232.55814"
"2016","350128","平潭县","3.02277724779182","205.76","35.82","59.81","110.13","7.45","52.37","44","20.41","23.59","396.81","296.03","264562","48489","33275","30661","918905","44892","80902","387","28239","592980","15.6","9.8",,,,"4.2","46763.6363636364","46.3863636363636","1.46907914453335","0.290678460342146","0.535235225505443","0.0362072317262831","0.128577954898911","0.446590688180404","6.86994829043596","134768181.818182"
"2017","350128","平潭县","3.16216704275019","226.28","33.72","65.34","127.22","6.64","58.7","45","21.78","23.22","464.82","390.58","296708","59465","82","38910","886147","56366","94555","44813","64934","644603","17.1","31.9","-20.1","-3.9","-21.2","8.9","50284.4444444444","48.4","1.39745759357884","0.288757291850804","0.56222379353014","0.0293441753579636","0.13112427081492","0.391615255435743","7.0270378727782","143245111.111111"
"2018","350128","平潭县","3.21584057018648","254.28","34.55","71.85","147.88","6.9","64.95","46","23.09","22.91",,,"384430","75725","-2","57491","898550","67475","95836","88632","51128","685447",,,"3.9","2.9","4.1","9.7","55278.2608695652","50.195652173913","1.2646848238896","0.282562529495045","0.581563630643385","0.0271354412458707","0.151183734465943","0.35337030045619","6.99095776127496","149010217.391304"
"2019","350128","平潭县","3.47897045501529","282.85","35.9","80.64","166.31","7.65","73.18","46","23.69","22.31",,,"455138","121520","48395","32357","953051","80476","102355","92130","57081","659147",,,"3.1","-51.2","16.8","4.7","61489.1304347826","51.5","1.22997010960413","0.285098108538094","0.587979494431678","0.0270461375287255","0.160911437157504","0.336945730952802","7.56297925003324","143292826.086957"
"2020","350128","平潭县","3.47111136071461","301.43","36.03","84.44","180.96","6.56","78.04","39","20.96","18.04",,,"546036","116505","57124","99640","960534","88640","89581","214246","32294","588158",,,"-23.8","-30.2","-23.2","-10.8","77289.7435897436","53.7435897435898","1.15154807441682","0.280131373784958","0.600338387021862","0.0217629300335069","0.181148525362439","0.318659058487874","8.90028554029387","150809743.589744"
"2021","350128","平潭县","3.72975960581244","339.2","40.3","81.45","217.45","11.36","70.32","39","22.07","16.93","211.19","103.98","549251","145639","74206","147804","853167","83109","114991","215341","33578","60.72","-16.5","-5.4","12.1","-20.5","13.5","3.3","86974.358974359","56.5897435897436","1.09957535548716","0.240123820754717","0.641067216981132","0.0334905660377358","0.161925412735849","0.25152329009434","9.56348616874985","15569.2307692308"
"2013","350181","福清市","2.9044546560447","667.82","88.22","341.58","275.07","66.51","238.02","126.2","56.8","69.41","549.41","454.28",,,,,,,,,,"2513462","19.2","14.2",,,,"16.3","52917.5911251981","45.0079239302694","0.434915794082942","0.511485130723848","0.411892426102842","0.0995927046210057",,,"2.3014696165172","199164976.228209"
"2014","350181","福清市","3.14158138808532","728.68","88.27","377.57","262.84","302.65","74.93","127.5","60.31","67.19","642.93","535.45",,,,,,,,,,"2927484","17","17.9",,,,"16.5","57151.3725490196","47.3019607843137","0.431133198123363","0.518156117911841","0.360707031893286","0.415340066970412",,,"2.46398540241986","229606588.235294"
"2015","350181","福清市","3.13035310487535","783.27","90.95","394.19","298.13","313.3","80.89","128.6","62.31","66.29","765.48","658.73","519517","58021","78624","73228","704805","51594","209465","10933","56856","3316737","19.1","23","311.94","136.91","175.04","16.9","60907.4650077761","48.452566096423","0.399651857581083","0.50326196586107","0.380622263076589","0.399989786408263","0.0663266817317145","0.0899823815542533","2.43417815309125","257911119.751166"
"2016","350181","福清市","2.66175172996889","857.85","102.76","421.1","333.99","334.65","86.45","129.3","63.74","65.56","867.52","747.12","566306","111383","44961","60909","791051","64185","200263","11979","61205","3741673","13.3","13.4",,,,"13.5","66345.7076566125","49.2962103634957","0.31028171941119","0.490878358687416","0.389333799615317","0.390103164888967","0.0660145713120009","0.0922132074371976","2.05858602472459","289379195.668987"
"2017","350181","福清市","2.95171735223986","993.41","88.29","508.28","396.84","410.94","97.35","130.5","66.16","64.34","1009.52","845.41","623074","166999","384","86927","880935","84791","207434","13631","80005","4274129","16.4","13.2","11.1","4.5","11.7","14.3","76123.3716475096","50.6973180076628","0.29712982074268","0.511651785264896","0.399472523932717","0.413666059330991","0.0627207296081175","0.0886778872771565","2.26185237719529","327519463.601533"
"2018","350181","福清市","3.15594036820037","1102.14","95.15","543.7","463.29","435.6","108.1","131.6","68.16","63.44",,,"780093","224099","284","106336","1003476","88379","213970","19086","81725","4695317",,,"9","5.3","11.5","11.5","83749.2401215806","51.7933130699088","0.286346595550508","0.493313009236576","0.420354945832653","0.395231095868039","0.0707798464804834","0.091047961239044","2.39813097887566","356787006.079027"
"2019","350181","福清市","3.29585999149467","1150.15","100.55","604.25","445.35","477.77","126.76","133","69.16","63.84",,,"850410","215953","115782","85031","1170408","78607","232567","15442","82179","3079752",,,"8.7","12.6","6.4","10.4","86477.4436090226","52","0.286559143719921","0.525366256575229","0.387210363865583","0.415397991566317","0.0739390514280746","0.101761335477981","2.47809021916892","231560300.75188"
"2020","350181","福清市","3.05078033240921","1228.54","110","619.4","499.15","486.48","133.23","139.4","74.66","64.74",,,"912635","252898","93666","149648","1190642","81266","269253","19001","87086","3180779",,,"8.4","8.2","8.8","3.3","88130.5595408895","53.558106169297","0.248325681899589","0.50417568821528","0.406295277321048","0.395982222801048","0.0742861445292786","0.0969152001562831","2.18850812941837","228176398.852224"
"2021","350181","福清市","3.43304262492256","1414.04","123.52","665.73","624.79","500.6","165.4","141","75.86","65.14","877.37","287.55","1047928","301082","161241","97309","1263551","86202","307131","12390","87732","380.19","15.5","18.7","11.1","2.5","15.9","18.7","100286.524822695","53.8014184397163","0.242782568026545","0.470799977369806","0.44184747249017","0.354021102656219","0.0741087946592741","0.089357514638907","2.43478200349118","26963.829787234"
"2013","350182","长乐市","2.89246737747337","485.06","40.58","325.75","304.7","21.05","118.73","70.2","31.9","38.33","335.76","262.07",,,,,,,,,,"1291414","23.5","20",,,,"19.3","69096.8660968661","45.4415954415954","0.596311255818532","0.671566404156187","0.628169710963592","0.0433966931925947",,,"4.12032389953472","183962108.262108"
"2014","350182","长乐市","3.13992329654511","533.08","42.72","359.22","131.14","335.53","23.78","70.9","32.97","37.93","394.84","310.41",,,,,,,,,,"1516433","17.6","18.4",,,,"17.4","75187.5881523272","46.5021156558533","0.589015400417406","0.673857582351617","0.246004352067232","0.629417723418624",,,"4.42866473419621","213883356.840621"
"2015","350182","长乐市","3.13613790892789","570.36","43.28","373.19","153.89","347.72","25.56","71.5","34","37.5","447.22","343.25","336452","36258","54434","27401","473385","32010","97732","5072","54711","1806634","13.3","10.6","396.58","312.77","83.81","19.9","79770.6293706294","47.5524475524476","0.549852357971788","0.654306052317834","0.269812048530752","0.609650045585244","0.0589894101970685","0.0829975804754892","4.38620686563341","252676083.916084"
"2016","350182","长乐市","3.07246385700997","630.46","51.37","399.11","179.97","371.59","27.62","72.1","36.05","36.05","497.68","389.27","387919","76115","32806","36062","508420","32431","112870","12063","44132","1911598","11.3","13.4",,,,"10","87442.4410540916","50","0.487336842465814","0.633045712654252","0.28545823684294","0.58939504488786","0.0615295181296196","0.0806427053262697","4.2613923120804","265131484.049931"
"2017","350182","长乐市","3.1561669278669","740.31","49.15","470.67","220.48","439.54","31.24","72.9","37.62","35.28","605.61","468.91","424251","123109","47","34265","658720","42920","121330","6321","59695","2126416","21.7","20.5","7.3","9.2","5.9","12.4","101551.440329218","51.6049382716049","0.426330446416623","0.635774202698869","0.297821183017925","0.593724250651754","0.0573072091421161","0.0889789412543394","4.32944708898066","291689437.585734"
"2018","350182","长乐市","3.2730987691807","811.79","53.81","501.53","256.45","465.88","35.77","73.9","39.61","34.29",,,"473603","149936","444","54024","617038","44491","136692","6103","53010","2323210",,,"8.9","7.3","16.1","10","109849.797023004","53.5994587280108","0.403195256061383","0.617807561068749","0.31590682319319","0.573892262777319","0.0583405806920509","0.0760095591224332","4.42909170389811","314372124.492557"
"2019","350182","长乐市","3.47357201275547","951.52","58.44","605.93","287.15","560.91","45.19","75","40.5","34.5",,,"494172","168427","36971","41065","649809","54803","140277","12632","50764","1600436",,,"8.9","7.2","16.6","5.1","126869.333333333","54","0.36505507112362","0.636802169160921","0.301780309399697","0.58948839751135","0.0519350092483605","0.0682916806793341","4.63142935034063","213391466.666667"
"2020","350182","长乐市","3.4859164657976","1003.41","57.76","651.97","293.69","607.46","44.72","79.3","47.59","31.71",,,"511680","175792","45054","44882","783332","60932","148427","24794","64100","1585609",,,"8.3","11.1","7.5","-0.9","126533.41740227","60.0126103404792","0.347406988748129","0.649754337708414","0.292691920550921","0.605395601000588","0.0509941100846115","0.0780669915587845","4.39585935157327","199950693.568726"
"2021","350182","长乐市","3.830556786275","1143.9","70.41","690.31","383.18","636.09","54.39","81","51","30","793.67","224.87","623831","262029","45680","36899","833458","59221","159764","31677","58289","198","24.1","72","8.8","3.3","26.5","24.9","141222.222222222","62.962962962963","0.334868151610718","0.603470583092928","0.334976833639304","0.556071334906897","0.0545354489028761","0.0728610892560538","4.72908245219136","24444.4444444444"
"2013","350203","思明区","2.47000090071573","902.07","0.51","149.55","78.1","71.45","752.01","97","97",,"206.22","101.27",,,,,,,,,,"4063314","2.6","-7.1",,,,"4.1","92996.9072164948","100","0.273814770551701","0.16578536033789","0.0865786468899309","0.0792067134479586",,,"2.54639268115024","418898350.515464"
"2014","350203","思明区","2.55906002599339","979.88","0.3","155.77","823.81","85.98","69.8","98.3","98.3",,"234.28","105.8",,,,,,,,,,"4182807","13.6","4.5",,,,"3.1","99682.6042726348","100","0.261160552924173","0.158968445115728","0.84072539494632","0.0877454382169245",,,"2.60331640487629","425514445.574771"
"2015","350203","思明区","2.21537080184094","1057.66","1.4","147.44","908.83","79.7","67.73","99.1","99.1",,"236.24","111.59","515038","62506","112774","93804","576191","41349","183813","19671","803","4439371","2","8.2","79.67","23.25","56.43","6.2","106726.538849647","100","0.209459637486616","0.139402076281603","0.859283701756708","0.0753550290263412","0.0486959892593083","0.054477904052342","2.23549021376482","447968819.374369"
"2016","350203","思明区","2.77112438224398","1174.35","1.51","147.22","1025.62","78.76","68.46","99.9","99.9",,"274.3","141.81","512000","110974","54214","94742","654540","47292","197075","20950","785","4864002","16.1","27.1",,,,"11.1","117552.552552553","100","0.235970910056114","0.125362966747562","0.873351215566058","0.0670668880657385","0.0435985864520799","0.0557363647975476","2.7738982805245","486887087.087087"
"2017","350203","思明区","2.57547336239587","1323.1","1.74","159.08","1162.28","83.01","76.07","100.7","100.7",,"294.4","209.54","529680","143919","500","95728","842450","51011","199763","20793","800","5298558","7.3","47.8","8.6","7","9","8.3","131390.268123138","100","0.194654475277445","0.120232786637442","0.878452120021162","0.0627390219938024","0.0400332552339203","0.0636724359458847","2.55757036980722","526172591.857001"
"2018","350203","思明区","2.70369478795217","1449.93","2.35","159.21","1288.36","75.37","83.84","101.5","101.5",,,,"557177","162445","282","97335","886380","62096","205621","19279","918","5794274",,,"8","1.9","9.6","10.8","142850.246305419","100","0.186470711548293","0.109805300945563","0.88856703427062","0.0519818198119909","0.0384278551378342","0.0611326064016884","2.66373870734204","570864433.497537"
"2019","350203","思明区","2.87827959579385","1896.46","2.69","313.5","1580.27","82.01","231.49","102.3","102.3",,,,"586246","154760","99934","124777","1003757","78536","229409","38100","1378","8179500",,,"5.1","-0.4","6.2","13.5","185382.209188661","100","0.151771173438609","0.165307994895753","0.833273572867342","0.0432437277875621","0.0309126477753288","0.0529279288780148","2.81356754232048","799560117.302053"
"2020","350203","思明区","2.95181496117325","2053.04","2.99","327.15","1722.9","82.03","245.36","107.4","107.4",,,,"630119","154722","102555","147391","1097800","82492","256170","39035","1103","8236833",,,"4.4","-9.6","7.6","0.7","191158.286778398","100","0.14377776181532","0.159349062853135","0.839194560261856","0.0399553832365663","0.0306919982075361","0.0534719245606515","2.74843106254493","766930446.927374"
"2021","350203","思明区","3.31841124728264","2258.08","3.27","373.73","1881.08","96.52","277.44","106.2","106.2","0","245","137.61","732267","221827","100979","105920","1093038","81601","277911","39716","745","1007.07","2.7","15.2","17.9","-16.6","24.2","22.3","212625.235404896","100","0.146957204673113","0.165507865088925","0.833044001983986","0.0427442783249486","0.0324287447743215","0.048405636647063","3.12468102380663","94827.6836158192"
"2013","350205","海沧区","2.31835225450631","424.46","1.68","294.45","276.88","17.57","128.33","31.2","28.3","2.9","240.8","170.69",,,,,,,,,,"916538","13.8","25.9",,,,"24","136044.871794872","90.7051282051282","0.546188628965347","0.693704942750789","0.65231117184187","0.0413937709089196",,,"7.43061620034074","293762179.48718"
"2014","350205","海沧区","2.50068778207674","483.45","1.36","311.19","170.9","293.1","18.08","32.5","29.54","2.96","293.42","150.5",,,,,,,,,,"1146918","21.8","-11.8",,,,"21.5","148753.846153846","90.8923076923077","0.51725882347228","0.643686006825939","0.353500879098149","0.606267452683835",,,"7.69442394485151","352897846.153846"
"2015","350205","海沧区","2.46033452238019","511.71","1.44","325.54","184.73","294.72","30.82","33.2","30.2","3","369.5","235.4","289028","32821","50617","40376","536923","32940","123390","16089","15929","1415605","25.8","56.1","272.98","151.16","121.81","15.8","154129.518072289","90.9638554216867","0.480806418162668","0.636180649195834","0.361005256883782","0.575951222372047","0.0564827734458971","0.104927204862129","7.41064615174756","426387048.192771"
"2016","350205","海沧区","2.53106297687219","530.04","1.04","313.62","215.37","274.67","38.96","34.16","31.09","3.07","430.22","283.36","342008","75610","24699","43932","526830","42217","121700","15014","13053","1531147","16.4","20.4",,,,"6.2","155163.93442623","91.0128805620609","0.477523012767374","0.591691193117501","0.406327824315146","0.51820617311901","0.064524941513848","0.0993943853294091","7.40943494400524","448228044.496487"
"2017","350205","海沧区","2.57503101998575","602.28","1.95","358.3","242.03","314.79","43.51","35.6","32.43","3.17","431.45","275.25","388345","89591","69","59512","679123","54384","154168","20052","17449","1492508","0.3","-2.9","5.2","7.9","2.3","-5.2","169179.775280899","91.0955056179775","0.427547157465921","0.594906023776317","0.401856279471342","0.522663877266388","0.0644791459122003","0.112758683668726","7.23323320220716","419243820.224719"
"2018","350205","海沧区","2.59400482270452","676.11","1.6","412.35","262.16","361.69","50.66","37.5","34.16","3.34",,,"391030","92996","144","63884","780596","66612","186908","20529","19842","1498523",,,"8.9","9","8.7","0.6","180296","91.0933333333333","0.383666093195563","0.609885965301504","0.387747555871086","0.534957329428643","0.0578352634926269","0.115453994172546","6.91734619387872","399606133.333333"
"2019","350205","海沧区","2.76893037998059","796.87","1.64","480.7","314.53","400.77","79.93","41.6","37.9","3.7",,,"398351","83419","45082","13041","809526","66942","189620","20951","24553","2940909",,,"8.5","8.5","8.5","10.1","191555.288461538","91.1057692307692","0.347475796551582","0.60323515755393","0.394706790317116","0.502930214464091","0.0499894587573883","0.101588213886832","6.65608264418411","706949278.846154"
"2020","350205","海沧区","2.75227442385922","815.75","1.75","458.59","355.41","403.08","55.83","58.6","57.25","1.35",,,"339814","89287","49484","13092","722945","73498","175625","21120","21722","2892921",,,"8.4","13.2","1.3","-1.6","139206.484641638","97.6962457337884","0.337391899952096","0.562169782408826","0.435684952497702","0.494121973643886","0.0416566349984677","0.0886233527428747","4.69671403388945","493672525.59727"
"2021","350205","海沧区","3.03188132434043","938.24","1.64","565.1","371.5","504.92","60.5","61.5","60.1","1.4","425.26","147.09","401350","100239","96783","19137","708629","87098","196844","24793","16800","300.97","15.2","1.7","23.7","32.1","10.7","4","152559.349593496","97.7235772357724","0.323145604998767","0.602297919508868","0.395954126875853","0.538156548431105","0.0427769014324693","0.0755274769781719","4.92988833226086","48938.2113821138"
"2013","350206","湖里区","2.44479433449028","732.16",,"382.51","341","41.51","349.65","98.9","98.9",,"239.35","154.08",,,,,,,,,,"2857344","-10.6","14.8",,,,"15.8","74030.3336703741","100","0.333915310108484","0.522440450174825","0.465745192307692","0.0566952578671329",,,"2.47198618249775","288912436.804853"
"2014","350206","湖里区","2.6408756845113","753.75","1.09","341.51","411.15","316.98","41.83","100.6","100.6",,"320.5","197.36",,,,,,,,,,"3245081","33.9","28.1",,,,"13.5","74925.4473161034","100","0.350364933268498","0.453081260364842","0.54547263681592","0.420537313432836",,,"2.62512493490189","322572664.015905"
"2015","350206","湖里区","2.58340440102715","774.12","0.2","358.68","415.24","329.64","44.42","101.5","101.5",,"315.35","207.19","423331","50963","95063","69126","363844","41124","107938","3518","4140","3505362","-2","4.4","307.33","67","240.33","5.2","76267.9802955665","100","0.333721438669347","0.463339017206635","0.536402624916034","0.425825453418075","0.0546854492843487","0.0470009817599339","2.54522601086419","345355862.068965"
"2016","350206","湖里区","2.43874788772791","819.73",,"343.66","476.07","319.17","42.19","102.4","102.4",,"366.97","280.92","392347","94431","42540","98731","415663","51382","115838","4282","2586","3644909","16.4","35.6",,,,"5","80051.7578125","100","0.297506238362377","0.419235601966501","0.580764398033499","0.38935991119027","0.0478629548753858","0.0507073060641919","2.38158973410929","355948144.53125"
"2017","350206","湖里区","2.83522271079521","956.25",,"408.56","547.7","378.19","50.61","103.3","103.3",,"359.43","308.18","438218","123275","81","102466","655546","60193","121044","5649","3394","3644176","-2.1","9.7","8.3","2.8","9.5","-0.4","92570.1839303001","100","0.296493878253094","0.427252287581699","0.572758169934641","0.395492810457516","0.0458267189542484","0.0685538300653595","2.74464928440969","352775992.255566"
"2018","350206","湖里区","2.99162050103386","1035.84",,"452.9","582.94","407.91","59.4","103.1","103.1",,,,"474773","126475","95","80779","632292","68534","129171","8484","3883","3332780",,,"10","-3.4","11.8","-4.8","100469.4471387","100","0.288811061653717","0.4372296879827","0.5627703120173","0.393796339202966","0.0458345883534137","0.0610414735866543","2.901668769189","323257032.007759"
"2019","350206","湖里区","3.0712901932549","1297.29",,"549.52","747.77","419.19","159.27","102.6","102.6",,,,"495977","119230","93677","89901","584885","72660","137383","8830","3960","4720654",,,"10.5","3.6","11.4","14","126441.520467836","100","0.236746617429788","0.423590716031111","0.576409283968889","0.323127442591865","0.0382317754704037","0.0450851390205737","2.99346022734396","460102729.044834"
"2020","350206","湖里区","2.99502338222204","1395.75",,"545.65","850.09","398.96","173.23","103.9","103.9",,,,"510503","138851","72859","143288","891574","70971","146787","4388","5551","4729376",,,"1.3","-11.6","3","0.2","134335.899903754","100","0.214581650168156","0.390936772344618","0.60905606304854","0.285839154576393","0.0365755328676339","0.0638777718072721","2.88260190781717","455185370.548604"
"2021","350206","湖里区","3.4449274270149","1539.41",,"621.14","918.27","438.92","206.11","102.5","102.5","0","507.34","276.81","555552","154837","92411","97229","812780","74573","161028","5499","3519","526.35","13.7","-4.3","6.1","5.6","6.2","11.3","150186.341463415","100","0.2237823209551","0.403492247029706","0.596507752970294","0.285122222150045","0.0360886313587673","0.0527981499405616","3.3609048068438","51351.2195121951"
"2013","350211","集美区","2.32954887730489","402.17","2.72","234.84","193.72","41.12","164.61","61.7","53.1","8.6","279.57","125.29",,,,,,,,,,"902855","2.3","-12.5",,,,"19.7","65181.5235008104","86.0615883306321","0.579244816198346","0.583932167988662","0.481686848845016","0.102245319143646",,,"3.77560595997551","146329821.71799"
"2014","350211","集美区","2.50051113657188","458.31","2.33","247.72","208.26","206.17","41.54","63.3","54.69","8.61","299.21","146.52",,,,,,,,,,"1075860","7","16.9",,,,"19.4","72402.8436018957","86.3981042654028","0.545593841847631","0.540507516746307","0.454408588073575","0.449848355916301",,,"3.95025456014515","169962085.308057"
"2015","350211","集美区","2.45902542610341","494.11","2.26","251.43","240.42","206.74","44.68","64.4","55.81","8.59","383.25","170.91","284327","21061","79813","46343","532335","30828","155633","17245","54246","1153204","28","16.6","188.82","63.89","124.93","17.5","76725.1552795031","86.6614906832298","0.497667609662506","0.508854303697557","0.48657181599239","0.418408856327538","0.0575432595980652","0.107736131630609","3.81836246289349","179068944.099379"
"2016","350211","集美区","2.63168940337386","547.5","1.81","262.74","282.95","217.11","45.64","65.6","57.07","8.53","377.92","178.01","308165","54976","32010","45731","544084","40102","153133","22003","33745","1241131","-1.4","4.2",,,,"12","83460.3658536586","86.9969512195122","0.480673863629929","0.479890410958904","0.516803652968037","0.396547945205479","0.0562858447488584","0.0993760730593607","4.01172165148454","189196798.780488"
"2017","350211","集美区","2.67725532796966","618.51","2.34","299.41","316.76","250.05","49.36","67.4","58.84","8.56","375.53","206.93","312708","76991","38","58491","564315","44840","159549","21457","41211","1293929","-0.6","16.2","9.3","3.6","11.9","13.2","91767.0623145401","87.299703264095","0.432855625288138","0.484082714911643","0.512133999450292","0.404278022990736","0.0505582771499248","0.0912378134549158","3.97218891390157","191977596.439169"
"2018","350211","集美区","2.71048701988431","686.22","2.77","324.25","359.19","268.64","55.62","70","61.25","8.75",,,"345825","70597","-20","61306","582867","47873","171223","24244","40746","1573433",,,"8.1","11.6","5.9","13.5","98031.4285714286","87.5","0.394988053377096","0.472516102707586","0.523432718370202","0.391477951677305","0.0503956457112879","0.0849387951385853","3.87212431412044","224776142.857143"
"2019","350211","集美区","2.87988432760071","789.37","2.99","386.31","400.06","320.91","65.41","74.8","65.82","8.98",,,"378859","77117","42024","21779","679858","54656","183657","26317","45668","1901865",,,"6.8","0.3","10.9","12.1","105530.748663102","87.9946524064171","0.364833262931288","0.489390273255888","0.506809227611893","0.406539392173505","0.0479951100244499","0.0861266579677464","3.8501127374341","254260026.737968"
"2020","350211","集美区","3.21209495096045","822.41","3.08","400.1","419.23","321.81","78.96","104","93.95","10.05",,,"401568","79993","41989","27930","782300","55530","213221","27547","53317","1928215",,,"6.9","2.1","9.9","1.4","79077.8846153846","90.3365384615385","0.390570998767093","0.486497002711543","0.50975790664024","0.391301175812551","0.0488282000462057","0.0951228705876631","3.08855283746197","185405288.461538"
"2021","350211","集美区","3.35407000403269","876","3.35","448.41","424.24","368.17","80.88","107.8","97.4","10.4","399.37","142.07","475255","87298","43593","18514","846537","65967","256047","27892","53466","225.02","4.3","-28.7","14.2","18.5","11.4","16.7","81261.5955473098","90.3525046382189","0.3828847036567","0.511883561643836","0.484292237442922","0.420285388127854","0.0542528538812785","0.0966366438356164","3.11138219298023","20873.840445269"
"2013","350212","同安区","2.33115200994622","225.85","12.15","122.68","105.18","17.5","91.02","52.3","35.7","16.6","159.92","100.56",,,,,,,,,,"624863","-4.7","-16",,,,"8.3","43183.5564053537","68.2600382409178","1.03216825766935","0.54319238432588","0.465707327872482","0.0774850564533983",,,"4.45726961748799","119476673.040153"
"2014","350212","同安区","2.57270594554381","242.77","10.62","134.16","98","116.43","17.72","53.6","36.77","16.83","161.04","103.58",,,,,,,,,,"670396","0.7","3",,,,"10.2","45292.9104477612","68.6007462686567","1.0597297629624","0.552621823124768","0.403674259587264","0.479589735140256",,,"4.7998245252683","125073880.597015"
"2015","350212","同安区","2.64332318300306","250.89","10.1","137.91","102.88","118.35","19.56","54.4","37.51","16.89","226.92","143.41","140486","18926","29804","14804","361821","23540","96256","4868","28319","770075","40.3","37.5","117.54","76.19","41.34","20.3","46119.4852941176","68.9522058823529","1.05357853362153","0.549683128064092","0.41006018573877","0.471720674399139","0.0559950575949619","0.144214994619156","4.85904996875562","141557904.411765"
"2016","350212","同安区","2.97325337344861","328.84","9.96","197.98","120.9","175.59","22.39","55.54","38.6","16.94","271.76","156.33","166384","45514","18221","21347","478504","33684","113962","18493","33214","1015037","19.8","9",,,,"23.1","59207.7781778898","69.4994598487577","0.904164144705209","0.602055710984065","0.367656002919353","0.533967887118356","0.0505972509427077","0.145512711348984","5.35335501161075","182757832.193014"
"2017","350212","同安区","2.76037533214067","399.06","9.78","252.29","136.98","229.5","22.79","58.1","40.96","17.14","334.29","168.71","200286","63757","39","32907","548935","33680","136746","19928","51643","2099352","23","7.9","11","4.2","21.1","109","68685.0258175559","70.4991394148021","0.691719373563041","0.632210695133564","0.343256653134867","0.57510148849797","0.0501894451962111","0.137557008971082","4.75107630316811","361334251.290878"
"2018","350212","同安区","2.76069718200264","422.65","9.61","250.67","162.37","226.27","24.4","61.1","43.62","17.48",,,"230038","78040","141","41789","569154","41948","150746","31499","37726","2455397",,,"8.1","7.6","8.7","12","69173.4860883797","71.3911620294599","0.653187550456084","0.593091210221223","0.384171300130131","0.535360227138294","0.0544275405181592","0.134663196498285","4.51832599345768","401865302.782324"
"2019","350212","同安区","2.89985610557556","551.23","10.46","298.72","242.05","279.72","19","66.3","47.87","18.43",,,"256692","77109","42781","13791","646202","41757","173373","62283","42642","3650540",,,"6","10",,"8.7","83141.7797888386","72.2021116138763","0.526070080651554","0.541915352937975","0.439108901910273","0.507446982203436","0.0465671316873175","0.117229105817898","4.37384027990281","550609351.432881"
"2020","350212","同安区","2.94003357608345","591.21","11.42","309.41","270.38","283.01","26.66","85.9","64.52","21.38",,,"262568","78243","30325","34243","717475","46759","201438","55112","40273","3946416",,,"8.5","12.4","2.5","8.1","68825.378346915","75.1105937136205","0.497290907813374","0.523350416941527","0.457333265675479","0.478696233148966","0.0444119686744135","0.121357047411241","3.42262348787363","459419790.454016"
"2021","350212","同安区","3.22381098658049","640.36","11.11","340.62","288.64","308.44","32.41","89","66.8","22.2","348.45","137.91","306625","81025","44887","16356","832287","54598","222144","9228","43103","394.84","13.2","7.1","4.7","-3.1","17.8","0.1","71950.5617977528","75.0561797752809","0.503437283181412","0.531919545255794","0.450746455118996","0.481666562558561","0.0478832219376601","0.12997173464926","3.6222595354837","44364.0449438202"
"2013","350213","翔安区","2.26698674277924","331.46","8.93","250.76","217.29","33.47","71.77","31.9","18","13.9","211.41","153.56",,,,,,,,,,"380150","4.9","-5.4",,,,"-0.6","103905.956112853","56.4263322884013","0.68393976430919","0.756531708200085","0.655554214686538","0.100977493513546",,,"7.10654151341455","119169278.996865"
"2014","350213","翔安区","2.52657677742921","355.42","8.03","269.99","77.4","232.17","37.82","32.7","18.54","14.16","253.71","154.33",,,,,,,,,,"401771","20","0.5",,,,"8.2","108691.131498471","56.697247706422","0.710870738120874","0.759636486410444","0.217770525012661","0.653227167857746",,,"7.7265344875511","122865749.235474"
"2015","350213","翔安区","2.5164999528574","377.54","8.53","290.28","78.72","258.29","32","33.4","18.99","14.41","356.39","245.08","144102","12496","34091","16184","334377","20383","93325","3900","27875","400611","40.3","58.4","253.36","87.16","166.2","6.5","113035.928143713","56.8562874251497","0.666551876054829","0.768872172485035","0.208507707792552","0.684139428934682","0.0381686708693119","0.088567304126715","7.53443099657904","119943413.173653"
"2016","350213","翔安区","2.44074677140953","383.82","8.86","279.37","95.59","242.19","37.18","34.4","19.84","14.56","438.64","353.58","159048","28727","17579","22745","347797","27785","101090","4109","27277","538369","23.1","44.3",,,,"17.4","111575.581395349","57.6744186046512","0.635909220835165","0.727867229430462","0.249049033401073","0.630998905737064","0.0414381741441301","0.0906146110155802","7.09519410293468","156502616.27907"
"2017","350213","翔安区","2.50926137144516","452.52","7.65","334.6","110.27","291.8","42.8","35.9","21.07","14.83","586.36","332.99","179797","43919","96","20910","392714","44054","96885","4374","27618","638925","33.7","-5.8","8.2","5.2","9.3","13.6","126050.139275766","58.6908077994429","0.554508391108716","0.739414832493592","0.243679837355255","0.644833377530275","0.0397323875187837","0.0867837885618315","6.98958599288345","177973537.604457"
"2018","350213","翔安区","2.58531754830626","520.66","8.07","380.77","131.83","332.36","48.41","37.8","22.57","15.23",,,"197939","54790","42","21797","417449","51144","118387","4264","23361","769816",,,"8.4","7.5","8.6","15.1","137740.740740741","59.7089947089947","0.49654621985677","0.731321783889679","0.253197864249222","0.638343640763646","0.0380169400376445","0.0801768908692813","6.83946441350862","203655026.455026"
"2019","350213","翔安区","2.76390345042812","663.83","8.71","465.23","189.89","406.34","58.89","41.4","26.16","15.24",,,"208952","50634","29224","6284","519428","59250","139766","5619","20365","1185697",,,"10.4","11.5","10.2","12.5","160345.410628019","63.1884057971015","0.416357117097468","0.700827018965699","0.286052151906362","0.612114547399183","0.031476733501047","0.0782471415874546","6.67609529088918","286400241.545894"
"2020","350213","翔安区","2.79592376379235","705.87","9.66","478.93","217.27","403.28","75.87","58.2","36.04","22.16",,,"224646","50611","26640","29311","498259","61222","143449","5178","25692","1204941",,,"6.9","24.4","3.3","1.6","121283.505154639","61.9243986254295","0.396096131552885","0.678496040347373","0.307804553246348","0.571323331491634","0.0318254069446215","0.0705879269553884","4.8039927212927","207034536.082474"
"2021","350213","翔安区","3.10897457571129","781.79","9.69","533.89","238.21","445.86","88.23","61","43","18","771.01","228.16","266146","59824","34230","15785","590780","71277","175530","2006","17127","129.82","13.7","30.8","6.2","-2","8.2","7.7","128162.295081967","70.4918032786885","0.397673873509675","0.682907174560944","0.304698192609269","0.570306604075263","0.0340431573696261","0.0755676076695788","5.09667963231359","21281.9672131148"
"2013","350302","城厢区","2.09200628454634","233.39","12.15","102.3","70.32","31.98","118.94","42.3","28.4","13.9","160.24","74.54",,,,,,,,,,"1224433","24.9","59.8",,,,"14.2","55174.9408983452","67.1394799054374","0.896356435385552","0.438322121770427","0.301298256137795","0.137023865632632",,,"4.94564133462492","289464066.193853"
"2014","350302","城厢区","2.27678448485335","260.54","11.45","115.06","134.03","79.55","36.83","42.6","28.68","13.92","186.89","86.29",,,,,,,,,,"1475816","16.6","15.8",,,,"19","61159.6244131455","67.3239436619718","0.873871376699681","0.441621248176863","0.514431565210716","0.305327396944807",,,"5.34456451843509","346435680.751174"
"2015","350302","城厢区","2.59604676747138","284.69","10.71","123.8","150.18","86.85","38.37","42.9","29.5","13.4","227.36","90.84","210148","15417","52212","18169","218691","17325","62533","3853","19317","1673641","21.7","5.3","88.14","71.06","17.08","12.7","66361.3053613054","68.7645687645688","0.911885478053806","0.434858969405318","0.527521163370684","0.305068671186203","0.0738164319083916","0.0768172398046998","6.05139106636685","390126107.226107"
"2016","350302","城厢区","2.76691218643636","318.92","11.73","136.85","170.34","99.09","39.34","43.2","30.24","12.96","211.11","95.34","197029","33842","31983","22945","241753","20083","64890","4392","19319","1926604","-7.1","5",,,,"14.9","73824.0740740741","70","0.867588168329474","0.42910447761194","0.534115138592751","0.310704878966512","0.06178007023705","0.0758036498181362","6.40488932045454","445973148.148148"
"2017","350302","城厢区","2.82992020217739","356.36","8.46","146.38","201.52","101.69","45.66","43.3","30.53","12.77","250.56","146.03","212700","49363","1182","27370","248452","19414","64157","3330","25836","2145575","18.7","53.2","8.3","9.4","3.3","13","82300.2309468822","70.5080831408776","0.794118364063697","0.410764395555057","0.565495566281289","0.285357503647996","0.0596868335391177","0.0697193848916826","6.53561247616025","495513856.812933"
"2018","350302","城厢区","2.97242349462468","397.3","8.25","153.68","235.37","101.6","52.71","43.3","30.66","12.64",,,"231741","59796","174","27636","256526","21669","76888","3401","20212","2378479",,,"9.1","8.3","11.5","10.9","91755.1963048499","70.8083140877598","0.748155926157735","0.386810974075006","0.59242386106217","0.255726151522779","0.0583289705512207","0.0645673294739492","6.86471938712397","549302309.468822"
"2019","350302","城厢区","3.15107154618278","475.64","9.86","180.92","284.85","114.5","66.7","43.4","30.81","12.59",,,"243619","55021","29630","4322","272430","21457","78980","3410","21323","5184315",,,"9.9","9.2","12.1","15.5","109594.470046083","70.9907834101382","0.662490864137327","0.380371709696409","0.598877302161299","0.240728281893869","0.0512191993945","0.0572765116474645","7.26053351655018","1194542626.72811"
"2020","350302","城厢区","3.30467836482739","485.85","11.16","170.7","303.99","113.76","57.22","54.7","39.35","15.35",,,"250154","57406","18777","4497","287440","25649","84470","4702","22730","5451448",,,"3.6","4.8","0.2","5.2","88820.8409506399","71.9378427787934","0.680184905799607","0.351343007100957","0.625686940413708","0.234146341463415","0.0514879077904703","0.0591622928887517","6.04145953350528","996608409.506398"
"2021","350302","城厢区","3.68845560979952","538.76","10.41","200.62","327.72","141.23","59.67","54.9","39.71","15.19","286.48","110.76","251258","68917","21762","3895","318369","34418","97715","1805","20654","627.79","10.2","17.5","9.6","7.8","19.1","15.2","98134.7905282331","72.3315118397086","0.684619424196213","0.3723735986339","0.608285693072982","0.262138985819289","0.0466363501373524","0.0590929170688247","6.7184983785055","114351.548269581"
"2013","350303","涵江区","2.21204027240247","345.24","17.75","247.17","227.28","19.89","80.32","47.8","37.4","10.4","216.15","178.96",,,,,,,,,,"873970","33.1","25.8",,,,"11.7","72225.9414225941","78.2426778242678","0.640725371452459","0.715936739659367","0.658324643726104","0.0576120959332638",,,"4.62769931464952","182838912.133891"
"2014","350303","涵江区","2.30080069802987","368.05","15.36","254.81","97.88","236.08","22.68","48.1","37.63","10.47","272.92","228.44",,,,,,,,,,"942279","26.3","27.6",,,,"9.5","76517.6715176715","78.2328482328482","0.625132644485768","0.692324412443961","0.265942127428339","0.64143458769189",,,"4.78336943457353","195900000"
"2015","350303","涵江区","2.36775106159765","401.72","16.02","276.03","109.66","253.81","26.46","48.4","37.88","10.52","327.48","262.37","203230","27380","39095","25243","262504","21799","69468","8005","19854","978696","20","14.9","247.93","179.35","68.58","10.8","83000","78.2644628099174","0.589403331075787","0.68712038235587","0.272976202329981","0.631808224634073","0.0505899631584188","0.0653450164293538","4.89204764792903","202209917.355372"
"2016","350303","涵江区","2.41491294306241","428.72","17.67","288.7","122.35","265.67","27.26","48.6","38.15","10.45","387.63","325.7","202536","43023","26628","29168","282575","28946","70971","4791","19585","1080797","18.4","24.1",,,,"10.5","88213.9917695473","78.4979423868313","0.563284414784104","0.673399888038813","0.285384400074641","0.619681843627542","0.0472420227654413","0.0659113174099645","4.96895667296792","222386213.99177"
"2017","350303","涵江区","2.44655948673374","477.22","13.35","289.97","173.89","261.56","31.04","48.7","38.28","10.42","485.73","402.15","221174","63213","96","33969","270492","30656","74374","3538","17993","1216156","25.3","23.5","8.2","9.3","5.6","10.3","97991.7864476386","78.6036960985626","0.512669101616391","0.60762331838565","0.364381207828674","0.548091027199195","0.046346339214618","0.0566807761619379","5.02373611238961","249724024.640657"
"2018","350303","涵江区","2.70520734160192","524.54","14.22","330.84","179.48","295.92","36.77","48.7","38.28","10.42",,,"238079","74526","111","36409","290386","34666","79409","3515","21153","1322737",,,"8.8","6.5","14.3","8.8","107708.41889117","78.6036960985626","0.515729466123064","0.630724062988523","0.342166469668662","0.564151446982118","0.0453881496168071","0.0553601250619591","5.55484053717027","271609240.246407"
"2019","350303","涵江区","2.80295919496944","545.22","15.44","356.31","173.46","295.58","61.46","48.8","38.36","10.44",,,"234420","77443","37679","3992","296786","42878","79664","6662","28633","1732933",,,"6.9","5","11.2","11.7","111725.409836066","78.6065573770492","0.51409691408412","0.653516011885111","0.318146803125344","0.54212978247313","0.0429954880598657","0.054434173361212","5.74376884215049","355109221.311475"
"2020","350303","涵江区","2.63898568576956","595.12","17.22","391.51","186.39","328.73","63.58","48","38.09","9.91",,,"236016","80700","32598","4331","315526","43182","80507","6884","29542","1630204",,,"3.3","-2.3","14.5","-5.9","123983.333333333","79.3541666666667","0.443437573223814","0.657867320876462","0.313197338351929","0.552375991396693","0.0396585562575615","0.0530188869471703","5.49788684535325","339625833.333333"
"2021","350303","涵江区","2.99560332367822","639.42","17.36","427.07","194.98","361.45","66.32","48.1","38.31","9.79","369.22","83.88","236106","76272","44219","5661","260887","45657","80538","834","20115","157.04","6.4","8.5","6.9","4.1","12.1","-3.7","132935.550935551","79.6465696465697","0.468487586199715","0.667902161333709","0.304932595164368","0.56527790810422","0.0369250258046355","0.0408005692658972","6.22786553779256","32648.6486486486"
"2013","350304","荔城区","2.07756640918083","260.95","17.08","162.35","129.23","33.12","81.52","51","35","16","216.15","128.77",,,,,,,,,,"1134084","25.5","10.4",,,,"14.2","51166.6666666667","68.6274509803922","0.796154975735133","0.622149837133551","0.495228971067254","0.126920866066296",,,"4.07365962584477","222369411.764706"
"2014","350304","荔城区","2.25538937251628","294.78","15.98","179.47","99.33","144.68","37.21","51.3","35.47","15.83","245.01","148.23",,,,,,,,,,"1222488","13.4","15.1",,,,"9.1","57461.9883040936","69.1423001949318","0.765109360375969","0.608826921772169","0.336963158966009","0.490806703304159",,,"4.39647051172764","238301754.385965"
"2015","350304","荔城区","2.37196809950472","330.38","17.11","197.55","115.71","161.27","38.88","51.7","36.38","15.32","281.76","155.96","227795","33456","58490","28331","281051","18007","100375","3321","22875","1483582","15","5.2","155.73","141.33","14.41","14.2","63903.2882011605","70.3675048355899","0.717951479963896","0.597947817664508","0.350233064955506","0.488134874992433","0.0689493916096616","0.0850690114413706","4.58794603385826","286959767.891683"
"2016","350304","荔城区","2.8269790613885","367.61","18.66","215.61","133.34","178.85","39.61","52.1","37.3","14.8","296.97","190.26","224519","49771","31671","32217","283191","15877","100481","3572","21311","1660654","5.4","22",,,,"9.8","70558.5412667946","71.5930902111324","0.769015821492478","0.586518321046761","0.362721362313321","0.486521041320965","0.0610753243926988","0.0770357172002938","5.4260634575595","318743570.057582"
"2017","350304","荔城区","2.82824020916636","408.79","14.75","239.23","154.8","195.76","45.21","52.3","37.97","14.33","362.41","243.96","247326","74921","1561","37773","304208","22588","89671","10325","22763","1886981","22","28.2","8.1","8.4","6.1","12.5","78162.5239005736","72.6003824091778","0.691856505581438","0.585214902517185","0.378678539103207","0.478876684850412","0.0605019692262531","0.0744166931676411","5.40772506532765","360799426.386233"
"2018","350304","荔城区","2.88224544439915","445.08","15.88","244.22","184.98","197.41","48.04","52.3","38.28","14.02",,,"274676","87064","814","36984","306269","25100","91411","12709","23570","2042511",,,"8.8","12.6","-13","8.2","85101.3384321224","73.1931166347992","0.647579186752752","0.548710344207783","0.415610676732273","0.443538240316348","0.0617138491956502","0.0688121236631617","5.51098555334446","390537476.099426"
"2019","350304","荔城区","2.92159812876134","565.79","17.58","309.21","239","242.76","67.06","52.5","38.75","13.75",,,"283776","94747","30782","5350","331825","27198","92088","3453","24687","4497416",,,"9.8","8.7","17.5","1.1","107769.523809524","73.8095238095238","0.516375002874095","0.546510189292847","0.422418211703989","0.429063786917408","0.0501557114830591","0.0586480849785256","5.56494881668827","856650666.666667"
"2020","350304","荔城区","3.08126271557597","548.01","16.52","285.92","245.57","224.18","62.28","67.4","49.98","17.42",,,"275534","94412","27880","5664","341611","32543","94429","4724","27044","4386086",,,"3.3","2.7","7.6","-2.5","81307.1216617211","74.1543026706231","0.562263957879595","0.521742303972555","0.448112260725169","0.409080126275068","0.0502790095071258","0.0623366361927702","4.57160640293171","650754599.406528"
"2021","350304","荔城区","3.23356465363083","618.81","17.42","331.4","269.99","268.17","63.74","67.6","50.67","16.93","367.77","129.15","306217","98435","23502","7590","366318","31449","97762","2224","30037","504.54","7","26.9","9.9","9.5","12.5","15","91539.9408284024","74.9556213017752","0.522545636565477","0.535544028053845","0.436305166367706","0.433364037426674","0.0494848176338456","0.059197168759393","4.78337966513436","74636.0946745562"
"2013","350305","秀屿区","2.15298361743394","263.35","39.38","153.22","112.43","40.79","70.75","57.9","19.7","38.2","373.97","363.93",,,,,,,,,,"509950","33.6","36.7",,,,"9.9","45483.5924006909","34.0241796200345","0.817536972634874","0.58181127776723","0.426922346686919","0.154888931080311",,,"3.71845184358193","88074265.9758204"
"2014","350305","秀屿区","2.3102101864504","302.79","38.02","179.12","85.66","134.5","46.87","58.4","22.14","36.26","489.03","467.73",,,,,,,,,,"555814","30.8","28.5",,,,"6.8","51847.602739726","37.9109589041096","0.762974400228013","0.591565111133129","0.282902341556855","0.444202252386142",,,"3.95583936036027","95173630.1369863"
"2015","350305","秀屿区","2.32039027589643","329.07","40.71","192.9","95.47","143.04","52.25","58.8","23.38","35.42","605.95","585.93","194420","38221","33189","33611","332810","24778","95719","1760","48145","611810","23.9","25.3","133.81","51.8","82.01","13.6","55964.2857142857","39.7619047619048","0.705135769257735","0.58619746558483","0.290120643024281","0.434679551463215","0.0590816543592549","0.101136536299268","3.94624196581025","104049319.727891"
"2016","350305","秀屿区","2.67977561193314","368.86","46.02","211.93","110.91","154.45","59.93","59.2","25.38","33.82","705.9","689.15","178058","38434","17933","33043","344296","24952","98403","2153","41547","682212","16.5","17.6",,,,"11.8","62307.4324324324","42.8716216216216","0.726502090748018","0.574554031339804","0.300683186032641","0.418722550561188","0.0482725153174646","0.0933405628151602","4.5266479931303","115238513.513514"
"2017","350305","秀屿区","2.8102085651437","422.39","56","226.34","140.05","159.84","67.97","59.4","26.37","33.03","770.13","742","222759","54785",,"22397","369438","32775","104883","1556","38252","754838","9.1","7.7","9.1","9.6","8.8","10","71109.4276094276","44.3939393939394","0.665311339080873","0.535855489003054","0.331565614716258","0.378418049669737","0.0527377542081962","0.0874637183645446","4.73099085041027","127077104.377104"
"2018","350305","秀屿区","2.23611667719408","463.92","59","249.55","155.38","173.81","76.82","59.4","27.5","31.9",,,"206142","66518","49","33820","336942","34924","107316","1177","34674","827155",,,"11.3","8","14.2","9.6","78101.0101010101","46.2962962962963","0.482004801947336","0.537916020003449","0.334928435937231","0.374655112950509","0.0444348163476461","0.0726293326435592","3.76450619056242","139251683.501684"
"2019","350305","秀屿区","2.44370104767615","475.22","59.94","242.69","172.59","193.07","50.05","59.6","28.19","31.41",,,"209746","78143","23457","2879","321349","45246","103435","1132","36551","1221254",,,"10.9","9.4","12.1","7.3","79734.8993288591","47.2986577181208","0.514225210991993","0.510689785783427","0.363179159126299","0.406274988426413","0.0441366104120197","0.0676211018054796","4.10016954308079","204908389.261745"
"2020","350305","秀屿区","2.31141305807255","493.5","58.47","257.11","177.91","212.08","45.54","60.4","26.5","33.9",,,"245568","99350","36996","2534","400895","90442","110160","2771","41242","1165672",,,"1","-6.5","7.1","-4.6","81705.298013245","43.8741721854305","0.468371440338916","0.520992907801418","0.360506585612969","0.429746707193516","0.0497604863221884","0.0812350557244174","3.82684281137839","192992052.980132"
"2021","350305","秀屿区","2.51492264509481","527.63","68.57","272.47","186.59","225.01","47.89","60.6","27.5","33.1","577.46","41.69","235712","90928","45398","4208","370329","69322","110005","744","26978","112.74","-7.2","-22.3","3.6","-4.4","9","-3.3","87067.6567656766","45.3795379537954","0.476645119704113","0.516403540359722","0.353637965998901","0.426454144002426","0.0446737296969467","0.0701872524306806","4.15003736814325","18603.9603960396"
"2013","350322","仙游县","2.111715481297","239.92","28.22","118.41","99.74","18.67","93.29","84","31.2","52.8","190.65","127.63",,,,,,,,,,"698909","27.3","4.5",,,,"9.9","28561.9047619048","37.1428571428571","0.880174842154468","0.493539513171057","0.415721907302434","0.0778176058686229",,,"2.51394700154405","83203452.3809524"
"2014","350322","仙游县","2.30727060003522","275.92","29.04","138.31","108.57","118.24","22.04","84.6","33.68","50.92","221.57","137.86",,,,,,,,,,"783867","16.2","8",,,,"11.9","32614.6572104019","39.8108747044917","0.8362099884152","0.50126848361844","0.393483618440128","0.428530008698173",,,"2.72727021280759","92655673.7588653"
"2015","350322","仙游县","2.4016713824248","309.74","30.56","159.01","120.18","137.81","23.5","85.2","35.24","49.96","279.8","211.29","183701","26844","34113","19026","427466","29171","130993","4308","61419","840773","26.3","53.3","127.38","97.72","29.66","8.6","36354.4600938967","41.3615023474178","0.775383025254988","0.513366048944276","0.388002841092529","0.444921547104023","0.0593081293988506","0.13800800671531","2.81886312491174","98682276.9953052"
"2016","350322","仙游县","2.27165374227517","339.32","32.37","169.36","137.59","145.15","26.52","85.9","36.84","49.06","328.12","275.96","184580","35203","17228","13984","473827","27111","135674","3228","57360","881034","17.3","30.6",,,,"8.6","39501.7462165308","42.8870779976717","0.669472398407158","0.499115878816456","0.405487445479194","0.427767299304491","0.0543970293528233","0.139640162678298","2.64453287808518","102565075.669383"
"2017","350322","仙游县","2.31645299204462","359.9","17.66","173.64","168.6","144.78","30.24","86.3","39.7","46.6","403.25","349.14","217748","50988","1387","22116","535935","32810","140346","3158","73143","950558","22.9","26.5","8.1","10.9","-0.6","9.7","41703.3603707995","46.0023174971031","0.643637952777055","0.482467352042234","0.468463462072798","0.40227841066963","0.0605023617671575","0.148912197832731","2.68418654929852","110145770.567787"
"2018","350322","仙游县","2.40003210608119","411.58","18.92","201.63","191.02","166.22","36.45","86.3","42.2","44.1",,,"244605","62725","180","21466","497477","34356","145941","1263","66772","1063337",,,"8.3","3.1","28","11.9","47691.7728852839","48.8991888760139","0.583126513941686","0.48989260897031","0.464113902521988","0.40385830215268","0.0594307303561884","0.120870061713397","2.78103372662942","123214020.857474"
"2019","350322","仙游县","2.6099761632333","533.52","20.83","288.85","223.85","248.62","40.83","86.7","43.44","43.26",,,"262014","79053","18956","17196","566535","42724","146494","1069","81505","3619775",,,"8.2","4.4","19.5","10.2","61536.3321799308","50.1038062283737","0.489199310847447","0.541404258509522","0.419571899835058","0.465999400209927","0.0491104363472785","0.106188146648673","3.01035312945017","417505767.012687"
"2020","350322","仙游县","2.54631726472849","521.49","22.29","257.08","242.11","215.26","42.34","90.5","47.39","43.11",,,"272420","72049","17444","21554","576593","38487","147345","3149","73608","3489238",,,"-0.3","2.3","-6.7","-3.6","57623.2044198895","52.3646408839779","0.488277294814568","0.492972060825711","0.464265853611766","0.412778768528639","0.0522387773495177","0.11056645381503","2.81361023726905","385551160.220994"
"2021","350322","仙游县","2.81005412972768","558.34","22.86","274.92","260.56","231.01","44.35","90.8","48.27","42.53","269.69","43.52","267164","97687","31032","11136","548006","34302","150804","2677","47002","343.64","4.5","-36.4","5.6","8","-1.1","-1.5","61491.1894273128","53.1607929515419","0.503287267565942","0.492388150589247","0.466669054697854","0.413744313500734","0.047849697317047","0.098149156427983","3.0947732706252","37845.8149779736"
"2013","350402_350403","三元区（含原梅列区）","5.59997977439715","317.18","14.6","172.2","148.73","23.47","130.38","37.8","34.1","3.7","232.85","203.41",,,,,,,,,,"1019109","27.55","36.85",,,,"8.75","83910.0529100529","90.2116402116402","1.7655526118914","0.542909388990479","0.468913550665237","0.0739958383252412",,,"14.814761307929","269605555.555556"
"2014","350402_350403","三元区（含原梅列区）","5.91214058269763","337.99","15.32","183.46","139.22","158.82","24.63","37.8","34.23","3.57","277","231.29",,,,,,,,,,"983200","18.95","12.85",,,,"9.1","89415.3439153439","90.5555555555556","1.7492057701996","0.542797124175271","0.411905677682772","0.469895559040208",,,"15.6405835521101","260105820.10582"
"2015","350402_350403","三元区（含原梅列区）","6.04836146108785","348.99","16.39","179.74","152.86","155.83","23.9","37.9","34.43","3.47","319.45","282.91","116826","8514","22447","6730","197351","17793","40559","3111","32259","1060368","15.2","22.15","61.58","11.665","49.915","8.15","92081.7941952507","90.844327176781","1.73310451906583","0.515029083927906","0.438006819679647","0.446517092180292","0.0334754577495057","0.0565491847903951","15.9587373643479","279780474.934037"
"2016","350402_350403","三元区（含原梅列区）","6.28114751779144","378.67","17.76","194.74","166.19","169.34","25.39","38.24","34.91","3.33","373.58","336.38","112427","16014","9566","7397","175401","18383","40202","1958","31689","1129921","17","19.8",,,,"8.55","99024.5815899582","91.2918410041841","1.65873914431865","0.514273641957377","0.43887817888927","0.447196767634088","0.0296899675178916","0.0463202788707846","16.425594973304","295481433.054393"
"2017","350402_350403","三元区（含原梅列区）","6.25500807734548","453.26","13.45","246.41","193.4","218.17","28.23","38.8","35.72","3.08","440.51","402.25","117742","24582","49","6318","233651","19160","48538","3190","38831","1259983","17.9","20","8","0.7","8.65","11.6","116819.587628866","92.0618556701031","1.38000442954275","0.543639412257865","0.426686669902484","0.481335215990822","0.0259767021135772","0.0515490005736222","16.1211548385193","324737886.597938"
"2018","350402_350403","三元区（含原梅列区）","6.37006943613986","503.26","15.27","280.09","207.9","248.01","32.09","39.1","36.2","2.9",,,"121554","28690","-39","8429","192963","17942","46224","1621","26594","1420492",,,"8.85","8.4","8.25","13.35","128710.997442455","92.5831202046036","1.26576112469496","0.556551285617772","0.413106545324484","0.4928068990184","0.0241533203513095","0.0383426062075269","16.2917376883372","363297186.700767"
"2019","350402_350403","三元区（含原梅列区）","7.05629531117715","582.9","18.02","314.92","249.96","251.23","64.03","39.5","36.75","2.75",,,"122545","34339","9406","2758","224627","20411","50716","2423","30319","1923085",,,"8.45","11.35","4.9","12.2","147569.620253165","93.0379746835443","1.2105498904061","0.540264196260079","0.428821410190427","0.431000171556013","0.0210233316177732","0.0385361125407446","17.8640387624738","486856962.025316"
"2020","350402_350403","三元区（含原梅列区）","6.97108664478957","603.26","18.66","310.6","273.99","242.78","68.16","40.8","37.9","2.9",,,"128686","32309","7459","2888","246752","23115","59351","1027","26085","1873260",,,"1.9","4.55","1.5","-2.95","147857.843137255","92.8921568627451","1.15556918157835","0.514869210622286","0.454182276298777","0.402446706229486","0.0213317640818221","0.0409030931936478","17.0859966784058","459132352.941177"
"2021","350402_350403","三元区（含原梅列区）","7.79114225876305","674.39","19.35","338.14","316.9","261.85","76.58","40.88","37.98","2.9","230.29","62.12","117970","35998","10954","3313","211994","23399","59177","1018","23229","200.42","10.1","4.4","4.7","15.6","2.5","7","164968.199608611","92.9060665362035","1.15528733503804","0.501401266329572","0.469906137398241","0.388276813120005","0.0174928453862009","0.0314349263779119","19.0585671691855","49026.4187866928"
"2013","350421","明溪县","2.64856429308783","49.41","13.01","22.11","17.26","4.85","14.29","10.1","4.8","5.3","51.93","47.05",,,,,,,,,,"117037","31.9","33.5",,,,"13.1","48920.7920792079","47.5247524752475","5.36038108295452","0.447480267152398","0.349321999595224","0.0981582675571747",,,"26.2234088424538","115878217.821782"
"2014","350421","明溪县","2.64257443676796","55.21","13.87","25.09","16.25","18.92","6.17","10.1","4.9","5.2","62.73","57.25",,,,,,,,,,"136020","20.8","21.7",,,,"12.4","54663.3663366337","48.5148514851485","4.78640542794414","0.454446658214092","0.294330737185293","0.34269154138743",,,"26.1641033343362","134673267.326733"
"2015","350421","明溪县","2.86004831476409","58.58","14","26.2","18.37","19.73","6.47","10.2","5.07","5.13","76.14","75.41","28286","3783","3834","2005","126044","13850","27573","1729","29323","146826","21.4","31.7","29.52","11.43","18.09","7.9","57431.3725490196","49.7058823529412","4.88229483571883","0.447251621713896","0.313588255377262","0.336804370092182","0.0482861044725162","0.21516558552407","28.0396893604323","143947058.823529"
"2016","350421","明溪县","2.97870786138422","64.53","15.49","27.96","21.08","20.95","7.01","10.22","5.21","5.01","91.05","89.1","28287","5565","1018","1953","136276","13657","30303","2239","30679","154297","19.6","18.2",,,,"5.1","63140.9001956947","50.9784735812133","4.61600474412555","0.433286843328684","0.32666976600031","0.324655199132187","0.0438354253835425","0.211182395784906","29.1458694851685","150975538.16047"
"2017","350421","明溪县","3.03024869310582","73.53","17.94","31.14","24.45","23.38","7.75","10.3","5.4","4.9","106.5","105","30195","8998","24","1926","156960","13272","23397","655","33162","172026","17","17.8","7.6","14.5","3.1","11.5","71388.3495145631","52.4271844660194","4.12110525378189","0.423500611995104","0.332517339861281","0.31796545627635","0.0410648714810282","0.213463892288862","29.4198902243283","167015533.980583"
"2018","350421","明溪县","3.0640012416241","81.61","18.72","35.09","27.79","26.24","8.85","10.3","5.5","4.8",,,"32162","9954","1","2296","153719","15736","28947","1107","32021","189321",,,"8.9","8","9.4","10.1","79233.0097087379","53.3980582524272","3.7544433790272","0.429971817179267","0.340521994853572","0.32152922435976","0.039409386104644","0.188358044357309","29.7475848701369","183806796.116505"
"2019","350421","明溪县","3.1557881616846","107.34","20.04","53.6","33.7","35.68","18","10.3","5.6","4.7",,,"32774","12047","3710","1028","161976","17358","29493","1928","36329","239745",,,"8.9","9.1","8.4","8.2","104213.59223301","54.3689320388349","2.93999269767524","0.499347866592137","0.313955654928265","0.332401714179244","0.0305328861561394","0.150899944102851","30.6387200163553","232762135.92233"
"2020","350421","明溪县","3.08951838563335","111","20.92","53.79","36.29","35.12","18.76","9.9","5.18","4.72",,,"34713","11683","3340","1517","174410","14829","33456","1354","37160","235980",,,"3.6","8.2","1.3","-1.6","112121.212121212","52.3232323232323","2.78334989696698","0.484594594594595","0.326936936936937","0.316396396396396","0.031272972972973","0.157126126126126","31.2072564205389","238363636.363636"
"2021","350421","明溪县","3.39042387764133","121.85","21.6","58.43","41.81","37.61","20.89","9.68","5.19","4.49","72.46","2.4","35887","11322","5108","1066","143138","13080","36093","1386","22951","26.69","16.9","-0.9","3.4","6.8","1.4","13.1","125878.099173554","53.6157024793388","2.78245701899165","0.479524004924087","0.343126795240049","0.308658186294625","0.0294517849815347","0.117470660648338","35.0250400582782","27572.3140495868"
"2013","350423","清流县","2.77610760309997","68.37","13.99","33.81","24.51","9.3","20.57","13.5","5.7","7.8","64.41","57.23",,,,,,,,,,"153081","27.1","26.5",,,,"18.7","50644.4444444444","42.2222222222222","4.06041773160739","0.494515138218517","0.358490566037736","0.136024572180781",,,"20.5637600229627","113393333.333333"
"2014","350423","清流县","2.79568064115697","75.86","15.14","37.4","23.31","27.1","10.31","13.5","5.91","7.59","76.54","71.2",,,,,,,,,,"185829","18.8","24.4",,,,"20.2","56192.5925925926","43.7777777777778","3.68531589923144","0.49301344582125","0.307276562088057","0.35723701555497",,,"20.7087454900516","137651111.111111"
"2015","350423","清流县","2.61829077258851","80.86","15.49","39.69","25.67","27.46","12.23","13.6","6.12","7.48","91.07","89.62","34401","3589","5123","2472","149209","10545","24606","2004","41964","189413","19","25.9","31.95","7.43","24.51","1.9","59455.8823529412","45","3.2380543811384","0.490848379915904","0.317462280484789","0.339599307444967","0.0425439030422953","0.184527578530794","19.252138033739","139274264.705882"
"2016","350423","清流县","2.62712433619316","89.02","17.26","42.31","29.44","29.12","13.2","13.66","6.34","7.32","98.83","98.14","33189","6656","1830","2119","151591","9929","27798","2339","47342","212000","8.5","9.5",,,,"11.9","65168.3748169839","46.4128843338214","2.95116191439358","0.475286452482588","0.330712199505729","0.327117501685015","0.0372826331161537","0.170288699168726","19.2322425782808","155197657.393851"
"2017","350423","清流县","2.64752260846763","104.95","20.75","49.84","34.37","34.99","14.84","13.7","6.59","7.11","115.58","114.6","36169","14703","161","4180","173833","15917","33781","2494","45355","239571","16.9","16.8","8.5","19.1","4.2","13","76605.8394160584","48.1021897810219","2.52265136585768","0.474892806098142","0.327489280609814","0.333396855645545","0.0344630776560267","0.165634111481658","19.3249825435593","174869343.065693"
"2018","350423","清流县","2.56765681443247","117.76","20.91","57.24","39.61","40.11","17.13","13.7","6.8","6.9",,,"39199","15188","25","7226","184330","16363","35710","2812","37252","267463",,,"9.4","15.2","6.6","11.6","85956.2043795621","49.6350364963504","2.18041509377757","0.486073369565217","0.336362092391304","0.340608016304348","0.0332871942934783","0.156530230978261","18.7420205433027","195228467.153285"
"2019","350423","清流县","2.72840314682223","147.18","23.19","81.16","42.83","42.85","38.52","13.6","6.8","6.8",,,"41239","14705","9877","1029","213200","17477","40486","3097","43184","486936",,,"9.3","10.3","7.1","11.5","108220.588235294","50","1.85378661966451","0.551433618698193","0.291004212528876","0.291140100557141","0.0280194319880419","0.144856638130181","20.0617878442811","358041176.470588"
"2020","350423","清流县","2.73043583009009","154.58","24.33","82.8","47.45","42.06","40.96","11.8","5.99","5.81",,,"43495","13227","6241","991","203249","16320","40848","1036","43917","488151",,,"3.2","-8.5","8.2","0.2","131000","50.7627118644068","1.76635776302891","0.535644973476517","0.306960796998318","0.27209212058481","0.0281375339629965","0.131484668133006","23.1392866956787","413687288.135593"
"2021","350423","清流县","3.1129352679977","156.95","25.16","77.75","54.04","32.63","45.25","11.62","5.99","5.63","60.53","8.27","45343","15287","6199","1061","165282","15970","36885","345","28441","53.06","14","291.2","-28.5","-33.3","-26.8","8.7","135068.846815835","51.5490533562823","1.98339297100841","0.495380694488691","0.344313475629181","0.207900605288308","0.0288900923861102","0.105308697037273","26.7894601376738","45662.6506024096"
"2013","350424","宁化县","2.63468259979581","91.05","24.48","39.66","29.49","10.17","26.91","27.5","9.6","17.9","106.31","89.1",,,,,,,,,,"264577","31.1","30.5",,,,"16.4","33109.0909090909","34.9090909090909","2.89366567797453","0.435584843492586","0.323887973640857","0.11169686985173",,,"9.58066399925749","96209818.1818182"
"2014","350424","宁化县","2.64680896898639","101.58","25.83","44.98","30.77","32.01","12.97","27.5","10.59","16.91","127.6","109.11",,,,,,,,,,"302037","20","22.5",,,,"15.6","36938.1818181818","38.5090909090909","2.60563985921086","0.442803701516046","0.302913959440835","0.315121086828116",,,"9.62475988722324","109831636.363636"
"2015","350424","宁化县","2.45093744247125","108.64","25.55","48.13","34.97","32.82","15.31","28.1","11.43","16.67","153.7","138.33","54688","2482","12980","3158","212504","16561","41920","2796","50183","342836","20.5","26.8","32.2","15.14","17.06","13.5","38661.9217081851","40.6761565836299","2.25601752804791","0.443022827687776","0.321888807069219","0.302098674521355","0.0503387334315169","0.19560382916053","8.72219730416815","122005693.950178"
"2016","350424","宁化县","2.67665656744965","118.7","27.68","51.25","39.76","34.68","16.58","28.4","12.13","16.27","175.37","163.59","58051","6886","9619","3785","246683","17892","46652","3023","49265","352141","14.1","18.3",,,,"12.1","41795.7746478873","42.7112676056338","2.25497604671411","0.431760741364785","0.334962089300758","0.292165122156698","0.0489056444818871","0.207820556023589","9.42484706848468","123993309.859155"
"2017","350424","宁化县","2.96950537205623","128.96","23.02","59.66","46.28","41.22","18.45","28.6","12.67","15.93","201.95","179.95","62502","12957","39","3548","254661","17737","51433","3154","43151","392869","15.2","10","8.2","14.3","2.1","11.6","45090.9090909091","44.3006993006993","2.30265615078802","0.462624069478908","0.358870967741935","0.319633995037221","0.0484661910669975","0.197472859801489","10.3828859162805","137366783.216783"
"2018","350424","宁化县","2.87075220418087","145.16","25.58","67.82","51.76","46.98","20.84","28.7","13.1","15.6",,,"66258","16809","7","5517","293841","23632","59173","3852","54459","441723",,,"9.3","15.6","1.9","12.4","50578.3972125436","45.6445993031359","1.97764687529682","0.467208597409755","0.356572058418297","0.323642876825572","0.0456448057316065","0.202425599338661","10.0026209204908","153910452.961672"
"2019","350424","宁化县","3.04055041890748","195.14","28.24","89.11","77.79","49.04","40.56","28.8","13.3","15.5",,,"67141","16219","6241","1156","315575","29124","65429","4051","54843","612128",,,"9.5","10.3","8.9","12","67756.9444444444","46.1805555555556","1.55813796192861","0.456646510197807","0.398636876088962","0.251306754125243","0.0344065798913601","0.161717228656349","10.5574667323176","212544444.444444"
"2020","350424","宁化县","3.09398179155673","201.97","29.22","91","81.75","48.33","43.16","26.2","12.62","13.58",,,"67315","15107","3789","1029","318960","26146","68255","4136","62707","604673",,,"3.8","0.6","8.1","-1.2","77087.786259542","48.1679389312977","1.53190166438418","0.450561964648215","0.404763083626281","0.239292964301629","0.033329207308016","0.15792444422439","11.8090908074684","230791221.374046"
"2021","350424","宁化县","3.46234562564661","226.64","30.37","99.42","96.85","51.56","48.26","26.17","12.62","13.55","102.74","15.62","70056","16722","5041","1311","297912","26852","71712","1564","51594","65.96","17","37.6","3.6","2.4","4.9","9.1","86602.9805120367","48.2231562858235","1.52768515074418","0.438669255206495","0.427329685845394","0.227497352629721","0.0309106953759266","0.131447229085775","13.2302087338426","25204.4325563622"
"2013","350425","大田县","2.23978599869675","135.3","24.97","73.04","65.19","7.85","37.29","31.1","13.9","17.2","157.73","140.79",,,,,,,,,,"340595","31.6","27.9",,,,"14.7","43504.8231511254","44.6945337620579","1.65542202416611","0.539837398373984","0.481818181818182","0.0580192165558019",,,"7.20188424018248","109516077.170418"
"2014","350425","大田县","2.45926872085599","148.68","27.09","79.32","42.27","69.45","9.87","31.1","14.34","16.76","189.98","180.66",,,,,,,,,,"390245","20.4","28.3",,,,"13.8","47807.0739549839","46.1093247588424","1.6540682814474","0.533494753833737","0.284301856335755","0.467110573042776",,,"7.90761646577489","125480707.395498"
"2015","350425","大田县","2.54502997136378","157.22","28.02","81.98","47.22","71.16","10.82","31.3","14.83","16.47","229.26","223.15","68685","8383","10812","5501","202938","18077","54069","5031","39303","437043","20.7","23.5","87.86","10.57","77.29","12","50230.0319488818","47.3801916932907","1.61876985839192","0.521434931942501","0.300343467752194","0.452614171225035","0.0436871899249459","0.129078997583005","8.13108617049131","139630351.4377"
"2016","350425","大田县","2.85496887715645","174.52","32.56","87.52","54.44","76.34","11.18","31.6","15.39","16.21","272.04","267.64","69150","14323","4041","2301","206750","18250","56311","4436","31576","483867","18.7","19.9",,,,"10.7","55227.8481012658","48.7025316455696","1.63589782096977","0.50148980059592","0.31194132477653","0.43742837497135","0.0396229658491863","0.118467797387119","9.03471163657104","153122468.35443"
"2017","350425","大田县","2.72821063817201","202.38","37.55","101.36","63.46","88.72","12.64","31.9","16.11","15.79","319.13","313.02","74247","22866","323","3037","238702","17290","69372","7033","26571","536851","17.3","17","7.8","21.2","5","11","63442.0062695925","50.5015673981191","1.34806336504201","0.50084000395296","0.313568534440162","0.438383239450539","0.0366869255855322","0.117947425634944","8.55238444568028","168291849.529781"
"2018","350425","大田县","2.65896196119089","226.7","40.45","113.7","72.55","99.74","13.96","32.1","16.7","15.4",,,"75053","25061","10","5266","257766","20165","73580","1496","32414","542420",,,"8.6","7.8","8.9","1","70623.0529595016","52.0249221183801","1.17289896832417","0.501543890604323","0.320026466696074","0.439964711071901","0.0331067490074989","0.11370357300397","8.28337059561025","168978193.146417"
"2019","350425","大田县","3.18099961982829","217.81","43.39","115.62","58.79","103.61","12.38","32.2","17","15.2",,,"72148","26209","5524","1468","280108","21455","81628","569","34517","532738",,,"8.3","9.2","4.8","6.8","67642.8571428571","52.7950310559006","1.46044700419094","0.530829622147743","0.269914145356044","0.475689821403976","0.0331242826316514","0.128601992562325","9.87888080692015","165446583.850932"
"2020","350425","大田县","3.54172819585602","228.72","45.11","115.26","68.35","102.41","13.23","30","16.21","13.79",,,"75617","23885","7974","1259","300492","24544","84916","604","35576","545726",,,"4","-2.1","5.6","2.4","76240","54.0333333333333","1.54849956097238","0.503934942287513","0.298837005946135","0.44775271073802","0.0330609478838755","0.131379853095488","11.8057606528534","181908666.666667"
"2021","350425","大田县","3.59816699970868","249.38","46.61","124.13","78.64","109.75","14.68","29.98","16.21","13.77","101.64","5.67","78070","25548","7399","2055","299920","22698","91221","392","37446","60.67","17.7","-48.3","3.7","10.4","2","11.2","83182.1214142762","54.0693795863909","1.44284505562141","0.497754430988852","0.315342048279734","0.440091426738311","0.0313056379821958","0.120266260325608","12.0018912598688","20236.8245496998"
"2013","350426","尤溪县","2.26021740820548","157.05","43.03","70.31","54.99","15.32","43.71","35.3","13.8","21.5","134.85","119.2",,,,,,,,,,"351972","30.1","28.3",,,,"15","44490.0849858357","39.0934844192635","1.43917058784176","0.447691817892391","0.350143266475645","0.0975485514167463",,,"6.40288217621949","99708781.8696884"
"2014","350426","尤溪县","2.46299456658876","176.68","46.63","79.43","50.62","59.95","19.48","35.3","14.3","21","161.19","144.5",,,,,,,,,,"366259","19.5","21.2",,,,"13.9","50050.9915014164","40.5099150141643","1.39404265711386","0.449569843785375","0.286506678741227","0.339314014036676",,,"6.97732171838176","103756090.651558"
"2015","350426","尤溪县","2.60851539382201","188.07","47.51","81.68","58.88","61.93","19.75","35.5","14.83","20.67","192.54","179.35","73357","7752","12731","4116","211093","16980","58174","2850","50582","401410","19.4","24.1","65.23","42.95","22.28","9.6","52977.4647887324","41.7746478873239","1.38699175510289","0.434306375285798","0.313074918913171","0.329292284787579","0.039005157654065","0.112241718509066","7.34793068682256","113073239.43662"
"2016","350426","尤溪县","2.5719582388491","205.78","51.48","86.63","67.67","66.21","20.42","35.81","15.44","20.37","220.85","217.25","73639","17611","5979","3744","238454","20157","65803","3023","42542","445900","14.7","21.1",,,,"11.1","57464.3954202737","43.1164479195755","1.24985821695456","0.420983574691418","0.32884634075226","0.321751384974244","0.0357853046943338","0.115878122266498","7.18223467983552","124518290.980173"
"2017","350426","尤溪县","2.44193418497755","220.06","41.16","99","79.9","76.47","22.53","36.1","16.17","19.93","258.69","254.25","78222","24958","57","5337","288677","20274","71940","653","60760","494041","17.1","17","8","8.8","6.3","10.8","60958.4487534626","44.792243767313","1.10966744750411","0.449877306189221","0.3630827956012","0.347496137417068","0.0355457602472053","0.131181041534127","6.76436062320651","136853462.603878"
"2018","350426","尤溪县","2.50513066726297","246.44","44.45","110.51","91.49","85.51","25","36.2","16.8","19.4",,,"80590","24088","41","6872","294682","22332","74127","680","60891","524682",,,"8.3","8.7","7.2","6.2","68077.3480662983","46.4088397790055","1.01652762021708","0.448425580262944","0.371246550884597","0.346981009576368","0.0327016718065249","0.119575555916247","6.9202504620524","144939779.005525"
"2019","350426","尤溪县","2.75164058585742","215.05","50.19","84.45","80.42","71.39","13.36","36.3","17.2","19.1",,,"81209","26024","5237","2052","303687","22048","75358","821","61263","655118",,,"8.5","15.5","6.1","9.5","59242.4242424242","47.3829201101928","1.27953526429083","0.392699372239014","0.373959544292025","0.331969309462916","0.0377628458498024","0.14121692629621","7.58027709602595","180473278.236915"
"2020","350426","尤溪县","2.889407865719","223.87","52.13","84.47","87.27","70.5","14.27","34.2","16.69","17.51",,,"83698","20465","5163","1976","320830","20802","76362","830","62510","644089",,,"4.1","4.3","3.6","-1.7","65459.0643274854","48.8011695906433","1.290663271416","0.377317193013803","0.389824451690713","0.314914905972216","0.0373868763121454","0.143310850046902","8.44856101087427","188330116.959064"
"2021","350426","尤溪县","3.16280224069042","248.02","53.87","92","102.15","75.92","16.34","34.22","17.21","17.01","76","14.91","89491","21664","4637","1639","308682","21518","81680","366","56900","71.39","18.6","10.5","4.5","3.8","6.4","10.8","72478.0829924021","50.2922267679719","1.27522064377486","0.370937827594549","0.411861946617208","0.306104346423676","0.036082170792678","0.12445851141037","9.24255476531391","20862.0689655172"
"2013","350427","沙县","2.34995014502196","163.81","24.63","87.73","77.18","10.55","51.45","22.8","13.5","9.3","146.27","136.98",,,,,,,,,,"427418","21.8","29.9",,,,"13","71846.4912280702","59.2105263157895","1.43455841830289","0.535559489652646","0.471155607105793","0.0644038825468531",,,"10.3067988816753","187464035.087719"
"2014","350427","沙县","2.69449446641627","179.96","26.04","97.8","56.13","84.46","13.35","22.8","13.82","8.98","171.95","153.47",,,,,,,,,,"433938","17.6","12",,,,"8.4","78929.8245614035","60.6140350877193","1.49727409780855","0.543454100911314","0.311902645032229","0.469326517003779",,,"11.8179581860363","190323684.210526"
"2015","350427","沙县","2.8373813625228","191.16","27.09","102.73","61.34","87.22","15.51","23","14.21","8.79","206.76","192.66","95186","6443","18794","4936","206186","32112","43540","2549","42848","476312","20.2","25.5","95.86","41.66","54.21","9.8","83113.0434782609","61.7826086956522","1.48429659056434","0.537403222431471","0.320883029922578","0.456267001464742","0.0497938899351329","0.107860431052521","12.3364407066209","207092173.913043"
"2016","350427","沙县","2.86264280494924","205.9","29.06","109.94","66.9","93.33","16.61","23.07","14.54","8.53","229.09","214.38","90384","15436","11020","6476","218292","22102","45962","1563","35121","507687","10.8","11.3",,,,"6.6","89250.1083658431","63.0255743389683","1.39030733606083","0.533948518698397","0.32491500728509","0.453278290432249","0.0438970373967946","0.106018455560952","12.4085080405255","220063719.115735"
"2017","350427","沙县","2.93938945796613","228.01","25.09","126.15","76.77","107.74","18.41","23.2","14.96","8.24","269.49","260.43","97123","22460","167","4656","248196","31688","48270","4746","36179","546105","17.6","21.5","8.4","9.8","7.3","7.6","98280.1724137931","64.4827586206897","1.28914936097808","0.55326520766633","0.33669575895794","0.472523134950221","0.0425959387746152","0.108853120477172","12.6697821464057","235390086.206897"
"2018","350427","沙县","2.89165749870697","254.21","27.63","141.28","85.3","120.43","20.85","23.3","15.3","8",,,"102182","24641","828","6269","261818","22695","54881","4633","44987","598091",,,"9.1","2.6","14.3","9.5","109103.004291845","65.6652360515021","1.13750737528302","0.555760985012391","0.335549348963455","0.473742181660832","0.0401959010267102","0.102992801227332","12.4105472047509","256691416.309013"
"2019","350427","沙县","2.88495727634508","314.04","31.42","190.98","91.65","139.53","52.54","23.4","15.5","7.9",,,"99156","24158","6022","2482","275426","47759","58671","1449","45482","948211",,,"8.8","9","8.5","10.2","134205.128205128","66.2393162393163","0.918659176011043","0.608139090561712","0.291841803591899","0.444306457776079","0.0315743217424532","0.0877041141255891","12.3288772493379","405218376.068376"
"2020","350427","沙县","3.43627944548727","323.87","32.41","190.36","101.09","136.59","54.87","25.1","17.62","7.48",,,"104640","28394","6689","3942","279755","19498","61223","929","45672","951798",,,"3","5.3","1.7","0.4","129031.87250996","70.199203187251","1.06100578796655","0.587766696514033","0.312131410751227","0.42174329206163","0.0323092598882268","0.0863787939605397","13.690356356523","379202390.438247"
"2021","350427","沙县","3.68856490878879","354.44","33.08","206.54","114.82","147.08","60.36","25.02","17.62","7.4","93.64","18.96","104815","39263","7743","9670","273837","28926","62263","1744","28902","104.62","18","-12.1","3.9","3.7","4.1","9.9","141662.669864109","70.4236610711431","1.04067399525697","0.58272204040176","0.323947635707031","0.414964450964902","0.0295720009028326","0.0772590565398939","14.7424656626251","41814.548361311"
"2013","350428","将乐县","2.38730967071511","88.27","15.18","47.56","35.88","11.68","25.53","14.9","7.4","7.5","76.16","60.5",,,,,,,,,,"180397","29","29.5",,,,"16.7","59241.610738255","49.6644295302013","2.70455383563511","0.538801404780786","0.406480117820324","0.132321286960462",,,"16.022212555135","121071812.080537"
"2014","350428","将乐县","2.95990610119265","96.95","16.2","52.95","27.8","38.09","14.87","14.9","7.57","7.33","90.45","76.1",,,,,,,,,,"187633","18.8","25.8",,,,"12.6","65067.1140939597","50.8053691275168","3.05302331221521","0.546157813305828","0.2867457452295","0.392882929345023",,,"19.8651416187426","125928187.919463"
"2015","350428","将乐县","2.91894688077527","101.88","16.64","53.98","31.25","38.8","15.19","15","7.8","7.2","108.34","94.07","60828","5197","11006","3413","168689","16188","32135","3399","33965","204304","19.8","23.6","49.44","13.14","36.3","8.9","67920","52","2.86508331446336","0.529839026305457","0.306733411857087","0.380840204161759","0.0597055359246172","0.165576168040832","19.4596458718351","136202666.666667"
"2016","350428","将乐县","3.01406794874527","108.64","17.87","56.99","33.78","40.51","16.48","15.12","8.04","7.08","122.4","112.22","62006","9279","4477","2461","182675","18913","33614","3991","33711","226209","13","19.3",,,,"10.7","71851.8518518519","53.1746031746032","2.77436298669484","0.524576583210604","0.310935198821797","0.372882916053019","0.0570747422680412","0.168147091310751","19.9343118303259","149609126.984127"
"2017","350428","将乐县","3.12500908782954","121.22","16.11","66.46","38.65","48.16","18.3","15.2","8.33","6.87","142.99","132.76","64493","14071","165","2754","206007","23477","39069","5042","34242","252576","16.8","18.3","8.7","25","1.3","11.7","79750","54.8026315789474","2.57796492973894","0.548259363141396","0.318841775284606","0.397294175878568","0.0532032667876588","0.169944728592641","20.559270314668","166168421.052632"
"2018","350428","将乐县","3.09898408921128","137.81","18.21","75.35","44.25","54.33","21.01","15.3","8.5","6.8",,,"64616","14376","280","3351","223014","24288","40173","5606","34285","288470",,,"9.5","18.4","3.3","14.2","90071.8954248366","55.5555555555556","2.24873673115977","0.546767288295479","0.321094260213337","0.394238444234816","0.0468877439953559","0.161827153327044","20.2547979687012","188542483.660131"
"2019","350428","将乐县","3.33784008030531","157.96","19.64","80.92","57.4","59.54","21.66","15.4","8.7","6.7",,,"64629","15939","5983","11330","214377","17861","42464","2587","36481","513835",,,"9.7","10.2","9","12.8","102571.428571429","56.4935064935065","2.11309197284459","0.512281590276019","0.363383134970879","0.376930868574323","0.0409147885540643","0.135716004051659","21.6742862357488","333659090.909091"
"2020","350428","将乐县","3.4207523252305","165.31","20.47","81.66","63.18","58.76","23.18","14.5","8.51","5.99",,,"66380","17396","6569","9687","226844","18974","42871","2607","36948","528242",,,"3.9","0.5","6.5","2.8","114006.896551724","58.6896551724138","2.0692954601842","0.493981005383824","0.382191035025104","0.35545339059948","0.0401548605649991","0.137223398463493","23.5913953464172","364304827.586207"
"2021","350428","将乐县","3.81558742454964","180.48","21.36","89.13","69.99","63.31","26.04","14.34","8.51","5.83","108.87","7.88","70084","16739","6983","3764","198358","21565","39201","2464","24636","58.26","16.2","-16.1","4.4","5.9","3.2","10.3","125857.740585774","59.3444909344491","2.11413310314142","0.493849734042553","0.38779920212766","0.350786790780142","0.0388320035460993","0.109905806737589","26.6080015658971","40627.6150627615"
"2013","350429","泰宁县","2.82051770856681","70.1","14","31.86","24.3","7.56","24.24","11.1","5","6.1","61.43","57.3",,,,,,,,,,"173750","26.1","26.1",,,,"15.1","63153.1531531532","45.045045045045","4.02356306500258","0.454493580599144","0.346647646219686","0.107845934379458",,,"25.4100694465478","156531531.531532"
"2014","350429","泰宁县","3.0552736602324","76.93","14.34","35.47","27.12","26.34","9.13","11.1","5.14","5.96","73.58","70.52",,,,,,,,,,"176099","19.8","23.1",,,,"12.3","69306.3063063063","46.3063063063063","3.97149832345301","0.461068503834655","0.352528272455479","0.342389184973352",,,"27.5249879300216","158647747.747748"
"2015","350429","泰宁县","2.89355388622973","82.98","15.76","36.66","30.55","26.5","10.16","11.2","5.32","5.88","87.35","83.68","30001","2156","6869","1803","127814","9043","22450","734","32694","199543","18.7","18.6","23.84","10.32","13.53","13.3","74089.2857142857","47.5","3.48704975443448","0.441793203181489","0.368161002651241","0.319354061219571","0.0361544950590504","0.154029886719691","25.8353025556226","178163392.857143"
"2016","350429","泰宁县","2.45245827666114","90.27","16.94","38.78","34.56","28.15","10.63","11.31","5.52","5.79","102.38","98.43","26500","4309","1958","1521","142051","11961","22576","436","27312","220530","17.2","17.6",,,,"10.5","79814.3236074271","48.8063660477454","2.71680323104148","0.42960008862302","0.382851445663011","0.311842251024704","0.029356375318489","0.157362357372327","21.6839812260048","194986737.400531"
"2017","350429","泰宁县","2.47391720179718","94.45","11.7","43.13","39.62","31.44","11.69","11.4","5.75","5.65","121.06","118.58","27568","5963","14","2075","158815","12645","23757","409","30973","240117","18.2","20.5","7.9","10.7","5.1","8.9","82850.8771929824","50.4385964912281","2.61928766733423","0.456643726839598","0.419481206987824","0.332874536791953","0.0291879301217575","0.168147167813658","21.7010280859402","210628947.368421"
"2018","350429","泰宁县","2.53582464352881","105.15","13.24","48","43.91","34.63","13.36","11.5","5.9","5.6",,,"28046","6116","-5","1515","160400","13390","24544","826","32635","264518",,,"8.7","16.7","-0.2","10.2","91434.7826086957","51.304347826087","2.41162590920476","0.456490727532097","0.417593913456966","0.329339039467427","0.0266723728007608","0.152543984783642","22.0506490741636","230015652.173913"
"2019","350429","泰宁县","2.72089093363928","99.51","14.51","49.75","35.26","30.4","19.47","11.6","6.07","5.53",,,"27052","6102","2199","460","170666","14990","26683","793","34216","312017",,,"8.5","9.2","7.9","4.8","85784.4827586207","52.3275862068966","2.73428894949179","0.499949753793589","0.354336247613305","0.305496934981409","0.0271852075168325","0.171506381268214","23.4559563244766","268980172.413793"
"2020","350429","泰宁县","2.88692856677325","103.07","14.9","50.21","37.96","29.71","20.62","10.5","6.1","4.4",,,"28596","8240","2050","555","176438","15736","28458","915","35350","304180",,,"2.8","3.8","1.5","-2.5","98161.9047619048","58.0952380952381","2.80093971744761","0.487144658969632","0.368293392839818","0.288250703405453","0.027744251479577","0.171182691374794","27.4945577787929","289695238.095238"
"2021","350429","泰宁县","3.08706239618164","102.16","15.43","45.81","40.92","22.77","23.1","10.26","6.1","4.16","75.63","13.67","29426","7661","2075","455","151546","13929","28919","315","27840","30.08","16.5","140.8","-30.5","-33.3","-29.6","-1.1","99571.1500974659","59.4541910331384","3.0217916955576","0.448414252153485","0.400548159749413","0.22288566953798","0.0288038371182459","0.148341816758027","30.0883274481641","29317.738791423"
"2013","350430","建宁县","2.93320923715839","66.9","16.24","34.12","17.84","16.28","16.54","12.1","4.6","7.5","66.13","61.5",,,,,,,,,,"142763","34.8","34.6",,,,"14.9","55289.2561983471","38.0165289256198","4.38446821697816","0.510014947683109","0.266666666666667","0.243348281016442",,,"24.2413986542016","117985950.413223"
"2014","350430","建宁县","3.00115011430365","74.14","17.25","38.15","18.74","19.4","18.75","12.1","4.85","7.25","78.87","76.55",,,,,,,,,,"162687","19.3","24.5",,,,"15.5","61272.7272727273","40.0826446280992","4.04794997882877","0.514567035338549","0.252765039115187","0.261667116266523",,,"24.8028935066417","134452066.115702"
"2015","350430","建宁县","3.02267796671157","80.09","17.69","40.92","21.48","20.28","20.64","12.2","5.09","7.11","95.44","92.33","28279","1595","5277","3172","137143","9980","24816","2517","36762","186256","21","20.6","28.06","15.01","13.04","14.5","65647.5409836066","41.7213114754098","3.7741015940961","0.510925209139718","0.268198276938444","0.253215132975403","0.0353090273442377","0.171236109376951","24.7760489074719","152668852.459016"
"2016","350430","建宁县","2.8316857416459","87.55","19.12","43.08","25.35","21.63","21.46","12.25","5.26","6.99","112.01","109.48","29985","3476","2216","2675","146667","12903","24742","2215","34358","215808","17.4","18.6",,,,"15.9","71469.387755102","42.9387755102041","3.23436406812781","0.492061679040548","0.289548829240434","0.247058823529412","0.0342490005711022","0.167523700742433","23.1158019726196","176169795.918367"
"2017","350430","建宁县","3.00141284985421","95.31","15.15","48.67","31.49","25.49","23.18","12.3","5.46","6.84","131.52","129.07","31813","6192",,"2407","186882","13348","24894","1758","34871","241212","17.4","17.9","8.5","8.2","8.9","11.8","77487.8048780488","44.390243902439","3.1491059173793","0.510649459657958","0.330395551358724","0.267443080474242","0.0333784492708005","0.196078061063897","24.4017304866196","196107317.073171"
"2018","350430","建宁县","3.07402252768206","107.87","16.92","55.42","35.53","29.12","26.3","12.1","5.6","6.5",,,"32770","7153","4","2107","173620","11466","27006","2684","43356","272714",,,"9","6.9","11.1","13.1","89148.7603305785","46.2809917355372","2.84974740676931","0.513766570872346","0.329377954945768","0.26995457495133","0.0303791601001205","0.160952998980254","25.4051448568765","225383471.07438"
"2019","350430","建宁县","3.21098734350458","132.97","18.56","77.49","36.92","40.44","37.29","12.1","5.7","6.4",,,"33185","8609","3267","584","177346","11942","27770","797","39377","360840",,,"8.6","8.2","9","12.4","109892.561983471","47.1074380165289","2.41482089456613","0.582763029254719","0.277656614273896","0.304128750846056","0.0249567571632699","0.133372941264947","26.5370854835089","298214876.033058"
"2020","350430","建宁县","3.39288871957555","140.29","18.92","79.22","42.15","39.77","39.7","11.5","5.7","5.8",,,"33999","9250","2425","610","186647","13447","32052","757","42574","359870",,,"3.5","1.9","4.9","-0.3","121991.304347826","49.5652173913044","2.41848222936457","0.564687433174139","0.300449069784019","0.283484211276641","0.0242347993442156","0.133043695202794","29.5033801702222","312930434.782609"
"2021","350430","建宁县","3.48948725984934","151.18","19.61","86.57","45","42.73","44.04","11.38","5.7","5.68","66.56","3.42","34294","7904","2937","540","183982","12904","34149","239","45127","39.71","17.9","-10.9","4","2.1","5.5","10.4","132847.100175747","50.0878734622144","2.3081672574741","0.57262865458394","0.297658420425982","0.282643206773383","0.0226842174890859","0.121697314459585","30.663332687604","34894.5518453427"
"2013","350481","永安市","2.23422467503988","270.16","26.83","159.53","144.04","15.49","83.8","34.8","22.2","12.6","185.05","148.04",,,,,,,,,,"684614","21.5","21.4",,,,"13.1","77632.183908046","63.7931034482759","0.827000545987518","0.590501924785312","0.533165531536867","0.0573363932484454",,,"6.42018584781575","196728160.91954"
"2014","350481","永安市","2.39810044804679","297.23","27.14","176.92","93.17","158.54","18.38","34.8","22.65","12.15","220.06","182.52",,,,,,,,,,"724505","18.9","23.3",,,,"14.5","85410.9195402299","65.0862068965517","0.806816420969212","0.595229283719678","0.313460956161895","0.53339164956431",,,"6.89109324151376","208191091.954023"
"2015","350481","永安市","2.38508902135204","314.58","27.94","183.44","103.2","163.5","19.95","35","23.23","11.77","258.59","236.94","172142","17465","22610","12276","250258","45485","58675","11877","34938","800345","17.5","29.8","168.9","55.27","113.63","10.5","89880","66.3714285714286","0.758182027259215","0.583126708627376","0.328056456227351","0.519740606522983","0.0547212155890394","0.0795530548668065","6.81454006100583","228670000"
"2016","350481","永安市","2.61833266002616","337.24","30.37","193.01","113.86","171.57","21.44","35.32","23.84","11.48","284.47","271.09","174391","34762","8798","8939","276620","48439","62788","13315","37386","857980","10","14.4",,,,"11.3","95481.3137032842","67.4971687429219","0.776400385489906","0.572322381686633","0.337623057763017","0.508747479539794","0.0517112442177678","0.0820246708575495","7.41317287663126","242916194.790487"
"2017","350481","永安市","2.86010268288781","380.52","28.13","223.34","129.05","199.84","23.5","35.5","24.57","10.93","314.93","303.23","176108","46211","196","11069","291511","51593","66490","13119","31888","958987","10.7","11.9","8.1","7.5","8.4","11.8","107188.732394366","69.2112676056338","0.75163005436976","0.586933669715127","0.339141175233891","0.525176074844949","0.0462808787974351","0.0766085882476611","8.05662727574031","270137183.098592"
"2018","350481","永安市","2.96756339332106","427.76","32.6","253.41","141.75","227","26.42","35.7","25","10.7",,,"180391","52156","189","12297","309236","46101","71409","2967","40385","1075069",,,"8.8","6.2","10","12.1","119820.728291317","70.0280112044818","0.693744948878123","0.592411632691229","0.331377407892276","0.530671404525902","0.0421710772395736","0.072291939405274","8.31250250229989","301139775.910364"
"2019","350481","永安市","3.05804555844928","431.65","35.93","264.93","130.8","220.67","44.75","35.8","25.2","10.6",,,"182449","51799","19378","2676","325338","57105","72152","6115","41131","1256195",,,"9.1","11.1","4.3","7.8","120572.625698324","70.391061452514","0.70845489596879","0.613761149079115","0.30302328275223","0.511224371597359","0.042267809567937","0.0753707865168539","8.542026699579","350892458.100559"
"2020","350481","永安市","3.08636917973366","446.26","37.49","262.53","146.24","216.06","46.97","34.5","24.84","9.66",,,"189995","49845","18723","26186","337787","39465","72550","3313","48766","1281163",,,"2.9","5.5","1.9","2","129350.724637681","72","0.691607847383512","0.588289338054049","0.327701340025994","0.484157217765428","0.0425749563035002","0.0756928696275714","8.94599762241641","371351594.202899"
"2021","350481","永安市","3.36917854147883","487.99","38.65","285.43","163.91","233.34","52.5","34.45","24.85","9.6","95.56","7.74","200224","57368","18129","38739","310661","47924","74521","2329","14821","141.01","17.4","-29","4.2","-3.1","6.9","10.1","141651.669085631","72.133526850508","0.690419586769981","0.584909526834566","0.335888030492428","0.47816553617902","0.0410303489825611","0.0636613455193754","9.77990868353797","40931.7851959361"
"2013","350502","鲤城区","2.40029049406217","320.17","0.13","186.72","171.49","15.23","133.32","42","42",,"99.41","74.7",,,,,,,,,,"2422082","15.3","23",,,,"15.4","76230.9523809524","100","0.749692505251013","0.58319018021676","0.535621700971359","0.0475684792454009",,,"5.71497736681469","576686190.47619"
"2014","350502","鲤城区","2.60092322262438","340.19","0.12","197.57","142.51","180.96","16.86","42.7","42.7",,"115.82","75.78",,,,,,,,,,"2705073","16.5","1.4",,,,"11.7","79669.7892271663","100","0.764550169794638","0.580763690878627","0.41891296040448","0.531938034627708",,,"6.0911550881133","633506557.377049"
"2015","350502","鲤城区","2.60067054779363","376.55","0.11","219.59","156.86","201.74","18.13","43.2","43.2",,"130.2","96.33","114489","15170","24153","18610","122172","12393","32630","2902","2436","3336056","12.4","27.1","195.84","170.1","25.74","9.3","87164.3518518519","100","0.690657428706315","0.583162926570177","0.41657150444828","0.535758863364759","0.0304047271278715","0.032445093613066","6.02007071248525","772235185.185185"
"2016","350502","鲤城区","2.56254597231023","410.11","0.13","235.95","174.04","216.93","19.33","43.7","43.7",,"145.11","113.72","108996","28706","10288","14739","122955","11393","37338","3040","2365","3703620","11.5","18",,,,"9.9","93846.6819221968","100","0.624843571800305","0.575333447123942","0.424373948452854","0.528955646046183","0.0265772597595767","0.0299809807124918","5.86394959338725","847510297.482837"
"2017","350502","鲤城区","2.63500238180272","464.96","0.12","266.25","198.59","244.98","21.42","43.9","43.9",,"156.87","112.91","104270","42735","130","18416","127210","12210","40636","2919","2101","4172850","8.1","-0.7","7.5","6.6","12.7","12.1","105913.439635535","100","0.566715928639608","0.572629903647626","0.427112009635237","0.5268840330351","0.0224255849965588","0.0273593427391604","6.00228332984674","950535307.517084"
"2018","350502","鲤城区","2.72304768150424","526.77","0.13","295.14","231.51","271.48","23.77","44.3","44.3",,,,"106129","43818","78","18354","136873","12302","45400","3474","2380","4560089",,,"9.2","9.3","8.8","13.3","118909.706546275","100","0.516932946353103","0.56028247622302","0.43948972037132","0.515367238073543","0.0201471230328227","0.0259834462858553","6.1468344954949","1029365462.75395"
"2019","350502","鲤城区","2.89544807783231","648.41","0.19","341.88","306.34","314.86","27.14","44.5","44.5",,,,"112443","42308","12898","3212","155154","14499","48182","7363","2536","3686149",,,"8.1","7.3","11.9","5.1","145710.112359551","100","0.446545870333941","0.527258987369103","0.472447988155642","0.485587822519702","0.0173413426689903","0.0239283786493114","6.50662489400519","828348089.88764"
"2020","350502","鲤城区","2.90420761648202","621.85","0.21","304.07","317.57","277.61","26.56","42.8","42.8",,,,"122752","41314","11976","3616","146419","15520","49564","3551","2636","3397741",,,"-8","-7.9","-8.1","-7.8","145292.056074766","100","0.467027034892984","0.48897644126397","0.510685856717858","0.446425986974351","0.019739808635523","0.0235457103803168","6.78553181421033","793864719.626168"
"2021","350502","鲤城区","3.17937966136628","705.01","0.15","347.58","357.28","314.77","32.9","42.9","42.9","0","86.46","50.02","135489","38726","16497","6039","203466","20829","57925","6700","8199","419.74","15.2","-15.9","10.5","8.8","16.6","23.5","164337.995337995","100","0.450969441762001","0.493014283485341","0.506772953575127","0.446475936511539","0.0192180252762372","0.0288600161699834","7.4111414017862","97841.4918414918"
"2013","350503","丰泽区","2.34993661988254","413.36","1.46","166.12","119.74","46.38","245.78","54.8","54.8",,"190.71","58.15",,,,,,,,,,"2209670","23.1","-29.2",,,,"15.1","75430.6569343066","100","0.56849637601184","0.401877298238823","0.289674859686472","0.112202438552351",,,"4.28820551073456","403224452.554745"
"2014","350503","丰泽区","2.53757671875049","442.25","1.32","174.61","266.32","123.11","51.51","55.6","55.6",,"240.56","87.05",,,,,,,,,,"2427675","26.1","49.7",,,,"9.9","79541.3669064748","100","0.573787839174786","0.394821933295647","0.602193329564726","0.278371961560203",,,"4.5639869042275","436632194.244604"
"2015","350503","丰泽区","2.63989670077691","480.49","1.46","183.47","295.56","128.01","55.47","56.5","56.5",,"276.83","81.46","223972","18251","66684","26434","188550","14642","50297","3802","12200","2124586","15.1","-6.4","76.58","36.84","39.74","12.3","85042.4778761062","100","0.549417615512687","0.381839372307436","0.615122062894129","0.26641553414223","0.0466132489750047","0.0392411912838977","4.67238354119807","376032920.353982"
"2016","350503","丰泽区","2.89128792329344","518.18","1.47","180.03","336.68","120.85","59.19","57.1","57.1",,"295.33","115.11","216975","37375","31117","23913","187039","17524","48909","3847","8770","2468390","6.7","41.3",,,,"15.9","90749.5621716287","100","0.557969802634884","0.347427534833456","0.649735613107414","0.233220116561813","0.0418725153421591","0.0360953722644641","5.06355152941058","432292469.352014"
"2017","350503","丰泽区","2.97502705510965","590.96","1.24","190.43","399.29","124.62","65.82","57.9","57.9",,"222.23","111.45","207122","63057","152","30363","226010","24901","56537","4367","6600","2487417","-24.7","-3.2","5.4","1.6","9.2","13.2","102065.630397237","100","0.503422745212815","0.322238391769325","0.675663327467172","0.210877216732097","0.0350483958305131","0.0382445512386625","5.13821598464534","429605699.481865"
"2018","350503","丰泽区","3.38720785139945","659.97","1.78","196.73","461.45","123.69","73.04","58.3","58.3",,,,"224014","62254","169","44050","223159","21141","59403","5068","11547","2773364",,,"3.2","-0.4","6.5","12.6","113202.401372213","100","0.513236639756269","0.298089307089716","0.699198448414322","0.187417609891359","0.0339430580177887","0.0338135066745458","5.80996200926149","475705660.377358"
"2019","350503","丰泽区","3.55199113990709","723.85","1.84","155.34","566.67","90.53","64.96","60.3","60.3",,,,"200597","62315","26915","8808","235792","21866","61568","10065","7735","5293524",,,"-2.3","-4.2","0.9","11.4","120041.459369818","100","0.490708177095681","0.214602472888029","0.782855563998066","0.125067348207502","0.0277125094978241","0.0325747047040133","5.89053257032685","877864676.616916"
"2020","350503","丰泽区","3.5445244683401","763.92","1.69","148.76","613.47","83.65","65.24","70.1","70.1",,,,"160809","45183","21661","7115","270333","23872","62763","10969","5864","5239187",,,"-4.3","-11.8","3.8","-1","108975.7489301","100","0.463991578743861","0.194732432715468","0.803055293748037","0.109500994868573","0.0210505026704367","0.0353876060320452","5.05638297908716","747387589.158345"
"2021","350503","丰泽区","3.6655210361063","807.48","1.91","152.22","653.35","92.86","59.47","72","72","0","178.91","108.61","178730","47809","20104","8945","225335","17850","69592","11073","3549","559.87","-2.8","4.3","9.8","10.4","9.2","6.9","112150","100","0.45394573687352","0.188512408976074","0.809122207361173","0.114999752315847","0.0221342943478476","0.0279059543270422","5.09100143903653","77759.7222222222"
"2013","350504","洛江区","2.39468625848505","123.79","3.83","91.26","82.05","9.21","28.7","20.2","10.6","9.6","60.83","40.03",,,,,,,,,,"231668","20.7","47.1",,,,"17.9","61282.1782178218","52.4752475247525","1.93447472209795","0.737216253332256","0.662816059455529","0.0744001938767267",,,"11.8548824677478","114687128.712871"
"2014","350504","洛江区","2.5913386292734","132.89","3.9","98.6","30.39","88.41","10.19","20.8","11.23","9.57","74.27","42.28",,,,,,,,,,"258077","22.1","5.6",,,,"11.4","63889.4230769231","53.9903846153846","1.94998768099436","0.741967040409361","0.228685378884792","0.665287079539469",,,"12.4583587945837","124075480.769231"
"2015","350504","洛江区","2.6216970356239","141.58","3.86","104.73","33","93.71","11.01","20.9","11.49","9.41","85.45","65.65","93319","11110","23963","9667","120800","16108","27478","3149","19927","278837","15","55.3","85.2","67.74","17.46","11","67741.6267942584","54.9760765550239","1.85174250291277","0.739723124735132","0.233083768893912","0.661887272213589","0.0659125582709422","0.0853227857041955","12.5440049551383","133414832.535885"
"2016","350504","洛江区","2.68043472418438","154.59","4.33","113.88","36.39","102.1","11.77","21.2","11.98","9.22","100.35","80","94500","22711","8358","11008","133165","15327","28851","3366","13355","324635","17.4","21.9",,,,"15.8","72919.8113207547","56.5094339622642","1.7338991682414","0.73665825732583","0.235396856200272","0.660456691894689","0.0611294391616534","0.0861407594281648","12.6435600197376","153129716.981132"
"2017","350504","洛江区","2.83567257649373","175.95","3.66","127.98","44.31","114.84","13.14","21.5","12.38","9.12","117.23","84.42","101520","39145","53","15993","148118","14447","37228","4218","14443","402451","16.8","5.5","9.9","8.5","15.4","22.3","81837.2093023256","57.5813953488372","1.611635451261","0.727365728900256","0.251832907075874","0.652685421994885","0.0576982097186701","0.084181869849389","13.1891747743894","187186511.627907"
"2018","350504","洛江区","3.03757555945933","200.56","4.14","145.23","51.19","129.91","15.32","21.8","12.77","9.03",,,"117009","43895","1072","18875","158082","18030","40169","4243","14453","517048",,,"11","8","23.8","13.3","92000","58.5779816513761","1.51454704799528","0.724122457120064","0.255235341045074","0.647736338252892","0.0583411447945752","0.0788203031511767","13.9338328415566","237177981.651376"
"2019","350504","洛江区","3.11334753752805","282.1","5.2","183.47","93.43","154.78","28.69","21.9","13.05","8.85",,,"119918","46366","16042","2715","173601","21587","40686","4437","15576","658180",,,"12.9","13.3","11.6","14.1","128812.785388128","59.5890410958904","1.10363259040342","0.650372208436724","0.331194611839773","0.548670684154555","0.042509039347749","0.061538816022687","14.2161988014979","300538812.785388"
"2020","350504","洛江区","3.24024666438317","284.94","5.41","183.6","95.94","155.12","28.48","24.8","14.55","10.25",,,"128161","48996","13022","2557","169800","22418","43900","4777","14171","682666",,,"3.4","5.4","-2.5","3.7","114895.161290323","58.6693548387097","1.13716805797121","0.644346178142767","0.336702463676563","0.544395311293606","0.0449782410332","0.0595914929458833","13.0655107434805","275268548.387097"
"2021","350504","洛江区","3.59959217012599","333.13","5.2","207.47","120.46","179.39","28.08","25.5","15.68","9.82","121.33","57.72","154047","54149","21967","2699","166076","20808","44713","4675","10957","85.45","4.3","15.8","13.5","13.2","14.4","25.2","130639.215686275","61.4901960784314","1.08053677847267","0.622789901840123","0.361600576351574","0.538498484075286","0.0462423078077627","0.0498532104583796","14.1160477259843","33509.8039215686"
"2013","350505","泉港区","2.36040690576801","297.88","10.46","211.87","182.04","29.83","75.55","32.3","14.3","18","136.85","121.7",,,,,,,,,,"655993","31.2","24.1",,,,"11.3","92222.9102167183","44.2724458204334","0.792401942315029","0.711259567611119","0.61111857123674","0.100140996374379",,,"7.30776131816721","203093808.049536"
"2014","350505","泉港区","2.56840079068219","344.38","10.43","250.89","83.06","217.89","33","32.4","15.07","17.33","165.5","149.54",,,,,,,,,,"741000","20.9","22.9",,,,"13","106290.12345679","46.5123456790123","0.745804283257503","0.728526627562576","0.241187060804925","0.632702247517277",,,"7.92716293420429","228703703.703704"
"2015","350505","泉港区","2.54085833397994","333.4","10.52","230.8","92.08","195.26","35.54","32.5","15.69","16.81","196.12","181.18","216415","75883","16715","16812","261713","20993","69595","6208","27018","702753","18.3","21.2","303.78","50.42","253.35","14.4","102584.615384615","48.2769230769231","0.762105079178147","0.692261547690462","0.276184763047391","0.585662867426515","0.0649115176964607","0.078498200359928","7.8180256430152","216231692.307692"
"2016","350505","泉港区","2.52989770193232","407.39","11.6","294.91","100.88","257.02","37.89","32.9","16.38","16.52","227.64","208.21","299991","154193","7703","28789","302151","22727","78094","9270","24282","798598","16.1","14.9",,,,"13.1","123826.747720365","49.7872340425532","0.621001424171511","0.723900930312477","0.24762512580083","0.630894229117062","0.0736373008664916","0.0741675053388645","7.6896586684873","242734954.407295"
"2017","350505","泉港区","2.60203073082844","526.89","9.29","402.79","114.81","360.77","42.02","33.4","17.23","16.17","264.62","239.2","324303","189015","347","38534","350199","24988","75760","9621","32442","894005","16.2","14.9","9.5","12.9","8.5","11.5","157751.497005988","51.5868263473054","0.493847051723973","0.764466966539505","0.217901269714741","0.684715974871415","0.0615504184934237","0.0664652963616694","7.79051117014503","267666167.664671"
"2018","350505","泉港区","2.67120689323714","654.11","11.46","511.19","131.46","461.96","49.23","33.6","17.64","15.96",,,"351635","141063","77","85675","357334","27630","82175","9662","28636","1070804",,,"7.9","20.6","4.6","14","194675.595238095","52.5","0.408372734438724","0.781504639892373","0.20097537111495","0.70624206937671","0.0537577777438046","0.0546290379294003","7.95002051558673","318691666.666667"
"2019","350505","泉港区","2.82839704738963","720.99","11.08","576.54","133.37","510.66","66.02","33.6","18.04","15.56",,,"253158","116842","19542","4158","329826","28968","82313","6696","29505","1588846",,,"7.8","-1.4","10.3","11.9","214580.357142857","53.6904761904762","0.392293519659029","0.79965048058919","0.184981761189476","0.70827612033454","0.0351125535721716","0.0457462655515333","8.41784835532628","472870833.333333"
"2020","350505","泉港区","2.84004063629757","734.44","10.85","587.19","136.41","517.75","69.58","35.5","19.76","15.74",,,"255767","120493","21557","3920","359112","28072","86352","21854","34338","1338702",,,"5.1","-58.4","23.3","-15.7","206884.507042254","55.6619718309859","0.386694711112898","0.799507107456021","0.185733347856871","0.704958880235281","0.0348247644463809","0.0488960296280159","8.00011446844386","377099154.929577"
"2021","350505","泉港区","3.14550539055664","657.8","11.76","497.03","149.01","436.99","60.13","35.9","20.28","15.62","112.13","23.31","280648","123264","52531","5526","270777","23157","78052","3973","11567","150.64","-5.6","-43.3","-20.4","-14.4","-21.3","12.5","183231.197771588","56.4902506963788","0.478185678102256","0.755594405594406","0.226527820006081","0.664320462146549","0.042664639708118","0.0411640316205534","8.76185345558953","41961.0027855153"
"2013","350521","惠安县","2.39931150890066","619.87","28.39","408.25","348.35","59.9","183.23","96.9","50.9","46","395.33","360.78",,,,,,,,,,"1637430","27.2","25.5",,,,"10.6","63970.0722394221","52.5283797729618","0.387066886427906","0.658605836707697","0.561972671689225","0.0966331650184716",,,"2.47606966862813","168981424.148607"
"2014","350521","惠安县","2.5996502444406","691.81","27.85","465.49","198.46","399.1","66.45","98.4","53.04","45.36","360.02","288.34",,,,,,,,,,"1795386","-8.9","-20.1",,,,"9.7","70305.8943089431","53.9024390243902","0.375775175906766","0.672858154695653","0.286870672583513","0.57689249938567",,,"2.64192098012256","182457926.829268"
"2015","350521","惠安县","2.59967264357746","749.7","28.97","502.52","218.21","431.06","71.52","99.5","54.88","44.62","434.5","386.87","252934","30388","49055","43535","403344","34296","115058","7206","42728","2212322","20.3","34.2","411.09","223.1","187.98","11.1","75346.7336683417","55.1557788944724","0.346761723833195","0.670294784580499","0.291063091903428","0.574976657329598","0.0337380285447512","0.0538007202881152","2.61273632520348","222343919.59799"
"2016","350521","惠安县","2.56154138081137","819.23","30.29","548.97","239.97","472.73","76.31","100.3","56.54","43.76","490.27","429.37","340789","112690","17901","65022","498766","33406","128923","7601","47937","2496185","12.8","11",,,,"9.2","81677.9661016949","56.370887337986","0.312676706274352","0.670104854558549","0.292921401804133","0.57704185637733","0.0415986963368041","0.0608822919082553","2.55387974158661","248871884.346959"
"2017","350521","惠安县","2.62747534093025","949.31","29.6","644.9","274.81","559.61","85.32","101.3","58.55","42.75","523.44","447.68","352939","146668","134","71381","540869","35158","132912","10500","59974","2737609","6.8","4.3","9.2","14.6","3.6","8.8","93712.7344521224","57.7986179664363","0.276777379457738","0.679335517375778","0.28948394096765","0.589491314744393","0.0371784769990835","0.0569749607609738","2.59375650634773","270247680.157947"
"2018","350521","惠安县","2.7217149292625","1094.53","30.38","744.24","319.91","644.93","99.34","101.9","60.14","41.76",,,"394389","145947","89","84770","551949","46910","135350","10901","59999","3051069",,,"10.7","10.1","11.4","12.9","107412.168792934","59.0186457311089","0.248665174025609","0.679963089179831","0.29228070496012","0.58923008049117","0.0360327263757046","0.0504279462417659","2.67096656453631","299417958.783121"
"2019","350521","惠安县","2.89403095047324","1318.11","32.88","961.22","324","783.77","177.77","102.2","60.86","41.34",,,"379288","156377","56094","23632","552158","41791","135696","10930","60315","5201542",,,"11.4","14.6","7.5","13.8","128973.581213307","59.5499021526419","0.219559137740647","0.729241110377738","0.245806495664247","0.594616534280144","0.0287751401628089","0.0418901305657343","2.8317328282517","508957142.857143"
"2020","350521","惠安县","2.88125207502868","1317.71","31.95","936.41","349.36","761.98","174.73","103.2","58.48","44.72",,,"346232","157270","47606","10090","555520","41906","136117","10960","60544","5052932",,,"-1.2","-9","6.1","-2.9","127685.07751938","56.6666666666667","0.218656007393788","0.71063435809093","0.26512662118372","0.578260770579263","0.0262752806004356","0.0421579862033376","2.79191092541539","489625193.79845"
"2021","350521","惠安县","3.14243541591655","1491.13","35.43","1051.57","404.14","879.06","172.78","104.1","60.69","43.41","352.03","156.45","408641","141050","100293","10067","582655","47691","136148","11827","41239","560.97","-13","2.9","10.4","7.3","14","11","143240.153698367","58.299711815562","0.210741881386368","0.705216848966891","0.271029353577488","0.589526064125864","0.0274047869736374","0.0390747285615607","3.01866994804664","53887.6080691643"
"2013","350524","安溪县","2.39921361038451","381.23","33.81","212.05","188.28","23.77","135.37","99.5","38.2","61.3","180.44","137.35",,,,,,,,,,"1415910","29.5","27",,,,"14.1","38314.5728643216","38.391959798995","0.629334944884849","0.556225900375102","0.493875088529234","0.0623508118458673",,,"2.41126996018544","142302512.562814"
"2014","350524","安溪县","2.5996502444406","410.19","35.41","226.55","148.23","200.23","26.4","99.8","40.82","58.98","232.42","179.04",,,,,,,,,,"1595858","28.8","30.4",,,,"12.7","41101.2024048096","40.9018036072144","0.633767338170263","0.55230502937663","0.361369121626563","0.488139642604647",,,"2.60485996436934","159905611.222445"
"2015","350524","安溪县","2.57891539298696","424.03","36.67","226.01","161.35","197.65","28.43","100.5","42.77","57.73","281.33","219.32","239888","19242","55268","30600","516119","59774","149713","10058","84724","2052494","20.5","22.5","179.86","129.59","50.27","12.5","42192.039800995","42.5572139303483","0.608191730063194","0.533004740230644","0.380515529561588","0.466122679999057","0.0565733556587977","0.121717567153267","2.56608496814623","204228258.706468"
"2016","350524","安溪县","2.51785584435319","466.37","41.62","245.4","179.36","215.09","30.39","101.2","45.24","55.96","326.41","258.18","243142","50118","23508","33244","540525","39592","157765","9910","73822","2322600","16","17.7",,,,"10.6","46083.9920948617","44.703557312253","0.539883749888112","0.52619165040633","0.384587344812059","0.46120033449836","0.052135000107211","0.115900465295795","2.4879998461988","229505928.853755"
"2017","350524","安溪县","2.61101662971178","516.29","46.94","263.87","205.48","230.02","33.89","101.9","47.38","54.52","362.76","267.54","265695","82591","30","29628","630659","44846","174511","15730","73409","2624168","11.1","3.6","9.1","5.2","20.3","10.5","50666.339548577","46.4965652600589","0.505726748476976","0.51108872920258","0.397993375815917","0.445524801952391","0.0514623564275892","0.122152085068469","2.56233231571323","257523846.908734"
"2018","350524","安溪县","2.67836958668158","574.38","44.41","286.29","243.68","247.79","38.53","102.5","49.09","53.41",,,"304397","90180","-34","54596","611468","55304","185354","11417","74621","3108110",,,"9.6","9.2","10.4","16.3","56037.0731707317","47.8926829268293","0.466306206114694","0.498433093074271","0.424248755179498","0.431404296806992","0.0529957519412236","0.106457049340158","2.61304349920154","303230243.902439"
"2019","350524","安溪县","2.82265890839753","731.49","52.58","377.38","301.53","311.62","65.94","102.7","50.32","52.38",,,"310195","78311","67858","4146","723848","56806","190066","7643","75235","5631972",,,"9","7.6","11.5","14","71225.9006815969","48.9970788704966","0.385877989910666","0.515905890716209","0.412213427387934","0.426007190802335","0.0424059112222997","0.0989552830523999","2.74845073845913","548390652.385589"
"2020","350524","安溪县","2.85962631272377","747.63","56.24","379.5","311.89","307.99","71.68","100.4","49.83","50.57",,,"286542","70407","31975","13354","685881","64463","209419","5655","75695","5684176",,,"4.5","3.4","6.8","0.9","74465.1394422311","49.6314741035857","0.382492183663546","0.507604028730789","0.417171595575351","0.411955111485628","0.0383267124112195","0.09174070061394","2.84823337920694","566152988.047809"
"2021","350524","安溪县","3.13060075609679","845.61","56.99","435.02","353.6","360.5","74.69","100.2","52.5","47.7","321.53","100.98","329445","79080","43811","10110","657572","67350","240598","7862","55988","642.18","3.6","-19.2","14.6","15","13.9","13","84392.2155688623","52.3952095808383","0.370218038587149","0.514445193410674","0.418159671716276","0.426319461690377","0.0389594493915635","0.0777630349688391","3.1243520519928","64089.8203592814"
"2013","350525","永春县","2.37251902501387","262.16","21.14","149.63","134.15","15.48","91.39","45.7","25.8","19.9","70.97","60.36",,,,,,,,,,"785560","30.5","20.4",,,,"15.4","57365.4266958424","56.4551422319475","0.904988947594549","0.570758315532499","0.511710405859017","0.0590479096734818",,,"5.19150771337827","171894967.177243"
"2014","350525","永春县","2.57565175657606","290.25","21.84","167.83","100.58","150.64","17.19","45.5","26.07","19.43","91.96","71.95",,,,,,,,,,"880457","29.6","19.2",,,,"12.1","63791.2087912088","57.2967032967033","0.887390786072717","0.578225667527993","0.346528854435831","0.519000861326443",,,"5.66077309137596","193507032.967033"
"2015","350525","永春县","2.56894618520491","306.02","22.99","172.48","110.56","153.99","18.49","45.8","26.45","19.35","110.79","100.58","106835","11866","20930","9857","259549","20575","68786","2636","47695","935483","19.8","39.8","134.46","103.24","31.22","12.4","66816.5938864629","57.7510917030568","0.839470029803578","0.563623292595255","0.361283576236847","0.503202405071564","0.0349111169204627","0.0848143912162604","5.60905280612426","204253930.131004"
"2016","350525","永春县","2.49548493358994","329.62","25.72","181","122.9","161.34","19.66","46","26.91","19.09","129.04","118.62","107501","22805","8371","12149","315262","21049","71959","2712","46158","842063","16.5","17.9",,,,"11.9","71656.5217391304","58.5","0.757079343968794","0.549117165220557","0.372853588981251","0.489472726169529","0.0326136156786603","0.0956440749954493","5.42496724693465","183057173.913043"
"2017","350525","永春县","2.56539838319213","373.31","20.6","212.93","139.78","191.11","21.82","46.5","27.48","19.02","150.01","138.3","111028","34300","125","9564","320637","28951","78149","2831","51379","874051","16.3","16.6","9","10.2","4.5","10.4","80281.7204301075","59.0967741935484","0.687203231414141","0.570383863277169","0.37443411641799","0.511933781575634","0.0297415017009992","0.0858902788567143","5.51698577030566","187967956.989247"
"2018","350525","永春县","2.6561430196049","419.46","23.97","237.43","158.06","213.63","23.8","46.8","27.94","18.86",,,"122670","43931","40","16748","329954","28985","85838","3225","52197","1020655",,,"10.3","10.7","8.5","13.2","89628.2051282051","59.7008547008547","0.6332291564404","0.566037286034425","0.376817813379106","0.50929766843084","0.0292447432413103","0.0786616125494684","5.67551927266004","218088675.213675"
"2019","350525","永春县","2.84186700772752","484.1","25.17","305.58","153.35","269.18","36.49","46.8","28.17","18.63",,,"122700","45199","11206","2152","333014","31379","87048","3488","47093","1735040",,,"11","10.9","11.2","10","103440.170940171","60.1923076923077","0.58704131537441","0.631233216277629","0.316773393926875","0.556042140053708","0.0253460028919645","0.0687903325759141","6.07236540112718","370735042.735043"
"2020","350525","永春县","2.83253450676837","494.52","26.47","306.77","161.28","270.14","36.72","42.2","25.86","16.34",,,"118184","31173","9160","10469","371395","30518","90657","3543","54270","1683210",,,"3.3","3.2","3.8","-3","117184.834123223","61.2796208530806","0.572784620797616","0.620338914502952","0.326134433389954","0.546267087276551","0.0238987300816954","0.0751021192267249","6.71216707765016","398864928.909953"
"2021","350525","永春县","3.11595376479015","541.23","26.81","330.04","184.38","298.61","31.5","42.2","26.12","16.08","82.9","29.17","131944","32010","13925","8356","379144","32907","99154","3664","45660","185.05","8","13.9","5","-0.1","24.5","9.9","128253.55450237","61.8957345971564","0.57571711930051","0.609796204940598","0.340668477357131","0.551724775049425","0.0243785451656412","0.0700522883062654","7.38377669381552","43850.7109004739"
"2013","350526","德化县","2.33128321415257","154.74","9.65","92.34","72.44","19.9","52.75","28.3","20.5","7.8","67.57","47.19",,,,,,,,,,"486533","25.5","-2.7",,,,"9.7","54678.445229682","72.4381625441696","1.5065808544349","0.596742923613804","0.468140105984232","0.128602817629572",,,"8.23774987333064","171919787.985866"
"2014","350526","德化县","2.56742568773646","170.15","10.08","103.41","56.66","81.37","22.05","28.2","20.61","7.59","85.07","61.55",,,,,,,,,,"535252","25.9","30.4",,,,"10","60336.8794326241","73.0851063829787","1.50891900542842","0.607757860711137","0.33300029385836","0.478225095503967",,,"9.10434641041298","189805673.758865"
"2015","350526","德化县","2.53757817943182","182.36","9.55","109.22","63.59","85.54","23.68","28.4","20.89","7.51","97.84","76.39","107020","9956","26126","8973","247394","16928","53008","3407","52540","495507","14.9","24.1","63.48","54.59","8.89","13.2","64211.2676056338","73.556338028169","1.39152126531686","0.598925202895372","0.348705856547488","0.469072164948454","0.058686115376179","0.135662425970608","8.93513443461909","174474295.774648"
"2016","350526","德化县","2.48168379046598","194.31","10.28","112.56","71.46","87.23","25.34","28.7","21.27","7.43","111.65","96.98","109485","21189","9030","8630","251719","17470","55306","3339","48867","551849","14.1","26.9",,,,"10.8","67703.8327526132","74.1114982578397","1.27717759789305","0.579280531110082","0.367762853172765","0.448921825948227","0.0563455303381195","0.129545056867892","8.64698184831352","192281881.533101"
"2017","350526","德化县","2.57486208054858","221.05","9.27","128.49","83.29","100.29","28.2","29.3","21.92","7.38","126.41","102.42","110166","32852","632","9174","278854","20216","57793","4302","46050","618211","13.2","5.6","7.8","7.4","9.6","10.9","75443.6860068259","74.8122866894198","1.16483242730087","0.581271205609591","0.376792580864058","0.453698258312599","0.0498375933046822","0.126149739877856","8.7879251895856","210993515.358362"
"2018","350526","德化县","2.62175123072422","246.23","12.23","138.11","95.89","105.53","32.58","29.6","22.32","7.28",,,"118260","31687","152","13535","271066","23106","66574","4719","46628","782437",,,"10.9","11.6","7.4","13.3","83185.8108108108","75.4054054054054","1.06475702827609","0.560898347073874","0.389432644275677","0.428583032124437","0.0480282662551273","0.110086504487674","8.85726767136561","264336824.324324"
"2019","350526","德化县","2.79149947107305","278.15","13.62","166.83","97.69","129.77","37.07","29.7","22.45","7.25",,,"119735","39824","12122","3459","282641","25461","70242","5197","47267","1279192",,,"9.1","7.3","17.9","12.1","93653.1986531986","75.5892255892256","1.00359499229662","0.59978428905267","0.351213374078735","0.466546827251483","0.0430469171310444","0.101614596440769","9.39898811809108","430704377.104377"
"2020","350526","德化县","2.79111164125575","287.66","12.75","170.08","104.83","130.26","39.83","33.3","26.02","7.28",,,"128626","41403","9398","3483","309381","27214","72429","5167","50665","1256711",,,"5","5.3","4.1","-1.8","86384.3843843844","78.1381381381381","0.97028145771249","0.591253563234374","0.364423277480359","0.452826253215602","0.0447145936174651","0.1075509281791","8.38171664040766","377390690.690691"
"2021","350526","德化县","3.05901806999012","327.48","12.51","194.25","120.72","149.4","44.86","33.7","26.49","7.21","109.04","54.35","146328","50334","13697","4784","331899","29702","80930","6174","50985","142.73","22.5","26.4","13.9","17.9","0.3","13.6","97175.0741839762","78.6053412462908","0.934108363866532","0.593165994869916","0.368633198973983","0.456211066324661","0.044683034078417","0.101349395382924","9.0772049554603","42353.115727003"
"2013","350581","石狮市","2.61813182959537","570.93","19.5","340.47","311.03","29.44","210.96","66.3","51.1","15.2","287.01","206.95",,,,,,,,,,"3084690","25.6","2.7",,,,"14.8","86113.1221719457","77.0739064856712","0.458573175274617","0.596342809100941","0.544777818646769","0.0515649904541713",,,"3.94891678672002","465262443.438914"
"2014","350581","石狮市","2.62561828931407","638.37","19.49","379.73","239.14","347.33","32.72","67.6","52.59","15.01","345.49","217.83",,,,,,,,,,"3523509","20.4","5.3",,,,"14.2","94433.4319526627","77.7958579881657","0.411300388381984","0.594843116061218","0.374610335698733","0.544088851293137",,,"3.88405072383738","521229142.011834"
"2015","350581","石狮市","2.55071077960484","676.28","20.02","383.51","272.75","348.69","35.14","68.3","53.24","15.06","408.28","345.19","385015","44157","81330","52888","484922","41010","70107","10441","65755","3571811","18.1","58.5","230.01","183.4","46.61","12.3","99016.1054172767","77.9502196193265","0.377167856450707","0.567087596853374","0.403309280179807","0.515600047317679","0.0569313006447034","0.0717043236529248","3.73456922343315","522959150.805271"
"2016","350581","石狮市","2.12831843411395","703.68","23.57","370.54","309.57","333.42","37.43","68.8","53.94","14.86","449.15","385.55","403359","78346","28346","47754","488535","42611","76870","10727","46558","4001134","10","11.7",,,,"11.3","102279.069767442","78.4011627906977","0.302455439136248","0.526574579354252","0.439930081855389","0.473823328785812","0.0573213676671214","0.0694257332878581","3.09348609609586","581560174.418605"
"2017","350581","石狮市","2.25829902315909","772.72","25.45","390.5","356.77","349.06","41.58","69.1","54.66","14.44","512.31","446.42","415967","97004","326","37847","530581","43699","78494","10883","46753","4452945","14.1","15.8","7.9","3.4","25.6","8.9","111826.338639653","79.1027496382055","0.292253212439058","0.505357697484212","0.461706698415985","0.451728957449011","0.0538315301791076","0.0686640697794803","3.26816067027365","644420405.209841"
"2018","350581","石狮市","2.23631523778417","836.03","25.5","412.56","397.97","365.52","47.12","69.3","55.3","14",,,"418213","114596","-61","45220","542909","44133","84493","13565","54575","4947963",,,"9.7","8.1","14.8","11.6","120639.24963925","79.7979797979798","0.267492223698213","0.493475114529383","0.476023587670299","0.437209191057737","0.050023683360645","0.0649389375979331","3.22700611512867","713991774.891775"
"2019","350581","石狮市","2.38121291672885","917.84","25.06","429.78","463","379.63","50.31","69.4","55.45","13.95",,,"367535","125622","36940","14080","432758","38450","86346","10204","41988","5594823",,,"4.7","-0.6","20.1","11.6","132253.602305476","79.8991354466859","0.25943660297316","0.468251547110607","0.50444521921032","0.413612394317092","0.0400434716290421","0.0471496121328336","3.43114253130958","806170461.095101"
"2020","350581","石狮市","2.37818983314424","937.16","24.29","423.05","489.82","374.97","48.23","68.6","59","9.6",,,"360278","103244","46172","13911","615289","41087","96868","11766","53280","5434006",,,"3","2.4","4.2","-2.9","136612.244897959","86.0058309037901","0.253765614531589","0.451417047249136","0.522664219556959","0.400113107687055","0.038443595543984","0.0656546374151692","3.46674902790706","792129154.518951"
"2021","350581","石狮市","2.64467319986494","1072.51","27.79","476.63","568.09","430.18","46.58","68.9","59.32","9.58","195.31","68.11","401419","107095","32296","16541","483274","36013","98373","19550","19887","617.16","2.3","12.9","13.5","14.7","10.5","13.6","155661.8287373","86.0957910014514","0.246587276562917","0.444406112763517","0.529682706921148","0.40109649327279","0.0374279960093612","0.0450600926797885","3.83842264131341","89573.2946298984"
"2013","350582","晋江市","2.34520370162373","1363.94","19.07","919.76","867.7","52.06","425.11","204.5","128.4","76.1","616.79","474.53",,,,,,,,,,"3735707","22.2","22.9",,,,"12.9","66696.3325183374","62.7872860635697","0.171943318740101","0.674340513512325","0.636171679106119","0.0381688344062056",,,"1.14679887609962","182675158.924205"
"2014","350582","晋江市","2.53120106030715","1492.86","18.64","998.96","475.26","942.44","57.75","206.5","132.16","74.34","748.37","573.8",,,,,,,,,,"4205481","21.3","20.9",,,,"12.6","72293.4624697337","64","0.169553813506099","0.669158527926262","0.318355371568667","0.631298313304664",,,"1.22576322533034","203655254.237288"
"2015","350582","晋江市","2.7216231203038","1620.47","19.59","1032.44","568.43","971.45","62.25","207.8","133.52","74.28","886.56","711.2","1172008","176688","232551","190326","1297465","81810","253142","34605","156869","5357099","18.3","23.9","825.16","664.26","160.9","12.6","77982.1944177093","64.2540904716073","0.167952700161299","0.637123797416799","0.350780946268675","0.599486568711547","0.0723251896054848","0.0800672027251353","1.30973201169577","257800721.847931"
"2016","350582","晋江市","3.31601968445669","1744.24","21.32","1060.03","662.89","997.83","66.42","209.2","135.77","73.43","914.9","720.03","1206806","328786","81969","168315","1374144","68887","258711","34373","155889","5882794","3.2","1.2",,,,"9.1","83376.673040153","64.8996175908222","0.190112581093008","0.607731734165023","0.380045177269183","0.572071503921479","0.0691880704490208","0.0787818190157318","1.58509545146113","281204302.103251"
"2017","350582","晋江市","3.49857011153081","1981.5","19.88","1195.33","766.29","1123.36","74.06","210.3","139.01","71.29","1028.86","863.8","1267697","457512","-96","182394","1458274","75646","288511","35900","140961","6672800","12.5","20","7.3","6.6","10.1","12.3","94222.5392296719","66.1008083689967","0.176561701313692","0.603245016401716","0.38672218016654","0.566924047438809","0.0639766338632349","0.0735944486500126","1.6636091828487","317299096.528768"
"2018","350582","晋江市","3.57427076900989","2229","20.3","1333.69","875.01","1250.26","85.06","211.1","141.44","69.66",,,"1351988","451316","108","204946","1355106","77545","313002","39049","141804","7105294",,,"8.1","7.4","10.7","9.7","105589.76788252","67.0014211274278","0.160353107627182","0.5983355764917","0.392557200538358","0.56090623598026","0.0606544638851503","0.0607943472409152","1.69316474135949","336584272.856466"
"2019","350582","晋江市","3.49231644468709","2546.18","20.43","1586.89","938.86","1511.75","81.97","211.9","142.82","69.08",,,"1379111","369559","174873","98924","1387888","77325","311067","42984","139629","15115615",,,"8.6","8","11","8","120159.509202454","67.3997168475696","0.137159055710401","0.623243447046163","0.368732768303891","0.593732571931285","0.0541639239959469","0.0545086364671783","1.64809648168338","713337187.352525"
"2020","350582","晋江市","2.28482395500631","2616.11","20.26","1577.32","1018.52","1510.84","73.16","206.2","141.64","64.56",,,"1392800","420630","167075","107686","1509088","83028","342263","51604","141282","15135428",,,"5","5.9","2.1","0.1","126872.453928225","68.6905916585839","0.0873366928380806","0.602925717955285","0.389326136897913","0.577513942456548","0.0532393515563183","0.0576844245845932","1.10806205383429","734016876.818623"
"2021","350582","晋江市","3.40247062164667","2986.41","20.78","1825.27","1140.36","1758.68","72.62","206.9","143.8","63.1","570.55","188.3","1462000","425794","221690","198356","1239816","63196","303925","50835","94121","1640.96","7.6","2.9","13.5","12.7","16.3","8.4","144340.744320928","69.5021749637506","0.113931798435133","0.611192033243928","0.38184977950114","0.5888943581089","0.0489550999360436","0.041515264146584","1.64450005879491","79311.7448042533"
"2013","350583","南安市","2.39940940741681","709.99","23.61","448.59","415.3","33.29","237.79","145.5","78.4","67.1","337.6","276.32",,,,,,,,,,"2790432","22.3","26.7",,,,"15.3","48796.5635738832","53.8831615120275","0.337949746815703","0.631825800363385","0.584937816025578","0.0468879843378076",,,"1.64907863052702","191782268.041237"
"2014","350583","南安市","2.60071105959375","780.51","23.28","494.33","262.9","457.61","36.89","146.5","81.01","65.49","414.83","351.23",,,,,,,,,,"3226527","22.9","27.1",,,,"15.6","53277.133105802","55.2969283276451","0.333206628946939","0.633342301828292","0.336831046367119","0.586296139703527",,,"1.77522939221416","220240750.853242"
"2015","350583","南安市","2.58954056305816","843.38","24.72","518.02","300.65","478.58","39.62","147.6","82.29","65.31","498.35","460.49","365944","58928","62217","51005","621394","36230","149425","12101","65135","3528935","19.8","31.1","334.86","106.92","227.94","15.4","57139.566395664","55.7520325203252","0.307043155286841","0.614218976025042","0.356482249994071","0.567454765348953","0.0433901681329887","0.0736790059048116","1.75443127578466","239087737.127371"
"2016","350583","南安市","2.51993286485324","898.14","28.17","541.28","328.69","499.31","42.16","148.9","84.58","64.32","558.17","516.1","384721","108518","22878","46951","661270","42737","155763","12554","68806","3854668","12","12.1",,,,"10.6","60318.3344526528","56.8032236400269","0.28057239014555","0.602667735542343","0.365967443828356","0.555937827064823","0.0428353040728617","0.073626606097045","1.69236592669794","258876292.813969"
"2017","350583","南安市","2.59010554329719","977.38","26.73","576.41","374.25","529.58","46.92","149.9","87.84","62.06","659.07","609","410996","146104","217","44569","741801","46264","171031","14257","77613","4403008","18.1","18","8.8","9.1","8.6","12.3","65202.1347565043","58.5990660440294","0.265004966675928","0.589750148355808","0.382911457160981","0.541836337964763","0.0420507888436432","0.0758968875974544","1.72788895483468","293729686.457638"
"2018","350583","南安市","2.67642855206887","1067.82","27.5","612.81","427.52","560.3","52.57","150.8","90.18","60.62",,,"459874","173841","1164","48146","681769","48615","189293","16041","78435","5142052",,,"10","8.2","11","12.4","70810.3448275862","59.8010610079576","0.250644167750077","0.573888857672641","0.400367103069806","0.524713903092281","0.0430666217152704","0.0638468093873499","1.77481999474063","340984880.636605"
"2019","350583","南安市","2.84697407569605","1295.44","30.55","770.36","494.53","711.44","59.56","151","91.36","59.64",,,"500506","196356","54787","46983","793271","60864","203612","17989","81150","7733795",,,"6.3","4.9","7.2","9.6","85790.7284768212","60.5033112582781","0.219768887458782","0.59467053665164","0.381746742419564","0.549187920706478","0.0386359846847403","0.0612356419440499","1.88541329516295","512171854.304636"
"2020","350583","南安市","2.85512175326947","1352.72","36.49","791.4","524.84","730.38","61.65","151.9","93.78","58.12",,,"530451","174381","51484","53708","895042","66106","221647","19721","93636","7383970",,,"6.2","0.7","9.2","-4.5","89053.3245556287","61.7379855167874","0.211065242863968","0.585043467975634","0.387988645100243","0.539934354485777","0.0392136584067656","0.0661660949790053","1.87960615751776","486107307.439105"
"2021","350583","南安市","3.12667590525491","1536.36","33.44","919.15","583.77","858.15","61.58","152.7","97.12","55.58","445.96","125.98","586235","181185","68922","75727","923609","61130","253645","23293","80908","814.98","14.4","5.5","13","7.8","15.7","10.4","100612.966601179","63.6018336607728","0.203511931139506","0.598264729620662","0.37996953838944","0.558560493634304","0.0381573980056758","0.0601167044182353","2.04759391306805","53371.3163064833"
"2013","350602","芗城区","1.89215028102631","386.04","7.66","178.54","139.88","38.66","199.84","58.2","51.8","6.4","136.73","95.88",,,,,,,,,,"1726058","20.1","22.7",,,,"10.7","66329.8969072165","89.0034364261168","0.49014358124192","0.462490933582012","0.362345870894208","0.100145062687804",,,"3.25111732135105","296573539.5189"
"2014","350602","芗城区","2.04364160412851","419.33","7.28","192.15","219.9","152.72","39.43","58.44","52.54","5.9","139.45","96.57",,,,,,,,,,"1518142","2","0.7",,,,"7.5","71753.9356605065","89.9041752224504","0.487358787620373","0.458230987527723","0.524407984165216","0.364200033386593",,,"3.49699110904947","259777891.854894"
"2015","350602","芗城区","1.98744754098375","464.18","8.04","204.54","251.6","165.63","38.91","58.8","53.01","5.79","177.95","140.9","137639","17014","24931","16725","187906","16167","33129","2582","8325","1670199","27.6","45.9","171.46","46.45","125.02","9.7","78942.1768707483","90.1530612244898","0.428163113659302","0.440648024473265","0.542031108621655","0.356822784264725","0.0296520746262226","0.0404812788142531","3.3800128248023","284047448.979592"
"2016","350602","芗城区","1.98793726226907","526","9.18","227.08","289.74","184.46","42.67","59.1","53.66","5.44","188.3","122.56","139302","31696","11264","16609","182008","19093","34353","2737","7100","1838929","5.8","-13",,,,"10.5","89001.6920473773","90.7952622673435","0.377934840735565","0.43171102661597","0.550836501901141","0.350684410646388","0.0264832699619772","0.0346022813688213","3.36368403091213","311155499.153976"
"2017","350602","芗城区","2.37658874156264","592.44","8.02","257.43","326.99","214.56","42.87","59.7","54.27","5.43","236.21","147.64","151367","53707","86","18804","220659","22166","38919","1386","5806","2008466","25.4","20.5","7.7","9.9","6.9","9.3","99236.1809045226","90.9045226130653","0.401152646945284","0.434525015191412","0.55193774897036","0.362163257038687","0.0255497603132807","0.0372457970427385","3.98088566425903","336426465.661642"
"2018","350602","芗城区","2.71414923582519","642.63","9.41","282.11","351.11","232.51","49.6","60.04","54.64","5.4",,,"168249","64298","4","20573","238147","25658","45878","4145","8747","2236622",,,"9.3","8.3","10.6","11.4","107033.644237175","91.0059960026649","0.422350222651478","0.438992888598416","0.5463641597809","0.361810061777384","0.0261813173988142","0.0370581827801379","4.520568347477","372521985.343105"
"2019","350602","芗城区","2.90154433222313","771.36","11.21","335.27","424.87","250.04","85.23","60.23","54.93","5.3",,,"160635","61862","18330","7541","259006","31574","48351","5521","12541","3244944",,,"9.1","-7.8","15.5","10","128069.06857048","91.200398472522","0.376159553544795","0.434647894627671","0.55080636797345","0.324154739680564","0.0208249066583696","0.0335778365484339","4.81744036563694","538758758.093973"
"2020","350602","芗城区","1.97188865360111","752.46","11.82","307.54","433.1","214.38","93.29","64","57.22","6.78",,,"154088","57037","17570","5785","270931","24453","52467","4659","11069","2964609",,,"-12.2","1.8","-20.5","-5.3","117571.875","89.40625","0.262058933843807","0.408712755495309","0.575578768306621","0.284905509927438","0.0204778991574303","0.0360060335433113","3.08107602125173","463220156.25"
"2021","350602","芗城区","1.89336883617494","827.34","12.89","374.63","439.82","264.51","110.28","64.2","58.23","5.97","300.09","75.11","188736","53832","16704","6701","245193","29143","56265","1650","9860","313.29","8.1","-26.1","10","4.8","18.7","5.7","128869.158878505","90.7009345794392","0.228850150624283","0.452812628423623","0.53160731984432","0.319711364130829","0.0228123866850388","0.0296363043005294","2.94917264201704","48799.0654205607"
"2013","350603","龙文区","1.86718543096889","128.44","4.7","71.34","53.96","17.38","52.4","18.5","15.6","2.9","135.05","58.76",,,,,,,,,,"747232","-6.6","-14.5",,,,"30.1","69427.027027027","84.3243243243243","1.45374138194401","0.555434444098412","0.420118343195266","0.135316100903145",,,"10.0928942214535","403909189.189189"
"2014","350603","龙文区","2.02325757599326","146.54","4.85","80.83","60.86","59.84","20.99","18.56","15.8","2.77","166.4","71.78",,,,,,,,,,"786633","23.2","22.2",,,,"25.5","78954.7413793103","85.1293103448276","1.38068621263359","0.551590009553706","0.415313225058005","0.408352668213457",,,"10.9011722844464","423832435.344828"
"2015","350603","龙文区","2.02306102822152","165.06","4.7","88.19","72.17","65.79","22.4","18.7","16.12","2.58","207.4","79.92","96449","8139","22906","11972","124734","11931","29708","2789","7493","987916","24.6","11.3","71.92","44.84","27.08","20","88267.3796791444","86.2032085561497","1.22565190126107","0.534290561008118","0.437234944868533","0.398582333696838","0.0584326911426148","0.0755688840421665","10.8185081723076","528297326.203209"
"2016","350603","龙文区","1.9934039287039","190.8","5.63","96.28","88.89","73.53","22.75","19.1","16.85","2.25","243.07","133.94","105394","20266","17408","13488","168406","15526","32823","3520","7105","1162837","17.2","67.6",,,,"18.2","99895.2879581152","88.2198952879581","1.04476096892238","0.50461215932914","0.465880503144654","0.385377358490566","0.0552379454926625","0.0882631027253669","10.4366697837901","608815183.246073"
"2017","350603","龙文区","2.04976774644158","222.38","6.27","113.07","103.05","86.38","26.69","19.3","17.18","2.12","261.25","127.68","93265","31116","115","17102","174660","17390","30347","4634","8364","1338933","7.5","-4.7","9.2","11.4","6.2","15.1","115222.797927461","89.0155440414508","0.921741049753386","0.50845399766166","0.463395988847918","0.388434211709686","0.0419394729741883","0.0785412357226369","10.620558271718","693747668.393782"
"2018","350603","龙文区","2.11825816732082","246.27","6.68","123.54","116.05","93.38","30.16","19.48","17.53","1.95",,,"102854","30784","36","18021","164137","16548","33838","7242","12424","1541992",,,"9.5","16.9","-3.2","15.1","126421.971252567","89.9897330595483","0.860136503561465","0.501644536484346","0.471230762983717","0.379177325699436","0.0417647297681407","0.0666492061558452","10.8740152326531","791577002.053388"
"2019","350603","龙文区","2.25236839512202","361.36","6","138.3","217.05","100.8","37.5","19.56","17.62","1.94",,,"115252","32633","14956","3869","153401","21626","37713","5208","5123","2341258",,,"9.7","7.4","13.9","4.7","184744.376278119","90.0817995910021","0.623303186606714","0.382720832410892","0.600647553686075","0.278946203232234","0.0318939561655966","0.0424510183750277","11.5151758441821","1196962167.68916"
"2020","350603","龙文区","2.25918244079459","349.07","5.95","116.42","226.7","76.73","40.01","30.5","27.73","2.77",,,"114745","34581","11796","2759","158341","20130","44514","5072","9288","2211338",,,"-23.8","-14.6","-39.7","-5.5","114449.180327869","90.9180327868852","0.647200401293319","0.333514767811614","0.649439940413098","0.219812645028218","0.0328716303320251","0.0453608158822013","7.40715554358882","725028852.459016"
"2021","350603","龙文区","2.4732387187699","375.89","5.12","137.66","233.1","91.14","46.83","30.62","28.11","2.51","237.46","123.81","138891","35382","19430","2831","155658","19375","61597","4840","4069","235.24","7.6","-10.5","10.6","7.1","19.9","6.4","122759.634225996","91.8027433050294","0.657968745848493","0.366224161323792","0.620128229003166","0.242464550799436","0.0369499055574769","0.041410519034824","8.07720025724984","76825.6041802743"
"2013","350622","云霄县","1.89949207324245","120.95","24.35","56.39","49.58","6.81","40.21","41.3","18.8","22.5","115.53","86.56",,,,,,,,,,"494040","57.7","31.2",,,,"12.5","29285.7142857143","45.5205811138015","1.57047711719095","0.466225713104589","0.409921455146755","0.0563042579578338",,,"4.59925441463063","119622276.029056"
"2014","350622","云霄县","2.04928431482674","136.09","23.74","66.36","45.99","57.55","8.81","41.56","19.08","22.49","149.67","128.5",,,,,,,,,,"459879","29.5","48.4",,,,"13.3","32745.4282964389","45.9095283926853","1.50583019680119","0.487618487765449","0.33793812917922","0.422881916378867",,,"4.93090547359658","110654234.841193"
"2015","350622","云霄县","2.25026621882975","157.56","28.99","74.41","54.16","64.12","10.29","41.9","19.64","22.26","196.12","171.14","55300","3821","16250","4552","230201","9124","53810","783","50608","536598","31","33.2","73.07","39.64","33.44","14.1","37603.8186157518","46.873508353222","1.42819638158781","0.472264534145722","0.343742066514344","0.406956080223407","0.0350977405432851","0.146103706524499","5.3705637680901","128066348.448687"
"2016","350622","云霄县","2.79259624911229","179.72","30.13","83.29","66.31","72.23","11.06","42","20.24","21.76","245.44","233.48","57556","10273","5973","4740","252406","11809","58597","879","38132","618267","25.1","36.4",,,,"15.4","42790.4761904762","48.1904761904762","1.55385947535738","0.463443133763632","0.368962831070554","0.401902960160249","0.0320253728021367","0.140444024037392","6.64903868836259","147206428.571429"
"2017","350622","云霄县","2.61224210354778","200.46","26.81","97.79","75.87","84.99","12.8","42.4","21.62","20.78","309.72","303.04","61800","16917","22","5248","307561","19473","66075","979","40260","709035","26.2","29.8","9.6","15.7","3.1","14.6","47278.3018867925","50.9905660377359","1.30312386688007","0.487827995610097","0.37847949715654","0.423974857826998","0.0308290930859024","0.153427616482091","6.16094835742401","167225235.849057"
"2018","350622","云霄县","2.75700224504355","230.11","37.32","105.66","87.12","91.88","13.78","42.78","22.29","20.49",,,"66418","17473","10","6167","260909","20412","69721","1065","31377","812572",,,"9.5","14.3","3.2","14.6","53789.1538101917","52.1037868162693","1.19812361263898","0.459171700491069","0.378601538394681","0.399287297379514","0.0288635869801399","0.113384468297771","6.44460552838604","189942028.985507"
"2019","350622","云霄县","3.17529087725491","260.72","37.32","124.3","99.09","109.52","14.78","41.23","21.73","19.5",,,"67748","15376","7321","2176","264443","22482","70165","1565","35521","1317119",,,"5.2","1","10.3","11.4","63235.5081251516","52.7043414989086","1.21789309498884","0.476756673826327","0.380062902730899","0.420067505369745","0.0259849647131022","0.101427968702056","7.7014088703733","319456463.739995"
"2020","350622","云霄县","3.15197151979281","231.65","38.6","98.91","94.14","86.25","12.71","41.1","22.44","18.66",,,"68800","18935","7713","2200","284228","21497","71129","1775","44939","1134291",,,"-20","-14","-26.2","-14.4","56362.5304136253","54.5985401459854","1.36066113524404","0.426980358299158","0.406388948845241","0.372328944528383","0.0296999784157134","0.12269717245845","7.66903046178299","275983211.678832"
"2021","350622","云霄县","3.48673369183162","236.75","44.82","93.76","98.17","79.2","14.59","41.19","22.78","18.41","155.15","32.23","78686","17767","6729","2473","253816","24572","71774","859","29499","112.01","15.1","107","-13.7","-7.2","-21.2","-1.3","57477.5430929837","55.3046856033018","1.47274918345581","0.396029567053854","0.414656810982049","0.334530095036959","0.0332359028511088","0.107208447729673","8.46500046572377","27193.4935663996"
"2013","350623","漳浦县","1.87612801199419","259.8","59.77","109.33","81.84","27.49","90.7","80.7","37.8","42.9","185.44","124.32",,,,,,,,,,"909742","10.7","-10.9",,,,"12.6","32193.3085501859","46.8401486988848","0.722143191683676","0.420823710546574","0.315011547344111","0.105812163202463",,,"2.32481785872886","112731350.681537"
"2014","350623","漳浦县","2.04720661426062","311.83","60.09","144.52","107.22","111.45","33.07","81.22","38.58","42.64","280","177.74",,,,,,,,,,"858198","51","43",,,,"11.7","38393.252893376","47.5006156119182","0.656513681897386","0.463457653208479","0.343841195523202","0.35740627906231",,,"2.52056958170478","105663383.403103"
"2015","350623","漳浦县","1.98487331691364","318.76","62.3","129.12","127.34","101.39","27.74","81.9","39.77","42.13","324.06","235.25","219386","17387","72058","25447","479862","20910","84192","7935","51692","926219","15.7","32.4","113.95","68.95","45.01","12.2","38920.6349206349","48.5592185592186","0.622685819084465","0.405069644873886","0.399485506337056","0.318076295645627","0.0688248211820806","0.150540218346091","2.4235327434843","113091452.991453"
"2016","350623","漳浦县","1.72809661084297","342.79","74.43","120.09","148.27","89.09","31","82.77","41.63","41.14","365.94","302.21","194856","30679","26492","17432","507436","19796","93140","7023","64120","1030874","12.9","28.5",,,,"11.4","41414.7638033104","50.2960009665338","0.504126903014373","0.350331106508358","0.432538872195805","0.259896729776248","0.0568441319758453","0.148031156101403","2.08782966152346","124546816.479401"
"2017","350623","漳浦县","1.800717366558","376.51","69.8","140.44","166.26","105.08","35.4","83.7","43.36","40.34","379.28","352.07","199737","49228","496","23115","571957","22124","96283","7580","54004","1139894","3.6","16.5","9.9","11.3","7.2","12","44983.2735961768","51.8040621266428","0.478265482074314","0.373004701070357","0.441581896895169","0.279089532814533","0.0530495869963613","0.151910175028552","2.15139470317563","136188052.568698"
"2018","350623","漳浦县","1.8535011668613","438.13","75.85","174.79","187.49","134.78","40.03","84.37","45.14","39.23",,,"212871","51097","58","31724","494110","39839","103042","7611","52049","1303431",,,"9.7","2.6","24.7","14.3","51929.5958279009","53.5024297736162","0.423048220131308","0.398945518453427","0.427932348846233","0.307625590578139","0.0485862643507635","0.112777029648734","2.19687230871317","154489866.066137"
"2019","350623","漳浦县","1.95753376374264","520.3","83.68","188.57","248.05","158.35","34.3","86.05","46.98","39.07",,,"260106","60927","29382","4134","573275","38275","116910","8244","60876","2491007",,,"10.6","2","19.5","12.3","60464.846019756","54.596165020337","0.376231743944386","0.362425523736306","0.476744186046512","0.304343647895445","0.0499915433403806","0.110181625985009","2.27487944653415","289483672.283556"
"2020","350623","漳浦县","1.98825863948524","495.61","88.76","157.44","249.41","121.66","35.89","84.9","46.52","38.38",,,"326714","57049","26216","4271","636329","56215","139582","2441","64573","2437758",,,"-25.7","-49.4","-14.8","-2.1","58375.7361601885","54.793875147232","0.401174035932536","0.317669135005347","0.503238433445653","0.245475272896027","0.0659215915740199","0.128393091341983","2.34188296759157","287132862.190813"
"2021","350623","漳浦县","2.17749490459868","583.61","97.84","223.15","262.62","181.5","41.76","85","48.03","36.98","319.68","57.61","366346","18248","26972","5209","562539","49650","133626","829","33955","258.39","17.1","5.5","25.5","35.9","14.8","6","68660","56.5058823529412","0.373107881050475","0.382361508541663","0.449992289371327","0.310995356488066","0.0627723993762958","0.096389540960573","2.56175871129256","30398.8235294118"
"2013","350624","诏安县","1.89009227726573","149.81","36.41","64.72","55.97","8.75","48.68","59.8","23.6","36.2","111.24","107.39",,,,,,,,,,"703289","51.5","50.8",,,,"13.9","25051.8394648829","39.4648829431438","1.26165962036295","0.432013884253388","0.373606568319872","0.0584073159335158",,,"3.16068942686577","117606856.187291"
"2014","350624","诏安县","2.0292310226289","166.29","35.65","74.21","56.43","63.85","10.36","60.19","24.38","35.81","148.27","137.34",,,,,,,,,,"673081","33.3","27.9",,,,"12.9","27627.512875893","40.5050672869247","1.22029648363034","0.446268566961333","0.339346924048349","0.383967767153768",,,"3.37137568139043","111826050.83901"
"2015","350624","诏安县","2.11588620741146","189.2","39.28","83.54","66.38","70.84","12.7","60.7","25.17","35.53","192.78","178.73","58796","4764","10773","4285","271468","16879","44324","4445","69406","814379","30","30.1","77.61","53.57","24.04","16.7","31169.686985173","41.4662273476112","1.11833309059802","0.44154334038055","0.350845665961945","0.374418604651163","0.0310761099365751","0.143482029598309","3.48580923791015","134164579.901153"
"2016","350624","诏安县","2.36511766373618","220.66","44.46","93.94","82.26","79.9","14.04","61.41","26.16","35.25","243.89","232.74","57364","11146","5725","4719","275299","17491","47172","3057","63327","939607","26.5","30.2",,,,"13.4","35932.2585898062","42.5989252564729","1.07183796960762","0.425722831505484","0.372790718752832","0.362095531587057","0.0259965557871839","0.124761624218254","3.8513559090314","153005536.557564"
"2017","350624","诏安县","1.93908214412019","249.55","45.37","108.7","95.48","92.87","15.83","62","27.53","34.47","312.21","300.28","61589","18353","4","6370","327484","26447","64154","1245","52303","1092715","28","29","8.6","13.4","-4.2","14.1","40250","44.4032258064516","0.777031514373949","0.435584051292326","0.382608695652174","0.372149869765578","0.0246800240432779","0.131229813664596","3.12755184535514","176244354.83871"
"2018","350624","诏安县","1.84400953898513","278.58","47.93","120.34","110.31","102.46","17.88","62.54","28.96","33.58",,,"71244","21901",,"8449","370069","29531","75103","3150","58390","1227486",,,"9.5","10","8.1","12.3","44544.2916533419","46.3063639270867","0.66193177506825","0.431976452006605","0.395972431617489","0.367793811472468","0.025573982339005","0.132841194629909","2.94852820432544","196272145.826671"
"2019","350624","诏安县","1.92439405968921","284.87","51.66","138.21","95.01","123.57","14.64","62.8","29.52","33.28",,,"63580","23694","7531","1611","282448","25437","61876","1435","51503","1055675",,,"9.4","9.5","9","9.6","45361.4649681529","47.0063694267516","0.675534124228318","0.485168673429986","0.333520553234809","0.433776810474953","0.0223189525046512","0.0991497876224243","3.06432175109747","168101114.649682"
"2020","350624","诏安县","1.99954455442468","287.63","56.28","135.37","95.99","121.28","14.09","56","25.65","30.35",,,"69212","22098","9431","1547","328351","31838","66808","974","58343","995793",,,"1.7","9","-24.2","-5.7","51362.5","45.8035714285714","0.695179416063929","0.470639363070612","0.33372735806418","0.421652817856274","0.0240628585335327","0.114157424468936","3.57061527575836","177820178.571429"
"2021","350624","诏安县","2.24448729715431","328.27","62.14","164.91","101.22","148.6","16.31","56.07","27.03","29.04","67.14","26.44","77643","20166","8329","1593","289683","28325","68998","1207","31598","108.5","-5.5","-43.3","12.3","10.1","22","9","58546.4597824148","48.2075976457999","0.683732079432878","0.502360861485972","0.308343741432358","0.452676150729582","0.0236521765619764","0.088245346818168","4.00300926904639","19350.8114856429"
"2013","350625","长泰县","1.90445211781798","149.51","16.1","91.43","88.63","2.8","41.98","21.5","10.8","10.7","201.9","175.12",,,,,,,,,,"229577","32","32.6",,,,"13.2","69539.5348837209","50.2325581395349","1.27379581152965","0.611531001270818","0.592803156979466","0.0187278442913517",,,"8.85791682706037","106780000"
"2014","350625","长泰县","2.02125996696662","167.15","15.87","104.32","46.96","99.89","4.43","21.68","11.01","10.66","238.28","207.06",,,,,,,,,,"224553","18","18.2",,,,"15.3","77098.7084870849","50.7841328413284","1.20924915762287","0.624110080765779","0.280945258749626","0.597606939874364",,,"9.32315482918183","103576107.01107"
"2015","350625","长泰县","1.93704308912335","186.36","16.82","114.31","55.24","109.02","5.29","21.9","11.43","10.47","280.08","252.64","131392","15826","18295","11022","237603","16878","37877","2591","52617","264030","17.5","22","114.66","57.41","57.25","19.4","85095.8904109589","52.1917808219178","1.03940925580776","0.613382700150247","0.296415539815411","0.584996780424984","0.0705044000858553","0.127496780424984","8.84494561243539","120561643.835616"
"2016","350625","长泰县","1.80072324385654","209.15","16.36","127.79","65","122.2","5.59","22.31","11.94","10.37","229.72","213.34","117901","29113","11525","11224","222106","17671","44753","2858","36995","305957","-18","-15.6",,,,"17","93747.1985656656","53.5186015239803","0.860972146237887","0.610996892182644","0.310781735596462","0.584269662921348","0.0563715037054745","0.106194597179058","8.07137267528705","137138951.142985"
"2017","350625","长泰县","1.76821043721039","241.5","13.8","150.11","77.59","143.52","6.59","22.5","12.17","10.33","270.16","245.88","127488","45411","80","12161","236359","19935","43620","2591","24360","350282","17.6","15.3","9.5","6.4","11.9","14.4","107333.333333333","54.0888888888889","0.732178234869727","0.621573498964803","0.32128364389234","0.594285714285714","0.0527900621118012","0.0978712215320911","7.8587130542684","155680888.888889"
"2018","350625","长泰县","1.86455960976398","284.99","14.71","180.76","89.52","170.97","9.78","22.73","12.68","10.05",,,"137024","48840","-16","14613","206077","19800","46678","3890","21205","404561",,,"8.8","7.4","10.2","15.5","125380.55433348","55.7853057633084","0.654254398317127","0.634267869048037","0.314116284781922","0.599915786518825","0.04808028351872","0.0723102565002281","8.20307791361188","177985481.742191"
"2019","350625","长泰县","1.97824879608339","357.74","18.14","247.81","91.79","208.84","38.97","22.87","12.88","9.99",,,"127798","54095","14920","4153","225755","22294","46339","10847","27215","894321",,,"8.4","11","6.2","10.9","156423.261915173","56.3183209444687","0.552985071863194","0.692709789232403","0.256582993235311","0.58377592665064","0.035723709956952","0.0631058869570079","8.6499728731237","391045474.420638"
"2020","350625","长泰县","2.01884655380124","344.54","19.76","225.65","99.13","185.08","40.71","22.9","13.61","9.29",,,"112015","49474","10581","2973","237296","20956","52672","2822","23976","866061",,,"-13.1","-14.6","-11.8","-3.2","150454.148471616","59.4323144104803","0.585954186393812","0.654931212631334","0.287716955941255","0.537180008126778","0.0325114645614442","0.0688732803157834","8.81592381572594","378192576.419214"
"2021","350625","长泰县","1.88806281739303","375.23","22.29","256.6","96.33","210.22","46.51","23.05","14.06","8.99","155.37","64.26","134889","57980","12088","6162","244650","25496","70085","2109","23918","99.3","15.1","-8.9","10.1","36.3","-28.2","14.7","162789.587852495","60.997830802603","0.503174804091632","0.683847240359246","0.256722543506649","0.560243050928764","0.0359483516776377","0.0652000106601285","8.19116189758364","43080.2603036876"
"2013","350626","东山县","1.85490694087139","126.8","28.8","59.97","52.9","7.07","38.03","21.7","11.6","10.1","117.43","82.94",,,,,,,,,,"351217","35.4","22.1",,,,"10.6","58433.1797235023","53.4562211981567","1.46286036346324","0.47294952681388","0.417192429022082","0.0557570977917981",,,"8.54795825286355","161851152.073733"
"2014","350626","东山县","1.90540866127931","139.5","27.79","67.74","43.98","59.71","8.03","21.77","11.87","9.91","130.01","109.14",,,,,,,,,,"319179","10.7","31.6",,,,"10.7","64079.0078089113","54.5245751033532","1.36588434500309","0.485591397849462","0.315268817204301","0.428028673835125",,,"8.75245136095227","146614147.909968"
"2015","350626","东山县","1.79268166960459","156.3","30.86","74.28","51.16","64.99","9.29","21.9","12.15","9.75","160.19","143.68","113099","20129","14061","6588","276915","13771","33459","1952","76512","345825","23.2","31.6","65.72","52.48","13.24","9.2","71369.8630136986","55.4794520547945","1.14694924478861","0.475239923224568","0.327319257837492","0.415802943058221","0.072360204734485","0.177168905950096","8.18576104842279","157910958.90411"
"2016","350626","东山县","2.20475119629534","175.9","33.66","82.37","59.87","72.38","9.98","22.09","12.53","9.56","176.12","166.79","116989","31625","6324","7652","268947","15704","35230","1913","65490","386382","9.9","16.1",,,,"10.9","79628.7913082843","56.7224988682662","1.25341170909343","0.468277430358158","0.340363843092666","0.41148379761228","0.0665088118249005","0.152897669130188","9.98076594067605","174912630.149389"
"2017","350626","东山县","2.02685384480078","202.7","34.08","94.92","73.7","84.37","10.55","22.3","12.93","9.37","223.94","214.6","114020","40390","-82","9081","279392","18698","36848","1639","37268","443105","27.2","28.7","8.6","12.8","-14","13.7","90896.8609865471","57.982062780269","0.999927895806996","0.468278243709916","0.363591514553527","0.416230883078441","0.056250616674889","0.13783522446966","9.0890306941739","198701793.721973"
"2018","350626","东山县","2.33347994087184","230.7","38.04","107.11","85.56","94.6","12.51","22.46","13.27","9.19",,,"110807","41191","14","10259","213402","29805","40914","554","33745","499247",,,"9.6","9.2","11.8","12.7","102715.939447907","59.0828138913624","1.01147808446981","0.464282618118769","0.370871261378414","0.410056350238405","0.0480307758994365","0.0925019505851756","10.3894921677286","222282724.844167"
"2019","350626","东山县","2.10817389044331","257.68","38.03","132.3","87.35","105.21","27.09","22.6","13.58","9.02",,,"104443","34530","8344","2328","229187","32336","37734","1844","39629","872445",,,"9.5","10.6","4.1","12.1","114017.699115044","60.0884955752212","0.818136405791412","0.513427506985408","0.338986339646073","0.40829711269792","0.0405320552623409","0.08894248680534","9.32820305505889","386037610.619469"
"2020","350626","东山县","2.12257074950508","198.25","38.03","70.83","89.39","51.04","19.86","22","14.12","7.88",,,"104685","31239","9205","1945","217493","34321","43536","646","24917","827428",,,"-56.5","-65","-2.7","-5.2","90113.6363636364","64.1818181818182","1.07065359369739","0.357276166456494","0.450895334174023","0.257452711223203","0.0528045397225725","0.109706431273644","9.64804886138673","376103636.363636"
"2021","350626","东山县","2.33782695100256","204.4","41.62","71.94","90.84","50.81","21.19","22.08","14.48","7.6","79.3","21.95","113640","35704","18838","1745","218450","14761","43912","799","8609","86.63","26.9","-12.4","-5","-2.9","-9.6","4.7","92572.463768116","65.5797101449275","1.14375095450223","0.351956947162427","0.444422700587084","0.248581213307241","0.0555968688845401","0.106873776908023","10.5879843795406","39234.6014492754"
"2013","350627","南靖县","1.7906439181272","173.19","41.54","83.74","76.28","7.46","47.91","33.7","15.7","18","136.62","126.45",,,,,,,,,,"395688","30.7","31.3",,,,"5.9","51391.6913946588","46.5875370919881","1.03391877021029","0.483515214504302","0.440441134014666","0.0430740804896357",,,"5.31348343657923","117414836.795252"
"2014","350627","南靖县","1.81649006123112","195.46","46.78","94.49","54.18","85.64","8.86","33.89","16.1","17.79","171.01","154.82",,,,,,,,,,"354902","25.2","22.4",,,,"10","57674.8303334317","47.506639126586","0.929341072972025","0.483423718407858","0.277192264401924","0.438145912207101",,,"5.35995887055509","104721746.827973"
"2015","350627","南靖县","1.82993675055573","212.21","44.57","104.15","63.49","93.91","10.24","34.2","16.57","17.63","206.39","188.46","83526","6752","13057","4009","220356","12175","42409","2134","40882","381034","20.7","21.7","102.55","50.85","51.7","9.3","62049.7076023392","48.4502923976608","0.862323524129744","0.490787427548183","0.299184769803497","0.442533339616418","0.0393600678573112","0.103838650393478","5.35069225308693","111413450.292398"
"2016","350627","南靖县","1.80226613931337","242.87","50.78","116.02","76.08","105.18","10.84","34.5","17.11","17.39","246.4","232.87","81850","15578","7025","5292","230636","19507","39043","2471","31810","423280","19.4","23.6",,,,"11.2","70397.1014492754","49.5942028985507","0.74207030070135","0.477704121546506","0.313254004199778","0.433071190348746","0.0337011569975707","0.0949627372668506","5.22395982409672","122689855.072464"
"2017","350627","南靖县","1.80595420038781","286.48","58.3","135.64","92.54","123.09","12.55","34.8","17.68","17.12","315.5","306.58","80213","26009","-10","5026","267082","22733","56548","1229","42062","459634","28","31.7","9.1","14.8","3","13.3","82321.8390804598","50.8045977011494","0.630394512841319","0.47347109745881","0.323024294889696","0.429663501815135","0.02799951130969","0.0932288466908685","5.18952356433279","132078735.632184"
"2018","350627","南靖县","1.95606967565977","314.79","59.79","150.29","104.71","134.64","15.65","35.08","18.24","16.84",,,"83657","32318","-7","5906","273161","24486","53762","1405","35977","531701",,,"9.3","9.5","9.1","15.7","89734.8916761688","51.9954389965792","0.621388759382372","0.477429397376028","0.332634454715842","0.427713713904508","0.026575494774294","0.0867756281965755","5.57602530119661","151568129.988598"
"2019","350627","南靖县","2.07875903106823","374.84","69.6","185.13","120.11","161.99","23.14","35.34","19.26","16.08",,,"89769","33838","12328","2176","277625","29629","46895","2649","45678","1355039",,,"9.6","7.4","11.4","12.2","106066.779852858","54.4991511035654","0.554572359158102","0.493890726710063","0.320430050154733","0.432157720627468","0.0239486180770462","0.0740649343719987","5.88217043313025","383429258.630447"
"2020","350627","南靖县","2.10364077621182","345.33","75.29","154.65","115.39","131.57","23.13","30.5","16.13","14.37",,,"82004","28055","6602","2520","287982","32130","60174","1307","36866","1038237",,,"-15","-20.4","-10.9","-8.4","113222.950819672","52.8852459016393","0.609168266936501","0.447832508035792","0.334144151970579","0.380997886079981","0.0237465612602438","0.0833932759968726","6.89718287282564","340405573.770492"
"2021","350627","南靖县","2.19025243394884","365.9","74.76","167.03","124.12","145.96","21.12","30.56","16.56","14","140.17","30.72","98057","36539","9103","2346","233050","26434","44046","1856","18229","109.59","19.1","115.8","0.1","-0.2","0.3","5.6","119731.67539267","54.1884816753927","0.598593176810287","0.456490844493031","0.339218365673681","0.398906805138016","0.0267988521453949","0.0636922656463515","7.16705639381165","35860.6020942408"
"2013","350628","平和县","1.62888161869727","140.44","50.11","40.31","30.42","9.89","50.02","49.7","20.2","29.5","96.49","85.14",,,,,,,,,,"528468","35.6","35.5",,,,"11.8","28257.5452716298","40.6438631790744","1.1598416538716","0.287026488180006","0.216604955853033","0.0704215323269724",,,"3.27742780421986","106331589.537223"
"2014","350628","平和县","1.83352921366055","159.84","52.57","48.43","58.84","36.27","12.16","50.01","20.75","29.26","123.8","109.75",,,,,,,,,,"475250","28.3","28.9",,,,"11.2","31961.6076784643","41.4917016596681","1.14710286139924","0.30299049049049","0.368118118118118","0.226914414414414",,,"3.66632516228864","95030993.8012397"
"2015","350628","平和县","2.04956513793858","172.72","51.74","53.25","67.74","40.47","12.78","50.4","21.5","28.9","151.37","134.17","56999","6184","8112","3674","264659","16772","64669","3599","39791","491773","22.3","22.2","46.45","21.66","24.8","10.7","34269.8412698413","42.6587301587302","1.18664030681947","0.308302454840204","0.39219546086151","0.234309865678555","0.0330008105604447","0.153230083371931","4.06659749590988","97574007.9365079"
"2016","350628","平和县","2.00679380467935","195.04","57.57","60.2","77.27","45.87","14.33","51.36","22.65","28.71","179.62","165.39","57961","9757","3993","3396","299336","15842","61013","3993","52357","526830","18.7","23.3",,,,"8.5","37975.0778816199","44.1004672897196","1.02891396876505","0.308654634946678","0.396175143560295","0.235182526661198","0.0297174938474159","0.153474159146842","3.90730880973394","102575934.579439"
"2017","350628","平和县","2.03833832601716","202.43","41.44","70.17","90.82","53.47","16.7","51.8","23.62","28.18","214.31","204.2","59127","16225","3","4254","355690","20243","69366","2962","56283","575697","19.3","23.5","9","9.5","8.5","10.1","39079.1505791506","45.5984555984556","1.00693490392588","0.346638344118955","0.448648915674554","0.264140690609099","0.0292086153238156","0.175710122017488","3.9350160733922","111138416.988417"
"2018","350628","平和县","1.97938569248672","226.46","45.43","76.38","104.64","57.62","18.77","52.18","24.52","27.66",,,"61551","18501","-1","5954","341767","25533","60883","1405","56547","644291",,,"9.4","9.2","9.6","11.9","43399.7700268302","46.9911843618245","0.87405532654187","0.337278106508876","0.462068356442639","0.254437869822485","0.0271796343725161","0.150917159763314","3.79338001626432","123474702.951322"
"2019","350628","平和县","2.08721385650385","276.68","52.37","89.31","135","73.83","15.47","52.4","25.94","26.46",,,"63191","19837","5352","1414","354841","28397","65281","1338","58542","1064475",,,"9.4","4.1","15.1","7","52801.5267175573","49.5038167938931","0.754378291348796","0.322791672690473","0.487928292612404","0.26684256180425","0.0228390198062744","0.128249602428799","3.98323255057987","203144083.969466"
"2020","350628","平和县","2.07958826202958","254.57","48.5","67.17","138.9","54.2","12.97","45.4","21.55","23.85",,,"63393","16530","4484","1088","335089","23796","61956","839","55031","995804",,,"-28.8","-38.2","-24.1","-6.5","56072.6872246696","47.4669603524229","0.816902330215493","0.263856699532545","0.545625957496956","0.212908041010331","0.0249019915936678","0.131629414306478","4.58059088552771","219340088.105727"
"2021","350628","平和县","2.1656235031733","271.49","52.75","76.65","142.09","62.56","14.09","45.3","21.97","23.33","94.46","5.9","63764","17594","3757","990","243126","16823","54610","3986","27587","104.6","13.5","-41.8","9.5","6.9","11.5","5","59931.5673289183","48.4988962472406","0.797680762891193","0.282330840914951","0.523371026557148","0.230432060112711","0.0234866845924343","0.0895524697042248","4.78062583481965","23090.5077262693"
"2013","350629","华安县","1.62789776719774","80.8","18.6","42.56","35.41","7.15","19.64","16.1","7.4","8.7","95.1","89.2",,,,,,,,,,"184458","27.5","32.2",,,,"18.3","50186.3354037267","45.9627329192547","2.01472495940314","0.526732673267327","0.438242574257426","0.088490099009901",,,"10.1111662558866","114570186.335404"
"2014","350629","华安县","1.71812942091108","90.42","20.06","48.69","21.67","40.06","8.63","16.21","7.93","8.28","100.32","91.33",,,,,,,,,,"180931","5.5","2.4",,,,"11.8","55780.3824799506","48.9204194941394","1.90016525205826","0.538487060384871","0.239659367396594","0.443043574430436",,,"10.5991944534922","111616903.146206"
"2015","350629","华安县","1.70739405795174","104.65","26.04","53.71","24.9","44.76","8.95","16.3","8.1","8.2","80.26","76.38","40199","5589","6951","2333","132526","9013","21846","1259","35712","225679","-20","-16.4","48.03","19.29","28.73","17.3","64202.4539877301","49.6932515337423","1.63152800568728","0.513234591495461","0.237935977066412","0.427711419015767","0.0384128045867176","0.126637362637363","10.4748101714831","138453374.233129"
"2016","350629","华安县","1.57751430311832","119.18","28.99","60.22","29.97","50.41","9.81","16.41","8.33","8.08","100.49","96.4","43477","12036","1917","1982","149286","12669","24297","1320","24973","262457","25.2","26.2",,,,"17","72626.4472882389","50.7617306520414","1.32364012679839","0.505286121832522","0.251468367175701","0.422973653297533","0.0364801141131062","0.125260949823796","9.6131279897521","159937233.394272"
"2017","350629","华安县","1.70721138851599","131.48","27.23","70.67","33.59","59.39","11.28","16.6","8.7","7.9","125.7","125","45966","20490","2","2707","173924","15455","25098","937","21482","295478","25.1","29.7","9.7","12","8.2","13.1","79204.8192771084","52.4096385542169","1.2984570950076","0.53749619714025","0.255476118040767","0.451703681168239","0.0349604502585945","0.132281715850319","10.2844059549156","177998795.180723"
"2018","350629","华安县","2.42393286526202","146.64","30.16","77.18","39.3","63.67","13.5","16.7","8.8","7.9",,,"49036","23005","-1","2824","185315","17549","27942","897","21131","342380",,,"9.5","10.7","8.4","15.9","87808.3832335329","52.6946107784431","1.6529820412316","0.52632296781233","0.268003273322422","0.434192580469176","0.0334397163120567","0.126374113475177","14.5145680554612","205017964.071856"
"2019","350629","华安县","2.64294998939235","175.83","33.67","94.29","47.87","83.57","10.71","16.61","8.89","7.72",,,"49299","22565","3170","651","160840","21050","24841","785","21164","435971",,,"9.2","12.5","6.6","13.9","105857.91691752","53.5219747140277","1.50312801535139","0.536256611499744","0.272251606665529","0.475288631064096","0.028037877495308","0.0914747198999033","15.9118000565464","262475015.051174"
"2020","350629","华安县","2.76946615738926","170.76","35.73","87.87","47.16","77.9","9.97","13.4","7.14","6.26",,,"54008","17960","4060","572","147034","16517","23767","484","21452","411765",,,"-6","-26.3","3.7","-5.6","127432.835820896","53.2835820895522","1.62184712894663","0.514581869290232","0.276177090653549","0.456195830405247","0.0316280159287889","0.0861056453501991","20.6676578909646","307287313.432836"
"2021","350629","华安县","2.64030962407545","190.74","35.18","104.22","51.33","93.66","10.56","13.42","7.2","6.22","76.58","8.13","59457","23538","3890","892","139102","20291","26866","238","10501","45.86","-1.3","-24.4","9.6","8","10.5","11.4","142131.147540984","53.6512667660209","1.38424537279829","0.546398238439761","0.269109782950613","0.491034916640453","0.0311717521233092","0.0729275453496907","19.6744383314117","34172.8763040238"
"2013","350681","龙海市","1.87629628503331","520.24","57.49","293.37","252.44","40.93","169.38","91.8","48","43.8","303.85","247.52",,,,,,,,,,"1193873","2","-3.3",,,,"9.2","56671.0239651416","52.2875816993464","0.360659750313953","0.563912809472551","0.48523758265416","0.0786752268183915",,,"2.0438957353304","130051525.054466"
"2014","350681","龙海市","2.03424091650272","573.9","55.82","325.79","192.29","272.97","52.81","92.47","48.82","43.64","389.72","280.66",,,,,,,,,,"1071230","28.3","13.4",,,,"9.8","62063.3719044014","52.7955012436466","0.354459124673762","0.567677295696114","0.33505837253877","0.475640355462624",,,"2.19989284795363","115846220.395804"
"2015","350681","龙海市","2.1304316969304","640.33","57.54","363.61","219.18","297.08","66.53","93.3","50.34","42.96","501.25","374.07","196595","25076","35723","42810","409836","29299","85481","5787","68760","1126245","28.6","33.3","319.4","192.34","127.06","6.3","68631.2968917471","53.9549839228296","0.332708399876689","0.567847828463449","0.342292255555729","0.463948276669842","0.0307021379601143","0.0640038730029828","2.28342089703151","120712218.649518"
"2016","350681","龙海市","2.08335472604921","723.24","64.42","393.84","264.98","324.92","68.92","93.95","52.71","41.24","571.5","427.94","199023","44052","19103","28172","400562","35327","82006","1222","65540","1260516","14","14.4",,,,"11.4","76981.3730707823","56.104310803619","0.28805855954444","0.544549527127924","0.366379071953985","0.449256125214313","0.0275182512029202","0.0553843813948343","2.21751434385227","134168813.19851"
"2017","350681","龙海市","1.96697478991943","822.61","66.78","456.94","298.89","377.46","79.48","94.9","55.23","39.67","638.11","454.89","225806","61649","439","25103","470071","42894","85850","2042","63585","1411108","11.7","6.3","7.9","6.3","10.6","10.8","86681.77028451","58.1981032665964","0.239113892357184","0.555475863410365","0.363343504212203","0.458856566295085","0.0274499459038913","0.0571438470234984","2.07268154891405","148694204.425711"
"2018","350681","龙海市","1.82426100565129","908.35","73.26","489.07","346.03","401.36","87.71","95.64","57.19","38.45",,,"213970","74375","-9","37741","387684","43272","91195","2458","35978","1571750",,,"8.9","7.8","10.4","11.3","94975.9514847344","59.7971560016729","0.200832389018692","0.538415808884241","0.380943468927176","0.441856112731876","0.0235558980569164","0.0426800242197391","1.90742472360026","164340234.211627"
"2019","350681","龙海市","2.59927305621084","1100.46","79.22","641.77","379.47","486.51","155.26","96.31","58.27","38.04",,,"240225","76167","47741","3289","421745","41667","98219","4889","40868","2791215",,,"9.3","7.2","12.6","9.3","114262.27806043","60.5025438687571","0.2361987765308","0.583183396034386","0.344828526252658","0.442096941279101","0.0218295076604329","0.0383244279664867","2.69886102814956","289815699.30433"
"2020","350681","龙海市","1.93447056327214","1115.75","79.99","634.95","400.81","486.54","151.01","95.3","58.37","36.93",,,"248331","76322","43110","3893","437226","36735","95031","2579","45127","2476063",,,"3.8","2.6","16.5","-0.9","117077.649527807","61.2486883525708","0.173378495475881","0.569079094779297","0.359229218014788","0.436065426842931","0.0222568675778624","0.0391867353797894","2.02987467289836","259817733.473242"
"2021","350681","龙海市","2.51507155942189","1265.78","80.87","790.88","394.03","625.14","168.2","95.51","60.46","35.05","410.36","140.15","249471","66074","55054","3523","403449","40796","101881","1342","26554","264.32","-2.5","-26.5","14.4","-14.4","49.2","6.8","132528.53104387","63.3022720134017","0.198697369165407","0.624816318791575","0.311294221744695","0.493877293052505","0.0197088751599804","0.0318735483259334","2.63330704577729","27674.5890482672"
"2013","350702","延平区","1.90768073380357","241.32","33.77","127.66","85.27","42.39","79.89","46.9","30.9","16","130.94","99.38",,,,,,,,,,"915129","22","12.9",,,,"11.6","51454.157782516","65.8848614072495","0.790519117273152","0.529007127465606","0.353348251284601","0.175658876181004",,,"4.0675495390268","195123454.157782"
"2014","350702","延平区","1.9783397080987","263.46","33.33","138.42","91.71","86.28","52.15","47","31.07","15.93","202.8","165.8",,,,,,,,,,"1012441","14.8","17.8",,,,"11.6","56055.3191489362","66.1063829787234","0.750907047786647","0.525392849009337","0.348098383056251","0.327488043725803",,,"4.2092334214866","215412978.723404"
"2015","350702","延平区","1.0299970945992","277.06","35.04","137.96","104.06","82.06","55.91","47.2","31.4","15.8","230.73","207.69","68828","5694","13367","9718","208602","13916","40979","2260","45832","1177410","13.8","25.3","62.32","25.54","36.78","12.7","58699.1525423729","66.5254237288135","0.371759580812532","0.497942683895185","0.375586515556197","0.296181332563344","0.0248422724319642","0.0752912726485238","2.18219723432034","249451271.186441"
"2016","350702","延平区","1.25361425478067","298.66","38.72","146.36","113.58","87.99","58.37","47.5","31.92","15.58","152.36","120.66","68932","12262","6808","6702","223322","16181","51578","2475","49465","1331818","-22.2","-31",,,,"12.3","62875.7894736842","67.2","0.419746284999889","0.490055581597804","0.380298667380968","0.294615951248912","0.0230804259023639","0.074774660148664","2.63918790480141","280382736.842105"
"2017","350702","延平区","1.2006583132287","339.47","34.67","163.24","141.56","100.97","62.27","47.8","32.55","15.25","200.66","166.49","71919","22936","257","7118","236838","15595","53048","3210","54082","1424480","13.4","15.3","6.4","11.8","-0.2","8.8","71018.8284518829","68.0962343096234","0.353686132273456","0.480867234218046","0.417002975226088","0.297434235720388","0.0211856717824845","0.0697669897192683","2.51183747537385","298008368.200837"
"2018","350702","延平区","1.36045887489448","359.71","29.63","178.31","151.77","110.84","67.46","47.3","32.35","14.95",,,"76118","27775","84","7526","225113","17402","53110","3778","46098","1480508",,,"6.2","8.7","4.8","3.9","76048.6257928118","68.3932346723044","0.378209912122121","0.495704873370215","0.421923215923939","0.308137110450085","0.0211609351977982","0.0625818020071724","2.87623440781074","313003805.496829"
"2019","350702","延平区","0.655294240408648","405.83","34.6","173.9","197.33","82.84","91.15","47","32.38","14.62",,,"72854","26254","9354","1993","247210","18412","53166","2793","46423","1090231",,,"6.7","14.9","2.1","11.6","86346.8085106383","68.8936170212766","0.161470132914927","0.428504546238573","0.48623807998423","0.20412487987581","0.0179518517605894","0.0609146687036444","1.39424306469925","231964042.553192"
"2020","350702","延平区","1.24616463639366","415.82","40.65","164.92","210.25","72.94","92.06","45.4","32.72","12.68",,,"72557","21601","8615","1852","271744","19901","55302","3072","55545","1026520",,,"-6.8","-8.5","-6.8","-5.8","91590.308370044","72.0704845814978","0.29968847972528","0.396613919484392","0.505627434947814","0.175412438074167","0.017449136645664","0.0653513539512289","2.74485602729881","226105726.872247"
"2021","350702","延平区","1.34108205629664","438.69","39.03","166.57","233.09","65.8","100.82","45.1","32.6","12.5","145.36","35.63","73555","19394","8951","1821","235807","18055","46908","1846","44992","110.88","-6.5","-1.8","6.1","7","5.6","8","97270.5099778271","72.2838137472284","0.305701533268741","0.379698648248193","0.531331920034649","0.149992021700973","0.0167669652830017","0.0537525359593335","2.97357440420541","24585.3658536585"
"2013","350721","顺昌县","1.10818599793214","75.64","18.61","27.96","23.2","4.76","29.07","18.8","8.9","9.9","30.83","27.99",,,,,,,,,,"232531","17.3","21.5",,,,"8.8","40234.0425531915","47.3404255319149","1.46507932037565","0.369645690111052","0.306716023268112","0.0629296668429402",,,"5.89460637197947","123686702.12766"
"2014","350721","顺昌县","1.27471065362536","84.05","19.71","31.8","32.53","25.96","5.84","18.7","8.98","9.72","46.15","43.15",,,,,,,,,,"247149","49.7","54.2",,,,"7.5","44946.5240641711","48.0213903743316","1.5166099388761","0.378346222486615","0.387031528851874","0.308863771564545",,,"6.81663451136556","132165240.641711"
"2015","350721","顺昌县","1.32927139448284","90.91","19.86","34.03","37.02","27.79","6.24","18.8","9.1","9.7","61.03","57.04","39522","5542","8718","2166","181365","11261","34377","853","36198","280080","32.3","32.2","22.99","5.75","17.24","7.4","48356.3829787234","48.4042553191489","1.462183912092","0.374326256737433","0.407215927840722","0.305686943130569","0.0434737652623474","0.19949950500495","7.07059252384489","148978723.404255"
"2016","350721","顺昌县","1.47354506183067","98.67","21.48","36.32","40.87","29.6","6.72","19","9.35","9.65","71.89","67.84","42649","8961","3078","1782","187432","12047","38463","430","32678","297530","17.8","18.9",,,,"7.8","51931.5789473684","49.2105263157895","1.49340737998446","0.368095672443499","0.414208979426371","0.299989865207257","0.0432238775717037","0.189958447349752","7.75550032542458","156594736.842105"
"2017","350721","顺昌县","1.5886825463138","109.87","17.21","42.05","50.6","33.91","8.14","19.1","9.45","9.65","106.11","104.2","46951","14265","373","2467","207138","13171","38493","686","40385","330223","47.6","53.6","8.4","3.5","3.5","7.9","57523.5602094241","49.4764397905759","1.44596572887394","0.382725038682079","0.460544279603167","0.308637480658961","0.0427332301811231","0.188530081004824","8.3177096665644","172891623.036649"
"2018","350721","顺昌县","1.48935881039272","127.88","19.17","47.92","60.79","37.58","10.33","19.2","9.7","9.5",,,"52699","20336","49","1843","206250","20336","38771","1559","41683","366222",,,"10.4","11","10.1","10.9","66604.1666666667","50.5208333333333","1.16465343321295","0.374726305911792","0.475367532061307","0.293869252424148","0.041209727869878","0.161284016265249","7.75707713746208","190740625"
"2019","350721","顺昌县","1.77102263579502","133.18","20.74","56.74","55.7","48.49","8.28","19.2","9.85","9.35",,,"54930","22134","3669","722","218210","22051","39098","2147","38060","328050",,,"8.1","13.2","5.7","10.3","69364.5833333333","51.3020833333333","1.32979624252517","0.426039945937829","0.418230965610452","0.364093707763929","0.0412449316714221","0.163845922811233","9.22407622809906","170859375"
"2020","350721","顺昌县","1.67459626329424","128.33","22.21","45.24","60.88","36.87","8.39","17.9","9.2","8.7",,,"55718","19269","3170","2880","249849","20208","39512","2166","38089","316999",,,"-21","-17.7","-23","-3.4","71692.7374301676","51.3966480446927","1.30491409903704","0.352528637107457","0.474401932517728","0.287306163796462","0.0434177511104184","0.194692589417907","9.35528638711866","177094413.407821"
"2021","350721","顺昌县","1.86527905551513","140.62","21.47","49.1","70.06","39.1","10.01","17.8","9.2","8.6","105.23","14.5","57149","24286","3241","1909","236865","17495","40311","928","35184","33.9","1.9","66.8","12.7","-28.4","48.4","7","79000","51.685393258427","1.32646782500009","0.349167970416726","0.498222159010098","0.278054330820651","0.0406407338927606","0.168443322429242","10.4790958175007","19044.9438202247"
"2013","350722","浦城县","1.51219636043709","95.19","25.9","36.03","28.31","7.72","33.26","29.9","13.2","16.7","101.07","96.32",,,,,,,,,,"330480","21.7","24.4",,,,"11","31836.1204013378","44.1471571906354","1.58860842571393","0.37850614560353","0.297405189620758","0.0811009559827713",,,"5.05751291116084","110528428.093645"
"2014","350722","浦城县","1.39728955423333","107.8","27.94","42.03","37.83","32.62","9.41","29.8","13.44","16.36","124.82","120.69",,,,,,,,,,"365224","23.5","25.3",,,,"10.6","36174.4966442953","45.1006711409396","1.29618697053185","0.389888682745826","0.350927643784787","0.302597402597403",,,"4.68889112158836","122558389.261745"
"2015","350722","浦城县","1.23736877458448","118.84","31.33","45.83","41.68","36.09","9.75","29.7","13.5","16.2","130.15","123.05","62816","4990","12224","3610","229495","11120","43394","1991","59901","393336","4.3","2","35.33","16.5","18.83","4.6","40013.468013468","45.4545454545455","1.0412056332754","0.385644564119825","0.350723662066644","0.303685627734769","0.0528576236957253","0.19311258835409","4.16622483025077","132436363.636364"
"2016","350722","浦城县","1.191667931931","135.03","40.6","48.73","45.7","38.58","10.15","29.8","13.77","16.03","133.9","130.77","53532","9354","5322","2688","252236","16863","46149","1039","69232","437884","2.9","6.3",,,,"9.9","45312.0805369127","46.2080536912752","0.882520870866474","0.360882766792565","0.33844330889432","0.285714285714286","0.0396445234392357","0.186799970376953","3.99888567762081","146940939.597315"
"2017","350722","浦城县","1.28036427149102","144.26","32.35","54.51","57.39","44.14","10.37","29.9","14.08","15.82","165.85","163.88","58271","12523","448","4020","279948","15221","48940","1599","59116","486234","23.9","25.3","7.6","9.2","6.4","8.9","48247.491638796","47.0903010033445","0.887539353591446","0.377859420490781","0.397823374462776","0.305975322334674","0.0403930403438237","0.194057950921946","4.28215475415057","162620066.889632"
"2018","350722","浦城县","1.30710981664984","157.54","33.87","57.25","66.42","47.09","10.16","30","14.43","15.57",,,"66122","17608","250","5412","310569","19836","52986","2519","63468","524964",,,"3.4","6.8","2.5","8","52513.3333333333","48.1","0.829700277167602","0.363399771486607","0.421607210867081","0.298908213786975","0.0419715627777072","0.197136600228513","4.35703272216613","174988000"
"2019","350722","浦城县","1.37123434399986","166.62","35.65","60.22","70.74","47.74","12.51","30","14.7","15.3",,,"67912","18409","6328","1133","333055","23109","60103","2580","68023","445467",,,"8.5","7.3","15.3","11.8","55540","49","0.822971038290637","0.361421197935422","0.424558876485416","0.286520225663186","0.0407586124114752","0.199888968911295","4.5707811466662","148489000"
"2020","350722","浦城县","1.33089932963649","175.54","39.72","58.49","77.32","44.28","14.23","29.8","14.34","15.46",,,"67973","17539","4911","985","336923","22238","61524","3133","67749","415963",,,"-2.7","-2.6","-3.2","-6.6","58906.0402684564","48.1208053691275","0.758174393093591","0.333200410162926","0.440469408681782","0.252250199384756","0.038722228551897","0.19193517147089","4.46610513300836","139584899.328859"
"2021","350722","浦城县","1.50648150454461","181.74","40.71","55.06","85.98","38.78","16.29","29.6","14.3","15.3","117.89","16.05","72628","16721","7330","1041","315992","22173","68865","1838","50747","45.01","-1.1","-32","6.2","8.6","-4.1","8.2","61398.6486486487","48.3108108108108","0.828921263642902","0.302960272917354","0.473093430174975","0.213381754154286","0.0399625839110818","0.17387036425663","5.08946454238044","15206.0810810811"
"2013","350723","光泽县","1.32250968027482","61.5","27.08","20.39","18.34","2.05","14.03","13","5.6","7.4","33.66","26.77",,,,,,,,,,"147402","19.1","11.2",,,,"10.4","47307.6923076923","43.0769230769231","2.1504222443493","0.331544715447154","0.298211382113821","0.0333333333333333",,,"10.1731513867294","113386153.846154"
"2014","350723","光泽县","1.34546453705953","69.08","31.05","22.5","15.53","19.97","2.53","13.3","5.87","7.43","37.36","30.45",,,,,,,,,,"156832","11","13.7",,,,"6.8","51939.8496240601","44.1353383458647","1.94769041265132","0.325709322524609","0.22481181239143","0.289085118702953",,,"10.1162747147333","117918796.992481"
"2015","350723","光泽县","1.38781980887834","78.46","36.89","23.85","17.72","21.2","2.65","13.4","6","7.4","48.71","43.64","39201","2966","13484","2531","137226","8420","24935","1051","35220","178184","30.4","43.3","11.03","8.05","2.97","9.8","58552.2388059701","44.7761194029851","1.76882463532799","0.303976548559776","0.225847565638542","0.270201376497578","0.0499630384909508","0.174899311751211","10.3568642453607","132973134.328358"
"2016","350723","光泽县","1.38609807303191","82.98","38.58","25.27","19.13","22.48","2.79","13.5","6.17","7.33","49.06","43.97","40631","4353","5797","4514","149573","11013","25882","1136","30161","191067","0.7","0.8",,,,"7.8","61466.6666666667","45.7037037037037","1.67040018442023","0.304531212340323","0.230537478910581","0.270908652687395","0.0489648107977826","0.180251867919981","10.2673931335697","141531111.111111"
"2017","350723","光泽县","1.53059348687201","91.18","38.95","28.78","23.45","25.66","3.12","13.6","6.32","7.28","64.47","57.43","43285","9032","324","3183","174716","11651","26994","519","44972","217937","31.4","30.6","7.6","9.1","1.5","9","67044.1176470588","46.4705882352941","1.67865045719676","0.31563939460408","0.257183592893178","0.281421364334284","0.0474720333406449","0.1916165825839","11.2543638740589","160247794.117647"
"2018","350723","光泽县","1.5801706817476","98.77","40.5","32.25","26.02","28.57","3.69","13.7","6.48","7.22",,,"44901","9178","-10","3700","162415","18004","42452","2642","30320","237686",,,"9.7","11.5","0.7","9.1","72094.8905109489","47.2992700729927","1.59984882226142","0.326516148628126","0.26344031588539","0.289257871823428","0.0454601599676015","0.16443758226182","11.5340925675007","173493430.656934"
"2019","350723","光泽县","1.71777890330932","114.53","43.14","38.67","32.72","32.88","5.8","13.8","6.62","7.18",,,"45291","8550","5694","3036","187604","16540","42812","1792","37450","217370",,,"7","7.1","5.6","10.7","82992.7536231884","47.9710144927536","1.49985060971738","0.337640792805379","0.285689339037807","0.287086352920632","0.039545097354405","0.163803370295992","12.4476732123864","157514492.753623"
"2020","350723","光泽县","1.69004986998653","117.29","44.04","37.43","35.81","31.6","5.83","13","6.55","6.45",,,"45564","9636","5833","3760","193527","16251","33790","1484","42989","201697",,,"3","5.3","-22.5","-7.2","90223.0769230769","50.3846153846154","1.44091556823815","0.319123539943729","0.305311620769034","0.269417682666894","0.0388473015602353","0.164998721118595","13.000383615281","155151538.461538"
"2021","350723","光泽县","1.61674748407302","120.47","46.13","35.1","39.24","28.71","6.4","12.9","6.5","6.4","59.31","7.89","46974","11757","6405","5592","161999","13193","35059","1101","36016","23.7","9","1","25.7","26.8","0","17.5","93387.5968992248","50.3875968992248","1.34203327307464","0.291358844525608","0.325724246700423","0.238316593342741","0.0389922802357433","0.134472482775795","12.5329262331242","18372.0930232558"
"2013","350724","松溪县","1.17396119467048","35.67","11.44","13.17","10.1","3.07","11.06","11.9","5.1","6.8","28.38","24.92",,,,,,,,,,"155615","66.9","74.7",,,,"17.8","29974.7899159664","42.8571428571429","3.29117239885192","0.369217830109336","0.283151107373143","0.0860667227361929",,,"9.86522012328135","130768907.563025"
"2014","350724","松溪县","1.48111029003532","39.52","12.07","14.88","12.57","11.15","3.73","11.8","5.17","6.63","41.73","39.66",,,,,,,,,,"176231","47","59.2",,,,"13.9","33491.5254237288","43.8135593220339","3.74774870960354","0.376518218623482","0.318066801619433","0.282135627530364",,,"12.5517821189434","149348305.084746"
"2015","350724","松溪县","1.49737277411109","42.86","12.38","16.19","14.29","12.28","3.91","11.9","5.3","6.6","54.33","51.53","29452","1515","6825","1717","135567","9047","26724","1767","27112","203433","30.2","29.9","17.05","12.83","4.23","12.3","36016.8067226891","44.5378151260504","3.49363689713273","0.377741483901073","0.333411105926272","0.286514232384508","0.0687167522165189","0.316301913205786","12.5829644883285","170952100.840336"
"2016","350724","松溪县","1.31630779800657","46.64","13.48","17.32","15.84","13.09","4.23","12.1","5.44","6.66","54.88","44.32","21842","3350","1334","1036","143444","11688","25046","1863","23501","242567","1","-14",,,,"8.4","38545.4545454545","44.9586776859504","2.82227229418218","0.371355060034305","0.339622641509434","0.280660377358491","0.0468310463121784","0.307555746140652","10.8785768430295","200468595.041322"
"2017","350724","松溪县","1.25822979279353","52.21","12.23","20.23","19.75","14.53","5.7","12.2","5.71","6.49","66","59.21","24257","5946","78","1285","176802","16622","27643","2300","33582","267286","20.3","33.6","3.5","0.5","11","10.6","42795.0819672131","46.8032786885246","2.40994022753022","0.387473664049033","0.378280022984103","0.278299176402988","0.0464604481900019","0.338636276575369","10.313358957324","219086885.245902"
"2018","350724","松溪县","1.43110524925197","59.72","13.05","23.74","22.94","16.15","7.59","12.3","5.87","6.43",,,"27174","7791","21","1622","179055","15983","29069","2957","33258","292040",,,"9.7","8.9","11.3","9.3","48552.8455284553","47.7235772357724","2.39635842138642","0.397521768251842","0.384125920964501","0.270428667113195","0.0455023442732753","0.299824179504354","11.6350020264388","237430894.308943"
"2019","350724","松溪县","1.50784338118434","81.54","14.11","33","34.43","22.18","10.83","12.3","5.99","6.31",,,"27441","8038","1870","452","156810","15000","29147","1998","24472","352764",,,"7.8","7.3","9","11.7","66292.6829268293","48.6991869918699","1.84920699188661","0.404709345106696","0.42224675006132","0.272013735589895","0.0336534216335541","0.192310522442973","12.2588892779215","286800000"
"2020","350724","松溪县","1.58782742974473","80.16","14.2","29.15","36.82","18.49","10.67","13.1","6.45","6.65",,,"27494","6832","2035","710","170885","15378","29213","2363","28607","341065",,,"-18.1","-17.4","-19.6","-3.3","61190.8396946565","49.2366412213741","1.98082264189712","0.363647704590818","0.459331337325349","0.230663672654691","0.0342989021956088","0.213179890219561","12.1208200743873","260354961.832061"
"2021","350724","松溪县","1.87793193334722","85.54","14.54","29.83","41.17","17.18","12.66","13","6.5","6.5","85.67","9.76","28050","7371","2162","678","140763","14688","29505","1951","17820","36.06","9.3","53.1","1.5","-1.7","8.7","5.7","65800","50","2.1953845374646","0.348725742342764","0.481295300444237","0.200841711480009","0.0327916764086977","0.164558101472995","14.4456302565171","27738.4615384615"
"2013","350725","政和县","1.17938691599966","38.92","12.03","13.93","12.14","1.79","12.96","16.6","7","9.6","39.89","36.09",,,,,,,,,,"138221","81.4","82",,,,"16.6","23445.7831325301","42.1686746987952","3.03028498458289","0.357913669064748","0.311921891058582","0.0459917780061665",,,"7.10474045782928","83265662.6506024"
"2014","350725","政和县","1.43400525922712","43.4","12.85","15.96","14.6","13.76","2.2","16.5","7.13","9.37","55.67","43.73",,,,,,,,,,"168738","39.6","21.2",,,,"15.3","26303.0303030303","43.2121212121212","3.30415958347263","0.367741935483871","0.336405529953917","0.31705069124424",,,"8.69094096501285","102265454.545455"
"2015","350725","政和县","1.48970358918291","49.96","14.16","19.21","16.59","16.91","2.3","16.6","7.2","9.4","66.8","61.17","37190","2438","10192","2999","175694","10033","28699","1332","68323","193154","20","39.9","20.48","15.42","5.05","11.9","30096.3855421687","43.3734939759036","2.98179261245578","0.384507606084868","0.332065652522018","0.338470776621297","0.0744395516413131","0.351669335468375","8.97411800712596","116357831.325301"
"2016","350725","政和县","1.325871605866","56.77","18.25","20.48","18.04","18.01","2.47","16.7","7.4","9.3","70.26","64.67","32233","4864","2870","2352","152249","9935","29590","982","44165","210560","5.2","5.7",,,,"10.5","33994.0119760479","44.311377245509","2.33551454265633","0.360753919323586","0.317773471904175","0.317245023780166","0.0567782279372908","0.268185661440902","7.93935093332934","126083832.335329"
"2017","350725","政和县","1.48566427017903","61.63","15.73","23.93","21.97","20.57","3.35","16.8","7.78","9.02","74.33","72.04","34747","7847",,"2281","159814","9439","28528","1067","36381","241673","5.8","11.4","7.7","7.8","7.5","10","36684.5238095238","46.3095238095238","2.41061864380826","0.388284926172319","0.35648223267889","0.333766023040727","0.0563800097355184","0.259312023365244","8.84323970344661","143852976.190476"
"2018","350725","政和县","1.53068890534514","69.87","16.47","27.53","25.87","23.22","4.31","16.9","7.95","8.95",,,"36990","8991",,"2994","167040","12723","30100","1815","41959","269851",,,"9.5","9.2","10.1","11.7","41343.1952662722","47.0414201183432","2.19076700349956","0.394017460998998","0.37025905252612","0.332331472735079","0.0529411764705882","0.239072563331902","9.05733080085882","159675147.928994"
"2019","350725","政和县","1.57482822549729","98.27","17.79","40.66","39.82","34.33","6.34","16.9","8.11","8.79",,,"37456","11302","3352","870","182068","15071","30772","2187","41911","576631",,,"8.2","6","13.2","11.7","58147.9289940828","47.9881656804734","1.60255238170071","0.413758013635901","0.405210135341406","0.34934364505953","0.0381153963569757","0.185273226824056","9.31851021004314","341201775.147929"
"2020","350725","政和县","1.41947460901649","98.32","18.65","36.49","43.18","30.13","6.36","17.9","9.28","8.62",,,"38812","10727","3127","636","203751","14963","31252","2211","47034","561190",,,"-7.3","-1.4","-18.2","-2.7","54927.374301676","51.8435754189944","1.44372926059448","0.37113506916192","0.439178193653377","0.306448331977217","0.0394751830756713","0.207232506102522","7.93002574869548","313513966.480447"
"2021","350725","政和县","1.68532495305492","104.5","21.06","35.21","48.23","27.72","7.5","17.8","9.3","8.5","104.37","5.74","41503","13980","5007","826","196924","14699","32443","1803","38352","59.29","6.6","43.4","9.5","10.3","7.3","5.7","58707.8651685393","52.247191011236","1.61275115124873","0.336937799043062","0.461531100478469","0.265263157894737","0.0397157894736842","0.188444019138756","9.46811771379168","33308.9887640449"
"2013","350781","邵武市","1.11185258433942","164.19","28.98","82.09","63.87","18.22","53.12","27.5","18.6","8.9","193.33","180.33",,,,,,,,,,"807503","54.5","53.6",,,,"21.5","59705.4545454545","67.6363636363636","0.677174361617285","0.499969547475486","0.389000548145441","0.110968999330044",,,"4.0431003066888","293637454.545455"
"2014","350781","邵武市","1.28231053900016","185.42","30.25","94.28","60.89","72.12","22.16","27.4","18.5","8.9","264.11","246.31",,,,,,,,,,"931979","36.6","36.6",,,,"16.5","67671.5328467153","67.5182481751825","0.691570779311919","0.508467263509869","0.328389601984683","0.388954805306871",,,"4.6799654708035","340138321.167883"
"2015","350781","邵武市","1.4021598130733","191.98","30.9","92.34","68.74","78.78","13.56","27.3","18.4","8.9","344.7","321.48","132103","11295","26325","6621","260822","18939","41719","1126","49469","924558","30.5","30.5","88.81","46.16","42.65","14.6","70322.3443223443","67.3992673992674","0.730367649272476","0.4809876028753","0.358058131055318","0.410355245338056","0.0688108136264194","0.135858943639963","5.13611653140403","338665934.065934"
"2016","350781","邵武市","1.62266353264204","205.96","31.79","98.39","75.78","83.86","14.53","27.5","18.65","8.85","339.81","325.12","107426","18336","8340","6388","237194","20114","52454","551","37140","1068282","-1.4","1.1",,,,"10","74894.5454545455","67.8181818181818","0.787853725306875","0.477714119246456","0.367935521460478","0.407166440085453","0.0521586715867159","0.115165080598174","5.90059466415287","388466181.818182"
"2017","350781","邵武市","1.30456027144522","230.44","25.32","111.45","93.67","95.02","16.43","27.7","18.92","8.78","386.82","365.54","115456","30183","-25","5562","290450","19436","58779","515","50536","1201791","13.8","12.4","5","8","-4","11.7","83191.3357400722","68.3032490974729","0.566117111371819","0.483639993056761","0.406483249435862","0.412341607359833","0.0501024127755598","0.126041485853151","4.70960386803329","433859566.787004"
"2018","350781","邵武市","1.41310294618006","257.72","27.5","124.65","105.57","102.95","21.7","27.8","19.15","8.65",,,"124972","40332","79","10445","282422","22416","59984","1629","47757","1360188",,,"7.1","11.1","1.9","13.2","92705.035971223","68.8848920863309","0.548309384673312","0.48366444203011","0.409630606860158","0.399464535154431","0.0484913860003104","0.109584820735682","5.08310412294986","489276258.992806"
"2019","350781","邵武市","1.51939827460122","244.25","30.18","117.66","96.4","94.88","22.83","27.7","19.28","8.42",,,"127802","37638","10460","2738","288934","24614","60111","1710","43560","1176940",,,"0.8","8.7","-9.1","11.9","88176.8953068592","69.6028880866426","0.622066847329056","0.481719549641761","0.39467758444217","0.388454452405322","0.0523242579324463","0.118294370522006","5.48519232708022","424888086.642599"
"2020","350781","邵武市","1.46414665619565","241.66","29.37","107.27","105.03","83.13","24.19","27.4","21.8","5.6",,,"132057","26482","7947","2534","310303","18373","60323","1766","46513","1154432",,,"-7.4","-11.2","-1.1","-1.9","88197.0802919708","79.5620437956204","0.605870502439647","0.443888107258131","0.434618886038236","0.343995696433005","0.054645783331954","0.128404783580237","5.34360093502062","421325547.445256"
"2021","350781","邵武市","1.65843015365573","257.04","32.61","108.58","115.85","80.23","28.37","27.3","21.8","5.5","175.07","17.21","141199","28731","15399","3172","336058","21420","64819","2019","50770","126.44","1.8","-36.1","14.8","12.3","17.8","9.5","94153.8461538462","79.8534798534799","0.645203141011411","0.422424525365702","0.450708061002179","0.312130407718643","0.0549326953003424","0.130741518829754","6.07483572767667","46315.0183150183"
"2013","350782","武夷山市","1.25861204337337","109.89","22.2","41.23","25.95","15.28","46.46","23","12.5","10.5","229.41","220.12",,,,,,,,,,"422016","61.2","63",,,,"21.6","47778.2608695652","54.3478260869565","1.14533810480787","0.375193375193375","0.236145236145236","0.139048139048139",,,"5.47222627553639","183485217.391304"
"2014","350782","武夷山市","1.27341361278756","123.77","23.44","48.2","52.12","29.68","18.52","23.1","12.73","10.37","233.98","217.41",,,,,,,,,,"411480","2","-1.2",,,,"14.9","53580.0865800866","55.1082251082251","1.02885482167533","0.389432010988123","0.421103660014543","0.239799628342894",,,"5.51261304237039","178129870.12987"
"2015","350782","武夷山市","1.5752132825926","138.88","24.54","55.54","58.8","32.02","23.52","23.2","12.9","10.3","301.01","287.99","95866","4397","21305","4573","219151","14244","36743","2365","44812","443382","28.6","32.5","44.97","41.04","3.93","10.4","59862.0689655172","55.6034482758621","1.13422615394052","0.399913594470046","0.423387096774194","0.230558755760369","0.0690279377880184","0.157798819124424","6.7897124249681","191112931.034483"
"2016","350782","武夷山市","1.56060324480414","150.33","27.27","58.68","64.38","34.2","24.48","23.4","13.15","10.25","259.61","243.87","86831","11501","6515","3337","227430","16580","32198","1975","53801","468896","-13.8","-15.3",,,,"10.9","64243.5897435898","56.1965811965812","1.0381183029363","0.390341249251646","0.428257832767911","0.227499501097585","0.0577602607596621","0.151287168229894","6.66924463591513","200382905.982906"
"2017","350782","武夷山市","1.6333692817757","167.37","23.73","66.66","76.98","40.01","26.65","23.7","13.58","10.12","267.79","250.92","80166","18183","377","4292","264683","16660","38945","2781","52857","518333","3.2","2.9","8.2","7.2","15.4","10","70620.253164557","57.2995780590717","0.975903257319532","0.398279261516401","0.459939057178706","0.23905120391946","0.0478974726653522","0.158142438907809","6.89185350960211","218705907.172996"
"2018","350782","武夷山市","1.65782261032687","186.68","25.6","72.82","88.26","44.68","28.14","23.8","13.85","9.95",,,"86816","18616","191","6187","275124","21343","39819","3604","56053","577034",,,"10","10.1","9","11.3","78436.974789916","58.1932773109244","0.888055822973468","0.390079280051425","0.472787658024427","0.23934004713949","0.0465052496250268","0.147377330190701","6.9656412198608","242451260.504202"
"2019","350782","武夷山市","1.61440962185423","207.12","27.76","82.09","97.26","64.78","17.32","23.8","14.04","9.76",,,"90399","23952","4944","3264","277761","21642","42666","2341","60690","668428",,,"7.6","8.2","0.1","10.1","87025.2100840336","58.9915966386555","0.779456171231281","0.396340285824643","0.469582850521437","0.312765546543067","0.0436457126303592","0.134106315179606","6.78323370526987","280852100.840336"
"2020","350782","武夷山市","1.45417148006827","208.05","28.51","74.65","104.89","53.01","21.65","26","15.95","10.05",,,"93467","22528","3959","3836","295957","22024","46163","3262","65783","657131",,,"-18.1","-18.9","-6","-1.7","80019.2307692308","61.3461538461538","0.698952886358217","0.358807978851238","0.504157654409998","0.254794520547945","0.0449252583513578","0.142252823840423","5.59296723103181","252742692.307692"
"2021","350782","武夷山市","1.6897494290503","224.68","30.04","74.78","119.86","51.02","23.78","26.1","16.1","10","214.5","30.43","98197","25846","5148","3026","252623","16918","49908","2310","53043","73.23","0.2","5.6","1.1","1.2","-13.6","11.4","86084.2911877395","61.6858237547893","0.752069355995327","0.332828912230728","0.533469823749332","0.227078511661029","0.0437052697169307","0.112436799003027","6.47413574348774","28057.4712643678"
"2013","350783","建瓯市","1.6412769687116","158.39","46.58","58.06","49.06","9","53.75","45.3","20.3","25","174.68","155.58",,,,,,,,,,"575379","65.8","65.8",,,,"16.2","34964.6799116998","44.8123620309051","1.03622512072202","0.366563545678389","0.309741776627312","0.0568217690510765",,,"3.62312796625077","127015231.788079"
"2014","350783","建瓯市","1.37053364348253","175.92","49.31","66.04","60.57","55.03","11","45.2","21.02","24.18","210.03","189.51",,,,,,,,,,"610088","20.2","21.8",,,,"10.9","38920.3539823009","46.5044247787611","0.779066418532589","0.375397908140064","0.344304229195089","0.31281264211005",,,"3.03215407850117","134975221.238938"
"2015","350783","建瓯市","1.44481314366143","198.67","51.27","77.89","69.51","58.3","19.59","45.1","21.7","23.4","253.32","226.78","89438","8268","19240","5701","261627","12973","57050","613","46215","700754","20.6","19.7","50.43","29.09","21.34","10","44050.9977827051","48.1152993348115","0.727242736025283","0.392057180248654","0.349876679921478","0.293451452156843","0.0450183721749635","0.131689233402124","3.20357681521381","155377827.050998"
"2016","350783","建瓯市","1.92060145600993","218.11","56.85","83.39","77.87","62.17","21.22","45.3","22.42","22.88","262.18","247.21","80596","13969","5267","4007","283361","13747","57899","1339","46003","785594","3.5","9",,,,"9.6","48147.9028697572","49.4922737306843","0.880565520154936","0.382330016963917","0.357021686305075","0.285039658887717","0.0369519966989134","0.129916555866306","4.2397383134877","173420309.050773"
"2017","350783","建瓯市","1.39494856779632","237.2","44.33","97.06","95.81","71.83","25.23","45.5","22.98","22.52","313.95","295.51","83040","23434","402","4949","323013","17310","62801","10368","45913","860650","19.7","19.5","7.9","9.6","5.6","13.1","52131.8681318681","50.5054945054945","0.588089615428465","0.409190556492411","0.403920741989882","0.302824620573356","0.0350084317032041","0.136177487352445","3.06582102812378","189153846.153846"
"2018","350783","建瓯市","2.03346821356194","266.7","48.43","108.41","109.86","79.01","29.4","45.6","23.53","22.07",,,"95498","28806","23","8578","343950","18301","85200","7669","58751","975462",,,"8.5","11.1","4.7","13.3","58486.8421052632","51.6008771929825","0.762455273176581","0.406486689163854","0.411923509561305","0.296250468691414","0.0358072740907387","0.12896512935883","4.4593601174604","213917105.263158"
"2019","350783","建瓯市","1.79342701664424","291.72","51.72","120.14","119.86","96.97","23.24","45.5","23.89","21.61",,,"99908","27621","6714","2390","355301","22885","85231","6978","55533","1526617",,,"8","8.9","6.6","11.6","64114.2857142857","52.5054945054945","0.614776846511806","0.411833264774441","0.410873440285205","0.332407788290141","0.0342479089537913","0.121795214589332","3.94159783877855","335520219.78022"
"2020","350783","建瓯市","2.17881973433759","280.29","53.03","99.42","127.84","76.36","23.1","43.4","22.59","20.81",,,"105758","21617","5862","3502","357177","25460","85265","4112","61934","1456807",,,"-18.8","-16.3","-22.5","-4.6","64582.9493087558","52.0506912442396","0.777344798008345","0.354704056512897","0.45609904027971","0.272432123871704","0.0377316350922259","0.12743123193835","5.02032196851979","335669815.668203"
"2021","350783","建瓯市","2.39568820206633","295.62","56.71","101.57","137.34","75.18","26.43","43.1","22.6","20.5","198.45","29.42","112026","25269","8965","1635","321663","23579","85284","2540","47157","156.2","-5.8","-19.4","2.8","8","-4.5","7.2","68589.3271461717","52.4361948955916","0.810394493629095","0.343582978147622","0.464582910493201","0.254312969352547","0.037895270955957","0.108809620458697","5.55844130409821","36241.2993039443"
"2013","350784","建阳市","1.17868007925708","125.18","30.42","60.6","50.66","9.94","34.16","29.1","15.7","13.4","178.68","144.39",,,,,,,,,,"403278","38.5","30.5",,,,"15.5","43017.1821305842","53.9518900343643","0.941588176431602","0.484102891835756","0.404697235980188","0.079405655855568",,,"4.05044700775629","138583505.154639"
"2014","350784","建阳市","1.38925558338218","140.14","31.65","69.54","38.96","57.28","12.26","29.2","16.03","13.17","234.42","204.34",,,,,,,,,,"439812","31.2","41.5",,,,"15.2","47993.1506849315","54.8972602739726","0.991334082618938","0.496218067646639","0.278007706579135","0.408734123019837",,,"4.7577246006239","150620547.945205"
"2015","350784","建阳市","1.44625347844883","151.81","32.86","75.25","43.7","62.62","12.63","30.8","17","13.8","284.16","241.77","105075","6291","21808","8512","245356","15903","46980","1744","56121","544174","21.2","18.3","72.8","38.49","34.31","14.2","49288.961038961","55.1948051948052","0.952673393352763","0.495685396218958","0.287859824780976","0.412489295830314","0.0692148079836638","0.161620446610895","4.69562817678192","176679870.12987"
"2016","350784","建阳市","1.316215061099","164.59","35.29","79.3","50","65.68","13.62","31.2","17.5","13.7","275.87","224.42","109293","16767","8181","4962","260359","17665","48765","2093","43215","532589","-2.9","-7.2",,,,"12","52753.2051282051","56.0897435897436","0.799693214107175","0.481803268728355","0.303785163132633","0.399052190291026","0.0664031836685096","0.158186402576098","4.21863801634295","170701602.564103"
"2017","350784","建阳市","1.43466217040236","186.92","34.46","91.22","61.24","75.6","15.61","31.7","18.16","13.54","344.17","292.67","117092","25515","142","8242","293976","19626","57920","2454","48601","601638","24.8","30.4","6.8","8.8","4.2","12.4","58965.2996845426","57.2870662460568","0.767527375563","0.4880162636422","0.327626792210571","0.404451102075754","0.0626428418574791","0.1572736999786","4.52574817161628","189791167.192429"
"2018","350784","建阳市","1.5083751458176","207.91","36.84","102.93","68.15","83.64","19.28","32.4","19.21","13.19",,,"128468","26039","24","12265","275036","23653","58618","3057","45776","666921",,,"9.2","13.2","5","10.9","64169.7530864198","59.2901234567901","0.725494274357943","0.495069982203838","0.327786061276514","0.402289452166803","0.0617901976816892","0.132286085325381","4.65547884511605","205839814.814815"
"2019","350784","建阳市","1.79166800011614","248.52","39.73","108.23","100.56","86.45","21.83","32.8","19.81","12.99",,,"131769","34744","15194","2339","290176","24958","60662","3194","46057","923727",,,"2.1","7.1","-3.5","5.6","75768.2926829268","60.3963414634146","0.720935136051883","0.435498149042331","0.404635441815548","0.347859327217125","0.0530214872042492","0.116761628842749","5.46240243937848","281624085.365854"
"2020","350784","建阳市","1.60275654811261","261.94","39.38","106.37","116.2","80.15","26.27","34.1","21","13.1",,,"133646","30225","8289","3185","318329","26849","64880","4352","55616","891928",,,"-1.9","-2.8","-0.8","-3.4","76815.2492668622","61.58357771261","0.611879265523635","0.406085363060243","0.443613041154463","0.305986103687867","0.0510216080018325","0.12152744903413","4.70016583024226","261562463.343109"
"2021","350784","建阳市","1.74067119437247","268.68","44.08","98.75","125.85","68.02","30.76","34.3","21.3","13","172.32","65.34","138317","35678","10656","3228","316462","33363","65256","3388","49414","96.27","0.9","15.5","4.7","5.3","3.9","7.9","78332.361516035","62.0991253644315","0.647860352230337","0.367537591186542","0.468401071907101","0.253163614708947","0.0514801994938216","0.117783980943874","5.07484313228125","28067.055393586"
"2013","350802","新罗区","1.63667621491563","568.68","23.82","349.65","293.65","56","195.21","69.3","48.9","20.4","475.6","354.99",,,,,,,,,,"2180129","26.1","17.5",,,,"15.6","82060.606060606","70.5627705627706","0.287802668445458","0.614844903988183","0.516371245691778","0.0984736582964057",,,"2.36172613984939","314592929.292929"
"2014","350802","新罗区","1.69279728775778","607.66","23.47","370.84","213.34","307.3","63.54","70.6","49.7","20.9","580.57","425.19",,,,,,,,,,"2385048","22.1","19.8",,,,"9.4","86070.821529745","70.3966005665722","0.278576389388438","0.610275483000362","0.351084488036073","0.505710430174769",,,"2.3977298693453","337825495.750708"
"2015","350802","新罗区","1.70587259962439","637.73","25.51","379.55","232.67","311.34","68.21","71.4","50.4","21","675.97","528.66","199678","20329","44895","26157","345799","26226","83952","9843","73810","2816363","16.4","24.3","274.55","153.62","120.94","11.7","89317.9271708683","70.5882352941176","0.267491352080722","0.595157825412008","0.364840920138617","0.488200335565208","0.0313107427908362","0.0542234174337102","2.3891773103983","394448599.439776"
"2016","350802","新罗区","1.66827554696797","692.26","29.51","398.6","264.15","326.28","72.31","72.5","51.55","20.95","759.1","628.4","201915","38800","21340","17316","320524","31396","72817","6274","53855","3123218","15","22.6",,,,"13.9","95484.1379310345","71.1034482758621","0.240989736077192","0.575795221448589","0.381576286366394","0.471325802444168","0.0291675093173085","0.0463011007424956","2.30106971995582","430788689.655172"
"2017","350802","新罗区","1.78921147953299","790.65","37","429.75","323.9","349.56","80.19","73.4","52.41","20.99","845.98","711.13","219365","60076","294","19927","406798","38062","97680","36326","58576","3551392","11.4","13.2","7.3","5.1","9.6","13.4","107717.983651226","71.4032697547684","0.226296272627963","0.543540125213432","0.40966293555935","0.442117245304496","0.0277448934421046","0.0514510845506861","2.43761781952723","483840871.934605"
"2018","350802","新罗区","1.87733542271902","878.83","39.87","479.2","359.77","388.6","90.6","73.5","54.24","19.26",,,"239636","69893","24","25545","406172","41863","94027","13268","66760","3900983",,,"8.7","6.2","11","9.8","119568.707482993","73.7959183673469","0.213617585052743","0.545270416349009","0.409373826564865","0.442178805912406","0.0272676171728321","0.046217357168053","2.55419785403948","530745986.394558"
"2019","350802","新罗区","1.90769053541812","946.5","49.05","463.18","434.27","356.94","106.24","74.2","56.39","17.81",,,"243513","69475","23499","5490","458178","44820","125746","32211","61089","4988982",,,"7.6","7.2","7.9","3.9","127560.64690027","75.9973045822102","0.20155209037698","0.489360802958267","0.458816693079768","0.377115689381933","0.0257277337559429","0.0484076069730586","2.57101150325892","672369541.778976"
"2020","350802","新罗区","1.89403177347686","1018.81","59.23","479.04","480.55","366.29","112.75","84.8","72.77","12.03",,,"242907","61284","24764","5639","488687","51318","133816","12810","70282","4629491",,,"4.5","6.2","2.8","-7.2","120142.688679245","85.813679245283","0.185906280216808","0.47019562038064","0.471677741679018","0.359527291644173","0.0238422276970191","0.0479664510556434","2.23352803476045","545930542.45283"
"2021","350802","新罗区","2.21944230495735","1109.03","53.31","517.92","537.8","397.72","120.2","85","73.03","11.97","321.32","157.94","258520","70820","33384","6017","535034","54124","157501","42488","57568","499.32","2.4","12.2","8.4","8.7","8.1","7.9","130474.117647059","85.9176470588235","0.200124640898565","0.467002696049701","0.484928270650929","0.358619694688151","0.0233104604925025","0.0482434199255205","2.61110859406747","58743.5294117647"
"2013","350821","长汀县","1.55358483742065","141.73","25.67","68.37","50.93","17.44","47.69","39.6","18.2","21.4","133.8","124.09",,,,,,,,,,"443915","42.3","43.4",,,,"13.8","35790.404040404","45.959595959596","1.09615807339353","0.482396105270585","0.359345233895435","0.12305087137515",,,"3.92319403389053","112099747.474747"
"2014","350821","长汀县","1.87320558646922","157.72","27.11","77.23","53.38","57.38","19.84","39.8","18.35","21.45","165.22","154.23",,,,,,,,,,"534918","23.5","24.3",,,,"20.5","39628.1407035176","46.105527638191","1.18767790164166","0.48966522952067","0.338447882323104","0.363809282272381",,,"4.70654669967141","134401507.537688"
"2015","350821","长汀县","1.92614406644266","168.87","28.34","81.67","58.86","60.29","21.38","40","18.5","21.5","203.22","196.56","62412","4921","11372","5630","311672","17245","67119","2649","77843","584751","23","27.5","51.01","28.79","22.22","13.6","42217.5","46.25","1.14060760729713","0.483626458222301","0.348552140699947","0.357020193047907","0.0369586072126488","0.184563273524013","4.81536016610665","146187750"
"2016","350821","长汀县","1.86472947848556","184.85","31.25","87.08","66.52","64.03","23.05","40.2","19.45","20.75","231.99","225.01","64802","11486","6354","6681","330611","20603","71532","2801","71840","691153","14.2","14.5",,,,"14.1","45982.5870646766","48.3830845771144","1.00877980983801","0.471084663240465","0.359859345415201","0.346388964024885","0.0350565323235055","0.178853665133892","4.63863054349642","171928606.965174"
"2017","350821","长汀县","1.88339364794944","208","30.25","92","85.76","66.03","25.96","40.2","20.66","19.54","272.94","264.56","72159","20170","27","8244","371521","21389","80582","987","64905","787669","17.7","17.6","8.9","-5.6","27.3","13.3","51741.2935323383","51.3930348258706","0.905477715360308","0.442307692307692","0.412307692307692","0.317451923076923","0.0346918269230769","0.178615865384615","4.68505882574488","195937562.189055"
"2018","350821","长汀县","1.90277209578088","231.74","32.46","103.05","96.24","73.69","29.35","40.2","21.06","19.14",,,"89821","26639","64","9345","346826","24042","84126","15151","66856","902494",,,"9.5","4.8","13.4","14.6","57646.7661691542","52.3880597014925","0.821080562605023","0.444679382066109","0.415293000776732","0.317985673599724","0.0387593855182532","0.149661689824804","4.73326391985294","224500995.024876"
"2019","350821","长汀县","1.98397102205105","289.75","38.05","132.1","119.6","91.18","40.92","40.1","21.09","19.01",,,"95600","27190","10435","2252","381248","26477","84697","20889","77016","1567875",,,"9.2","5","12.5","8.5","72256.8578553616","52.5935162094763","0.68471821295981","0.455910267471959","0.412769628990509","0.314685073339085","0.0329939603106126","0.131578257118205","4.94755865848142","390991271.820449"
"2020","350821","长汀县","2.05317776574656","309.77","41.38","137.15","131.24","93.88","43.27","39.8","21.29","18.51",,,"97997","25016","11838","2667","391409","25979","89727","17270","80219","1541017",,,"5.5","7.1","4.2","-1.7","77831.6582914573","53.4924623115578","0.662807168462588","0.442747845175453","0.423669173903219","0.303063563288892","0.0316354069148078","0.126354714788391","5.15873810489086","387190201.005025"
"2021","350821","长汀县","2.34994921595653","318.15","39.7","129.64","148.81","82.47","47.17","39.9","21.5","18.4","118.13","24.29","101525","27087","13995","2331","397708","33732","95954","2766","68996","168.48","14.8","36.7","4.8","0.8","8.3","9.3","79736.8421052632","53.8847117794486","0.738629330805133","0.407480748074807","0.467735344963068","0.259217350306459","0.0319110482476819","0.125006443501493","5.88959703247251","42225.5639097744"
"2013","350822","永定县","1.52868584006769","168.59","25.31","87.67","72.92","14.75","55.61","36","14.8","21.2","130.01","124.51",,,,,,,,,,"533766","44.1","55",,,,"10.1","46830.5555555556","41.1111111111111","0.90674763631751","0.520018980959725","0.432528619728335","0.0874903612313898",,,"4.24634955574358","148268333.333333"
"2014","350822","永定县","1.75674928594297","185.05","26.98","96.62","61.44","79.87","16.75","35.9","14.97","20.93","161.16","155.22",,,,,,,,,,"614365","24","24.7",,,,"15.1","51545.9610027855","41.6991643454039","0.949337630879746","0.522129154282626","0.332018373412591","0.431613077546609",,,"4.89345204998042","171132311.977716"
"2015","350822","永定县","1.70696704313739","198.23","29.48","101.06","67.7","82.79","18.26","36.1","16","20.1","203.57","196.1","103204","14609","12919","6713","268627","22760","76473","3031","45672","656862","26.3","26.3","38.19","9.28","28.92","14.9","54911.3573407202","44.3213296398892","0.86110429457569","0.509811834737426","0.341522473893962","0.41764616859204","0.0520627553851587","0.135512788175352","4.72844056270745","181956232.686981"
"2016","350822","永定县","1.77969709521621","214.61","32.77","107.06","74.77","87.35","19.71","36.3","16.44","19.86","243.85","236.04","81749","21446","9269","5522","251537","20878","58590","1750","41683","762523","20.4","21",,,,"13.1","59121.2121212121","45.2892561983471","0.829270348639956","0.498858394296631","0.348399422207726","0.407017380364382","0.0380918876100834","0.117206560738083","4.90274681877744","210061432.506887"
"2017","350822","永定县","1.80514449364228","242.01","28.54","115.12","98.35","92.8","22.32","36.3","17.46","18.84","290.31","281.02","91889","31437","63","6919","290544","26560","66295","5406","45375","869611","19.1","19.1","7.1","24","1.4","12.3","66669.4214876033","48.099173553719","0.745896654535879","0.475682823023842","0.406388165778274","0.383455229122764","0.0379690921862733","0.120054543200694","4.97284984474457","239562258.953168"
"2018","350822","永定县","1.76423583234417","266.23","30.75","125.4","110.08","99.8","25.6","36.2","17.67","18.53",,,"104246","34013","-232","11275","294481","24523","78605","2324","54372","985407",,,"5","-7.9","8.6","13.3","73544.1988950276","48.8121546961326","0.662673565091902","0.471021297374451","0.413477068699996","0.374863839537242","0.0391563685535064","0.110611501333433","4.87357964735959","272211878.453039"
"2019","350822","永定县","2.01009932444736","267.05","35.78","108.88","122.39","60.71","48.17","36","17.6","18.4",,,"108694","30049","11987","2521","291505","23985","76213","4186","50466","1312656",,,"3.5","-12.7","8.4","9.5","74180.5555555556","48.8888888888889","0.752705232895473","0.407713911252574","0.458303688447856","0.227335704924171","0.0407017412469575","0.109157461149597","5.583609234576","364626666.666667"
"2020","350822","永定县","2.14880276386556","285.83","39.69","112.64","133.49","61.42","51.22","32.5","16.35","16.15",,,"103541","28924","13319","3746","302563","25496","88455","2653","48169","1251681",,,"3.3","41.7","-7.8","-4.6","87947.6923076923","50.3076923076923","0.751776497871308","0.394080397439037","0.467025854528916","0.21488297239618","0.036224679005003","0.105854179057482","6.61170081189403","385132615.384615"
"2021","350822","永定县","2.37905456257222","312.1","37.47","122.7","151.93","66.43","56.27","32.2","16.97","15.23","163.64","10.03","109989","30461","15852","4336","280843","25713","90207","1481","40728","141.8","10.8","28","9.5","17.9","6.8","13.3","96925.4658385093","52.7018633540373","0.762273169680301","0.393143223325857","0.48679910285165","0.212848446010894","0.0352415892342198","0.0899849407241269","7.38836820674602","44037.2670807453"
"2013","350823","上杭县","1.51916043832658","202.28","27.62","114.82","88.15","26.67","59.84","37.1","15.3","21.8","134.63","131.38",,,,,,,,,,"487624","14.8","16.9",,,,"11.2","54522.9110512129","41.2398921832884","0.751018607043","0.567629029068618","0.435782084239668","0.13184694482895",,,"4.09477207096113","131435040.431267"
"2014","350823","上杭县","1.87495844120599","226.7","28.57","130.01","68.12","99.61","30.4","37","15.58","21.42","167.92","163.17",,,,,,,,,,"587100","24.7","24.2",,,,"20.4","61270.2702702703","42.1081081081081","0.827065920249665","0.57348919276577","0.300485222761359","0.439391265990296",,,"5.06745524650268","158675675.675676"
"2015","350823","上杭县","1.72039126477227","251.92","31.62","142.23","78.06","109.29","32.94","37.2","16.3","20.9","215.96","209.66","207902","10685","19130","40596","411870","30011","90208","7965","84956","759440","28.6","28.5","40.13","3.56","36.57","20.9","67720.4301075269","43.8172043010753","0.68291174371716","0.564583994919022","0.309860273102572","0.43382819942839","0.082526992696094","0.163492378532868","4.62470770100072","204150537.634409"
"2016","350823","上杭县","1.86834387691895","276.33","35.54","151.52","89.27","116.41","35.1","37.4","17.13","20.27","257.31","253.69","229305","23280","8165","23238","435973","35546","95497","8482","66417","856934","17.8","19.6",,,,"15.8","73885.0267379679","45.8021390374332","0.676127773647071","0.548329895414903","0.32305576665581","0.421271667933268","0.0829823037672348","0.157772590742952","4.99557186341965","229126737.967914"
"2017","350823","上杭县","2.0038533401015","316.8","41.82","147.6","127.39","108.14","39.46","37.5","18.11","19.39","312.15","307.46","251308","44746","406","15597","474009","38984","89162","8687","61788","855656","21.3","21.2","9.6","1.7","10.1","-0.8","84480","48.2933333333333","0.632529463415878","0.465909090909091","0.402114898989899","0.34135101010101","0.0793270202020202","0.149624053030303","5.34360890693733","228174933.333333"
"2018","350823","上杭县","1.96173558523875","354.45","43.85","167.05","143.55","121.55","45.49","37.5","18.38","19.12",,,"262577","52779","7","26407","457973","37232","96988","23975","67870","936593",,,"10.3","-21.8","11.2","9.5","94520","49.0133333333333","0.553459045066653","0.47129355339258","0.404993652137114","0.342925659472422","0.0740801241359853","0.129206658202849","5.23129489397","249758133.333333"
"2019","350823","上杭县","2.0692940930703","402.46","55.2","171.7","175.56","94.73","76.97","37.4","18.4","19",,,"273774","51625","35152","7226","503896","40061","97185","41478","72066","1619807",,,"10.9","-11.6","11.6","9.4","107609.625668449","49.1978609625668","0.514161430470183","0.426626248571287","0.436217263827461","0.235377428812801","0.0680251453560602","0.125203995428117","5.53287190660508","433103475.935829"
"2020","350823","上杭县","2.192611389309","431.87","60.46","179.38","192.02","98.44","80.94","37.6","19.35","18.25",,,"282121","55483","30097","8886","513188","45537","105964","41067","70593","1527573",,,"7.3","-28.1","8.4","-5.7","114859.042553191","51.4627659574468","0.507701713318591","0.415356473012712","0.444624539792067","0.2279389631139","0.0653254451571075","0.118829277328826","5.83141326943883","406269414.893617"
"2021","350823","上杭县","2.34867634509532","466.36","55.66","189.75","220.95","108.44","81.3","37.7","19.5","18.2","175.02","23.41","303409","83137","30420","9695","575127","51164","124119","40377","67510","165.86","7","0","16.2","-10.5","16.8","8.6","123702.917771883","51.7241379310345","0.503618737690908","0.406874517540098","0.473775623981473","0.232524230208423","0.0650589673213826","0.123322540526632","6.22991072969581","43994.6949602122"
"2013","350824","武平县","1.51764836878781","120.63","27.05","50.7","36.17","14.53","42.88","27.5","11.5","16","143.69","131.18",,,,,,,,,,"353496","45.9","49.4",,,,"12.6","43865.4545454545","41.8181818181818","1.25810193881108","0.420293459338473","0.299842493575396","0.120450965763077",,,"5.51872134104658","128544000"
"2014","350824","武平县","1.64736923862632","134.61","29.17","57.9","47.54","41.44","16.46","27.4","12.08","15.32","179.99","166.54",,,,,,,,,,"420661","25.3","27",,,,"19","49127.7372262774","44.0875912408759","1.22380895819502","0.430131490973925","0.353168412450784","0.307852314092564",,,"6.01229649133693","153525912.408759"
"2015","350824","武平县","1.65264908066925","146.65","31.32","61.89","53.45","43.97","17.92","27.6","12.6","15","226.82","217.83","73201","5681","11984","7163","258790","16314","54407","16025","63777","551754","26","30.8","38.2","13.32","24.88","23.1","53134.0579710145","45.6521739130435","1.12693425207586","0.422025230139789","0.364473235594954","0.299829526082509","0.0499154449369247","0.176467780429594","5.98785898793206","199910869.565217"
"2016","350824","武平县","1.29874301211163","161.66","35.03","66.15","60.48","46.83","19.33","27.7","13.13","14.57","259.32","250.6","73389","12760","6263","6269","302287","23989","59552","18506","54501","665293","13.6","14.2",,,,"19.1","58361.0108303249","47.4007220216606","0.803379322102951","0.409192131634294","0.374118520351355","0.289682048744278","0.0453971297785476","0.186989360385995","4.68860293181094","240177978.33935"
"2017","350824","武平县","1.40221660150085","181.29","29.37","72.72","79.2","51.31","21.41","27.7","13.43","14.27","280.77","272.54","79817","20520","194","7670","354123","22900","67392","18639","76550","757833","8.3","8.8","8.9","10.3","8.3","12.3","65447.6534296029","48.4837545126354","0.773466049699846","0.401125268906172","0.436869104749297","0.283027193998566","0.0440272491588063","0.195335098461029","5.06215379603195","273585920.577617"
"2018","350824","武平县","1.46027358144277","202.35","31.97","81.9","88.48","57.3","24.61","27.7","13.6","14.1",,,"89764","24588","382","10841","351499","34700","70727","20763","76127","865272",,,"9.4","8.5","9.9","14.2","73050.5415162455","49.0974729241877","0.721657317243771","0.404744255003706","0.437262169508278","0.283172720533729","0.0443607610575735","0.173708425994564","5.27174578138184","312372563.176895"
"2019","350824","武平县","1.66895011014582","255.49","37.08","110.75","107.66","71.32","39.43","27.6","14.13","13.47",,,"96033","23077","11858","1980","329565","32455","71530","17264","70689","1380257",,,"9.3","6.8","10.5","13.8","92568.8405797101","51.195652173913","0.653235003384015","0.433480762456456","0.421386355630357","0.279149868879408","0.0375877725155583","0.128993306978747","6.04692068893413","500093115.942029"
"2020","350824","武平县","1.63049910592393","273.38","41.01","114.47","117.89","72.67","41.8","27.8","14.79","13.01",,,"101397","22161","13367","2062","339690","29270","75886","6308","71015","1390012",,,"4.4","13.9","-0.2","0.7","98338.1294964029","53.2014388489209","0.596422234956445","0.418721193942498","0.431231253200673","0.265820469675909","0.0370901309532519","0.124255614895018","5.86510469756809","500004316.546763"
"2021","350824","武平县","1.7270179213238","286.76","39.54","116.84","130.38","71.65","45.18","27.8","14.9","12.9","98.06","11.48","105038","28398","11535","2258","275521","29214","63398","7157","41503","149.89","17.3","39.9","4.6","-24.2","18.2","7.8","103151.079136691","53.5971223021583","0.602252030033408","0.40744873762031","0.454665922722834","0.249860510531455","0.0366292369926071","0.0960806946575534","6.21229468102086","53917.2661870504"
"2013","350825","连城县","1.59272167785354","123.27","25.41","55.04","46.97","8.07","42.82","24.5","10.1","14.4","129.76","121.07",,,,,,,,,,"463960","36.1","37.1",,,,"14.2","50314.2857142857","41.2244897959184","1.29205944500165","0.446499553824937","0.381033503691085","0.0654660501338525",,,"6.50090480756547","189371428.571429"
"2014","350825","连城县","1.74244145553193","137.79","27.93","62","47.86","52.88","9.12","24.4","10.27","14.13","159.67","148.74",,,,,,,,,,"554433","23.1","22.9",,,,"19.5","56471.3114754098","42.0901639344262","1.26456307100075","0.44996008418608","0.347340155308803","0.38377240728645",,,"7.1411535062784","227226639.344262"
"2015","350825","连城县","1.76966404650705","148.86","28.97","64.93","54.96","54.98","9.95","24.6","10.5","14.1","200.81","190.36","38799","3795","7658","4590","231803","15646","53316","3268","48698","501360","25.8","28","31.19","18.32","12.88","12.2","60512.1951219512","42.6829268292683","1.18881099456338","0.436181647185275","0.369205965336558","0.369340319763536","0.0260640870616687","0.155718796184334","7.19375628661402","203804878.04878"
"2016","350825","连城县","1.60602313533394","162.21","31.44","68.48","62.29","57.81","10.67","24.7","10.67","14.03","220.08","205.8","43127","8734","3875","4677","247926","17098","60194","6361","52850","535203","9.6","8.1",,,,"7.3","65672.0647773279","43.1983805668016","0.990088857243043","0.422168793539239","0.38400838419333","0.356389864989828","0.0265871401269959","0.152842611429628","6.50211795681757","216681376.518219"
"2017","350825","连城县","1.81384878524536","183.36","31.17","75.82","76.36","63.88","11.94","24.7","11.76","12.94","263.09","251.38","47794","14535","29","5603","258712","19469","56169","3202","51325","603301","19.5","22.1","9.5","8.9","10.8","13.9","74234.8178137652","47.6113360323887","0.989228176944459","0.413503490401396","0.416448516579407","0.348385689354276","0.0260656631762653","0.141095113438045","7.3435173491715","244251417.004049"
"2018","350825","连城县","1.94643248640048","203.96","33.3","85.5","85.15","71.75","13.75","24.7","11.95","12.75",,,"59012","18531","55","8857","259632","23767","64960","4282","49959","694341",,,"10.2","4.9","18.3","15.1","82574.8987854251","48.3805668016194","0.954320693469543","0.419199843106491","0.417483820356933","0.351784663659541","0.0289331241419886","0.127295548146695","7.88029346720842","281109716.59919"
"2019","350825","连城县","1.96280446222053","258.66","37.85","118.03","102.78","82.76","35.27","24.6","11.96","12.64",,,"65285","19414","7399","1996","296182","27008","65168","3843","67218","1219900",,,"11.2","9.4","13.2","12","105146.341463415","48.6178861788618","0.758835715696486","0.456313307043996","0.397355601948504","0.319956699914946","0.0252396968994046","0.114506301708807","7.97887992772573","495894308.943089"
"2020","350825","连城县","2.23290754780593","276.55","40.77","123.03","112.74","85.67","37.36","25.1","12.48","12.62",,,"70153","16727","5951","3400","308047","27985","68611","9240","66803","1214131",,,"6.6","6","7.4","-0.5","110179.282868526","49.7211155378486","0.807415493692255","0.444874344603146","0.407665883203761","0.309781233050081","0.0253672030374254","0.111389260531549","8.89604600719494","483717529.880478"
"2021","350825","连城县","2.36124683435468","294.35","40.11","126.03","128.22","80.38","45.64","25.1","12.88","12.22","117.89","5.68","79146","17794","6842","2537","269498","31239","71210","8646","28515","135.81","6.7","-65.4","7","4","9.9","11.9","117270.916334661","51.3147410358566","0.802190193427783","0.428163750636997","0.435603872940377","0.2730762697469","0.0268883981654493","0.0915569899779174","9.40735790579554","54107.5697211155"
"2013","350881","漳平市","1.5269468219696","154.78","22.93","69.79","53.71","16.08","62.06","24","12.5","11.5","122.42","117.57",,,,,,,,,,"443521","20.3","22.1",,,,"10","64491.6666666667","52.0833333333333","0.986527214090709","0.45089804884352","0.347008657449283","0.103889391394237",,,"6.36227842487333","184800416.666667"
"2014","350881","漳平市","1.7932653614549","172.07","24.56","78.67","68.84","60.55","18.11","23.9","12.69","11.21","143.91","133.27",,,,,,,,,,"503396","17.6","13.4",,,,"13.5","71995.8158995816","53.0962343096234","1.04217200061306","0.457197652118324","0.400069739059685","0.351891671993956",,,"7.50320234918368","210625941.422594"
"2015","350881","漳平市","1.41909230007493","186.19","25.37","83.49","77.33","63.91","19.58","24.1","12.9","11.2","173.71","167.6","63826","8032","10909","8080","197817","22507","44005","3146","39475","525292","20.7","25.8","33.67","11.58","22.09","12.1","77257.2614107884","53.5269709543568","0.762174284373452","0.448412911541973","0.415328427949944","0.343251517267308","0.0342800365218325","0.106244696277996","5.88834979284203","217963485.477178"
"2016","350881","漳平市","1.22895704518915","203.76","27.85","87.78","88.12","67.23","20.54","24.2","13.12","11.08","216.4","208.4","62044","13999","5392","5382","210216","19623","45885","3650","40185","655690","15.8","15.3",,,,"14.1","84198.347107438","54.2148760330578","0.603139499994675","0.430800942285041","0.432469572045544","0.329946996466431","0.0304495484884177","0.103168433451119","5.07833489747583","270946280.991736"
"2017","350881","漳平市","1.80866225240772","231.02","29.73","93.66","107.62","70.77","22.9","24.2","13.21","10.99","253.88","246","68075","23278","28","6006","239271","21960","50131","5418","49958","706414","17.3","18","9.3","10","8.9","13.6","95462.8099173554","54.5867768595041","0.782902888238126","0.405419444203965","0.465847112804086","0.306337113669812","0.0294671457016709","0.103571552246559","7.47381096036248","291906611.570248"
"2018","350881","漳平市","1.58200193418878","255.74","31.88","105.17","118.68","78.98","26.19","24.2","13.58","10.62",,,"82537","27966","-9","7443","224536","24207","55918","3707","46496","789102",,,"9.4","7.1","10.7","11.7","105677.685950413","56.1157024793389","0.618597768901533","0.411237976069446","0.46406506608274","0.308829279737233","0.0322737936967232","0.0877985453976695","6.53719807516025","326075206.61157"
"2019","350881","漳平市","1.70856329958269","259.05","35.22","113.36","110.47","80.75","32.61","24.1","13.54","10.56",,,"90804","32719","10148","2144","246869","26462","61556","5506","40750","1040156",,,"7.7","5.7","9","7.4","107489.626556017","56.1825726141079","0.65954962346369","0.437598919127582","0.426442771665702","0.311715884964293","0.0350526925303995","0.0952978189538699","7.08947427212734","431600000"
"2020","350881","漳平市","1.80596863406676","274.7","37.18","117.65","119.86","83.14","34.51","25.4","14.78","10.62",,,"97393","33811","10388","2305","260477","24606","61645","6555","49141","1038156",,,"6.1","4","7.4","-0.2","108149.606299213","58.1889763779528","0.657433066642432","0.428285402257008","0.436330542409902","0.302657444484893","0.0354543137968693","0.0948223516563524","7.1101127325463","408722834.645669"
"2021","350881","漳平市","1.92577195593557","295.03","37.48","119","138.54","80.25","38.75","25.3","14.85","10.45","126.81","18.28","103448","38569","10306","3769","257147","26216","63814","7010","40022","115.39","14.8","15.8","7.8","-3.1","12.7","11.2","116612.648221344","58.695652173913","0.652737672757201","0.403348811985222","0.469579364810358","0.2720062366539","0.0350635528590313","0.0871596108870284","7.61174686140541","45608.6956521739"
"2013","350902","蕉城区","2.49396320176024","214.67","30.76","93.99","54.21","39.78","89.92","43.9","27.3","16.6","238.47","124.04",,,,,,,,,,"865888","80.1","96.6",,,,"17","48899.7722095672","62.1867881548975","1.16176606035321","0.437834816229562","0.252527134671822","0.18530768155774",,,"5.68100957120784","197241002.277904"
"2014","350902","蕉城区","2.66442758817631","239.4","31.78","107.8","99.82","62.03","45.92","44.09","27.64","16.45","313.72","182.23",,,,,,,,,,"1000166","31.6","46.9",,,,"14.7","54298.0267634384","62.689952370152","1.112960563148","0.450292397660819","0.416959064327485","0.259106098579783",,,"6.04315624444616","226846450.442277"
"2015","350902","蕉城区","2.66582473235609","267.16","33.09","122.4","111.68","72.43","50.14","44.36","28.02","16.34","337.11","228.56","108335","11676","23356","13692","253364","27047","53343","623","45015","1117951","7.5","25.4","64.47","49.68","14.8","12.5","60225.4283137962","63.1650135256988","0.997838273826954","0.458152418026651","0.418026650696212","0.271110944752208","0.0405506063782003","0.0948360533013924","6.00952374291274","252017808.83679"
"2016","350902","蕉城区","2.88452790519078","300.19","38.06","135.25","126.88","84.51","50.94","44.6","28.41","16.19","296.55","241.27","120890","33533","11865","24756","276213","26853","67925","509","46924","1228592","-12","5.6",,,,"12.4","67307.1748878924","63.6995515695067","0.960900731267124","0.450547986275359","0.422665645091442","0.281521702921483","0.0402711615976548","0.0920127252739931","6.46755135693","275469058.295964"
"2017","350902","蕉城区","2.71044967671294","390.61","38.71","199.86","152.03","144.18","55.82","44.8","28.9","15.9","328.65","267.91","141850","49073","207","27739","326152","33913","67998","715","42811","1367272","10.8","11","23.1","33.9","-9.2","12.4","87189.7321428571","64.5089285714286","0.693901763066214","0.511661247791915","0.389211745731036","0.369114974015002","0.0363149944957886","0.0834981183277438","6.05011088551996","305194642.857143"
"2018","350902","蕉城区","2.80546365164307","468.14","40.41","257.55","170.17","195.01","62.66","45","29.52","15.48",,,"179715","67166","892","33960","314800","40344","73754","2472","40972","1493782",,,"24.4","20.5","43.7","9.3","104031.111111111","65.6","0.59927877379482","0.550155936258384","0.363502371085573","0.416563421198787","0.0383891570897595","0.0672448412867945","6.23436367031793","331951555.555556"
"2019","350902","蕉城区","2.97133724015235","679.37","41.29","418.52","219.56","349.8","69.06","46","30.64","15.36",,,"221848","82540","57480","8075","392411","42354","76608","30598","79465","1733106",,,"53.8","37.6","147.5","8.8","147689.130434783","66.6086956521739","0.437366566105708","0.61604133241091","0.323181771346983","0.514888794029763","0.032654959742114","0.0577610138805069","6.45942878293989","376762173.913043"
"2020","350902","蕉城区","3.03412657123946","782.81","42.32","494.64","245.84","421.02","74.01","62.6","42.7","19.9",,,"230416","74224","58098","10332","433970","57398","98924","40541","59053","1597766",,,"21","16.1","37.4","-7.8","125049.520766773","68.2108626198083","0.387594252914431","0.631877467073747","0.314048108736475","0.537831657745813","0.0294344732438267","0.0554374624749301","4.84684755789051","255234185.303514"
"2021","350902","蕉城区","3.32112880060689","1098.59","48.02","789.46","261.11","707.01","82.99","63.2","43.92","19.28","345.82","114.8","248370","96818","52328","18733","416996","53911","116088","19406","49344","171.88","24","51.3","70.9","69.1","71.3","7.6","173827.53164557","69.4936708860759","0.302308304336185","0.71861203906826","0.237677386468109","0.643561292201822","0.0226080703447146","0.0379573817347691","5.25495063387166","27196.2025316456"
"2013","350921","霞浦县","2.52093194769034","151.25","44.82","49.27","33.88","15.39","57.16","46.2","19.7","26.5","88.36","59.27",,,,,,,,,,"599736","59.4","52.3",,,,"15.4","32738.0952380952","42.6406926406926","1.66673186624155","0.325752066115703","0.224","0.101752066115702",,,"5.4565626573384","129812987.012987"
"2014","350921","霞浦县","2.72446668776939","166.27","47.62","53.16","65.48","35.62","17.62","46.3","20.42","25.88","113.18","68.39",,,,,,,,,,"610742","28.1","15.4",,,,"10.7","35911.4470842333","44.1036717062635","1.63857983266337","0.319720935827269","0.39381728513863","0.214229867083659",,,"5.88437729539825","131909719.222462"
"2015","350921","霞浦县","2.73780099573131","181.44","51.66","56.39","73.38","37.54","18.94","46.45","20.84","25.61","117.97","91.63","95134","4724","23432","4048","274111","19041","60082","924","61112","662336","4.2","34","28.8","17.13","11.67","12.8","39061.3562970936","44.8654467168999","1.50892912022228","0.310791446208113","0.404431216931217","0.206900352733686","0.0524327601410935","0.15107528659612","5.89408179920626","142591173.304629"
"2016","350921","霞浦县","2.6782936740245","201.67","59.62","59.67","82.38","39.56","20.2","46.65","21.46","25.19","129.93","114.34","92471","12858","10963","4658","311210","21178","63012","255","65825","733767","10.1","24.8",,,,"8.5","43230.4394426581","46.0021436227224","1.32805755641617","0.295879406951951","0.408489115882382","0.196162046908316","0.0458526305350325","0.154316457579214","5.74125117690139","157291961.414791"
"2017","350921","霞浦县","2.78166065999019","212.51","57.37","63.57","91.58","42.16","21.46","46.7","22.09","24.61","149.49","123.88","91102","23591","177","2585","368761","24460","72366","441","82979","787208","15.1","8.3","-4.4","-8.8","3.4","9","45505.3533190578","47.3019271948608","1.30895518328088","0.299138864053456","0.430944426144652","0.198390663968754","0.0428695120229636","0.17352642228601","5.95644680940083","168567023.554604"
"2018","350921","霞浦县","2.89865108066116","231.59","63.94","66.42","101.23","41.9","24.55","46.8","22.61","24.19",,,"89698","23530","233","7332","359466","27825","77037","732","96444","849780",,,"2.7","3.9","0.2","7.9","49485.0427350427","48.3119658119658","1.25163050246606","0.286799948184291","0.437108683449199","0.18092318321171","0.0387313787296515","0.155216546483009","6.19369889030162","181576923.076923"
"2019","350921","霞浦县","2.97507997141452","254.61","67.44","70.11","117.06","52.71","17.64","46.7","23.02","23.68",,,"87113","25482","7610","1915","378853","31333","78568","738","83623","992497",,,"-13","-16.4","-3","10.6","54520.3426124197","49.2933618843683","1.16848512289954","0.27536231884058","0.459761988924237","0.207022505007659","0.0342142885196968","0.148797376379561","6.37062092379983","212526124.197002"
"2020","350921","霞浦县","3.0466361594517","264.48","69.35","65.36","129.77","48","17.62","47.6","28.96","18.64",,,"107673","27383","6310","1774","410244","42157","87024","775","73160","979959",,,"-16","-21.8","-3.2","-1.3","55563.025210084","60.8403361344538","1.15193442205524","0.247126436781609","0.49066091954023","0.181488203266788","0.0407112068965517","0.155113430127042","6.40049613330189","205873739.495798"
"2021","350921","霞浦县","3.34148918400401","310.22","80.84","93.04","136.34","73.25","20.09","47.7","29.53","18.17","130.89","41.46","134134","31824","8269","2631","419528","32684","90439","778","54253","108.13","4.2","-4.1","65.6","115.7","-8.9","10.3","65035.6394129979","61.9077568134172","1.0771353181626","0.299916188511379","0.43949455225324","0.236122751595642","0.0432383469795629","0.135235639223777","7.00521841510275","22668.7631027254"
"2013","350922","古田县","2.51658127840454","125.36","34.8","51.26","43.52","7.74","39.3","32.6","13","19.6","46.42","40.51",,,,,,,,,,"386606","65","67.3",,,,"16.3","38453.9877300614","39.8773006134969","2.00748347032908","0.408902361199745","0.347160178685386","0.0617421825143587",,,"7.71957447363356","118590797.546012"
"2014","350922","古田县","2.60749760691701","139.83","35.94","59.21","44.68","50.73","8.59","32.67","13.49","19.18","63.57","51.53",,,,,,,,,,"466707","37","27.2",,,,"12.7","42800.7346189164","41.2917049280686","1.86476264529572","0.423442751913037","0.319530858900093","0.362797682900665",,,"7.98132111085709","142854912.764004"
"2015","350922","古田县","2.68296040938155","150.12","37.47","62.77","49.89","53.92","8.96","32.89","13.84","19.05","70.24","59.28","76411","5283","16935","4774","235384","16509","54878","513","47530","540463","10.5","15","39.87","15.87","24","10.7","45643.0525995743","42.0796594709638","1.78721050451742","0.418132160937916","0.332334132693845","0.3591793232081","0.0508999467092992","0.15679722888356","8.15737430642004","164324414.715719"
"2016","350922","古田县","3.11370393488562","161.27","41.54","63.62","56.1","54.5","9.24","33.1","14.27","18.83","71.85","46.05","69093","14125","7264","5293","259815","21225","48187","332","47277","622417","2.3","-22.3",,,,"10.6","48722.0543806647","43.1117824773414","1.9307397128329","0.394493706206982","0.347863830842686","0.337942580765176","0.0428430582253364","0.161105599305512","9.40696052835535","188041389.728097"
"2017","350922","古田县","3.24830487730674","162.98","39.94","56.41","66.63","45.48","10.99","33.3","15.65","17.65","66.27","44.86","73614","22945","-24","6284","288156","22271","54800","479","39322","724470","-7.8","-2.6","-44.5","-26.3","-58.6","10.1","48942.9429429429","46.996996996997","1.99306962652273","0.346116087863542","0.408823168486931","0.279052644496257","0.0451675052153638","0.17680451589152","9.75466930122144","217558558.558559"
"2018","350922","古田县","3.2887799731802","167.5","43.93","52.56","71.02","39.85","12.74","33.4","16","17.4",,,"77734","22050","-2","8704","271116","21839","57757","711","44233","762724",,,"0.4","4","-5.6","5.3","50149.7005988024","47.9041916167665","1.96345073025684","0.313791044776119","0.424","0.237910447761194","0.0464083582089552","0.161860298507463","9.84664662628802","228360479.041916"
"2019","350922","古田县","3.2608909893043","196.8","46.85","52.05","97.89","38.29","13.78","33","16.1","16.9",,,"80385","23449","7971","1629","285567","24265","57904","794","45965","943913",,,"14","17.4","10.5","9.7","59636.3636363636","48.7878787878788","1.65695680350828","0.264481707317073","0.497408536585366","0.194563008130081","0.0408460365853659","0.145105182926829","9.88148784637667","286034242.424242"
"2020","350922","古田县","3.34007082924667","204.97","49.03","52.12","103.82","38.33","13.81","32.4","16.06","16.34",,,"74769","21936","5330","1732","303618","24035","58689","973","48079","880814",,,"0.2","-18.6","55.1","-6.7","63262.3456790123","49.5679012345679","1.6295413129954","0.254281114309411","0.5065131482656","0.187002976045275","0.0364780211738303","0.148128018734449","10.3088605840947","271856172.839506"
"2021","350922","古田县","3.69983288970396","223.43","51.24","65.26","106.93","49.92","15.35","32.2","16.36","15.84","45.84","13.79","83413","28109","6485","1342","296317","25414","63379","566","54657","95.13","-12.9","-3.5","4.9","2.3","9.1","8","69388.198757764","50.8074534161491","1.65592484881348","0.292082531441615","0.478583896522401","0.223425681421474","0.0373329454415253","0.132621850243924","11.490164253739","29543.4782608696"
"2013","350923","屏南县","2.4845444352201","52.84","11.88","22.69","18.71","3.98","18.27","13.6","5.3","8.3","25.08","18.34",,,,,,,,,,"131543","29.7","12.3",,,,"16.2","38852.9411764706","38.9705882352941","4.70201444969739","0.429409538228615","0.354087812263437","0.0753217259651779",,,"18.2687090825007","96722794.1176471"
"2014","350923","屏南县","2.5799540704022","58.86","13.02","25.59","20.25","21.29","4.35","13.67","5.58","8.09","33.59","28.71",,,,,,,,,,"149623","33.9","56.5",,,,"11.4","43057.7907827359","40.8193123628383","4.38320433299728","0.434760448521916","0.344036697247706","0.361705742439687",,,"18.8731095128178","109453547.915143"
"2015","350923","屏南县","2.64181560197602","63.58","13.78","27.15","22.64","22.51","4.7","13.8","5.75","8.05","43.11","42.44","34500","2915","7202","2480","150059","10238","28277","974","33935","167587","28.3","47.8","21.45","9.25","12.19","11.7","46072.4637681159","41.6666666666667","4.15510475302929","0.427021075810003","0.35608681975464","0.354042151620006","0.0542623466498899","0.236016042780749","19.1435913186668","121439855.072464"
"2016","350923","屏南县","2.43295858635187","69.74","15.38","29.12","25.24","23.84","5.33","14","5.98","8.02","48.6","44.19","36475","8307","2380","3335","188835","12286","32917","1175","31706","186168","12.7","4.1",,,,"9.7","49814.2857142857","42.7142857142857","3.48861282815009","0.41755090335532","0.361915686836823","0.341841124175509","0.0523014052193863","0.270770002867795","17.3782756167991","132977142.857143"
"2017","350923","屏南县","2.50396831185025","63.51","11.79","23.23","28.5","16.95","6.31","14.1","6.25","7.85","58.84","51.11","40710","11793","46","4666","206404","16484","41881","771","42247","211746","21.1","15.6","-13.8","-3.1","-23.9","8.2","45042.5531914894","44.3262411347518","3.94263629641041","0.365769170209416","0.448748228625413","0.266887104393009","0.0641001417099669","0.324994489056841","17.7586405095762","150174468.085106"
"2018","350923","屏南县","1.82357565662336","65.9","12.95","21.7","31.26","14.75","6.96","14.2","6.42","7.78",,,"44405","10906","-1","3312","200206","16146","40614","847","34453","225844",,,"-52","-57.8","-42.1","6.7","46408.4507042254","45.2112676056338","2.76718612537687","0.329286798179059","0.474355083459788","0.223823975720789","0.0673823975720789","0.303802731411229","12.8420820888969","159045070.422535"
"2019","350923","屏南县","1.95699805730597","89.45","14.5","24.73","50.22","17.1","7.66","14.2","6.55","7.65",,,"43296","14727","3826","1280","214035","16887","43932","898","40906","384180",,,"21.3","27.1","19.4","11.4","62992.9577464789","46.1267605633803","2.18781224964334","0.276467300167691","0.561430967020682","0.191168250419229","0.0484024594745668","0.239278926774735","13.7816764599012","270549295.774648"
"2020","350923","屏南县","2.05356682705052","91.84","16.37","23.6","51.87","15.48","8.14","14","6.91","7.09",,,"39436","14256","3123","1044","200959","17594","44239","371","31995","388609",,,"-32.1","-13.8","-41.4","1.2","65600","49.3571428571429","2.23602659739821","0.256968641114983","0.564786585365854","0.168554006968641","0.0429398954703833","0.218814242160279","14.6683344789323","277577857.142857"
"2021","350923","屏南县","2.69858967004369","105.51","16.13","36.24","53.13","28.58","7.71","13.9","7.05","6.85","37.73","19.41","35091","13327","3557","882","198748","16911","41615","558","33261","41","-6.6","33.6","129.5","364.3","0.9","5.5","75906.4748201439","50.7194244604317","2.55766246805392","0.343474552175149","0.503554165481945","0.270874798597289","0.033258458913847","0.188368874988153","19.4143141729762","29496.4028776978"
"2013","350924","寿宁县","2.32667350559828","56.48","13.96","26.16","18.61","7.55","16.36","17.6","7.6","10","40.62","37.13",,,,,,,,,,"158650","55","73.4",,,,"16","32090.9090909091","43.1818181818182","4.11946442209327","0.463172804532578","0.32949716713881","0.133675637393768",,,"13.219735827263","90142045.4545454"
"2014","350924","寿宁县","2.51400432755384","63.66","14.88","29.68","19.1","21.18","8.54","17.63","7.88","9.75","53.98","50.61",,,,,,,,,,"176199","32.9","36.3",,,,"10.7","36108.9052750993","44.6965399886557","3.94911141620145","0.466226830034559","0.300031416902293","0.332704995287465",,,"14.2598090048431","99942711.287578"
"2015","350924","寿宁县","2.57232991631904","68.88","15.71","32.25","20.92","22.63","9.67","17.8","8.08","9.72","63.47","59.78","42997","3040","5015","2731","178407","12390","41104","737","32382","195918","17.6","18.1","20.61","8.36","12.25","11.1","38696.6292134831","45.3932584269663","3.73450917003345","0.468205574912892","0.303716608594657","0.328542392566783","0.0624230545876887","0.259011324041812","14.4512916647137","110066292.134831"
"2016","350924","寿宁县","2.49049876447212","74.59","16.8","35.16","22.63","24.16","11.05","18","8.37","9.63","65.11","63.15","42287","6424","2255","2687","204378","11573","36694","471","37078","212958","2.6","5.6",,,,"7.6","41438.8888888889","46.5","3.33891776977091","0.471376860168923","0.30339187558654","0.323904008580239","0.0566925861375519","0.274001876927202","13.8361042470673","118310000"
"2017","350924","寿宁县","2.65801585427542","67.13","14.11","28.18","24.84","16.49","11.72","18.1","8.63","9.47","58.78","58.69","36577","8464","70","3463","208151","13835","37358","467","35232","245525","-9.7","-7.1","-22.1","-1.6","-34.7","7.6","37088.3977900552","47.6795580110497","3.9595052201332","0.419782511544764","0.37002830329212","0.245642782660509","0.05448681662446","0.310071503053776","14.6851704656101","135649171.270718"
"2018","350924","寿宁县","2.57902815619952","74.4","15.54","30.19","28.66","17","13.21","18.2","8.87","9.33",,,"32809","9620","58","3798","193102","15458","38186","784","36523","264672",,,"0.5","-6.2","5.1","7.8","40879.1208791209","48.7362637362637","3.46643569381656","0.405779569892473","0.385215053763441","0.228494623655914","0.0440981182795699","0.259545698924731","14.1704843747226","145424175.824176"
"2019","350924","寿宁县","2.94836842498525","100.57","16.73","40.05","43.79","24.71","15.35","17.9","8.88","9.02",,,"31086","12271","3845","988","209307","17070","39311","1144","35111","313579",,,"12.3","-4","25","11.4","56184.3575418994","49.608938547486","2.93165797453043","0.398230088495575","0.435418116734613","0.24569951277717","0.0309098140598588","0.208120711941931","16.4713319831578","175183798.882682"
"2020","350924","寿宁县","3.06962072091528","104.68","17.39","38.11","49.18","23.48","14.64","17.8","8.86","8.94",,,"33617","11021","3381","1069","216448","16010","41215","666","37958","320233",,,"-2.9","-5.7","-1.4","2.1","58808.988764045","49.7752808988764","2.93238509831418","0.3640619029423","0.469812762705388","0.224302636606802","0.0321140619029423","0.20677111196026","17.2450602298611","179906179.775281"
"2021","350924","寿宁县","2.90028877965295","110.75","18.22","38.39","54.14","25.62","12.79","17.6","8.96","8.64","31.38","4.45","35091","13327","3557","882","198748","16911","41615","558","33261","32.27","1.9","159","1.2","-5.1","4.4","0.8","62926.1363636364","50.9090909090909","2.61877090713585","0.346636568848758","0.488848758465011","0.231331828442438","0.0316848758465011","0.179456433408578","16.4789135207554","18335.2272727273"
"2013","350925","周宁县","2.23568523891254","40.75","7.94","20.62","16.25","4.37","12.19","11.1","5.1","6","27.69","24.22",,,,,,,,,,"127355","74.3","60.7",,,,"14.5","36711.7117117117","45.9459459459459","5.48634414457065","0.50601226993865","0.398773006134969","0.107239263803681",,,"20.1413084586715","114734234.234234"
"2014","350925","周宁县","2.43849538562935","45.04","8.4","23.08","13.56","18.1","5.02","11.29","5.31","5.98","37.3","36.27",,,,,,,,,,"128480","34.7","49.8",,,,"9.1","39893.7112488928","47.0327723649247","5.41406613150389","0.512433392539964","0.301065719360568","0.401865008880995",,,"21.5987190932626","113799822.852081"
"2015","350925","周宁县","2.40790255355255","48.69","8.78","25.32","14.59","19.55","5.81","11.8","5.64","6.16","45.95","44.5","34216","3572","5097","2703","143006","12222","29063","1236","24349","142372","23.2","22.7","15.05","2.54","12.51","11.1","41262.7118644068","47.7966101694915","4.94537390337349","0.520024645717807","0.299650852331074","0.401519819264736","0.0702731567056891","0.293707126720066","20.4059538436657","120654237.288136"
"2016","350925","周宁县","2.34994719900457","52.86","9.58","26.88","16.41","21.06","5.86","12.15","5.94","6.21","50.61","42.24","36844","9839","2394","3985","160161","14191","29151","1575","29873","155296","10.1","-5.1",,,,"7.4","43506.1728395062","48.8888888888889","4.44560574915734","0.508513053348468","0.31044267877412","0.398410896708286","0.0697010972379871","0.302990919409762","19.3411292099142","127815637.860082"
"2017","350925","周宁县","2.47438158978874","49.59","6.72","24.04","18.82","17.33","6.73","12.2","6.08","6.12","57.31","51.05","41716","9198","28","2918","174292","13938","30798","1258","26740","185988","13.2","20.8","-65.8","-25.8","-73","9.4","40647.5409836066","49.8360655737705","4.98967854363529","0.484775156281508","0.379511998386772","0.349465618068159","0.0841217987497479","0.351466021375277","20.2818163097438","152449180.327869"
"2018","350925","周宁县","2.48335107799081","50.9","7.09","22.39","21.42","13.85","8.55","12.3","6.27","6.03",,,"40382","9597","-25","3502","168225","18996","30852","1000","27612","195874",,,"-7.2","0.6","-11.7","5.3","41382.1138211382","50.9756097560975","4.87888227503106","0.439882121807466","0.420825147347741","0.272102161100196","0.079335952848723","0.330500982318271","20.1898461625269","159247154.471545"
"2019","350925","周宁县","2.64191487444282","72.44","7.88","26.48","38.08","14.54","11.93","12.3","6.36","5.94",,,"37037","11798","3472","460","176942","14070","30954","2702","26698","276783",,,"16.4","-10.8","42","10.9","58894.3089430894","51.7073170731707","3.64703875544288","0.365543898398675","0.525676421866372","0.200717835450028","0.0511278299282165","0.244260077305356","21.4789827190473","225026829.268293"
"2020","350925","周宁县","2.69420888866167","76.16","8.41","23.53","44.22","13.32","10.21","15","7.92","7.08",,,"39119","10079","2369","439","217283","17994","32428","3248","35040","277095",,,"-13.4","-13.5","-13.4","0.1","50773.3333333333","52.8","3.53756419204526","0.308954831932773","0.58061974789916","0.174894957983193","0.0513642331932773","0.285298056722689","17.9613925910778","184730000"
"2021","350925","周宁县","2.97805490052027","90.12","8.91","27.37","53.84","16.97","10.41","14.8","7.98","6.82","38.97","11.93","39539","12253","3349","527","191937","13767","34222","2858","31326","28.28","-3.9","21.4","20.6","-64.8","56.8","2","60891.8918918919","53.9189189189189","3.3045438310256","0.303706169551709","0.597425654682645","0.188304482911673","0.0438737239236573","0.212979360852197","20.1219925710829","19108.1081081081"
"2013","350926","柘荣县","2.45399388949959","42.22","7.2","24.34","21.3","3.04","10.68","8.8","5.1","3.7","35.95","34.77",,,,,,,,,,"93978","64.6","68.8",,,,"13","47977.2727272727","57.9545454545454","5.81239670653621","0.576504026527712","0.504500236854571","0.0720037896731407",,,"27.886294198859","106793181.818182"
"2014","350926","柘荣县","2.75451748666502","45.5","7.42","25.94","12.15","22.55","3.44","8.9","5.25","3.65","47.53","45.78",,,,,,,,,,"94573","32.2","31.7",,,,"6.4","51123.595505618","58.9887640449438","6.05388458607697","0.57010989010989","0.267032967032967","0.495604395604396",,,"30.9496346816294","106261797.752809"
"2015","350926","柘荣县","2.70770959516968","46.79","7.48","25.57","13.74","21.94","3.68","8.95","5.35","3.6","57.99","53.82","28925","3158","3573","2065","130737","12883","18746","1278","29390","105256","22","17.6","15.15","7.8","7.34","9.2","52279.3296089386","59.7765363128492","5.78694078899269","0.546484291515281","0.293652489848258","0.468903611882881","0.0618187646933105","0.279412267578542","30.253738493516","117604469.273743"
"2016","350926","柘荣县","2.73687864221975","50.94","8.96","26.81","15.17","23.12","3.74","9.05","5.46","3.59","45.03","42.87","25789","6798","1750","1860","135712","12027","20024","390","15518","117018","-22.3","-20.3",,,,"8.5","56287.2928176796","60.3314917127072","5.37274959210787","0.526305457400864","0.297801334903808","0.453867294856694","0.0506262269336474","0.266415390655673","30.2417529527044","129301657.458564"
"2017","350926","柘荣县","2.35704231531881","47.58","7.14","23.29","17.16","18.99","4.32","9.1","5.51","3.59","52.3","50.5","24339","9402","4","1633","144803","22152","20621","987","24635","136867","16.1","17.8","-11.4","-2.4","-18.1","7.5","52285.7142857143","60.5494505494505","4.95385102000591","0.489491382934006","0.360655737704918","0.399117276166456","0.0511538461538462","0.304335855401429","25.9015639046023","150403296.703297"
"2018","350926","柘荣县","2.47226569106512","48.6","7.65","22.43","18.52","17.75","4.7","9.2","5.64","3.56",,,"27845","12952","3","1711","131464","13747","19186","1185","27943","145574",,,"-3.8","-7","0.6","6.4","52826.0869565218","61.304347826087","5.08696644252082","0.461522633744856","0.381069958847737","0.36522633744856","0.0572942386831276","0.270502057613169","26.8724531637513","158232608.695652"
"2019","350926","柘荣县","2.56756189136027","71.42","8.53","32.44","30.45","23.15","9.32","9","5.56","3.44",,,"25810","12798","2266","656","134025","13458","26119","1276","26621","339588",,,"10","8.9","11.7","11.2","79355.5555555556","61.7777777777778","3.59501805007039","0.454214505740689","0.426351162139457","0.3241388966676","0.036138336600392","0.187657518902268","28.5284654595586","377320000"
"2020","350926","柘荣县","2.60259569464841","75.23","8.91","32.15","34.17","22.06","10.11","9.3","5.86","3.44",,,"27151","13981","1652","438","149401","15367","26207","6134","26195","343734",,,"-7","-11.9","-0.2","1.2","80892.4731182796","63.010752688172","3.45951840309505","0.427356107935664","0.454207098232088","0.293234082148079","0.0360906553236741","0.198592316894856","27.984899942456","369606451.612903"
"2021","350926","柘荣县","3.01549780221285","77.82","9.39","33.4","35.02","22.14","11.29","9.2","5.91","3.29","32.12","2.82","33974","18372","2184","571","136937","14892","30254","8457","20170","35.68","-11.7","-40.3","-16.4","-3.6","-31.3","3.8","84586.9565217391","64.2391304347826","3.87496505038917","0.429195579542534","0.450012850167052","0.284502698535081","0.0436571575430481","0.175966332562323","32.7771500240527","38782.6086956522"
"2013","350981","福安市","2.48756772857556","307.02","38.39","190.36","172.94","17.42","78.27","56.8","34.6","22.2","163.41","138.77",,,,,,,,,,"711288","62.8","65.1",,,,"12.3","54052.8169014085","60.9154929577465","0.810229864039985","0.620024754087682","0.56328577942805","0.0567389746596313",,,"4.37952064890063","125226760.56338"
"2014","350981","福安市","2.69596959160593","335.06","41.32","208.23","85.52","189.38","19.27","56.95","34.97","21.98","209.94","187.45",,,,,,,,,,"782921","28.5","35.1",,,,"12.9","58834.0649692713","61.404741000878","0.804622930700749","0.621470781352593","0.255237867844565","0.565212200799857",,,"4.73392377806133","137475153.643547"
"2015","350981","福安市","2.71565607107065","354.86","43.86","221.48","89.53","202.39","19.53","57.2","35.44","21.76","233.5","204.65","235026","24149","21341","25312","419531","27861","85724","1798","65143","869508","11.2","9.2","215.04","17.78","197.26","12.8","62038.4615384615","61.958041958042","0.765275339872245","0.624133461083244","0.252296680380995","0.570337597925943","0.0662306261624303","0.118224370174153","4.74765047389974","152011888.111888"
"2016","350981","福安市","2.68508790498744","378.76","48.96","231.42","98.37","210.89","21","57.45","35.96","21.49","204.7","159.36","186314","54060","8555","20442","406995","31608","83396","2240","56672","884543","-12.3","-22.1",,,,"9.1","65928.6335944299","62.5935596170583","0.708915383088879","0.610993769141409","0.259715915091351","0.556790579786672","0.0491905164220087","0.107454588657725","4.67378225411217","153967449.956484"
"2017","350981","福安市","2.71111874342786","414.86","46.36","251.16","117.34","229.36","22.07","57.6","36.46","21.14","231.99","210.6","206674","101455","29","19407","432587","31059","94873","2438","65985","843366","13.3","32.2","6.6","-11.4","7.7","8.8","72024.3055555556","63.2986111111111","0.653502083456554","0.605409053656655","0.282842404666635","0.55286120619004","0.0498177698500699","0.104273007761655","4.7068033740067","146417708.333333"
"2018","350981","福安市","3.02563044869401","469.34","48.33","290.91","130.1","266.83","24.3","57.7","37.04","20.66",,,"254727","123411","-781","39837","423081","36568","99951","29203","62841","920112",,,"8.1","-19.5","9.1","9.1","81341.4211438475","64.1941074523397","0.644656421505521","0.619827843354498","0.277197767077172","0.568521753952359","0.0542734478203435","0.0901438189798441","5.24372694747662","159464818.024263"
"2019","350981","福安市","3.44588700701998","569.01","51.65","361.97","155.4","316.89","45.5","57.7","37.45","20.25",,,"267124","112910","72103","4416","470453","59365","113353","29788","68833","1460828",,,"12.3","-28.7","14.4","11","98615.2512998267","64.9046793760832","0.605593400295246","0.636139962390819","0.273105920809828","0.556914641218959","0.0469453963902216","0.0826792147765417","5.97207453556322","253176429.809359"
"2020","350981","福安市","3.06130932076011","600.16","53.43","371.14","175.59","323.4","48.18","61","39.72","21.28",,,"278833","131993","61450","3809","460951","61740","100777","22290","57251","1496106",,,"5.8","-26.6","6.9","2.4","98386.8852459016","65.1147540983606","0.510082198207163","0.618401759530792","0.292571980805119","0.538856304985337","0.0464597773926953","0.0768046854172221","5.01853987009854","245263278.688525"
"2021","350981","福安市","3.34185518015237","680.41","57.73","430.39","192.28","380.78","50.05","61","40.38","20.62","148.03","29.42","363022","161747","60693","4429","483856","58808","102757","3585","76023","163.22","-7.9","-36.2","5","-27.3","5.5","9.1","111542.62295082","66.1967213114754","0.491153154737933","0.632545083111653","0.282594318131715","0.55963316235799","0.0533534192619156","0.0711124175129701","5.47845111500389","26757.3770491803"
"2013","350982","福鼎市","2.51110447472844","248.14","33.91","148.89","135.21","13.68","65.34","53.4","29.4","24","176.1","144.01",,,,,,,,,,"645669","65.8","71.1",,,,"16.5","46468.1647940075","55.0561797752809","1.01197085303798","0.600024179898444","0.544894011445152","0.0551301684532925",,,"4.70244283657011","120911797.752809"
"2014","350982","福鼎市","2.68683716646388","282.47","37.81","172.95","71.71","158.05","15.23","53.5","30.23","23.27","213.63","161.16",,,,,,,,,,"740807","21.3","11.9",,,,"10.6","52798.1308411215","56.5046728971963","0.951193814020561","0.612277409990441","0.253867667362906","0.559528445498637",,,"5.0221255447923","138468598.130841"
"2015","350982","福鼎市","2.72487488725487","305.83","41.27","186.63","77.93","171.25","15.78","53.75","30.72","23.03","266.63","213.28","203375","15970","30873","9529","361391","21336","75590","1096","59517","853079","24.8","32.3","195.22","58.29","136.93","12.4","56898.6046511628","57.153488372093","0.890976976508148","0.610240983552954","0.254814766373475","0.559951607101985","0.0664993623908707","0.118167282477193","5.06953467396255","158712372.093023"
"2016","350982","福鼎市","2.65991342344586","333.08","47.07","198.76","87.25","181.52","17.67","54","31.37","22.63","272.78","252.63","183960","36889","13120","10134","386471","26217","76683","1179","53212","982713","2.3","18.4",,,,"10.2","61681.4814814815","58.0925925925926","0.79858094855466","0.59673351747328","0.261949081301789","0.544974180377087","0.0552299747808334","0.116029482406629","4.92576559897381","181983888.888889"
"2017","350982","福鼎市","2.87324108316482","347.48","50.51","197.65","99.33","178.49","19.41","54.1","31.97","22.13","283.8","259.18","176343","48893","209","12120","408002","25738","80570","1074","61386","1148428","4","2.6","-2.6","1.5","-4.1","11.4","64229.2051756007","59.09426987061","0.826879556568672","0.568809715667089","0.285858178887994","0.513669851502245","0.050749107862323","0.117417405318292","5.3109816694359","212278743.068392"
"2018","350982","福鼎市","2.80833077124093","366.44","55.17","204.79","106.47","183.55","21.42","54.2","32.63","21.57",,,"185715","54924","114","18415","388618","27758","86920","1083","71384","1252747",,,"2","0.2","3.2","9.1","67608.8560885609","60.2029520295203","0.766382155671032","0.558863661172361","0.29055234144744","0.500900556707783","0.0506808754502784","0.106052286868246","5.18142208716039","231134132.841328"
"2019","350982","福鼎市","3.01186451543772","418.04","58.46","229.66","129.91","194.93","35.17","54.2","33.06","21.14",,,"185988","69373","18181","7156","404935","29748","88536","1123","75742","2040801",,,"-19","-23.3","-18.3","11","77129.1512915129","60.9963099630996","0.720472805338657","0.549373265716199","0.310759735910439","0.466295091378815","0.0444904793799636","0.0968651325232035","5.5569456004386","376531549.815498"
"2020","350982","福鼎市","3.06281089811206","418.69","60.7","219.04","138.94","184","35.44","55.3","35.13","20.17",,,"181507","54392","24605","4724","419015","30263","89071","1140","84845","1969638",,,"-7.5","-20.9","1","-3.5","75712.4773960217","63.5262206148282","0.731522343049048","0.523155556617067","0.331844562803028","0.439465953330626","0.0433511667343381","0.100077623062409","5.53853688627859","356173236.889693"
"2021","350982","福鼎市","3.33516016239565","454.24","69.32","232.6","152.32","196.62","36.33","55.4","35.84","19.56","151.01","37","234144","53573","36433","5415","411649","29599","96603","1540","47514","204.59","8.1","0.2","-15","-38","-3.3","3.9","81992.7797833935","64.6931407942238","0.734228637371357","0.512064107079958","0.335329341317365","0.432854878478337","0.051546319126453","0.0906236791123635","6.02014469746507","36929.6028880866"
