"province_year","province_cn","distcode","county_cn","county_en","year_month","year","month","co2_million_tons","co2_10000_tons"
"福建省2013","福建省","350102","鼓楼区","Gulou District","201301","2013","1","0.240331078661609","24.0331078661609"
"福建省2013","福建省","350103","台江区","Taijiang District","201301","2013","1","0.240331078661609","24.0331078661609"
"福建省2013","福建省","350104","仓山区","Cangshan District","201301","2013","1","0.235637608802484","23.5637608802484"
"福建省2013","福建省","350105","马尾区","Mawei District","201301","2013","1","0.235723056053839","23.5723056053839"
"福建省2013","福建省","350111","晋安区","Jin'an District","201301","2013","1","0.237952987875647","23.7952987875647"
"福建省2013","福建省","350121","闽侯县","Minhou County","201301","2013","1","0.241592871272409","24.1592871272409"
"福建省2013","福建省","350122","连江县","Lianjiang County","201301","2013","1","0.242385464967381","24.2385464967381"
"福建省2013","福建省","350123","罗源县","Luoyuan County","201301","2013","1","0.242970374790827","24.2970374790827"
"福建省2013","福建省","350124","闽清县","Minqing County","201301","2013","1","0.238510380119846","23.8510380119846"
"福建省2013","福建省","350125","永泰县","Yongtai County","201301","2013","1","0.239128638698429","23.9128638698429"
"福建省2013","福建省","350128","平潭县","Pingtan County","201301","2013","1","0.238510380119846","23.8510380119846"
"福建省2013","福建省","350181","福清市","Fuqing City","201301","2013","1","0.241528652286771","24.1528652286771"
"福建省2013","福建省","350182","长乐市","Changle City","201301","2013","1","0.239128638698429","23.9128638698429"
"福建省2013","福建省","350203","思明区","Siming District","201301","2013","1","0.213424685264399","21.3424685264399"
"福建省2013","福建省","350205","海沧区","Haicang District","201301","2013","1","0.191237876488105","19.1237876488105"
"福建省2013","福建省","350206","湖里区","Huli District","201301","2013","1","0.187408500949251","18.7408500949251"
"福建省2013","福建省","350211","集美区","Jimei District","201301","2013","1","0.19424129400017","19.424129400017"
"福建省2013","福建省","350212","同安区","Tong'an District","201301","2013","1","0.194168150493293","19.4168150493293"
"福建省2013","福建省","350213","翔安区","Xiang'an District","201301","2013","1","0.191237876488105","19.1237876488105"
"福建省2013","福建省","350302","城厢区","Chengxiang District","201301","2013","1","0.171677188718759","17.1677188718759"
"福建省2013","福建省","350303","涵江区","Hanjiang District","201301","2013","1","0.183961259848998","18.3961259848998"
"福建省2013","福建省","350304","荔城区","Licheng District","201301","2013","1","0.180403714781561","18.0403714781561"
"福建省2013","福建省","350305","秀屿区","Xiuyu District","201301","2013","1","0.180597263274323","18.0597263274323"
"福建省2013","福建省","350322","仙游县","Xianyou County","201301","2013","1","0.17607267944249","17.607267944249"
"福建省2013","福建省","350402","梅列区","Melie district","201301","2013","1","0.242693101644239","24.2693101644239"
"福建省2013","福建省","350403","三元区","Sanyuan District","201301","2013","1","0.224118522160443","22.4118522160443"
"福建省2013","福建省","350421","明溪县","Mingxi County","201301","2013","1","0.227376545084913","22.7376545084913"
"福建省2013","福建省","350423","清流县","Qingliu County","201301","2013","1","0.223188924236591","22.3188924236591"
"福建省2013","福建省","350424","宁化县","Ninghua County","201301","2013","1","0.227363470752925","22.7363470752925"
"福建省2013","福建省","350425","大田县","Datian County","201301","2013","1","0.186022023430727","18.6022023430727"
"福建省2013","福建省","350426","尤溪县","Youxi County","201301","2013","1","0.186606934170449","18.6606934170449"
"福建省2013","福建省","350427","沙县","Sha County","201301","2013","1","0.186806968975927","18.6806968975927"
"福建省2013","福建省","350428","将乐县","Jiangle County","201301","2013","1","0.182732621742976","18.2732621742976"
"福建省2013","福建省","350429","泰宁县","Taining County","201301","2013","1","0.223404260839266","22.3404260839266"
"福建省2013","福建省","350430","建宁县","Jianning County","201301","2013","1","0.267078431409425","26.7078431409425"
"福建省2013","福建省","350481","永安市","Yong'an City","201301","2013","1","0.183805062401801","18.3805062401801"
"福建省2013","福建省","350502","鲤城区","Licheng District","201301","2013","1","0.200024207838514","20.0024207838514"
"福建省2013","福建省","350503","丰泽区","Fengze District","201301","2013","1","0.196665330493836","19.6665330493836"
"福建省2013","福建省","350504","洛江区","Luojiang District","201301","2013","1","0.199926309322363","19.9926309322363"
"福建省2013","福建省","350505","泉港区","Quangang District","201301","2013","1","0.199926309322363","19.9926309322363"
"福建省2013","福建省","350521","惠安县","Hui'an County","201301","2013","1","0.200024207838514","20.0024207838514"
"福建省2013","福建省","350524","安溪县","Anxi County","201301","2013","1","0.199926309322363","19.9926309322363"
"福建省2013","福建省","350525","永春县","Yongchun County","201301","2013","1","0.199926309322363","19.9926309322363"
"福建省2013","福建省","350526","德化县","Dehua County","201301","2013","1","0.195347146637126","19.5347146637126"
"福建省2013","福建省","350527","金门县","Kinmen County","201301","2013","1","0.193646442589922","19.3646442589922"
"福建省2013","福建省","350581","石狮市","Shishi City","201301","2013","1","0.206878112788189","20.6878112788189"
"福建省2013","福建省","350582","晋江市","Jinjiang City","201301","2013","1","0.195476889384403","19.5476889384403"
"福建省2013","福建省","350583","南安市","Nan'an City","201301","2013","1","0.199926309322363","19.9926309322363"
"福建省2013","福建省","350602","芗城区","Xiangcheng District","201301","2013","1","0.157671543539235","15.7671543539235"
"福建省2013","福建省","350603","龙文区","Longwen District","201301","2013","1","0.155598785914074","15.5598785914074"
"福建省2013","福建省","350622","云霄县","Yunxiao County","201301","2013","1","0.158847008358135","15.8847008358135"
"福建省2013","福建省","350623","漳浦县","Zhangpu County","201301","2013","1","0.156210319948368","15.6210319948368"
"福建省2013","福建省","350624","诏安县","Zhao'an County","201301","2013","1","0.159095401424133","15.9095401424133"
"福建省2013","福建省","350625","长泰县","Changtai County","201301","2013","1","0.157671543539235","15.7671543539235"
"福建省2013","福建省","350626","东山县","Dongshan County","201301","2013","1","0.157663060662681","15.7663060662681"
"福建省2013","福建省","350627","南靖县","Nanjing County","201301","2013","1","0.13282449899472","13.282449899472"
"福建省2013","福建省","350628","平和县","Pinghe County","201301","2013","1","0.148750008440873","14.8750008440873"
"福建省2013","福建省","350629","华安县","Hua'an County","201301","2013","1","0.125903255142075","12.5903255142075"
"福建省2013","福建省","350681","龙海市","Longhai  City","201301","2013","1","0.155598785914074","15.5598785914074"
"福建省2013","福建省","350702","延平区","Yanping District","201301","2013","1","0.162982078070251","16.2982078070251"
"福建省2013","福建省","350721","顺昌县","Shunchang County","201301","2013","1","0.0849148404392708","8.49148404392708"
"福建省2013","福建省","350722","浦城县","Pucheng County","201301","2013","1","0.091004796291816","9.1004796291816"
"福建省2013","福建省","350723","光泽县","Guangze County","201301","2013","1","0.134007234457977","13.4007234457977"
"福建省2013","福建省","350724","松溪县","Songxi County","201301","2013","1","0.113771260969093","11.3771260969093"
"福建省2013","福建省","350725","政和县","Zhenghe County","201301","2013","1","0.108497831005592","10.8497831005592"
"福建省2013","福建省","350781","邵武市","Shaowu City","201301","2013","1","0.0972422532228636","9.72422532228636"
"福建省2013","福建省","350782","武夷山市","Wuyishan City","201301","2013","1","0.11467396254834","11.467396254834"
"福建省2013","福建省","350783","建瓯市","Jian'ou City","201301","2013","1","0.160008269077625","16.0008269077625"
"福建省2013","福建省","350784","建阳市","Jianyang City","201301","2013","1","0.115499442279432","11.5499442279432"
"福建省2013","福建省","350802","新罗区","Xinluo District","201301","2013","1","0.123647429380818","12.3647429380818"
"福建省2013","福建省","350821","长汀县","Changting County","201301","2013","1","0.127587276565233","12.7587276565233"
"福建省2013","福建省","350822","永定县","Yongding County","201301","2013","1","0.134646306229574","13.4646306229574"
"福建省2013","福建省","350823","上杭县","Shanghang County","201301","2013","1","0.126580743587389","12.6580743587389"
"福建省2013","福建省","350824","武平县","Wuping County","201301","2013","1","0.126892990045188","12.6892990045188"
"福建省2013","福建省","350825","连城县","Liancheng County","201301","2013","1","0.122100261001119","12.2100261001119"
"福建省2013","福建省","350881","漳平市","Zhangping City","201301","2013","1","0.128984991283806","12.8984991283806"
"福建省2013","福建省","350902","蕉城区","Jiaocheng District","201301","2013","1","0.210552324438364","21.0552324438364"
"福建省2013","福建省","350921","霞浦县","Xiapu County","201301","2013","1","0.209727499844097","20.9727499844097"
"福建省2013","福建省","350922","古田县","Gutian County","201301","2013","1","0.208512339231187","20.8512339231187"
"福建省2013","福建省","350923","屏南县","Pingnan County","201301","2013","1","0.212499834562778","21.2499834562778"
"福建省2013","福建省","350924","寿宁县","Shouning County","201301","2013","1","0.182971592750256","18.2971592750256"
"福建省2013","福建省","350925","周宁县","Zhouning County","201301","2013","1","0.192446387691299","19.2446387691299"
"福建省2013","福建省","350926","柘荣县","Zherong County","201301","2013","1","0.206995145881039","20.6995145881039"
"福建省2013","福建省","350981","福安市","Fu'an City","201301","2013","1","0.210354807557358","21.0354807557358"
"福建省2013","福建省","350982","福鼎市","Fuding City","201301","2013","1","0.209793748379483","20.9793748379483"
"福建省2013","福建省","350102","鼓楼区","Gulou District","201302","2013","2","0.240331078661609","24.0331078661609"
"福建省2013","福建省","350103","台江区","Taijiang District","201302","2013","2","0.240331078661609","24.0331078661609"
"福建省2013","福建省","350104","仓山区","Cangshan District","201302","2013","2","0.236460474400199","23.6460474400199"
"福建省2013","福建省","350105","马尾区","Mawei District","201302","2013","2","0.236366952931067","23.6366952931067"
"福建省2013","福建省","350111","晋安区","Jin'an District","201302","2013","2","0.237952987875647","23.7952987875647"
"福建省2013","福建省","350121","闽侯县","Minhou County","201302","2013","2","0.241528652286771","24.1528652286771"
"福建省2013","福建省","350122","连江县","Lianjiang County","201302","2013","2","0.243170409596306","24.3170409596306"
"福建省2013","福建省","350123","罗源县","Luoyuan County","201302","2013","2","0.239423065434557","23.9423065434557"
"福建省2013","福建省","350124","闽清县","Minqing County","201302","2013","2","0.238142837365099","23.8142837365099"
"福建省2013","福建省","350125","永泰县","Yongtai County","201302","2013","2","0.235637608802484","23.5637608802484"
"福建省2013","福建省","350128","平潭县","Pingtan County","201302","2013","2","0.238785675944377","23.8785675944377"
"福建省2013","福建省","350181","福清市","Fuqing City","201302","2013","2","0.243170409596306","24.3170409596306"
"福建省2013","福建省","350182","长乐市","Changle City","201302","2013","2","0.233875133140919","23.3875133140919"
"福建省2013","福建省","350203","思明区","Siming District","201302","2013","2","0.214290052291035","21.4290052291035"
"福建省2013","福建省","350205","海沧区","Haicang District","201302","2013","2","0.188009159712231","18.8009159712231"
"福建省2013","福建省","350206","湖里区","Huli District","201302","2013","2","0.185404846973252","18.5404846973252"
"福建省2013","福建省","350211","集美区","Jimei District","201302","2013","2","0.191237876488105","19.1237876488105"
"福建省2013","福建省","350212","同安区","Tong'an District","201302","2013","2","0.194168150493293","19.4168150493293"
"福建省2013","福建省","350213","翔安区","Xiang'an District","201302","2013","2","0.185164257823825","18.5164257823825"
"福建省2013","福建省","350302","城厢区","Chengxiang District","201302","2013","2","0.175889232884704","17.5889232884704"
"福建省2013","福建省","350303","涵江区","Hanjiang District","201302","2013","2","0.175045530270818","17.5045530270818"
"福建省2013","福建省","350304","荔城区","Licheng District","201302","2013","2","0.17252525371926","17.252525371926"
"福建省2013","福建省","350305","秀屿区","Xiuyu District","201302","2013","2","0.180597263274323","18.0597263274323"
"福建省2013","福建省","350322","仙游县","Xianyou County","201302","2013","2","0.172364872559128","17.2364872559128"
"福建省2013","福建省","350402","梅列区","Melie district","201302","2013","2","0.247342972376656","24.7342972376656"
"福建省2013","福建省","350403","三元区","Sanyuan District","201302","2013","2","0.224118522160443","22.4118522160443"
"福建省2013","福建省","350421","明溪县","Mingxi County","201302","2013","2","0.220836059425397","22.0836059425397"
"福建省2013","福建省","350423","清流县","Qingliu County","201302","2013","2","0.228484381457854","22.8484381457854"
"福建省2013","福建省","350424","宁化县","Ninghua County","201302","2013","2","0.224158074099234","22.4158074099234"
"福建省2013","福建省","350425","大田县","Datian County","201302","2013","2","0.186086242416365","18.6086242416365"
"福建省2013","福建省","350426","尤溪县","Youxi County","201302","2013","2","0.186022023430727","18.6022023430727"
"福建省2013","福建省","350427","沙县","Sha County","201302","2013","2","0.186022023430727","18.6022023430727"
"福建省2013","福建省","350428","将乐县","Jiangle County","201302","2013","2","0.182930138623981","18.2930138623981"
"福建省2013","福建省","350429","泰宁县","Taining County","201302","2013","2","0.229654630837853","22.9654630837853"
"福建省2013","福建省","350430","建宁县","Jianning County","201302","2013","2","0.223698562961956","22.3698562961956"
"福建省2013","福建省","350481","永安市","Yong'an City","201302","2013","2","0.186917019134859","18.6917019134859"
"福建省2013","福建省","350502","鲤城区","Licheng District","201302","2013","2","0.200024207838514","20.0024207838514"
"福建省2013","福建省","350503","丰泽区","Fengze District","201302","2013","2","0.199906341851434","19.9906341851434"
"福建省2013","福建省","350504","洛江区","Luojiang District","201302","2013","2","0.199926309322363","19.9926309322363"
"福建省2013","福建省","350505","泉港区","Quangang District","201302","2013","2","0.199926309322363","19.9926309322363"
"福建省2013","福建省","350521","惠安县","Hui'an County","201302","2013","2","0.199926309322363","19.9926309322363"
"福建省2013","福建省","350524","安溪县","Anxi County","201302","2013","2","0.199926309322363","19.9926309322363"
"福建省2013","福建省","350525","永春县","Yongchun County","201302","2013","2","0.199926309322363","19.9926309322363"
"福建省2013","福建省","350526","德化县","Dehua County","201302","2013","2","0.195347146637126","19.5347146637126"
"福建省2013","福建省","350527","金门县","Kinmen County","201302","2013","2","0.193300459792543","19.3300459792543"
"福建省2013","福建省","350581","石狮市","Shishi City","201302","2013","2","0.245211828774297","24.5211828774297"
"福建省2013","福建省","350582","晋江市","Jinjiang City","201302","2013","2","0.195347146637126","19.5347146637126"
"福建省2013","福建省","350583","南安市","Nan'an City","201302","2013","2","0.199926309322363","19.9926309322363"
"福建省2013","福建省","350602","芗城区","Xiangcheng District","201302","2013","2","0.157671543539235","15.7671543539235"
"福建省2013","福建省","350603","龙文区","Longwen District","201302","2013","2","0.155598785914074","15.5598785914074"
"福建省2013","福建省","350622","云霄县","Yunxiao County","201302","2013","2","0.156210319948368","15.6210319948368"
"福建省2013","福建省","350623","漳浦县","Zhangpu County","201302","2013","2","0.156210319948368","15.6210319948368"
"福建省2013","福建省","350624","诏安县","Zhao'an County","201302","2013","2","0.157671543539235","15.7671543539235"
"福建省2013","福建省","350625","长泰县","Changtai County","201302","2013","2","0.158599885249677","15.8599885249677"
"福建省2013","福建省","350626","东山县","Dongshan County","201302","2013","2","0.151103380868573","15.1103380868573"
"福建省2013","福建省","350627","南靖县","Nanjing County","201302","2013","2","0.125738225717442","12.5738225717442"
"福建省2013","福建省","350628","平和县","Pinghe County","201302","2013","2","0.149759993027702","14.9759993027702"
"福建省2013","福建省","350629","华安县","Hua'an County","201302","2013","2","0.133632113190379","13.3632113190379"
"福建省2013","福建省","350681","龙海市","Longhai  City","201302","2013","2","0.156210319948368","15.6210319948368"
"福建省2013","福建省","350702","延平区","Yanping District","201302","2013","2","0.143712972002286","14.3712972002286"
"福建省2013","福建省","350721","顺昌县","Shunchang County","201302","2013","2","0.1142879559304","11.42879559304"
"福建省2013","福建省","350722","浦城县","Pucheng County","201302","2013","2","0.0901549005733039","9.01549005733039"
"福建省2013","福建省","350723","光泽县","Guangze County","201302","2013","2","0.135653938737755","13.5653938737755"
"福建省2013","福建省","350724","松溪县","Songxi County","201302","2013","2","0.113771260969093","11.3771260969093"
"福建省2013","福建省","350725","政和县","Zhenghe County","201302","2013","2","0.1141005547285","11.41005547285"
"福建省2013","福建省","350781","邵武市","Shaowu City","201302","2013","2","0.0990843587040231","9.90843587040231"
"福建省2013","福建省","350782","武夷山市","Wuyishan City","201302","2013","2","0.159513437360805","15.9513437360805"
"福建省2013","福建省","350783","建瓯市","Jian'ou City","201302","2013","2","0.16105280640531","16.105280640531"
"福建省2013","福建省","350784","建阳市","Jianyang City","201302","2013","2","0.116599609428269","11.6599609428269"
"福建省2013","福建省","350802","新罗区","Xinluo District","201302","2013","2","0.123977094231713","12.3977094231713"
"福建省2013","福建省","350821","长汀县","Changting County","201302","2013","2","0.127721610767944","12.7721610767944"
"福建省2013","福建省","350822","永定县","Yongding County","201302","2013","2","0.132532212677649","13.2532212677649"
"福建省2013","福建省","350823","上杭县","Shanghang County","201302","2013","2","0.126892990045188","12.6892990045188"
"福建省2013","福建省","350824","武平县","Wuping County","201302","2013","2","0.126892990045188","12.6892990045188"
"福建省2013","福建省","350825","连城县","Liancheng County","201302","2013","2","0.121804950059344","12.1804950059344"
"福建省2013","福建省","350881","漳平市","Zhangping City","201302","2013","2","0.128984991283806","12.8984991283806"
"福建省2013","福建省","350902","蕉城区","Jiaocheng District","201302","2013","2","0.208990081497737","20.8990081497737"
"福建省2013","福建省","350921","霞浦县","Xiapu County","201302","2013","2","0.209727499844097","20.9727499844097"
"福建省2013","福建省","350922","古田县","Gutian County","201302","2013","2","0.208166356433808","20.8166356433808"
"福建省2013","福建省","350923","屏南县","Pingnan County","201302","2013","2","0.22927114122811","22.927114122811"
"福建省2013","福建省","350924","寿宁县","Shouning County","201302","2013","2","0.193101071877413","19.3101071877413"
"福建省2013","福建省","350925","周宁县","Zhouning County","201302","2013","2","0.178149940560659","17.8149940560659"
"福建省2013","福建省","350926","柘荣县","Zherong County","201302","2013","2","0.198115965607553","19.8115965607553"
"福建省2013","福建省","350981","福安市","Fu'an City","201302","2013","2","0.211289741868449","21.1289741868449"
"福建省2013","福建省","350982","福鼎市","Fuding City","201302","2013","2","0.209793748379483","20.9793748379483"
"福建省2013","福建省","350102","鼓楼区","Gulou District","201303","2013","3","0.240331078661609","24.0331078661609"
"福建省2013","福建省","350103","台江区","Taijiang District","201303","2013","3","0.240331078661609","24.0331078661609"
"福建省2013","福建省","350104","仓山区","Cangshan District","201303","2013","3","0.235637608802484","23.5637608802484"
"福建省2013","福建省","350105","马尾区","Mawei District","201303","2013","3","0.235525539172833","23.5525539172833"
"福建省2013","福建省","350111","晋安区","Jin'an District","201303","2013","3","0.237487206666619","23.7487206666619"
"福建省2013","福建省","350121","闽侯县","Minhou County","201303","2013","3","0.241592871272409","24.1592871272409"
"福建省2013","福建省","350122","连江县","Lianjiang County","201303","2013","3","0.241592871272409","24.1592871272409"
"福建省2013","福建省","350123","罗源县","Luoyuan County","201303","2013","3","0.235899921922555","23.5899921922555"
"福建省2013","福建省","350124","闽清县","Minqing County","201303","2013","3","0.237819772445054","23.7819772445054"
"福建省2013","福建省","350125","永泰县","Yongtai County","201303","2013","3","0.238866324662083","23.8866324662083"
"福建省2013","福建省","350128","平潭县","Pingtan County","201303","2013","3","0.236543819716058","23.6543819716058"
"福建省2013","福建省","350181","福清市","Fuqing City","201303","2013","3","0.241528652286771","24.1528652286771"
"福建省2013","福建省","350182","长乐市","Changle City","201303","2013","3","0.239423065434557","23.9423065434557"
"福建省2013","福建省","350203","思明区","Siming District","201303","2013","3","0.207144066269952","20.7144066269952"
"福建省2013","福建省","350205","海沧区","Haicang District","201303","2013","3","0.190431465361891","19.0431465361891"
"福建省2013","福建省","350206","湖里区","Huli District","201303","2013","3","0.184985725250372","18.4985725250372"
"福建省2013","福建省","350211","集美区","Jimei District","201303","2013","3","0.194079460543718","19.4079460543718"
"福建省2013","福建省","350212","同安区","Tong'an District","201303","2013","3","0.19505202628061","19.505202628061"
"福建省2013","福建省","350213","翔安区","Xiang'an District","201303","2013","3","0.185164257823825","18.5164257823825"
"福建省2013","福建省","350302","城厢区","Chengxiang District","201303","2013","3","0.178836823576432","17.8836823576432"
"福建省2013","福建省","350303","涵江区","Hanjiang District","201303","2013","3","0.178419917407182","17.8419917407182"
"福建省2013","福建省","350304","荔城区","Licheng District","201303","2013","3","0.172242768798872","17.2242768798872"
"福建省2013","福建省","350305","秀屿区","Xiuyu District","201303","2013","3","0.18049984855152","18.049984855152"
"福建省2013","福建省","350322","仙游县","Xianyou County","201303","2013","3","0.172364872559128","17.2364872559128"
"福建省2013","福建省","350402","梅列区","Melie district","201303","2013","3","0.247158966890948","24.7158966890948"
"福建省2013","福建省","350403","三元区","Sanyuan District","201303","2013","3","0.224126993125419","22.4126993125419"
"福建省2013","福建省","350421","明溪县","Mingxi County","201303","2013","3","0.227401832450125","22.7401832450125"
"福建省2013","福建省","350423","清流县","Qingliu County","201303","2013","3","0.242294058261598","24.2294058261598"
"福建省2013","福建省","350424","宁化县","Ninghua County","201303","2013","3","0.22927242676233","22.927242676233"
"福建省2013","福建省","350425","大田县","Datian County","201303","2013","3","0.186806968975927","18.6806968975927"
"福建省2013","福建省","350426","尤溪县","Youxi County","201303","2013","3","0.186806968975927","18.6806968975927"
"福建省2013","福建省","350427","沙县","Sha County","201303","2013","3","0.182772562182486","18.2772562182486"
"福建省2013","福建省","350428","将乐县","Jiangle County","201303","2013","3","0.182930138623981","18.2930138623981"
"福建省2013","福建省","350429","泰宁县","Taining County","201303","2013","3","0.230754902442071","23.0754902442071"
"福建省2013","福建省","350430","建宁县","Jianning County","201303","2013","3","0.249873688968769","24.9873688968769"
"福建省2013","福建省","350481","永安市","Yong'an City","201303","2013","3","0.186917019134859","18.6917019134859"
"福建省2013","福建省","350502","鲤城区","Licheng District","201303","2013","3","0.200024207838514","20.0024207838514"
"福建省2013","福建省","350503","丰泽区","Fengze District","201303","2013","3","0.196665330493836","19.6665330493836"
"福建省2013","福建省","350504","洛江区","Luojiang District","201303","2013","3","0.199926309322363","19.9926309322363"
"福建省2013","福建省","350505","泉港区","Quangang District","201303","2013","3","0.199926309322363","19.9926309322363"
"福建省2013","福建省","350521","惠安县","Hui'an County","201303","2013","3","0.199926309322363","19.9926309322363"
"福建省2013","福建省","350524","安溪县","Anxi County","201303","2013","3","0.199926309322363","19.9926309322363"
"福建省2013","福建省","350525","永春县","Yongchun County","201303","2013","3","0.199926309322363","19.9926309322363"
"福建省2013","福建省","350526","德化县","Dehua County","201303","2013","3","0.187340437272533","18.7340437272533"
"福建省2013","福建省","350527","金门县","Kinmen County","201303","2013","3","0.193170717045267","19.3170717045267"
"福建省2013","福建省","350581","石狮市","Shishi City","201303","2013","3","0.272952637419142","27.2952637419142"
"福建省2013","福建省","350582","晋江市","Jinjiang City","201303","2013","3","0.195347146637126","19.5347146637126"
"福建省2013","福建省","350583","南安市","Nan'an City","201303","2013","3","0.199926309322363","19.9926309322363"
"福建省2013","福建省","350602","芗城区","Xiangcheng District","201303","2013","3","0.159072895870674","15.9072895870674"
"福建省2013","福建省","350603","龙文区","Longwen District","201303","2013","3","0.155598785914074","15.5598785914074"
"福建省2013","福建省","350622","云霄县","Yunxiao County","201303","2013","3","0.157663060662681","15.7663060662681"
"福建省2013","福建省","350623","漳浦县","Zhangpu County","201303","2013","3","0.158847008358135","15.8847008358135"
"福建省2013","福建省","350624","诏安县","Zhao'an County","201303","2013","3","0.159095401424133","15.9095401424133"
"福建省2013","福建省","350625","长泰县","Changtai County","201303","2013","3","0.160778578041482","16.0778578041482"
"福建省2013","福建省","350626","东山县","Dongshan County","201303","2013","3","0.149276111716768","14.9276111716768"
"福建省2013","福建省","350627","南靖县","Nanjing County","201303","2013","3","0.125738225717442","12.5738225717442"
"福建省2013","福建省","350628","平和县","Pinghe County","201303","2013","3","0.137704856941588","13.7704856941588"
"福建省2013","福建省","350629","华安县","Hua'an County","201303","2013","3","0.133632113190379","13.3632113190379"
"福建省2013","福建省","350681","龙海市","Longhai  City","201303","2013","3","0.156210319948368","15.6210319948368"
"福建省2013","福建省","350702","延平区","Yanping District","201303","2013","3","0.151490184646008","15.1490184646008"
"福建省2013","福建省","350721","顺昌县","Shunchang County","201303","2013","3","0.0901549005733039","9.01549005733039"
"福建省2013","福建省","350722","浦城县","Pucheng County","201303","2013","3","0.091004796291816","9.1004796291816"
"福建省2013","福建省","350723","光泽县","Guangze County","201303","2013","3","0.135659717685954","13.5659717685954"
"福建省2013","福建省","350724","松溪县","Songxi County","201303","2013","3","0.113771260969093","11.3771260969093"
"福建省2013","福建省","350725","政和县","Zhenghe County","201303","2013","3","0.1141005547285","11.41005547285"
"福建省2013","福建省","350781","邵武市","Shaowu City","201303","2013","3","0.0948784572475642","9.48784572475642"
"福建省2013","福建省","350782","武夷山市","Wuyishan City","201303","2013","3","0.159167238322459","15.9167238322459"
"福建省2013","福建省","350783","建瓯市","Jian'ou City","201303","2013","3","0.160008269077625","16.0008269077625"
"福建省2013","福建省","350784","建阳市","Jianyang City","201303","2013","3","0.0928584724972272","9.28584724972272"
"福建省2013","福建省","350802","新罗区","Xinluo District","201303","2013","3","0.147980231832955","14.7980231832955"
"福建省2013","福建省","350821","长汀县","Changting County","201303","2013","3","0.127108158053211","12.7108158053211"
"福建省2013","福建省","350822","永定县","Yongding County","201303","2013","3","0.127108158053211","12.7108158053211"
"福建省2013","福建省","350823","上杭县","Shanghang County","201303","2013","3","0.126892990045188","12.6892990045188"
"福建省2013","福建省","350824","武平县","Wuping County","201303","2013","3","0.126892990045188","12.6892990045188"
"福建省2013","福建省","350825","连城县","Liancheng County","201303","2013","3","0.12188509390937","12.188509390937"
"福建省2013","福建省","350881","漳平市","Zhangping City","201303","2013","3","0.12920015929183","12.920015929183"
"福建省2013","福建省","350902","蕉城区","Jiaocheng District","201303","2013","3","0.209727499844097","20.9727499844097"
"福建省2013","福建省","350921","霞浦县","Xiapu County","201303","2013","3","0.211289741868449","21.1289741868449"
"福建省2013","福建省","350922","古田县","Gutian County","201303","2013","3","0.208512339231187","20.8512339231187"
"福建省2013","福建省","350923","屏南县","Pingnan County","201303","2013","3","0.21742586241849","21.742586241849"
"福建省2013","福建省","350924","寿宁县","Shouning County","201303","2013","3","0.189280380795675","18.9280380795675"
"福建省2013","福建省","350925","周宁县","Zhouning County","201303","2013","3","0.179840096446825","17.9840096446825"
"福建省2013","福建省","350926","柘荣县","Zherong County","201303","2013","3","0.2148679370319","21.48679370319"
"福建省2013","福建省","350981","福安市","Fu'an City","201303","2013","3","0.202280184785192","20.2280184785192"
"福建省2013","福建省","350982","福鼎市","Fuding City","201303","2013","3","0.217241063438388","21.7241063438388"
"福建省2013","福建省","350102","鼓楼区","Gulou District","201304","2013","4","0.240331078661609","24.0331078661609"
"福建省2013","福建省","350103","台江区","Taijiang District","201304","2013","4","0.240331078661609","24.0331078661609"
"福建省2013","福建省","350104","仓山区","Cangshan District","201304","2013","4","0.233698267272202","23.3698267272202"
"福建省2013","福建省","350105","马尾区","Mawei District","201304","2013","4","0.235637608802484","23.5637608802484"
"福建省2013","福建省","350111","晋安区","Jin'an District","201304","2013","4","0.239073241611199","23.9073241611199"
"福建省2013","福建省","350121","闽侯县","Minhou County","201304","2013","4","0.240719462097629","24.0719462097629"
"福建省2013","福建省","350122","连江县","Lianjiang County","201304","2013","4","0.241592871272409","24.1592871272409"
"福建省2013","福建省","350123","罗源县","Luoyuan County","201304","2013","4","0.235899921922555","23.5899921922555"
"福建省2013","福建省","350124","闽清县","Minqing County","201304","2013","4","0.235899921922555","23.5899921922555"
"福建省2013","福建省","350125","永泰县","Yongtai County","201304","2013","4","0.238866324662083","23.8866324662083"
"福建省2013","福建省","350128","平潭县","Pingtan County","201304","2013","4","0.235637608802484","23.5637608802484"
"福建省2013","福建省","350181","福清市","Fuqing City","201304","2013","4","0.241528652286771","24.1528652286771"
"福建省2013","福建省","350182","长乐市","Changle City","201304","2013","4","0.243170409596306","24.3170409596306"
"福建省2013","福建省","350203","思明区","Siming District","201304","2013","4","0.207595069791244","20.7595069791244"
"福建省2013","福建省","350205","海沧区","Haicang District","201304","2013","4","0.191380706395223","19.1380706395223"
"福建省2013","福建省","350206","湖里区","Huli District","201304","2013","4","0.224901807414834","22.4901807414834"
"福建省2013","福建省","350211","集美区","Jimei District","201304","2013","4","0.194220177520038","19.4220177520038"
"福建省2013","福建省","350212","同安区","Tong'an District","201304","2013","4","0.194168150493293","19.4168150493293"
"福建省2013","福建省","350213","翔安区","Xiang'an District","201304","2013","4","0.188009159712231","18.8009159712231"
"福建省2013","福建省","350302","城厢区","Chengxiang District","201304","2013","4","0.1786936234941","17.86936234941"
"福建省2013","福建省","350303","涵江区","Hanjiang District","201304","2013","4","0.179450837051637","17.9450837051637"
"福建省2013","福建省","350304","荔城区","Licheng District","201304","2013","4","0.1765242308964","17.65242308964"
"福建省2013","福建省","350305","秀屿区","Xiuyu District","201304","2013","4","0.180205851548499","18.0205851548499"
"福建省2013","福建省","350322","仙游县","Xianyou County","201304","2013","4","0.172364872559128","17.2364872559128"
"福建省2013","福建省","350402","梅列区","Melie district","201304","2013","4","0.247238830360738","24.7238830360738"
"福建省2013","福建省","350403","三元区","Sanyuan District","201304","2013","4","0.224118522160443","22.4118522160443"
"福建省2013","福建省","350421","明溪县","Mingxi County","201304","2013","4","0.22927242676233","22.927242676233"
"福建省2013","福建省","350423","清流县","Qingliu County","201304","2013","4","0.240014846406337","24.0014846406337"
"福建省2013","福建省","350424","宁化县","Ninghua County","201304","2013","4","0.230241691159384","23.0241691159384"
"福建省2013","福建省","350425","大田县","Datian County","201304","2013","4","0.186806968975927","18.6806968975927"
"福建省2013","福建省","350426","尤溪县","Youxi County","201304","2013","4","0.18593008345273","18.593008345273"
"福建省2013","福建省","350427","沙县","Sha County","201304","2013","4","0.186235401036852","18.6235401036852"
"福建省2013","福建省","350428","将乐县","Jiangle County","201304","2013","4","0.186035367147649","18.6035367147649"
"福建省2013","福建省","350429","泰宁县","Taining County","201304","2013","4","0.22153491541027","22.153491541027"
"福建省2013","福建省","350430","建宁县","Jianning County","201304","2013","4","0.253102666883098","25.3102666883098"
"福建省2013","福建省","350481","永安市","Yong'an City","201304","2013","4","0.187688004309873","18.7688004309873"
"福建省2013","福建省","350502","鲤城区","Licheng District","201304","2013","4","0.200024207838514","20.0024207838514"
"福建省2013","福建省","350503","丰泽区","Fengze District","201304","2013","4","0.196665330493836","19.6665330493836"
"福建省2013","福建省","350504","洛江区","Luojiang District","201304","2013","4","0.199926309322363","19.9926309322363"
"福建省2013","福建省","350505","泉港区","Quangang District","201304","2013","4","0.199926309322363","19.9926309322363"
"福建省2013","福建省","350521","惠安县","Hui'an County","201304","2013","4","0.199926309322363","19.9926309322363"
"福建省2013","福建省","350524","安溪县","Anxi County","201304","2013","4","0.200024207838514","20.0024207838514"
"福建省2013","福建省","350525","永春县","Yongchun County","201304","2013","4","0.199926309322363","19.9926309322363"
"福建省2013","福建省","350526","德化县","Dehua County","201304","2013","4","0.195347146637126","19.5347146637126"
"福建省2013","福建省","350527","金门县","Kinmen County","201304","2013","4","0.193300459792543","19.3300459792543"
"福建省2013","福建省","350581","石狮市","Shishi City","201304","2013","4","0.245211828774297","24.5211828774297"
"福建省2013","福建省","350582","晋江市","Jinjiang City","201304","2013","4","0.195476889384403","19.5476889384403"
"福建省2013","福建省","350583","南安市","Nan'an City","201304","2013","4","0.199926309322363","19.9926309322363"
"福建省2013","福建省","350602","芗城区","Xiangcheng District","201304","2013","4","0.159072895870674","15.9072895870674"
"福建省2013","福建省","350603","龙文区","Longwen District","201304","2013","4","0.155598785914074","15.5598785914074"
"福建省2013","福建省","350622","云霄县","Yunxiao County","201304","2013","4","0.156295230262407","15.6295230262407"
"福建省2013","福建省","350623","漳浦县","Zhangpu County","201304","2013","4","0.155598785914074","15.5598785914074"
"福建省2013","福建省","350624","诏安县","Zhao'an County","201304","2013","4","0.159072895870674","15.9072895870674"
"福建省2013","福建省","350625","长泰县","Changtai County","201304","2013","4","0.158599885249677","15.8599885249677"
"福建省2013","福建省","350626","东山县","Dongshan County","201304","2013","4","0.149946933343136","14.9946933343136"
"福建省2013","福建省","350627","南靖县","Nanjing County","201304","2013","4","0.151174909898405","15.1174909898405"
"福建省2013","福建省","350628","平和县","Pinghe County","201304","2013","4","0.132870324670362","13.2870324670362"
"福建省2013","福建省","350629","华安县","Hua'an County","201304","2013","4","0.133645329545035","13.3645329545035"
"福建省2013","福建省","350681","龙海市","Longhai  City","201304","2013","4","0.156210319948368","15.6210319948368"
"福建省2013","福建省","350702","延平区","Yanping District","201304","2013","4","0.159513437360805","15.9513437360805"
"福建省2013","福建省","350721","顺昌县","Shunchang County","201304","2013","4","0.0839119716462765","8.39119716462765"
"福建省2013","福建省","350722","浦城县","Pucheng County","201304","2013","4","0.0928933825854434","9.28933825854434"
"福建省2013","福建省","350723","光泽县","Guangze County","201304","2013","4","0.134175051192016","13.4175051192016"
"福建省2013","福建省","350724","松溪县","Songxi County","201304","2013","4","0.0898355786377837","8.98355786377837"
"福建省2013","福建省","350725","政和县","Zhenghe County","201304","2013","4","0.0882219354027038","8.82219354027038"
"福建省2013","福建省","350781","邵武市","Shaowu City","201304","2013","4","0.0939483599536831","9.39483599536831"
"福建省2013","福建省","350782","武夷山市","Wuyishan City","201304","2013","4","0.0944316493507854","9.44316493507854"
"福建省2013","福建省","350783","建瓯市","Jian'ou City","201304","2013","4","0.160008269077625","16.0008269077625"
"福建省2013","福建省","350784","建阳市","Jianyang City","201304","2013","4","0.0939586387297883","9.39586387297883"
"福建省2013","福建省","350802","新罗区","Xinluo District","201304","2013","4","0.15260097600673","15.260097600673"
"福建省2013","福建省","350821","长汀县","Changting County","201304","2013","4","0.127108158053211","12.7108158053211"
"福建省2013","福建省","350822","永定县","Yongding County","201304","2013","4","0.124719710607745","12.4719710607745"
"福建省2013","福建省","350823","上杭县","Shanghang County","201304","2013","4","0.126892990045188","12.6892990045188"
"福建省2013","福建省","350824","武平县","Wuping County","201304","2013","4","0.126892990045188","12.6892990045188"
"福建省2013","福建省","350825","连城县","Liancheng County","201304","2013","4","0.121804950059344","12.1804950059344"
"福建省2013","福建省","350881","漳平市","Zhangping City","201304","2013","4","0.126578345694978","12.6578345694978"
"福建省2013","福建省","350902","蕉城区","Jiaocheng District","201304","2013","4","0.208792564616731","20.8792564616731"
"福建省2013","福建省","350921","霞浦县","Xiapu County","201304","2013","4","0.211289741868449","21.1289741868449"
"福建省2013","福建省","350922","古田县","Gutian County","201304","2013","4","0.201711573666449","20.1711573666449"
"福建省2013","福建省","350923","屏南县","Pingnan County","201304","2013","4","0.211425552190638","21.1425552190638"
"福建省2013","福建省","350924","寿宁县","Shouning County","201304","2013","4","0.130184013540187","13.0184013540187"
"福建省2013","福建省","350925","周宁县","Zhouning County","201304","2013","4","0.17709806020287","17.709806020287"
"福建省2013","福建省","350926","柘荣县","Zherong County","201304","2013","4","0.194731254797595","19.4731254797595"
"福建省2013","福建省","350981","福安市","Fu'an City","201304","2013","4","0.209793748379483","20.9793748379483"
"福建省2013","福建省","350982","福鼎市","Fuding City","201304","2013","4","0.217241063438388","21.7241063438388"
"福建省2013","福建省","350102","鼓楼区","Gulou District","201305","2013","5","0.240331078661609","24.0331078661609"
"福建省2013","福建省","350103","台江区","Taijiang District","201305","2013","5","0.240331078661609","24.0331078661609"
"福建省2013","福建省","350104","仓山区","Cangshan District","201305","2013","5","0.233612820020848","23.3612820020848"
"福建省2013","福建省","350105","马尾区","Mawei District","201305","2013","5","0.235723056053839","23.5723056053839"
"福建省2013","福建省","350111","晋安区","Jin'an District","201305","2013","5","0.239073241611199","23.9073241611199"
"福建省2013","福建省","350121","闽侯县","Minhou County","201305","2013","5","0.241592871272409","24.1592871272409"
"福建省2013","福建省","350122","连江县","Lianjiang County","201305","2013","5","0.240945586009191","24.0945586009191"
"福建省2013","福建省","350123","罗源县","Luoyuan County","201305","2013","5","0.234519030934422","23.4519030934422"
"福建省2013","福建省","350124","闽清县","Minqing County","201305","2013","5","0.235899921922555","23.5899921922555"
"福建省2013","福建省","350125","永泰县","Yongtai County","201305","2013","5","0.235899921922555","23.5899921922555"
"福建省2013","福建省","350128","平潭县","Pingtan County","201305","2013","5","0.238866324662083","23.8866324662083"
"福建省2013","福建省","350181","福清市","Fuqing City","201305","2013","5","0.242385464967381","24.2385464967381"
"福建省2013","福建省","350182","长乐市","Changle City","201305","2013","5","0.242385464967381","24.2385464967381"
"福建省2013","福建省","350203","思明区","Siming District","201305","2013","5","0.206574340960467","20.6574340960467"
"福建省2013","福建省","350205","海沧区","Haicang District","201305","2013","5","0.192086912740403","19.2086912740403"
"福建省2013","福建省","350206","湖里区","Huli District","201305","2013","5","0.22558326241584","22.558326241584"
"福建省2013","福建省","350211","集美区","Jimei District","201305","2013","5","0.194168150493293","19.4168150493293"
"福建省2013","福建省","350212","同安区","Tong'an District","201305","2013","5","0.194168150493293","19.4168150493293"
"福建省2013","福建省","350213","翔安区","Xiang'an District","201305","2013","5","0.192010573265345","19.2010573265345"
"福建省2013","福建省","350302","城厢区","Chengxiang District","201305","2013","5","0.179038690932473","17.9038690932473"
"福建省2013","福建省","350303","涵江区","Hanjiang District","201305","2013","5","0.189401492229802","18.9401492229802"
"福建省2013","福建省","350304","荔城区","Licheng District","201305","2013","5","0.170895133105797","17.0895133105797"
"福建省2013","福建省","350305","秀屿区","Xiuyu District","201305","2013","5","0.180597263274323","18.0597263274323"
"福建省2013","福建省","350322","仙游县","Xianyou County","201305","2013","5","0.178433658787575","17.8433658787575"
"福建省2013","福建省","350402","梅列区","Melie district","201305","2013","5","0.249172423179906","24.9172423179906"
"福建省2013","福建省","350403","三元区","Sanyuan District","201305","2013","5","0.224435836536822","22.4435836536822"
"福建省2013","福建省","350421","明溪县","Mingxi County","201305","2013","5","0.227175595836704","22.7175595836704"
"福建省2013","福建省","350423","清流县","Qingliu County","201305","2013","5","0.20943247294766","20.943247294766"
"福建省2013","福建省","350424","宁化县","Ninghua County","201305","2013","5","0.230011637343141","23.0011637343141"
"福建省2013","福建省","350425","大田县","Datian County","201305","2013","5","0.186022023430727","18.6022023430727"
"福建省2013","福建省","350426","尤溪县","Youxi County","201305","2013","5","0.18235245912878","18.235245912878"
"福建省2013","福建省","350427","沙县","Sha County","201305","2013","5","0.186035367147649","18.6035367147649"
"福建省2013","福建省","350428","将乐县","Jiangle County","201305","2013","5","0.187458043037433","18.7458043037433"
"福建省2013","福建省","350429","泰宁县","Taining County","201305","2013","5","0.233012276708553","23.3012276708553"
"福建省2013","福建省","350430","建宁县","Jianning County","201305","2013","5","0.275262457450173","27.5262457450173"
"福建省2013","福建省","350481","永安市","Yong'an City","201305","2013","5","0.186679611293208","18.6679611293208"
"福建省2013","福建省","350502","鲤城区","Licheng District","201305","2013","5","0.200024207838514","20.0024207838514"
"福建省2013","福建省","350503","丰泽区","Fengze District","201305","2013","5","0.196665330493836","19.6665330493836"
"福建省2013","福建省","350504","洛江区","Luojiang District","201305","2013","5","0.199926309322363","19.9926309322363"
"福建省2013","福建省","350505","泉港区","Quangang District","201305","2013","5","0.199926309322363","19.9926309322363"
"福建省2013","福建省","350521","惠安县","Hui'an County","201305","2013","5","0.200024207838514","20.0024207838514"
"福建省2013","福建省","350524","安溪县","Anxi County","201305","2013","5","0.199926309322363","19.9926309322363"
"福建省2013","福建省","350525","永春县","Yongchun County","201305","2013","5","0.199926309322363","19.9926309322363"
"福建省2013","福建省","350526","德化县","Dehua County","201305","2013","5","0.192235878026805","19.2235878026805"
"福建省2013","福建省","350527","金门县","Kinmen County","201305","2013","5","0.193300459792543","19.3300459792543"
"福建省2013","福建省","350581","石狮市","Shishi City","201305","2013","5","0.197458101946213","19.7458101946213"
"福建省2013","福建省","350582","晋江市","Jinjiang City","201305","2013","5","0.195347146637126","19.5347146637126"
"福建省2013","福建省","350583","南安市","Nan'an City","201305","2013","5","0.199926309322363","19.9926309322363"
"福建省2013","福建省","350602","芗城区","Xiangcheng District","201305","2013","5","0.157663060662681","15.7663060662681"
"福建省2013","福建省","350603","龙文区","Longwen District","201305","2013","5","0.155598785914074","15.5598785914074"
"福建省2013","福建省","350622","云霄县","Yunxiao County","201305","2013","5","0.158528356219846","15.8528356219846"
"福建省2013","福建省","350623","漳浦县","Zhangpu County","201305","2013","5","0.155598785914074","15.5598785914074"
"福建省2013","福建省","350624","诏安县","Zhao'an County","201305","2013","5","0.156466034970138","15.6466034970138"
"福建省2013","福建省","350625","长泰县","Changtai County","201305","2013","5","0.159095401424133","15.9095401424133"
"福建省2013","福建省","350626","东山县","Dongshan County","201305","2013","5","0.151044468033089","15.1044468033089"
"福建省2013","福建省","350627","南靖县","Nanjing County","201305","2013","5","0.145630698598683","14.5630698598683"
"福建省2013","福建省","350628","平和县","Pinghe County","201305","2013","5","0.135938805973874","13.5938805973874"
"福建省2013","福建省","350629","华安县","Hua'an County","201305","2013","5","0.13360960763692","13.360960763692"
"福建省2013","福建省","350681","龙海市","Longhai  City","201305","2013","5","0.155598785914074","15.5598785914074"
"福建省2013","福建省","350702","延平区","Yanping District","201305","2013","5","0.162982078070251","16.2982078070251"
"福建省2013","福建省","350721","顺昌县","Shunchang County","201305","2013","5","0.0839119716462765","8.39119716462765"
"福建省2013","福建省","350722","浦城县","Pucheng County","201305","2013","5","0.159513437360805","15.9513437360805"
"福建省2013","福建省","350723","光泽县","Guangze County","201305","2013","5","0.114984930802121","11.4984930802121"
"福建省2013","福建省","350724","松溪县","Songxi County","201305","2013","5","0.104200618135979","10.4200618135979"
"福建省2013","福建省","350725","政和县","Zhenghe County","201305","2013","5","0.0882219354027038","8.82219354027038"
"福建省2013","福建省","350781","邵武市","Shaowu City","201305","2013","5","0.0807397524042455","8.07397524042455"
"福建省2013","福建省","350782","武夷山市","Wuyishan City","201305","2013","5","0.0780860909111678","7.80860909111678"
"福建省2013","福建省","350783","建瓯市","Jian'ou City","201305","2013","5","0.151717785593323","15.1717785593323"
"福建省2013","福建省","350784","建阳市","Jianyang City","201305","2013","5","0.0938234798793244","9.38234798793244"
"福建省2013","福建省","350802","新罗区","Xinluo District","201305","2013","5","0.14859121610208","14.859121610208"
"福建省2013","福建省","350821","长汀县","Changting County","201305","2013","5","0.127721610767944","12.7721610767944"
"福建省2013","福建省","350822","永定县","Yongding County","201305","2013","5","0.124719710607745","12.4719710607745"
"福建省2013","福建省","350823","上杭县","Shanghang County","201305","2013","5","0.126563325194292","12.6563325194292"
"福建省2013","福建省","350824","武平县","Wuping County","201305","2013","5","0.126812847111437","12.6812847111437"
"福建省2013","福建省","350825","连城县","Liancheng County","201305","2013","5","0.122100261001119","12.2100261001119"
"福建省2013","福建省","350881","漳平市","Zhangping City","201305","2013","5","0.129679277803852","12.9679277803852"
"福建省2013","福建省","350902","蕉城区","Jiaocheng District","201305","2013","5","0.210552324438364","21.0552324438364"
"福建省2013","福建省","350921","霞浦县","Xiapu County","201305","2013","5","0.210552324438364","21.0552324438364"
"福建省2013","福建省","350922","古田县","Gutian County","201305","2013","5","0.208733401638095","20.8733401638095"
"福建省2013","福建省","350923","屏南县","Pingnan County","201305","2013","5","0.211665993819745","21.1665993819745"
"福建省2013","福建省","350924","寿宁县","Shouning County","201305","2013","5","0.191325415595926","19.1325415595926"
"福建省2013","福建省","350925","周宁县","Zhouning County","201305","2013","5","0.179312033258104","17.9312033258104"
"福建省2013","福建省","350926","柘荣县","Zherong County","201305","2013","5","0.195044705241113","19.5044705241113"
"福建省2013","福建省","350981","福安市","Fu'an City","201305","2013","5","0.209793748379483","20.9793748379483"
"福建省2013","福建省","350982","福鼎市","Fuding City","201305","2013","5","0.217241063438388","21.7241063438388"
"福建省2013","福建省","350102","鼓楼区","Gulou District","201306","2013","6","0.240331078661609","24.0331078661609"
"福建省2013","福建省","350103","台江区","Taijiang District","201306","2013","6","0.240331078661609","24.0331078661609"
"福建省2013","福建省","350104","仓山区","Cangshan District","201306","2013","6","0.235637608802484","23.5637608802484"
"福建省2013","福建省","350105","马尾区","Mawei District","201306","2013","6","0.236460474400199","23.6460474400199"
"福建省2013","福建省","350111","晋安区","Jin'an District","201306","2013","6","0.168476156284234","16.8476156284234"
"福建省2013","福建省","350121","闽侯县","Minhou County","201306","2013","6","0.241592871272409","24.1592871272409"
"福建省2013","福建省","350122","连江县","Lianjiang County","201306","2013","6","0.241145620814669","24.1145620814669"
"福建省2013","福建省","350123","罗源县","Luoyuan County","201306","2013","6","0.234519030934422","23.4519030934422"
"福建省2013","福建省","350124","闽清县","Minqing County","201306","2013","6","0.243170409596306","24.3170409596306"
"福建省2013","福建省","350125","永泰县","Yongtai County","201306","2013","6","0.238866324662083","23.8866324662083"
"福建省2013","福建省","350128","平潭县","Pingtan County","201306","2013","6","0.238866324662083","23.8866324662083"
"福建省2013","福建省","350181","福清市","Fuqing City","201306","2013","6","0.243170409596306","24.3170409596306"
"福建省2013","福建省","350182","长乐市","Changle City","201306","2013","6","0.242385464967381","24.2385464967381"
"福建省2013","福建省","350203","思明区","Siming District","201306","2013","6","0.206765405430942","20.6765405430942"
"福建省2013","福建省","350205","海沧区","Haicang District","201306","2013","6","0.194321206948825","19.4321206948825"
"福建省2013","福建省","350206","湖里区","Huli District","201306","2013","6","0.193378686794681","19.3378686794681"
"福建省2013","福建省","350211","集美区","Jimei District","201306","2013","6","0.194085135036535","19.4085135036535"
"福建省2013","福建省","350212","同安区","Tong'an District","201306","2013","6","0.194085135036535","19.4085135036535"
"福建省2013","福建省","350213","翔安区","Xiang'an District","201306","2013","6","0.184458051478645","18.4458051478645"
"福建省2013","福建省","350302","城厢区","Chengxiang District","201306","2013","6","0.167067253844477","16.7067253844477"
"福建省2013","福建省","350303","涵江区","Hanjiang District","201306","2013","6","0.186069667912803","18.6069667912803"
"福建省2013","福建省","350304","荔城区","Licheng District","201306","2013","6","0.171786458211151","17.1786458211151"
"福建省2013","福建省","350305","秀屿区","Xiuyu District","201306","2013","6","0.178395783632549","17.8395783632549"
"福建省2013","福建省","350322","仙游县","Xianyou County","201306","2013","6","0.178812980261063","17.8812980261063"
"福建省2013","福建省","350402","梅列区","Melie district","201306","2013","6","0.246304170015956","24.6304170015956"
"福建省2013","福建省","350403","三元区","Sanyuan District","201306","2013","6","0.225480758700126","22.5480758700126"
"福建省2013","福建省","350421","明溪县","Mingxi County","201306","2013","6","0.224435836536822","22.4435836536822"
"福建省2013","福建省","350423","清流县","Qingliu County","201306","2013","6","0.236907396831388","23.6907396831388"
"福建省2013","福建省","350424","宁化县","Ninghua County","201306","2013","6","0.238528855894617","23.8528855894617"
"福建省2013","福建省","350425","大田县","Datian County","201306","2013","6","0.183667556970342","18.3667556970342"
"福建省2013","福建省","350426","尤溪县","Youxi County","201306","2013","6","0.18235245912878","18.235245912878"
"福建省2013","福建省","350427","沙县","Sha County","201306","2013","6","0.182930138623981","18.2930138623981"
"福建省2013","福建省","350428","将乐县","Jiangle County","201306","2013","6","0.182930138623981","18.2930138623981"
"福建省2013","福建省","350429","泰宁县","Taining County","201306","2013","6","0.239037979673275","23.9037979673275"
"福建省2013","福建省","350430","建宁县","Jianning County","201306","2013","6","0.247951468042117","24.7951468042117"
"福建省2013","福建省","350481","永安市","Yong'an City","201306","2013","6","0.18707008566942","18.707008566942"
"福建省2013","福建省","350502","鲤城区","Licheng District","201306","2013","6","0.200024207838514","20.0024207838514"
"福建省2013","福建省","350503","丰泽区","Fengze District","201306","2013","6","0.196665330493836","19.6665330493836"
"福建省2013","福建省","350504","洛江区","Luojiang District","201306","2013","6","0.199926309322363","19.9926309322363"
"福建省2013","福建省","350505","泉港区","Quangang District","201306","2013","6","0.199926309322363","19.9926309322363"
"福建省2013","福建省","350521","惠安县","Hui'an County","201306","2013","6","0.199926309322363","19.9926309322363"
"福建省2013","福建省","350524","安溪县","Anxi County","201306","2013","6","0.199926309322363","19.9926309322363"
"福建省2013","福建省","350525","永春县","Yongchun County","201306","2013","6","0.195496855939057","19.5496855939057"
"福建省2013","福建省","350526","德化县","Dehua County","201306","2013","6","0.192235878026805","19.2235878026805"
"福建省2013","福建省","350527","金门县","Kinmen County","201306","2013","6","0.191843822159458","19.1843822159458"
"福建省2013","福建省","350581","石狮市","Shishi City","201306","2013","6","0.189621412041434","18.9621412041434"
"福建省2013","福建省","350582","晋江市","Jinjiang City","201306","2013","6","0.195476889384403","19.5476889384403"
"福建省2013","福建省","350583","南安市","Nan'an City","201306","2013","6","0.199926309322363","19.9926309322363"
"福建省2013","福建省","350602","芗城区","Xiangcheng District","201306","2013","6","0.158528356219846","15.8528356219846"
"福建省2013","福建省","350603","龙文区","Longwen District","201306","2013","6","0.155598785914074","15.5598785914074"
"福建省2013","福建省","350622","云霄县","Yunxiao County","201306","2013","6","0.158528356219846","15.8528356219846"
"福建省2013","福建省","350623","漳浦县","Zhangpu County","201306","2013","6","0.155598785914074","15.5598785914074"
"福建省2013","福建省","350624","诏安县","Zhao'an County","201306","2013","6","0.157663060662681","15.7663060662681"
"福建省2013","福建省","350625","长泰县","Changtai County","201306","2013","6","0.158599885249677","15.8599885249677"
"福建省2013","福建省","350626","东山县","Dongshan County","201306","2013","6","0.15461808640151","15.461808640151"
"福建省2013","福建省","350627","南靖县","Nanjing County","201306","2013","6","0.157873867200366","15.7873867200366"
"福建省2013","福建省","350628","平和县","Pinghe County","201306","2013","6","0.133818627437807","13.3818627437807"
"福建省2013","福建省","350629","华安县","Hua'an County","201306","2013","6","0.133194669626974","13.3194669626974"
"福建省2013","福建省","350681","龙海市","Longhai  City","201306","2013","6","0.156466034970138","15.6466034970138"
"福建省2013","福建省","350702","延平区","Yanping District","201306","2013","6","0.159513437360805","15.9513437360805"
"福建省2013","福建省","350721","顺昌县","Shunchang County","201306","2013","6","0.117292121123095","11.7292121123095"
"福建省2013","福建省","350722","浦城县","Pucheng County","201306","2013","6","0.0928933825854434","9.28933825854434"
"福建省2013","福建省","350723","光泽县","Guangze County","201306","2013","6","0.11589275436019","11.589275436019"
"福建省2013","福建省","350724","松溪县","Songxi County","201306","2013","6","0.0978253818071629","9.78253818071629"
"福建省2013","福建省","350725","政和县","Zhenghe County","201306","2013","6","0.101231785434405","10.1231785434405"
"福建省2013","福建省","350781","邵武市","Shaowu City","201306","2013","6","0.0944067688117979","9.44067688117979"
"福建省2013","福建省","350782","武夷山市","Wuyishan City","201306","2013","6","0.0912824377810668","9.12824377810668"
"福建省2013","福建省","350783","建瓯市","Jian'ou City","201306","2013","6","0.159513437360805","15.9513437360805"
"福建省2013","福建省","350784","建阳市","Jianyang City","201306","2013","6","0.0937615470005133","9.37615470005133"
"福建省2013","福建省","350802","新罗区","Xinluo District","201306","2013","6","0.146379864510425","14.6379864510425"
"福建省2013","福建省","350821","长汀县","Changting County","201306","2013","6","0.127587276565233","12.7587276565233"
"福建省2013","福建省","350822","永定县","Yongding County","201306","2013","6","0.124719710607745","12.4719710607745"
"福建省2013","福建省","350823","上杭县","Shanghang County","201306","2013","6","0.126580743587389","12.6580743587389"
"福建省2013","福建省","350824","武平县","Wuping County","201306","2013","6","0.126563325194292","12.6563325194292"
"福建省2013","福建省","350825","连城县","Liancheng County","201306","2013","6","0.12188509390937","12.188509390937"
"福建省2013","福建省","350881","漳平市","Zhangping City","201306","2013","6","0.126892990045188","12.6892990045188"
"福建省2013","福建省","350902","蕉城区","Jiaocheng District","201306","2013","6","0.210552324438364","21.0552324438364"
"福建省2013","福建省","350921","霞浦县","Xiapu County","201306","2013","6","0.211289741868449","21.1289741868449"
"福建省2013","福建省","350922","古田县","Gutian County","201306","2013","6","0.217241063438388","21.7241063438388"
"福建省2013","福建省","350923","屏南县","Pingnan County","201306","2013","6","0.221755622302369","22.1755622302369"
"福建省2013","福建省","350924","寿宁县","Shouning County","201306","2013","6","0.210372589711742","21.0372589711742"
"福建省2013","福建省","350925","周宁县","Zhouning County","201306","2013","6","0.17931293304043","17.931293304043"
"福建省2013","福建省","350926","柘荣县","Zherong County","201306","2013","6","0.19651218332705","19.651218332705"
"福建省2013","福建省","350981","福安市","Fu'an City","201306","2013","6","0.210354807557358","21.0354807557358"
"福建省2013","福建省","350982","福鼎市","Fuding City","201306","2013","6","0.217538762193546","21.7538762193546"
"福建省2013","福建省","350102","鼓楼区","Gulou District","201307","2013","7","0.240331078661609","24.0331078661609"
"福建省2013","福建省","350103","台江区","Taijiang District","201307","2013","7","0.240331078661609","24.0331078661609"
"福建省2013","福建省","350104","仓山区","Cangshan District","201307","2013","7","0.236468231586731","23.6468231586731"
"福建省2013","福建省","350105","马尾区","Mawei District","201307","2013","7","0.236366952931067","23.6366952931067"
"福建省2013","福建省","350111","晋安区","Jin'an District","201307","2013","7","0.168476156284234","16.8476156284234"
"福建省2013","福建省","350121","闽侯县","Minhou County","201307","2013","7","0.241592871272409","24.1592871272409"
"福建省2013","福建省","350122","连江县","Lianjiang County","201307","2013","7","0.233875133140919","23.3875133140919"
"福建省2013","福建省","350123","罗源县","Luoyuan County","201307","2013","7","0.236057296783488","23.6057296783488"
"福建省2013","福建省","350124","闽清县","Minqing County","201307","2013","7","0.239423065434557","23.9423065434557"
"福建省2013","福建省","350125","永泰县","Yongtai County","201307","2013","7","0.238866324662083","23.8866324662083"
"福建省2013","福建省","350128","平潭县","Pingtan County","201307","2013","7","0.235440091921479","23.5440091921479"
"福建省2013","福建省","350181","福清市","Fuqing City","201307","2013","7","0.242385464967381","24.2385464967381"
"福建省2013","福建省","350182","长乐市","Changle City","201307","2013","7","0.242385464967381","24.2385464967381"
"福建省2013","福建省","350203","思明区","Siming District","201307","2013","7","0.18598996020981","18.598996020981"
"福建省2013","福建省","350205","海沧区","Haicang District","201307","2013","7","0.193314848063285","19.3314848063285"
"福建省2013","福建省","350206","湖里区","Huli District","201307","2013","7","0.193378686794681","19.3378686794681"
"福建省2013","福建省","350211","集美区","Jimei District","201307","2013","7","0.194718546975719","19.4718546975719"
"福建省2013","福建省","350212","同安区","Tong'an District","201307","2013","7","0.194168150493293","19.4168150493293"
"福建省2013","福建省","350213","翔安区","Xiang'an District","201307","2013","7","0.185164257823825","18.5164257823825"
"福建省2013","福建省","350302","城厢区","Chengxiang District","201307","2013","7","0.170514715767072","17.0514715767072"
"福建省2013","福建省","350303","涵江区","Hanjiang District","201307","2013","7","0.184727640740724","18.4727640740724"
"福建省2013","福建省","350304","荔城区","Licheng District","201307","2013","7","0.171746405986057","17.1746405986057"
"福建省2013","福建省","350305","秀屿区","Xiuyu District","201307","2013","7","0.180205851548499","18.0205851548499"
"福建省2013","福建省","350322","仙游县","Xianyou County","201307","2013","7","0.176207269286005","17.6207269286005"
"福建省2013","福建省","350402","梅列区","Melie district","201307","2013","7","0.247453769299941","24.7453769299941"
"福建省2013","福建省","350403","三元区","Sanyuan District","201307","2013","7","0.230011637343141","23.0011637343141"
"福建省2013","福建省","350421","明溪县","Mingxi County","201307","2013","7","0.230241691159384","23.0241691159384"
"福建省2013","福建省","350423","清流县","Qingliu County","201307","2013","7","0.243335043190017","24.3335043190017"
"福建省2013","福建省","350424","宁化县","Ninghua County","201307","2013","7","0.233973544771227","23.3973544771227"
"福建省2013","福建省","350425","大田县","Datian County","201307","2013","7","0.191181120564633","19.1181120564633"
"福建省2013","福建省","350426","尤溪县","Youxi County","201307","2013","7","0.18593008345273","18.593008345273"
"福建省2013","福建省","350427","沙县","Sha County","201307","2013","7","0.194898762746864","19.4898762746864"
"福建省2013","福建省","350428","将乐县","Jiangle County","201307","2013","7","0.18292402615158","18.292402615158"
"福建省2013","福建省","350429","泰宁县","Taining County","201307","2013","7","0.242069777895902","24.2069777895902"
"福建省2013","福建省","350430","建宁县","Jianning County","201307","2013","7","0.254332150711205","25.4332150711205"
"福建省2013","福建省","350481","永安市","Yong'an City","201307","2013","7","0.186022023430727","18.6022023430727"
"福建省2013","福建省","350502","鲤城区","Licheng District","201307","2013","7","0.200024207838514","20.0024207838514"
"福建省2013","福建省","350503","丰泽区","Fengze District","201307","2013","7","0.196665330493836","19.6665330493836"
"福建省2013","福建省","350504","洛江区","Luojiang District","201307","2013","7","0.199926309322363","19.9926309322363"
"福建省2013","福建省","350505","泉港区","Quangang District","201307","2013","7","0.192506253453076","19.2506253453076"
"福建省2013","福建省","350521","惠安县","Hui'an County","201307","2013","7","0.199926309322363","19.9926309322363"
"福建省2013","福建省","350524","安溪县","Anxi County","201307","2013","7","0.199926309322363","19.9926309322363"
"福建省2013","福建省","350525","永春县","Yongchun County","201307","2013","7","0.199926309322363","19.9926309322363"
"福建省2013","福建省","350526","德化县","Dehua County","201307","2013","7","0.196665330493836","19.6665330493836"
"福建省2013","福建省","350527","金门县","Kinmen County","201307","2013","7","0.193300459792543","19.3300459792543"
"福建省2013","福建省","350581","石狮市","Shishi City","201307","2013","7","0.194997911978774","19.4997911978774"
"福建省2013","福建省","350582","晋江市","Jinjiang City","201307","2013","7","0.195347146637126","19.5347146637126"
"福建省2013","福建省","350583","南安市","Nan'an City","201307","2013","7","0.200024207838514","20.0024207838514"
"福建省2013","福建省","350602","芗城区","Xiangcheng District","201307","2013","7","0.157663060662681","15.7663060662681"
"福建省2013","福建省","350603","龙文区","Longwen District","201307","2013","7","0.155598785914074","15.5598785914074"
"福建省2013","福建省","350622","云霄县","Yunxiao County","201307","2013","7","0.157671543539235","15.7671543539235"
"福建省2013","福建省","350623","漳浦县","Zhangpu County","201307","2013","7","0.156210319948368","15.6210319948368"
"福建省2013","福建省","350624","诏安县","Zhao'an County","201307","2013","7","0.157671543539235","15.7671543539235"
"福建省2013","福建省","350625","长泰县","Changtai County","201307","2013","7","0.16070517706125","16.070517706125"
"福建省2013","福建省","350626","东山县","Dongshan County","201307","2013","7","0.15375278992807","15.375278992807"
"福建省2013","福建省","350627","南靖县","Nanjing County","201307","2013","7","0.16070517706125","16.070517706125"
"福建省2013","福建省","350628","平和县","Pinghe County","201307","2013","7","0.13109040129489","13.109040129489"
"福建省2013","福建省","350629","华安县","Hua'an County","201307","2013","7","0.13913280141424","13.913280141424"
"福建省2013","福建省","350681","龙海市","Longhai  City","201307","2013","7","0.156466034970138","15.6466034970138"
"福建省2013","福建省","350702","延平区","Yanping District","201307","2013","7","0.159513437360805","15.9513437360805"
"福建省2013","福建省","350721","顺昌县","Shunchang County","201307","2013","7","0.0939586387297883","9.39586387297883"
"福建省2013","福建省","350722","浦城县","Pucheng County","201307","2013","7","0.159513437360805","15.9513437360805"
"福建省2013","福建省","350723","光泽县","Guangze County","201307","2013","7","0.0867241771675464","8.67241771675464"
"福建省2013","福建省","350724","松溪县","Songxi County","201307","2013","7","0.0888161784061648","8.88161784061648"
"福建省2013","福建省","350725","政和县","Zhenghe County","201307","2013","7","0.0939586387297883","9.39586387297883"
"福建省2013","福建省","350781","邵武市","Shaowu City","201307","2013","7","0.0994482143670386","9.94482143670386"
"福建省2013","福建省","350782","武夷山市","Wuyishan City","201307","2013","7","0.0934287805577911","9.34287805577911"
"福建省2013","福建省","350783","建瓯市","Jian'ou City","201307","2013","7","0.160008269077625","16.0008269077625"
"福建省2013","福建省","350784","建阳市","Jianyang City","201307","2013","7","0.0938234798793244","9.38234798793244"
"福建省2013","福建省","350802","新罗区","Xinluo District","201307","2013","7","0.147980231832955","14.7980231832955"
"福建省2013","福建省","350821","长汀县","Changting County","201307","2013","7","0.126892990045188","12.6892990045188"
"福建省2013","福建省","350822","永定县","Yongding County","201307","2013","7","0.126580743587389","12.6580743587389"
"福建省2013","福建省","350823","上杭县","Shanghang County","201307","2013","7","0.126563325194292","12.6563325194292"
"福建省2013","福建省","350824","武平县","Wuping County","201307","2013","7","0.126892990045188","12.6892990045188"
"福建省2013","福建省","350825","连城县","Liancheng County","201307","2013","7","0.121804950059344","12.1804950059344"
"福建省2013","福建省","350881","漳平市","Zhangping City","201307","2013","7","0.12455461154619","12.455461154619"
"福建省2013","福建省","350902","蕉城区","Jiaocheng District","201307","2013","7","0.200717942760841","20.0717942760841"
"福建省2013","福建省","350921","霞浦县","Xiapu County","201307","2013","7","0.209793748379483","20.9793748379483"
"福建省2013","福建省","350922","古田县","Gutian County","201307","2013","7","0.208231506355132","20.8231506355132"
"福建省2013","福建省","350923","屏南县","Pingnan County","201307","2013","7","0.198569088473571","19.8569088473571"
"福建省2013","福建省","350924","寿宁县","Shouning County","201307","2013","7","0.217435990925449","21.7435990925449"
"福建省2013","福建省","350925","周宁县","Zhouning County","201307","2013","7","0.178003630640022","17.8003630640022"
"福建省2013","福建省","350926","柘荣县","Zherong County","201307","2013","7","0.203721264064001","20.3721264064001"
"福建省2013","福建省","350981","福安市","Fu'an City","201307","2013","7","0.202280184785192","20.2280184785192"
"福建省2013","福建省","350982","福鼎市","Fuding City","201307","2013","7","0.217587046235768","21.7587046235768"
"福建省2013","福建省","350102","鼓楼区","Gulou District","201308","2013","8","0.240331078661609","24.0331078661609"
"福建省2013","福建省","350103","台江区","Taijiang District","201308","2013","8","0.240331078661609","24.0331078661609"
"福建省2013","福建省","350104","仓山区","Cangshan District","201308","2013","8","0.235440091921479","23.5440091921479"
"福建省2013","福建省","350105","马尾区","Mawei District","201308","2013","8","0.236281505679712","23.6281505679712"
"福建省2013","福建省","350111","晋安区","Jin'an District","201308","2013","8","0.184104673423471","18.4104673423471"
"福建省2013","福建省","350121","闽侯县","Minhou County","201308","2013","8","0.241592871272409","24.1592871272409"
"福建省2013","福建省","350122","连江县","Lianjiang County","201308","2013","8","0.233875133140919","23.3875133140919"
"福建省2013","福建省","350123","罗源县","Luoyuan County","201308","2013","8","0.234519030934422","23.4519030934422"
"福建省2013","福建省","350124","闽清县","Minqing County","201308","2013","8","0.235637608802484","23.5637608802484"
"福建省2013","福建省","350125","永泰县","Yongtai County","201308","2013","8","0.243361787432927","24.3361787432927"
"福建省2013","福建省","350128","平潭县","Pingtan County","201308","2013","8","0.235637608802484","23.5637608802484"
"福建省2013","福建省","350181","福清市","Fuqing City","201308","2013","8","0.241592871272409","24.1592871272409"
"福建省2013","福建省","350182","长乐市","Changle City","201308","2013","8","0.242385464967381","24.2385464967381"
"福建省2013","福建省","350203","思明区","Siming District","201308","2013","8","0.205640517175017","20.5640517175017"
"福建省2013","福建省","350205","海沧区","Haicang District","201308","2013","8","0.209674463998267","20.9674463998267"
"福建省2013","福建省","350206","湖里区","Huli District","201308","2013","8","0.21655645919924","21.655645919924"
"福建省2013","福建省","350211","集美区","Jimei District","201308","2013","8","0.194429733341964","19.4429733341964"
"福建省2013","福建省","350212","同安区","Tong'an District","201308","2013","8","0.194220177520038","19.4220177520038"
"福建省2013","福建省","350213","翔安区","Xiang'an District","201308","2013","8","0.185164257823825","18.5164257823825"
"福建省2013","福建省","350302","城厢区","Chengxiang District","201308","2013","8","0.167701791885982","16.7701791885982"
"福建省2013","福建省","350303","涵江区","Hanjiang District","201308","2013","8","0.185777279889175","18.5777279889175"
"福建省2013","福建省","350304","荔城区","Licheng District","201308","2013","8","0.171746405986057","17.1746405986057"
"福建省2013","福建省","350305","秀屿区","Xiuyu District","201308","2013","8","0.180846669740782","18.0846669740782"
"福建省2013","福建省","350322","仙游县","Xianyou County","201308","2013","8","0.17293409758231","17.293409758231"
"福建省2013","福建省","350402","梅列区","Melie district","201308","2013","8","0.236006537881732","23.6006537881732"
"福建省2013","福建省","350403","三元区","Sanyuan District","201308","2013","8","0.224118522160443","22.4118522160443"
"福建省2013","福建省","350421","明溪县","Mingxi County","201308","2013","8","0.224675761386671","22.4675761386671"
"福建省2013","福建省","350423","清流县","Qingliu County","201308","2013","8","0.244330978527958","24.4330978527958"
"福建省2013","福建省","350424","宁化县","Ninghua County","201308","2013","8","0.224435836536822","22.4435836536822"
"福建省2013","福建省","350425","大田县","Datian County","201308","2013","8","0.195906541859091","19.5906541859091"
"福建省2013","福建省","350426","尤溪县","Youxi County","201308","2013","8","0.182035143836125","18.2035143836125"
"福建省2013","福建省","350427","沙县","Sha County","201308","2013","8","0.195906541859091","19.5906541859091"
"福建省2013","福建省","350428","将乐县","Jiangle County","201308","2013","8","0.225090246756628","22.5090246756628"
"福建省2013","福建省","350429","泰宁县","Taining County","201308","2013","8","0.23968292751825","23.968292751825"
"福建省2013","福建省","350430","建宁县","Jianning County","201308","2013","8","0.223698562961956","22.3698562961956"
"福建省2013","福建省","350481","永安市","Yong'an City","201308","2013","8","0.186606934170449","18.6606934170449"
"福建省2013","福建省","350502","鲤城区","Licheng District","201308","2013","8","0.200024207838514","20.0024207838514"
"福建省2013","福建省","350503","丰泽区","Fengze District","201308","2013","8","0.192235878026805","19.2235878026805"
"福建省2013","福建省","350504","洛江区","Luojiang District","201308","2013","8","0.199926309322363","19.9926309322363"
"福建省2013","福建省","350505","泉港区","Quangang District","201308","2013","8","0.192506253453076","19.2506253453076"
"福建省2013","福建省","350521","惠安县","Hui'an County","201308","2013","8","0.199926309322363","19.9926309322363"
"福建省2013","福建省","350524","安溪县","Anxi County","201308","2013","8","0.199926309322363","19.9926309322363"
"福建省2013","福建省","350525","永春县","Yongchun County","201308","2013","8","0.195496855939057","19.5496855939057"
"福建省2013","福建省","350526","德化县","Dehua County","201308","2013","8","0.192235878026805","19.2235878026805"
"福建省2013","福建省","350527","金门县","Kinmen County","201308","2013","8","0.193300459792543","19.3300459792543"
"福建省2013","福建省","350581","石狮市","Shishi City","201308","2013","8","0.229513095627706","22.9513095627706"
"福建省2013","福建省","350582","晋江市","Jinjiang City","201308","2013","8","0.195476889384403","19.5476889384403"
"福建省2013","福建省","350583","南安市","Nan'an City","201308","2013","8","0.199926309322363","19.9926309322363"
"福建省2013","福建省","350602","芗城区","Xiangcheng District","201308","2013","8","0.157266268568406","15.7266268568406"
"福建省2013","福建省","350603","龙文区","Longwen District","201308","2013","8","0.155598785914074","15.5598785914074"
"福建省2013","福建省","350622","云霄县","Yunxiao County","201308","2013","8","0.157663060662681","15.7663060662681"
"福建省2013","福建省","350623","漳浦县","Zhangpu County","201308","2013","8","0.155598785914074","15.5598785914074"
"福建省2013","福建省","350624","诏安县","Zhao'an County","201308","2013","8","0.157663060662681","15.7663060662681"
"福建省2013","福建省","350625","长泰县","Changtai County","201308","2013","8","0.158599885249677","15.8599885249677"
"福建省2013","福建省","350626","东山县","Dongshan County","201308","2013","8","0.160284363894201","16.0284363894201"
"福建省2013","福建省","350627","南靖县","Nanjing County","201308","2013","8","0.161231229942005","16.1231229942005"
"福建省2013","福建省","350628","平和县","Pinghe County","201308","2013","8","0.132451337639948","13.2451337639948"
"福建省2013","福建省","350629","华安县","Hua'an County","201308","2013","8","0.13242660095618","13.242660095618"
"福建省2013","福建省","350681","龙海市","Longhai  City","201308","2013","8","0.156466034970138","15.6466034970138"
"福建省2013","福建省","350702","延平区","Yanping District","201308","2013","8","0.159513437360805","15.9513437360805"
"福建省2013","福建省","350721","顺昌县","Shunchang County","201308","2013","8","0.091004796291816","9.1004796291816"
"福建省2013","福建省","350722","浦城县","Pucheng County","201308","2013","8","0.0917599894623579","9.17599894623579"
"福建省2013","福建省","350723","光泽县","Guangze County","201308","2013","8","0.0938814517000947","9.38814517000947"
"福建省2013","福建省","350724","松溪县","Songxi County","201308","2013","8","0.0882629836190291","8.82629836190291"
"福建省2013","福建省","350725","政和县","Zhenghe County","201308","2013","8","0.0937266359960219","9.37266359960219"
"福建省2013","福建省","350781","邵武市","Shaowu City","201308","2013","8","0.0467029093496213","4.67029093496213"
"福建省2013","福建省","350782","武夷山市","Wuyishan City","201308","2013","8","0.0928611223653407","9.28611223653407"
"福建省2013","福建省","350783","建瓯市","Jian'ou City","201308","2013","8","0.163476909787072","16.3476909787072"
"福建省2013","福建省","350784","建阳市","Jianyang City","201308","2013","8","0.100014455997904","10.0014455997904"
"福建省2013","福建省","350802","新罗区","Xinluo District","201308","2013","8","0.147980231832955","14.7980231832955"
"福建省2013","福建省","350821","长汀县","Changting County","201308","2013","8","0.127587276565233","12.7587276565233"
"福建省2013","福建省","350822","永定县","Yongding County","201308","2013","8","0.126892990045188","12.6892990045188"
"福建省2013","福建省","350823","上杭县","Shanghang County","201308","2013","8","0.12188509390937","12.188509390937"
"福建省2013","福建省","350824","武平县","Wuping County","201308","2013","8","0.126892990045188","12.6892990045188"
"福建省2013","福建省","350825","连城县","Liancheng County","201308","2013","8","0.143835053771936","14.3835053771936"
"福建省2013","福建省","350881","漳平市","Zhangping City","201308","2013","8","0.129562508598283","12.9562508598283"
"福建省2013","福建省","350902","蕉城区","Jiaocheng District","201308","2013","8","0.199783007533475","19.9783007533475"
"福建省2013","福建省","350921","霞浦县","Xiapu County","201308","2013","8","0.209793748379483","20.9793748379483"
"福建省2013","福建省","350922","古田县","Gutian County","201308","2013","8","0.208990081497737","20.8990081497737"
"福建省2013","福建省","350923","屏南县","Pingnan County","201308","2013","8","0.207186822423402","20.7186822423402"
"福建省2013","福建省","350924","寿宁县","Shouning County","201308","2013","8","0.215931626345514","21.5931626345514"
"福建省2013","福建省","350925","周宁县","Zhouning County","201308","2013","8","0.187856087680019","18.7856087680019"
"福建省2013","福建省","350926","柘荣县","Zherong County","201308","2013","8","0.204085924216714","20.4085924216714"
"福建省2013","福建省","350981","福安市","Fu'an City","201308","2013","8","0.19998052441448","19.998052441448"
"福建省2013","福建省","350982","福鼎市","Fuding City","201308","2013","8","0.217587046235768","21.7587046235768"
"福建省2013","福建省","350102","鼓楼区","Gulou District","201309","2013","9","0.240331078661609","24.0331078661609"
"福建省2013","福建省","350103","台江区","Taijiang District","201309","2013","9","0.240331078661609","24.0331078661609"
"福建省2013","福建省","350104","仓山区","Cangshan District","201309","2013","9","0.236468231586731","23.6468231586731"
"福建省2013","福建省","350105","马尾区","Mawei District","201309","2013","9","0.236366952931067","23.6366952931067"
"福建省2013","福建省","350111","晋安区","Jin'an District","201309","2013","9","0.173022683992778","17.3022683992778"
"福建省2013","福建省","350121","闽侯县","Minhou County","201309","2013","9","0.241592871272409","24.1592871272409"
"福建省2013","福建省","350122","连江县","Lianjiang County","201309","2013","9","0.233875133140919","23.3875133140919"
"福建省2013","福建省","350123","罗源县","Luoyuan County","201309","2013","9","0.236057296783488","23.6057296783488"
"福建省2013","福建省","350124","闽清县","Minqing County","201309","2013","9","0.238866324662083","23.8866324662083"
"福建省2013","福建省","350125","永泰县","Yongtai County","201309","2013","9","0.236730545623076","23.6730545623076"
"福建省2013","福建省","350128","平潭县","Pingtan County","201309","2013","9","0.235637608802484","23.5637608802484"
"福建省2013","福建省","350181","福清市","Fuqing City","201309","2013","9","0.241592871272409","24.1592871272409"
"福建省2013","福建省","350182","长乐市","Changle City","201309","2013","9","0.242385464967381","24.2385464967381"
"福建省2013","福建省","350203","思明区","Siming District","201309","2013","9","0.209676059233532","20.9676059233532"
"福建省2013","福建省","350205","海沧区","Haicang District","201309","2013","9","0.188215909899246","18.8215909899246"
"福建省2013","福建省","350206","湖里区","Huli District","201309","2013","9","0.209676059233532","20.9676059233532"
"福建省2013","福建省","350211","集美区","Jimei District","201309","2013","9","0.19440639581055","19.440639581055"
"福建省2013","福建省","350212","同安区","Tong'an District","201309","2013","9","0.192195720430053","19.2195720430053"
"福建省2013","福建省","350213","翔安区","Xiang'an District","201309","2013","9","0.194718546975719","19.4718546975719"
"福建省2013","福建省","350302","城厢区","Chengxiang District","201309","2013","9","0.1791070285755","17.91070285755"
"福建省2013","福建省","350303","涵江区","Hanjiang District","201309","2013","9","0.184709455425217","18.4709455425217"
"福建省2013","福建省","350304","荔城区","Licheng District","201309","2013","9","0.171786458211151","17.1786458211151"
"福建省2013","福建省","350305","秀屿区","Xiuyu District","201309","2013","9","0.180520215518472","18.0520215518472"
"福建省2013","福建省","350322","仙游县","Xianyou County","201309","2013","9","0.171082921892141","17.1082921892141"
"福建省2013","福建省","350402","梅列区","Melie district","201309","2013","9","0.25053719138819","25.053719138819"
"福建省2013","福建省","350403","三元区","Sanyuan District","201309","2013","9","0.223549519792155","22.3549519792155"
"福建省2013","福建省","350421","明溪县","Mingxi County","201309","2013","9","0.195582189572276","19.5582189572276"
"福建省2013","福建省","350423","清流县","Qingliu County","201309","2013","9","0.220873813632086","22.0873813632086"
"福建省2013","福建省","350424","宁化县","Ninghua County","201309","2013","9","0.238417544940899","23.8417544940899"
"福建省2013","福建省","350425","大田县","Datian County","201309","2013","9","0.191181120564633","19.1181120564633"
"福建省2013","福建省","350426","尤溪县","Youxi County","201309","2013","9","0.195906541859091","19.5906541859091"
"福建省2013","福建省","350427","沙县","Sha County","201309","2013","9","0.194898762746864","19.4898762746864"
"福建省2013","福建省","350428","将乐县","Jiangle County","201309","2013","9","0.225780855347694","22.5780855347694"
"福建省2013","福建省","350429","泰宁县","Taining County","201309","2013","9","0.240562640666965","24.0562640666965"
"福建省2013","福建省","350430","建宁县","Jianning County","201309","2013","9","0.249590546162729","24.9590546162729"
"福建省2013","福建省","350481","永安市","Yong'an City","201309","2013","9","0.191167161110723","19.1167161110723"
"福建省2013","福建省","350502","鲤城区","Licheng District","201309","2013","9","0.200024207838514","20.0024207838514"
"福建省2013","福建省","350503","丰泽区","Fengze District","201309","2013","9","0.196665330493836","19.6665330493836"
"福建省2013","福建省","350504","洛江区","Luojiang District","201309","2013","9","0.199926309322363","19.9926309322363"
"福建省2013","福建省","350505","泉港区","Quangang District","201309","2013","9","0.192506253453076","19.2506253453076"
"福建省2013","福建省","350521","惠安县","Hui'an County","201309","2013","9","0.199926309322363","19.9926309322363"
"福建省2013","福建省","350524","安溪县","Anxi County","201309","2013","9","0.199926309322363","19.9926309322363"
"福建省2013","福建省","350525","永春县","Yongchun County","201309","2013","9","0.195496855939057","19.5496855939057"
"福建省2013","福建省","350526","德化县","Dehua County","201309","2013","9","0.193646442589922","19.3646442589922"
"福建省2013","福建省","350527","金门县","Kinmen County","201309","2013","9","0.192235878026805","19.2235878026805"
"福建省2013","福建省","350581","石狮市","Shishi City","201309","2013","9","0.222584410703502","22.2584410703502"
"福建省2013","福建省","350582","晋江市","Jinjiang City","201309","2013","9","0.195476889384403","19.5476889384403"
"福建省2013","福建省","350583","南安市","Nan'an City","201309","2013","9","0.199926309322363","19.9926309322363"
"福建省2013","福建省","350602","芗城区","Xiangcheng District","201309","2013","9","0.15693704261337","15.693704261337"
"福建省2013","福建省","350603","龙文区","Longwen District","201309","2013","9","0.155598785914074","15.5598785914074"
"福建省2013","福建省","350622","云霄县","Yunxiao County","201309","2013","9","0.157671543539235","15.7671543539235"
"福建省2013","福建省","350623","漳浦县","Zhangpu County","201309","2013","9","0.155598785914074","15.5598785914074"
"福建省2013","福建省","350624","诏安县","Zhao'an County","201309","2013","9","0.156466034970138","15.6466034970138"
"福建省2013","福建省","350625","长泰县","Changtai County","201309","2013","9","0.158599885249677","15.8599885249677"
"福建省2013","福建省","350626","东山县","Dongshan County","201309","2013","9","0.152679451319469","15.2679451319469"
"福建省2013","福建省","350627","南靖县","Nanjing County","201309","2013","9","0.15806369103411","15.806369103411"
"福建省2013","福建省","350628","平和县","Pinghe County","201309","2013","9","0.131570626667452","13.1570626667452"
"福建省2013","福建省","350629","华安县","Hua'an County","201309","2013","9","0.147097977852885","14.7097977852885"
"福建省2013","福建省","350681","龙海市","Longhai  City","201309","2013","9","0.156466034970138","15.6466034970138"
"福建省2013","福建省","350702","延平区","Yanping District","201309","2013","9","0.162982078070251","16.2982078070251"
"福建省2013","福建省","350721","顺昌县","Shunchang County","201309","2013","9","0.0793778787095747","7.93778787095747"
"福建省2013","福建省","350722","浦城县","Pucheng County","201309","2013","9","0.159167238322459","15.9167238322459"
"福建省2013","福建省","350723","光泽县","Guangze County","201309","2013","9","0.0938814517000947","9.38814517000947"
"福建省2013","福建省","350724","松溪县","Songxi County","201309","2013","9","0.0893414955178681","8.93414955178681"
"福建省2013","福建省","350725","政和县","Zhenghe County","201309","2013","9","0.0937266359960219","9.37266359960219"
"福建省2013","福建省","350781","邵武市","Shaowu City","201309","2013","9","0.095372541283755","9.5372541283755"
"福建省2013","福建省","350782","武夷山市","Wuyishan City","201309","2013","9","0.092955769936794","9.2955769936794"
"福建省2013","福建省","350783","建瓯市","Jian'ou City","201309","2013","9","0.0862230277326618","8.62230277326618"
"福建省2013","福建省","350784","建阳市","Jianyang City","201309","2013","9","0.0953223193193137","9.53223193193137"
"福建省2013","福建省","350802","新罗区","Xinluo District","201309","2013","9","0.121185510401924","12.1185510401924"
"福建省2013","福建省","350821","长汀县","Changting County","201309","2013","9","0.12455461154619","12.455461154619"
"福建省2013","福建省","350822","永定县","Yongding County","201309","2013","9","0.124778897409538","12.4778897409538"
"福建省2013","福建省","350823","上杭县","Shanghang County","201309","2013","9","0.126812847111437","12.6812847111437"
"福建省2013","福建省","350824","武平县","Wuping County","201309","2013","9","0.126892990045188","12.6892990045188"
"福建省2013","福建省","350825","连城县","Liancheng County","201309","2013","9","0.150820261885691","15.0820261885691"
"福建省2013","福建省","350881","漳平市","Zhangping City","201309","2013","9","0.127587276565233","12.7587276565233"
"福建省2013","福建省","350902","蕉城区","Jiaocheng District","201309","2013","9","0.20818322231291","20.818322231291"
"福建省2013","福建省","350921","霞浦县","Xiapu County","201309","2013","9","0.209745465253537","20.9745465253537"
"福建省2013","福建省","350922","古田县","Gutian County","201309","2013","9","0.209727499844097","20.9727499844097"
"福建省2013","福建省","350923","屏南县","Pingnan County","201309","2013","9","0.193165857121175","19.3165857121175"
"福建省2013","福建省","350924","寿宁县","Shouning County","201309","2013","9","0.185206407403038","18.5206407403038"
"福建省2013","福建省","350925","周宁县","Zhouning County","201309","2013","9","0.202303179629651","20.2303179629651"
"福建省2013","福建省","350926","柘荣县","Zherong County","201309","2013","9","0.205461387190081","20.5461387190081"
"福建省2013","福建省","350981","福安市","Fu'an City","201309","2013","9","0.210552324438364","21.0552324438364"
"福建省2013","福建省","350982","福鼎市","Fuding City","201309","2013","9","0.20106392555822","20.106392555822"
"福建省2013","福建省","350102","鼓楼区","Gulou District","201310","2013","10","0.240331078661609","24.0331078661609"
"福建省2013","福建省","350103","台江区","Taijiang District","201310","2013","10","0.240331078661609","24.0331078661609"
"福建省2013","福建省","350104","仓山区","Cangshan District","201310","2013","10","0.236468231586731","23.6468231586731"
"福建省2013","福建省","350105","马尾区","Mawei District","201310","2013","10","0.236281505679712","23.6281505679712"
"福建省2013","福建省","350111","晋安区","Jin'an District","201310","2013","10","0.181321019039965","18.1321019039965"
"福建省2013","福建省","350121","闽侯县","Minhou County","201310","2013","10","0.241592871272409","24.1592871272409"
"福建省2013","福建省","350122","连江县","Lianjiang County","201310","2013","10","0.234612551487279","23.4612551487279"
"福建省2013","福建省","350123","罗源县","Luoyuan County","201310","2013","10","0.236747905374555","23.6747905374555"
"福建省2013","福建省","350124","闽清县","Minqing County","201310","2013","10","0.238866324662083","23.8866324662083"
"福建省2013","福建省","350125","永泰县","Yongtai County","201310","2013","10","0.235899921922555","23.5899921922555"
"福建省2013","福建省","350128","平潭县","Pingtan County","201310","2013","10","0.239106249511931","23.9106249511931"
"福建省2013","福建省","350181","福清市","Fuqing City","201310","2013","10","0.242385464967381","24.2385464967381"
"福建省2013","福建省","350182","长乐市","Changle City","201310","2013","10","0.242385464967381","24.2385464967381"
"福建省2013","福建省","350203","思明区","Siming District","201310","2013","10","0.210308200298901","21.0308200298901"
"福建省2013","福建省","350205","海沧区","Haicang District","201310","2013","10","0.200318207590362","20.0318207590362"
"福建省2013","福建省","350206","湖里区","Huli District","201310","2013","10","0.204765904930793","20.4765904930793"
"福建省2013","福建省","350211","集美区","Jimei District","201310","2013","10","0.195312196232798","19.5312196232798"
"福建省2013","福建省","350212","同安区","Tong'an District","201310","2013","10","0.195804822475016","19.5804822475016"
"福建省2013","福建省","350213","翔安区","Xiang'an District","201310","2013","10","0.191477800421678","19.1477800421678"
"福建省2013","福建省","350302","城厢区","Chengxiang District","201310","2013","10","0.178419917407182","17.8419917407182"
"福建省2013","福建省","350303","涵江区","Hanjiang District","201310","2013","10","0.189401492229802","18.9401492229802"
"福建省2013","福建省","350304","荔城区","Licheng District","201310","2013","10","0.171786458211151","17.1786458211151"
"福建省2013","福建省","350305","秀屿区","Xiuyu District","201310","2013","10","0.178395783632549","17.8395783632549"
"福建省2013","福建省","350322","仙游县","Xianyou County","201310","2013","10","0.185480620190186","18.5480620190186"
"福建省2013","福建省","350402","梅列区","Melie district","201310","2013","10","0.233680482368993","23.3680482368993"
"福建省2013","福建省","350403","三元区","Sanyuan District","201310","2013","10","0.225780855347694","22.5780855347694"
"福建省2013","福建省","350421","明溪县","Mingxi County","201310","2013","10","0.197030178482981","19.7030178482981"
"福建省2013","福建省","350423","清流县","Qingliu County","201310","2013","10","0.23566668588226","23.566668588226"
"福建省2013","福建省","350424","宁化县","Ninghua County","201310","2013","10","0.194089431451329","19.4089431451329"
"福建省2013","福建省","350425","大田县","Datian County","201310","2013","10","0.182035143836125","18.2035143836125"
"福建省2013","福建省","350426","尤溪县","Youxi County","201310","2013","10","0.195906541859091","19.5906541859091"
"福建省2013","福建省","350427","沙县","Sha County","201310","2013","10","0.194898762746864","19.4898762746864"
"福建省2013","福建省","350428","将乐县","Jiangle County","201310","2013","10","0.224209672309148","22.4209672309148"
"福建省2013","福建省","350429","泰宁县","Taining County","201310","2013","10","0.258549333348926","25.8549333348926"
"福建省2013","福建省","350430","建宁县","Jianning County","201310","2013","10","0.22179830057242","22.179830057242"
"福建省2013","福建省","350481","永安市","Yong'an City","201310","2013","10","0.184058944873009","18.4058944873009"
"福建省2013","福建省","350502","鲤城区","Licheng District","201310","2013","10","0.200024207838514","20.0024207838514"
"福建省2013","福建省","350503","丰泽区","Fengze District","201310","2013","10","0.192235878026805","19.2235878026805"
"福建省2013","福建省","350504","洛江区","Luojiang District","201310","2013","10","0.199926309322363","19.9926309322363"
"福建省2013","福建省","350505","泉港区","Quangang District","201310","2013","10","0.192506253453076","19.2506253453076"
"福建省2013","福建省","350521","惠安县","Hui'an County","201310","2013","10","0.199926309322363","19.9926309322363"
"福建省2013","福建省","350524","安溪县","Anxi County","201310","2013","10","0.199926309322363","19.9926309322363"
"福建省2013","福建省","350525","永春县","Yongchun County","201310","2013","10","0.195496855939057","19.5496855939057"
"福建省2013","福建省","350526","德化县","Dehua County","201310","2013","10","0.196403017373765","19.6403017373765"
"福建省2013","福建省","350527","金门县","Kinmen County","201310","2013","10","0.195273267361198","19.5273267361198"
"福建省2013","福建省","350581","石狮市","Shishi City","201310","2013","10","0.229212908268885","22.9212908268885"
"福建省2013","福建省","350582","晋江市","Jinjiang City","201310","2013","10","0.195476889384403","19.5476889384403"
"福建省2013","福建省","350583","南安市","Nan'an City","201310","2013","10","0.200024207838514","20.0024207838514"
"福建省2013","福建省","350602","芗城区","Xiangcheng District","201310","2013","10","0.157671543539235","15.7671543539235"
"福建省2013","福建省","350603","龙文区","Longwen District","201310","2013","10","0.155598785914074","15.5598785914074"
"福建省2013","福建省","350622","云霄县","Yunxiao County","201310","2013","10","0.160633648947694","16.0633648947694"
"福建省2013","福建省","350623","漳浦县","Zhangpu County","201310","2013","10","0.156210319948368","15.6210319948368"
"福建省2013","福建省","350624","诏安县","Zhao'an County","201310","2013","10","0.156466034970138","15.6466034970138"
"福建省2013","福建省","350625","长泰县","Changtai County","201310","2013","10","0.157663060662681","15.7663060662681"
"福建省2013","福建省","350626","东山县","Dongshan County","201310","2013","10","0.157802338170534","15.7802338170534"
"福建省2013","福建省","350627","南靖县","Nanjing County","201310","2013","10","0.160965045558871","16.0965045558871"
"福建省2013","福建省","350628","平和县","Pinghe County","201310","2013","10","0.132451337639948","13.2451337639948"
"福建省2013","福建省","350629","华安县","Hua'an County","201310","2013","10","0.145879249264029","14.5879249264029"
"福建省2013","福建省","350681","龙海市","Longhai  City","201310","2013","10","0.156466034970138","15.6466034970138"
"福建省2013","福建省","350702","延平区","Yanping District","201310","2013","10","0.162982078070251","16.2982078070251"
"福建省2013","福建省","350721","顺昌县","Shunchang County","201310","2013","10","0.0839119716462765","8.39119716462765"
"福建省2013","福建省","350722","浦城县","Pucheng County","201310","2013","10","0.159513437360805","15.9513437360805"
"福建省2013","福建省","350723","光泽县","Guangze County","201310","2013","10","0.104200618135979","10.4200618135979"
"福建省2013","福建省","350724","松溪县","Songxi County","201310","2013","10","0.0893414955178681","8.93414955178681"
"福建省2013","福建省","350725","政和县","Zhenghe County","201310","2013","10","0.0948268031448582","9.48268031448582"
"福建省2013","福建省","350781","邵武市","Shaowu City","201310","2013","10","0.104200618135979","10.4200618135979"
"福建省2013","福建省","350782","武夷山市","Wuyishan City","201310","2013","10","0.092955769936794","9.2955769936794"
"福建省2013","福建省","350783","建瓯市","Jian'ou City","201310","2013","10","0.091004796291816","9.1004796291816"
"福建省2013","福建省","350784","建阳市","Jianyang City","201310","2013","10","0.0981723505167447","9.81723505167447"
"福建省2013","福建省","350802","新罗区","Xinluo District","201310","2013","10","0.119069309416852","11.9069309416852"
"福建省2013","福建省","350821","长汀县","Changting County","201310","2013","10","0.1562925208364","15.62925208364"
"福建省2013","福建省","350822","永定县","Yongding County","201310","2013","10","0.127587276565233","12.7587276565233"
"福建省2013","福建省","350823","上杭县","Shanghang County","201310","2013","10","0.126892990045188","12.6892990045188"
"福建省2013","福建省","350824","武平县","Wuping County","201310","2013","10","0.126812847111437","12.6812847111437"
"福建省2013","福建省","350825","连城县","Liancheng County","201310","2013","10","0.153762533599411","15.3762533599411"
"福建省2013","福建省","350881","漳平市","Zhangping City","201310","2013","10","0.127721610767944","12.7721610767944"
"福建省2013","福建省","350902","蕉城区","Jiaocheng District","201310","2013","10","0.209745465253537","20.9745465253537"
"福建省2013","福建省","350921","霞浦县","Xiapu County","201310","2013","10","0.209793748379483","20.9793748379483"
"福建省2013","福建省","350922","古田县","Gutian County","201310","2013","10","0.217506554201134","21.7506554201134"
"福建省2013","福建省","350923","屏南县","Pingnan County","201310","2013","10","0.213329426537333","21.3329426537333"
"福建省2013","福建省","350924","寿宁县","Shouning County","201310","2013","10","0.192632965161721","19.2632965161721"
"福建省2013","福建省","350925","周宁县","Zhouning County","201310","2013","10","0.195179610283324","19.5179610283324"
"福建省2013","福建省","350926","柘荣县","Zherong County","201310","2013","10","0.206728820391512","20.6728820391512"
"福建省2013","福建省","350981","福安市","Fu'an City","201310","2013","10","0.208990081497737","20.8990081497737"
"福建省2013","福建省","350982","福鼎市","Fuding City","201310","2013","10","0.192990479283515","19.2990479283515"
"福建省2013","福建省","350102","鼓楼区","Gulou District","201311","2013","11","0.240331078661609","24.0331078661609"
"福建省2013","福建省","350103","台江区","Taijiang District","201311","2013","11","0.240331078661609","24.0331078661609"
"福建省2013","福建省","350104","仓山区","Cangshan District","201311","2013","11","0.235637608802484","23.5637608802484"
"福建省2013","福建省","350105","马尾区","Mawei District","201311","2013","11","0.230435593334405","23.0435593334405"
"福建省2013","福建省","350111","晋安区","Jin'an District","201311","2013","11","0.203955378812291","20.3955378812291"
"福建省2013","福建省","350121","闽侯县","Minhou County","201311","2013","11","0.237103849916792","23.7103849916792"
"福建省2013","福建省","350122","连江县","Lianjiang County","201311","2013","11","0.237103849916792","23.7103849916792"
"福建省2013","福建省","350123","罗源县","Luoyuan County","201311","2013","11","0.236079803253222","23.6079803253222"
"福建省2013","福建省","350124","闽清县","Minqing County","201311","2013","11","0.242708061670757","24.2708061670757"
"福建省2013","福建省","350125","永泰县","Yongtai County","201311","2013","11","0.239423065434557","23.9423065434557"
"福建省2013","福建省","350128","平潭县","Pingtan County","201311","2013","11","0.238866324662083","23.8866324662083"
"福建省2013","福建省","350181","福清市","Fuqing City","201311","2013","11","0.241592871272409","24.1592871272409"
"福建省2013","福建省","350182","长乐市","Changle City","201311","2013","11","0.241592871272409","24.1592871272409"
"福建省2013","福建省","350203","思明区","Siming District","201311","2013","11","0.196087037094196","19.6087037094196"
"福建省2013","福建省","350205","海沧区","Haicang District","201311","2013","11","0.193378686794681","19.3378686794681"
"福建省2013","福建省","350206","湖里区","Huli District","201311","2013","11","0.209172082173129","20.9172082173129"
"福建省2013","福建省","350211","集美区","Jimei District","201311","2013","11","0.194429733341964","19.4429733341964"
"福建省2013","福建省","350212","同安区","Tong'an District","201311","2013","11","0.194237188170635","19.4237188170635"
"福建省2013","福建省","350213","翔安区","Xiang'an District","201311","2013","11","0.194168150493293","19.4168150493293"
"福建省2013","福建省","350302","城厢区","Chengxiang District","201311","2013","11","0.172618200683791","17.2618200683791"
"福建省2013","福建省","350303","涵江区","Hanjiang District","201311","2013","11","0.19101412206442","19.101412206442"
"福建省2013","福建省","350304","荔城区","Licheng District","201311","2013","11","0.174226565256975","17.4226565256975"
"福建省2013","福建省","350305","秀屿区","Xiuyu District","201311","2013","11","0.175435129604136","17.5435129604136"
"福建省2013","福建省","350322","仙游县","Xianyou County","201311","2013","11","0.17646634062413","17.646634062413"
"福建省2013","福建省","350402","梅列区","Melie district","201311","2013","11","0.223211469189886","22.3211469189886"
"福建省2013","福建省","350403","三元区","Sanyuan District","201311","2013","11","0.224169115216374","22.4169115216374"
"福建省2013","福建省","350421","明溪县","Mingxi County","201311","2013","11","0.22927242676233","22.927242676233"
"福建省2013","福建省","350423","清流县","Qingliu County","201311","2013","11","0.225204798576016","22.5204798576016"
"福建省2013","福建省","350424","宁化县","Ninghua County","201311","2013","11","0.18235245912878","18.235245912878"
"福建省2013","福建省","350425","大田县","Datian County","201311","2013","11","0.182035143836125","18.2035143836125"
"福建省2013","福建省","350426","尤溪县","Youxi County","201311","2013","11","0.195469406164181","19.5469406164181"
"福建省2013","福建省","350427","沙县","Sha County","201311","2013","11","0.22927242676233","22.927242676233"
"福建省2013","福建省","350428","将乐县","Jiangle County","201311","2013","11","0.20901071418452","20.901071418452"
"福建省2013","福建省","350429","泰宁县","Taining County","201311","2013","11","0.244685064863925","24.4685064863925"
"福建省2013","福建省","350430","建宁县","Jianning County","201311","2013","11","0.239222407561887","23.9222407561887"
"福建省2013","福建省","350481","永安市","Yong'an City","201311","2013","11","0.183805062401801","18.3805062401801"
"福建省2013","福建省","350502","鲤城区","Licheng District","201311","2013","11","0.200024207838514","20.0024207838514"
"福建省2013","福建省","350503","丰泽区","Fengze District","201311","2013","11","0.192235878026805","19.2235878026805"
"福建省2013","福建省","350504","洛江区","Luojiang District","201311","2013","11","0.199926309322363","19.9926309322363"
"福建省2013","福建省","350505","泉港区","Quangang District","201311","2013","11","0.195347146637126","19.5347146637126"
"福建省2013","福建省","350521","惠安县","Hui'an County","201311","2013","11","0.199926309322363","19.9926309322363"
"福建省2013","福建省","350524","安溪县","Anxi County","201311","2013","11","0.199926309322363","19.9926309322363"
"福建省2013","福建省","350525","永春县","Yongchun County","201311","2013","11","0.195476889384403","19.5476889384403"
"福建省2013","福建省","350526","德化县","Dehua County","201311","2013","11","0.198075895056953","19.8075895056953"
"福建省2013","福建省","350527","金门县","Kinmen County","201311","2013","11","0.195010953324852","19.5010953324852"
"福建省2013","福建省","350581","石狮市","Shishi City","201311","2013","11","0.189491669294158","18.9491669294158"
"福建省2013","福建省","350582","晋江市","Jinjiang City","201311","2013","11","0.195476889384403","19.5476889384403"
"福建省2013","福建省","350583","南安市","Nan'an City","201311","2013","11","0.199926309322363","19.9926309322363"
"福建省2013","福建省","350602","芗城区","Xiangcheng District","201311","2013","11","0.156466034970138","15.6466034970138"
"福建省2013","福建省","350603","龙文区","Longwen District","201311","2013","11","0.155598785914074","15.5598785914074"
"福建省2013","福建省","350622","云霄县","Yunxiao County","201311","2013","11","0.16070704901165","16.070704901165"
"福建省2013","福建省","350623","漳浦县","Zhangpu County","201311","2013","11","0.158847008358135","15.8847008358135"
"福建省2013","福建省","350624","诏安县","Zhao'an County","201311","2013","11","0.156466034970138","15.6466034970138"
"福建省2013","福建省","350625","长泰县","Changtai County","201311","2013","11","0.159072895870674","15.9072895870674"
"福建省2013","福建省","350626","东山县","Dongshan County","201311","2013","11","0.159072895870674","15.9072895870674"
"福建省2013","福建省","350627","南靖县","Nanjing County","201311","2013","11","0.150961863983932","15.0961863983932"
"福建省2013","福建省","350628","平和县","Pinghe County","201311","2013","11","0.131261206002621","13.1261206002621"
"福建省2013","福建省","350629","华安县","Hua'an County","201311","2013","11","0.135252480969748","13.5252480969748"
"福建省2013","福建省","350681","龙海市","Longhai  City","201311","2013","11","0.157671543539235","15.7671543539235"
"福建省2013","福建省","350702","延平区","Yanping District","201311","2013","11","0.162982078070251","16.2982078070251"
"福建省2013","福建省","350721","顺昌县","Shunchang County","201311","2013","11","0.0944541549042438","9.44541549042438"
"福建省2013","福建省","350722","浦城县","Pucheng County","201311","2013","11","0.164890870066381","16.4890870066381"
"福建省2013","福建省","350723","光泽县","Guangze County","201311","2013","11","0.0867241771675464","8.67241771675464"
"福建省2013","福建省","350724","松溪县","Songxi County","201311","2013","11","0.0893414955178681","8.93414955178681"
"福建省2013","福建省","350725","政和县","Zhenghe County","201311","2013","11","0.0953223193193137","9.53223193193137"
"福建省2013","福建省","350781","邵武市","Shaowu City","201311","2013","11","0.101868175268254","10.1868175268254"
"福建省2013","福建省","350782","武夷山市","Wuyishan City","201311","2013","11","0.0939586387297883","9.39586387297883"
"福建省2013","福建省","350783","建瓯市","Jian'ou City","201311","2013","11","0.0938234798793244","9.38234798793244"
"福建省2013","福建省","350784","建阳市","Jianyang City","201311","2013","11","0.0918905137924491","9.18905137924491"
"福建省2013","福建省","350802","新罗区","Xinluo District","201311","2013","11","0.127721610767944","12.7721610767944"
"福建省2013","福建省","350821","长汀县","Changting County","201311","2013","11","0.123929106146408","12.3929106146408"
"福建省2013","福建省","350822","永定县","Yongding County","201311","2013","11","0.126812847111437","12.6812847111437"
"福建省2013","福建省","350823","上杭县","Shanghang County","201311","2013","11","0.127108158053211","12.7108158053211"
"福建省2013","福建省","350824","武平县","Wuping County","201311","2013","11","0.127108158053211","12.7108158053211"
"福建省2013","福建省","350825","连城县","Liancheng County","201311","2013","11","0.144909051182464","14.4909051182464"
"福建省2013","福建省","350881","漳平市","Zhangping City","201311","2013","11","0.122713714632127","12.2713714632127"
"福建省2013","福建省","350902","蕉城区","Jiaocheng District","201311","2013","11","0.20818322231291","20.818322231291"
"福建省2013","福建省","350921","霞浦县","Xiapu County","201311","2013","11","0.209745465253537","20.9745465253537"
"福建省2013","福建省","350922","古田县","Gutian County","201311","2013","11","0.209255572260483","20.9255572260483"
"福建省2013","福建省","350923","屏南县","Pingnan County","201311","2013","11","0.182486035571833","18.2486035571833"
"福建省2013","福建省","350924","寿宁县","Shouning County","201311","2013","11","0.198761322111304","19.8761322111304"
"福建省2013","福建省","350925","周宁县","Zhouning County","201311","2013","11","0.194299799093154","19.4299799093154"
"福建省2013","福建省","350926","柘荣县","Zherong County","201311","2013","11","0.21150806003089","21.150806003089"
"福建省2013","福建省","350981","福安市","Fu'an City","201311","2013","11","0.201345250474101","20.1345250474101"
"福建省2013","福建省","350982","福鼎市","Fuding City","201311","2013","11","0.200623620467112","20.0623620467112"
"福建省2013","福建省","350102","鼓楼区","Gulou District","201312","2013","12","0.240331078661609","24.0331078661609"
"福建省2013","福建省","350103","台江区","Taijiang District","201312","2013","12","0.240331078661609","24.0331078661609"
"福建省2013","福建省","350104","仓山区","Cangshan District","201312","2013","12","0.238142837365099","23.8142837365099"
"福建省2013","福建省","350105","马尾区","Mawei District","201312","2013","12","0.230521039669484","23.0521039669484"
"福建省2013","福建省","350111","晋安区","Jin'an District","201312","2013","12","0.187913929389699","18.7913929389699"
"福建省2013","福建省","350121","闽侯县","Minhou County","201312","2013","12","0.237103849916792","23.7103849916792"
"福建省2013","福建省","350122","连江县","Lianjiang County","201312","2013","12","0.242970374790827","24.2970374790827"
"福建省2013","福建省","350123","罗源县","Luoyuan County","201312","2013","12","0.236747905374555","23.6747905374555"
"福建省2013","福建省","350124","闽清县","Minqing County","201312","2013","12","0.239106249511931","23.9106249511931"
"福建省2013","福建省","350125","永泰县","Yongtai County","201312","2013","12","0.234519030934422","23.4519030934422"
"福建省2013","福建省","350128","平潭县","Pingtan County","201312","2013","12","0.242970374790827","24.2970374790827"
"福建省2013","福建省","350181","福清市","Fuqing City","201312","2013","12","0.241592871272409","24.1592871272409"
"福建省2013","福建省","350182","长乐市","Changle City","201312","2013","12","0.240964469526462","24.0964469526462"
"福建省2013","福建省","350203","思明区","Siming District","201312","2013","12","0.206505506696238","20.6505506696238"
"福建省2013","福建省","350205","海沧区","Haicang District","201312","2013","12","0.185982810513791","18.5982810513791"
"福建省2013","福建省","350206","湖里区","Huli District","201312","2013","12","0.20958231236068","20.958231236068"
"福建省2013","福建省","350211","集美区","Jimei District","201312","2013","12","0.194220177520038","19.4220177520038"
"福建省2013","福建省","350212","同安区","Tong'an District","201312","2013","12","0.19471618756687","19.471618756687"
"福建省2013","福建省","350213","翔安区","Xiang'an District","201312","2013","12","0.190249552648925","19.0249552648925"
"福建省2013","福建省","350302","城厢区","Chengxiang District","201312","2013","12","0.172441816775872","17.2441816775872"
"福建省2013","福建省","350303","涵江区","Hanjiang District","201312","2013","12","0.184061577331892","18.4061577331892"
"福建省2013","福建省","350304","荔城区","Licheng District","201312","2013","12","0.171896556016397","17.1896556016397"
"福建省2013","福建省","350305","秀屿区","Xiuyu District","201312","2013","12","0.17668669383397","17.668669383397"
"福建省2013","福建省","350322","仙游县","Xianyou County","201312","2013","12","0.179130295553717","17.9130295553717"
"福建省2013","福建省","350402","梅列区","Melie district","201312","2013","12","0.225826243043752","22.5826243043752"
"福建省2013","福建省","350403","三元区","Sanyuan District","201312","2013","12","0.22932481205271","22.932481205271"
"福建省2013","福建省","350421","明溪县","Mingxi County","201312","2013","12","0.2152637496279","21.52637496279"
"福建省2013","福建省","350423","清流县","Qingliu County","201312","2013","12","0.226374203150206","22.6374203150206"
"福建省2013","福建省","350424","宁化县","Ninghua County","201312","2013","12","0.18183762695512","18.183762695512"
"福建省2013","福建省","350425","大田县","Datian County","201312","2013","12","0.182035143836125","18.2035143836125"
"福建省2013","福建省","350426","尤溪县","Youxi County","201312","2013","12","0.194898762746864","19.4898762746864"
"福建省2013","福建省","350427","沙县","Sha County","201312","2013","12","0.22927242676233","22.927242676233"
"福建省2013","福建省","350428","将乐县","Jiangle County","201312","2013","12","0.215277708165535","21.5277708165535"
"福建省2013","福建省","350429","泰宁县","Taining County","201312","2013","12","0.217568998361553","21.7568998361553"
"福建省2013","福建省","350430","建宁县","Jianning County","201312","2013","12","0.227599993472654","22.7599993472654"
"福建省2013","福建省","350481","永安市","Yong'an City","201312","2013","12","0.183487747109147","18.3487747109147"
"福建省2013","福建省","350502","鲤城区","Licheng District","201312","2013","12","0.200024207838514","20.0024207838514"
"福建省2013","福建省","350503","丰泽区","Fengze District","201312","2013","12","0.196665330493836","19.6665330493836"
"福建省2013","福建省","350504","洛江区","Luojiang District","201312","2013","12","0.195496855939057","19.5496855939057"
"福建省2013","福建省","350505","泉港区","Quangang District","201312","2013","12","0.195476889384403","19.5476889384403"
"福建省2013","福建省","350521","惠安县","Hui'an County","201312","2013","12","0.199926309322363","19.9926309322363"
"福建省2013","福建省","350524","安溪县","Anxi County","201312","2013","12","0.199926309322363","19.9926309322363"
"福建省2013","福建省","350525","永春县","Yongchun County","201312","2013","12","0.195496855939057","19.5496855939057"
"福建省2013","福建省","350526","德化县","Dehua County","201312","2013","12","0.196403017373765","19.6403017373765"
"福建省2013","福建省","350527","金门县","Kinmen County","201312","2013","12","0.191973564906734","19.1973564906734"
"福建省2013","福建省","350581","石狮市","Shishi City","201312","2013","12","0.194997911978774","19.4997911978774"
"福建省2013","福建省","350582","晋江市","Jinjiang City","201312","2013","12","0.195476889384403","19.5476889384403"
"福建省2013","福建省","350583","南安市","Nan'an City","201312","2013","12","0.200024207838514","20.0024207838514"
"福建省2013","福建省","350602","芗城区","Xiangcheng District","201312","2013","12","0.156466034970138","15.6466034970138"
"福建省2013","福建省","350603","龙文区","Longwen District","201312","2013","12","0.155598785914074","15.5598785914074"
"福建省2013","福建省","350622","云霄县","Yunxiao County","201312","2013","12","0.159072895870674","15.9072895870674"
"福建省2013","福建省","350623","漳浦县","Zhangpu County","201312","2013","12","0.155598785914074","15.5598785914074"
"福建省2013","福建省","350624","诏安县","Zhao'an County","201312","2013","12","0.156295230262407","15.6295230262407"
"福建省2013","福建省","350625","长泰县","Changtai County","201312","2013","12","0.156466034970138","15.6466034970138"
"福建省2013","福建省","350626","东山县","Dongshan County","201312","2013","12","0.157663060662681","15.7663060662681"
"福建省2013","福建省","350627","南靖县","Nanjing County","201312","2013","12","0.159736484419972","15.9736484419972"
"福建省2013","福建省","350628","平和县","Pinghe County","201312","2013","12","0.131214092960209","13.1214092960209"
"福建省2013","福建省","350629","华安县","Hua'an County","201312","2013","12","0.1344915684089","13.44915684089"
"福建省2013","福建省","350681","龙海市","Longhai  City","201312","2013","12","0.156466034970138","15.6466034970138"
"福建省2013","福建省","350702","延平区","Yanping District","201312","2013","12","0.159513437360805","15.9513437360805"
"福建省2013","福建省","350721","顺昌县","Shunchang County","201312","2013","12","0.091004796291816","9.1004796291816"
"福建省2013","福建省","350722","浦城县","Pucheng County","201312","2013","12","0.159886692175655","15.9886692175655"
"福建省2013","福建省","350723","光泽县","Guangze County","201312","2013","12","0.0867241771675464","8.67241771675464"
"福建省2013","福建省","350724","松溪县","Songxi County","201312","2013","12","0.0956821846034793","9.56821846034793"
"福建省2013","福建省","350725","政和县","Zhenghe County","201312","2013","12","0.0934512861112495","9.34512861112495"
"福建省2013","福建省","350781","邵武市","Shaowu City","201312","2013","12","0.103960175590597","10.3960175590597"
"福建省2013","福建省","350782","武夷山市","Wuyishan City","201312","2013","12","0.0952971455722363","9.52971455722363"
"福建省2013","福建省","350783","建瓯市","Jian'ou City","201312","2013","12","0.0944316493507854","9.44316493507854"
"福建省2013","福建省","350784","建阳市","Jianyang City","201312","2013","12","0.092955769936794","9.2955769936794"
"福建省2013","福建省","350802","新罗区","Xinluo District","201312","2013","12","0.129562508598283","12.9562508598283"
"福建省2013","福建省","350821","长汀县","Changting County","201312","2013","12","0.129494241508452","12.9494241508452"
"福建省2013","福建省","350822","永定县","Yongding County","201312","2013","12","0.127587276565233","12.7587276565233"
"福建省2013","福建省","350823","上杭县","Shanghang County","201312","2013","12","0.129494241508452","12.9494241508452"
"福建省2013","福建省","350824","武平县","Wuping County","201312","2013","12","0.122100261001119","12.2100261001119"
"福建省2013","福建省","350825","连城县","Liancheng County","201312","2013","12","0.146009217415025","14.6009217415025"
"福建省2013","福建省","350881","漳平市","Zhangping City","201312","2013","12","0.12448634445636","12.448634445636"
"福建省2013","福建省","350902","蕉城区","Jiaocheng District","201312","2013","12","0.20818322231291","20.818322231291"
"福建省2013","福建省","350921","霞浦县","Xiapu County","201312","2013","12","0.20818322231291","20.818322231291"
"福建省2013","福建省","350922","古田县","Gutian County","201312","2013","12","0.209992990606843","20.9992990606843"
"福建省2013","福建省","350923","屏南县","Pingnan County","201312","2013","12","0.185763198570653","18.5763198570653"
"福建省2013","福建省","350924","寿宁县","Shouning County","201312","2013","12","0.219470129380056","21.9470129380056"
"福建省2013","福建省","350925","周宁县","Zhouning County","201312","2013","12","0.191883480386182","19.1883480386182"
"福建省2013","福建省","350926","柘荣县","Zherong County","201312","2013","12","0.21622124172014","21.622124172014"
"福建省2013","福建省","350981","福安市","Fu'an City","201312","2013","12","0.210552324438364","21.0552324438364"
"福建省2013","福建省","350982","福鼎市","Fuding City","201312","2013","12","0.192402907680377","19.2402907680377"
"福建省2014","福建省","350102","鼓楼区","Gulou District","201401","2014","1","0.260419596352298","26.0419596352298"
"福建省2014","福建省","350103","台江区","Taijiang District","201401","2014","1","0.260419596352298","26.0419596352298"
"福建省2014","福建省","350104","仓山区","Cangshan District","201401","2014","1","0.249696978585005","24.9696978585005"
"福建省2014","福建省","350105","马尾区","Mawei District","201401","2014","1","0.249789567931194","24.9789567931194"
"福建省2014","福建省","350111","晋安区","Jin'an District","201401","2014","1","0.221003367081147","22.1003367081147"
"福建省2014","福建省","350121","闽侯县","Minhou County","201401","2014","1","0.259116648910093","25.9116648910093"
"福建省2014","福建省","350122","连江县","Lianjiang County","201401","2014","1","0.263279503636372","26.3279503636372"
"福建省2014","福建省","350123","罗源县","Luoyuan County","201401","2014","1","0.254121738290797","25.4121738290797"
"福建省2014","福建省","350124","闽清县","Minqing County","201401","2014","1","0.258832408809417","25.8832408809417"
"福建省2014","福建省","350125","永泰县","Yongtai County","201401","2014","1","0.253424019385605","25.3424019385605"
"福建省2014","福建省","350128","平潭县","Pingtan County","201401","2014","1","0.263496259063381","26.3496259063381"
"福建省2014","福建省","350181","福清市","Fuqing City","201401","2014","1","0.261105930953395","26.1105930953395"
"福建省2014","福建省","350182","长乐市","Changle City","201401","2014","1","0.261105930953395","26.1105930953395"
"福建省2014","福建省","350203","思明区","Siming District","201401","2014","1","0.226132439643826","22.6132439643826"
"福建省2014","福建省","350205","海沧区","Haicang District","201401","2014","1","0.201528528035646","20.1528528035646"
"福建省2014","福建省","350206","湖里区","Huli District","201401","2014","1","0.222617680097589","22.2617680097589"
"福建省2014","福建省","350211","集美区","Jimei District","201401","2014","1","0.210453611659208","21.0453611659208"
"福建省2014","福建省","350212","同安区","Tong'an District","201401","2014","1","0.225958140284398","22.5958140284398"
"福建省2014","福建省","350213","翔安区","Xiang'an District","201401","2014","1","0.210454430977181","21.0454430977181"
"福建省2014","福建省","350302","城厢区","Chengxiang District","201401","2014","1","0.186185147525016","18.6185147525016"
"福建省2014","福建省","350303","涵江区","Hanjiang District","201401","2014","1","0.196147345650607","19.6147345650607"
"福建省2014","福建省","350304","荔城区","Licheng District","201401","2014","1","0.186264848651234","18.6264848651234"
"福建省2014","福建省","350305","秀屿区","Xiuyu District","201401","2014","1","0.193733117100557","19.3733117100557"
"福建省2014","福建省","350322","仙游县","Xianyou County","201401","2014","1","0.192073719600487","19.2073719600487"
"福建省2014","福建省","350402","梅列区","Melie district","201401","2014","1","0.260072087308017","26.0072087308017"
"福建省2014","福建省","350403","三元区","Sanyuan District","201401","2014","1","0.248436587104854","24.8436587104854"
"福建省2014","福建省","350421","明溪县","Mingxi County","201401","2014","1","0.233256968461422","23.3256968461422"
"福建省2014","福建省","350423","清流县","Qingliu County","201401","2014","1","0.247185210871794","24.7185210871794"
"福建省2014","福建省","350424","宁化县","Ninghua County","201401","2014","1","0.197250888144399","19.7250888144399"
"福建省2014","福建省","350425","大田县","Datian County","201401","2014","1","0.198564531626943","19.8564531626943"
"福建省2014","福建省","350426","尤溪县","Youxi County","201401","2014","1","0.211808078072164","21.1808078072164"
"福建省2014","福建省","350427","沙县","Sha County","201401","2014","1","0.24849335099368","24.849335099368"
"福建省2014","福建省","350428","将乐县","Jiangle County","201401","2014","1","0.233272094684178","23.3272094684178"
"福建省2014","福建省","350429","泰宁县","Taining County","201401","2014","1","0.281581398273699","28.1581398273699"
"福建省2014","福建省","350430","建宁县","Jianning County","201401","2014","1","0.254225399427178","25.4225399427178"
"福建省2014","福建省","350481","永安市","Yong'an City","201401","2014","1","0.198610883578978","19.8610883578978"
"福建省2014","福建省","350502","鲤城区","Licheng District","201401","2014","1","0.216743601885365","21.6743601885365"
"福建省2014","福建省","350503","丰泽区","Fengze District","201401","2014","1","0.208304269342996","20.8304269342996"
"福建省2014","福建省","350504","洛江区","Luojiang District","201401","2014","1","0.21663752037005","21.663752037005"
"福建省2014","福建省","350505","泉港区","Quangang District","201401","2014","1","0.211816186937293","21.1816186937293"
"福建省2014","福建省","350521","惠安县","Hui'an County","201401","2014","1","0.21663752037005","21.663752037005"
"福建省2014","福建省","350524","安溪县","Anxi County","201401","2014","1","0.21663752037005","21.663752037005"
"福建省2014","福建省","350525","永春县","Yongchun County","201401","2014","1","0.211837822797143","21.1837822797143"
"福建省2014","福建省","350526","德化县","Dehua County","201401","2014","1","0.214632435754256","21.4632435754256"
"福建省2014","福建省","350527","金门县","Kinmen County","201401","2014","1","0.208020030158783","20.8020030158783"
"福建省2014","福建省","350581","石狮市","Shishi City","201401","2014","1","0.209457836972756","20.9457836972756"
"福建省2014","福建省","350582","晋江市","Jinjiang City","201401","2014","1","0.211816186937293","21.1816186937293"
"福建省2014","福建省","350583","南安市","Nan'an City","201401","2014","1","0.216743601885365","21.6743601885365"
"福建省2014","福建省","350602","芗城区","Xiangcheng District","201401","2014","1","0.170841619463834","17.0841619463834"
"福建省2014","福建省","350603","龙文区","Longwen District","201401","2014","1","0.168604797999438","16.8604797999438"
"福建省2014","福建省","350622","云霄县","Yunxiao County","201401","2014","1","0.174140046072532","17.4140046072532"
"福建省2014","福建省","350623","漳浦县","Zhangpu County","201401","2014","1","0.168604797999438","16.8604797999438"
"福建省2014","福建省","350624","诏安县","Zhao'an County","201401","2014","1","0.169359456754363","16.9359456754363"
"福建省2014","福建省","350625","长泰县","Changtai County","201401","2014","1","0.170841619463834","17.0841619463834"
"福建省2014","福建省","350626","东山县","Dongshan County","201401","2014","1","0.170850811588296","17.0850811588296"
"福建省2014","福建省","350627","南靖县","Nanjing County","201401","2014","1","0.165268294183647","16.5268294183647"
"福建省2014","福建省","350628","平和县","Pinghe County","201401","2014","1","0.143291235137064","14.3291235137064"
"福建省2014","福建省","350629","华安县","Hua'an County","201401","2014","1","0.142743891323196","14.2743891323196"
"福建省2014","福建省","350681","龙海市","Longhai  City","201401","2014","1","0.169544538301657","16.9544538301657"
"福建省2014","福建省","350702","延平区","Yanping District","201401","2014","1","0.172846663755253","17.2846663755253"
"福建省2014","福建省","350721","顺昌县","Shunchang County","201401","2014","1","0.0986116008977232","9.86116008977232"
"福建省2014","福建省","350722","浦城县","Pucheng County","201401","2014","1","0.101665889079732","10.1665889079732"
"福建省2014","福建省","350723","光泽县","Guangze County","201401","2014","1","0.098924907540716","9.8924907540716"
"福建省2014","福建省","350724","松溪县","Songxi County","201401","2014","1","0.0999729581964046","9.99729581964046"
"福建省2014","福建省","350725","政和县","Zhenghe County","201401","2014","1","0.101262584848075","10.1262584848075"
"福建省2014","福建省","350781","邵武市","Shaowu City","201401","2014","1","0.125548882436894","12.5548882436894"
"福建省2014","福建省","350782","武夷山市","Wuyishan City","201401","2014","1","0.103916846070319","10.3916846070319"
"福建省2014","福建省","350783","建瓯市","Jian'ou City","201401","2014","1","0.101812345375024","10.1812345375024"
"福建省2014","福建省","350784","建阳市","Jianyang City","201401","2014","1","0.101158233615012","10.1158233615012"
"福建省2014","福建省","350802","新罗区","Xinluo District","201401","2014","1","0.161871299223776","16.1871299223776"
"福建省2014","福建省","350821","长汀县","Changting County","201401","2014","1","0.161871299223776","16.1871299223776"
"福建省2014","福建省","350822","永定县","Yongding County","201401","2014","1","0.138397458049037","13.8397458049037"
"福建省2014","福建省","350823","上杭县","Shanghang County","201401","2014","1","0.140318257390402","14.0318257390402"
"福建省2014","福建省","350824","武平县","Wuping County","201401","2014","1","0.134965740136861","13.4965740136861"
"福建省2014","福建省","350825","连城县","Liancheng County","201401","2014","1","0.160778410613022","16.0778410613022"
"福建省2014","福建省","350881","漳平市","Zhangping City","201401","2014","1","0.159661633476224","15.9661633476224"
"福建省2014","福建省","350902","蕉城区","Jiaocheng District","201401","2014","1","0.225584602772834","22.5584602772834"
"福建省2014","福建省","350921","霞浦县","Xiapu County","201401","2014","1","0.225584602772834","22.5584602772834"
"福建省2014","福建省","350922","古田县","Gutian County","201401","2014","1","0.227545644007033","22.7545644007033"
"福建省2014","福建省","350923","屏南县","Pingnan County","201401","2014","1","0.201028832052577","20.1028832052577"
"福建省2014","福建省","350924","寿宁县","Shouning County","201401","2014","1","0.235976678892884","23.5976678892884"
"福建省2014","福建省","350925","周宁县","Zhouning County","201401","2014","1","0.193896591198356","19.3896591198356"
"福建省2014","福建省","350926","柘荣县","Zherong County","201401","2014","1","0.229187352853639","22.9187352853639"
"福建省2014","福建省","350981","福安市","Fu'an City","201401","2014","1","0.228151730353467","22.8151730353467"
"福建省2014","福建省","350982","福鼎市","Fuding City","201401","2014","1","0.213332072737873","21.3332072737873"
"福建省2014","福建省","350102","鼓楼区","Gulou District","201402","2014","2","0.260419596352298","26.0419596352298"
"福建省2014","福建省","350103","台江区","Taijiang District","201402","2014","2","0.260419596352298","26.0419596352298"
"福建省2014","福建省","350104","仓山区","Cangshan District","201402","2014","2","0.249436439135447","24.9436439135447"
"福建省2014","福建省","350105","马尾区","Mawei District","201402","2014","2","0.247502944947816","24.7502944947816"
"福建省2014","福建省","350111","晋安区","Jin'an District","201402","2014","2","0.250742920459199","25.0742920459199"
"福建省2014","福建省","350121","闽侯县","Minhou County","201402","2014","2","0.259435686196582","25.9435686196582"
"福建省2014","福建省","350122","连江县","Lianjiang County","201402","2014","2","0.263279503636372","26.3279503636372"
"福建省2014","福建省","350123","罗源县","Luoyuan County","201402","2014","2","0.254121738290797","25.4121738290797"
"福建省2014","福建省","350124","闽清县","Minqing County","201402","2014","2","0.259151447012369","25.9151447012369"
"福建省2014","福建省","350125","永泰县","Yongtai County","201402","2014","2","0.263279503636372","26.3279503636372"
"福建省2014","福建省","350128","平潭县","Pingtan County","201402","2014","2","0.262645702530631","26.2645702530631"
"福建省2014","福建省","350181","福清市","Fuqing City","201402","2014","2","0.260840444436255","26.0840444436255"
"福建省2014","福建省","350182","长乐市","Changle City","201402","2014","2","0.261105930953395","26.1105930953395"
"福建省2014","福建省","350203","思明区","Siming District","201402","2014","2","0.208524190233403","20.8524190233403"
"福建省2014","福建省","350205","海沧区","Haicang District","201402","2014","2","0.201789068401667","20.1789068401667"
"福建省2014","福建省","350206","湖里区","Huli District","201402","2014","2","0.221304734043433","22.1304734043433"
"福建省2014","福建省","350211","集美区","Jimei District","201402","2014","2","0.210398054752228","21.0398054752228"
"福建省2014","福建省","350212","同安区","Tong'an District","201402","2014","2","0.231275475437642","23.1275475437642"
"福建省2014","福建省","350213","翔安区","Xiang'an District","201402","2014","2","0.210398054752228","21.0398054752228"
"福建省2014","福建省","350302","城厢区","Chengxiang District","201402","2014","2","0.194078020640368","19.4078020640368"
"福建省2014","福建省","350303","涵江区","Hanjiang District","201402","2014","2","0.180024979789666","18.0024979789666"
"福建省2014","福建省","350304","荔城区","Licheng District","201402","2014","2","0.186390822913665","18.6390822913665"
"福建省2014","福建省","350305","秀屿区","Xiuyu District","201402","2014","2","0.192470045882428","19.2470045882428"
"福建省2014","福建省","350322","仙游县","Xianyou County","201402","2014","2","0.190373703541266","19.0373703541266"
"福建省2014","福建省","350402","梅列区","Melie district","201402","2014","2","0.261510723521056","26.1510723521056"
"福建省2014","福建省","350403","三元区","Sanyuan District","201402","2014","2","0.241621423222642","24.1621423222642"
"福建省2014","福建省","350421","明溪县","Mingxi County","201402","2014","2","0.241364791571559","24.1364791571559"
"福建省2014","福建省","350423","清流县","Qingliu County","201402","2014","2","0.246544239359094","24.6544239359094"
"福建省2014","福建省","350424","宁化县","Ninghua County","201402","2014","2","0.19882451020111","19.882451020111"
"福建省2014","福建省","350425","大田县","Datian County","201402","2014","2","0.199183874611497","19.9183874611497"
"福建省2014","福建省","350426","尤溪县","Youxi County","201402","2014","2","0.250984299415624","25.0984299415624"
"福建省2014","福建省","350427","沙县","Sha County","201402","2014","2","0.242906705839422","24.2906705839422"
"福建省2014","福建省","350428","将乐县","Jiangle County","201402","2014","2","0.238071791340622","23.8071791340622"
"福建省2014","福建省","350429","泰宁县","Taining County","201402","2014","2","0.217332351500149","21.7332351500149"
"福建省2014","福建省","350430","建宁县","Jianning County","201402","2014","2","0.250779109752395","25.0779109752395"
"福建省2014","福建省","350481","永安市","Yong'an City","201402","2014","2","0.199019749824928","19.9019749824928"
"福建省2014","福建省","350502","鲤城区","Licheng District","201402","2014","2","0.216743601885365","21.6743601885365"
"福建省2014","福建省","350503","丰泽区","Fengze District","201402","2014","2","0.211816186937293","21.1816186937293"
"福建省2014","福建省","350504","洛江区","Luojiang District","201402","2014","2","0.21663752037005","21.663752037005"
"福建省2014","福建省","350505","泉港区","Quangang District","201402","2014","2","0.211675599671417","21.1675599671417"
"福建省2014","福建省","350521","惠安县","Hui'an County","201402","2014","2","0.21663752037005","21.663752037005"
"福建省2014","福建省","350524","安溪县","Anxi County","201402","2014","2","0.21663752037005","21.663752037005"
"福建省2014","福建省","350525","永春县","Yongchun County","201402","2014","2","0.21663752037005","21.663752037005"
"福建省2014","福建省","350526","德化县","Dehua County","201402","2014","2","0.214632435754256","21.4632435754256"
"福建省2014","福建省","350527","金门县","Kinmen County","201402","2014","2","0.208304269342996","20.8304269342996"
"福建省2014","福建省","350581","石狮市","Shishi City","201402","2014","2","0.208304269342996","20.8304269342996"
"福建省2014","福建省","350582","晋江市","Jinjiang City","201402","2014","2","0.208304269342996","20.8304269342996"
"福建省2014","福建省","350583","南安市","Nan'an City","201402","2014","2","0.216743601885365","21.6743601885365"
"福建省2014","福建省","350602","芗城区","Xiangcheng District","201402","2014","2","0.170841619463834","17.0841619463834"
"福建省2014","福建省","350603","龙文区","Longwen District","201402","2014","2","0.168604797999438","16.8604797999438"
"福建省2014","福建省","350622","云霄县","Yunxiao County","201402","2014","2","0.173202422799974","17.3202422799974"
"福建省2014","福建省","350623","漳浦县","Zhangpu County","201402","2014","2","0.168604797999438","16.8604797999438"
"福建省2014","福建省","350624","诏安县","Zhao'an County","201402","2014","2","0.171072326207959","17.1072326207959"
"福建省2014","福建省","350625","长泰县","Changtai County","201402","2014","2","0.170850811588296","17.0850811588296"
"福建省2014","福建省","350626","东山县","Dongshan County","201402","2014","2","0.174630532518341","17.4630532518341"
"福建省2014","福建省","350627","南靖县","Nanjing County","201402","2014","2","0.150122658906833","15.0122658906833"
"福建省2014","福建省","350628","平和县","Pinghe County","201402","2014","2","0.140015066666632","14.0015066666632"
"福建省2014","福建省","350629","华安县","Hua'an County","201402","2014","2","0.144904825064154","14.4904825064154"
"福建省2014","福建省","350681","龙海市","Longhai  City","201402","2014","2","0.169359456754363","16.9359456754363"
"福建省2014","福建省","350702","延平区","Yanping District","201402","2014","2","0.176605237300257","17.6605237300257"
"福建省2014","福建省","350721","顺昌县","Shunchang County","201402","2014","2","0.0975249057443087","9.75249057443087"
"福建省2014","福建省","350722","浦城县","Pucheng County","201402","2014","2","0.10065804824067","10.065804824067"
"福建省2014","福建省","350723","光泽县","Guangze County","201402","2014","2","0.117710116383967","11.7710116383967"
"福建省2014","福建省","350724","松溪县","Songxi County","201402","2014","2","0.10492468690938","10.492468690938"
"福建省2014","福建省","350725","政和县","Zhenghe County","201402","2014","2","0.101262584848075","10.1262584848075"
"福建省2014","福建省","350781","邵武市","Shaowu City","201402","2014","2","0.14025867995999","14.025867995999"
"福建省2014","福建省","350782","武夷山市","Wuyishan City","201402","2014","2","0.103916846070319","10.3916846070319"
"福建省2014","福建省","350783","建瓯市","Jian'ou City","201402","2014","2","0.100623091590286","10.0623091590286"
"福建省2014","福建省","350784","建阳市","Jianyang City","201402","2014","2","0.136360436528631","13.6360436528631"
"福建省2014","福建省","350802","新罗区","Xinluo District","201402","2014","2","0.155289746357118","15.5289746357118"
"福建省2014","福建省","350821","长汀县","Changting County","201402","2014","2","0.169414659906604","16.9414659906604"
"福建省2014","福建省","350822","永定县","Yongding County","201402","2014","2","0.13489176690475","13.489176690475"
"福建省2014","福建省","350823","上杭县","Shanghang County","201402","2014","2","0.140318257390402","14.0318257390402"
"福建省2014","福建省","350824","武平县","Wuping County","201402","2014","2","0.13489176690475","13.489176690475"
"福建省2014","福建省","350825","连城县","Liancheng County","201402","2014","2","0.156956591952453","15.6956591952453"
"福建省2014","福建省","350881","漳平市","Zhangping City","201402","2014","2","0.153018011316102","15.3018011316102"
"福建省2014","福建省","350902","蕉城区","Jiaocheng District","201402","2014","2","0.217495323376192","21.7495323376192"
"福建省2014","福建省","350921","霞浦县","Xiapu County","201402","2014","2","0.225584602772834","22.5584602772834"
"福建省2014","福建省","350922","古田县","Gutian County","201402","2014","2","0.227545644007033","22.7545644007033"
"福建省2014","福建省","350923","屏南县","Pingnan County","201402","2014","2","0.193558268779758","19.3558268779758"
"福建省2014","福建省","350924","寿宁县","Shouning County","201402","2014","2","0.240622404256968","24.0622404256968"
"福建省2014","福建省","350925","周宁县","Zhouning County","201402","2014","2","0.194072001311009","19.4072001311009"
"福建省2014","福建省","350926","柘荣县","Zherong County","201402","2014","2","0.22991735875233","22.991735875233"
"福建省2014","福建省","350981","福安市","Fu'an City","201402","2014","2","0.226458904863392","22.6458904863392"
"福建省2014","福建省","350982","福鼎市","Fuding City","201402","2014","2","0.215899430350733","21.5899430350733"
"福建省2014","福建省","350102","鼓楼区","Gulou District","201403","2014","3","0.260419596352298","26.0419596352298"
"福建省2014","福建省","350103","台江区","Taijiang District","201403","2014","3","0.260419596352298","26.0419596352298"
"福建省2014","福建省","350104","仓山区","Cangshan District","201403","2014","3","0.249696978585005","24.9696978585005"
"福建省2014","福建省","350105","马尾区","Mawei District","201403","2014","3","0.254968080009947","25.4968080009947"
"福建省2014","福建省","350111","晋安区","Jin'an District","201403","2014","3","0.249529028481636","24.9529028481636"
"福建省2014","福建省","350121","闽侯县","Minhou County","201403","2014","3","0.259116648910093","25.9116648910093"
"福建省2014","福建省","350122","连江县","Lianjiang County","201403","2014","3","0.263496259063381","26.3496259063381"
"福建省2014","福建省","350123","罗源县","Luoyuan County","201403","2014","3","0.254324072255139","25.4324072255139"
"福建省2014","福建省","350124","闽清县","Minqing County","201403","2014","3","0.25892499907207","25.892499907207"
"福建省2014","福建省","350125","永泰县","Yongtai County","201403","2014","3","0.254121738290797","25.4121738290797"
"福建省2014","福建省","350128","平潭县","Pingtan County","201403","2014","3","0.255618053939257","25.5618053939257"
"福建省2014","福建省","350181","福清市","Fuqing City","201403","2014","3","0.261105930953395","26.1105930953395"
"福建省2014","福建省","350182","长乐市","Changle City","201403","2014","3","0.260840444436255","26.0840444436255"
"福建省2014","福建省","350203","思明区","Siming District","201403","2014","3","0.222000715334668","22.2000715334668"
"福建省2014","福建省","350205","海沧区","Haicang District","201403","2014","3","0.209803141923385","20.9803141923385"
"福建省2014","福建省","350206","湖里区","Huli District","201403","2014","3","0.235296197741332","23.5296197741332"
"福建省2014","福建省","350211","集美区","Jimei District","201403","2014","3","0.210453611659208","21.0453611659208"
"福建省2014","福建省","350212","同安区","Tong'an District","201403","2014","3","0.212666539098781","21.2666539098781"
"福建省2014","福建省","350213","翔安区","Xiang'an District","201403","2014","3","0.210454430977181","21.0454430977181"
"福建省2014","福建省","350302","城厢区","Chengxiang District","201403","2014","3","0.193785230855833","19.3785230855833"
"福建省2014","福建省","350303","涵江区","Hanjiang District","201403","2014","3","0.194559762195686","19.4559762195686"
"福建省2014","福建省","350304","荔城区","Licheng District","201403","2014","3","0.184612804850733","18.4612804850733"
"福建省2014","福建省","350305","秀屿区","Xiuyu District","201403","2014","3","0.193725383068819","19.3725383068819"
"福建省2014","福建省","350322","仙游县","Xianyou County","201403","2014","3","0.193925666905303","19.3925666905303"
"福建省2014","福建省","350402","梅列区","Melie district","201403","2014","3","0.264920316182109","26.4920316182109"
"福建省2014","福建省","350403","三元区","Sanyuan District","201403","2014","3","0.240335850087073","24.0335850087073"
"福建省2014","福建省","350421","明溪县","Mingxi County","201403","2014","3","0.218443787490251","21.8443787490251"
"福建省2014","福建省","350423","清流县","Qingliu County","201403","2014","3","0.233256968461422","23.3256968461422"
"福建省2014","福建省","350424","宁化县","Ninghua County","201403","2014","3","0.197594726754137","19.7594726754137"
"福建省2014","福建省","350425","大田县","Datian County","201403","2014","3","0.198220693017205","19.8220693017205"
"福建省2014","福建省","350426","尤溪县","Youxi County","201403","2014","3","0.197250888144399","19.7250888144399"
"福建省2014","福建省","350427","沙县","Sha County","201403","2014","3","0.241080084074724","24.1080084074724"
"福建省2014","福建省","350428","将乐县","Jiangle County","201403","2014","3","0.250582606326021","25.0582606326021"
"福建省2014","福建省","350429","泰宁县","Taining County","201403","2014","3","0.217616590684362","21.7616590684362"
"福建省2014","福建省","350430","建宁县","Jianning County","201403","2014","3","0.240337722421099","24.0337722421099"
"福建省2014","福建省","350481","永安市","Yong'an City","201403","2014","3","0.198824909779002","19.8824909779002"
"福建省2014","福建省","350502","鲤城区","Licheng District","201403","2014","3","0.216743601885365","21.6743601885365"
"福建省2014","福建省","350503","丰泽区","Fengze District","201403","2014","3","0.21159554479046","21.159554479046"
"福建省2014","福建省","350504","洛江区","Luojiang District","201403","2014","3","0.211837822797143","21.1837822797143"
"福建省2014","福建省","350505","泉港区","Quangang District","201403","2014","3","0.21663752037005","21.663752037005"
"福建省2014","福建省","350521","惠安县","Hui'an County","201403","2014","3","0.21663752037005","21.663752037005"
"福建省2014","福建省","350524","安溪县","Anxi County","201403","2014","3","0.21663752037005","21.663752037005"
"福建省2014","福建省","350525","永春县","Yongchun County","201403","2014","3","0.21663752037005","21.663752037005"
"福建省2014","福建省","350526","德化县","Dehua County","201403","2014","3","0.214632435754256","21.4632435754256"
"福建省2014","福建省","350527","金门县","Kinmen County","201403","2014","3","0.208304269342996","20.8304269342996"
"福建省2014","福建省","350581","石狮市","Shishi City","201403","2014","3","0.213103966915903","21.3103966915903"
"福建省2014","福建省","350582","晋江市","Jinjiang City","201403","2014","3","0.213103966915903","21.3103966915903"
"福建省2014","福建省","350583","南安市","Nan'an City","201403","2014","3","0.216743601885365","21.6743601885365"
"福建省2014","福建省","350602","芗城区","Xiangcheng District","201403","2014","3","0.169544538301657","16.9544538301657"
"福建省2014","福建省","350603","龙文区","Longwen District","201403","2014","3","0.168604797999438","16.8604797999438"
"福建省2014","福建省","350622","云霄县","Yunxiao County","201403","2014","3","0.171742159891715","17.1742159891715"
"福建省2014","福建省","350623","漳浦县","Zhangpu County","201403","2014","3","0.168604797999438","16.8604797999438"
"福建省2014","福建省","350624","诏安县","Zhao'an County","201403","2014","3","0.168604797999438","16.8604797999438"
"福建省2014","福建省","350625","长泰县","Changtai County","201403","2014","3","0.169544538301657","16.9544538301657"
"福建省2014","福建省","350626","东山县","Dongshan County","201403","2014","3","0.171040094202243","17.1040094202243"
"福建省2014","福建省","350627","南靖县","Nanjing County","201403","2014","3","0.157695877956059","15.7695877956059"
"福建省2014","福建省","350628","平和县","Pinghe County","201403","2014","3","0.145148192745413","14.5148192745413"
"福建省2014","福建省","350629","华安县","Hua'an County","201403","2014","3","0.144882986665968","14.4882986665968"
"福建省2014","福建省","350681","龙海市","Longhai  City","201403","2014","3","0.169544538301657","16.9544538301657"
"福建省2014","福建省","350702","延平区","Yanping District","201403","2014","3","0.164282570347541","16.4282570347541"
"福建省2014","福建省","350721","顺昌县","Shunchang County","201403","2014","3","0.10065804824067","10.065804824067"
"福建省2014","福建省","350722","浦城县","Pucheng County","201403","2014","3","0.10065804824067","10.065804824067"
"福建省2014","福建省","350723","光泽县","Guangze County","201403","2014","3","0.110643554771191","11.0643554771191"
"福建省2014","福建省","350724","松溪县","Songxi County","201403","2014","3","0.106378267885491","10.6378267885491"
"福建省2014","福建省","350725","政和县","Zhenghe County","201403","2014","3","0.10065804824067","10.065804824067"
"福建省2014","福建省","350781","邵武市","Shaowu City","201403","2014","3","0.120694335466487","12.0694335466487"
"福建省2014","福建省","350782","武夷山市","Wuyishan City","201403","2014","3","0.105461622452309","10.5461622452309"
"福建省2014","福建省","350783","建瓯市","Jian'ou City","201403","2014","3","0.10065804824067","10.065804824067"
"福建省2014","福建省","350784","建阳市","Jianyang City","201403","2014","3","0.125153676989273","12.5153676989273"
"福建省2014","福建省","350802","新罗区","Xinluo District","201403","2014","3","0.13489176690475","13.489176690475"
"福建省2014","福建省","350821","长汀县","Changting County","201403","2014","3","0.169414659906604","16.9414659906604"
"福建省2014","福建省","350822","永定县","Yongding County","201403","2014","3","0.137158630944618","13.7158630944618"
"福建省2014","福建省","350823","上杭县","Shanghang County","201403","2014","3","0.137732729064509","13.7732729064509"
"福建省2014","福建省","350824","武平县","Wuping County","201403","2014","3","0.132970967563385","13.2970967563385"
"福建省2014","福建省","350825","连城县","Liancheng County","201403","2014","3","0.153018011316102","15.3018011316102"
"福建省2014","福建省","350881","漳平市","Zhangping City","201403","2014","3","0.153018011316102","15.3018011316102"
"福建省2014","福建省","350902","蕉城区","Jiaocheng District","201403","2014","3","0.217495323376192","21.7495323376192"
"福建省2014","福建省","350921","霞浦县","Xiapu County","201403","2014","3","0.227329748222372","22.7329748222372"
"福建省2014","福建省","350922","古田县","Gutian County","201403","2014","3","0.229477606784895","22.9477606784895"
"福建省2014","福建省","350923","屏南县","Pingnan County","201403","2014","3","0.227338602171966","22.7338602171966"
"福建省2014","福建省","350924","寿宁县","Shouning County","201403","2014","3","0.233150672493752","23.3150672493752"
"福建省2014","福建省","350925","周宁县","Zhouning County","201403","2014","3","0.194839872713827","19.4839872713827"
"福建省2014","福建省","350926","柘荣县","Zherong County","201403","2014","3","0.239808706951909","23.9808706951909"
"福建省2014","福建省","350981","福安市","Fu'an City","201403","2014","3","0.216696267484932","21.6696267484932"
"福建省2014","福建省","350982","福鼎市","Fuding City","201403","2014","3","0.211985752765031","21.1985752765031"
"福建省2014","福建省","350102","鼓楼区","Gulou District","201404","2014","4","0.260419596352298","26.0419596352298"
"福建省2014","福建省","350103","台江区","Taijiang District","201404","2014","4","0.260419596352298","26.0419596352298"
"福建省2014","福建省","350104","仓山区","Cangshan District","201404","2014","4","0.249696978585005","24.9696978585005"
"福建省2014","福建省","350105","马尾区","Mawei District","201404","2014","4","0.254496676157912","25.4496676157912"
"福建省2014","福建省","350111","晋安区","Jin'an District","201404","2014","4","0.212652242275091","21.2652242275091"
"福建省2014","福建省","350121","闽侯县","Minhou County","201404","2014","4","0.259116648910093","25.9116648910093"
"福建省2014","福建省","350122","连江县","Lianjiang County","201404","2014","4","0.259435686196582","25.9435686196582"
"福建省2014","福建省","350123","罗源县","Luoyuan County","201404","2014","4","0.254324072255139","25.4324072255139"
"福建省2014","福建省","350124","闽清县","Minqing County","201404","2014","4","0.26299526445216","26.299526445216"
"福建省2014","福建省","350125","永泰县","Yongtai County","201404","2014","4","0.254121738290797","25.4121738290797"
"福建省2014","福建省","350128","平潭县","Pingtan County","201404","2014","4","0.25641711074698","25.641711074698"
"福建省2014","福建省","350181","福清市","Fuqing City","201404","2014","4","0.263496259063381","26.3496259063381"
"福建省2014","福建省","350182","长乐市","Changle City","201404","2014","4","0.262645702530631","26.2645702530631"
"福建省2014","福建省","350203","思明区","Siming District","201404","2014","4","0.20507720496316","20.507720496316"
"福建省2014","福建省","350205","海沧区","Haicang District","201404","2014","4","0.210308100237328","21.0308100237328"
"福建省2014","福建省","350206","湖里区","Huli District","201404","2014","4","0.224893615288796","22.4893615288796"
"福建省2014","福建省","350211","集美区","Jimei District","201404","2014","4","0.207222848434475","20.7222848434475"
"福建省2014","福建省","350212","同安区","Tong'an District","201404","2014","4","0.212666539098781","21.2666539098781"
"福建省2014","福建省","350213","翔安区","Xiang'an District","201404","2014","4","0.211355811801685","21.1355811801685"
"福建省2014","福建省","350302","城厢区","Chengxiang District","201404","2014","4","0.194273130126432","19.4273130126432"
"福建省2014","福建省","350303","涵江区","Hanjiang District","201404","2014","4","0.179942867449145","17.9942867449145"
"福建省2014","福建省","350304","荔城区","Licheng District","201404","2014","4","0.183601649164795","18.3601649164795"
"福建省2014","福建省","350305","秀屿区","Xiuyu District","201404","2014","4","0.193548794384675","19.3548794384675"
"福建省2014","福建省","350322","仙游县","Xianyou County","201404","2014","4","0.191277940064656","19.1277940064656"
"福建省2014","福建省","350402","梅列区","Melie district","201404","2014","4","0.265265340695043","26.5265340695043"
"福建省2014","福建省","350403","三元区","Sanyuan District","201404","2014","4","0.242107649031699","24.2107649031699"
"福建省2014","福建省","350421","明溪县","Mingxi County","201404","2014","4","0.207662371286145","20.7662371286145"
"福建省2014","福建省","350423","清流县","Qingliu County","201404","2014","4","0.218443787490251","21.8443787490251"
"福建省2014","福建省","350424","宁化县","Ninghua County","201404","2014","4","0.204976010028866","20.4976010028866"
"福建省2014","福建省","350425","大田县","Datian County","201404","2014","4","0.207161349181032","20.7161349181032"
"福建省2014","福建省","350426","尤溪县","Youxi County","201404","2014","4","0.197250888144399","19.7250888144399"
"福建省2014","福建省","350427","沙县","Sha County","201404","2014","4","0.212281752919655","21.2281752919655"
"福建省2014","福建省","350428","将乐县","Jiangle County","201404","2014","4","0.247023145377715","24.7023145377715"
"福建省2014","福建省","350429","泰宁县","Taining County","201404","2014","4","0.247402054279256","24.7402054279256"
"福建省2014","福建省","350430","建宁县","Jianning County","201404","2014","4","0.248725974062058","24.8725974062058"
"福建省2014","福建省","350481","永安市","Yong'an City","201404","2014","4","0.198610883578978","19.8610883578978"
"福建省2014","福建省","350502","鲤城区","Licheng District","201404","2014","4","0.216743601885365","21.6743601885365"
"福建省2014","福建省","350503","丰泽区","Fengze District","201404","2014","4","0.21159554479046","21.159554479046"
"福建省2014","福建省","350504","洛江区","Luojiang District","201404","2014","4","0.21663752037005","21.663752037005"
"福建省2014","福建省","350505","泉港区","Quangang District","201404","2014","4","0.211837822797143","21.1837822797143"
"福建省2014","福建省","350521","惠安县","Hui'an County","201404","2014","4","0.21663752037005","21.663752037005"
"福建省2014","福建省","350524","安溪县","Anxi County","201404","2014","4","0.21663752037005","21.663752037005"
"福建省2014","福建省","350525","永春县","Yongchun County","201404","2014","4","0.21663752037005","21.663752037005"
"福建省2014","福建省","350526","德化县","Dehua County","201404","2014","4","0.2142575336292","21.42575336292"
"福建省2014","福建省","350527","金门县","Kinmen County","201404","2014","4","0.200625368356348","20.0625368356348"
"福建省2014","福建省","350581","石狮市","Shishi City","201404","2014","4","0.211311304689784","21.1311304689784"
"福建省2014","福建省","350582","晋江市","Jinjiang City","201404","2014","4","0.213103966915903","21.3103966915903"
"福建省2014","福建省","350583","南安市","Nan'an City","201404","2014","4","0.216743601885365","21.6743601885365"
"福建省2014","福建省","350602","芗城区","Xiangcheng District","201404","2014","4","0.170850811588296","17.0850811588296"
"福建省2014","福建省","350603","龙文区","Longwen District","201404","2014","4","0.168604797999438","16.8604797999438"
"福建省2014","福建省","350622","云霄县","Yunxiao County","201404","2014","4","0.169544538301657","16.9544538301657"
"福建省2014","福建省","350623","漳浦县","Zhangpu County","201404","2014","4","0.168604797999438","16.8604797999438"
"福建省2014","福建省","350624","诏安县","Zhao'an County","201404","2014","4","0.171257408671716","17.1257408671716"
"福建省2014","福建省","350625","长泰县","Changtai County","201404","2014","4","0.169544538301657","16.9544538301657"
"福建省2014","福建省","350626","东山县","Dongshan County","201404","2014","4","0.158405251521947","15.8405251521947"
"福建省2014","福建省","350627","南靖县","Nanjing County","201404","2014","4","0.14477761449306","14.477761449306"
"福建省2014","福建省","350628","平和县","Pinghe County","201404","2014","4","0.141941544413099","14.1941544413099"
"福建省2014","福建省","350629","华安县","Hua'an County","201404","2014","4","0.145196708466726","14.5196708466726"
"福建省2014","福建省","350681","龙海市","Longhai  City","201404","2014","4","0.169359456754363","16.9359456754363"
"福建省2014","福建省","350702","延平区","Yanping District","201404","2014","4","0.176605237300257","17.6605237300257"
"福建省2014","福建省","350721","顺昌县","Shunchang County","201404","2014","4","0.0986116008977232","9.86116008977232"
"福建省2014","福建省","350722","浦城县","Pucheng County","201404","2014","4","0.102324893836005","10.2324893836005"
"福建省2014","福建省","350723","光泽县","Guangze County","201404","2014","4","0.0995420876724556","9.95420876724556"
"福建省2014","福建省","350724","松溪县","Songxi County","201404","2014","4","0.0995523318965071","9.95523318965071"
"福建省2014","福建省","350725","政和县","Zhenghe County","201404","2014","4","0.10065804824067","10.065804824067"
"福建省2014","福建省","350781","邵武市","Shaowu City","201404","2014","4","0.103262734310307","10.3262734310307"
"福建省2014","福建省","350782","武夷山市","Wuyishan City","201404","2014","4","0.105461622452309","10.5461622452309"
"福建省2014","福建省","350783","建瓯市","Jian'ou City","201404","2014","4","0.0860748949145001","8.60748949145001"
"福建省2014","福建省","350784","建阳市","Jianyang City","201404","2014","4","0.12569169120922","12.569169120922"
"福建省2014","福建省","350802","新罗区","Xinluo District","201404","2014","4","0.138397458049037","13.8397458049037"
"福建省2014","福建省","350821","长汀县","Changting County","201404","2014","4","0.161871299223776","16.1871299223776"
"福建省2014","福建省","350822","永定县","Yongding County","201404","2014","4","0.13489176690475","13.489176690475"
"福建省2014","福建省","350823","上杭县","Shanghang County","201404","2014","4","0.153076150815977","15.3076150815977"
"福建省2014","福建省","350824","武平县","Wuping County","201404","2014","4","0.13489176690475","13.489176690475"
"福建省2014","福建省","350825","连城县","Liancheng County","201404","2014","4","0.140318257390402","14.0318257390402"
"福建省2014","福建省","350881","漳平市","Zhangping City","201404","2014","4","0.15080441577496","15.080441577496"
"福建省2014","福建省","350902","蕉城区","Jiaocheng District","201404","2014","4","0.217495323376192","21.7495323376192"
"福建省2014","福建省","350921","霞浦县","Xiapu County","201404","2014","4","0.227329748222372","22.7329748222372"
"福建省2014","福建省","350922","古田县","Gutian County","201404","2014","4","0.22674658719931","22.674658719931"
"福建省2014","福建省","350923","屏南县","Pingnan County","201404","2014","4","0.244027406354568","24.4027406354568"
"福建省2014","福建省","350924","寿宁县","Shouning County","201404","2014","4","0.247259881532292","24.7259881532292"
"福建省2014","福建省","350925","周宁县","Zhouning County","201404","2014","4","0.225619420120834","22.5619420120834"
"福建省2014","福建省","350926","柘荣县","Zherong County","201404","2014","4","0.234271293276612","23.4271293276612"
"福建省2014","福建省","350981","福安市","Fu'an City","201404","2014","4","0.218389092058545","21.8389092058545"
"福建省2014","福建省","350982","福鼎市","Fuding City","201404","2014","4","0.217393117583146","21.7393117583146"
"福建省2014","福建省","350102","鼓楼区","Gulou District","201405","2014","5","0.260419596352298","26.0419596352298"
"福建省2014","福建省","350103","台江区","Taijiang District","201405","2014","5","0.260419596352298","26.0419596352298"
"福建省2014","福建省","350104","仓山区","Cangshan District","201405","2014","5","0.254496676157912","25.4496676157912"
"福建省2014","福建省","350105","马尾区","Mawei District","201405","2014","5","0.257842729518757","25.7842729518757"
"福建省2014","福建省","350111","晋安区","Jin'an District","201405","2014","5","0.249529028481636","24.9529028481636"
"福建省2014","福建省","350121","闽侯县","Minhou County","201405","2014","5","0.259116648910093","25.9116648910093"
"福建省2014","福建省","350122","连江县","Lianjiang County","201405","2014","5","0.263496259063381","26.3496259063381"
"福建省2014","福建省","350123","罗源县","Luoyuan County","201405","2014","5","0.254324072255139","25.4324072255139"
"福建省2014","福建省","350124","闽清县","Minqing County","201405","2014","5","0.259151447012369","25.9151447012369"
"福建省2014","福建省","350125","永泰县","Yongtai County","201405","2014","5","0.254121738290797","25.4121738290797"
"福建省2014","福建省","350128","平潭县","Pingtan County","201405","2014","5","0.25641711074698","25.641711074698"
"福建省2014","福建省","350181","福清市","Fuqing City","201405","2014","5","0.263279503636372","26.3279503636372"
"福建省2014","福建省","350182","长乐市","Changle City","201405","2014","5","0.261786859338919","26.1786859338919"
"福建省2014","福建省","350203","思明区","Siming District","201405","2014","5","0.218524299686275","21.8524299686275"
"福建省2014","福建省","350205","海沧区","Haicang District","201405","2014","5","0.207222848434475","20.7222848434475"
"福建省2014","福建省","350206","湖里区","Huli District","201405","2014","5","0.221956446503161","22.1956446503161"
"福建省2014","福建省","350211","集美区","Jimei District","201405","2014","5","0.203724253463638","20.3724253463638"
"福建省2014","福建省","350212","同安区","Tong'an District","201405","2014","5","0.230745121932389","23.0745121932389"
"福建省2014","福建省","350213","翔安区","Xiang'an District","201405","2014","5","0.210573586754468","21.0573586754468"
"福建省2014","福建省","350302","城厢区","Chengxiang District","201405","2014","5","0.194458602086988","19.4458602086988"
"福建省2014","福建省","350303","涵江区","Hanjiang District","201405","2014","5","0.186799538859673","18.6799538859673"
"福建省2014","福建省","350304","荔城区","Licheng District","201405","2014","5","0.184270076077758","18.4270076077758"
"福建省2014","福建省","350305","秀屿区","Xiuyu District","201405","2014","5","0.190099199944108","19.0099199944108"
"福建省2014","福建省","350322","仙游县","Xianyou County","201405","2014","5","0.19330732561487","19.330732561487"
"福建省2014","福建省","350402","梅列区","Melie district","201405","2014","5","0.262574529093158","26.2574529093158"
"福建省2014","福建省","350403","三元区","Sanyuan District","201405","2014","5","0.242851883019351","24.2851883019351"
"福建省2014","福建省","350421","明溪县","Mingxi County","201405","2014","5","0.217387529907887","21.7387529907887"
"福建省2014","福建省","350423","清流县","Qingliu County","201405","2014","5","0.244334909953484","24.4334909953484"
"福建省2014","福建省","350424","宁化县","Ninghua County","201405","2014","5","0.229001719595585","22.9001719595585"
"福建省2014","福建省","350425","大田县","Datian County","201405","2014","5","0.207161349181032","20.7161349181032"
"福建省2014","福建省","350426","尤溪县","Youxi County","201405","2014","5","0.201571018928822","20.1571018928822"
"福建省2014","福建省","350427","沙县","Sha County","201405","2014","5","0.243650939827074","24.3650939827074"
"福建省2014","福建省","350428","将乐县","Jiangle County","201405","2014","5","0.25846113954392","25.846113954392"
"福建省2014","福建省","350429","泰宁县","Taining County","201405","2014","5","0.286258796601034","28.6258796601034"
"福建省2014","福建省","350430","建宁县","Jianning County","201405","2014","5","0.238422990981634","23.8422990981634"
"福建省2014","福建省","350481","永安市","Yong'an City","201405","2014","5","0.19916874838874","19.916874838874"
"福建省2014","福建省","350502","鲤城区","Licheng District","201405","2014","5","0.216743601885365","21.6743601885365"
"福建省2014","福建省","350503","丰泽区","Fengze District","201405","2014","5","0.216796004326503","21.6796004326503"
"福建省2014","福建省","350504","洛江区","Luojiang District","201405","2014","5","0.21663752037005","21.663752037005"
"福建省2014","福建省","350505","泉港区","Quangang District","201405","2014","5","0.211837822797143","21.1837822797143"
"福建省2014","福建省","350521","惠安县","Hui'an County","201405","2014","5","0.21663752037005","21.663752037005"
"福建省2014","福建省","350524","安溪县","Anxi County","201405","2014","5","0.21663752037005","21.663752037005"
"福建省2014","福建省","350525","永春县","Yongchun County","201405","2014","5","0.21663752037005","21.663752037005"
"福建省2014","福建省","350526","德化县","Dehua County","201405","2014","5","0.212925809247005","21.2925809247005"
"福建省2014","福建省","350527","金门县","Kinmen County","201405","2014","5","0.208743282641207","20.8743282641207"
"福建省2014","福建省","350581","石狮市","Shishi City","201405","2014","5","0.211311304689784","21.1311304689784"
"福建省2014","福建省","350582","晋江市","Jinjiang City","201405","2014","5","0.211675599671417","21.1675599671417"
"福建省2014","福建省","350583","南安市","Nan'an City","201405","2014","5","0.21663752037005","21.663752037005"
"福建省2014","福建省","350602","芗城区","Xiangcheng District","201405","2014","5","0.169544538301657","16.9544538301657"
"福建省2014","福建省","350603","龙文区","Longwen District","201405","2014","5","0.168604797999438","16.8604797999438"
"福建省2014","福建省","350622","云霄县","Yunxiao County","201405","2014","5","0.171640723927636","17.1640723927636"
"福建省2014","福建省","350623","漳浦县","Zhangpu County","201405","2014","5","0.171072326207959","17.1072326207959"
"福建省2014","福建省","350624","诏安县","Zhao'an County","201405","2014","5","0.171257408671716","17.1257408671716"
"福建省2014","福建省","350625","长泰县","Changtai County","201405","2014","5","0.170841619463834","17.0841619463834"
"福建省2014","福建省","350626","东山县","Dongshan County","201405","2014","5","0.172917484354449","17.2917484354449"
"福建省2014","福建省","350627","南靖县","Nanjing County","201405","2014","5","0.148008418958631","14.8008418958631"
"福建省2014","福建省","350628","平和县","Pinghe County","201405","2014","5","0.141628460470629","14.1628460470629"
"福建省2014","福建省","350629","华安县","Hua'an County","201405","2014","5","0.149408329108733","14.9408329108733"
"福建省2014","福建省","350681","龙海市","Longhai  City","201405","2014","5","0.16755457990862","16.755457990862"
"福建省2014","福建省","350702","延平区","Yanping District","201405","2014","5","0.164152771684773","16.4152771684773"
"福建省2014","福建省","350721","顺昌县","Shunchang County","201405","2014","5","0.099429918093053","9.9429918093053"
"福建省2014","福建省","350722","浦城县","Pucheng County","201405","2014","5","0.126345802969232","12.6345802969232"
"福建省2014","福建省","350723","光泽县","Guangze County","201405","2014","5","0.0995420876724556","9.95420876724556"
"福建省2014","福建省","350724","松溪县","Songxi County","201405","2014","5","0.159689774390853","15.9689774390853"
"福建省2014","福建省","350725","政和县","Zhenghe County","201405","2014","5","0.100620219395065","10.0620219395065"
"福建省2014","福建省","350781","邵武市","Shaowu City","201405","2014","5","0.105529599266638","10.5529599266638"
"福建省2014","福建省","350782","武夷山市","Wuyishan City","201405","2014","5","0.112855172585056","11.2855172585056"
"福建省2014","福建省","350783","建瓯市","Jian'ou City","201405","2014","5","0.172864126042342","17.2864126042342"
"福建省2014","福建省","350784","建阳市","Jianyang City","201405","2014","5","0.101158233615012","10.1158233615012"
"福建省2014","福建省","350802","新罗区","Xinluo District","201405","2014","5","0.137732729064509","13.7732729064509"
"福建省2014","福建省","350821","长汀县","Changting County","201405","2014","5","0.170232976185471","17.0232976185471"
"福建省2014","福建省","350822","永定县","Yongding County","201405","2014","5","0.142585122346733","14.2585122346733"
"福建省2014","福建省","350823","上杭县","Shanghang County","201405","2014","5","0.152155214502762","15.2155214502762"
"福建省2014","福建省","350824","武平县","Wuping County","201405","2014","5","0.140318257390402","14.0318257390402"
"福建省2014","福建省","350825","连城县","Liancheng County","201405","2014","5","0.13489176690475","13.489176690475"
"福建省2014","福建省","350881","漳平市","Zhangping City","201405","2014","5","0.153018011316102","15.3018011316102"
"福建省2014","福建省","350902","蕉城区","Jiaocheng District","201405","2014","5","0.225636922732297","22.5636922732297"
"福建省2014","福建省","350921","霞浦县","Xiapu County","201405","2014","5","0.227329748222372","22.7329748222372"
"福建省2014","福建省","350922","古田县","Gutian County","201405","2014","5","0.204941286160098","20.4941286160098"
"福建省2014","福建省","350923","屏南县","Pingnan County","201405","2014","5","0.210922877402932","21.0922877402932"
"福建省2014","福建省","350924","寿宁县","Shouning County","201405","2014","5","0.199156129608908","19.9156129608908"
"福建省2014","福建省","350925","周宁县","Zhouning County","201405","2014","5","0.229659016981183","22.9659016981183"
"福建省2014","福建省","350926","柘荣县","Zherong County","201405","2014","5","0.220447406681617","22.0447406681617"
"福建省2014","福建省","350981","福安市","Fu'an City","201405","2014","5","0.21817506585852","21.817506585852"
"福建省2014","福建省","350982","福鼎市","Fuding City","201405","2014","5","0.22956734684744","22.956734684744"
"福建省2014","福建省","350102","鼓楼区","Gulou District","201406","2014","6","0.260419596352298","26.0419596352298"
"福建省2014","福建省","350103","台江区","Taijiang District","201406","2014","6","0.260419596352298","26.0419596352298"
"福建省2014","福建省","350104","仓山区","Cangshan District","201406","2014","6","0.249789567931194","24.9789567931194"
"福建省2014","福建省","350105","马尾区","Mawei District","201406","2014","6","0.252395230950449","25.2395230950449"
"福建省2014","福建省","350111","晋安区","Jin'an District","201406","2014","6","0.198456413730715","19.8456413730715"
"福建省2014","福建省","350121","闽侯县","Minhou County","201406","2014","6","0.259116648910093","25.9116648910093"
"福建省2014","福建省","350122","连江县","Lianjiang County","201406","2014","6","0.263496259063381","26.3496259063381"
"福建省2014","福建省","350123","罗源县","Luoyuan County","201406","2014","6","0.254121738290797","25.4121738290797"
"福建省2014","福建省","350124","闽清县","Minqing County","201406","2014","6","0.258832408809417","25.8832408809417"
"福建省2014","福建省","350125","永泰县","Yongtai County","201406","2014","6","0.254121738290797","25.4121738290797"
"福建省2014","福建省","350128","平潭县","Pingtan County","201406","2014","6","0.256233866708115","25.6233866708115"
"福建省2014","福建省","350181","福清市","Fuqing City","201406","2014","6","0.262645702530631","26.2645702530631"
"福建省2014","福建省","350182","长乐市","Changle City","201406","2014","6","0.261786859338919","26.1786859338919"
"福建省2014","福建省","350203","思明区","Siming District","201406","2014","6","0.21372403024042","21.372403024042"
"福建省2014","福建省","350205","海沧区","Haicang District","201406","2014","6","0.210308100237328","21.0308100237328"
"福建省2014","福建省","350206","湖里区","Huli District","201406","2014","6","0.228592131176746","22.8592131176746"
"福建省2014","福建省","350211","集美区","Jimei District","201406","2014","6","0.203724253463638","20.3724253463638"
"福建省2014","福建省","350212","同安区","Tong'an District","201406","2014","6","0.210588164932316","21.0588164932316"
"福建省2014","福建省","350213","翔安区","Xiang'an District","201406","2014","6","0.210656214147227","21.0656214147227"
"福建省2014","福建省","350302","城厢区","Chengxiang District","201406","2014","6","0.223473146122936","22.3473146122936"
"福建省2014","福建省","350303","涵江区","Hanjiang District","201406","2014","6","0.187463259734838","18.7463259734838"
"福建省2014","福建省","350304","荔城区","Licheng District","201406","2014","6","0.186751133113926","18.6751133113926"
"福建省2014","福建省","350305","秀屿区","Xiuyu District","201406","2014","6","0.192879013855777","19.2879013855777"
"福建省2014","福建省","350322","仙游县","Xianyou County","201406","2014","6","0.191277940064656","19.1277940064656"
"福建省2014","福建省","350402","梅列区","Melie district","201406","2014","6","0.240835966726685","24.0835966726685"
"福建省2014","福建省","350403","三元区","Sanyuan District","201406","2014","6","0.242107649031699","24.2107649031699"
"福建省2014","福建省","350421","明溪县","Mingxi County","201406","2014","6","0.217623514562758","21.7623514562758"
"福建省2014","福建省","350423","清流县","Qingliu County","201406","2014","6","0.246114320123798","24.6114320123798"
"福建省2014","福建省","350424","宁化县","Ninghua County","201406","2014","6","0.244936347082829","24.4936347082829"
"福建省2014","福建省","350425","大田县","Datian County","201406","2014","6","0.204991136251622","20.4991136251622"
"福建省2014","福建省","350426","尤溪县","Youxi County","201406","2014","6","0.202628949056266","20.2628949056266"
"福建省2014","福建省","350427","沙县","Sha County","201406","2014","6","0.242637856819326","24.2637856819326"
"福建省2014","福建省","350428","将乐县","Jiangle County","201406","2014","6","0.265322725945822","26.5322725945822"
"福建省2014","福建省","350429","泰宁县","Taining County","201406","2014","6","0.252587085159735","25.2587085159735"
"福建省2014","福建省","350430","建宁县","Jianning County","201406","2014","6","0.243452729946488","24.3452729946488"
"福建省2014","福建省","350481","永安市","Yong'an City","201406","2014","6","0.198824909779002","19.8824909779002"
"福建省2014","福建省","350502","鲤城区","Licheng District","201406","2014","6","0.216743601885365","21.6743601885365"
"福建省2014","福建省","350503","丰泽区","Fengze District","201406","2014","6","0.211675599671417","21.1675599671417"
"福建省2014","福建省","350504","洛江区","Luojiang District","201406","2014","6","0.21663752037005","21.663752037005"
"福建省2014","福建省","350505","泉港区","Quangang District","201406","2014","6","0.211837822797143","21.1837822797143"
"福建省2014","福建省","350521","惠安县","Hui'an County","201406","2014","6","0.21663752037005","21.663752037005"
"福建省2014","福建省","350524","安溪县","Anxi County","201406","2014","6","0.21663752037005","21.663752037005"
"福建省2014","福建省","350525","永春县","Yongchun County","201406","2014","6","0.21663752037005","21.663752037005"
"福建省2014","福建省","350526","德化县","Dehua County","201406","2014","6","0.21281972773169","21.281972773169"
"福建省2014","福建省","350527","金门县","Kinmen County","201406","2014","6","0.208743282641207","20.8743282641207"
"福建省2014","福建省","350581","石狮市","Shishi City","201406","2014","6","0.213124013628813","21.3124013628813"
"福建省2014","福建省","350582","晋江市","Jinjiang City","201406","2014","6","0.211675599671417","21.1675599671417"
"福建省2014","福建省","350583","南安市","Nan'an City","201406","2014","6","0.216743601885365","21.6743601885365"
"福建省2014","福建省","350602","芗城区","Xiangcheng District","201406","2014","6","0.169544538301657","16.9544538301657"
"福建省2014","福建省","350603","龙文区","Longwen District","201406","2014","6","0.168604797999438","16.8604797999438"
"福建省2014","福建省","350622","云霄县","Yunxiao County","201406","2014","6","0.170092725261537","17.0092725261537"
"福建省2014","福建省","350623","漳浦县","Zhangpu County","201406","2014","6","0.171072326207959","17.1072326207959"
"福建省2014","福建省","350624","诏安县","Zhao'an County","201406","2014","6","0.169267448445753","16.9267448445753"
"福建省2014","福建省","350625","长泰县","Changtai County","201406","2014","6","0.170850811588296","17.0850811588296"
"福建省2014","福建省","350626","东山县","Dongshan County","201406","2014","6","0.172327428779808","17.2327428779808"
"福建省2014","福建省","350627","南靖县","Nanjing County","201406","2014","6","0.144201879570148","14.4201879570148"
"福建省2014","福建省","350628","平和县","Pinghe County","201406","2014","6","0.143199227744916","14.3199227744916"
"福建省2014","福建省","350629","华安县","Hua'an County","201406","2014","6","0.139907643449402","13.9907643449402"
"福建省2014","福建省","350681","龙海市","Longhai  City","201406","2014","6","0.170411660820626","17.0411660820626"
"福建省2014","福建省","350702","延平区","Yanping District","201406","2014","6","0.1564254172963","15.64254172963"
"福建省2014","福建省","350721","顺昌县","Shunchang County","201406","2014","6","0.0976906655009713","9.76906655009713"
"福建省2014","福建省","350722","浦城县","Pucheng County","201406","2014","6","0.130459915607822","13.0459915607822"
"福建省2014","福建省","350723","光泽县","Guangze County","201406","2014","6","0.129564349741415","12.9564349741415"
"福建省2014","福建省","350724","松溪县","Songxi County","201406","2014","6","0.137176462566318","13.7176462566318"
"福建省2014","福建省","350725","政和县","Zhenghe County","201406","2014","6","0.126345802969232","12.6345802969232"
"福建省2014","福建省","350781","邵武市","Shaowu City","201406","2014","6","0.101598779239454","10.1598779239454"
"福建省2014","福建省","350782","武夷山市","Wuyishan City","201406","2014","6","0.105461622452309","10.5461622452309"
"福建省2014","福建省","350783","建瓯市","Jian'ou City","201406","2014","6","0.117601018788731","11.7601018788731"
"福建省2014","福建省","350784","建阳市","Jianyang City","201406","2014","6","0.15717496310383","15.717496310383"
"福建省2014","福建省","350802","新罗区","Xinluo District","201406","2014","6","0.137732729064509","13.7732729064509"
"福建省2014","福建省","350821","长汀县","Changting County","201406","2014","6","0.140318257390402","14.0318257390402"
"福建省2014","福建省","350822","永定县","Yongding County","201406","2014","6","0.142585122346733","14.2585122346733"
"福建省2014","福建省","350823","上杭县","Shanghang County","201406","2014","6","0.161871299223776","16.1871299223776"
"福建省2014","福建省","350824","武平县","Wuping County","201406","2014","6","0.13489176690475","13.489176690475"
"福建省2014","福建省","350825","连城县","Liancheng County","201406","2014","6","0.166221988552373","16.6221988552373"
"福建省2014","福建省","350881","漳平市","Zhangping City","201406","2014","6","0.153018011316102","15.3018011316102"
"福建省2014","福建省","350902","蕉城区","Jiaocheng District","201406","2014","6","0.225636922732297","22.5636922732297"
"福建省2014","福建省","350921","霞浦县","Xiapu County","201406","2014","6","0.227329748222372","22.7329748222372"
"福建省2014","福建省","350922","古田县","Gutian County","201406","2014","6","0.20872318277344","20.872318277344"
"福建省2014","福建省","350923","屏南县","Pingnan County","201406","2014","6","0.196740046137631","19.6740046137631"
"福建省2014","福建省","350924","寿宁县","Shouning County","201406","2014","6","0.201977095461226","20.1977095461226"
"福建省2014","福建省","350925","周宁县","Zhouning County","201406","2014","6","0.196527241582861","19.6527241582861"
"福建省2014","福建省","350926","柘荣县","Zherong County","201406","2014","6","0.213246760108356","21.3246760108356"
"福建省2014","福建省","350981","福安市","Fu'an City","201406","2014","6","0.228151730353467","22.8151730353467"
"福建省2014","福建省","350982","福鼎市","Fuding City","201406","2014","6","0.226244877746904","22.6244877746904"
"福建省2014","福建省","350102","鼓楼区","Gulou District","201407","2014","7","0.260419596352298","26.0419596352298"
"福建省2014","福建省","350103","台江区","Taijiang District","201407","2014","7","0.260419596352298","26.0419596352298"
"福建省2014","福建省","350104","仓山区","Cangshan District","201407","2014","7","0.249789567931194","24.9789567931194"
"福建省2014","福建省","350105","马尾区","Mawei District","201407","2014","7","0.254589264587638","25.4589264587638"
"福建省2014","福建省","350111","晋安区","Jin'an District","201407","2014","7","0.192891049765105","19.2891049765105"
"福建省2014","福建省","350121","闽侯县","Minhou County","201407","2014","7","0.261786859338919","26.1786859338919"
"福建省2014","福建省","350122","连江县","Lianjiang County","201407","2014","7","0.263279503636372","26.3279503636372"
"福建省2014","福建省","350123","罗源县","Luoyuan County","201407","2014","7","0.254121738290797","25.4121738290797"
"福建省2014","福建省","350124","闽清县","Minqing County","201407","2014","7","0.26299526445216","26.299526445216"
"福建省2014","福建省","350125","永泰县","Yongtai County","201407","2014","7","0.255812970051616","25.5812970051616"
"福建省2014","福建省","350128","平潭县","Pingtan County","201407","2014","7","0.256315772844448","25.6315772844448"
"福建省2014","福建省","350181","福清市","Fuqing City","201407","2014","7","0.262645702530631","26.2645702530631"
"福建省2014","福建省","350182","长乐市","Changle City","201407","2014","7","0.261786859338919","26.1786859338919"
"福建省2014","福建省","350203","思明区","Siming District","201407","2014","7","0.206233718105186","20.6233718105186"
"福建省2014","福建省","350205","海沧区","Haicang District","201407","2014","7","0.203724253463638","20.3724253463638"
"福建省2014","福建省","350206","湖里区","Huli District","201407","2014","7","0.222648230393596","22.2648230393596"
"福建省2014","福建省","350211","集美区","Jimei District","201407","2014","7","0.203724253463638","20.3724253463638"
"福建省2014","福建省","350212","同安区","Tong'an District","201407","2014","7","0.210573586754468","21.0573586754468"
"福建省2014","福建省","350213","翔安区","Xiang'an District","201407","2014","7","0.210308100237328","21.0308100237328"
"福建省2014","福建省","350302","城厢区","Chengxiang District","201407","2014","7","0.221444205973767","22.1444205973767"
"福建省2014","福建省","350303","涵江区","Hanjiang District","201407","2014","7","0.185554330422988","18.5554330422988"
"福建省2014","福建省","350304","荔城区","Licheng District","201407","2014","7","0.184498049929047","18.4498049929047"
"福建省2014","福建省","350305","秀屿区","Xiuyu District","201407","2014","7","0.193725383068819","19.3725383068819"
"福建省2014","福建省","350322","仙游县","Xianyou County","201407","2014","7","0.19330732561487","19.330732561487"
"福建省2014","福建省","350402","梅列区","Melie district","201407","2014","7","0.256949710503186","25.6949710503186"
"福建省2014","福建省","350403","三元区","Sanyuan District","201407","2014","7","0.241893622831675","24.1893622831675"
"福建省2014","福建省","350421","明溪县","Mingxi County","201407","2014","7","0.217168599714045","21.7168599714045"
"福建省2014","福建省","350423","清流县","Qingliu County","201407","2014","7","0.238071791340622","23.8071791340622"
"福建省2014","福建省","350424","宁化县","Ninghua County","201407","2014","7","0.244936347082829","24.4936347082829"
"福建省2014","福建省","350425","大田县","Datian County","201407","2014","7","0.211189736781731","21.1189736781731"
"福建省2014","福建省","350426","尤溪县","Youxi County","201407","2014","7","0.19821306804457","19.821306804457"
"福建省2014","福建省","350427","沙县","Sha County","201407","2014","7","0.212281752919655","21.2281752919655"
"福建省2014","福建省","350428","将乐县","Jiangle County","201407","2014","7","0.249530090662319","24.9530090662319"
"福建省2014","福建省","350429","泰宁县","Taining County","201407","2014","7","0.240866915684121","24.0866915684121"
"福建省2014","福建省","350430","建宁县","Jianning County","201407","2014","7","0.25068266942844","25.068266942844"
"福建省2014","福建省","350481","永安市","Yong'an City","201407","2014","7","0.197250888144399","19.7250888144399"
"福建省2014","福建省","350502","鲤城区","Licheng District","201407","2014","7","0.216743601885365","21.6743601885365"
"福建省2014","福建省","350503","丰泽区","Fengze District","201407","2014","7","0.211675599671417","21.1675599671417"
"福建省2014","福建省","350504","洛江区","Luojiang District","201407","2014","7","0.21663752037005","21.663752037005"
"福建省2014","福建省","350505","泉港区","Quangang District","201407","2014","7","0.21663752037005","21.663752037005"
"福建省2014","福建省","350521","惠安县","Hui'an County","201407","2014","7","0.21663752037005","21.663752037005"
"福建省2014","福建省","350524","安溪县","Anxi County","201407","2014","7","0.21663752037005","21.663752037005"
"福建省2014","福建省","350525","永春县","Yongchun County","201407","2014","7","0.211837822797143","21.1837822797143"
"福建省2014","福建省","350526","德化县","Dehua County","201407","2014","7","0.214632435754256","21.4632435754256"
"福建省2014","福建省","350527","金门县","Kinmen County","201407","2014","7","0.208899875934373","20.8899875934373"
"福建省2014","福建省","350581","石狮市","Shishi City","201407","2014","7","0.212749111503757","21.2749111503757"
"福建省2014","福建省","350582","晋江市","Jinjiang City","201407","2014","7","0.211675599671417","21.1675599671417"
"福建省2014","福建省","350583","南安市","Nan'an City","201407","2014","7","0.216743601885365","21.6743601885365"
"福建省2014","福建省","350602","芗城区","Xiangcheng District","201407","2014","7","0.169544538301657","16.9544538301657"
"福建省2014","福建省","350603","龙文区","Longwen District","201407","2014","7","0.168604797999438","16.8604797999438"
"福建省2014","福建省","350622","云霄县","Yunxiao County","201407","2014","7","0.169267448445753","16.9267448445753"
"福建省2014","福建省","350623","漳浦县","Zhangpu County","201407","2014","7","0.171072326207959","17.1072326207959"
"福建省2014","福建省","350624","诏安县","Zhao'an County","201407","2014","7","0.173122886637106","17.3122886637106"
"福建省2014","福建省","350625","长泰县","Changtai County","201407","2014","7","0.170841619463834","17.0841619463834"
"福建省2014","福建省","350626","东山县","Dongshan County","201407","2014","7","0.162269295301406","16.2269295301406"
"福建省2014","福建省","350627","南靖县","Nanjing County","201407","2014","7","0.144265066032079","14.4265066032079"
"福建省2014","福建省","350628","平和县","Pinghe County","201407","2014","7","0.14394578588288","14.394578588288"
"福建省2014","福建省","350629","华安县","Hua'an County","201407","2014","7","0.136857239237829","13.6857239237829"
"福建省2014","福建省","350681","龙海市","Longhai  City","201407","2014","7","0.166891928545842","16.6891928545842"
"福建省2014","福建省","350702","延平区","Yanping District","201407","2014","7","0.172846663755253","17.2846663755253"
"福建省2014","福建省","350721","顺昌县","Shunchang County","201407","2014","7","0.0986116008977232","9.86116008977232"
"福建省2014","福建省","350722","浦城县","Pucheng County","201407","2014","7","0.132820404597134","13.2820404597134"
"福建省2014","福建省","350723","光泽县","Guangze County","201407","2014","7","0.132596376119305","13.2596376119305"
"福建省2014","福建省","350724","松溪县","Songxi County","201407","2014","7","0.115249786076296","11.5249786076296"
"福建省2014","福建省","350725","政和县","Zhenghe County","201407","2014","7","0.15717496310383","15.717496310383"
"福建省2014","福建省","350781","邵武市","Shaowu City","201407","2014","7","0.110041194763547","11.0041194763547"
"福建省2014","福建省","350782","武夷山市","Wuyishan City","201407","2014","7","0.107728486492177","10.7728486492177"
"福建省2014","福建省","350783","建瓯市","Jian'ou City","201407","2014","7","0.0976906655009713","9.76906655009713"
"福建省2014","福建省","350784","建阳市","Jianyang City","201407","2014","7","0.126442249708428","12.6442249708428"
"福建省2014","福建省","350802","新罗区","Xinluo District","201407","2014","7","0.137732729064509","13.7732729064509"
"福建省2014","福建省","350821","长汀县","Changting County","201407","2014","7","0.161871299223776","16.1871299223776"
"福建省2014","福建省","350822","永定县","Yongding County","201407","2014","7","0.140664323005368","14.0664323005368"
"福建省2014","福建省","350823","上杭县","Shanghang County","201407","2014","7","0.16562987276878","16.562987276878"
"福建省2014","福建省","350824","武平县","Wuping County","201407","2014","7","0.138251895305225","13.8251895305225"
"福建省2014","福建省","350825","连城县","Liancheng County","201407","2014","7","0.140318257390402","14.0318257390402"
"福建省2014","福建省","350881","漳平市","Zhangping City","201407","2014","7","0.153018011316102","15.3018011316102"
"福建省2014","福建省","350902","蕉城区","Jiaocheng District","201407","2014","7","0.226244877746904","22.6244877746904"
"福建省2014","福建省","350921","霞浦县","Xiapu County","201407","2014","7","0.227329748222372","22.7329748222372"
"福建省2014","福建省","350922","古田县","Gutian County","201407","2014","7","0.210538541207167","21.0538541207167"
"福建省2014","福建省","350923","屏南县","Pingnan County","201407","2014","7","0.207870518375659","20.7870518375659"
"福建省2014","福建省","350924","寿宁县","Shouning County","201407","2014","7","0.196873536313592","19.6873536313592"
"福建省2014","福建省","350925","周宁县","Zhouning County","201407","2014","7","0.212500411840432","21.2500411840432"
"福建省2014","福建省","350926","柘荣县","Zherong County","201407","2014","7","0.24055294093956","24.055294093956"
"福建省2014","福建省","350981","福安市","Fu'an City","201407","2014","7","0.228151730353467","22.8151730353467"
"福建省2014","福建省","350982","福鼎市","Fuding City","201407","2014","7","0.227632862879708","22.7632862879708"
"福建省2014","福建省","350102","鼓楼区","Gulou District","201408","2014","8","0.260419596352298","26.0419596352298"
"福建省2014","福建省","350103","台江区","Taijiang District","201408","2014","8","0.260419596352298","26.0419596352298"
"福建省2014","福建省","350104","仓山区","Cangshan District","201408","2014","8","0.250742920459199","25.0742920459199"
"福建省2014","福建省","350105","马尾区","Mawei District","201408","2014","8","0.254589264587638","25.4589264587638"
"福建省2014","福建省","350111","晋安区","Jin'an District","201408","2014","8","0.192630509399084","19.2630509399084"
"福建省2014","福建省","350121","闽侯县","Minhou County","201408","2014","8","0.259435686196582","25.9435686196582"
"福建省2014","福建省","350122","连江县","Lianjiang County","201408","2014","8","0.263279503636372","26.3279503636372"
"福建省2014","福建省","350123","罗源县","Luoyuan County","201408","2014","8","0.254121738290797","25.4121738290797"
"福建省2014","福建省","350124","闽清县","Minqing County","201408","2014","8","0.263419393473861","26.3419393473861"
"福建省2014","福建省","350125","永泰县","Yongtai County","201408","2014","8","0.256536917213037","25.6536917213037"
"福建省2014","福建省","350128","平潭县","Pingtan County","201408","2014","8","0.256252678028824","25.6252678028824"
"福建省2014","福建省","350181","福清市","Fuqing City","201408","2014","8","0.259523237745346","25.9523237745346"
"福建省2014","福建省","350182","长乐市","Changle City","201408","2014","8","0.261717272298998","26.1717272298998"
"福建省2014","福建省","350203","思明区","Siming District","201408","2014","8","0.200199409157922","20.0199409157922"
"福建省2014","福建省","350205","海沧区","Haicang District","201408","2014","8","0.210398054752228","21.0398054752228"
"福建省2014","福建省","350206","湖里区","Huli District","201408","2014","8","0.224337673218528","22.4337673218528"
"福建省2014","福建省","350211","集美区","Jimei District","201408","2014","8","0.207222848434475","20.7222848434475"
"福建省2014","福建省","350212","同安区","Tong'an District","201408","2014","8","0.210308100237328","21.0308100237328"
"福建省2014","福建省","350213","翔安区","Xiang'an District","201408","2014","8","0.210370000901589","21.0370000901589"
"福建省2014","福建省","350302","城厢区","Chengxiang District","201408","2014","8","0.185834599489238","18.5834599489238"
"福建省2014","福建省","350303","涵江区","Hanjiang District","201408","2014","8","0.189000915198875","18.9000915198875"
"福建省2014","福建省","350304","荔城区","Licheng District","201408","2014","8","0.186515043065804","18.6515043065804"
"福建省2014","福建省","350305","秀屿区","Xiuyu District","201408","2014","8","0.191277940064656","19.1277940064656"
"福建省2014","福建省","350322","仙游县","Xianyou County","201408","2014","8","0.19330732561487","19.330732561487"
"福建省2014","福建省","350402","梅列区","Melie district","201408","2014","8","0.240417036799906","24.0417036799906"
"福建省2014","福建省","350403","三元区","Sanyuan District","201408","2014","8","0.242237986574744","24.2237986574744"
"福建省2014","福建省","350421","明溪县","Mingxi County","201408","2014","8","0.22736693920969","22.736693920969"
"福建省2014","福建省","350423","清流县","Qingliu County","201408","2014","8","0.239292178291871","23.9292178291871"
"福建省2014","福建省","350424","宁化县","Ninghua County","201408","2014","8","0.239034857460569","23.9034857460569"
"福建省2014","福建省","350425","大田县","Datian County","201408","2014","8","0.204991136251622","20.4991136251622"
"福建省2014","福建省","350426","尤溪县","Youxi County","201408","2014","8","0.201585477966473","20.1585477966473"
"福建省2014","福建省","350427","沙县","Sha County","201408","2014","8","0.204991136251622","20.4991136251622"
"福建省2014","福建省","350428","将乐县","Jiangle County","201408","2014","8","0.26479105365023","26.479105365023"
"福建省2014","福建省","350429","泰宁县","Taining County","201408","2014","8","0.251216466085399","25.1216466085399"
"福建省2014","福建省","350430","建宁县","Jianning County","201408","2014","8","0.240585650422529","24.0585650422529"
"福建省2014","福建省","350481","永安市","Yong'an City","201408","2014","8","0.198840036001759","19.8840036001759"
"福建省2014","福建省","350502","鲤城区","Licheng District","201408","2014","8","0.216743601885365","21.6743601885365"
"福建省2014","福建省","350503","丰泽区","Fengze District","201408","2014","8","0.21159554479046","21.159554479046"
"福建省2014","福建省","350504","洛江区","Luojiang District","201408","2014","8","0.21663752037005","21.663752037005"
"福建省2014","福建省","350505","泉港区","Quangang District","201408","2014","8","0.21663752037005","21.663752037005"
"福建省2014","福建省","350521","惠安县","Hui'an County","201408","2014","8","0.21663752037005","21.663752037005"
"福建省2014","福建省","350524","安溪县","Anxi County","201408","2014","8","0.21663752037005","21.663752037005"
"福建省2014","福建省","350525","永春县","Yongchun County","201408","2014","8","0.211837822797143","21.1837822797143"
"福建省2014","福建省","350526","德化县","Dehua County","201408","2014","8","0.214738517269571","21.4738517269571"
"福建省2014","福建省","350527","金门县","Kinmen County","201408","2014","8","0.209702795633881","20.9702795633881"
"福建省2014","福建省","350581","石狮市","Shishi City","201408","2014","8","0.245976326448375","24.5976326448375"
"福建省2014","福建省","350582","晋江市","Jinjiang City","201408","2014","8","0.211816186937293","21.1816186937293"
"福建省2014","福建省","350583","南安市","Nan'an City","201408","2014","8","0.216743601885365","21.6743601885365"
"福建省2014","福建省","350602","芗城区","Xiangcheng District","201408","2014","8","0.169544538301657","16.9544538301657"
"福建省2014","福建省","350603","龙文区","Longwen District","201408","2014","8","0.168604797999438","16.8604797999438"
"福建省2014","福建省","350622","云霄县","Yunxiao County","201408","2014","8","0.174405796531032","17.4405796531032"
"福建省2014","福建省","350623","漳浦县","Zhangpu County","201408","2014","8","0.171072326207959","17.1072326207959"
"福建省2014","福建省","350624","诏安县","Zhao'an County","201408","2014","8","0.170064108702582","17.0064108702582"
"福建省2014","福建省","350625","长泰县","Changtai County","201408","2014","8","0.170850811588296","17.0850811588296"
"福建省2014","福建省","350626","东山县","Dongshan County","201408","2014","8","0.148878667533088","14.8878667533088"
"福建省2014","福建省","350627","南靖县","Nanjing County","201408","2014","8","0.144187558001956","14.4187558001956"
"福建省2014","福建省","350628","平和县","Pinghe County","201408","2014","8","0.144192686529223","14.4192686529223"
"福建省2014","福建省","350629","华安县","Hua'an County","201408","2014","8","0.142704668537281","14.2704668537281"
"福建省2014","福建省","350681","龙海市","Longhai  City","201408","2014","8","0.170411660820626","17.0411660820626"
"福建省2014","福建省","350702","延平区","Yanping District","201408","2014","8","0.172846663755253","17.2846663755253"
"福建省2014","福建省","350721","顺昌县","Shunchang County","201408","2014","8","0.0986116008977232","9.86116008977232"
"福建省2014","福建省","350722","浦城县","Pucheng County","201408","2014","8","0.132820404597134","13.2820404597134"
"福建省2014","福建省","350723","光泽县","Guangze County","201408","2014","8","0.103950125593309","10.3950125593309"
"福建省2014","福建省","350724","松溪县","Songxi County","201408","2014","8","0.115249786076296","11.5249786076296"
"福建省2014","福建省","350725","政和县","Zhenghe County","201408","2014","8","0.12223603986431","12.223603986431"
"福建省2014","福建省","350781","邵武市","Shaowu City","201408","2014","8","0.095017708432364","9.5017708432364"
"福建省2014","福建省","350782","武夷山市","Wuyishan City","201408","2014","8","0.102349280917953","10.2349280917953"
"福建省2014","福建省","350783","建瓯市","Jian'ou City","201408","2014","8","0.0920746742831642","9.20746742831642"
"福建省2014","福建省","350784","建阳市","Jianyang City","201408","2014","8","0.101262584848075","10.1262584848075"
"福建省2014","福建省","350802","新罗区","Xinluo District","201408","2014","8","0.138251895305225","13.8251895305225"
"福建省2014","福建省","350821","长汀县","Changting County","201408","2014","8","0.136554813760713","13.6554813760713"
"福建省2014","福建省","350822","永定县","Yongding County","201408","2014","8","0.157556611313449","15.7556611313449"
"福建省2014","福建省","350823","上杭县","Shanghang County","201408","2014","8","0.161871299223776","16.1871299223776"
"福建省2014","福建省","350824","武平县","Wuping County","201408","2014","8","0.140318257390402","14.0318257390402"
"福建省2014","福建省","350825","连城县","Liancheng County","201408","2014","8","0.140318257390402","14.0318257390402"
"福建省2014","福建省","350881","漳平市","Zhangping City","201408","2014","8","0.153018011316102","15.3018011316102"
"福建省2014","福建省","350902","蕉城区","Jiaocheng District","201408","2014","8","0.227329748222372","22.7329748222372"
"福建省2014","福建省","350921","霞浦县","Xiapu County","201408","2014","8","0.227329748222372","22.7329748222372"
"福建省2014","福建省","350922","古田县","Gutian County","201408","2014","8","0.210071761827717","21.0071761827717"
"福建省2014","福建省","350923","屏南县","Pingnan County","201408","2014","8","0.221232304135109","22.1232304135109"
"福建省2014","福建省","350924","寿宁县","Shouning County","201408","2014","8","0.200034038898058","20.0034038898058"
"福建省2014","福建省","350925","周宁县","Zhouning County","201408","2014","8","0.19970198783616","19.970198783616"
"福建省2014","福建省","350926","柘荣县","Zherong County","201408","2014","8","0.224199911408257","22.4199911408257"
"福建省2014","福建省","350981","福安市","Fu'an City","201408","2014","8","0.228151730353467","22.8151730353467"
"福建省2014","福建省","350982","福鼎市","Fuding City","201408","2014","8","0.226458904863392","22.6458904863392"
"福建省2014","福建省","350102","鼓楼区","Gulou District","201409","2014","9","0.260419596352298","26.0419596352298"
"福建省2014","福建省","350103","台江区","Taijiang District","201409","2014","9","0.260419596352298","26.0419596352298"
"福建省2014","福建省","350104","仓山区","Cangshan District","201409","2014","9","0.249529028481636","24.9529028481636"
"福建省2014","福建省","350105","马尾区","Mawei District","201409","2014","9","0.256124122089962","25.6124122089962"
"福建省2014","福建省","350111","晋安区","Jin'an District","201409","2014","9","0.192891049765105","19.2891049765105"
"福建省2014","福建省","350121","闽侯县","Minhou County","201409","2014","9","0.261786859338919","26.1786859338919"
"福建省2014","福建省","350122","连江县","Lianjiang County","201409","2014","9","0.261786859338919","26.1786859338919"
"福建省2014","福建省","350123","罗源县","Luoyuan County","201409","2014","9","0.254121738290797","25.4121738290797"
"福建省2014","福建省","350124","闽清县","Minqing County","201409","2014","9","0.259151447012369","25.9151447012369"
"福建省2014","福建省","350125","永泰县","Yongtai County","201409","2014","9","0.254121738290797","25.4121738290797"
"福建省2014","福建省","350128","平潭县","Pingtan County","201409","2014","9","0.25641711074698","25.641711074698"
"福建省2014","福建省","350181","福清市","Fuqing City","201409","2014","9","0.261717272298998","26.1717272298998"
"福建省2014","福建省","350182","长乐市","Changle City","201409","2014","9","0.261786859338919","26.1786859338919"
"福建省2014","福建省","350203","思明区","Siming District","201409","2014","9","0.200328586458737","20.0328586458737"
"福建省2014","福建省","350205","海沧区","Haicang District","201409","2014","9","0.212171531740711","21.2171531740711"
"福建省2014","福建省","350206","湖里区","Huli District","201409","2014","9","0.210328968101137","21.0328968101137"
"福建省2014","福建省","350211","集美区","Jimei District","201409","2014","9","0.21121359964681","21.121359964681"
"福建省2014","福建省","350212","同安区","Tong'an District","201409","2014","9","0.210366072940927","21.0366072940927"
"福建省2014","福建省","350213","翔安区","Xiang'an District","201409","2014","9","0.210435659980847","21.0435659980847"
"福建省2014","福建省","350302","城厢区","Chengxiang District","201409","2014","9","0.170815973161646","17.0815973161646"
"福建省2014","福建省","350303","涵江区","Hanjiang District","201409","2014","9","0.18905360449295","18.905360449295"
"福建省2014","福建省","350304","荔城区","Licheng District","201409","2014","9","0.186401054307233","18.6401054307233"
"福建省2014","福建省","350305","秀屿区","Xiuyu District","201409","2014","9","0.191277940064656","19.1277940064656"
"福建省2014","福建省","350322","仙游县","Xianyou County","201409","2014","9","0.192470045882428","19.2470045882428"
"福建省2014","福建省","350402","梅列区","Melie district","201409","2014","9","0.238121959444827","23.8121959444827"
"福建省2014","福建省","350403","三元区","Sanyuan District","201409","2014","9","0.248436587104854","24.8436587104854"
"福建省2014","福建省","350421","明溪县","Mingxi County","201409","2014","9","0.227251723307086","22.7251723307086"
"福建省2014","福建省","350423","清流县","Qingliu County","201409","2014","9","0.242778163647506","24.2778163647506"
"福建省2014","福建省","350424","宁化县","Ninghua County","201409","2014","9","0.230158596573444","23.0158596573444"
"福建省2014","福建省","350425","大田县","Datian County","201409","2014","9","0.208024656464295","20.8024656464295"
"福建省2014","福建省","350426","尤溪县","Youxi County","201409","2014","9","0.201585477966473","20.1585477966473"
"福建省2014","福建省","350427","沙县","Sha County","201409","2014","9","0.211189736781731","21.1189736781731"
"福建省2014","福建省","350428","将乐县","Jiangle County","201409","2014","9","0.247883837991876","24.7883837991876"
"福建省2014","福建省","350429","泰宁县","Taining County","201409","2014","9","0.263069925948027","26.3069925948027"
"福建省2014","福建省","350430","建宁县","Jianning County","201409","2014","9","0.266610111845318","26.6610111845318"
"福建省2014","福建省","350481","永安市","Yong'an City","201409","2014","9","0.207146222958276","20.7146222958276"
"福建省2014","福建省","350502","鲤城区","Licheng District","201409","2014","9","0.216743601885365","21.6743601885365"
"福建省2014","福建省","350503","丰泽区","Fengze District","201409","2014","9","0.211311304689784","21.1311304689784"
"福建省2014","福建省","350504","洛江区","Luojiang District","201409","2014","9","0.21663752037005","21.663752037005"
"福建省2014","福建省","350505","泉港区","Quangang District","201409","2014","9","0.21663752037005","21.663752037005"
"福建省2014","福建省","350521","惠安县","Hui'an County","201409","2014","9","0.21663752037005","21.663752037005"
"福建省2014","福建省","350524","安溪县","Anxi County","201409","2014","9","0.21663752037005","21.663752037005"
"福建省2014","福建省","350525","永春县","Yongchun County","201409","2014","9","0.21663752037005","21.663752037005"
"福建省2014","福建省","350526","德化县","Dehua County","201409","2014","9","0.21281972773169","21.281972773169"
"福建省2014","福建省","350527","金门县","Kinmen County","201409","2014","9","0.228626020147669","22.8626020147669"
"福建省2014","福建省","350581","石狮市","Shishi City","201409","2014","9","0.265333410988604","26.5333410988604"
"福建省2014","福建省","350582","晋江市","Jinjiang City","201409","2014","9","0.208737832435406","20.8737832435406"
"福建省2014","福建省","350583","南安市","Nan'an City","201409","2014","9","0.21663752037005","21.663752037005"
"福建省2014","福建省","350602","芗城区","Xiangcheng District","201409","2014","9","0.170841619463834","17.0841619463834"
"福建省2014","福建省","350603","龙文区","Longwen District","201409","2014","9","0.168604797999438","16.8604797999438"
"福建省2014","福建省","350622","云霄县","Yunxiao County","201409","2014","9","0.169267448445753","16.9267448445753"
"福建省2014","福建省","350623","漳浦县","Zhangpu County","201409","2014","9","0.172124529357759","17.2124529357759"
"福建省2014","福建省","350624","诏安县","Zhao'an County","201409","2014","9","0.170850811588296","17.0850811588296"
"福建省2014","福建省","350625","长泰县","Changtai County","201409","2014","9","0.170841619463834","17.0841619463834"
"福建省2014","福建省","350626","东山县","Dongshan County","201409","2014","9","0.145314409817141","14.5314409817141"
"福建省2014","福建省","350627","南靖县","Nanjing County","201409","2014","9","0.144110166362642","14.4110166362642"
"福建省2014","福建省","350628","平和县","Pinghe County","201409","2014","9","0.170841619463834","17.0841619463834"
"福建省2014","福建省","350629","华安县","Hua'an County","201409","2014","9","0.155402977200741","15.5402977200741"
"福建省2014","福建省","350681","龙海市","Longhai  City","201409","2014","9","0.16755457990862","16.755457990862"
"福建省2014","福建省","350702","延平区","Yanping District","201409","2014","9","0.172846663755253","17.2846663755253"
"福建省2014","福建省","350721","顺昌县","Shunchang County","201409","2014","9","0.101665889079732","10.1665889079732"
"福建省2014","福建省","350722","浦城县","Pucheng County","201409","2014","9","0.131560738955724","13.1560738955724"
"福建省2014","福建省","350723","光泽县","Guangze County","201409","2014","9","0.0972679789921215","9.72679789921215"
"福建省2014","福建省","350724","松溪县","Songxi County","201409","2014","9","0.115249786076296","11.5249786076296"
"福建省2014","福建省","350725","政和县","Zhenghe County","201409","2014","9","0.136360436528631","13.6360436528631"
"福建省2014","福建省","350781","邵武市","Shaowu City","201409","2014","9","0.0919556981326371","9.19556981326371"
"福建省2014","福建省","350782","武夷山市","Wuyishan City","201409","2014","9","0.0931825342344179","9.31825342344179"
"福建省2014","福建省","350783","建瓯市","Jian'ou City","201409","2014","9","0.0920126049897005","9.20126049897005"
"福建省2014","福建省","350784","建阳市","Jianyang City","201409","2014","9","0.102324893836005","10.2324893836005"
"福建省2014","福建省","350802","新罗区","Xinluo District","201409","2014","9","0.137732729064509","13.7732729064509"
"福建省2014","福建省","350821","长汀县","Changting County","201409","2014","9","0.136559684761861","13.6559684761861"
"福建省2014","福建省","350822","永定县","Yongding County","201409","2014","9","0.155289746357118","15.5289746357118"
"福建省2014","福建省","350823","上杭县","Shanghang County","201409","2014","9","0.164200233473571","16.4200233473571"
"福建省2014","福建省","350824","武平县","Wuping County","201409","2014","9","0.140318257390402","14.0318257390402"
"福建省2014","福建省","350825","连城县","Liancheng County","201409","2014","9","0.138397458049037","13.8397458049037"
"福建省2014","福建省","350881","漳平市","Zhangping City","201409","2014","9","0.140392230622513","14.0392230622513"
"福建省2014","福建省","350902","蕉城区","Jiaocheng District","201409","2014","9","0.225636922732297","22.5636922732297"
"福建省2014","福建省","350921","霞浦县","Xiapu County","201409","2014","9","0.227329748222372","22.7329748222372"
"福建省2014","福建省","350922","古田县","Gutian County","201409","2014","9","0.207980087032905","20.7980087032905"
"福建省2014","福建省","350923","屏南县","Pingnan County","201409","2014","9","0.232181782251078","23.2181782251078"
"福建省2014","福建省","350924","寿宁县","Shouning County","201409","2014","9","0.232858408759012","23.2858408759012"
"福建省2014","福建省","350925","周宁县","Zhouning County","201409","2014","9","0.201581204499238","20.1581204499238"
"福建省2014","福建省","350926","柘荣县","Zherong County","201409","2014","9","0.241374311789796","24.1374311789796"
"福建省2014","福建省","350981","福安市","Fu'an City","201409","2014","9","0.228151730353467","22.8151730353467"
"福建省2014","福建省","350982","福鼎市","Fuding City","201409","2014","9","0.235774462235812","23.5774462235812"
"福建省2014","福建省","350102","鼓楼区","Gulou District","201410","2014","10","0.260419596352298","26.0419596352298"
"福建省2014","福建省","350103","台江区","Taijiang District","201410","2014","10","0.260419596352298","26.0419596352298"
"福建省2014","福建省","350104","仓山区","Cangshan District","201410","2014","10","0.249529028481636","24.9529028481636"
"福建省2014","福建省","350105","马尾区","Mawei District","201410","2014","10","0.256124122089962","25.6124122089962"
"福建省2014","福建省","350111","晋安区","Jin'an District","201410","2014","10","0.199875790472611","19.9875790472611"
"福建省2014","福建省","350121","闽侯县","Minhou County","201410","2014","10","0.261786859338919","26.1786859338919"
"福建省2014","福建省","350122","连江县","Lianjiang County","201410","2014","10","0.262645702530631","26.2645702530631"
"福建省2014","福建省","350123","罗源县","Luoyuan County","201410","2014","10","0.256315772844448","25.6315772844448"
"福建省2014","福建省","350124","闽清县","Minqing County","201410","2014","10","0.25892499907207","25.892499907207"
"福建省2014","福建省","350125","永泰县","Yongtai County","201410","2014","10","0.255788583886131","25.5788583886131"
"福建省2014","福建省","350128","平潭县","Pingtan County","201410","2014","10","0.259116648910093","25.9116648910093"
"福建省2014","福建省","350181","福清市","Fuqing City","201410","2014","10","0.261717272298998","26.1717272298998"
"福建省2014","福建省","350182","长乐市","Changle City","201410","2014","10","0.261786859338919","26.1786859338919"
"福建省2014","福建省","350203","思明区","Siming District","201410","2014","10","0.219436417791955","21.9436417791955"
"福建省2014","福建省","350205","海沧区","Haicang District","201410","2014","10","0.210366072940927","21.0366072940927"
"福建省2014","福建省","350206","湖里区","Huli District","201410","2014","10","0.209133039715954","20.9133039715954"
"福建省2014","福建省","350211","集美区","Jimei District","201410","2014","10","0.210366072940927","21.0366072940927"
"福建省2014","福建省","350212","同安区","Tong'an District","201410","2014","10","0.210477312310326","21.0477312310326"
"福建省2014","福建省","350213","翔安区","Xiang'an District","201410","2014","10","0.210477312310326","21.0477312310326"
"福建省2014","福建省","350302","城厢区","Chengxiang District","201410","2014","10","0.168504802715285","16.8504802715285"
"福建省2014","福建省","350303","涵江区","Hanjiang District","201410","2014","10","0.191050481265605","19.1050481265605"
"福建省2014","福建省","350304","荔城区","Licheng District","201410","2014","10","0.18194273005844","18.194273005844"
"福建省2014","福建省","350305","秀屿区","Xiuyu District","201410","2014","10","0.191277940064656","19.1277940064656"
"福建省2014","福建省","350322","仙游县","Xianyou County","201410","2014","10","0.191856341895063","19.1856341895063"
"福建省2014","福建省","350402","梅列区","Melie district","201410","2014","10","0.247876788558041","24.7876788558041"
"福建省2014","福建省","350403","三元区","Sanyuan District","201410","2014","10","0.232096351397827","23.2096351397827"
"福建省2014","福建省","350421","明溪县","Mingxi County","201410","2014","10","0.206588363647292","20.6588363647292"
"福建省2014","福建省","350423","清流县","Qingliu County","201410","2014","10","0.207662371286145","20.7662371286145"
"福建省2014","福建省","350424","宁化县","Ninghua County","201410","2014","10","0.24391409302927","24.391409302927"
"福建省2014","福建省","350425","大田县","Datian County","201410","2014","10","0.213474923667499","21.3474923667499"
"福建省2014","福建省","350426","尤溪县","Youxi County","201410","2014","10","0.200951675944268","20.0951675944268"
"福建省2014","福建省","350427","沙县","Sha County","201410","2014","10","0.211189736781731","21.1189736781731"
"福建省2014","福建省","350428","将乐县","Jiangle County","201410","2014","10","0.260916933359458","26.0916933359458"
"福建省2014","福建省","350429","泰宁县","Taining County","201410","2014","10","0.24015012426625","24.015012426625"
"福建省2014","福建省","350430","建宁县","Jianning County","201410","2014","10","0.253829464474963","25.3829464474963"
"福建省2014","福建省","350481","永安市","Yong'an City","201410","2014","10","0.203174624907369","20.3174624907369"
"福建省2014","福建省","350502","鲤城区","Licheng District","201410","2014","10","0.216743601885365","21.6743601885365"
"福建省2014","福建省","350503","丰泽区","Fengze District","201410","2014","10","0.21159554479046","21.159554479046"
"福建省2014","福建省","350504","洛江区","Luojiang District","201410","2014","10","0.21663752037005","21.663752037005"
"福建省2014","福建省","350505","泉港区","Quangang District","201410","2014","10","0.21663752037005","21.663752037005"
"福建省2014","福建省","350521","惠安县","Hui'an County","201410","2014","10","0.21663752037005","21.663752037005"
"福建省2014","福建省","350524","安溪县","Anxi County","201410","2014","10","0.21663752037005","21.663752037005"
"福建省2014","福建省","350525","永春县","Yongchun County","201410","2014","10","0.211837822797143","21.1837822797143"
"福建省2014","福建省","350526","德化县","Dehua County","201410","2014","10","0.21281972773169","21.281972773169"
"福建省2014","福建省","350527","金门县","Kinmen County","201410","2014","10","0.209702795633881","20.9702795633881"
"福建省2014","福建省","350581","石狮市","Shishi City","201410","2014","10","0.21159554479046","21.159554479046"
"福建省2014","福建省","350582","晋江市","Jinjiang City","201410","2014","10","0.208737832435406","20.8737832435406"
"福建省2014","福建省","350583","南安市","Nan'an City","201410","2014","10","0.216743601885365","21.6743601885365"
"福建省2014","福建省","350602","芗城区","Xiangcheng District","201410","2014","10","0.170841619463834","17.0841619463834"
"福建省2014","福建省","350603","龙文区","Longwen District","201410","2014","10","0.168604797999438","16.8604797999438"
"福建省2014","福建省","350622","云霄县","Yunxiao County","201410","2014","10","0.166891928545842","16.6891928545842"
"福建省2014","福建省","350623","漳浦县","Zhangpu County","201410","2014","10","0.172124529357759","17.2124529357759"
"福建省2014","福建省","350624","诏安县","Zhao'an County","201410","2014","10","0.171040094202243","17.1040094202243"
"福建省2014","福建省","350625","长泰县","Changtai County","201410","2014","10","0.165127859050639","16.5127859050639"
"福建省2014","福建省","350626","东山县","Dongshan County","201410","2014","10","0.140718713254877","14.0718713254877"
"福建省2014","福建省","350627","南靖县","Nanjing County","201410","2014","10","0.141510321050872","14.1510321050872"
"福建省2014","福建省","350628","平和县","Pinghe County","201410","2014","10","0.174416060000807","17.4416060000807"
"福建省2014","福建省","350629","华安县","Hua'an County","201410","2014","10","0.155279498467214","15.5279498467214"
"福建省2014","福建省","350681","龙海市","Longhai  City","201410","2014","10","0.170411660820626","17.0411660820626"
"福建省2014","福建省","350702","延平区","Yanping District","201410","2014","10","0.172846663755253","17.2846663755253"
"福建省2014","福建省","350721","顺昌县","Shunchang County","201410","2014","10","0.10065804824067","10.065804824067"
"福建省2014","福建省","350722","浦城县","Pucheng County","201410","2014","10","0.131560738955724","13.1560738955724"
"福建省2014","福建省","350723","光泽县","Guangze County","201410","2014","10","0.104211364304179","10.4211364304179"
"福建省2014","福建省","350724","松溪县","Songxi County","201410","2014","10","0.123281043280334","12.3281043280334"
"福建省2014","福建省","350725","政和县","Zhenghe County","201410","2014","10","0.111781848627643","11.1781848627643"
"福建省2014","福建省","350781","邵武市","Shaowu City","201410","2014","10","0.0893840441409651","8.93840441409651"
"福建省2014","福建省","350782","武夷山市","Wuyishan City","201410","2014","10","0.0995335242416507","9.95335242416507"
"福建省2014","福建省","350783","建瓯市","Jian'ou City","201410","2014","10","0.118290352973414","11.8290352973414"
"福建省2014","福建省","350784","建阳市","Jianyang City","201410","2014","10","0.112374876291978","11.2374876291978"
"福建省2014","福建省","350802","新罗区","Xinluo District","201410","2014","10","0.138251895305225","13.8251895305225"
"福建省2014","福建省","350821","长汀县","Changting County","201410","2014","10","0.155289746357118","15.5289746357118"
"福建省2014","福建省","350822","永定县","Yongding County","201410","2014","10","0.157021542605768","15.7021542605768"
"福建省2014","福建省","350823","上杭县","Shanghang County","201410","2014","10","0.171681523946472","17.1681523946472"
"福建省2014","福建省","350824","武平县","Wuping County","201410","2014","10","0.140318257390402","14.0318257390402"
"福建省2014","福建省","350825","连城县","Liancheng County","201410","2014","10","0.138397458049037","13.8397458049037"
"福建省2014","福建省","350881","漳平市","Zhangping City","201410","2014","10","0.153076150815977","15.3076150815977"
"福建省2014","福建省","350902","蕉城区","Jiaocheng District","201410","2014","10","0.219188148866268","21.9188148866268"
"福建省2014","福建省","350921","霞浦县","Xiapu County","201410","2014","10","0.227329748222372","22.7329748222372"
"福建省2014","福建省","350922","古田县","Gutian County","201410","2014","10","0.20872318277344","20.872318277344"
"福建省2014","福建省","350923","屏南县","Pingnan County","201410","2014","10","0.212542138403419","21.2542138403419"
"福建省2014","福建省","350924","寿宁县","Shouning County","201410","2014","10","0.111863355186083","11.1863355186083"
"福建省2014","福建省","350925","周宁县","Zhouning County","201410","2014","10","0.203810508217177","20.3810508217177"
"福建省2014","福建省","350926","柘荣县","Zherong County","201410","2014","10","0.217502825542777","21.7502825542777"
"福建省2014","福建省","350981","福安市","Fu'an City","201410","2014","10","0.228151730353467","22.8151730353467"
"福建省2014","福建省","350982","福鼎市","Fuding City","201410","2014","10","0.226458904863392","22.6458904863392"
"福建省2014","福建省","350102","鼓楼区","Gulou District","201411","2014","11","0.260419596352298","26.0419596352298"
"福建省2014","福建省","350103","台江区","Taijiang District","201411","2014","11","0.260419596352298","26.0419596352298"
"福建省2014","福建省","350104","仓山区","Cangshan District","201411","2014","11","0.256653475734019","25.6653475734019"
"福建省2014","福建省","350105","马尾区","Mawei District","201411","2014","11","0.258539301928665","25.8539301928665"
"福建省2014","福建省","350111","晋安区","Jin'an District","201411","2014","11","0.205507145277106","20.5507145277106"
"福建省2014","福建省","350121","闽侯县","Minhou County","201411","2014","11","0.263496259063381","26.3496259063381"
"福建省2014","福建省","350122","连江县","Lianjiang County","201411","2014","11","0.263496259063381","26.3496259063381"
"福建省2014","福建省","350123","罗源县","Luoyuan County","201411","2014","11","0.256518106808791","25.6518106808791"
"福建省2014","福建省","350124","闽清县","Minqing County","201411","2014","11","0.259244036358558","25.9244036358558"
"福建省2014","福建省","350125","永泰县","Yongtai County","201411","2014","11","0.255788583886131","25.5788583886131"
"福建省2014","福建省","350128","平潭县","Pingtan County","201411","2014","11","0.25937662748426","25.937662748426"
"福建省2014","福建省","350181","福清市","Fuqing City","201411","2014","11","0.261717272298998","26.1717272298998"
"福建省2014","福建省","350182","长乐市","Changle City","201411","2014","11","0.261786859338919","26.1786859338919"
"福建省2014","福建省","350203","思明区","Siming District","201411","2014","11","0.219070299048838","21.9070299048838"
"福建省2014","福建省","350205","海沧区","Haicang District","201411","2014","11","0.211430354157355","21.1430354157355"
"福建省2014","福建省","350206","湖里区","Huli District","201411","2014","11","0.209283231514667","20.9283231514667"
"福建省2014","福建省","350211","集美区","Jimei District","201411","2014","11","0.211637727752049","21.1637727752049"
"福建省2014","福建省","350212","同安区","Tong'an District","201411","2014","11","0.199858044081975","19.9858044081975"
"福建省2014","福建省","350213","翔安区","Xiang'an District","201411","2014","11","0.210656214147227","21.0656214147227"
"福建省2014","福建省","350302","城厢区","Chengxiang District","201411","2014","11","0.171552318235302","17.1552318235302"
"福建省2014","福建省","350303","涵江区","Hanjiang District","201411","2014","11","0.220141003754833","22.0141003754833"
"福建省2014","福建省","350304","荔城区","Licheng District","201411","2014","11","0.219417056593412","21.9417056593412"
"福建省2014","福建省","350305","秀屿区","Xiuyu District","201411","2014","11","0.192470045882428","19.2470045882428"
"福建省2014","福建省","350322","仙游县","Xianyou County","201411","2014","11","0.192236923341684","19.2236923341684"
"福建省2014","福建省","350402","梅列区","Melie district","201411","2014","11","0.234860199606579","23.4860199606579"
"福建省2014","福建省","350403","三元区","Sanyuan District","201411","2014","11","0.240138880181003","24.0138880181003"
"福建省2014","福建省","350421","明溪县","Mingxi County","201411","2014","11","0.216877436651436","21.6877436651436"
"福建省2014","福建省","350423","清流县","Qingliu County","201411","2014","11","0.216005425718521","21.6005425718521"
"福建省2014","福建省","350424","宁化县","Ninghua County","201411","2014","11","0.204991136251622","20.4991136251622"
"福建省2014","福建省","350425","大田县","Datian County","201411","2014","11","0.207285583996581","20.7285583996581"
"福建省2014","福建省","350426","尤溪县","Youxi County","201411","2014","11","0.197594726754137","19.7594726754137"
"福建省2014","福建省","350427","沙县","Sha County","201411","2014","11","0.212601676425919","21.2601676425919"
"福建省2014","福建省","350428","将乐县","Jiangle County","201411","2014","11","0.197250888144399","19.7250888144399"
"福建省2014","福建省","350429","泰宁县","Taining County","201411","2014","11","0.280528425294931","28.0528425294931"
"福建省2014","福建省","350430","建宁县","Jianning County","201411","2014","11","0.251959022945656","25.1959022945656"
"福建省2014","福建省","350481","永安市","Yong'an City","201411","2014","11","0.199004624518635","19.9004624518635"
"福建省2014","福建省","350502","鲤城区","Licheng District","201411","2014","11","0.216743601885365","21.6743601885365"
"福建省2014","福建省","350503","丰泽区","Fengze District","201411","2014","11","0.21159554479046","21.159554479046"
"福建省2014","福建省","350504","洛江区","Luojiang District","201411","2014","11","0.213125602775754","21.3125602775754"
"福建省2014","福建省","350505","泉港区","Quangang District","201411","2014","11","0.213103966915903","21.3103966915903"
"福建省2014","福建省","350521","惠安县","Hui'an County","201411","2014","11","0.21663752037005","21.663752037005"
"福建省2014","福建省","350524","安溪县","Anxi County","201411","2014","11","0.21663752037005","21.663752037005"
"福建省2014","福建省","350525","永春县","Yongchun County","201411","2014","11","0.211837822797143","21.1837822797143"
"福建省2014","福建省","350526","德化县","Dehua County","201411","2014","11","0.2142575336292","21.42575336292"
"福建省2014","福建省","350527","金门县","Kinmen County","201411","2014","11","0.209702795633881","20.9702795633881"
"福建省2014","福建省","350581","石狮市","Shishi City","201411","2014","11","0.211675599671417","21.1675599671417"
"福建省2014","福建省","350582","晋江市","Jinjiang City","201411","2014","11","0.208737832435406","20.8737832435406"
"福建省2014","福建省","350583","南安市","Nan'an City","201411","2014","11","0.216743601885365","21.6743601885365"
"福建省2014","福建省","350602","芗城区","Xiangcheng District","201411","2014","11","0.170850811588296","17.0850811588296"
"福建省2014","福建省","350603","龙文区","Longwen District","201411","2014","11","0.168604797999438","16.8604797999438"
"福建省2014","福建省","350622","云霄县","Yunxiao County","201411","2014","11","0.169544538301657","16.9544538301657"
"福建省2014","福建省","350623","漳浦县","Zhangpu County","201411","2014","11","0.172124529357759","17.2124529357759"
"福建省2014","福建省","350624","诏安县","Zhao'an County","201411","2014","11","0.173211615840899","17.3211615840899"
"福建省2014","福建省","350625","长泰县","Changtai County","201411","2014","11","0.157815195947306","15.7815195947306"
"福建省2014","福建省","350626","东山县","Dongshan County","201411","2014","11","0.145958823565083","14.5958823565083"
"福建省2014","福建省","350627","南靖县","Nanjing County","201411","2014","11","0.163680629163514","16.3680629163514"
"福建省2014","福建省","350628","平和县","Pinghe County","201411","2014","11","0.173672836871908","17.3672836871908"
"福建省2014","福建省","350629","华安县","Hua'an County","201411","2014","11","0.118658333053001","11.8658333053001"
"福建省2014","福建省","350681","龙海市","Longhai  City","201411","2014","11","0.172124529357759","17.2124529357759"
"福建省2014","福建省","350702","延平区","Yanping District","201411","2014","11","0.176605237300257","17.6605237300257"
"福建省2014","福建省","350721","顺昌县","Shunchang County","201411","2014","11","0.127536922672754","12.7536922672754"
"福建省2014","福建省","350722","浦城县","Pucheng County","201411","2014","11","0.101812345375024","10.1812345375024"
"福建省2014","福建省","350723","光泽县","Guangze County","201411","2014","11","0.11982817889958","11.982817889958"
"福建省2014","福建省","350724","松溪县","Songxi County","201411","2014","11","0.166350569235737","16.6350569235737"
"福建省2014","福建省","350725","政和县","Zhenghe County","201411","2014","11","0.121149343794432","12.1149343794432"
"福建省2014","福建省","350781","邵武市","Shaowu City","201411","2014","11","0.102809048438553","10.2809048438553"
"福建省2014","福建省","350782","武夷山市","Wuyishan City","201411","2014","11","0.100725650221609","10.0725650221609"
"福建省2014","福建省","350783","建瓯市","Jian'ou City","201411","2014","11","0.117985157028476","11.7985157028476"
"福建省2014","福建省","350784","建阳市","Jianyang City","201411","2014","11","0.100620219395065","10.0620219395065"
"福建省2014","福建省","350802","新罗区","Xinluo District","201411","2014","11","0.137499576280485","13.7499576280485"
"福建省2014","福建省","350821","长汀县","Changting County","201411","2014","11","0.140392230622513","14.0392230622513"
"福建省2014","福建省","350822","永定县","Yongding County","201411","2014","11","0.158750603212192","15.8750603212192"
"福建省2014","福建省","350823","上杭县","Shanghang County","201411","2014","11","0.155343014855845","15.5343014855845"
"福建省2014","福建省","350824","武平县","Wuping County","201411","2014","11","0.137732729064509","13.7732729064509"
"福建省2014","福建省","350825","连城县","Liancheng County","201411","2014","11","0.138251895305225","13.8251895305225"
"福建省2014","福建省","350881","漳平市","Zhangping City","201411","2014","11","0.138397458049037","13.8397458049037"
"福建省2014","福建省","350902","蕉城区","Jiaocheng District","201411","2014","11","0.217495323376192","21.7495323376192"
"福建省2014","福建省","350921","霞浦县","Xiapu County","201411","2014","11","0.227329748222372","22.7329748222372"
"福建省2014","福建省","350922","古田县","Gutian County","201411","2014","11","0.230175743597241","23.0175743597241"
"福建省2014","福建省","350923","屏南县","Pingnan County","201411","2014","11","0.211103793625632","21.1103793625632"
"福建省2014","福建省","350924","寿宁县","Shouning County","201411","2014","11","0.201719686649471","20.1719686649471"
"福建省2014","福建省","350925","周宁县","Zhouning County","201411","2014","11","0.194254825609794","19.4254825609794"
"福建省2014","福建省","350926","柘荣县","Zherong County","201411","2014","11","0.224199911408257","22.4199911408257"
"福建省2014","福建省","350981","福安市","Fu'an City","201411","2014","11","0.228151730353467","22.8151730353467"
"福建省2014","福建省","350982","福鼎市","Fuding City","201411","2014","11","0.228151730353467","22.8151730353467"
"福建省2014","福建省","350102","鼓楼区","Gulou District","201412","2014","12","0.260419596352298","26.0419596352298"
"福建省2014","福建省","350103","台江区","Taijiang District","201412","2014","12","0.260419596352298","26.0419596352298"
"福建省2014","福建省","350104","仓山区","Cangshan District","201412","2014","12","0.254589264587638","25.4589264587638"
"福建省2014","福建省","350105","马尾区","Mawei District","201412","2014","12","0.247595533377542","24.7595533377542"
"福建省2014","福建省","350111","晋安区","Jin'an District","201412","2014","12","0.20934174218208","20.934174218208"
"福建省2014","福建省","350121","闽侯县","Minhou County","201412","2014","12","0.261786859338919","26.1786859338919"
"福建省2014","福建省","350122","连江县","Lianjiang County","201412","2014","12","0.263279503636372","26.3279503636372"
"福建省2014","福建省","350123","罗源县","Luoyuan County","201412","2014","12","0.25937662748426","25.937662748426"
"福建省2014","福建省","350124","闽清县","Minqing County","201412","2014","12","0.25892499907207","25.892499907207"
"福建省2014","福建省","350125","永泰县","Yongtai County","201412","2014","12","0.255812970051616","25.5812970051616"
"福建省2014","福建省","350128","平潭县","Pingtan County","201412","2014","12","0.253424019385605","25.3424019385605"
"福建省2014","福建省","350181","福清市","Fuqing City","201412","2014","12","0.261786859338919","26.1786859338919"
"福建省2014","福建省","350182","长乐市","Changle City","201412","2014","12","0.261786859338919","26.1786859338919"
"福建省2014","福建省","350203","思明区","Siming District","201412","2014","12","0.219808715329003","21.9808715329003"
"福建省2014","福建省","350205","海沧区","Haicang District","201412","2014","12","0.211637727752049","21.1637727752049"
"福建省2014","福建省","350206","湖里区","Huli District","201412","2014","12","0.210483736716356","21.0483736716356"
"福建省2014","福建省","350211","集美区","Jimei District","201412","2014","12","0.210370000901589","21.0370000901589"
"福建省2014","福建省","350212","同安区","Tong'an District","201412","2014","12","0.207222848434475","20.7222848434475"
"福建省2014","福建省","350213","翔安区","Xiang'an District","201412","2014","12","0.210436960441925","21.0436960441925"
"福建省2014","福建省","350302","城厢区","Chengxiang District","201412","2014","12","0.172379307920541","17.2379307920541"
"福建省2014","福建省","350303","涵江区","Hanjiang District","201412","2014","12","0.201062609215007","20.1062609215007"
"福建省2014","福建省","350304","荔城区","Licheng District","201412","2014","12","0.184724103790232","18.4724103790232"
"福建省2014","福建省","350305","秀屿区","Xiuyu District","201412","2014","12","0.193725383068819","19.3725383068819"
"福建省2014","福建省","350322","仙游县","Xianyou County","201412","2014","12","0.191856341895063","19.1856341895063"
"福建省2014","福建省","350402","梅列区","Melie district","201412","2014","12","0.235886191912947","23.5886191912947"
"福建省2014","福建省","350403","三元区","Sanyuan District","201412","2014","12","0.240585262758656","24.0585262758656"
"福建省2014","福建省","350421","明溪县","Mingxi County","201412","2014","12","0.211582410958389","21.1582410958389"
"福建省2014","福建省","350423","清流县","Qingliu County","201412","2014","12","0.215991274612457","21.5991274612457"
"福建省2014","福建省","350424","宁化县","Ninghua County","201412","2014","12","0.211189736781731","21.1189736781731"
"福建省2014","福建省","350425","大田县","Datian County","201412","2014","12","0.199019749824928","19.9019749824928"
"福建省2014","福建省","350426","尤溪县","Youxi County","201412","2014","12","0.201570018151164","20.1570018151164"
"福建省2014","福建省","350427","沙县","Sha County","201412","2014","12","0.211189736781731","21.1189736781731"
"福建省2014","福建省","350428","将乐县","Jiangle County","201412","2014","12","0.246799794166085","24.6799794166085"
"福建省2014","福建省","350429","泰宁县","Taining County","201412","2014","12","0.276663526455439","27.6663526455439"
"福建省2014","福建省","350430","建宁县","Jianning County","201412","2014","12","0.261539268595894","26.1539268595894"
"福建省2014","福建省","350481","永安市","Yong'an City","201412","2014","12","0.199623966586726","19.9623966586726"
"福建省2014","福建省","350502","鲤城区","Licheng District","201412","2014","12","0.216743601885365","21.6743601885365"
"福建省2014","福建省","350503","丰泽区","Fengze District","201412","2014","12","0.208020030158783","20.8020030158783"
"福建省2014","福建省","350504","洛江区","Luojiang District","201412","2014","12","0.21663752037005","21.663752037005"
"福建省2014","福建省","350505","泉港区","Quangang District","201412","2014","12","0.213103966915903","21.3103966915903"
"福建省2014","福建省","350521","惠安县","Hui'an County","201412","2014","12","0.21663752037005","21.663752037005"
"福建省2014","福建省","350524","安溪县","Anxi County","201412","2014","12","0.21663752037005","21.663752037005"
"福建省2014","福建省","350525","永春县","Yongchun County","201412","2014","12","0.21663752037005","21.663752037005"
"福建省2014","福建省","350526","德化县","Dehua County","201412","2014","12","0.214257367749387","21.4257367749387"
"福建省2014","福建省","350527","金门县","Kinmen County","201412","2014","12","0.208899875934373","20.8899875934373"
"福建省2014","福建省","350581","石狮市","Shishi City","201412","2014","12","0.211675599671417","21.1675599671417"
"福建省2014","福建省","350582","晋江市","Jinjiang City","201412","2014","12","0.211816186937293","21.1816186937293"
"福建省2014","福建省","350583","南安市","Nan'an City","201412","2014","12","0.216743601885365","21.6743601885365"
"福建省2014","福建省","350602","芗城区","Xiangcheng District","201412","2014","12","0.170850811588296","17.0850811588296"
"福建省2014","福建省","350603","龙文区","Longwen District","201412","2014","12","0.168604797999438","16.8604797999438"
"福建省2014","福建省","350622","云霄县","Yunxiao County","201412","2014","12","0.169544538301657","16.9544538301657"
"福建省2014","福建省","350623","漳浦县","Zhangpu County","201412","2014","12","0.172124529357759","17.2124529357759"
"福建省2014","福建省","350624","诏安县","Zhao'an County","201412","2014","12","0.150122658906833","15.0122658906833"
"福建省2014","福建省","350625","长泰县","Changtai County","201412","2014","12","0.163308922745138","16.3308922745138"
"福建省2014","福建省","350626","东山县","Dongshan County","201412","2014","12","0.142097148842626","14.2097148842626"
"福建省2014","福建省","350627","南靖县","Nanjing County","201412","2014","12","0.168661576551674","16.8661576551674"
"福建省2014","福建省","350628","平和县","Pinghe County","201412","2014","12","0.171236497734144","17.1236497734144"
"福建省2014","福建省","350629","华安县","Hua'an County","201412","2014","12","0.142182320336832","14.2182320336832"
"福建省2014","福建省","350681","龙海市","Longhai  City","201412","2014","12","0.171072326207959","17.1072326207959"
"福建省2014","福建省","350702","延平区","Yanping District","201412","2014","12","0.099429918093053","9.9429918093053"
"福建省2014","福建省","350721","顺昌县","Shunchang County","201412","2014","12","0.155099852462311","15.5099852462311"
"福建省2014","福建省","350722","浦城县","Pucheng County","201412","2014","12","0.104602323778458","10.4602323778458"
"福建省2014","福建省","350723","光泽县","Guangze County","201412","2014","12","0.131683409368834","13.1683409368834"
"福建省2014","福建省","350724","松溪县","Songxi County","201412","2014","12","0.138034837445408","13.8034837445408"
"福建省2014","福建省","350725","政和县","Zhenghe County","201412","2014","12","0.154495338766483","15.4495338766483"
"福建省2014","福建省","350781","邵武市","Shaowu City","201412","2014","12","0.0962098344123228","9.62098344123228"
"福建省2014","福建省","350782","武夷山市","Wuyishan City","201412","2014","12","0.132820404597134","13.2820404597134"
"福建省2014","福建省","350783","建瓯市","Jian'ou City","201412","2014","12","0.172846663755253","17.2846663755253"
"福建省2014","福建省","350784","建阳市","Jianyang City","201412","2014","12","0.0995335242416507","9.95335242416507"
"福建省2014","福建省","350802","新罗区","Xinluo District","201412","2014","12","0.137412734074126","13.7412734074126"
"福建省2014","福建省","350821","长汀县","Changting County","201412","2014","12","0.169414659906604","16.9414659906604"
"福建省2014","福建省","350822","永定县","Yongding County","201412","2014","12","0.156956591952453","15.6956591952453"
"福建省2014","福建省","350823","上杭县","Shanghang County","201412","2014","12","0.17076058854972","17.076058854972"
"福建省2014","福建省","350824","武平县","Wuping County","201412","2014","12","0.137499576280485","13.7499576280485"
"福建省2014","福建省","350825","连城县","Liancheng County","201412","2014","12","0.134573102618725","13.4573102618725"
"福建省2014","福建省","350881","漳平市","Zhangping City","201412","2014","12","0.132825404819573","13.2825404819573"
"福建省2014","福建省","350902","蕉城区","Jiaocheng District","201412","2014","12","0.219188148866268","21.9188148866268"
"福建省2014","福建省","350921","霞浦县","Xiapu County","201412","2014","12","0.227329748222372","22.7329748222372"
"福建省2014","福建省","350922","古田县","Gutian County","201412","2014","12","0.215028339546727","21.5028339546727"
"福建省2014","福建省","350923","屏南县","Pingnan County","201412","2014","12","0.22140750071187","22.140750071187"
"福建省2014","福建省","350924","寿宁县","Shouning County","201412","2014","12","0.212512439501593","21.2512439501593"
"福建省2014","福建省","350925","周宁县","Zhouning County","201412","2014","12","0.192032303718477","19.2032303718477"
"福建省2014","福建省","350926","柘荣县","Zherong County","201412","2014","12","0.239808706951909","23.9808706951909"
"福建省2014","福建省","350981","福安市","Fu'an City","201412","2014","12","0.219188148866268","21.9188148866268"
"福建省2014","福建省","350982","福鼎市","Fuding City","201412","2014","12","0.22793770323698","22.793770323698"
"福建省2015","福建省","350102","鼓楼区","Gulou District","201501","2015","1","0.260394297795036","26.0394297795036"
"福建省2015","福建省","350103","台江区","Taijiang District","201501","2015","1","0.260394297795036","26.0394297795036"
"福建省2015","福建省","350104","仓山区","Cangshan District","201501","2015","1","0.259031455533211","25.9031455533211"
"福建省2015","福建省","350105","马尾区","Mawei District","201501","2015","1","0.249765302223596","24.9765302223596"
"福建省2015","福建省","350111","晋安区","Jin'an District","201501","2015","1","0.207269071261667","20.7269071261667"
"福建省2015","福建省","350121","闽侯县","Minhou County","201501","2015","1","0.261761427919731","26.1761427919731"
"福建省2015","福建省","350122","连江县","Lianjiang County","201501","2015","1","0.263253927118445","26.3253927118445"
"福建省2015","福建省","350123","罗源县","Luoyuan County","201501","2015","1","0.259351429731455","25.9351429731455"
"福建省2015","福建省","350124","闽清县","Minqing County","201501","2015","1","0.259218851837061","25.9218851837061"
"福建省2015","福建省","350125","永泰县","Yongtai County","201501","2015","1","0.255788119360871","25.5788119360871"
"福建省2015","福建省","350128","平潭县","Pingtan County","201501","2015","1","0.256897655710822","25.6897655710822"
"福建省2015","福建省","350181","福清市","Fuqing City","201501","2015","1","0.261761427919731","26.1761427919731"
"福建省2015","福建省","350182","长乐市","Changle City","201501","2015","1","0.261761427919731","26.1761427919731"
"福建省2015","福建省","350203","思明区","Siming District","201501","2015","1","0.225112614449925","22.5112614449925"
"福建省2015","福建省","350205","海沧区","Haicang District","201501","2015","1","0.20370446278968","20.370446278968"
"福建省2015","福建省","350206","湖里区","Huli District","201501","2015","1","0.21295839468099","21.295839468099"
"福建省2015","福建省","350211","集美区","Jimei District","201501","2015","1","0.211193080436514","21.1193080436514"
"福建省2015","福建省","350212","同安区","Tong'an District","201501","2015","1","0.210553130205253","21.0553130205253"
"福建省2015","福建省","350213","翔安区","Xiang'an District","201501","2015","1","0.210416517646567","21.0416517646567"
"福建省2015","福建省","350302","城厢区","Chengxiang District","201501","2015","1","0.184308116024068","18.4308116024068"
"福建省2015","福建省","350303","涵江区","Hanjiang District","201501","2015","1","0.200027746060487","20.0027746060487"
"福建省2015","福建省","350304","荔城区","Licheng District","201501","2015","1","0.185337435211584","18.5337435211584"
"福建省2015","福建省","350305","秀屿区","Xiuyu District","201501","2015","1","0.19370656283837","19.370656283837"
"福建省2015","福建省","350322","仙游县","Xianyou County","201501","2015","1","0.191877639790337","19.1877639790337"
"福建省2015","福建省","350402","梅列区","Melie district","201501","2015","1","0.214488121409714","21.4488121409714"
"福建省2015","福建省","350403","三元区","Sanyuan District","201501","2015","1","0.242813962784767","24.2813962784767"
"福建省2015","福建省","350421","明溪县","Mingxi County","201501","2015","1","0.207642197896118","20.7642197896118"
"福建省2015","福建省","350423","清流县","Qingliu County","201501","2015","1","0.207642197896118","20.7642197896118"
"福建省2015","福建省","350424","宁化县","Ninghua County","201501","2015","1","0.204971221695587","20.4971221695587"
"福建省2015","福建省","350425","大田县","Datian County","201501","2015","1","0.206049313717824","20.6049313717824"
"福建省2015","福建省","350426","尤溪县","Youxi County","201501","2015","1","0.201550436437432","20.1550436437432"
"福建省2015","福建省","350427","沙县","Sha County","201501","2015","1","0.207989323972275","20.7989323972275"
"福建省2015","福建省","350428","将乐县","Jiangle County","201501","2015","1","0.248412453049114","24.8412453049114"
"福建省2015","福建省","350429","泰宁县","Taining County","201501","2015","1","0.281974718978887","28.1974718978887"
"福建省2015","福建省","350430","建宁县","Jianning County","201501","2015","1","0.265001723874366","26.5001723874366"
"福建省2015","福建省","350481","永安市","Yong'an City","201501","2015","1","0.19898529173806","19.898529173806"
"福建省2015","福建省","350502","鲤城区","Licheng District","201501","2015","1","0.216722545649469","21.6722545649469"
"福建省2015","福建省","350503","丰泽区","Fengze District","201501","2015","1","0.208284033355919","20.8284033355919"
"福建省2015","福建省","350504","洛江区","Luojiang District","201501","2015","1","0.216616474710524","21.6616474710524"
"福建省2015","福建省","350505","泉港区","Quangang District","201501","2015","1","0.213083264696942","21.3083264696942"
"福建省2015","福建省","350521","惠安县","Hui'an County","201501","2015","1","0.216616474710524","21.6616474710524"
"福建省2015","福建省","350524","安溪县","Anxi County","201501","2015","1","0.216616474710524","21.6616474710524"
"福建省2015","福建省","350525","永春县","Yongchun County","201501","2015","1","0.216616474710524","21.6616474710524"
"福建省2015","福建省","350526","德化县","Dehua County","201501","2015","1","0.214236553944596","21.4236553944596"
"福建省2015","福建省","350527","金门县","Kinmen County","201501","2015","1","0.200449300592466","20.0449300592466"
"福建省2015","福建省","350581","石狮市","Shishi City","201501","2015","1","0.211655036654586","21.1655036654586"
"福建省2015","福建省","350582","晋江市","Jinjiang City","201501","2015","1","0.211795610486672","21.1795610486672"
"福建省2015","福建省","350583","南安市","Nan'an City","201501","2015","1","0.216722545649469","21.6722545649469"
"福建省2015","福建省","350602","芗城区","Xiangcheng District","201501","2015","1","0.170834214259557","17.0834214259557"
"福建省2015","福建省","350603","龙文区","Longwen District","201501","2015","1","0.16858841901846","16.858841901846"
"福建省2015","福建省","350622","云霄县","Yunxiao County","201501","2015","1","0.169343004905772","16.9343004905772"
"福建省2015","福建省","350623","漳浦县","Zhangpu County","201501","2015","1","0.172107808609676","17.2107808609676"
"福建省2015","福建省","350624","诏安县","Zhao'an County","201501","2015","1","0.172900686194933","17.2900686194933"
"福建省2015","福建省","350625","长泰县","Changtai County","201501","2015","1","0.163293057907852","16.3293057907852"
"福建省2015","福建省","350626","东山县","Dongshan County","201501","2015","1","0.140432425267574","14.0432425267574"
"福建省2015","福建省","350627","南靖县","Nanjing County","201501","2015","1","0.168369062815879","16.8369062815879"
"福建省2015","福建省","350628","平和县","Pinghe County","201501","2015","1","0.174657983401835","17.4657983401835"
"福建省2015","福建省","350629","华安县","Hua'an County","201501","2015","1","0.120135889671685","12.0135889671685"
"福建省2015","福建省","350681","龙海市","Longhai  City","201501","2015","1","0.16952806829664","16.952806829664"
"福建省2015","福建省","350702","延平区","Yanping District","201501","2015","1","0.101656012588374","10.1656012588374"
"福建省2015","福建省","350721","顺昌县","Shunchang County","201501","2015","1","0.0993087948039602","9.93087948039602"
"福建省2015","福建省","350722","浦城县","Pucheng County","201501","2015","1","0.101802454939669","10.1802454939669"
"福建省2015","福建省","350723","光泽县","Guangze County","201501","2015","1","0.121842793022537","12.1842793022537"
"福建省2015","福建省","350724","松溪县","Songxi County","201501","2015","1","0.118926514186913","11.8926514186913"
"福建省2015","福建省","350725","政和县","Zhenghe County","201501","2015","1","0.122224165123713","12.2224165123713"
"福建省2015","福建省","350781","邵武市","Shaowu City","201501","2015","1","0.0912492400512377","9.12492400512377"
"福建省2015","福建省","350782","武夷山市","Wuyishan City","201501","2015","1","0.122224165123713","12.2224165123713"
"福建省2015","福建省","350783","建瓯市","Jian'ou City","201501","2015","1","0.171593272404355","17.1593272404355"
"福建省2015","福建省","350784","建阳市","Jianyang City","201501","2015","1","0.103279977809467","10.3279977809467"
"福建省2015","福建省","350802","新罗区","Xinluo District","201501","2015","1","0.137486218543545","13.7486218543545"
"福建省2015","福建省","350821","长汀县","Changting County","201501","2015","1","0.169398201278323","16.9398201278323"
"福建省2015","福建省","350822","永定县","Yongding County","201501","2015","1","0.155274660767411","15.5274660767411"
"福建省2015","福建省","350823","上杭县","Shanghang County","201501","2015","1","0.138813062572802","13.8813062572802"
"福建省2015","福建省","350824","武平县","Wuping County","201501","2015","1","0.138384013913355","13.8384013913355"
"福建省2015","福建省","350825","连城县","Liancheng County","201501","2015","1","0.134240065078335","13.4240065078335"
"福建省2015","福建省","350881","漳平市","Zhangping City","201501","2015","1","0.132812501223552","13.2812501223552"
"福建省2015","福建省","350902","蕉城区","Jiaocheng District","201501","2015","1","0.217474194983711","21.7474194983711"
"福建省2015","福建省","350921","霞浦县","Xiapu County","201501","2015","1","0.228928544527542","22.8928544527542"
"福建省2015","福建省","350922","古田县","Gutian County","201501","2015","1","0.214264426888024","21.4264426888024"
"福建省2015","福建省","350923","屏南县","Pingnan County","201501","2015","1","0.240067486621389","24.0067486621389"
"福建省2015","福建省","350924","寿宁县","Shouning County","201501","2015","1","0.196880968450091","19.6880968450091"
"福建省2015","福建省","350925","周宁县","Zhouning County","201501","2015","1","0.190872780869767","19.0872780869767"
"福建省2015","福建省","350926","柘荣县","Zherong County","201501","2015","1","0.229018839176847","22.9018839176847"
"福建省2015","福建省","350981","福安市","Fu'an City","201501","2015","1","0.219166855914567","21.9166855914567"
"福建省2015","福建省","350982","福鼎市","Fuding City","201501","2015","1","0.228290425399039","22.8290425399039"
"福建省2015","福建省","350102","鼓楼区","Gulou District","201502","2015","2","0.260394297795036","26.0394297795036"
"福建省2015","福建省","350103","台江区","Taijiang District","201502","2015","2","0.260394297795036","26.0394297795036"
"福建省2015","福建省","350104","仓山区","Cangshan District","201502","2015","2","0.257313015134123","25.7313015134123"
"福建省2015","福建省","350105","马尾区","Mawei District","201502","2015","2","0.254471952789026","25.4471952789026"
"福建省2015","福建省","350111","晋安区","Jin'an District","201502","2015","2","0.21355924407972","21.355924407972"
"福建省2015","福建省","350121","闽侯县","Minhou County","201502","2015","2","0.261761427919731","26.1761427919731"
"福建省2015","福建省","350122","连江县","Lianjiang County","201502","2015","2","0.263253927118445","26.3253927118445"
"福建省2015","福建省","350123","罗源县","Luoyuan County","201502","2015","2","0.259351429731455","25.9351429731455"
"福建省2015","福建省","350124","闽清县","Minqing County","201502","2015","2","0.263062296160121","26.3062296160121"
"福建省2015","福建省","350125","永泰县","Yongtai County","201502","2015","2","0.256511995746775","25.6511995746775"
"福建省2015","福建省","350128","平潭县","Pingtan County","201502","2015","2","0.263253927118445","26.3253927118445"
"福建省2015","福建省","350181","福清市","Fuqing City","201502","2015","2","0.260815104657302","26.0815104657302"
"福建省2015","福建省","350182","长乐市","Changle City","201502","2015","2","0.260815104657302","26.0815104657302"
"福建省2015","福建省","350203","思明区","Siming District","201502","2015","2","0.226073895693547","22.6073895693547"
"福建省2015","福建省","350205","海沧区","Haicang District","201502","2015","2","0.200622064587207","20.0622064587207"
"福建省2015","福建省","350206","湖里区","Huli District","201502","2015","2","0.206460244000788","20.6460244000788"
"福建省2015","福建省","350211","集美区","Jimei District","201502","2015","2","0.20370446278968","20.370446278968"
"福建省2015","福建省","350212","同安区","Tong'an District","201502","2015","2","0.210377615886831","21.0377615886831"
"福建省2015","福建省","350213","翔安区","Xiang'an District","201502","2015","2","0.210416517646567","21.0416517646567"
"福建省2015","福建省","350302","城厢区","Chengxiang District","201502","2015","2","0.209516777418117","20.9516777418117"
"福建省2015","福建省","350303","涵江区","Hanjiang District","201502","2015","2","0.182853372769788","18.2853372769788"
"福建省2015","福建省","350304","荔城区","Licheng District","201502","2015","2","0.191221200460397","19.1221200460397"
"福建省2015","福建省","350305","秀屿区","Xiuyu District","201502","2015","2","0.19371429732101","19.371429732101"
"福建省2015","福建省","350322","仙游县","Xianyou County","201502","2015","2","0.193563023096857","19.3563023096857"
"福建省2015","福建省","350402","梅列区","Melie district","201502","2015","2","0.21697673408682","21.697673408682"
"福建省2015","福建省","350403","三元区","Sanyuan District","201502","2015","2","0.242871145298335","24.2871145298335"
"福建省2015","福建省","350421","明溪县","Mingxi County","201502","2015","2","0.242654928391163","24.2654928391163"
"福建省2015","福建省","350423","清流县","Qingliu County","201502","2015","2","0.207642197896118","20.7642197896118"
"福建省2015","福建省","350424","宁化县","Ninghua County","201502","2015","2","0.2049560976675","20.49560976675"
"福建省2015","福建省","350425","大田县","Datian County","201502","2015","2","0.199836191245213","19.9836191245213"
"福建省2015","福建省","350426","尤溪县","Youxi County","201502","2015","2","0.204965064199741","20.4965064199741"
"福建省2015","福建省","350427","沙县","Sha County","201502","2015","2","0.247418023891695","24.7418023891695"
"福建省2015","福建省","350428","将乐县","Jiangle County","201502","2015","2","0.243905522035702","24.3905522035702"
"福建省2015","福建省","350429","泰宁县","Taining County","201502","2015","2","0.274184333579362","27.4184333579362"
"福建省2015","福建省","350430","建宁县","Jianning County","201502","2015","2","0.263123617920003","26.3123617920003"
"福建省2015","福建省","350481","永安市","Yong'an City","201502","2015","2","0.19898529173806","19.898529173806"
"福建省2015","福建省","350502","鲤城区","Licheng District","201502","2015","2","0.216722545649469","21.6722545649469"
"福建省2015","福建省","350503","丰泽区","Fengze District","201502","2015","2","0.208284033355919","20.8284033355919"
"福建省2015","福建省","350504","洛江区","Luojiang District","201502","2015","2","0.216616474710524","21.6616474710524"
"福建省2015","福建省","350505","泉港区","Quangang District","201502","2015","2","0.213083264696942","21.3083264696942"
"福建省2015","福建省","350521","惠安县","Hui'an County","201502","2015","2","0.216616474710524","21.6616474710524"
"福建省2015","福建省","350524","安溪县","Anxi County","201502","2015","2","0.216616474710524","21.6616474710524"
"福建省2015","福建省","350525","永春县","Yongchun County","201502","2015","2","0.216616474710524","21.6616474710524"
"福建省2015","福建省","350526","德化县","Dehua County","201502","2015","2","0.214479232855296","21.4479232855296"
"福建省2015","福建省","350527","金门县","Kinmen County","201502","2015","2","0.211574989208589","21.1574989208589"
"福建省2015","福建省","350581","石狮市","Shishi City","201502","2015","2","0.208576980440767","20.8576980440767"
"福建省2015","福建省","350582","晋江市","Jinjiang City","201502","2015","2","0.208717554272853","20.8717554272853"
"福建省2015","福建省","350583","南安市","Nan'an City","201502","2015","2","0.216616474710524","21.6616474710524"
"福建省2015","福建省","350602","芗城区","Xiangcheng District","201502","2015","2","0.170834214259557","17.0834214259557"
"福建省2015","福建省","350603","龙文区","Longwen District","201502","2015","2","0.16858841901846","16.858841901846"
"福建省2015","福建省","350622","云霄县","Yunxiao County","201502","2015","2","0.1675383026869","16.75383026869"
"福建省2015","福建省","350623","漳浦县","Zhangpu County","201502","2015","2","0.172107808609676","17.2107808609676"
"福建省2015","福建省","350624","诏安县","Zhao'an County","201502","2015","2","0.17082502296771","17.082502296771"
"福建省2015","福建省","350625","长泰县","Changtai County","201502","2015","2","0.163293057907852","16.3293057907852"
"福建省2015","福建省","350626","东山县","Dongshan County","201502","2015","2","0.146961476265503","14.6961476265503"
"福建省2015","福建省","350627","南靖县","Nanjing County","201502","2015","2","0.158238563870294","15.8238563870294"
"福建省2015","福建省","350628","平和县","Pinghe County","201502","2015","2","0.17082502296771","17.082502296771"
"福建省2015","福建省","350629","华安县","Hua'an County","201502","2015","2","0.145948598472586","14.5948598472586"
"福建省2015","福建省","350681","龙海市","Longhai  City","201502","2015","2","0.17082502296771","17.082502296771"
"福建省2015","福建省","350702","延平区","Yanping District","201502","2015","2","0.100648270323132","10.0648270323132"
"福建省2015","福建省","350721","顺昌县","Shunchang County","201502","2015","2","0.124451416321152","12.4451416321152"
"福建省2015","福建省","350722","浦城县","Pucheng County","201502","2015","2","0.100648270323132","10.0648270323132"
"福建省2015","福建省","350723","光泽县","Guangze County","201502","2015","2","0.115238589751113","11.5238589751113"
"福建省2015","福建省","350724","松溪县","Songxi County","201502","2015","2","0.112307326330098","11.2307326330098"
"福建省2015","福建省","350725","政和县","Zhenghe County","201502","2015","2","0.126333529418224","12.6333529418224"
"福建省2015","福建省","350781","邵武市","Shaowu City","201502","2015","2","0.104343509078714","10.4343509078714"
"福建省2015","福建省","350782","武夷山市","Wuyishan City","201502","2015","2","0.125144390554558","12.5144390554558"
"福建省2015","福建省","350783","建瓯市","Jian'ou City","201502","2015","2","0.150705556659768","15.0705556659768"
"福建省2015","福建省","350784","建阳市","Jianyang City","201502","2015","2","0.102596652643598","10.2596652643598"
"福建省2015","福建省","350802","新罗区","Xinluo District","201502","2015","2","0.137147904878755","13.7147904878755"
"福建省2015","福建省","350821","长汀县","Changting County","201502","2015","2","0.153061280448575","15.3061280448575"
"福建省2015","福建省","350822","永定县","Yongding County","201502","2015","2","0.155274660767411","15.5274660767411"
"福建省2015","福建省","350823","上杭县","Shanghang County","201502","2015","2","0.137145306841175","13.7145306841175"
"福建省2015","福建省","350824","武平县","Wuping County","201502","2015","2","0.140304626955028","14.0304626955028"
"福建省2015","福建省","350825","连城县","Liancheng County","201502","2015","2","0.134326898429692","13.4326898429692"
"福建省2015","福建省","350881","漳平市","Zhangping City","201502","2015","2","0.132812501223552","13.2812501223552"
"福建省2015","福建省","350902","蕉城区","Jiaocheng District","201502","2015","2","0.217474194983711","21.7474194983711"
"福建省2015","福建省","350921","霞浦县","Xiapu County","201502","2015","2","0.22812956632438","22.812956632438"
"福建省2015","福建省","350922","古田县","Gutian County","201502","2015","2","0.203028935406094","20.3028935406094"
"福建省2015","福建省","350923","屏南县","Pingnan County","201502","2015","2","0.230765911197709","23.0765911197709"
"福建省2015","福建省","350924","寿宁县","Shouning County","201502","2015","2","0.19428306480865","19.428306480865"
"福建省2015","福建省","350925","周宁县","Zhouning County","201502","2015","2","0.193385379525179","19.3385379525179"
"福建省2015","福建省","350926","柘荣县","Zherong County","201502","2015","2","0.230357099159368","23.0357099159368"
"福建省2015","福建省","350981","福安市","Fu'an City","201502","2015","2","0.219166855914567","21.9166855914567"
"福建省2015","福建省","350982","福鼎市","Fuding City","201502","2015","2","0.228290425399039","22.8290425399039"
"福建省2015","福建省","350102","鼓楼区","Gulou District","201503","2015","3","0.260394297795036","26.0394297795036"
"福建省2015","福建省","350103","台江区","Taijiang District","201503","2015","3","0.260394297795036","26.0394297795036"
"福建省2015","福建省","350104","仓山区","Cangshan District","201503","2015","3","0.259031455533211","25.9031455533211"
"福建省2015","福建省","350105","马尾区","Mawei District","201503","2015","3","0.249765302223596","24.9765302223596"
"福建省2015","福建省","350111","晋安区","Jin'an District","201503","2015","3","0.219419847162991","21.9419847162991"
"福建省2015","福建省","350121","闽侯县","Minhou County","201503","2015","3","0.262620187591427","26.2620187591427"
"福建省2015","福建省","350122","连江县","Lianjiang County","201503","2015","3","0.263253927118445","26.3253927118445"
"福建省2015","福建省","350123","罗源县","Luoyuan County","201503","2015","3","0.255309009856546","25.5309009856546"
"福建省2015","福建省","350124","闽清县","Minqing County","201503","2015","3","0.259218851837061","25.9218851837061"
"福建省2015","福建省","350125","永泰县","Yongtai County","201503","2015","3","0.255788119360871","25.5788119360871"
"福建省2015","福建省","350128","平潭县","Pingtan County","201503","2015","3","0.263678015470973","26.3678015470973"
"福建省2015","福建省","350181","福清市","Fuqing City","201503","2015","3","0.260815104657302","26.0815104657302"
"福建省2015","福建省","350182","长乐市","Changle City","201503","2015","3","0.261080565935678","26.1080565935678"
"福建省2015","福建省","350203","思明区","Siming District","201503","2015","3","0.144167399686904","14.4167399686904"
"福建省2015","福建省","350205","海沧区","Haicang District","201503","2015","3","0.20370446278968","20.370446278968"
"福建省2015","福建省","350206","湖里区","Huli District","201503","2015","3","0.207506592627426","20.7506592627426"
"福建省2015","福建省","350211","集美区","Jimei District","201503","2015","3","0.20370446278968","20.370446278968"
"福建省2015","福建省","350212","同安区","Tong'an District","201503","2015","3","0.225936189610569","22.5936189610569"
"福建省2015","福建省","350213","翔安区","Xiang'an District","201503","2015","3","0.210416517646567","21.0416517646567"
"福建省2015","福建省","350302","城厢区","Chengxiang District","201503","2015","3","0.208468897673993","20.8468897673993"
"福建省2015","福建省","350303","涵江区","Hanjiang District","201503","2015","3","0.220698817395955","22.0698817395955"
"福建省2015","福建省","350304","荔城区","Licheng District","201503","2015","3","0.191837704136409","19.1837704136409"
"福建省2015","福建省","350305","秀屿区","Xiuyu District","201503","2015","3","0.192451348319788","19.2451348319788"
"福建省2015","福建省","350322","仙游县","Xianyou County","201503","2015","3","0.185557362028351","18.5557362028351"
"福建省2015","福建省","350402","梅列区","Melie district","201503","2015","3","0.233066904646129","23.3066904646129"
"福建省2015","福建省","350403","三元区","Sanyuan District","201503","2015","3","0.246155698713056","24.6155698713056"
"福建省2015","福建省","350421","明溪县","Mingxi County","201503","2015","3","0.207356011947204","20.7356011947204"
"福建省2015","福建省","350423","清流县","Qingliu County","201503","2015","3","0.215609558092817","21.5609558092817"
"福建省2015","福建省","350424","宁化县","Ninghua County","201503","2015","3","0.204971221695587","20.4971221695587"
"福建省2015","福建省","350425","大田县","Datian County","201503","2015","3","0.207141224327655","20.7141224327655"
"福建省2015","福建省","350426","尤溪县","Youxi County","201503","2015","3","0.203361227348189","20.3361227348189"
"福建省2015","福建省","350427","沙县","Sha County","201503","2015","3","0.243422264111202","24.3422264111202"
"福建省2015","福建省","350428","将乐县","Jiangle County","201503","2015","3","0.244629399338993","24.4629399338993"
"福建省2015","福建省","350429","泰宁县","Taining County","201503","2015","3","0.273154152048864","27.3154152048864"
"福建省2015","福建省","350430","建宁县","Jianning County","201503","2015","3","0.253225645172584","25.3225645172584"
"福建省2015","福建省","350481","永安市","Yong'an City","201503","2015","3","0.199149400194466","19.9149400194466"
"福建省2015","福建省","350502","鲤城区","Licheng District","201503","2015","3","0.216722545649469","21.6722545649469"
"福建省2015","福建省","350503","丰泽区","Fengze District","201503","2015","3","0.212799052963025","21.2799052963025"
"福建省2015","福建省","350504","洛江区","Luojiang District","201503","2015","3","0.216616474710524","21.6616474710524"
"福建省2015","福建省","350505","泉港区","Quangang District","201503","2015","3","0.213083264696942","21.3083264696942"
"福建省2015","福建省","350521","惠安县","Hui'an County","201503","2015","3","0.216616474710524","21.6616474710524"
"福建省2015","福建省","350524","安溪县","Anxi County","201503","2015","3","0.216616474710524","21.6616474710524"
"福建省2015","福建省","350525","永春县","Yongchun County","201503","2015","3","0.216616474710524","21.6616474710524"
"福建省2015","福建省","350526","德化县","Dehua County","201503","2015","3","0.214479232855296","21.4479232855296"
"福建省2015","福建省","350527","金门县","Kinmen County","201503","2015","3","0.22860381001256","22.860381001256"
"福建省2015","福建省","350581","石狮市","Shishi City","201503","2015","3","0.211795610486672","21.1795610486672"
"福建省2015","福建省","350582","晋江市","Jinjiang City","201503","2015","3","0.213083264696942","21.3083264696942"
"福建省2015","福建省","350583","南安市","Nan'an City","201503","2015","3","0.216722545649469","21.6722545649469"
"福建省2015","福建省","350602","芗城区","Xiangcheng District","201503","2015","3","0.172376937597884","17.2376937597884"
"福建省2015","福建省","350603","龙文区","Longwen District","201503","2015","3","0.16858841901846","16.858841901846"
"福建省2015","福建省","350622","云霄县","Yunxiao County","201503","2015","3","0.16952806829664","16.952806829664"
"福建省2015","福建省","350623","漳浦县","Zhangpu County","201503","2015","3","0.171055707971871","17.1055707971871"
"福建省2015","福建省","350624","诏安县","Zhao'an County","201503","2015","3","0.172537726033809","17.2537726033809"
"福建省2015","福建省","350625","长泰县","Changtai County","201503","2015","3","0.174604376859484","17.4604376859484"
"福建省2015","福建省","350626","东山县","Dongshan County","201503","2015","3","0.146347093586272","14.6347093586272"
"福建省2015","福建省","350627","南靖县","Nanjing County","201503","2015","3","0.147974852199099","14.7974852199099"
"福建省2015","福建省","350628","平和县","Pinghe County","201503","2015","3","0.17082502296771","17.082502296771"
"福建省2015","福建省","350629","华安县","Hua'an County","201503","2015","3","0.141584309997031","14.1584309997031"
"福建省2015","福建省","350681","龙海市","Longhai  City","201503","2015","3","0.16952806829664","16.952806829664"
"福建省2015","福建省","350702","延平区","Yanping District","201503","2015","3","0.100648270323132","10.0648270323132"
"福建省2015","福建省","350721","顺昌县","Shunchang County","201503","2015","3","0.101802454939669","10.1802454939669"
"福建省2015","福建省","350722","浦城县","Pucheng County","201503","2015","3","0.101656012588374","10.1656012588374"
"福建省2015","福建省","350723","光泽县","Guangze County","201503","2015","3","0.117695696635632","11.7695696635632"
"福建省2015","福建省","350724","松溪县","Songxi County","201503","2015","3","0.159279560466127","15.9279560466127"
"福建省2015","福建省","350725","政和县","Zhenghe County","201503","2015","3","0.122224165123713","12.2224165123713"
"福建省2015","福建省","350781","邵武市","Shaowu City","201503","2015","3","0.0978198422201065","9.78198422201065"
"福建省2015","福建省","350782","武夷山市","Wuyishan City","201503","2015","3","0.132807501469029","13.2807501469029"
"福建省2015","福建省","350783","建瓯市","Jian'ou City","201503","2015","3","0.0934210627774297","9.34210627774297"
"福建省2015","福建省","350784","建阳市","Jianyang City","201503","2015","3","0.0975154314779152","9.75154314779152"
"福建省2015","福建省","350802","新罗区","Xinluo District","201503","2015","3","0.137486218543545","13.7486218543545"
"福建省2015","福建省","350821","长汀县","Changting County","201503","2015","3","0.167126687116481","16.7126687116481"
"福建省2015","福建省","350822","永定县","Yongding County","201503","2015","3","0.155274660767411","15.5274660767411"
"福建省2015","福建省","350823","上杭县","Shanghang County","201503","2015","3","0.140505109772323","14.0505109772323"
"福建省2015","福建省","350824","武平县","Wuping County","201503","2015","3","0.134878662165022","13.4878662165022"
"福建省2015","福建省","350825","连城县","Liancheng County","201503","2015","3","0.135079145899704","13.5079145899704"
"福建省2015","福建省","350881","漳平市","Zhangping City","201503","2015","3","0.132293384509179","13.2293384509179"
"福建省2015","福建省","350902","蕉城区","Jiaocheng District","201503","2015","3","0.217474194983711","21.7474194983711"
"福建省2015","福建省","350921","霞浦县","Xiapu County","201503","2015","3","0.226222899386975","22.6222899386975"
"福建省2015","福建省","350922","古田县","Gutian County","201503","2015","3","0.203568863025304","20.3568863025304"
"福建省2015","福建省","350923","屏南县","Pingnan County","201503","2015","3","0.215025749141843","21.5025749141843"
"福建省2015","福建省","350924","寿宁县","Shouning County","201503","2015","3","0.193645894257428","19.3645894257428"
"福建省2015","福建省","350925","周宁县","Zhouning County","201503","2015","3","0.196648018419523","19.6648018419523"
"福建省2015","福建省","350926","柘荣县","Zherong County","201503","2015","3","0.214388168519011","21.4388168519011"
"福建省2015","福建省","350981","福安市","Fu'an City","201503","2015","3","0.219166855914567","21.9166855914567"
"福建省2015","福建省","350982","福鼎市","Fuding City","201503","2015","3","0.227307663558689","22.7307663558689"
"福建省2015","福建省","350102","鼓楼区","Gulou District","201504","2015","4","0.260394297795036","26.0394297795036"
"福建省2015","福建省","350103","台江区","Taijiang District","201504","2015","4","0.260394297795036","26.0394297795036"
"福建省2015","福建省","350104","仓山区","Cangshan District","201504","2015","4","0.256616510798808","25.6616510798808"
"福建省2015","福建省","350105","马尾区","Mawei District","201504","2015","4","0.249765302223596","24.9765302223596"
"福建省2015","福建省","350111","晋安区","Jin'an District","201504","2015","4","0.222763818761331","22.2763818761331"
"福建省2015","福建省","350121","闽侯县","Minhou County","201504","2015","4","0.262620187591427","26.2620187591427"
"福建省2015","福建省","350122","连江县","Lianjiang County","201504","2015","4","0.259351429731455","25.9351429731455"
"福建省2015","福建省","350123","罗源县","Luoyuan County","201504","2015","4","0.256208974844603","25.6208974844603"
"福建省2015","福建省","350124","闽清县","Minqing County","201504","2015","4","0.255401590632139","25.5401590632139"
"福建省2015","福建省","350125","永泰县","Yongtai County","201504","2015","4","0.255788119360871","25.5788119360871"
"福建省2015","福建省","350128","平潭县","Pingtan County","201504","2015","4","0.25909147643953","25.909147643953"
"福建省2015","福建省","350181","福清市","Fuqing City","201504","2015","4","0.261691847849717","26.1691847849717"
"福建省2015","福建省","350182","长乐市","Changle City","201504","2015","4","0.261761427919731","26.1761427919731"
"福建省2015","福建省","350203","思明区","Siming District","201504","2015","4","0.141139428170002","14.1139428170002"
"福建省2015","福建省","350205","海沧区","Haicang District","201504","2015","4","0.207202717638747","20.7202717638747"
"福建省2015","福建省","350206","湖里区","Huli District","201504","2015","4","0.226426960927646","22.6426960927646"
"福建省2015","福建省","350211","集美区","Jimei District","201504","2015","4","0.200979496579386","20.0979496579386"
"福建省2015","福建省","350212","同安区","Tong'an District","201504","2015","4","0.207848819861537","20.7848819861537"
"福建省2015","福建省","350213","翔安区","Xiang'an District","201504","2015","4","0.210567706553808","21.0567706553808"
"福建省2015","福建省","350302","城厢区","Chengxiang District","201504","2015","4","0.208059962705908","20.8059962705908"
"福建省2015","福建省","350303","涵江区","Hanjiang District","201504","2015","4","0.185212623908345","18.5212623908345"
"福建省2015","福建省","350304","荔城区","Licheng District","201504","2015","4","0.191389787595993","19.1389787595993"
"福建省2015","福建省","350305","秀屿区","Xiuyu District","201504","2015","4","0.191436778866809","19.1436778866809"
"福建省2015","福建省","350322","仙游县","Xianyou County","201504","2015","4","0.188351281733918","18.8351281733918"
"福建省2015","福建省","350402","梅列区","Melie district","201504","2015","4","0.241550169788286","24.1550169788286"
"福建省2015","福建省","350403","三元区","Sanyuan District","201504","2015","4","0.239075043604987","23.9075043604987"
"福建省2015","福建省","350421","明溪县","Mingxi County","201504","2015","4","0.206583238879447","20.6583238879447"
"福建省2015","福建省","350423","清流县","Qingliu County","201504","2015","4","0.207657321924205","20.7657321924205"
"福建省2015","福建省","350424","宁化县","Ninghua County","201504","2015","4","0.198201436645599","19.8201436645599"
"福建省2015","福建省","350425","大田县","Datian County","201504","2015","4","0.207126099382182","20.7126099382182"
"福建省2015","福建省","350426","尤溪县","Youxi County","201504","2015","4","0.205392693662812","20.5392693662812"
"福建省2015","福建省","350427","沙县","Sha County","201504","2015","4","0.243422264111202","24.3422264111202"
"福建省2015","福建省","350428","将乐县","Jiangle County","201504","2015","4","0.244005973067085","24.4005973067085"
"福建省2015","福建省","350429","泰宁县","Taining County","201504","2015","4","0.252403096567043","25.2403096567043"
"福建省2015","福建省","350430","建宁县","Jianning County","201504","2015","4","0.268634109752581","26.8634109752581"
"福建省2015","福建省","350481","永安市","Yong'an City","201504","2015","4","0.207126099382182","20.7126099382182"
"福建省2015","福建省","350502","鲤城区","Licheng District","201504","2015","4","0.216722545649469","21.6722545649469"
"福建省2015","福建省","350503","丰泽区","Fengze District","201504","2015","4","0.207999822539388","20.7999822539388"
"福建省2015","福建省","350504","洛江区","Luojiang District","201504","2015","4","0.211817244286887","21.1817244286887"
"福建省2015","福建省","350505","泉港区","Quangang District","201504","2015","4","0.211795610486672","21.1795610486672"
"福建省2015","福建省","350521","惠安县","Hui'an County","201504","2015","4","0.216616474710524","21.6616474710524"
"福建省2015","福建省","350524","安溪县","Anxi County","201504","2015","4","0.216616474710524","21.6616474710524"
"福建省2015","福建省","350525","永春县","Yongchun County","201504","2015","4","0.216594840910309","21.6594840910309"
"福建省2015","福建省","350526","德化县","Dehua County","201504","2015","4","0.214342790930435","21.4342790930435"
"福建省2015","福建省","350527","金门县","Kinmen County","201504","2015","4","0.209682423413712","20.9682423413712"
"福建省2015","福建省","350581","石狮市","Shishi City","201504","2015","4","0.211795610486672","21.1795610486672"
"福建省2015","福建省","350582","晋江市","Jinjiang City","201504","2015","4","0.213083264696942","21.3083264696942"
"福建省2015","福建省","350583","南安市","Nan'an City","201504","2015","4","0.216722545649469","21.6722545649469"
"福建省2015","福建省","350602","芗城区","Xiangcheng District","201504","2015","4","0.176753331901088","17.6753331901088"
"福建省2015","福建省","350603","龙文区","Longwen District","201504","2015","4","0.16858841901846","16.858841901846"
"福建省2015","福建省","350622","云霄县","Yunxiao County","201504","2015","4","0.16952806829664","16.952806829664"
"福建省2015","福建省","350623","漳浦县","Zhangpu County","201504","2015","4","0.171055707971871","17.1055707971871"
"福建省2015","福建省","350624","诏安县","Zhao'an County","201504","2015","4","0.172107808609676","17.2107808609676"
"福建省2015","福建省","350625","长泰县","Changtai County","201504","2015","4","0.163293057907852","16.3293057907852"
"福建省2015","福建省","350626","东山县","Dongshan County","201504","2015","4","0.142615652938396","14.2615652938396"
"福建省2015","福建省","350627","南靖县","Nanjing County","201504","2015","4","0.152412011408792","15.2412011408792"
"福建省2015","福建省","350628","平和县","Pinghe County","201504","2015","4","0.16952806829664","16.952806829664"
"福建省2015","福建省","350629","华安县","Hua'an County","201504","2015","4","0.142295775983084","14.2295775983084"
"福建省2015","福建省","350681","龙海市","Longhai  City","201504","2015","4","0.17082502296771","17.082502296771"
"福建省2015","福建省","350702","延平区","Yanping District","201504","2015","4","0.101656012588374","10.1656012588374"
"福建省2015","福建省","350721","顺昌县","Shunchang County","201504","2015","4","0.100061816547884","10.0061816547884"
"福建省2015","福建省","350722","浦城县","Pucheng County","201504","2015","4","0.102339337754244","10.2339337754244"
"福建省2015","福建省","350723","光泽县","Guangze County","201504","2015","4","0.121859761914173","12.1859761914173"
"福建省2015","福建省","350724","松溪县","Songxi County","201504","2015","4","0.129551763153312","12.9551763153312"
"福建省2015","福建省","350725","政和县","Zhenghe County","201504","2015","4","0.126333529418224","12.6333529418224"
"福建省2015","福建省","350781","邵武市","Shaowu City","201504","2015","4","0.0906800689136904","9.06800689136904"
"福建省2015","福建省","350782","武夷山市","Wuyishan City","201504","2015","4","0.132807501469029","13.2807501469029"
"福建省2015","福建省","350783","建瓯市","Jian'ou City","201504","2015","4","0.0986020212480699","9.86020212480699"
"福建省2015","福建省","350784","建阳市","Jianyang City","201504","2015","4","0.125404667683794","12.5404667683794"
"福建省2015","福建省","350802","新罗区","Xinluo District","201504","2015","4","0.138384013913355","13.8384013913355"
"福建省2015","福建省","350821","长汀县","Changting County","201504","2015","4","0.140304626955028","14.0304626955028"
"福建省2015","福建省","350822","永定县","Yongding County","201504","2015","4","0.137719349299184","13.7719349299184"
"福建省2015","福建省","350823","上杭县","Shanghang County","201504","2015","4","0.134326898429692","13.4326898429692"
"福建省2015","福建省","350824","武平县","Wuping County","201504","2015","4","0.134878662165022","13.4878662165022"
"福建省2015","福建省","350825","连城县","Liancheng County","201504","2015","4","0.137145306841175","13.7145306841175"
"福建省2015","福建省","350881","漳平市","Zhangping City","201504","2015","4","0.138384013913355","13.8384013913355"
"福建省2015","福建省","350902","蕉城区","Jiaocheng District","201504","2015","4","0.217474194983711","21.7474194983711"
"福建省2015","福建省","350921","霞浦县","Xiapu County","201504","2015","4","0.22812956632438","22.812956632438"
"福建省2015","福建省","350922","古田县","Gutian County","201504","2015","4","0.203934945051501","20.3934945051501"
"福建省2015","福建省","350923","屏南县","Pingnan County","201504","2015","4","0.242735233622669","24.2735233622669"
"福建省2015","福建省","350924","寿宁县","Shouning County","201504","2015","4","0.209881262275025","20.9881262275025"
"福建省2015","福建省","350925","周宁县","Zhouning County","201504","2015","4","0.239491640582206","23.9491640582206"
"福建省2015","福建省","350926","柘荣县","Zherong County","201504","2015","4","0.225532511265129","22.5532511265129"
"福建省2015","福建省","350981","福安市","Fu'an City","201504","2015","4","0.225615002627833","22.5615002627833"
"福建省2015","福建省","350982","福鼎市","Fuding City","201504","2015","4","0.227255348696039","22.7255348696039"
"福建省2015","福建省","350102","鼓楼区","Gulou District","201505","2015","5","0.260394297795036","26.0394297795036"
"福建省2015","福建省","350103","台江区","Taijiang District","201505","2015","5","0.260394297795036","26.0394297795036"
"福建省2015","福建省","350104","仓山区","Cangshan District","201505","2015","5","0.257313015134123","25.7313015134123"
"福建省2015","福建省","350105","马尾区","Mawei District","201505","2015","5","0.249765302223596","24.9765302223596"
"福建省2015","福建省","350111","晋安区","Jin'an District","201505","2015","5","0.23490570060392","23.490570060392"
"福建省2015","福建省","350121","闽侯县","Minhou County","201505","2015","5","0.262620187591427","26.2620187591427"
"福建省2015","福建省","350122","连江县","Lianjiang County","201505","2015","5","0.255593221590463","25.5593221590463"
"福建省2015","福建省","350123","罗源县","Luoyuan County","201505","2015","5","0.255309009856546","25.5309009856546"
"福建省2015","福建省","350124","闽清县","Minqing County","201505","2015","5","0.255401590632139","25.5401590632139"
"福建省2015","福建省","350125","永泰县","Yongtai County","201505","2015","5","0.254097051929759","25.4097051929759"
"福建省2015","福建省","350128","平潭县","Pingtan County","201505","2015","5","0.25909147643953","25.909147643953"
"福建省2015","福建省","350181","福清市","Fuqing City","201505","2015","5","0.261691847849717","26.1691847849717"
"福建省2015","福建省","350182","长乐市","Changle City","201505","2015","5","0.261761427919731","26.1761427919731"
"福建省2015","福建省","350203","思明区","Siming District","201505","2015","5","0.136195978221715","13.6195978221715"
"福建省2015","福建省","350205","海沧区","Haicang District","201505","2015","5","0.207202717638747","20.7202717638747"
"福建省2015","福建省","350206","湖里区","Huli District","201505","2015","5","0.233995478321308","23.3995478321308"
"福建省2015","福建省","350211","集美区","Jimei District","201505","2015","5","0.200622064587207","20.0622064587207"
"福建省2015","福建省","350212","同安区","Tong'an District","201505","2015","5","0.210377615886831","21.0377615886831"
"福建省2015","福建省","350213","翔安区","Xiang'an District","201505","2015","5","0.210416517646567","21.0416517646567"
"福建省2015","福建省","350302","城厢区","Chengxiang District","201505","2015","5","0.211661007003657","21.1661007003657"
"福建省2015","福建省","350303","涵江区","Hanjiang District","201505","2015","5","0.192902205082818","19.2902205082818"
"福建省2015","福建省","350304","荔城区","Licheng District","201505","2015","5","0.190877396239493","19.0877396239493"
"福建省2015","福建省","350305","秀屿区","Xiuyu District","201505","2015","5","0.191529586236781","19.1529586236781"
"福建省2015","福建省","350322","仙游县","Xianyou County","201505","2015","5","0.199523380915423","19.9523380915423"
"福建省2015","福建省","350402","梅列区","Melie district","201505","2015","5","0.238663364734924","23.8663364734924"
"福建省2015","福建省","350403","三元区","Sanyuan District","201505","2015","5","0.238098827314826","23.8098827314826"
"福建省2015","福建省","350421","明溪县","Mingxi County","201505","2015","5","0.209167956012353","20.9167956012353"
"福建省2015","福建省","350423","清流县","Qingliu County","201505","2015","5","0.215609558092817","21.5609558092817"
"福建省2015","福建省","350424","宁化县","Ninghua County","201505","2015","5","0.211169220140111","21.1169220140111"
"福建省2015","福建省","350425","大田县","Datian County","201505","2015","5","0.206049313717824","20.6049313717824"
"福建省2015","福建省","350426","尤溪县","Youxi County","201505","2015","5","0.202688767703893","20.2688767703893"
"福建省2015","福建省","350427","沙县","Sha County","201505","2015","5","0.244912552409292","24.4912552409292"
"福建省2015","福建省","350428","将乐县","Jiangle County","201505","2015","5","0.244005973067085","24.4005973067085"
"福建省2015","福建省","350429","泰宁县","Taining County","201505","2015","5","0.266195911114021","26.6195911114021"
"福建省2015","福建省","350430","建宁县","Jianning County","201505","2015","5","0.264043213136921","26.4043213136921"
"福建省2015","福建省","350481","永安市","Yong'an City","201505","2015","5","0.198805595056175","19.8805595056175"
"福建省2015","福建省","350502","鲤城区","Licheng District","201505","2015","5","0.216722545649469","21.6722545649469"
"福建省2015","福建省","350503","丰泽区","Fengze District","201505","2015","5","0.207999822539388","20.7999822539388"
"福建省2015","福建省","350504","洛江区","Luojiang District","201505","2015","5","0.211817244286887","21.1817244286887"
"福建省2015","福建省","350505","泉港区","Quangang District","201505","2015","5","0.208284033355919","20.8284033355919"
"福建省2015","福建省","350521","惠安县","Hui'an County","201505","2015","5","0.216616474710524","21.6616474710524"
"福建省2015","福建省","350524","安溪县","Anxi County","201505","2015","5","0.216616474710524","21.6616474710524"
"福建省2015","福建省","350525","永春县","Yongchun County","201505","2015","5","0.216594840910309","21.6594840910309"
"福建省2015","福建省","350526","德化县","Dehua County","201505","2015","5","0.21423671999149","21.423671999149"
"福建省2015","福建省","350527","金门县","Kinmen County","201505","2015","5","0.200620863728735","20.0620863728735"
"福建省2015","福建省","350581","石狮市","Shishi City","201505","2015","5","0.211655036654586","21.1655036654586"
"福建省2015","福建省","350582","晋江市","Jinjiang City","201505","2015","5","0.211795610486672","21.1795610486672"
"福建省2015","福建省","350583","南安市","Nan'an City","201505","2015","5","0.216722545649469","21.6722545649469"
"福建省2015","福建省","350602","芗城区","Xiangcheng District","201505","2015","5","0.176753331901088","17.6753331901088"
"福建省2015","福建省","350603","龙文区","Longwen District","201505","2015","5","0.16858841901846","16.858841901846"
"福建省2015","福建省","350622","云霄县","Yunxiao County","201505","2015","5","0.171762554918653","17.1762554918653"
"福建省2015","福建省","350623","漳浦县","Zhangpu County","201505","2015","5","0.16952806829664","16.952806829664"
"福建省2015","福建省","350624","诏安县","Zhao'an County","201505","2015","5","0.169343004905772","16.9343004905772"
"福建省2015","福建省","350625","长泰县","Changtai County","201505","2015","5","0.157671366947744","15.7671366947744"
"福建省2015","福建省","350626","东山县","Dongshan County","201505","2015","5","0.17127856125046","17.127856125046"
"福建省2015","福建省","350627","南靖县","Nanjing County","201505","2015","5","0.158133457104194","15.8133457104194"
"福建省2015","福建省","350628","平和县","Pinghe County","201505","2015","5","0.17082502296771","17.082502296771"
"福建省2015","福建省","350629","华安县","Hua'an County","201505","2015","5","0.138091121871676","13.8091121871676"
"福建省2015","福建省","350681","龙海市","Longhai  City","201505","2015","5","0.169343004905772","16.9343004905772"
"福建省2015","福建省","350702","延平区","Yanping District","201505","2015","5","0.0986020212480699","9.86020212480699"
"福建省2015","福建省","350721","顺昌县","Shunchang County","201505","2015","5","0.109022760989357","10.9022760989357"
"福建省2015","福建省","350722","浦城县","Pucheng County","201505","2015","5","0.126333529418224","12.6333529418224"
"福建省2015","福建省","350723","光泽县","Guangze County","201505","2015","5","0.117696671817111","11.7696671817111"
"福建省2015","福建省","350724","松溪县","Songxi County","201505","2015","5","0.103255592768185","10.3255592768185"
"福建省2015","福建省","350725","政和县","Zhenghe County","201505","2015","5","0.126333529418224","12.6333529418224"
"福建省2015","福建省","350781","邵武市","Shaowu City","201505","2015","5","0.092346752220907","9.2346752220907"
"福建省2015","福建省","350782","武夷山市","Wuyishan City","201505","2015","5","0.132807501469029","13.2807501469029"
"福建省2015","福建省","350783","建瓯市","Jian'ou City","201505","2015","5","0.0986020212480699","9.86020212480699"
"福建省2015","福建省","350784","建阳市","Jianyang City","201505","2015","5","0.099792931584393","9.9792931584393"
"福建省2015","福建省","350802","新罗区","Xinluo District","201505","2015","5","0.137486218543545","13.7486218543545"
"福建省2015","福建省","350821","长汀县","Changting County","201505","2015","5","0.155274660767411","15.5274660767411"
"福建省2015","福建省","350822","永定县","Yongding County","201505","2015","5","0.138238465096171","13.8238465096171"
"福建省2015","福建省","350823","上杭县","Shanghang County","201505","2015","5","0.135224693799501","13.5224693799501"
"福建省2015","福建省","350824","武平县","Wuping County","201505","2015","5","0.134878662165022","13.4878662165022"
"福建省2015","福建省","350825","连城县","Liancheng County","201505","2015","5","0.13654154841096","13.654154841096"
"福建省2015","福建省","350881","漳平市","Zhangping City","201505","2015","5","0.134878662165022","13.4878662165022"
"福建省2015","福建省","350902","蕉城区","Jiaocheng District","201505","2015","5","0.217474194983711","21.7474194983711"
"福建省2015","福建省","350921","霞浦县","Xiapu County","201505","2015","5","0.226222899386975","22.6222899386975"
"福建省2015","福建省","350922","古田县","Gutian County","201505","2015","5","0.203942542843604","20.3942542843604"
"福建省2015","福建省","350923","屏南县","Pingnan County","201505","2015","5","0.229986313694375","22.9986313694375"
"福建省2015","福建省","350924","寿宁县","Shouning County","201505","2015","5","0.224727711329453","22.4727711329453"
"福建省2015","福建省","350925","周宁县","Zhouning County","201505","2015","5","0.240542255971833","24.0542255971833"
"福建省2015","福建省","350926","柘荣县","Zherong County","201505","2015","5","0.232160536302738","23.2160536302738"
"福建省2015","福建省","350981","福安市","Fu'an City","201505","2015","5","0.227255348696039","22.7255348696039"
"福建省2015","福建省","350982","福鼎市","Fuding City","201505","2015","5","0.227307663558689","22.7307663558689"
"福建省2015","福建省","350102","鼓楼区","Gulou District","201506","2015","6","0.260394297795036","26.0394297795036"
"福建省2015","福建省","350103","台江区","Taijiang District","201506","2015","6","0.260394297795036","26.0394297795036"
"福建省2015","福建省","350104","仓山区","Cangshan District","201506","2015","6","0.257313015134123","25.7313015134123"
"福建省2015","福建省","350105","马尾区","Mawei District","201506","2015","6","0.254564532647233","25.4564532647233"
"福建省2015","福建省","350111","晋安区","Jin'an District","201506","2015","6","0.217212793139054","21.7212793139054"
"福建省2015","福建省","350121","闽侯县","Minhou County","201506","2015","6","0.262620187591427","26.2620187591427"
"福建省2015","福建省","350122","连江县","Lianjiang County","201506","2015","6","0.256493187495906","25.6493187495906"
"福建省2015","福建省","350123","罗源县","Luoyuan County","201506","2015","6","0.255593221590463","25.5593221590463"
"福建省2015","福建省","350124","闽清县","Minqing County","201506","2015","6","0.255593221590463","25.5593221590463"
"福建省2015","福建省","350125","永泰县","Yongtai County","201506","2015","6","0.254097051929759","25.4097051929759"
"福建省2015","福建省","350128","平潭县","Pingtan County","201506","2015","6","0.25909147643953","25.909147643953"
"福建省2015","福建省","350181","福清市","Fuqing City","201506","2015","6","0.261691847849717","26.1691847849717"
"福建省2015","福建省","350182","长乐市","Changle City","201506","2015","6","0.262689767661441","26.2689767661441"
"福建省2015","福建省","350203","思明区","Siming District","201506","2015","6","0.142756370800108","14.2756370800108"
"福建省2015","福建省","350205","海沧区","Haicang District","201506","2015","6","0.20370446278968","20.370446278968"
"福建省2015","福建省","350206","湖里区","Huli District","201506","2015","6","0.227548137990468","22.7548137990468"
"福建省2015","福建省","350211","集美区","Jimei District","201506","2015","6","0.200979496579386","20.0979496579386"
"福建省2015","福建省","350212","同安区","Tong'an District","201506","2015","6","0.214362812883182","21.4362812883182"
"福建省2015","福建省","350213","翔安区","Xiang'an District","201506","2015","6","0.210345637640377","21.0345637640377"
"福建省2015","福建省","350302","城厢区","Chengxiang District","201506","2015","6","0.209755409738505","20.9755409738505"
"福建省2015","福建省","350303","涵江区","Hanjiang District","201506","2015","6","0.193611251004205","19.3611251004205"
"福建省2015","福建省","350304","荔城区","Licheng District","201506","2015","6","0.191389787595993","19.1389787595993"
"福建省2015","福建省","350305","秀屿区","Xiuyu District","201506","2015","6","0.193288546664775","19.3288546664775"
"福建省2015","福建省","350322","仙游县","Xianyou County","201506","2015","6","0.20591262685086","20.591262685086"
"福建省2015","福建省","350402","梅列区","Melie district","201506","2015","6","0.261027327265173","26.1027327265173"
"福建省2015","福建省","350403","三元区","Sanyuan District","201506","2015","6","0.238098827314826","23.8098827314826"
"福建省2015","福建省","350421","明溪县","Mingxi County","201506","2015","6","0.244244866842526","24.4244866842526"
"福建省2015","福建省","350423","清流县","Qingliu County","201506","2015","6","0.238055825756381","23.8055825756381"
"福建省2015","福建省","350424","宁化县","Ninghua County","201506","2015","6","0.2049560976675","20.49560976675"
"福建省2015","福建省","350425","大田县","Datian County","201506","2015","6","0.2049560976675","20.49560976675"
"福建省2015","福建省","350426","尤溪县","Youxi County","201506","2015","6","0.205778165562698","20.5778165562698"
"福建省2015","福建省","350427","沙县","Sha County","201506","2015","6","0.238758153658983","23.8758153658983"
"福建省2015","福建省","350428","将乐县","Jiangle County","201506","2015","6","0.234605978622347","23.4605978622347"
"福建省2015","福建省","350429","泰宁县","Taining County","201506","2015","6","0.237864584687171","23.7864584687171"
"福建省2015","福建省","350430","建宁县","Jianning County","201506","2015","6","0.267157355652378","26.7157355652378"
"福建省2015","福建省","350481","永安市","Yong'an City","201506","2015","6","0.199836191245213","19.9836191245213"
"福建省2015","福建省","350502","鲤城区","Licheng District","201506","2015","6","0.216722545649469","21.6722545649469"
"福建省2015","福建省","350503","丰泽区","Fengze District","201506","2015","6","0.214611585072697","21.4611585072697"
"福建省2015","福建省","350504","洛江区","Luojiang District","201506","2015","6","0.211817244286887","21.1817244286887"
"福建省2015","福建省","350505","泉港区","Quangang District","201506","2015","6","0.211795610486672","21.1795610486672"
"福建省2015","福建省","350521","惠安县","Hui'an County","201506","2015","6","0.216616474710524","21.6616474710524"
"福建省2015","福建省","350524","安溪县","Anxi County","201506","2015","6","0.216616474710524","21.6616474710524"
"福建省2015","福建省","350525","永春县","Yongchun County","201506","2015","6","0.216594840910309","21.6594840910309"
"福建省2015","福建省","350526","德化县","Dehua County","201506","2015","6","0.209437488650467","20.9437488650467"
"福建省2015","福建省","350527","金门县","Kinmen County","201506","2015","6","0.203683934439777","20.3683934439777"
"福建省2015","福建省","350581","石狮市","Shishi City","201506","2015","6","0.211655036654586","21.1655036654586"
"福建省2015","福建省","350582","晋江市","Jinjiang City","201506","2015","6","0.211655036654586","21.1655036654586"
"福建省2015","福建省","350583","南安市","Nan'an City","201506","2015","6","0.216722545649469","21.6722545649469"
"福建省2015","福建省","350602","芗城区","Xiangcheng District","201506","2015","6","0.176753331901088","17.6753331901088"
"福建省2015","福建省","350603","龙文区","Longwen District","201506","2015","6","0.16858841901846","16.858841901846"
"福建省2015","福建省","350622","云霄县","Yunxiao County","201506","2015","6","0.171762554918653","17.1762554918653"
"福建省2015","福建省","350623","漳浦县","Zhangpu County","201506","2015","6","0.16952806829664","16.952806829664"
"福建省2015","福建省","350624","诏安县","Zhao'an County","201506","2015","6","0.163132116268439","16.3132116268439"
"福建省2015","福建省","350625","长泰县","Changtai County","201506","2015","6","0.17082502296771","17.082502296771"
"福建省2015","福建省","350626","东山县","Dongshan County","201506","2015","6","0.146827429635881","14.6827429635881"
"福建省2015","福建省","350627","南靖县","Nanjing County","201506","2015","6","0.148455946927055","14.8455946927055"
"福建省2015","福建省","350628","平和县","Pinghe County","201506","2015","6","0.17082502296771","17.082502296771"
"福建省2015","福建省","350629","华安县","Hua'an County","201506","2015","6","0.135393111218659","13.5393111218659"
"福建省2015","福建省","350681","龙海市","Longhai  City","201506","2015","6","0.171762554918653","17.1762554918653"
"福建省2015","福建省","350702","延平区","Yanping District","201506","2015","6","0.101656012588374","10.1656012588374"
"福建省2015","福建省","350721","顺昌县","Shunchang County","201506","2015","6","0.126620120851817","12.6620120851817"
"福建省2015","福建省","350722","浦城县","Pucheng County","201506","2015","6","0.126870412232798","12.6870412232798"
"福建省2015","福建省","350723","光泽县","Guangze County","201506","2015","6","0.117696671817111","11.7696671817111"
"福建省2015","福建省","350724","松溪县","Songxi County","201506","2015","6","0.138057790480649","13.8057790480649"
"福建省2015","福建省","350725","政和县","Zhenghe County","201506","2015","6","0.125141519135906","12.5141519135906"
"福建省2015","福建省","350781","邵武市","Shaowu City","201506","2015","6","0.0926276365952542","9.26276365952542"
"福建省2015","福建省","350782","武夷山市","Wuyishan City","201506","2015","6","0.132807501469029","13.2807501469029"
"福建省2015","福建省","350783","建瓯市","Jian'ou City","201506","2015","6","0.0986020212480699","9.86020212480699"
"福建省2015","福建省","350784","建阳市","Jianyang City","201506","2015","6","0.123082034930842","12.3082034930842"
"福建省2015","福建省","350802","新罗区","Xinluo District","201506","2015","6","0.137399385192188","13.7399385192188"
"福建省2015","福建省","350821","长汀县","Changting County","201506","2015","6","0.161855574356617","16.1855574356617"
"福建省2015","福建省","350822","永定县","Yongding County","201506","2015","6","0.137719349299184","13.7719349299184"
"福建省2015","福建省","350823","上杭县","Shanghang County","201506","2015","6","0.13998599305795","13.998599305795"
"福建省2015","福建省","350824","武平县","Wuping County","201506","2015","6","0.134878662165022","13.4878662165022"
"福建省2015","福建省","350825","连城县","Liancheng County","201506","2015","6","0.13654154841096","13.654154841096"
"福建省2015","福建省","350881","漳平市","Zhangping City","201506","2015","6","0.134878662165022","13.4878662165022"
"福建省2015","福建省","350902","蕉城区","Jiaocheng District","201506","2015","6","0.227255348696039","22.7255348696039"
"福建省2015","福建省","350921","霞浦县","Xiapu County","201506","2015","6","0.227235884514072","22.7235884514072"
"福建省2015","福建省","350922","古田县","Gutian County","201506","2015","6","0.22862953260285","22.862953260285"
"福建省2015","福建省","350923","屏南县","Pingnan County","201506","2015","6","0.210903870782846","21.0903870782846"
"福建省2015","福建省","350924","寿宁县","Shouning County","201506","2015","6","0.197141482264954","19.7141482264954"
"福建省2015","福建省","350925","周宁县","Zhouning County","201506","2015","6","0.194852457953646","19.4852457953646"
"福建省2015","福建省","350926","柘荣县","Zherong County","201506","2015","6","0.233377064647329","23.3377064647329"
"福建省2015","福建省","350981","福安市","Fu'an City","201506","2015","6","0.227255348696039","22.7255348696039"
"福建省2015","福建省","350982","福鼎市","Fuding City","201506","2015","6","0.227307663558689","22.7307663558689"
"福建省2015","福建省","350102","鼓楼区","Gulou District","201507","2015","7","0.260394297795036","26.0394297795036"
"福建省2015","福建省","350103","台江区","Taijiang District","201507","2015","7","0.260394297795036","26.0394297795036"
"福建省2015","福建省","350104","仓山区","Cangshan District","201507","2015","7","0.255401590632139","25.5401590632139"
"福建省2015","福建省","350105","马尾区","Mawei District","201507","2015","7","0.24941220763314","24.941220763314"
"福建省2015","福建省","350111","晋安区","Jin'an District","201507","2015","7","0.2455214582932","24.55214582932"
"福建省2015","福建省","350121","闽侯县","Minhou County","201507","2015","7","0.263470661431406","26.3470661431406"
"福建省2015","福建省","350122","连江县","Lianjiang County","201507","2015","7","0.256290872658467","25.6290872658467"
"福建省2015","福建省","350123","罗源县","Luoyuan County","201507","2015","7","0.256290872658467","25.6290872658467"
"福建省2015","福建省","350124","闽清县","Minqing County","201507","2015","7","0.255593221590463","25.5593221590463"
"福建省2015","福建省","350125","永泰县","Yongtai County","201507","2015","7","0.255763735236975","25.5763735236975"
"福建省2015","福建省","350128","平潭县","Pingtan County","201507","2015","7","0.257157609002746","25.7157609002746"
"福建省2015","福建省","350181","福清市","Fuqing City","201507","2015","7","0.261691847849717","26.1691847849717"
"福建省2015","福建省","350182","长乐市","Changle City","201507","2015","7","0.261761427919731","26.1761427919731"
"福建省2015","福建省","350203","思明区","Siming District","201507","2015","7","0.145636267935753","14.5636267935753"
"福建省2015","福建省","350205","海沧区","Haicang District","201507","2015","7","0.210345637640377","21.0345637640377"
"福建省2015","福建省","350206","湖里区","Huli District","201507","2015","7","0.22243197175152","22.243197175152"
"福建省2015","福建省","350211","集美区","Jimei District","201507","2015","7","0.204863951732943","20.4863951732943"
"福建省2015","福建省","350212","同安区","Tong'an District","201507","2015","7","0.21264587974954","21.264587974954"
"福建省2015","福建省","350213","翔安区","Xiang'an District","201507","2015","7","0.210553130205253","21.0553130205253"
"福建省2015","福建省","350302","城厢区","Chengxiang District","201507","2015","7","0.194519356876967","19.4519356876967"
"福建省2015","福建省","350303","涵江区","Hanjiang District","201507","2015","7","0.17517183707186","17.517183707186"
"福建省2015","福建省","350304","荔城区","Licheng District","201507","2015","7","0.186412139326766","18.6412139326766"
"福建省2015","福建省","350305","秀屿区","Xiuyu District","201507","2015","7","0.19370656283837","19.370656283837"
"福建省2015","福建省","350322","仙游县","Xianyou County","201507","2015","7","0.204531020372701","20.4531020372701"
"福建省2015","福建省","350402","梅列区","Melie district","201507","2015","7","0.276776234763217","27.6776234763217"
"福建省2015","福建省","350403","三元区","Sanyuan District","201507","2015","7","0.242811761975391","24.2811761975391"
"福建省2015","福建省","350421","明溪县","Mingxi County","201507","2015","7","0.242811761975391","24.2811761975391"
"福建省2015","福建省","350423","清流县","Qingliu County","201507","2015","7","0.207371136892677","20.7371136892677"
"福建省2015","福建省","350424","宁化县","Ninghua County","201507","2015","7","0.2049560976675","20.49560976675"
"福建省2015","福建省","350425","大田县","Datian County","201507","2015","7","0.207141224327655","20.7141224327655"
"福建省2015","福建省","350426","尤溪县","Youxi County","201507","2015","7","0.204614489669042","20.4614489669042"
"福建省2015","福建省","350427","沙县","Sha County","201507","2015","7","0.233241471304657","23.3241471304657"
"福建省2015","福建省","350428","将乐县","Jiangle County","201507","2015","7","0.211123880164367","21.1123880164367"
"福建省2015","福建省","350429","泰宁县","Taining County","201507","2015","7","0.26410620637437","26.410620637437"
"福建省2015","福建省","350430","建宁县","Jianning County","201507","2015","7","0.23213909148407","23.213909148407"
"福建省2015","福建省","350481","永安市","Yong'an City","201507","2015","7","0.198805595056175","19.8805595056175"
"福建省2015","福建省","350502","鲤城区","Licheng District","201507","2015","7","0.216722545649469","21.6722545649469"
"福建省2015","福建省","350503","丰泽区","Fengze District","201507","2015","7","0.212799052963025","21.2799052963025"
"福建省2015","福建省","350504","洛江区","Luojiang District","201507","2015","7","0.216616474710524","21.6616474710524"
"福建省2015","福建省","350505","泉港区","Quangang District","201507","2015","7","0.211795610486672","21.1795610486672"
"福建省2015","福建省","350521","惠安县","Hui'an County","201507","2015","7","0.216616474710524","21.6616474710524"
"福建省2015","福建省","350524","安溪县","Anxi County","201507","2015","7","0.216616474710524","21.6616474710524"
"福建省2015","福建省","350525","永春县","Yongchun County","201507","2015","7","0.216616474710524","21.6616474710524"
"福建省2015","福建省","350526","德化县","Dehua County","201507","2015","7","0.211795610486672","21.1795610486672"
"福建省2015","福建省","350527","金门县","Kinmen County","201507","2015","7","0.203527355888899","20.3527355888899"
"福建省2015","福建省","350581","石狮市","Shishi City","201507","2015","7","0.211655036654586","21.1655036654586"
"福建省2015","福建省","350582","晋江市","Jinjiang City","201507","2015","7","0.211795610486672","21.1795610486672"
"福建省2015","福建省","350583","南安市","Nan'an City","201507","2015","7","0.216722545649469","21.6722545649469"
"福建省2015","福建省","350602","芗城区","Xiangcheng District","201507","2015","7","0.176753331901088","17.6753331901088"
"福建省2015","福建省","350603","龙文区","Longwen District","201507","2015","7","0.16858841901846","16.858841901846"
"福建省2015","福建省","350622","云霄县","Yunxiao County","201507","2015","7","0.171762554918653","17.1762554918653"
"福建省2015","福建省","350623","漳浦县","Zhangpu County","201507","2015","7","0.16952806829664","16.952806829664"
"福建省2015","福建省","350624","诏安县","Zhao'an County","201507","2015","7","0.171055707971871","17.1055707971871"
"福建省2015","福建省","350625","长泰县","Changtai County","201507","2015","7","0.170834214259557","17.0834214259557"
"福建省2015","福建省","350626","东山县","Dongshan County","201507","2015","7","0.143086031678722","14.3086031678722"
"福建省2015","福建省","350627","南靖县","Nanjing County","201507","2015","7","0.149703745295992","14.9703745295992"
"福建省2015","福建省","350628","平和县","Pinghe County","201507","2015","7","0.16952806829664","16.952806829664"
"福建省2015","福建省","350629","华安县","Hua'an County","201507","2015","7","0.155347512236439","15.5347512236439"
"福建省2015","福建省","350681","龙海市","Longhai  City","201507","2015","7","0.170834214259557","17.0834214259557"
"福建省2015","福建省","350702","延平区","Yanping District","201507","2015","7","0.100648270323132","10.0648270323132"
"福建省2015","福建省","350721","顺昌县","Shunchang County","201507","2015","7","0.126082159191129","12.6082159191129"
"福建省2015","福建省","350722","浦城县","Pucheng County","201507","2015","7","0.101656012588374","10.1656012588374"
"福建省2015","福建省","350723","光泽县","Guangze County","201507","2015","7","0.129551763153312","12.9551763153312"
"福建省2015","福建省","350724","松溪县","Songxi County","201507","2015","7","0.144010153278909","14.4010153278909"
"福建省2015","福建省","350725","政和县","Zhenghe County","201507","2015","7","0.122224165123713","12.2224165123713"
"福建省2015","福建省","350781","邵武市","Shaowu City","201507","2015","7","0.0906800689136904","9.06800689136904"
"福建省2015","福建省","350782","武夷山市","Wuyishan City","201507","2015","7","0.132546987654166","13.2546987654166"
"福建省2015","福建省","350783","建瓯市","Jian'ou City","201507","2015","7","0.101656012588374","10.1656012588374"
"福建省2015","福建省","350784","建阳市","Jianyang City","201507","2015","7","0.146037383104286","14.6037383104286"
"福建省2015","福建省","350802","新罗区","Xinluo District","201507","2015","7","0.137486218543545","13.7486218543545"
"福建省2015","福建省","350821","长汀县","Changting County","201507","2015","7","0.163675235474069","16.3675235474069"
"福建省2015","福建省","350822","永定县","Yongding County","201507","2015","7","0.138384013913355","13.8384013913355"
"福建省2015","福建省","350823","上杭县","Shanghang County","201507","2015","7","0.134326898429692","13.4326898429692"
"福建省2015","福建省","350824","武平县","Wuping County","201507","2015","7","0.134878662165022","13.4878662165022"
"福建省2015","福建省","350825","连城县","Liancheng County","201507","2015","7","0.136603611418852","13.6603611418852"
"福建省2015","福建省","350881","漳平市","Zhangping City","201507","2015","7","0.134878662165022","13.4878662165022"
"福建省2015","福建省","350902","蕉城区","Jiaocheng District","201507","2015","7","0.227255348696039","22.7255348696039"
"福建省2015","福建省","350921","霞浦县","Xiapu County","201507","2015","7","0.226436905393524","22.6436905393524"
"福建省2015","福建省","350922","古田县","Gutian County","201507","2015","7","0.219437426116418","21.9437426116418"
"福建省2015","福建省","350923","屏南县","Pingnan County","201507","2015","7","0.215090682651002","21.5090682651002"
"福建省2015","福建省","350924","寿宁县","Shouning County","201507","2015","7","0.196132951047621","19.6132951047621"
"福建省2015","福建省","350925","周宁县","Zhouning County","201507","2015","7","0.194235954277635","19.4235954277635"
"福建省2015","福建省","350926","柘荣县","Zherong County","201507","2015","7","0.214241918818808","21.4241918818808"
"福建省2015","福建省","350981","福安市","Fu'an City","201507","2015","7","0.227255348696039","22.7255348696039"
"福建省2015","福建省","350982","福鼎市","Fuding City","201507","2015","7","0.227307663558689","22.7307663558689"
"福建省2015","福建省","350102","鼓楼区","Gulou District","201508","2015","8","0.260394297795036","26.0394297795036"
"福建省2015","福建省","350103","台江区","Taijiang District","201508","2015","8","0.260394297795036","26.0394297795036"
"福建省2015","福建省","350104","仓山区","Cangshan District","201508","2015","8","0.25600666092455","25.600666092455"
"福建省2015","福建省","350105","马尾区","Mawei District","201508","2015","8","0.256625670899526","25.6625670899526"
"福建省2015","福建省","350111","晋安区","Jin'an District","201508","2015","8","0.229222827326625","22.9222827326625"
"福建省2015","福建省","350121","闽侯县","Minhou County","201508","2015","8","0.263470661431406","26.3470661431406"
"福建省2015","福建省","350122","连江县","Lianjiang County","201508","2015","8","0.256290872658467","25.6290872658467"
"福建省2015","福建省","350123","罗源县","Luoyuan County","201508","2015","8","0.25600666092455","25.600666092455"
"福建省2015","福建省","350124","闽清县","Minqing County","201508","2015","8","0.255309009856546","25.5309009856546"
"福建省2015","福建省","350125","永泰县","Yongtai County","201508","2015","8","0.254097051929759","25.4097051929759"
"福建省2015","福建省","350128","平潭县","Pingtan County","201508","2015","8","0.259351429731455","25.9351429731455"
"福建省2015","福建省","350181","福清市","Fuqing City","201508","2015","8","0.261691847849717","26.1691847849717"
"福建省2015","福建省","350182","长乐市","Changle City","201508","2015","8","0.259410482795385","25.9410482795385"
"福建省2015","福建省","350203","思明区","Siming District","201508","2015","8","0.234625946449311","23.4625946449311"
"福建省2015","福建省","350205","海沧区","Haicang District","201508","2015","8","0.20424567016257","20.424567016257"
"福建省2015","福建省","350206","湖里区","Huli District","201508","2015","8","0.221784009069616","22.1784009069616"
"福建省2015","福建省","350211","集美区","Jimei District","201508","2015","8","0.199838628740217","19.9838628740217"
"福建省2015","福建省","350212","同安区","Tong'an District","201508","2015","8","0.210971404164356","21.0971404164356"
"福建省2015","福建省","350213","翔安区","Xiang'an District","201508","2015","8","0.210287669844264","21.0287669844264"
"福建省2015","福建省","350302","城厢区","Chengxiang District","201508","2015","8","0.208468897673993","20.8468897673993"
"福建省2015","福建省","350303","涵江区","Hanjiang District","201508","2015","8","0.19138297141689","19.138297141689"
"福建省2015","福建省","350304","荔城区","Licheng District","201508","2015","8","0.187372447223681","18.7372447223681"
"福建省2015","福建省","350305","秀屿区","Xiuyu District","201508","2015","8","0.191259358219965","19.1259358219965"
"福建省2015","福建省","350322","仙游县","Xianyou County","201508","2015","8","0.206960284587536","20.6960284587536"
"福建省2015","福建省","350402","梅列区","Melie district","201508","2015","8","0.265033526900065","26.5033526900065"
"福建省2015","福建省","350403","三元区","Sanyuan District","201508","2015","8","0.247795949373102","24.7795949373102"
"福建省2015","福建省","350421","明溪县","Mingxi County","201508","2015","8","0.254870031409399","25.4870031409399"
"福建省2015","福建省","350423","清流县","Qingliu County","201508","2015","8","0.23323430835359","23.323430835359"
"福建省2015","福建省","350424","宁化县","Ninghua County","201508","2015","8","0.212246005804469","21.2246005804469"
"福建省2015","福建省","350425","大田县","Datian County","201508","2015","8","0.206049313717824","20.6049313717824"
"福建省2015","福建省","350426","尤溪县","Youxi County","201508","2015","8","0.202401910228316","20.2401910228316"
"福建省2015","福建省","350427","沙县","Sha County","201508","2015","8","0.208287601988047","20.8287601988047"
"福建省2015","福建省","350428","将乐县","Jiangle County","201508","2015","8","0.244629399338993","24.4629399338993"
"福建省2015","福建省","350429","泰宁县","Taining County","201508","2015","8","0.218084040271038","21.8084040271038"
"福建省2015","福建省","350430","建宁县","Jianning County","201508","2015","8","0.242245660411905","24.2245660411905"
"福建省2015","福建省","350481","永安市","Yong'an City","201508","2015","8","0.206034189689738","20.6034189689738"
"福建省2015","福建省","350502","鲤城区","Licheng District","201508","2015","8","0.216722545649469","21.6722545649469"
"福建省2015","福建省","350503","丰泽区","Fengze District","201508","2015","8","0.213083264696942","21.3083264696942"
"福建省2015","福建省","350504","洛江区","Luojiang District","201508","2015","8","0.211817244286887","21.1817244286887"
"福建省2015","福建省","350505","泉港区","Quangang District","201508","2015","8","0.211795610486672","21.1795610486672"
"福建省2015","福建省","350521","惠安县","Hui'an County","201508","2015","8","0.216616474710524","21.6616474710524"
"福建省2015","福建省","350524","安溪县","Anxi County","201508","2015","8","0.211817244286887","21.1817244286887"
"福建省2015","福建省","350525","永春县","Yongchun County","201508","2015","8","0.216616474710524","21.6616474710524"
"福建省2015","福建省","350526","德化县","Dehua County","201508","2015","8","0.208284033355919","20.8284033355919"
"福建省2015","福建省","350527","金门县","Kinmen County","201508","2015","8","0.211957637393901","21.1957637393901"
"福建省2015","福建省","350581","石狮市","Shishi City","201508","2015","8","0.208576980440767","20.8576980440767"
"福建省2015","福建省","350582","晋江市","Jinjiang City","201508","2015","8","0.211795610486672","21.1795610486672"
"福建省2015","福建省","350583","南安市","Nan'an City","201508","2015","8","0.216722545649469","21.6722545649469"
"福建省2015","福建省","350602","芗城区","Xiangcheng District","201508","2015","8","0.18520621596608","18.520621596608"
"福建省2015","福建省","350603","龙文区","Longwen District","201508","2015","8","0.16858841901846","16.858841901846"
"福建省2015","福建省","350622","云霄县","Yunxiao County","201508","2015","8","0.17463359927794","17.463359927794"
"福建省2015","福建省","350623","漳浦县","Zhangpu County","201508","2015","8","0.17082502296771","17.082502296771"
"福建省2015","福建省","350624","诏安县","Zhao'an County","201508","2015","8","0.161216135109443","16.1216135109443"
"福建省2015","福建省","350625","长泰县","Changtai County","201508","2015","8","0.170834214259557","17.0834214259557"
"福建省2015","福建省","350626","东山县","Dongshan County","201508","2015","8","0.146937092141608","14.6937092141608"
"福建省2015","福建省","350627","南靖县","Nanjing County","201508","2015","8","0.156908853009315","15.6908853009315"
"福建省2015","福建省","350628","平和县","Pinghe County","201508","2015","8","0.17082502296771","17.082502296771"
"福建省2015","福建省","350629","华安县","Hua'an County","201508","2015","8","0.142690805211892","14.2690805211892"
"福建省2015","福建省","350681","龙海市","Longhai  City","201508","2015","8","0.172376937597884","17.2376937597884"
"福建省2015","福建省","350702","延平区","Yanping District","201508","2015","8","0.100648270323132","10.0648270323132"
"福建省2015","福建省","350721","顺昌县","Shunchang County","201508","2015","8","0.110311439002571","11.0311439002571"
"福建省2015","福建省","350722","浦城县","Pucheng County","201508","2015","8","0.101656012588374","10.1656012588374"
"福建省2015","福建省","350723","光泽县","Guangze County","201508","2015","8","0.117695696635632","11.7695696635632"
"福建省2015","福建省","350724","松溪县","Songxi County","201508","2015","8","0.158184994023389","15.8184994023389"
"福建省2015","福建省","350725","政和县","Zhenghe County","201508","2015","8","0.125144390554558","12.5144390554558"
"福建省2015","福建省","350781","邵武市","Shaowu City","201508","2015","8","0.0906800689136904","9.06800689136904"
"福建省2015","福建省","350782","武夷山市","Wuyishan City","201508","2015","8","0.133083128303344","13.3083128303344"
"福建省2015","福建省","350783","建瓯市","Jian'ou City","201508","2015","8","0.102339337754244","10.2339337754244"
"福建省2015","福建省","350784","建阳市","Jianyang City","201508","2015","8","0.126658265767978","12.6658265767978"
"福建省2015","福建省","350802","新罗区","Xinluo District","201508","2015","8","0.146784588620013","14.6784588620013"
"福建省2015","福建省","350821","长汀县","Changting County","201508","2015","8","0.166205841502239","16.6205841502239"
"福建省2015","福建省","350822","永定县","Yongding County","201508","2015","8","0.137399385192188","13.7399385192188"
"福建省2015","福建省","350823","上杭县","Shanghang County","201508","2015","8","0.134326898429692","13.4326898429692"
"福建省2015","福建省","350824","武平县","Wuping County","201508","2015","8","0.134878662165022","13.4878662165022"
"福建省2015","福建省","350825","连城县","Liancheng County","201508","2015","8","0.161912767878819","16.1912767878819"
"福建省2015","福建省","350881","漳平市","Zhangping City","201508","2015","8","0.134878662165022","13.4878662165022"
"福建省2015","福建省","350902","蕉城区","Jiaocheng District","201508","2015","8","0.227611940362503","22.7611940362503"
"福建省2015","福建省","350921","霞浦县","Xiapu County","201508","2015","8","0.226222899386975","22.6222899386975"
"福建省2015","福建省","350922","古田县","Gutian County","201508","2015","8","0.237444218170257","23.7444218170257"
"福建省2015","福建省","350923","屏南县","Pingnan County","201508","2015","8","0.215493795886572","21.5493795886572"
"福建省2015","福建省","350924","寿宁县","Shouning County","201508","2015","8","0.197141482264954","19.7141482264954"
"福建省2015","福建省","350925","周宁县","Zhouning County","201508","2015","8","0.190872780869767","19.0872780869767"
"福建省2015","福建省","350926","柘荣县","Zherong County","201508","2015","8","0.216548962428895","21.6548962428895"
"福建省2015","福建省","350981","福安市","Fu'an City","201508","2015","8","0.227255348696039","22.7255348696039"
"福建省2015","福建省","350982","福鼎市","Fuding City","201508","2015","8","0.227307663558689","22.7307663558689"
"福建省2015","福建省","350102","鼓楼区","Gulou District","201509","2015","9","0.260394297795036","26.0394297795036"
"福建省2015","福建省","350103","台江区","Taijiang District","201509","2015","9","0.260394297795036","26.0394297795036"
"福建省2015","福建省","350104","仓山区","Cangshan District","201509","2015","9","0.256099240782757","25.6099240782757"
"福建省2015","福建省","350105","马尾区","Mawei District","201509","2015","9","0.254564532647233","25.4564532647233"
"福建省2015","福建省","350111","晋安区","Jin'an District","201509","2015","9","0.206903196564741","20.6903196564741"
"福建省2015","福建省","350121","闽侯县","Minhou County","201509","2015","9","0.262620187591427","26.2620187591427"
"福建省2015","福建省","350122","连江县","Lianjiang County","201509","2015","9","0.25870581739287","25.870581739287"
"福建省2015","福建省","350123","罗源县","Luoyuan County","201509","2015","9","0.254097051929759","25.4097051929759"
"福建省2015","福建省","350124","闽清县","Minqing County","201509","2015","9","0.256511995746775","25.6511995746775"
"福建省2015","福建省","350125","永泰县","Yongtai County","201509","2015","9","0.255763735236975","25.5763735236975"
"福建省2015","福建省","350128","平潭县","Pingtan County","201509","2015","9","0.25909147643953","25.909147643953"
"福建省2015","福建省","350181","福清市","Fuqing City","201509","2015","9","0.261761427919731","26.1761427919731"
"福建省2015","福建省","350182","长乐市","Changle City","201509","2015","9","0.263678015470973","26.3678015470973"
"福建省2015","福建省","350203","思明区","Siming District","201509","2015","9","0.146323773630312","14.6323773630312"
"福建省2015","福建省","350205","海沧区","Haicang District","201509","2015","9","0.20424567016257","20.424567016257"
"福建省2015","福建省","350206","湖里区","Huli District","201509","2015","9","0.213468256803871","21.3468256803871"
"福建省2015","福建省","350211","集美区","Jimei District","201509","2015","9","0.204715674609346","20.4715674609346"
"福建省2015","福建省","350212","同安区","Tong'an District","201509","2015","9","0.210433986513656","21.0433986513656"
"福建省2015","福建省","350213","翔安区","Xiang'an District","201509","2015","9","0.207202717638747","20.7202717638747"
"福建省2015","福建省","350302","城厢区","Chengxiang District","201509","2015","9","0.1867813918395","18.67813918395"
"福建省2015","福建省","350303","涵江区","Hanjiang District","201509","2015","9","0.192456049923812","19.2456049923812"
"福建省2015","福建省","350304","荔城区","Licheng District","201509","2015","9","0.187372447223681","18.7372447223681"
"福建省2015","福建省","350305","秀屿区","Xiuyu District","201509","2015","9","0.192860275948784","19.2860275948784"
"福建省2015","福建省","350322","仙游县","Xianyou County","201509","2015","9","0.207827441094672","20.7827441094672"
"福建省2015","福建省","350402","梅列区","Melie district","201509","2015","9","0.264831512965284","26.4831512965284"
"福建省2015","福建省","350403","三元区","Sanyuan District","201509","2015","9","0.249857008730187","24.9857008730187"
"福建省2015","福建省","350421","明溪县","Mingxi County","201509","2015","9","0.273510691424318","27.3510691424318"
"福建省2015","福建省","350423","清流县","Qingliu County","201509","2015","9","0.248540111918966","24.8540111918966"
"福建省2015","福建省","350424","宁化县","Ninghua County","201509","2015","9","0.204971221695587","20.4971221695587"
"福建省2015","福建省","350425","大田县","Datian County","201509","2015","9","0.211169220140111","21.1169220140111"
"福建省2015","福建省","350426","尤溪县","Youxi County","201509","2015","9","0.242270688540878","24.2270688540878"
"福建省2015","福建省","350427","沙县","Sha County","201509","2015","9","0.247053383996528","24.7053383996528"
"福建省2015","福建省","350428","将乐县","Jiangle County","201509","2015","9","0.24221445460459","24.221445460459"
"福建省2015","福建省","350429","泰宁县","Taining County","201509","2015","9","0.205240627734412","20.5240627734412"
"福建省2015","福建省","350430","建宁县","Jianning County","201509","2015","9","0.252583355606638","25.2583355606638"
"福建省2015","福建省","350481","永安市","Yong'an City","201509","2015","9","0.198805595056175","19.8805595056175"
"福建省2015","福建省","350502","鲤城区","Licheng District","201509","2015","9","0.216722545649469","21.6722545649469"
"福建省2015","福建省","350503","丰泽区","Fengze District","201509","2015","9","0.208284033355919","20.8284033355919"
"福建省2015","福建省","350504","洛江区","Luojiang District","201509","2015","9","0.216616474710524","21.6616474710524"
"福建省2015","福建省","350505","泉港区","Quangang District","201509","2015","9","0.211795610486672","21.1795610486672"
"福建省2015","福建省","350521","惠安县","Hui'an County","201509","2015","9","0.216616474710524","21.6616474710524"
"福建省2015","福建省","350524","安溪县","Anxi County","201509","2015","9","0.216616474710524","21.6616474710524"
"福建省2015","福建省","350525","永春县","Yongchun County","201509","2015","9","0.211795610486672","21.1795610486672"
"福建省2015","福建省","350526","德化县","Dehua County","201509","2015","9","0.208284033355919","20.8284033355919"
"福建省2015","福建省","350527","金门县","Kinmen County","201509","2015","9","0.211957637393901","21.1957637393901"
"福建省2015","福建省","350581","石狮市","Shishi City","201509","2015","9","0.207859248707302","20.7859248707302"
"福建省2015","福建省","350582","晋江市","Jinjiang City","201509","2015","9","0.211795610486672","21.1795610486672"
"福建省2015","福建省","350583","南安市","Nan'an City","201509","2015","9","0.216616474710524","21.6616474710524"
"福建省2015","福建省","350602","芗城区","Xiangcheng District","201509","2015","9","0.172376937597884","17.2376937597884"
"福建省2015","福建省","350603","龙文区","Longwen District","201509","2015","9","0.16858841901846","16.858841901846"
"福建省2015","福建省","350622","云霄县","Yunxiao County","201509","2015","9","0.17175336270942","17.175336270942"
"福建省2015","福建省","350623","漳浦县","Zhangpu County","201509","2015","9","0.171240771362739","17.1240771362739"
"福建省2015","福建省","350624","诏安县","Zhao'an County","201509","2015","9","0.17153205155695","17.153205155695"
"福建省2015","福建省","350625","长泰县","Changtai County","201509","2015","9","0.17082502296771","17.082502296771"
"福建省2015","福建省","350626","东山县","Dongshan County","201509","2015","9","0.141542397375947","14.1542397375947"
"福建省2015","福建省","350627","南靖县","Nanjing County","201509","2015","9","0.146942451511502","14.6942451511502"
"福建省2015","福建省","350628","平和县","Pinghe County","201509","2015","9","0.170395105543577","17.0395105543577"
"福建省2015","福建省","350629","华安县","Hua'an County","201509","2015","9","0.158841068233641","15.8841068233641"
"福建省2015","福建省","350681","龙海市","Longhai  City","201509","2015","9","0.171762554918653","17.1762554918653"
"福建省2015","福建省","350702","延平区","Yanping District","201509","2015","9","0.100648270323132","10.0648270323132"
"福建省2015","福建省","350721","顺昌县","Shunchang County","201509","2015","9","0.101588909460969","10.1588909460969"
"福建省2015","福建省","350722","浦城县","Pucheng County","201509","2015","9","0.0920657302386371","9.20657302386371"
"福建省2015","福建省","350723","光泽县","Guangze County","201509","2015","9","0.099792931584393","9.9792931584393"
"福建省2015","福建省","350724","松溪县","Songxi County","201509","2015","9","0.127274169473447","12.7274169473447"
"福建省2015","福建省","350725","政和县","Zhenghe County","201509","2015","9","0.125141519135906","12.5141519135906"
"福建省2015","福建省","350781","邵武市","Shaowu City","201509","2015","9","0.0913775933824057","9.13775933824057"
"福建省2015","福建省","350782","武夷山市","Wuyishan City","201509","2015","9","0.132807501469029","13.2807501469029"
"福建省2015","福建省","350783","建瓯市","Jian'ou City","201509","2015","9","0.0986020212480699","9.86020212480699"
"福建省2015","福建省","350784","建阳市","Jianyang City","201509","2015","9","0.125141519135906","12.5141519135906"
"福建省2015","福建省","350802","新罗区","Xinluo District","201509","2015","9","0.137486218543545","13.7486218543545"
"福建省2015","福建省","350821","长汀县","Changting County","201509","2015","9","0.163675235474069","16.3675235474069"
"福建省2015","福建省","350822","永定县","Yongding County","201509","2015","9","0.137486218543545","13.7486218543545"
"福建省2015","福建省","350823","上杭县","Shanghang County","201509","2015","9","0.137486218543545","13.7486218543545"
"福建省2015","福建省","350824","武平县","Wuping County","201509","2015","9","0.134274903734808","13.4274903734808"
"福建省2015","福建省","350825","连城县","Liancheng County","201509","2015","9","0.169393331792633","16.9393331792633"
"福建省2015","福建省","350881","漳平市","Zhangping City","201509","2015","9","0.13654154841096","13.654154841096"
"福建省2015","福建省","350902","蕉城区","Jiaocheng District","201509","2015","9","0.22882116906549","22.882116906549"
"福建省2015","福建省","350921","霞浦县","Xiapu County","201509","2015","9","0.235376692158194","23.5376692158194"
"福建省2015","福建省","350922","古田县","Gutian County","201509","2015","9","0.235751558156787","23.5751558156787"
"福建省2015","福建省","350923","屏南县","Pingnan County","201509","2015","9","0.219178275537376","21.9178275537376"
"福建省2015","福建省","350924","寿宁县","Shouning County","201509","2015","9","0.193470684511208","19.3470684511208"
"福建省2015","福建省","350925","周宁县","Zhouning County","201509","2015","9","0.190872780869767","19.0872780869767"
"福建省2015","福建省","350926","柘荣县","Zherong County","201509","2015","9","0.224178131890548","22.4178131890548"
"福建省2015","福建省","350981","福安市","Fu'an City","201509","2015","9","0.227255348696039","22.7255348696039"
"福建省2015","福建省","350982","福鼎市","Fuding City","201509","2015","9","0.227235884514072","22.7235884514072"
"福建省2015","福建省","350102","鼓楼区","Gulou District","201510","2015","10","0.260394297795036","26.0394297795036"
"福建省2015","福建省","350103","台江区","Taijiang District","201510","2015","10","0.260394297795036","26.0394297795036"
"福建省2015","福建省","350104","仓山区","Cangshan District","201510","2015","10","0.242306082215972","24.2306082215972"
"福建省2015","福建省","350105","马尾区","Mawei District","201510","2015","10","0.192934353963096","19.2934353963096"
"福建省2015","福建省","350111","晋安区","Jin'an District","201510","2015","10","0.18930678069263","18.930678069263"
"福建省2015","福建省","350121","闽侯县","Minhou County","201510","2015","10","0.260870651471363","26.0870651471363"
"福建省2015","福建省","350122","连江县","Lianjiang County","201510","2015","10","0.25600666092455","25.600666092455"
"福建省2015","福建省","350123","罗源县","Luoyuan County","201510","2015","10","0.254097051929759","25.4097051929759"
"福建省2015","福建省","350124","闽清县","Minqing County","201510","2015","10","0.256208974844603","25.6208974844603"
"福建省2015","福建省","350125","永泰县","Yongtai County","201510","2015","10","0.255479523503058","25.5479523503058"
"福建省2015","福建省","350128","平潭县","Pingtan County","201510","2015","10","0.258807264705613","25.8807264705613"
"福建省2015","福建省","350181","福清市","Fuqing City","201510","2015","10","0.259126271061468","25.9126271061468"
"福建省2015","福建省","350182","长乐市","Changle City","201510","2015","10","0.260495946932732","26.0495946932732"
"福建省2015","福建省","350203","思明区","Siming District","201510","2015","10","0.175710507872042","17.5710507872042"
"福建省2015","福建省","350205","海沧区","Haicang District","201510","2015","10","0.203618944052677","20.3618944052677"
"福建省2015","福建省","350206","湖里区","Huli District","201510","2015","10","0.205163230617005","20.5163230617005"
"福建省2015","福建省","350211","集美区","Jimei District","201510","2015","10","0.211409814749475","21.1409814749475"
"福建省2015","福建省","350212","同安区","Tong'an District","201510","2015","10","0.230288894251195","23.0288894251195"
"福建省2015","福建省","350213","翔安区","Xiang'an District","201510","2015","10","0.210349564053104","21.0349564053104"
"福建省2015","福建省","350302","城厢区","Chengxiang District","201510","2015","10","0.254652880603125","25.4652880603125"
"福建省2015","福建省","350303","涵江区","Hanjiang District","201510","2015","10","0.2140032745724","21.40032745724"
"福建省2015","福建省","350304","荔城区","Licheng District","201510","2015","10","0.219820709132947","21.9820709132947"
"福建省2015","福建省","350305","秀屿区","Xiuyu District","201510","2015","10","0.190730235574842","19.0730235574842"
"福建省2015","福建省","350322","仙游县","Xianyou County","201510","2015","10","0.212465759235254","21.2465759235254"
"福建省2015","福建省","350402","梅列区","Melie district","201510","2015","10","0.267308558320411","26.7308558320411"
"福建省2015","福建省","350403","三元区","Sanyuan District","201510","2015","10","0.289366150571649","28.9366150571649"
"福建省2015","福建省","350421","明溪县","Mingxi County","201510","2015","10","0.276637766332347","27.6637766332347"
"福建省2015","福建省","350423","清流县","Qingliu County","201510","2015","10","0.196322466513481","19.6322466513481"
"福建省2015","福建省","350424","宁化县","Ninghua County","201510","2015","10","0.1998513152733","19.98513152733"
"福建省2015","福建省","350425","大田县","Datian County","201510","2015","10","0.208229625018072","20.8229625018072"
"福建省2015","福建省","350426","尤溪县","Youxi County","201510","2015","10","0.245606778874794","24.5606778874794"
"福建省2015","福建省","350427","沙县","Sha County","201510","2015","10","0.238758153658983","23.8758153658983"
"福建省2015","福建省","350428","将乐县","Jiangle County","201510","2015","10","0.255806324889039","25.5806324889039"
"福建省2015","福建省","350429","泰宁县","Taining County","201510","2015","10","0.201513221750828","20.1513221750828"
"福建省2015","福建省","350430","建宁县","Jianning County","201510","2015","10","0.261130509355128","26.1130509355128"
"福建省2015","福建省","350481","永安市","Yong'an City","201510","2015","10","0.192966525778028","19.2966525778028"
"福建省2015","福建省","350502","鲤城区","Licheng District","201510","2015","10","0.216722545649469","21.6722545649469"
"福建省2015","福建省","350503","丰泽区","Fengze District","201510","2015","10","0.248694084175788","24.8694084175788"
"福建省2015","福建省","350504","洛江区","Luojiang District","201510","2015","10","0.251577608656274","25.1577608656274"
"福建省2015","福建省","350505","泉港区","Quangang District","201510","2015","10","0.213263366863506","21.3263366863506"
"福建省2015","福建省","350521","惠安县","Hui'an County","201510","2015","10","0.216722545649469","21.6722545649469"
"福建省2015","福建省","350524","安溪县","Anxi County","201510","2015","10","0.208284033355919","20.8284033355919"
"福建省2015","福建省","350525","永春县","Yongchun County","201510","2015","10","0.208284033355919","20.8284033355919"
"福建省2015","福建省","350526","德化县","Dehua County","201510","2015","10","0.211574989208589","21.1574989208589"
"福建省2015","福建省","350527","金门县","Kinmen County","201510","2015","10","0.264154180165753","26.4154180165753"
"福建省2015","福建省","350581","石狮市","Shishi City","201510","2015","10","0.218495400808107","21.8495400808107"
"福建省2015","福建省","350582","晋江市","Jinjiang City","201510","2015","10","0.280156699982646","28.0156699982646"
"福建省2015","福建省","350583","南安市","Nan'an City","201510","2015","10","0.213083264696942","21.3083264696942"
"福建省2015","福建省","350602","芗城区","Xiangcheng District","201510","2015","10","0.1422826059875","14.22826059875"
"福建省2015","福建省","350603","龙文区","Longwen District","201510","2015","10","0.16858841901846","16.858841901846"
"福建省2015","福建省","350622","云霄县","Yunxiao County","201510","2015","10","0.237668610822808","23.7668610822808"
"福建省2015","福建省","350623","漳浦县","Zhangpu County","201510","2015","10","0.159564178602109","15.9564178602109"
"福建省2015","福建省","350624","诏安县","Zhao'an County","201510","2015","10","0.196366964328738","19.6366964328738"
"福建省2015","福建省","350625","长泰县","Changtai County","201510","2015","10","0.144787934357664","14.4787934357664"
"福建省2015","福建省","350626","东山县","Dongshan County","201510","2015","10","0.154079523115703","15.4079523115703"
"福建省2015","福建省","350627","南靖县","Nanjing County","201510","2015","10","0.144626569803236","14.4626569803236"
"福建省2015","福建省","350628","平和县","Pinghe County","201510","2015","10","0.171809114100592","17.1809114100592"
"福建省2015","福建省","350629","华安县","Hua'an County","201510","2015","10","0.152053154715921","15.2053154715921"
"福建省2015","福建省","350681","龙海市","Longhai  City","201510","2015","10","0.201408011320093","20.1408011320093"
"福建省2015","福建省","350702","延平区","Yanping District","201510","2015","10","0.0948525117625623","9.48525117625623"
"福建省2015","福建省","350721","顺昌县","Shunchang County","201510","2015","10","0.097594278982827","9.7594278982827"
"福建省2015","福建省","350722","浦城县","Pucheng County","201510","2015","10","0.0920036663133591","9.20036663133591"
"福建省2015","福建省","350723","光泽县","Guangze County","201510","2015","10","0.0982880100598076","9.82880100598076"
"福建省2015","福建省","350724","松溪县","Songxi County","201510","2015","10","0.0990504625333646","9.90504625333646"
"福建省2015","福建省","350725","政和县","Zhenghe County","201510","2015","10","0.125835314429917","12.5835314429917"
"福建省2015","福建省","350781","邵武市","Shaowu City","201510","2015","10","0.185089470321882","18.5089470321882"
"福建省2015","福建省","350782","武夷山市","Wuyishan City","201510","2015","10","0.132546987654166","13.2546987654166"
"福建省2015","福建省","350783","建瓯市","Jian'ou City","201510","2015","10","0.154123878736107","15.4123878736107"
"福建省2015","福建省","350784","建阳市","Jianyang City","201510","2015","10","0.12708401458944","12.708401458944"
"福建省2015","福建省","350802","新罗区","Xinluo District","201510","2015","10","0.153318563229414","15.3318563229414"
"福建省2015","福建省","350821","长汀县","Changting County","201510","2015","10","0.161855574356617","16.1855574356617"
"福建省2015","福建省","350822","永定县","Yongding County","201510","2015","10","0.137719349299184","13.7719349299184"
"福建省2015","福建省","350823","上杭县","Shanghang County","201510","2015","10","0.162771437646672","16.2771437646672"
"福建省2015","福建省","350824","武平县","Wuping County","201510","2015","10","0.164787664342554","16.4787664342554"
"福建省2015","福建省","350825","连城县","Liancheng County","201510","2015","10","0.164184282040661","16.4184282040661"
"福建省2015","福建省","350881","漳平市","Zhangping City","201510","2015","10","0.0892892757306145","8.92892757306145"
"福建省2015","福建省","350902","蕉城区","Jiaocheng District","201510","2015","10","0.220789789993626","22.0789789993626"
"福建省2015","福建省","350921","霞浦县","Xiapu County","201510","2015","10","0.233482108113785","23.3482108113785"
"福建省2015","福建省","350922","古田县","Gutian County","201510","2015","10","0.244965447977376","24.4965447977376"
"福建省2015","福建省","350923","屏南县","Pingnan County","201510","2015","10","0.211796090279629","21.1796090279629"
"福建省2015","福建省","350924","寿宁县","Shouning County","201510","2015","10","0.254201548634068","25.4201548634068"
"福建省2015","福建省","350925","周宁县","Zhouning County","201510","2015","10","0.190872780869767","19.0872780869767"
"福建省2015","福建省","350926","柘荣县","Zherong County","201510","2015","10","0.195039769857971","19.5039769857971"
"福建省2015","福建省","350981","福安市","Fu'an City","201510","2015","10","0.235376692158194","23.5376692158194"
"福建省2015","福建省","350982","福鼎市","Fuding City","201510","2015","10","0.223339061160426","22.3339061160426"
"福建省2015","福建省","350102","鼓楼区","Gulou District","201511","2015","11","0.260394297795036","26.0394297795036"
"福建省2015","福建省","350103","台江区","Taijiang District","201511","2015","11","0.260394297795036","26.0394297795036"
"福建省2015","福建省","350104","仓山区","Cangshan District","201511","2015","11","0.244835437846819","24.4835437846819"
"福建省2015","福建省","350105","马尾区","Mawei District","201511","2015","11","0.195548282505824","19.5548282505824"
"福建省2015","福建省","350111","晋安区","Jin'an District","201511","2015","11","0.248207983271606","24.8207983271606"
"福建省2015","福建省","350121","闽侯县","Minhou County","201511","2015","11","0.244911225868917","24.4911225868917"
"福建省2015","福建省","350122","连江县","Lianjiang County","201511","2015","11","0.207835461801791","20.7835461801791"
"福建省2015","福建省","350123","罗源县","Luoyuan County","201511","2015","11","0.254097051929759","25.4097051929759"
"福建省2015","福建省","350124","闽清县","Minqing County","201511","2015","11","0.255593221590463","25.5593221590463"
"福建省2015","福建省","350125","永泰县","Yongtai County","201511","2015","11","0.255503907626954","25.5503907626954"
"福建省2015","福建省","350128","平潭县","Pingtan County","201511","2015","11","0.25600666092455","25.600666092455"
"福建省2015","福建省","350181","福清市","Fuqing City","201511","2015","11","0.258807264705613","25.8807264705613"
"福建省2015","福建省","350182","长乐市","Changle City","201511","2015","11","0.260426366862719","26.0426366862719"
"福建省2015","福建省","350203","思明区","Siming District","201511","2015","11","0.243301518663385","24.3301518663385"
"福建省2015","福建省","350205","海沧区","Haicang District","201511","2015","11","0.204005605802401","20.4005605802401"
"福建省2015","福建省","350206","湖里区","Huli District","201511","2015","11","0.20424567016257","20.424567016257"
"福建省2015","福建省","350211","集美区","Jimei District","201511","2015","11","0.211617168789042","21.1617168789042"
"福建省2015","福建省","350212","同安区","Tong'an District","201511","2015","11","0.221226911651202","22.1226911651202"
"福建省2015","福建省","350213","翔安区","Xiang'an District","201511","2015","11","0.210130332615039","21.0130332615039"
"福建省2015","福建省","350302","城厢区","Chengxiang District","201511","2015","11","0.253065741096909","25.3065741096909"
"福建省2015","福建省","350303","涵江区","Hanjiang District","201511","2015","11","0.215705203855541","21.5705203855541"
"福建省2015","福建省","350304","荔城区","Licheng District","201511","2015","11","0.222539284831313","22.2539284831313"
"福建省2015","福建省","350305","秀屿区","Xiuyu District","201511","2015","11","0.173036251098635","17.3036251098635"
"福建省2015","福建省","350322","仙游县","Xianyou County","201511","2015","11","0.210266339698865","21.0266339698865"
"福建省2015","福建省","350402","梅列区","Melie district","201511","2015","11","0.269156971237223","26.9156971237223"
"福建省2015","福建省","350403","三元区","Sanyuan District","201511","2015","11","0.282745815982145","28.2745815982145"
"福建省2015","福建省","350421","明溪县","Mingxi County","201511","2015","11","0.260410121788756","26.0410121788756"
"福建省2015","福建省","350423","清流县","Qingliu County","201511","2015","11","0.206647166015998","20.6647166015998"
"福建省2015","福建省","350424","宁化县","Ninghua County","201511","2015","11","0.199836191245213","19.9836191245213"
"福建省2015","福建省","350425","大田县","Datian County","201511","2015","11","0.203586099793697","20.3586099793697"
"福建省2015","福建省","350426","尤溪县","Youxi County","201511","2015","11","0.243992207687888","24.3992207687888"
"福建省2015","福建省","350427","沙县","Sha County","201511","2015","11","0.238758153658983","23.8758153658983"
"福建省2015","福建省","350428","将乐县","Jiangle County","201511","2015","11","0.259876946131618","25.9876946131618"
"福建省2015","福建省","350429","泰宁县","Taining County","201511","2015","11","0.208985728262077","20.8985728262077"
"福建省2015","福建省","350430","建宁县","Jianning County","201511","2015","11","0.223257446818882","22.3257446818882"
"福建省2015","福建省","350481","永安市","Yong'an City","201511","2015","11","0.192966525778028","19.2966525778028"
"福建省2015","福建省","350502","鲤城区","Licheng District","201511","2015","11","0.216722545649469","21.6722545649469"
"福建省2015","福建省","350503","丰泽区","Fengze District","201511","2015","11","0.246061425360014","24.6061425360014"
"福建省2015","福建省","350504","洛江区","Luojiang District","201511","2015","11","0.223992569441613","22.3992569441613"
"福建省2015","福建省","350505","泉港区","Quangang District","201511","2015","11","0.207999822539388","20.7999822539388"
"福建省2015","福建省","350521","惠安县","Hui'an County","201511","2015","11","0.21670091276664","21.670091276664"
"福建省2015","福建省","350524","安溪县","Anxi County","201511","2015","11","0.213083264696942","21.3083264696942"
"福建省2015","福建省","350525","永春县","Yongchun County","201511","2015","11","0.207999822539388","20.7999822539388"
"福建省2015","福建省","350526","德化县","Dehua County","201511","2015","11","0.208143460441219","20.8143460441219"
"福建省2015","福建省","350527","金门县","Kinmen County","201511","2015","11","0.244970538553128","24.4970538553128"
"福建省2015","福建省","350581","石狮市","Shishi City","201511","2015","11","0.218495400808107","21.8495400808107"
"福建省2015","福建省","350582","晋江市","Jinjiang City","201511","2015","11","0.257685172091412","25.7685172091412"
"福建省2015","福建省","350583","南安市","Nan'an City","201511","2015","11","0.213083264696942","21.3083264696942"
"福建省2015","福建省","350602","芗城区","Xiangcheng District","201511","2015","11","0.128909198371521","12.8909198371521"
"福建省2015","福建省","350603","龙文区","Longwen District","201511","2015","11","0.16858841901846","16.858841901846"
"福建省2015","福建省","350622","云霄县","Yunxiao County","201511","2015","11","0.237668610822808","23.7668610822808"
"福建省2015","福建省","350623","漳浦县","Zhangpu County","201511","2015","11","0.143383384051867","14.3383384051867"
"福建省2015","福建省","350624","诏安县","Zhao'an County","201511","2015","11","0.198502019135381","19.8502019135381"
"福建省2015","福建省","350625","长泰县","Changtai County","201511","2015","11","0.144173550761047","14.4173550761047"
"福建省2015","福建省","350626","东山县","Dongshan County","201511","2015","11","0.157934165971509","15.7934165971509"
"福建省2015","福建省","350627","南靖县","Nanjing County","201511","2015","11","0.14889110262611","14.889110262611"
"福建省2015","福建省","350628","平和县","Pinghe County","201511","2015","11","0.168741441780617","16.8741441780617"
"福建省2015","福建省","350629","华安县","Hua'an County","201511","2015","11","0.136907268069627","13.6907268069627"
"福建省2015","福建省","350681","龙海市","Longhai  City","201511","2015","11","0.195281273597011","19.5281273597011"
"福建省2015","福建省","350702","延平区","Yanping District","201511","2015","11","0.0144350279698733","1.44350279698733"
"福建省2015","福建省","350721","顺昌县","Shunchang County","201511","2015","11","0.100648270323132","10.0648270323132"
"福建省2015","福建省","350722","浦城县","Pucheng County","201511","2015","11","0.0920036663133591","9.20036663133591"
"福建省2015","福建省","350723","光泽县","Guangze County","201511","2015","11","0.13050652912049","13.050652912049"
"福建省2015","福建省","350724","松溪县","Songxi County","201511","2015","11","0.103570884627514","10.3570884627514"
"福建省2015","福建省","350725","政和县","Zhenghe County","201511","2015","11","0.134842513481126","13.4842513481126"
"福建省2015","福建省","350781","邵武市","Shaowu City","201511","2015","11","0.176006691495231","17.6006691495231"
"福建省2015","福建省","350782","武夷山市","Wuyishan City","201511","2015","11","0.132546987654166","13.2546987654166"
"福建省2015","福建省","350783","建瓯市","Jian'ou City","201511","2015","11","0.178884762115049","17.8884762115049"
"福建省2015","福建省","350784","建阳市","Jianyang City","201511","2015","11","0.142790187488409","14.2790187488409"
"福建省2015","福建省","350802","新罗区","Xinluo District","201511","2015","11","0.152714487383591","15.2714487383591"
"福建省2015","福建省","350821","长汀县","Changting County","201511","2015","11","0.161855574356617","16.1855574356617"
"福建省2015","福建省","350822","永定县","Yongding County","201511","2015","11","0.138238465096171","13.8238465096171"
"福建省2015","福建省","350823","上杭县","Shanghang County","201511","2015","11","0.162771437646672","16.2771437646672"
"福建省2015","福建省","350824","武平县","Wuping County","201511","2015","11","0.110218875657315","11.0218875657315"
"福建省2015","福建省","350825","连城县","Liancheng County","201511","2015","11","0.157639452918321","15.7639452918321"
"福建省2015","福建省","350881","漳平市","Zhangping City","201511","2015","11","0.0567180611424523","5.67180611424523"
"福建省2015","福建省","350902","蕉城区","Jiaocheng District","201511","2015","11","0.216307760509898","21.6307760509898"
"福建省2015","福建省","350921","霞浦县","Xiapu County","201511","2015","11","0.225562687765182","22.5562687765182"
"福建省2015","福建省","350922","古田县","Gutian County","201511","2015","11","0.247698095461913","24.7698095461913"
"福建省2015","福建省","350923","屏南县","Pingnan County","201511","2015","11","0.210810983600278","21.0810983600278"
"福建省2015","福建省","350924","寿宁县","Shouning County","201511","2015","11","0.253308266804121","25.3308266804121"
"福建省2015","福建省","350925","周宁县","Zhouning County","201511","2015","11","0.190972658534806","19.0972658534806"
"福建省2015","福建省","350926","柘荣县","Zherong County","201511","2015","11","0.193223836997837","19.3223836997837"
"福建省2015","福建省","350981","福安市","Fu'an City","201511","2015","11","0.235324377295543","23.5324377295543"
"福建省2015","福建省","350982","福鼎市","Fuding City","201511","2015","11","0.226569023677456","22.6569023677456"
"福建省2015","福建省","350102","鼓楼区","Gulou District","201512","2015","12","0.260394297795036","26.0394297795036"
"福建省2015","福建省","350103","台江区","Taijiang District","201512","2015","12","0.260394297795036","26.0394297795036"
"福建省2015","福建省","350104","仓山区","Cangshan District","201512","2015","12","0.266008254272504","26.6008254272504"
"福建省2015","福建省","350105","马尾区","Mawei District","201512","2015","12","0.187430864539009","18.7430864539009"
"福建省2015","福建省","350111","晋安区","Jin'an District","201512","2015","12","0.248207983271606","24.8207983271606"
"福建省2015","福建省","350121","闽侯县","Minhou County","201512","2015","12","0.220211665167244","22.0211665167244"
"福建省2015","福建省","350122","连江县","Lianjiang County","201512","2015","12","0.208659253465567","20.8659253465567"
"福建省2015","福建省","350123","罗源县","Luoyuan County","201512","2015","12","0.254097051929759","25.4097051929759"
"福建省2015","福建省","350124","闽清县","Minqing County","201512","2015","12","0.25909147643953","25.909147643953"
"福建省2015","福建省","350125","永泰县","Yongtai County","201512","2015","12","0.253812839278455","25.3812839278455"
"福建省2015","福建省","350128","平潭县","Pingtan County","201512","2015","12","0.255309009856546","25.5309009856546"
"福建省2015","福建省","350181","福清市","Fuqing City","201512","2015","12","0.258807264705613","25.8807264705613"
"福建省2015","福建省","350182","长乐市","Changle City","201512","2015","12","0.260495946932732","26.0495946932732"
"福建省2015","福建省","350203","思明区","Siming District","201512","2015","12","0.254327100267931","25.4327100267931"
"福建省2015","福建省","350205","海沧区","Haicang District","201512","2015","12","0.207732106325853","20.7732106325853"
"福建省2015","福建省","350206","湖里区","Huli District","201512","2015","12","0.201415454073937","20.1415454073937"
"福建省2015","福建省","350211","集美区","Jimei District","201512","2015","12","0.205397123720536","20.5397123720536"
"福建省2015","福建省","350212","同安区","Tong'an District","201512","2015","12","0.278299922338908","27.8299922338908"
"福建省2015","福建省","350213","翔安区","Xiang'an District","201512","2015","12","0.205397123720536","20.5397123720536"
"福建省2015","福建省","350302","城厢区","Chengxiang District","201512","2015","12","0.266788328816637","26.6788328816637"
"福建省2015","福建省","350303","涵江区","Hanjiang District","201512","2015","12","0.203725708535552","20.3725708535552"
"福建省2015","福建省","350304","荔城区","Licheng District","201512","2015","12","0.226397760526458","22.6397760526458"
"福建省2015","福建省","350305","秀屿区","Xiuyu District","201512","2015","12","0.222670471968301","22.2670471968301"
"福建省2015","福建省","350322","仙游县","Xianyou County","201512","2015","12","0.194835223020026","19.4835223020026"
"福建省2015","福建省","350402","梅列区","Melie district","201512","2015","12","0.251190137771965","25.1190137771965"
"福建省2015","福建省","350403","三元区","Sanyuan District","201512","2015","12","0.288601705535372","28.8601705535372"
"福建省2015","福建省","350421","明溪县","Mingxi County","201512","2015","12","0.234158741865068","23.4158741865068"
"福建省2015","福建省","350423","清流县","Qingliu County","201512","2015","12","0.233958923235346","23.3958923235346"
"福建省2015","福建省","350424","宁化县","Ninghua County","201512","2015","12","0.1998513152733","19.98513152733"
"福建省2015","福建省","350425","大田县","Datian County","201512","2015","12","0.277696248308219","27.7696248308219"
"福建省2015","福建省","350426","尤溪县","Youxi County","201512","2015","12","0.245892963906322","24.5892963906322"
"福建省2015","福建省","350427","沙县","Sha County","201512","2015","12","0.245360015760949","24.5360015760949"
"福建省2015","福建省","350428","将乐县","Jiangle County","201512","2015","12","0.245730576466336","24.5730576466336"
"福建省2015","福建省","350429","泰宁县","Taining County","201512","2015","12","0.209847264861652","20.9847264861652"
"福建省2015","福建省","350430","建宁县","Jianning County","201512","2015","12","0.230136237526113","23.0136237526113"
"福建省2015","福建省","350481","永安市","Yong'an City","201512","2015","12","0.192622720639738","19.2622720639738"
"福建省2015","福建省","350502","鲤城区","Licheng District","201512","2015","12","0.216722545649469","21.6722545649469"
"福建省2015","福建省","350503","丰泽区","Fengze District","201512","2015","12","0.250996490398881","25.0996490398881"
"福建省2015","福建省","350504","洛江区","Luojiang District","201512","2015","12","0.215775506825842","21.5775506825842"
"福建省2015","福建省","350505","泉港区","Quangang District","201512","2015","12","0.213083264696942","21.3083264696942"
"福建省2015","福建省","350521","惠安县","Hui'an County","201512","2015","12","0.21670091276664","21.670091276664"
"福建省2015","福建省","350524","安溪县","Anxi County","201512","2015","12","0.212799052963025","21.2799052963025"
"福建省2015","福建省","350525","永春县","Yongchun County","201512","2015","12","0.207999822539388","20.7999822539388"
"福建省2015","福建省","350526","德化县","Dehua County","201512","2015","12","0.208284033355919","20.8284033355919"
"福建省2015","福建省","350527","金门县","Kinmen County","201512","2015","12","0.245232794484292","24.5232794484292"
"福建省2015","福建省","350581","石狮市","Shishi City","201512","2015","12","0.218495400808107","21.8495400808107"
"福建省2015","福建省","350582","晋江市","Jinjiang City","201512","2015","12","0.278264075475055","27.8264075475055"
"福建省2015","福建省","350583","南安市","Nan'an City","201512","2015","12","0.213083264696942","21.3083264696942"
"福建省2015","福建省","350602","芗城区","Xiangcheng District","201512","2015","12","0.137613889339416","13.7613889339416"
"福建省2015","福建省","350603","龙文区","Longwen District","201512","2015","12","0.16858841901846","16.858841901846"
"福建省2015","福建省","350622","云霄县","Yunxiao County","201512","2015","12","0.237316926254866","23.7316926254866"
"福建省2015","福建省","350623","漳浦县","Zhangpu County","201512","2015","12","0.144948721876203","14.4948721876203"
"福建省2015","福建省","350624","诏安县","Zhao'an County","201512","2015","12","0.196366964328738","19.6366964328738"
"福建省2015","福建省","350625","长泰县","Changtai County","201512","2015","12","0.142608212019325","14.2608212019325"
"福建省2015","福建省","350626","东山县","Dongshan County","201512","2015","12","0.154639820377011","15.4639820377011"
"福建省2015","福建省","350627","南靖县","Nanjing County","201512","2015","12","0.149280133984262","14.9280133984262"
"福建省2015","福建省","350628","平和县","Pinghe County","201512","2015","12","0.170780241680132","17.0780241680132"
"福建省2015","福建省","350629","华安县","Hua'an County","201512","2015","12","0.138105442269494","13.8105442269494"
"福建省2015","福建省","350681","龙海市","Longhai  City","201512","2015","12","0.196956962884073","19.6956962884073"
"福建省2015","福建省","350702","延平区","Yanping District","201512","2015","12","0.0138981442379127","1.38981442379127"
"福建省2015","福建省","350721","顺昌县","Shunchang County","201512","2015","12","0.131778973068375","13.1778973068375"
"福建省2015","福建省","350722","浦城县","Pucheng County","201512","2015","12","0.0983336692859323","9.83336692859323"
"福建省2015","福建省","350723","光泽县","Guangze County","201512","2015","12","0.0999546933670243","9.99546933670243"
"福建省2015","福建省","350724","松溪县","Songxi County","201512","2015","12","0.103903562789178","10.3903562789178"
"福建省2015","福建省","350725","政和县","Zhenghe County","201512","2015","12","0.107925248819687","10.7925248819687"
"福建省2015","福建省","350781","邵武市","Shaowu City","201512","2015","12","0.199258870966486","19.9258870966486"
"福建省2015","福建省","350782","武夷山市","Wuyishan City","201512","2015","12","0.133083128303344","13.3083128303344"
"福建省2015","福建省","350783","建瓯市","Jian'ou City","201512","2015","12","0.0976811756338282","9.76811756338282"
"福建省2015","福建省","350784","建阳市","Jianyang City","201512","2015","12","0.126870412232798","12.6870412232798"
"福建省2015","福建省","350802","新罗区","Xinluo District","201512","2015","12","0.152692563689353","15.2692563689353"
"福建省2015","福建省","350821","长汀县","Changting County","201512","2015","12","0.161855574356617","16.1855574356617"
"福建省2015","福建省","350822","永定县","Yongding County","201512","2015","12","0.138238465096171","13.8238465096171"
"福建省2015","福建省","350823","上杭县","Shanghang County","201512","2015","12","0.162707309602554","16.2707309602554"
"福建省2015","福建省","350824","武平县","Wuping County","201512","2015","12","0.155407023076059","15.5407023076059"
"福建省2015","福建省","350825","连城县","Liancheng County","201512","2015","12","0.166056087386939","16.6056087386939"
"福建省2015","福建省","350881","漳平市","Zhangping City","201512","2015","12","0.0607263652611755","6.07263652611755"
"福建省2015","福建省","350902","蕉城区","Jiaocheng District","201512","2015","12","0.23041240011394","23.041240011394"
"福建省2015","福建省","350921","霞浦县","Xiapu County","201512","2015","12","0.225850342449324","22.5850342449324"
"福建省2015","福建省","350922","古田县","Gutian County","201512","2015","12","0.24029441768142","24.029441768142"
"福建省2015","福建省","350923","屏南县","Pingnan County","201512","2015","12","0.199961208960336","19.9961208960336"
"福建省2015","福建省","350924","寿宁县","Shouning County","201512","2015","12","0.26151459967147","26.151459967147"
"福建省2015","福建省","350925","周宁县","Zhouning County","201512","2015","12","0.19428306480865","19.428306480865"
"福建省2015","福建省","350926","柘荣县","Zherong County","201512","2015","12","0.299642756105197","29.9642756105197"
"福建省2015","福建省","350981","福安市","Fu'an City","201512","2015","12","0.225562687765182","22.5562687765182"
"福建省2015","福建省","350982","福鼎市","Fuding City","201512","2015","12","0.227356400615351","22.7356400615351"
"福建省2016","福建省","350102","鼓楼区","Gulou District","201601","2016","1","0.256577043612576","25.6577043612576"
"福建省2016","福建省","350103","台江区","Taijiang District","201601","2016","1","0.256577043612576","25.6577043612576"
"福建省2016","福建省","350104","仓山区","Cangshan District","201601","2016","1","0.247528614776681","24.7528614776681"
"福建省2016","福建省","350105","马尾区","Mawei District","201601","2016","1","0.184683217796559","18.4683217796559"
"福建省2016","福建省","350111","晋安区","Jin'an District","201601","2016","1","0.244826069102116","24.4826069102116"
"福建省2016","福建省","350121","闽侯县","Minhou County","201601","2016","1","0.235142474543362","23.5142474543362"
"福建省2016","福建省","350122","连江县","Lianjiang County","201601","2016","1","0.205984674550104","20.5984674550104"
"福建省2016","福建省","350123","罗源县","Luoyuan County","201601","2016","1","0.250372111095285","25.0372111095285"
"福建省2016","福建省","350124","闽清县","Minqing County","201601","2016","1","0.255293320582118","25.5293320582118"
"福建省2016","福建省","350125","永泰县","Yongtai County","201601","2016","1","0.250092066084622","25.0092066084622"
"福建省2016","福建省","350128","平潭县","Pingtan County","201601","2016","1","0.255013274655228","25.5013274655228"
"福建省2016","福建省","350181","福清市","Fuqing City","201601","2016","1","0.251566303099055","25.1566303099055"
"福建省2016","福建省","350182","长乐市","Changle City","201601","2016","1","0.255744751490096","25.5744751490096"
"福建省2016","福建省","350203","思明区","Siming District","201601","2016","1","0.232459058787912","23.2459058787912"
"福建省2016","福建省","350205","海沧区","Haicang District","201601","2016","1","0.200609960731903","20.0609960731903"
"福建省2016","福建省","350206","湖里区","Huli District","201601","2016","1","0.202155636939944","20.2155636939944"
"福建省2016","福建省","350211","集美区","Jimei District","201601","2016","1","0.205833072758515","20.5833072758515"
"福建省2016","福建省","350212","同安区","Tong'an District","201601","2016","1","0.260228888273964","26.0228888273964"
"福建省2016","福建省","350213","翔安区","Xiang'an District","201601","2016","1","0.200718253354151","20.0718253354151"
"福建省2016","福建省","350302","城厢区","Chengxiang District","201601","2016","1","0.247980857462442","24.7980857462442"
"福建省2016","福建省","350303","涵江区","Hanjiang District","201601","2016","1","0.227966980141939","22.7966980141939"
"福建省2016","福建省","350304","荔城区","Licheng District","201601","2016","1","0.223051414618023","22.3051414618023"
"福建省2016","福建省","350305","秀屿区","Xiuyu District","201601","2016","1","0.234337573049359","23.4337573049359"
"福建省2016","福建省","350322","仙游县","Xianyou County","201601","2016","1","0.191862438496227","19.1862438496227"
"福建省2016","福建省","350402","梅列区","Melie district","201601","2016","1","0.248193517587274","24.8193517587274"
"福建省2016","福建省","350403","三元区","Sanyuan District","201601","2016","1","0.262134603504744","26.2134603504744"
"福建省2016","福建省","350421","明溪县","Mingxi County","201601","2016","1","0.249688270773403","24.9688270773403"
"福建省2016","福建省","350423","清流县","Qingliu County","201601","2016","1","0.230529198207334","23.0529198207334"
"福建省2016","福建省","350424","宁化县","Ninghua County","201601","2016","1","0.196921591567635","19.6921591567635"
"福建省2016","福建省","350425","大田县","Datian County","201601","2016","1","0.274660139543615","27.4660139543615"
"福建省2016","福建省","350426","尤溪县","Youxi County","201601","2016","1","0.242288292328082","24.2288292328082"
"福建省2016","福建省","350427","沙县","Sha County","201601","2016","1","0.233398392881766","23.3398392881766"
"福建省2016","福建省","350428","将乐县","Jiangle County","201601","2016","1","0.251874192270928","25.1874192270928"
"福建省2016","福建省","350429","泰宁县","Taining County","201601","2016","1","0.19969994226102","19.969994226102"
"福建省2016","福建省","350430","建宁县","Jianning County","201601","2016","1","0.242574467818595","24.2574467818595"
"福建省2016","福建省","350481","永安市","Yong'an City","201601","2016","1","0.202576646338061","20.2576646338061"
"福建省2016","福建省","350502","鲤城区","Licheng District","201601","2016","1","0.213545497692519","21.3545497692519"
"福建省2016","福建省","350503","丰泽区","Fengze District","201601","2016","1","0.24210634690599","24.210634690599"
"福建省2016","福建省","350504","洛江区","Luojiang District","201601","2016","1","0.210859861001012","21.0859861001012"
"福建省2016","福建省","350505","泉港区","Quangang District","201601","2016","1","0.209959566455201","20.9959566455201"
"福建省2016","福建省","350521","惠安县","Hui'an County","201601","2016","1","0.213524181654001","21.3524181654001"
"福建省2016","福建省","350524","安溪县","Anxi County","201601","2016","1","0.209679521444539","20.9679521444539"
"福建省2016","福建省","350525","永春县","Yongchun County","201601","2016","1","0.204950644653757","20.4950644653757"
"福建省2016","福建省","350526","德化县","Dehua County","201601","2016","1","0.205230690580647","20.5230690580647"
"福建省2016","福建省","350527","金门县","Kinmen County","201601","2016","1","0.260267041829776","26.0267041829776"
"福建省2016","福建省","350581","石狮市","Shishi City","201601","2016","1","0.197422224821818","19.7422224821818"
"福建省2016","福建省","350582","晋江市","Jinjiang City","201601","2016","1","0.293518715979496","29.3518715979496"
"福建省2016","福建省","350583","南安市","Nan'an City","201601","2016","1","0.209959566455201","20.9959566455201"
"福建省2016","福建省","350602","芗城区","Xiangcheng District","201601","2016","1","0.129977619266485","12.9977619266485"
"福建省2016","福建省","350603","龙文区","Longwen District","201601","2016","1","0.166116994058658","16.6116994058658"
"福建省2016","福建省","350622","云霄县","Yunxiao County","201601","2016","1","0.23418450346092","23.418450346092"
"福建省2016","福建省","350623","漳浦县","Zhangpu County","201601","2016","1","0.142823843262619","14.2823843262619"
"福建省2016","福建省","350624","诏安县","Zhao'an County","201601","2016","1","0.201951498649381","20.1951498649381"
"福建省2016","福建省","350625","长泰县","Changtai County","201601","2016","1","0.142641385669216","14.2641385669216"
"福建省2016","福建省","350626","东山县","Dongshan County","201601","2016","1","0.154876718480402","15.4876718480402"
"福建省2016","福建省","350627","南靖县","Nanjing County","201601","2016","1","0.159833921058022","15.9833921058022"
"福建省2016","福建省","350628","平和县","Pinghe County","201601","2016","1","0.168497697329001","16.8497697329001"
"福建省2016","福建省","350629","华安县","Hua'an County","201601","2016","1","0.112673832756039","11.2673832756039"
"福建省2016","福建省","350681","龙海市","Longhai  City","201601","2016","1","0.193488319448725","19.3488319448725"
"福建省2016","福建省","350702","延平区","Yanping District","201601","2016","1","0.0142234169163592","1.42234169163592"
"福建省2016","福建省","350721","顺昌县","Shunchang County","201601","2016","1","0.124157056199736","12.4157056199736"
"福建省2016","福建省","350722","浦城县","Pucheng County","201601","2016","1","0.0960859023136135","9.60859023136135"
"福建省2016","福建省","350723","光泽县","Guangze County","201601","2016","1","0.121563724872532","12.1563724872532"
"福建省2016","福建省","350724","松溪县","Songxi County","201601","2016","1","0.0966054611681248","9.66054611681248"
"福建省2016","福建省","350725","政和县","Zhenghe County","201601","2016","1","0.106343116828822","10.6343116828822"
"福建省2016","福建省","350781","邵武市","Shaowu City","201601","2016","1","0.196093763306736","19.6093763306736"
"福建省2016","福建省","350782","武夷山市","Wuyishan City","201601","2016","1","0.128330101595757","12.8330101595757"
"福建省2016","福建省","350783","建瓯市","Jian'ou City","201601","2016","1","0.176262397637072","17.6262397637072"
"福建省2016","福建省","350784","建阳市","Jianyang City","201601","2016","1","0.0991728146900374","9.91728146900374"
"福建省2016","福建省","350802","新罗区","Xinluo District","201601","2016","1","0.150454164112048","15.0454164112048"
"福建省2016","福建省","350821","长汀县","Changting County","201601","2016","1","0.166007557984182","16.6007557984182"
"福建省2016","福建省","350822","永定县","Yongding County","201601","2016","1","0.136355370661287","13.6355370661287"
"福建省2016","福建省","350823","上杭县","Shanghang County","201601","2016","1","0.160385286758747","16.0385286758747"
"福建省2016","福建省","350824","武平县","Wuping County","201601","2016","1","0.114870497940118","11.4870497940118"
"福建省2016","福建省","350825","连城县","Liancheng County","201601","2016","1","0.134539914858253","13.4539914858253"
"福建省2016","福建省","350881","漳平市","Zhangping City","201601","2016","1","0.0667377056135316","6.67377056135316"
"福建省2016","福建省","350902","蕉城区","Jiaocheng District","201601","2016","1","0.230131975913967","23.0131975913967"
"福建省2016","福建省","350921","霞浦县","Xiapu County","201601","2016","1","0.222539485191956","22.2539485191956"
"福建省2016","福建省","350922","古田县","Gutian County","201601","2016","1","0.253760125228437","25.3760125228437"
"福建省2016","福建省","350923","屏南县","Pingnan County","201601","2016","1","0.196563011179469","19.6563011179469"
"福建省2016","福建省","350924","寿宁县","Shouning County","201601","2016","1","0.231680707741542","23.1680707741542"
"福建省2016","福建省","350925","周宁县","Zhouning County","201601","2016","1","0.193584053337255","19.3584053337255"
"福建省2016","福建省","350926","柘荣县","Zherong County","201601","2016","1","0.293867359877753","29.3867359877753"
"福建省2016","福建省","350981","福安市","Fu'an City","201601","2016","1","0.232209621281343","23.2209621281343"
"福建省2016","福建省","350982","福鼎市","Fuding City","201601","2016","1","0.224042331417767","22.4042331417767"
"福建省2016","福建省","350102","鼓楼区","Gulou District","201602","2016","2","0.256577043612576","25.6577043612576"
"福建省2016","福建省","350103","台江区","Taijiang District","201602","2016","2","0.256577043612576","25.6577043612576"
"福建省2016","福建省","350104","仓山区","Cangshan District","201602","2016","2","0.245485957398253","24.5485957398253"
"福建省2016","福建省","350105","马尾区","Mawei District","201602","2016","2","0.185622503330343","18.5622503330343"
"福建省2016","福建省","350111","晋安区","Jin'an District","201602","2016","2","0.249546195001692","24.9546195001692"
"福建省2016","福建省","350121","闽侯县","Minhou County","201602","2016","2","0.232832600258948","23.2832600258948"
"福建省2016","福建省","350122","连江县","Lianjiang County","201602","2016","2","0.205984674550104","20.5984674550104"
"福建省2016","福建省","350123","罗源县","Luoyuan County","201602","2016","2","0.250372111095285","25.0372111095285"
"福建省2016","福建省","350124","闽清县","Minqing County","201602","2016","2","0.253131659879087","25.3131659879087"
"福建省2016","福建省","350125","永泰县","Yongtai County","201602","2016","2","0.251758343518456","25.1758343518456"
"福建省2016","福建省","350128","平潭县","Pingtan County","201602","2016","2","0.25577787953672","25.577787953672"
"福建省2016","福建省","350181","福清市","Fuqing City","201602","2016","2","0.25165752639839","25.165752639839"
"福建省2016","福建省","350182","长乐市","Changle City","201602","2016","2","0.255330113539727","25.5330113539727"
"福建省2016","福建省","350203","思明区","Siming District","201602","2016","2","0.228419539842501","22.8419539842501"
"福建省2016","福建省","350205","海沧区","Haicang District","201602","2016","2","0.196370927697364","19.6370927697364"
"福建省2016","福建省","350206","湖里区","Huli District","201602","2016","2","0.206889822354288","20.6889822354288"
"福建省2016","福建省","350211","集美区","Jimei District","201602","2016","2","0.209499026410969","20.9499026410969"
"福建省2016","福建省","350212","同安区","Tong'an District","201602","2016","2","0.238319949618916","23.8319949618916"
"福建省2016","福建省","350213","翔安区","Xiang'an District","201602","2016","2","0.204165225826552","20.4165225826552"
"福建省2016","福建省","350302","城厢区","Chengxiang District","201602","2016","2","0.247786587860935","24.7786587860935"
"福建省2016","福建省","350303","涵江区","Hanjiang District","201602","2016","2","0.210783871820416","21.0783871820416"
"福建省2016","福建省","350304","荔城区","Licheng District","201602","2016","2","0.223051414618023","22.3051414618023"
"福建省2016","福建省","350305","秀屿区","Xiuyu District","201602","2016","2","0.244293486986418","24.4293486986418"
"福建省2016","福建省","350322","仙游县","Xianyou County","201602","2016","2","0.187625672209132","18.7625672209132"
"福建省2016","福建省","350402","梅列区","Melie district","201602","2016","2","0.255650969166666","25.5650969166666"
"福建省2016","福建省","350403","三元区","Sanyuan District","201602","2016","2","0.263166331836992","26.3166331836992"
"福建省2016","福建省","350421","明溪县","Mingxi County","201602","2016","2","0.250461508352721","25.0461508352721"
"福建省2016","福建省","350423","清流县","Qingliu County","201602","2016","2","0.217874504291747","21.7874504291747"
"福建省2016","福建省","350424","宁化县","Ninghua County","201602","2016","2","0.198607698918582","19.8607698918582"
"福建省2016","福建省","350425","大田县","Datian County","201602","2016","2","0.272582389726276","27.2582389726276"
"福建省2016","福建省","350426","尤溪县","Youxi County","201602","2016","2","0.242288292328082","24.2288292328082"
"福建省2016","福建省","350427","沙县","Sha County","201602","2016","2","0.235258074081888","23.5258074081888"
"福建省2016","福建省","350428","将乐县","Jiangle County","201602","2016","2","0.243828269599541","24.3828269599541"
"福建省2016","福建省","350429","泰宁县","Taining County","201602","2016","2","0.20130870716299","20.130870716299"
"福建省2016","福建省","350430","建宁县","Jianning County","201602","2016","2","0.259033487765796","25.9033487765796"
"福建省2016","福建省","350481","永安市","Yong'an City","201602","2016","2","0.23194485436835","23.194485436835"
"福建省2016","福建省","350502","鲤城区","Licheng District","201602","2016","2","0.213545497692519","21.3545497692519"
"福建省2016","福建省","350503","丰泽区","Fengze District","201602","2016","2","0.232164214866691","23.2164214866691"
"福建省2016","福建省","350504","洛江区","Luojiang District","201602","2016","2","0.210950531815016","21.0950531815016"
"福建省2016","福建省","350505","泉港区","Quangang District","201602","2016","2","0.210064083302907","21.0064083302907"
"福建省2016","福建省","350521","惠安县","Hui'an County","201602","2016","2","0.213524181654001","21.3524181654001"
"福建省2016","福建省","350524","安溪县","Anxi County","201602","2016","2","0.209679521444539","20.9679521444539"
"福建省2016","福建省","350525","永春县","Yongchun County","201602","2016","2","0.204950644653757","20.4950644653757"
"福建省2016","福建省","350526","德化县","Dehua County","201602","2016","2","0.205230690580647","20.5230690580647"
"福建省2016","福建省","350527","金门县","Kinmen County","201602","2016","2","0.260112759155801","26.0112759155801"
"福建省2016","福建省","350581","石狮市","Shishi City","201602","2016","2","0.168549721656665","16.8549721656665"
"福建省2016","福建省","350582","晋江市","Jinjiang City","201602","2016","2","0.293165940810331","29.3165940810331"
"福建省2016","福建省","350583","南安市","Nan'an City","201602","2016","2","0.209959566455201","20.9959566455201"
"福建省2016","福建省","350602","芗城区","Xiangcheng District","201602","2016","2","0.148848769095729","14.8848769095729"
"福建省2016","福建省","350603","龙文区","Longwen District","201602","2016","2","0.166116994058658","16.6116994058658"
"福建省2016","福建省","350622","云霄县","Yunxiao County","201602","2016","2","0.23418450346092","23.418450346092"
"福建省2016","福建省","350623","漳浦县","Zhangpu County","201602","2016","2","0.142823843262619","14.2823843262619"
"福建省2016","福建省","350624","诏安县","Zhao'an County","201602","2016","2","0.195640700597141","19.5640700597141"
"福建省2016","福建省","350625","长泰县","Changtai County","201602","2016","2","0.142150510240531","14.2150510240531"
"福建省2016","福建省","350626","东山县","Dongshan County","201602","2016","2","0.161417074645799","16.1417074645799"
"福建省2016","福建省","350627","南靖县","Nanjing County","201602","2016","2","0.153070193149211","15.3070193149211"
"福建省2016","福建省","350628","平和县","Pinghe County","201602","2016","2","0.168507299395783","16.8507299395783"
"福建省2016","福建省","350629","华安县","Hua'an County","201602","2016","2","0.148552048740083","14.8552048740083"
"福建省2016","福建省","350681","龙海市","Longhai  City","201602","2016","2","0.193488319448725","19.3488319448725"
"福建省2016","福建省","350702","延平区","Yanping District","201602","2016","2","0.0858746274576055","8.58746274576055"
"福建省2016","福建省","350721","顺昌县","Shunchang County","201602","2016","2","0.123309834146131","12.3309834146131"
"福建省2016","福建省","350722","浦城县","Pucheng County","201602","2016","2","0.0960859023136135","9.60859023136135"
"福建省2016","福建省","350723","光泽县","Guangze County","201602","2016","2","0.129719159665298","12.9719159665298"
"福建省2016","福建省","350724","松溪县","Songxi County","201602","2016","2","0.0966054611681248","9.66054611681248"
"福建省2016","福建省","350725","政和县","Zhenghe County","201602","2016","2","0.104376488028784","10.4376488028784"
"福建省2016","福建省","350781","邵武市","Shaowu City","201602","2016","2","0.195197375556035","19.5197375556035"
"福建省2016","福建省","350782","武夷山市","Wuyishan City","201602","2016","2","0.128330101595757","12.8330101595757"
"福建省2016","福建省","350783","建瓯市","Jian'ou City","201602","2016","2","0.170296269803354","17.0296269803354"
"福建省2016","福建省","350784","建阳市","Jianyang City","201602","2016","2","0.0906549366929266","9.06549366929266"
"福建省2016","福建省","350802","新罗区","Xinluo District","201602","2016","2","0.105791367228671","10.5791367228671"
"福建省2016","福建省","350821","长汀县","Changting County","201602","2016","2","0.152998408537743","15.2998408537743"
"福建省2016","福建省","350822","永定县","Yongding County","201602","2016","2","0.163185964089854","16.3185964089854"
"福建省2016","福建省","350823","上杭县","Shanghang County","201602","2016","2","0.160718641564601","16.0718641564601"
"福建省2016","福建省","350824","武平县","Wuping County","201602","2016","2","0.118839055962804","11.8839055962804"
"福建省2016","福建省","350825","连城县","Liancheng County","201602","2016","2","0.135134822450166","13.5134822450166"
"福建省2016","福建省","350881","漳平市","Zhangping City","201602","2016","2","0.075791878281168","7.5791878281168"
"福建省2016","福建省","350902","蕉城区","Jiaocheng District","201602","2016","2","0.248822886337182","24.8822886337182"
"福建省2016","福建省","350921","霞浦县","Xiapu County","201602","2016","2","0.222539485191956","22.2539485191956"
"福建省2016","福建省","350922","古田县","Gutian County","201602","2016","2","0.255868642889726","25.5868642889726"
"福建省2016","福建省","350923","屏南县","Pingnan County","201602","2016","2","0.190635374989602","19.0635374989602"
"福建省2016","福建省","350924","寿宁县","Shouning County","201602","2016","2","0.193936969605493","19.3936969605493"
"福建省2016","福建省","350925","周宁县","Zhouning County","201602","2016","2","0.193634144424374","19.3634144424374"
"福建省2016","福建省","350926","柘荣县","Zherong County","201602","2016","2","0.291464537953386","29.1464537953386"
"福建省2016","福建省","350981","福安市","Fu'an City","201602","2016","2","0.224188153644733","22.4188153644733"
"福建省2016","福建省","350982","福鼎市","Fuding City","201602","2016","2","0.227356115527596","22.7356115527596"
"福建省2016","福建省","350102","鼓楼区","Gulou District","201603","2016","3","0.256577043612576","25.6577043612576"
"福建省2016","福建省","350103","台江区","Taijiang District","201603","2016","3","0.256577043612576","25.6577043612576"
"福建省2016","福建省","350104","仓山区","Cangshan District","201603","2016","3","0.22968987861804","22.968987861804"
"福建省2016","福建省","350105","马尾区","Mawei District","201603","2016","3","0.184683217796559","18.4683217796559"
"福建省2016","福建省","350111","晋安区","Jin'an District","201603","2016","3","0.244826069102116","24.4826069102116"
"福建省2016","福建省","350121","闽侯县","Minhou County","201603","2016","3","0.205500903551364","20.5500903551364"
"福建省2016","福建省","350122","连江县","Lianjiang County","201603","2016","3","0.205984674550104","20.5984674550104"
"福建省2016","福建省","350123","罗源县","Luoyuan County","201603","2016","3","0.25057145934719","25.057145934719"
"福建省2016","福建省","350124","闽清县","Minqing County","201603","2016","3","0.255549463043335","25.5549463043335"
"福建省2016","福建省","350125","永泰县","Yongtai County","201603","2016","3","0.196783250340218","19.6783250340218"
"福建省2016","福建省","350128","平潭县","Pingtan County","201603","2016","3","0.248121231799228","24.8121231799228"
"福建省2016","福建省","350181","福清市","Fuqing City","201603","2016","3","0.255013274655228","25.5013274655228"
"福建省2016","福建省","350182","长乐市","Changle City","201603","2016","3","0.256006320768254","25.6006320768254"
"福建省2016","福建省","350203","思明区","Siming District","201603","2016","3","0.2170789794725","21.70789794725"
"福建省2016","福建省","350205","海沧区","Haicang District","201603","2016","3","0.204006108218759","20.4006108218759"
"福建省2016","福建省","350206","湖里区","Huli District","201603","2016","3","0.211087501449496","21.1087501449496"
"福建省2016","福建省","350211","集美区","Jimei District","201603","2016","3","0.212310167062939","21.2310167062939"
"福建省2016","福建省","350212","同安区","Tong'an District","201603","2016","3","0.23715402690603","23.715402690603"
"福建省2016","福建省","350213","翔安区","Xiang'an District","201603","2016","3","0.200718253354151","20.0718253354151"
"福建省2016","福建省","350302","城厢区","Chengxiang District","201603","2016","3","0.247786587860935","24.7786587860935"
"福建省2016","福建省","350303","涵江区","Hanjiang District","201603","2016","3","0.184940837216903","18.4940837216903"
"福建省2016","福建省","350304","荔城区","Licheng District","201603","2016","3","0.233004442437681","23.3004442437681"
"福建省2016","福建省","350305","秀屿区","Xiuyu District","201603","2016","3","0.219427056789024","21.9427056789024"
"福建省2016","福建省","350322","仙游县","Xianyou County","201603","2016","3","0.188684551118187","18.8684551118187"
"福建省2016","福建省","350402","梅列区","Melie district","201603","2016","3","0.254878451742357","25.4878451742357"
"福建省2016","福建省","350403","三元区","Sanyuan District","201603","2016","3","0.263166331836992","26.3166331836992"
"福建省2016","福建省","350421","明溪县","Mingxi County","201603","2016","3","0.254090501377888","25.4090501377888"
"福建省2016","福建省","350423","清流县","Qingliu County","201603","2016","3","0.197421983853921","19.7421983853921"
"福建省2016","福建省","350424","宁化县","Ninghua County","201603","2016","3","0.204940300442501","20.4940300442501"
"福建省2016","福建省","350425","大田县","Datian County","201603","2016","3","0.268164285476085","26.8164285476085"
"福建省2016","福建省","350426","尤溪县","Youxi County","201603","2016","3","0.230144033471108","23.0144033471108"
"福建省2016","福建省","350427","沙县","Sha County","201603","2016","3","0.234665511116777","23.4665511116777"
"福建省2016","福建省","350428","将乐县","Jiangle County","201603","2016","3","0.24131134342033","24.131134342033"
"福建省2016","福建省","350429","泰宁县","Taining County","201603","2016","3","0.206771005023917","20.6771005023917"
"福建省2016","福建省","350430","建宁县","Jianning County","201603","2016","3","0.255457765138028","25.5457765138028"
"福建省2016","福建省","350481","永安市","Yong'an City","201603","2016","3","0.233119390538279","23.3119390538279"
"福建省2016","福建省","350502","鲤城区","Licheng District","201603","2016","3","0.213545497692519","21.3545497692519"
"福建省2016","福建省","350503","丰泽区","Fengze District","201603","2016","3","0.2389558327481","23.89558327481"
"福建省2016","福建省","350504","洛江区","Luojiang District","201603","2016","3","0.235742801622395","23.5742801622395"
"福建省2016","福建省","350505","泉港区","Quangang District","201603","2016","3","0.209959566455201","20.9959566455201"
"福建省2016","福建省","350521","惠安县","Hui'an County","201603","2016","3","0.213524181654001","21.3524181654001"
"福建省2016","福建省","350524","安溪县","Anxi County","201603","2016","3","0.209679521444539","20.9679521444539"
"福建省2016","福建省","350525","永春县","Yongchun County","201603","2016","3","0.205230690580647","20.5230690580647"
"福建省2016","福建省","350526","德化县","Dehua County","201603","2016","3","0.205230690580647","20.5230690580647"
"福建省2016","福建省","350527","金门县","Kinmen County","201603","2016","3","0.241637799947483","24.1637799947483"
"福建省2016","福建省","350581","石狮市","Shishi City","201603","2016","3","0.167352252306246","16.7352252306246"
"福建省2016","福建省","350582","晋江市","Jinjiang City","201603","2016","3","0.297357327253378","29.7357327253378"
"福建省2016","福建省","350583","南安市","Nan'an City","201603","2016","3","0.210064083302907","21.0064083302907"
"福建省2016","福建省","350602","芗城区","Xiangcheng District","201603","2016","3","0.155058684059504","15.5058684059504"
"福建省2016","福建省","350603","龙文区","Longwen District","201603","2016","3","0.166116994058658","16.6116994058658"
"福建省2016","福建省","350622","云霄县","Yunxiao County","201603","2016","3","0.233837975132529","23.3837975132529"
"福建省2016","福建省","350623","漳浦县","Zhangpu County","201603","2016","3","0.14283795408614","14.283795408614"
"福建省2016","福建省","350624","诏安县","Zhao'an County","201603","2016","3","0.195640700597141","19.5640700597141"
"福建省2016","福建省","350625","长泰县","Changtai County","201603","2016","3","0.141454773617591","14.1454773617591"
"福建省2016","福建省","350626","东山县","Dongshan County","201603","2016","3","0.222747632895137","22.2747632895137"
"福建省2016","福建省","350627","南靖县","Nanjing County","201603","2016","3","0.148471997921887","14.8471997921887"
"福建省2016","福建省","350628","平和县","Pinghe County","201603","2016","3","0.160030709369604","16.0030709369604"
"福建省2016","福建省","350629","华安县","Hua'an County","201603","2016","3","0.136726706772138","13.6726706772138"
"福建省2016","福建省","350681","龙海市","Longhai  City","201603","2016","3","0.193488319448725","19.3488319448725"
"福建省2016","福建省","350702","延平区","Yanping District","201603","2016","3","0.0343088525400776","3.43088525400776"
"福建省2016","福建省","350721","顺昌县","Shunchang County","201603","2016","3","0.122627018166869","12.2627018166869"
"福建省2016","福建省","350722","浦城县","Pucheng County","201603","2016","3","0.0981021540083923","9.81021540083923"
"福建省2016","福建省","350723","光泽县","Guangze County","201603","2016","3","0.128593365895246","12.8593365895246"
"福建省2016","福建省","350724","松溪县","Songxi County","201603","2016","3","0.103323249417735","10.3323249417735"
"福建省2016","福建省","350725","政和县","Zhenghe County","201603","2016","3","0.142038430849007","14.2038430849007"
"福建省2016","福建省","350781","邵武市","Shaowu City","201603","2016","3","0.178233086242254","17.8233086242254"
"福建省2016","福建省","350782","武夷山市","Wuyishan City","201603","2016","3","0.130603912239849","13.0603912239849"
"福建省2016","福建省","350783","建瓯市","Jian'ou City","201603","2016","3","0.170296269803354","17.0296269803354"
"福建省2016","福建省","350784","建阳市","Jianyang City","201603","2016","3","0.0981021540083923","9.81021540083923"
"福建省2016","福建省","350802","新罗区","Xinluo District","201603","2016","3","0.151070986955425","15.1070986955425"
"福建省2016","福建省","350821","长汀县","Changting County","201603","2016","3","0.152088833521089","15.2088833521089"
"福建省2016","福建省","350822","永定县","Yongding County","201603","2016","3","0.138320710328886","13.8320710328886"
"福建省2016","福建省","350823","上杭县","Shanghang County","201603","2016","3","0.160718641564601","16.0718641564601"
"福建省2016","福建省","350824","武平县","Wuping County","201603","2016","3","0.118787651921325","11.8787651921325"
"福建省2016","福建省","350825","连城县","Liancheng County","201603","2016","3","0.137704153191555","13.7704153191555"
"福建省2016","福建省","350881","漳平市","Zhangping City","201603","2016","3","0.0556703066351347","5.56703066351347"
"福建省2016","福建省","350902","蕉城区","Jiaocheng District","201603","2016","3","0.245806714072596","24.5806714072596"
"福建省2016","福建省","350921","霞浦县","Xiapu County","201603","2016","3","0.222539485191956","22.2539485191956"
"福建省2016","福建省","350922","古田县","Gutian County","201603","2016","3","0.248413500204255","24.8413500204255"
"福建省2016","福建省","350923","屏南县","Pingnan County","201603","2016","3","0.204400139290886","20.4400139290886"
"福建省2016","福建省","350924","寿宁县","Shouning County","201603","2016","3","0.212476982816256","21.2476982816256"
"福建省2016","福建省","350925","周宁县","Zhouning County","201603","2016","3","0.194766090663743","19.4766090663743"
"福建省2016","福建省","350926","柘荣县","Zherong County","201603","2016","3","0.208408949947152","20.8408949947152"
"福建省2016","福建省","350981","福安市","Fu'an City","201603","2016","3","0.222591033081191","22.2591033081191"
"福建省2016","福建省","350982","福鼎市","Fuding City","201603","2016","3","0.219182809712638","21.9182809712638"
"福建省2016","福建省","350102","鼓楼区","Gulou District","201604","2016","4","0.256577043612576","25.6577043612576"
"福建省2016","福建省","350103","台江区","Taijiang District","201604","2016","4","0.256577043612576","25.6577043612576"
"福建省2016","福建省","350104","仓山区","Cangshan District","201604","2016","4","0.247271918913906","24.7271918913906"
"福建省2016","福建省","350105","马尾区","Mawei District","201604","2016","4","0.187961397296166","18.7961397296166"
"福建省2016","福建省","350111","晋安区","Jin'an District","201604","2016","4","0.249554944976669","24.9554944976669"
"福建省2016","福建省","350121","闽侯县","Minhou County","201604","2016","4","0.205500903551364","20.5500903551364"
"福建省2016","福建省","350122","连江县","Lianjiang County","201604","2016","4","0.205984674550104","20.5984674550104"
"福建省2016","福建省","350123","罗源县","Luoyuan County","201604","2016","4","0.250471954265257","25.0471954265257"
"福建省2016","福建省","350124","闽清县","Minqing County","201604","2016","4","0.253131659879087","25.3131659879087"
"福建省2016","福建省","350125","永泰县","Yongtai County","201604","2016","4","0.251758343518456","25.1758343518456"
"福建省2016","福建省","350128","平潭县","Pingtan County","201604","2016","4","0.248945637033267","24.8945637033267"
"福建省2016","福建省","350181","福清市","Fuqing City","201604","2016","4","0.205500903551364","20.5500903551364"
"福建省2016","福建省","350182","长乐市","Changle City","201604","2016","4","0.256677201964892","25.6677201964892"
"福建省2016","福建省","350203","思明区","Siming District","201604","2016","4","0.233283409964514","23.3283409964514"
"福建省2016","福建省","350205","海沧区","Haicang District","201604","2016","4","0.207957952414898","20.7957952414898"
"福建省2016","福建省","350206","湖里区","Huli District","201604","2016","4","0.203434622156725","20.3434622156725"
"福建省2016","福建省","350211","集美区","Jimei District","201604","2016","4","0.204513458338551","20.4513458338551"
"福建省2016","福建省","350212","同安区","Tong'an District","201604","2016","4","0.237824876950925","23.7824876950925"
"福建省2016","福建省","350213","翔安区","Xiang'an District","201604","2016","4","0.203778541984723","20.3778541984723"
"福建省2016","福建省","350302","城厢区","Chengxiang District","201604","2016","4","0.207137191018606","20.7137191018606"
"福建省2016","福建省","350303","涵江区","Hanjiang District","201604","2016","4","0.21547579256505","21.547579256505"
"福建省2016","福建省","350304","荔城区","Licheng District","201604","2016","4","0.223836522844023","22.3836522844023"
"福建省2016","福建省","350305","秀屿区","Xiuyu District","201604","2016","4","0.221656378162438","22.1656378162438"
"福建省2016","福建省","350322","仙游县","Xianyou County","201604","2016","4","0.187765155972549","18.7765155972549"
"福建省2016","福建省","350402","梅列区","Melie district","201604","2016","4","0.271812506456737","27.1812506456737"
"福建省2016","福建省","350403","三元区","Sanyuan District","201604","2016","4","0.263166331836992","26.3166331836992"
"福建省2016","福建省","350421","明溪县","Mingxi County","201604","2016","4","0.253323462079274","25.3323462079274"
"福建省2016","福建省","350423","清流县","Qingliu County","201604","2016","4","0.230529198207334","23.0529198207334"
"福建省2016","福建省","350424","宁化县","Ninghua County","201604","2016","4","0.20523420614651","20.523420614651"
"福建省2016","福建省","350425","大田县","Datian County","201604","2016","4","0.226919493608682","22.6919493608682"
"福建省2016","福建省","350426","尤溪县","Youxi County","201604","2016","4","0.244382584637381","24.4382584637381"
"福建省2016","福建省","350427","沙县","Sha County","201604","2016","4","0.241330333156601","24.1330333156601"
"福建省2016","福建省","350428","将乐县","Jiangle County","201604","2016","4","0.250621808810534","25.0621808810534"
"福建省2016","福建省","350429","泰宁县","Taining County","201604","2016","4","0.206771005023917","20.6771005023917"
"福建省2016","福建省","350430","建宁县","Jianning County","201604","2016","4","0.20523420614651","20.523420614651"
"福建省2016","福建省","350481","永安市","Yong'an City","201604","2016","4","0.233119390538279","23.3119390538279"
"福建省2016","福建省","350502","鲤城区","Licheng District","201604","2016","4","0.213545497692519","21.3545497692519"
"福建省2016","福建省","350503","丰泽区","Fengze District","201604","2016","4","0.237470122729827","23.7470122729827"
"福建省2016","福建省","350504","洛江区","Luojiang District","201604","2016","4","0.214737530147492","21.4737530147492"
"福建省2016","福建省","350505","泉港区","Quangang District","201604","2016","4","0.211465482960191","21.1465482960191"
"福建省2016","福建省","350521","惠安县","Hui'an County","201604","2016","4","0.213440981761041","21.3440981761041"
"福建省2016","福建省","350524","安溪县","Anxi County","201604","2016","4","0.209679521444539","20.9679521444539"
"福建省2016","福建省","350525","永春县","Yongchun County","201604","2016","4","0.209959566455201","20.9959566455201"
"福建省2016","福建省","350526","德化县","Dehua County","201604","2016","4","0.205230690580647","20.5230690580647"
"福建省2016","福建省","350527","金门县","Kinmen County","201604","2016","4","0.260267041829776","26.0267041829776"
"福建省2016","福建省","350581","石狮市","Shishi City","201604","2016","4","0.172677329486291","17.2677329486291"
"福建省2016","福建省","350582","晋江市","Jinjiang City","201604","2016","4","0.293667052335397","29.3667052335397"
"福建省2016","福建省","350583","南安市","Nan'an City","201604","2016","4","0.209959566455201","20.9959566455201"
"福建省2016","福建省","350602","芗城区","Xiangcheng District","201604","2016","4","0.138969422478974","13.8969422478974"
"福建省2016","福建省","350603","龙文区","Longwen District","201604","2016","4","0.166116994058658","16.6116994058658"
"福建省2016","福建省","350622","云霄县","Yunxiao County","201604","2016","4","0.23418450346092","23.418450346092"
"福建省2016","福建省","350623","漳浦县","Zhangpu County","201604","2016","4","0.142823843262619","14.2823843262619"
"福建省2016","福建省","350624","诏安县","Zhao'an County","201604","2016","4","0.197874117508581","19.7874117508581"
"福建省2016","福建省","350625","长泰县","Changtai County","201604","2016","4","0.142150510240531","14.2150510240531"
"福建省2016","福建省","350626","东山县","Dongshan County","201604","2016","4","0.231248599160506","23.1248599160506"
"福建省2016","福建省","350627","南靖县","Nanjing County","201604","2016","4","0.148714123931041","14.8714123931041"
"福建省2016","福建省","350628","平和县","Pinghe County","201604","2016","4","0.169832310397172","16.9832310397172"
"福建省2016","福建省","350629","华安县","Hua'an County","201604","2016","4","0.140331445416405","14.0331445416405"
"福建省2016","福建省","350681","龙海市","Longhai  City","201604","2016","4","0.193488319448725","19.3488319448725"
"福建省2016","福建省","350702","延平区","Yanping District","201604","2016","4","0.013379205587128","1.3379205587128"
"福建省2016","福建省","350721","顺昌县","Shunchang County","201604","2016","4","0.12109758667677","12.109758667677"
"福建省2016","福建省","350722","浦城县","Pucheng County","201604","2016","4","0.0997684314422262","9.97684314422262"
"福建省2016","福建省","350723","光泽县","Guangze County","201604","2016","4","0.133987411202667","13.3987411202667"
"福建省2016","福建省","350724","松溪县","Songxi County","201604","2016","4","0.126305807253821","12.6305807253821"
"福建省2016","福建省","350725","政和县","Zhenghe County","201604","2016","4","0.104616944670983","10.4616944670983"
"福建省2016","福建省","350781","邵武市","Shaowu City","201604","2016","4","0.138083285484299","13.8083285484299"
"福建省2016","福建省","350782","武夷山市","Wuyishan City","201604","2016","4","0.129362834113616","12.9362834113616"
"福建省2016","福建省","350783","建瓯市","Jian'ou City","201604","2016","4","0.170296269803354","17.0296269803354"
"福建省2016","福建省","350784","建阳市","Jianyang City","201604","2016","4","0.12330700483485","12.330700483485"
"福建省2016","福建省","350802","新罗区","Xinluo District","201604","2016","4","0.15047576692985","15.047576692985"
"福建省2016","福建省","350821","长汀县","Changting County","201604","2016","4","0.152088833521089","15.2088833521089"
"福建省2016","福建省","350822","永定县","Yongding County","201604","2016","4","0.136355370661287","13.6355370661287"
"福建省2016","福建省","350823","上杭县","Shanghang County","201604","2016","4","0.14561883540056","14.561883540056"
"福建省2016","福建省","350824","武平县","Wuping County","201604","2016","4","0.1220963720404","12.20963720404"
"福建省2016","福建省","350825","连城县","Liancheng County","201604","2016","4","0.138445372276051","13.8445372276051"
"福建省2016","福建省","350881","漳平市","Zhangping City","201604","2016","4","0.0611098939589145","6.11098939589145"
"福建省2016","福建省","350902","蕉城区","Jiaocheng District","201604","2016","4","0.264334101665014","26.4334101665014"
"福建省2016","福建省","350921","霞浦县","Xiapu County","201604","2016","4","0.222591033081191","22.2591033081191"
"福建省2016","福建省","350922","古田县","Gutian County","201604","2016","4","0.254248100796305","25.4248100796305"
"福建省2016","福建省","350923","屏南县","Pingnan County","201604","2016","4","0.207616421192635","20.7616421192635"
"福建省2016","福建省","350924","寿宁县","Shouning County","201604","2016","4","0.201227763938969","20.1227763938969"
"福建省2016","福建省","350925","周宁县","Zhouning County","201604","2016","4","0.199197306132983","19.9197306132983"
"福建省2016","福建省","350926","柘荣县","Zherong County","201604","2016","4","0.208984267673621","20.8984267673621"
"福建省2016","福建省","350981","福安市","Fu'an City","201604","2016","4","0.222307596195412","22.2307596195412"
"福建省2016","福建省","350982","福鼎市","Fuding City","201604","2016","4","0.22717848553819","22.717848553819"
"福建省2016","福建省","350102","鼓楼区","Gulou District","201605","2016","5","0.256577043612576","25.6577043612576"
"福建省2016","福建省","350103","台江区","Taijiang District","201605","2016","5","0.256577043612576","25.6577043612576"
"福建省2016","福建省","350104","仓山区","Cangshan District","201605","2016","5","0.240907997060707","24.0907997060707"
"福建省2016","福建省","350105","马尾区","Mawei District","201605","2016","5","0.189157377776498","18.9157377776498"
"福建省2016","福建省","350111","晋安区","Jin'an District","201605","2016","5","0.249094810821329","24.9094810821329"
"福建省2016","福建省","350121","闽侯县","Minhou County","201605","2016","5","0.205600409549526","20.5600409549526"
"福建省2016","福建省","350122","连江县","Lianjiang County","201605","2016","5","0.191680548964027","19.1680548964027"
"福建省2016","福建省","350123","罗源县","Luoyuan County","201605","2016","5","0.250372111095285","25.0372111095285"
"福建省2016","福建省","350124","闽清县","Minqing County","201605","2016","5","0.251566303099055","25.1566303099055"
"福建省2016","福建省","350125","永泰县","Yongtai County","201605","2016","5","0.251758343518456","25.1758343518456"
"福建省2016","福建省","350128","平潭县","Pingtan County","201605","2016","5","0.254927174901451","25.4927174901451"
"福建省2016","福建省","350181","福清市","Fuqing City","201605","2016","5","0.206796390029857","20.6796390029857"
"福建省2016","福建省","350182","长乐市","Changle City","201605","2016","5","0.256677201964892","25.6677201964892"
"福建省2016","福建省","350203","思明区","Siming District","201605","2016","5","0.246358961184413","24.6358961184413"
"福建省2016","福建省","350205","海沧区","Haicang District","201605","2016","5","0.200178597960252","20.0178597960252"
"福建省2016","福建省","350206","湖里区","Huli District","201605","2016","5","0.203191677039967","20.3191677039967"
"福建省2016","福建省","350211","集美区","Jimei District","201605","2016","5","0.212105852856649","21.2105852856649"
"福建省2016","福建省","350212","同安区","Tong'an District","201605","2016","5","0.237824876950925","23.7824876950925"
"福建省2016","福建省","350213","翔安区","Xiang'an District","201605","2016","5","0.204317710861688","20.4317710861688"
"福建省2016","福建省","350302","城厢区","Chengxiang District","201605","2016","5","0.203945073707438","20.3945073707438"
"福建省2016","福建省","350303","涵江区","Hanjiang District","201605","2016","5","0.160528967761469","16.0528967761469"
"福建省2016","福建省","350304","荔城区","Licheng District","201605","2016","5","0.27320396229429","27.320396229429"
"福建省2016","福建省","350305","秀屿区","Xiuyu District","201605","2016","5","0.234624321182214","23.4624321182214"
"福建省2016","福建省","350322","仙游县","Xianyou County","201605","2016","5","0.194405068528633","19.4405068528633"
"福建省2016","福建省","350402","梅列区","Melie district","201605","2016","5","0.269579090461525","26.9579090461525"
"福建省2016","福建省","350403","三元区","Sanyuan District","201605","2016","5","0.262426138927573","26.2426138927573"
"福建省2016","福建省","350421","明溪县","Mingxi County","201605","2016","5","0.231559612668994","23.1559612668994"
"福建省2016","福建省","350423","清流县","Qingliu County","201605","2016","5","0.214497229264009","21.4497229264009"
"福建省2016","福建省","350424","宁化县","Ninghua County","201605","2016","5","0.226762551125559","22.6762551125559"
"福建省2016","福建省","350425","大田县","Datian County","201605","2016","5","0.223050692630559","22.3050692630559"
"福建省2016","福建省","350426","尤溪县","Youxi County","201605","2016","5","0.202036118695348","20.2036118695348"
"福建省2016","福建省","350427","沙县","Sha County","201605","2016","5","0.239861892198891","23.9861892198891"
"福建省2016","福建省","350428","将乐县","Jiangle County","201605","2016","5","0.234229060532451","23.4229060532451"
"福建省2016","福建省","350429","泰宁县","Taining County","201605","2016","5","0.198565956498688","19.8565956498688"
"福建省2016","福建省","350430","建宁县","Jianning County","201605","2016","5","0.234650608672483","23.4650608672483"
"福建省2016","福建省","350481","永安市","Yong'an City","201605","2016","5","0.233112569222708","23.3112569222708"
"福建省2016","福建省","350502","鲤城区","Licheng District","201605","2016","5","0.213545497692519","21.3545497692519"
"福建省2016","福建省","350503","丰泽区","Fengze District","201605","2016","5","0.240306447733861","24.0306447733861"
"福建省2016","福建省","350504","洛江区","Luojiang District","201605","2016","5","0.214801754047598","21.4801754047598"
"福建省2016","福建省","350505","泉港区","Quangang District","201605","2016","5","0.210064083302907","21.0064083302907"
"福建省2016","福建省","350521","惠安县","Hui'an County","201605","2016","5","0.213440981761041","21.3440981761041"
"福建省2016","福建省","350524","安溪县","Anxi County","201605","2016","5","0.209679521444539","20.9679521444539"
"福建省2016","福建省","350525","永春县","Yongchun County","201605","2016","5","0.209679521444539","20.9679521444539"
"福建省2016","福建省","350526","德化县","Dehua County","201605","2016","5","0.205230690580647","20.5230690580647"
"福建省2016","福建省","350527","金门县","Kinmen County","201605","2016","5","0.241623034021123","24.1623034021123"
"福建省2016","福建省","350581","石狮市","Shishi City","201605","2016","5","0.16299682353127","16.299682353127"
"福建省2016","福建省","350582","晋江市","Jinjiang City","201605","2016","5","0.227201173169644","22.7201173169644"
"福建省2016","福建省","350583","南安市","Nan'an City","201605","2016","5","0.209959566455201","20.9959566455201"
"福建省2016","福建省","350602","芗城区","Xiangcheng District","201605","2016","5","0.126430027579212","12.6430027579212"
"福建省2016","福建省","350603","龙文区","Longwen District","201605","2016","5","0.166116994058658","16.6116994058658"
"福建省2016","福建省","350622","云霄县","Yunxiao County","201605","2016","5","0.233837975132529","23.3837975132529"
"福建省2016","福建省","350623","漳浦县","Zhangpu County","201605","2016","5","0.143752684716322","14.3752684716322"
"福建省2016","福建省","350624","诏安县","Zhao'an County","201605","2016","5","0.195640700597141","19.5640700597141"
"福建省2016","福建省","350625","长泰县","Changtai County","201605","2016","5","0.160633398483767","16.0633398483767"
"福建省2016","福建省","350626","东山县","Dongshan County","201605","2016","5","0.222433716777148","22.2433716777148"
"福建省2016","福建省","350627","南靖县","Nanjing County","201605","2016","5","0.154071797745616","15.4071797745616"
"福建省2016","福建省","350628","平和县","Pinghe County","201605","2016","5","0.168497697329001","16.8497697329001"
"福建省2016","福建省","350629","华安县","Hua'an County","201605","2016","5","0.140599026981034","14.0599026981034"
"福建省2016","福建省","350681","龙海市","Longhai  City","201605","2016","5","0.193488319448725","19.3488319448725"
"福建省2016","福建省","350702","延平区","Yanping District","201605","2016","5","0.159164477422718","15.9164477422718"
"福建省2016","福建省","350721","顺昌县","Shunchang County","201605","2016","5","0.123837080151434","12.3837080151434"
"福建省2016","福建省","350722","浦城县","Pucheng County","201605","2016","5","0.10174191637449","10.174191637449"
"福建省2016","福建省","350723","光泽县","Guangze County","201605","2016","5","0.128593365895246","12.8593365895246"
"福建省2016","福建省","350724","松溪县","Songxi County","201605","2016","5","0.136999779289651","13.6999779289651"
"福建省2016","福建省","350725","政和县","Zhenghe County","201605","2016","5","0.10070091123631","10.070091123631"
"福建省2016","福建省","350781","邵武市","Shaowu City","201605","2016","5","0.13748463601827","13.748463601827"
"福建省2016","福建省","350782","武夷山市","Wuyishan City","201605","2016","5","0.130860608102624","13.0860608102624"
"福建省2016","福建省","350783","建瓯市","Jian'ou City","201605","2016","5","0.170296269803354","17.0296269803354"
"福建省2016","福建省","350784","建阳市","Jianyang City","201605","2016","5","0.12330700483485","12.330700483485"
"福建省2016","福建省","350802","新罗区","Xinluo District","201605","2016","5","0.152947823603868","15.2947823603868"
"福建省2016","福建省","350821","长汀县","Changting County","201605","2016","5","0.152754001121501","15.2754001121501"
"福建省2016","福建省","350822","永定县","Yongding County","201605","2016","5","0.136355370661287","13.6355370661287"
"福建省2016","福建省","350823","上杭县","Shanghang County","201605","2016","5","0.14561883540056","14.561883540056"
"福建省2016","福建省","350824","武平县","Wuping County","201605","2016","5","0.120800299176149","12.0800299176149"
"福建省2016","福建省","350825","连城县","Liancheng County","201605","2016","5","0.129665567671961","12.9665567671961"
"福建省2016","福建省","350881","漳平市","Zhangping City","201605","2016","5","0.119382559513238","11.9382559513238"
"福建省2016","福建省","350902","蕉城区","Jiaocheng District","201605","2016","5","0.248698360907952","24.8698360907952"
"福建省2016","福建省","350921","霞浦县","Xiapu County","201605","2016","5","0.222591033081191","22.2591033081191"
"福建省2016","福建省","350922","古田县","Gutian County","201605","2016","5","0.259423018327233","25.9423018327233"
"福建省2016","福建省","350923","屏南县","Pingnan County","201605","2016","5","0.206552342691119","20.6552342691119"
"福建省2016","福建省","350924","寿宁县","Shouning County","201605","2016","5","0.204480984478538","20.4480984478538"
"福建省2016","福建省","350925","周宁县","Zhouning County","201605","2016","5","0.194403794055838","19.4403794055838"
"福建省2016","福建省","350926","柘荣县","Zherong County","201605","2016","5","0.229794699653358","22.9794699653358"
"福建省2016","福建省","350981","福安市","Fu'an City","201605","2016","5","0.223904715842726","22.3904715842726"
"福建省2016","福建省","350982","福鼎市","Fuding City","201605","2016","5","0.226755038058039","22.6755038058039"
"福建省2016","福建省","350102","鼓楼区","Gulou District","201606","2016","6","0.256577043612576","25.6577043612576"
"福建省2016","福建省","350103","台江区","Taijiang District","201606","2016","6","0.256577043612576","25.6577043612576"
"福建省2016","福建省","350104","仓山区","Cangshan District","201606","2016","6","0.247528614776681","24.7528614776681"
"福建省2016","福建省","350105","马尾区","Mawei District","201606","2016","6","0.187961397296166","18.7961397296166"
"福建省2016","福建省","350111","晋安区","Jin'an District","201606","2016","6","0.252709406243691","25.2709406243691"
"福建省2016","福建省","350121","闽侯县","Minhou County","201606","2016","6","0.205984674550104","20.5984674550104"
"福建省2016","福建省","350122","连江县","Lianjiang County","201606","2016","6","0.205984674550104","20.5984674550104"
"福建省2016","福建省","350123","罗源县","Luoyuan County","201606","2016","6","0.250372111095285","25.0372111095285"
"福建省2016","福建省","350124","闽清县","Minqing County","201606","2016","6","0.256608641558863","25.6608641558863"
"福建省2016","福建省","350125","永泰县","Yongtai County","201606","2016","6","0.251758343518456","25.1758343518456"
"福建省2016","福建省","350128","平潭县","Pingtan County","201606","2016","6","0.252751653505074","25.2751653505074"
"福建省2016","福建省","350181","福清市","Fuqing City","201606","2016","6","0.205600409549526","20.5600409549526"
"福建省2016","福建省","350182","长乐市","Changle City","201606","2016","6","0.255330113539727","25.5330113539727"
"福建省2016","福建省","350203","思明区","Siming District","201606","2016","6","0.22897697371959","22.897697371959"
"福建省2016","福建省","350205","海沧区","Haicang District","201606","2016","6","0.197705217337141","19.7705217337141"
"福建省2016","福建省","350206","湖里区","Huli District","201606","2016","6","0.20186074537488","20.186074537488"
"福建省2016","福建省","350211","集美区","Jimei District","201606","2016","6","0.212310167062939","21.2310167062939"
"福建省2016","福建省","350212","同安区","Tong'an District","201606","2016","6","0.238999413120853","23.8999413120853"
"福建省2016","福建省","350213","翔安区","Xiang'an District","201606","2016","6","0.202386101202342","20.2386101202342"
"福建省2016","福建省","350302","城厢区","Chengxiang District","201606","2016","6","0.210870063196968","21.0870063196968"
"福建省2016","福建省","350303","涵江区","Hanjiang District","201606","2016","6","0.219018541988684","21.9018541988684"
"福建省2016","福建省","350304","荔城区","Licheng District","201606","2016","6","0.242353610204117","24.2353610204117"
"福建省2016","福建省","350305","秀屿区","Xiuyu District","201606","2016","6","0.23634420893394","23.634420893394"
"福建省2016","福建省","350322","仙游县","Xianyou County","201606","2016","6","0.189595125739312","18.9595125739312"
"福建省2016","福建省","350402","梅列区","Melie district","201606","2016","6","0.253430774337834","25.3430774337834"
"福建省2016","福建省","350403","三元区","Sanyuan District","201606","2016","6","0.262061974131293","26.2061974131293"
"福建省2016","福建省","350421","明溪县","Mingxi County","201606","2016","6","0.255093446415486","25.5093446415486"
"福建省2016","福建省","350423","清流县","Qingliu County","201606","2016","6","0.199493008559603","19.9493008559603"
"福建省2016","福建省","350424","宁化县","Ninghua County","201606","2016","6","0.225031981990766","22.5031981990766"
"福建省2016","福建省","350425","大田县","Datian County","201606","2016","6","0.259103219110886","25.9103219110886"
"福建省2016","福建省","350426","尤溪县","Youxi County","201606","2016","6","0.19664929234634","19.664929234634"
"福建省2016","福建省","350427","沙县","Sha County","201606","2016","6","0.242574467818595","24.2574467818595"
"福建省2016","福建省","350428","将乐县","Jiangle County","201606","2016","6","0.238663707274602","23.8663707274602"
"福建省2016","福建省","350429","泰宁县","Taining County","201606","2016","6","0.198565956498688","19.8565956498688"
"福建省2016","福建省","350430","建宁县","Jianning County","201606","2016","6","0.256113600042615","25.6113600042615"
"福建省2016","福建省","350481","永安市","Yong'an City","201606","2016","6","0.233009508260891","23.3009508260891"
"福建省2016","福建省","350502","鲤城区","Licheng District","201606","2016","6","0.213545497692519","21.3545497692519"
"福建省2016","福建省","350503","丰泽区","Fengze District","201606","2016","6","0.238666103210158","23.8666103210158"
"福建省2016","福建省","350504","洛江区","Luojiang District","201606","2016","6","0.249557985936559","24.9557985936559"
"福建省2016","福建省","350505","泉港区","Quangang District","201606","2016","6","0.216749292326314","21.6749292326314"
"福建省2016","福建省","350521","惠安县","Hui'an County","201606","2016","6","0.213440981761041","21.3440981761041"
"福建省2016","福建省","350524","安溪县","Anxi County","201606","2016","6","0.209959566455201","20.9959566455201"
"福建省2016","福建省","350525","永春县","Yongchun County","201606","2016","6","0.204950644653757","20.4950644653757"
"福建省2016","福建省","350526","德化县","Dehua County","201606","2016","6","0.205230690580647","20.5230690580647"
"福建省2016","福建省","350527","金门县","Kinmen County","201606","2016","6","0.241623034021123","24.1623034021123"
"福建省2016","福建省","350581","石狮市","Shishi City","201606","2016","6","0.190913997098574","19.0913997098574"
"福建省2016","福建省","350582","晋江市","Jinjiang City","201606","2016","6","0.208922069553062","20.8922069553062"
"福建省2016","福建省","350583","南安市","Nan'an City","201606","2016","6","0.209959566455201","20.9959566455201"
"福建省2016","福建省","350602","芗城区","Xiangcheng District","201606","2016","6","0.134905583184265","13.4905583184265"
"福建省2016","福建省","350603","龙文区","Longwen District","201606","2016","6","0.166116994058658","16.6116994058658"
"福建省2016","福建省","350622","云霄县","Yunxiao County","201606","2016","6","0.218645881012512","21.8645881012512"
"福建省2016","福建省","350623","漳浦县","Zhangpu County","201606","2016","6","0.14827082912545","14.827082912545"
"福建省2016","福建省","350624","诏安县","Zhao'an County","201606","2016","6","0.195640700597141","19.5640700597141"
"福建省2016","福建省","350625","长泰县","Changtai County","201606","2016","6","0.156103231334152","15.6103231334152"
"福建省2016","福建省","350626","东山县","Dongshan County","201606","2016","6","0.203487195304809","20.3487195304809"
"福建省2016","福建省","350627","南靖县","Nanjing County","201606","2016","6","0.158982622707173","15.8982622707173"
"福建省2016","福建省","350628","平和县","Pinghe County","201606","2016","6","0.169235541946707","16.9235541946707"
"福建省2016","福建省","350629","华安县","Hua'an County","201606","2016","6","0.136605050051981","13.6605050051981"
"福建省2016","福建省","350681","龙海市","Longhai  City","201606","2016","6","0.166286720667525","16.6286720667525"
"福建省2016","福建省","350702","延平区","Yanping District","201606","2016","6","0.164134704177752","16.4134704177752"
"福建省2016","福建省","350721","顺昌县","Shunchang County","201606","2016","6","0.124481541004779","12.4481541004779"
"福建省2016","福建省","350722","浦城县","Pucheng County","201606","2016","6","0.100310080547701","10.0310080547701"
"福建省2016","福建省","350723","光泽县","Guangze County","201606","2016","6","0.127352287769013","12.7352287769013"
"福建省2016","福建省","350724","松溪县","Songxi County","201606","2016","6","0.110850818990325","11.0850818990325"
"福建省2016","福建省","350725","政和县","Zhenghe County","201606","2016","6","0.103473367836603","10.3473367836603"
"福建省2016","福建省","350781","邵武市","Shaowu City","201606","2016","6","0.114405027674383","11.4405027674383"
"福建省2016","福建省","350782","武夷山市","Wuyishan City","201606","2016","6","0.127903483051377","12.7903483051377"
"福建省2016","福建省","350783","建瓯市","Jian'ou City","201606","2016","6","0.170296269803354","17.0296269803354"
"福建省2016","福建省","350784","建阳市","Jianyang City","201606","2016","6","0.124481541004779","12.4481541004779"
"福建省2016","福建省","350802","新罗区","Xinluo District","201606","2016","6","0.129044307537608","12.9044307537608"
"福建省2016","福建省","350821","长汀县","Changting County","201606","2016","6","0.152088833521089","15.2088833521089"
"福建省2016","福建省","350822","永定县","Yongding County","201606","2016","6","0.138247828076578","13.8247828076578"
"福建省2016","福建省","350823","上杭县","Shanghang County","201606","2016","6","0.14561883540056","14.561883540056"
"福建省2016","福建省","350824","武平县","Wuping County","201606","2016","6","0.122503133180834","12.2503133180834"
"福建省2016","福建省","350825","连城县","Liancheng County","201606","2016","6","0.133098950654428","13.3098950654428"
"福建省2016","福建省","350881","漳平市","Zhangping City","201606","2016","6","0.125643152866118","12.5643152866118"
"福建省2016","福建省","350902","蕉城区","Jiaocheng District","201606","2016","6","0.26576552427309","26.576552427309"
"福建省2016","福建省","350921","霞浦县","Xiapu County","201606","2016","6","0.222591033081191","22.2591033081191"
"福建省2016","福建省","350922","古田县","Gutian County","201606","2016","6","0.255859392654399","25.5859392654399"
"福建省2016","福建省","350923","屏南县","Pingnan County","201606","2016","6","0.197029874111378","19.7029874111378"
"福建省2016","福建省","350924","寿宁县","Shouning County","201606","2016","6","0.230757818103279","23.0757818103279"
"福建省2016","福建省","350925","周宁县","Zhouning County","201606","2016","6","0.19563980269395","19.563980269395"
"福建省2016","福建省","350926","柘荣县","Zherong County","201606","2016","6","0.191247427035104","19.1247427035104"
"福建省2016","福建省","350981","福安市","Fu'an City","201606","2016","6","0.223400886786163","22.3400886786163"
"福建省2016","福建省","350982","福鼎市","Fuding City","201606","2016","6","0.23215807247588","23.215807247588"
"福建省2016","福建省","350102","鼓楼区","Gulou District","201607","2016","7","0.256577043612576","25.6577043612576"
"福建省2016","福建省","350103","台江区","Taijiang District","201607","2016","7","0.256577043612576","25.6577043612576"
"福建省2016","福建省","350104","仓山区","Cangshan District","201607","2016","7","0.244043675658929","24.4043675658929"
"福建省2016","福建省","350105","马尾区","Mawei District","201607","2016","7","0.189157377776498","18.9157377776498"
"福建省2016","福建省","350111","晋安区","Jin'an District","201607","2016","7","0.244131025147352","24.4131025147352"
"福建省2016","福建省","350121","闽侯县","Minhou County","201607","2016","7","0.205984674550104","20.5984674550104"
"福建省2016","福建省","350122","连江县","Lianjiang County","201607","2016","7","0.251566303099055","25.1566303099055"
"福建省2016","福建省","350123","罗源县","Luoyuan County","201607","2016","7","0.250372111095285","25.0372111095285"
"福建省2016","福建省","350124","闽清县","Minqing County","201607","2016","7","0.257233091082001","25.7233091082001"
"福建省2016","福建省","350125","永泰县","Yongtai County","201607","2016","7","0.252471608494411","25.2471608494411"
"福建省2016","福建省","350128","平潭县","Pingtan County","201607","2016","7","0.250611914467101","25.0611914467101"
"福建省2016","福建省","350181","福清市","Fuqing City","201607","2016","7","0.205500903551364","20.5500903551364"
"福建省2016","福建省","350182","长乐市","Changle City","201607","2016","7","0.255330113539727","25.5330113539727"
"福建省2016","福建省","350203","思明区","Siming District","201607","2016","7","0.217470141835553","21.7470141835553"
"福建省2016","福建省","350205","海沧区","Haicang District","201607","2016","7","0.261328517328265","26.1328517328265"
"福建省2016","福建省","350206","湖里区","Huli District","201607","2016","7","0.202155636939944","20.2155636939944"
"福建省2016","福建省","350211","集美区","Jimei District","201607","2016","7","0.207960429894724","20.7960429894724"
"福建省2016","福建省","350212","同安区","Tong'an District","201607","2016","7","0.241286513648405","24.1286513648405"
"福建省2016","福建省","350213","翔安区","Xiang'an District","201607","2016","7","0.202175232302755","20.2175232302755"
"福建省2016","福建省","350302","城厢区","Chengxiang District","201607","2016","7","0.205421454694798","20.5421454694798"
"福建省2016","福建省","350303","涵江区","Hanjiang District","201607","2016","7","0.20482893937353","20.482893937353"
"福建省2016","福建省","350304","荔城区","Licheng District","201607","2016","7","0.220281582093996","22.0281582093996"
"福建省2016","福建省","350305","秀屿区","Xiuyu District","201607","2016","7","0.243707235914252","24.3707235914252"
"福建省2016","福建省","350322","仙游县","Xianyou County","201607","2016","7","0.184066088933115","18.4066088933115"
"福建省2016","福建省","350402","梅列区","Melie district","201607","2016","7","0.248209189662875","24.8209189662875"
"福建省2016","福建省","350403","三元区","Sanyuan District","201607","2016","7","0.279694312581748","27.9694312581748"
"福建省2016","福建省","350421","明溪县","Mingxi County","201607","2016","7","0.266398300473986","26.6398300473986"
"福建省2016","福建省","350423","清流县","Qingliu County","201607","2016","7","0.214929162845546","21.4929162845546"
"福建省2016","福建省","350424","宁化县","Ninghua County","201607","2016","7","0.230282228102086","23.0282228102086"
"福建省2016","福建省","350425","大田县","Datian County","201607","2016","7","0.278616146162405","27.8616146162405"
"福建省2016","福建省","350426","尤溪县","Youxi County","201607","2016","7","0.211221424626721","21.1221424626721"
"福建省2016","福建省","350427","沙县","Sha County","201607","2016","7","0.242817412935354","24.2817412935354"
"福建省2016","福建省","350428","将乐县","Jiangle County","201607","2016","7","0.272582389726276","27.2582389726276"
"福建省2016","福建省","350429","泰宁县","Taining County","201607","2016","7","0.199417952098852","19.9417952098852"
"福建省2016","福建省","350430","建宁县","Jianning County","201607","2016","7","0.228557912221661","22.8557912221661"
"福建省2016","福建省","350481","永安市","Yong'an City","201607","2016","7","0.227991609259988","22.7991609259988"
"福建省2016","福建省","350502","鲤城区","Licheng District","201607","2016","7","0.213545497692519","21.3545497692519"
"福建省2016","福建省","350503","丰泽区","Fengze District","201607","2016","7","0.25348668438737","25.348668438737"
"福建省2016","福建省","350504","洛江区","Luojiang District","201607","2016","7","0.250177442934707","25.0177442934707"
"福建省2016","福建省","350505","泉港区","Quangang District","201607","2016","7","0.209679357439772","20.9679357439772"
"福建省2016","福建省","350521","惠安县","Hui'an County","201607","2016","7","0.213440981761041","21.3440981761041"
"福建省2016","福建省","350524","安溪县","Anxi County","201607","2016","7","0.209679521444539","20.9679521444539"
"福建省2016","福建省","350525","永春县","Yongchun County","201607","2016","7","0.204950644653757","20.4950644653757"
"福建省2016","福建省","350526","德化县","Dehua County","201607","2016","7","0.209959566455201","20.9959566455201"
"福建省2016","福建省","350527","金门县","Kinmen County","201607","2016","7","0.241637799947483","24.1637799947483"
"福建省2016","福建省","350581","石狮市","Shishi City","201607","2016","7","0.166677417586883","16.6677417586883"
"福建省2016","福建省","350582","晋江市","Jinjiang City","201607","2016","7","0.227344439121197","22.7344439121197"
"福建省2016","福建省","350583","南安市","Nan'an City","201607","2016","7","0.210064083302907","21.0064083302907"
"福建省2016","福建省","350602","芗城区","Xiangcheng District","201607","2016","7","0.133424385587643","13.3424385587643"
"福建省2016","福建省","350603","龙文区","Longwen District","201607","2016","7","0.166116994058658","16.6116994058658"
"福建省2016","福建省","350622","云霄县","Yunxiao County","201607","2016","7","0.233837975132529","23.3837975132529"
"福建省2016","福建省","350623","漳浦县","Zhangpu County","201607","2016","7","0.146778281299507","14.6778281299507"
"福建省2016","福建省","350624","诏安县","Zhao'an County","201607","2016","7","0.195592074558189","19.5592074558189"
"福建省2016","福建省","350625","长泰县","Changtai County","201607","2016","7","0.145900884201304","14.5900884201304"
"福建省2016","福建省","350626","东山县","Dongshan County","201607","2016","7","0.214752610339968","21.4752610339968"
"福建省2016","福建省","350627","南靖县","Nanjing County","201607","2016","7","0.14144996067324","14.144996067324"
"福建省2016","福建省","350628","平和县","Pinghe County","201607","2016","7","0.167775249002345","16.7775249002345"
"福建省2016","福建省","350629","华安县","Hua'an County","201607","2016","7","0.136726706772138","13.6726706772138"
"福建省2016","福建省","350681","龙海市","Longhai  City","201607","2016","7","0.157020675830918","15.7020675830918"
"福建省2016","福建省","350702","延平区","Yanping District","201607","2016","7","0.157438806441457","15.7438806441457"
"福建省2016","福建省","350721","顺昌县","Shunchang County","201607","2016","7","0.129847156681459","12.9847156681459"
"福建省2016","福建省","350722","浦城县","Pucheng County","201607","2016","7","0.0904527160670364","9.04527160670364"
"福建省2016","福建省","350723","光泽县","Guangze County","201607","2016","7","0.113140127626745","11.3140127626745"
"福建省2016","福建省","350724","松溪县","Songxi County","201607","2016","7","0.101334037436205","10.1334037436205"
"福建省2016","福建省","350725","政和县","Zhenghe County","201607","2016","7","0.101739067822427","10.1739067822427"
"福建省2016","福建省","350781","邵武市","Shaowu City","201607","2016","7","0.111191319456373","11.1191319456373"
"福建省2016","福建省","350782","武夷山市","Wuyishan City","201607","2016","7","0.130603912239849","13.0603912239849"
"福建省2016","福建省","350783","建瓯市","Jian'ou City","201607","2016","7","0.176262397637072","17.6262397637072"
"福建省2016","福建省","350784","建阳市","Jianyang City","201607","2016","7","0.124481541004779","12.4481541004779"
"福建省2016","福建省","350802","新罗区","Xinluo District","201607","2016","7","0.161226244563251","16.1226244563251"
"福建省2016","福建省","350821","长汀县","Changting County","201607","2016","7","0.154704652742099","15.4704652742099"
"福建省2016","福建省","350822","永定县","Yongding County","201607","2016","7","0.135700449235762","13.5700449235762"
"福建省2016","福建省","350823","上杭县","Shanghang County","201607","2016","7","0.153050891895507","15.3050891895507"
"福建省2016","福建省","350824","武平县","Wuping County","201607","2016","7","0.09775595552199","9.775595552199"
"福建省2016","福建省","350825","连城县","Liancheng County","201607","2016","7","0.127118188831145","12.7118188831145"
"福建省2016","福建省","350881","漳平市","Zhangping City","201607","2016","7","0.118839055962804","11.8839055962804"
"福建省2016","福建省","350902","蕉城区","Jiaocheng District","201607","2016","7","0.242887787472321","24.2887787472321"
"福建省2016","福建省","350921","霞浦县","Xiapu County","201607","2016","7","0.222539485191956","22.2539485191956"
"福建省2016","福建省","350922","古田县","Gutian County","201607","2016","7","0.239939325354415","23.9939325354415"
"福建省2016","福建省","350923","屏南县","Pingnan County","201607","2016","7","0.208913087772465","20.8913087772465"
"福建省2016","福建省","350924","寿宁县","Shouning County","201607","2016","7","0.206594147414501","20.6594147414501"
"福建省2016","福建省","350925","周宁县","Zhouning County","201607","2016","7","0.194396017114727","19.4396017114727"
"福建省2016","福建省","350926","柘荣县","Zherong County","201607","2016","7","0.211736473808264","21.1736473808264"
"福建省2016","福建省","350981","福安市","Fu'an City","201607","2016","7","0.223400886786163","22.3400886786163"
"福建省2016","福建省","350982","福鼎市","Fuding City","201607","2016","7","0.222539485191956","22.2539485191956"
"福建省2016","福建省","350102","鼓楼区","Gulou District","201608","2016","8","0.256577043612576","25.6577043612576"
"福建省2016","福建省","350103","台江区","Taijiang District","201608","2016","8","0.256577043612576","25.6577043612576"
"福建省2016","福建省","350104","仓山区","Cangshan District","201608","2016","8","0.238846823635754","23.8846823635754"
"福建省2016","福建省","350105","马尾区","Mawei District","201608","2016","8","0.189412094587341","18.9412094587341"
"福建省2016","福建省","350111","晋安区","Jin'an District","201608","2016","8","0.252751653505074","25.2751653505074"
"福建省2016","福建省","350121","闽侯县","Minhou County","201608","2016","8","0.205984674550104","20.5984674550104"
"福建省2016","福建省","350122","连江县","Lianjiang County","201608","2016","8","0.251566303099055","25.1566303099055"
"福建省2016","福建省","350123","罗源县","Luoyuan County","201608","2016","8","0.250471954265257","25.0471954265257"
"福建省2016","福建省","350124","闽清县","Minqing County","201608","2016","8","0.25695304515511","25.695304515511"
"福建省2016","福建省","350125","永泰县","Yongtai County","201608","2016","8","0.252471608494411","25.2471608494411"
"福建省2016","福建省","350128","平潭县","Pingtan County","201608","2016","8","0.252471608494411","25.2471608494411"
"福建省2016","福建省","350181","福清市","Fuqing City","201608","2016","8","0.219109145918062","21.9109145918062"
"福建省2016","福建省","350182","长乐市","Changle City","201608","2016","8","0.255330113539727","25.5330113539727"
"福建省2016","福建省","350203","思明区","Siming District","201608","2016","8","0.224050626943783","22.4050626943783"
"福建省2016","福建省","350205","海沧区","Haicang District","201608","2016","8","0.199927597369148","19.9927597369148"
"福建省2016","福建省","350206","湖里区","Huli District","201608","2016","8","0.200687195066007","20.0687195066007"
"福建省2016","福建省","350211","集美区","Jimei District","201608","2016","8","0.211057276012373","21.1057276012373"
"福建省2016","福建省","350212","同安区","Tong'an District","201608","2016","8","0.238319949618916","23.8319949618916"
"福建省2016","福建省","350213","翔安区","Xiang'an District","201608","2016","8","0.202386101202342","20.2386101202342"
"福建省2016","福建省","350302","城厢区","Chengxiang District","201608","2016","8","0.226276746101222","22.6276746101222"
"福建省2016","福建省","350303","涵江区","Hanjiang District","201608","2016","8","0.211112675723054","21.1112675723054"
"福建省2016","福建省","350304","荔城区","Licheng District","201608","2016","8","0.221498983062808","22.1498983062808"
"福建省2016","福建省","350305","秀屿区","Xiuyu District","201608","2016","8","0.21940623093235","21.940623093235"
"福建省2016","福建省","350322","仙游县","Xianyou County","201608","2016","8","0.194405068528633","19.4405068528633"
"福建省2016","福建省","350402","梅列区","Melie district","201608","2016","8","0.249839978847411","24.9839978847411"
"福建省2016","福建省","350403","三元区","Sanyuan District","201608","2016","8","0.262134603504744","26.2134603504744"
"福建省2016","福建省","350421","明溪县","Mingxi County","201608","2016","8","0.233536115655454","23.3536115655454"
"福建省2016","福建省","350423","清流县","Qingliu County","201608","2016","8","0.234665511116777","23.4665511116777"
"福建省2016","福建省","350424","宁化县","Ninghua County","201608","2016","8","0.20308326988925","20.308326988925"
"福建省2016","福建省","350425","大田县","Datian County","201608","2016","8","0.202567785499527","20.2567785499527"
"福建省2016","福建省","350426","尤溪县","Youxi County","201608","2016","8","0.198394521125074","19.8394521125074"
"福建省2016","福建省","350427","沙县","Sha County","201608","2016","8","0.235258074081888","23.5258074081888"
"福建省2016","福建省","350428","将乐县","Jiangle County","201608","2016","8","0.269505770252354","26.9505770252354"
"福建省2016","福建省","350429","泰宁县","Taining County","201608","2016","8","0.199377205618518","19.9377205618518"
"福建省2016","福建省","350430","建宁县","Jianning County","201608","2016","8","0.228557912221661","22.8557912221661"
"福建省2016","福建省","350481","永安市","Yong'an City","201608","2016","8","0.233528917770279","23.3528917770279"
"福建省2016","福建省","350502","鲤城区","Licheng District","201608","2016","8","0.213545497692519","21.3545497692519"
"福建省2016","福建省","350503","丰泽区","Fengze District","201608","2016","8","0.239884337029992","23.9884337029992"
"福建省2016","福建省","350504","洛江区","Luojiang District","201608","2016","8","0.252488818916398","25.2488818916398"
"福建省2016","福建省","350505","泉港区","Quangang District","201608","2016","8","0.211465482960191","21.1465482960191"
"福建省2016","福建省","350521","惠安县","Hui'an County","201608","2016","8","0.213440981761041","21.3440981761041"
"福建省2016","福建省","350524","安溪县","Anxi County","201608","2016","8","0.209959566455201","20.9959566455201"
"福建省2016","福建省","350525","永春县","Yongchun County","201608","2016","8","0.211465482960191","21.1465482960191"
"福建省2016","福建省","350526","德化县","Dehua County","201608","2016","8","0.205230690580647","20.5230690580647"
"福建省2016","福建省","350527","金门县","Kinmen County","201608","2016","8","0.260267041829776","26.0267041829776"
"福建省2016","福建省","350581","石狮市","Shishi City","201608","2016","8","0.190913997098574","19.0913997098574"
"福建省2016","福建省","350582","晋江市","Jinjiang City","201608","2016","8","0.256865031401571","25.6865031401571"
"福建省2016","福建省","350583","南安市","Nan'an City","201608","2016","8","0.210064083302907","21.0064083302907"
"福建省2016","福建省","350602","芗城区","Xiangcheng District","201608","2016","8","0.201874082902183","20.1874082902183"
"福建省2016","福建省","350603","龙文区","Longwen District","201608","2016","8","0.166116994058658","16.6116994058658"
"福建省2016","福建省","350622","云霄县","Yunxiao County","201608","2016","8","0.23418450346092","23.418450346092"
"福建省2016","福建省","350623","漳浦县","Zhangpu County","201608","2016","8","0.148893630354872","14.8893630354872"
"福建省2016","福建省","350624","诏安县","Zhao'an County","201608","2016","8","0.195640700597141","19.5640700597141"
"福建省2016","福建省","350625","长泰县","Changtai County","201608","2016","8","0.14621765528495","14.621765528495"
"福建省2016","福建省","350626","东山县","Dongshan County","201608","2016","8","0.154876718480402","15.4876718480402"
"福建省2016","福建省","350627","南靖县","Nanjing County","201608","2016","8","0.14244441594454","14.244441594454"
"福建省2016","福建省","350628","平和县","Pinghe County","201608","2016","8","0.170022855532891","17.0022855532891"
"福建省2016","福建省","350629","华安县","Hua'an County","201608","2016","8","0.116348787429873","11.6348787429873"
"福建省2016","福建省","350681","龙海市","Longhai  City","201608","2016","8","0.156976931453398","15.6976931453398"
"福建省2016","福建省","350702","延平区","Yanping District","201608","2016","8","0.164110174012299","16.4110174012299"
"福建省2016","福建省","350721","顺昌县","Shunchang County","201608","2016","8","0.125010553497176","12.5010553497176"
"福建省2016","福建省","350722","浦城县","Pucheng County","201608","2016","8","0.100839092123871","10.0839092123871"
"福建省2016","福建省","350723","光泽县","Guangze County","201608","2016","8","0.100785080498226","10.0785080498226"
"福建省2016","福建省","350724","松溪县","Songxi County","201608","2016","8","0.10828973154997","10.828973154997"
"福建省2016","福建省","350725","政和县","Zhenghe County","201608","2016","8","0.0917402597671961","9.17402597671961"
"福建省2016","福建省","350781","邵武市","Shaowu City","201608","2016","8","0.110504020374749","11.0504020374749"
"福建省2016","福建省","350782","武夷山市","Wuyishan City","201608","2016","8","0.132692702601531","13.2692702601531"
"福建省2016","福建省","350783","建瓯市","Jian'ou City","201608","2016","8","0.172877445537048","17.2877445537048"
"福建省2016","福建省","350784","建阳市","Jianyang City","201608","2016","8","0.100310080547701","10.0310080547701"
"福建省2016","福建省","350802","新罗区","Xinluo District","201608","2016","8","0.155479098825814","15.5479098825814"
"福建省2016","福建省","350821","长汀县","Changting County","201608","2016","8","0.152998408537743","15.2998408537743"
"福建省2016","福建省","350822","永定县","Yongding County","201608","2016","8","0.159482849156237","15.9482849156237"
"福建省2016","福建省","350823","上杭县","Shanghang County","201608","2016","8","0.147398302693946","14.7398302693946"
"福建省2016","福建省","350824","武平县","Wuping County","201608","2016","8","0.0587492744007704","5.87492744007704"
"福建省2016","福建省","350825","连城县","Liancheng County","201608","2016","8","0.128317616160258","12.8317616160258"
"福建省2016","福建省","350881","漳平市","Zhangping City","201608","2016","8","0.114275590348204","11.4275590348204"
"福建省2016","福建省","350902","蕉城区","Jiaocheng District","201608","2016","8","0.248502188301415","24.8502188301415"
"福建省2016","福建省","350921","霞浦县","Xiapu County","201608","2016","8","0.222539485191956","22.2539485191956"
"福建省2016","福建省","350922","古田县","Gutian County","201608","2016","8","0.2553702140795","25.53702140795"
"福建省2016","福建省","350923","屏南县","Pingnan County","201608","2016","8","0.20492569760468","20.492569760468"
"福建省2016","福建省","350924","寿宁县","Shouning County","201608","2016","8","0.217260656439862","21.7260656439862"
"福建省2016","福建省","350925","周宁县","Zhouning County","201608","2016","8","0.195010697817633","19.5010697817633"
"福建省2016","福建省","350926","柘荣县","Zherong County","201608","2016","8","0.221246812448872","22.1246812448872"
"福建省2016","福建省","350981","福安市","Fu'an City","201608","2016","8","0.226416532219795","22.6416532219795"
"福建省2016","福建省","350982","福鼎市","Fuding City","201608","2016","8","0.222539485191956","22.2539485191956"
"福建省2016","福建省","350102","鼓楼区","Gulou District","201609","2016","9","0.256577043612576","25.6577043612576"
"福建省2016","福建省","350103","台江区","Taijiang District","201609","2016","9","0.256577043612576","25.6577043612576"
"福建省2016","福建省","350104","仓山区","Cangshan District","201609","2016","9","0.239491283572871","23.9491283572871"
"福建省2016","福建省","350105","马尾区","Mawei District","201609","2016","9","0.189412094587341","18.9412094587341"
"福建省2016","福建省","350111","晋安区","Jin'an District","201609","2016","9","0.250241238956456","25.0241238956456"
"福建省2016","福建省","350121","闽侯县","Minhou County","201609","2016","9","0.205600409549526","20.5600409549526"
"福建省2016","福建省","350122","连江县","Lianjiang County","201609","2016","9","0.255013274655228","25.5013274655228"
"福建省2016","福建省","350123","罗源县","Luoyuan County","201609","2016","9","0.249684687406687","24.9684687406687"
"福建省2016","福建省","350124","闽清县","Minqing County","201609","2016","9","0.258490257251231","25.8490257251231"
"福建省2016","福建省","350125","永泰县","Yongtai County","201609","2016","9","0.252014362288927","25.2014362288927"
"福建省2016","福建省","350128","平潭县","Pingtan County","201609","2016","9","0.250372111095285","25.0372111095285"
"福建省2016","福建省","350181","福清市","Fuqing City","201609","2016","9","0.218771428035679","21.8771428035679"
"福建省2016","福建省","350182","长乐市","Changle City","201609","2016","9","0.256677201964892","25.6677201964892"
"福建省2016","福建省","350203","思明区","Siming District","201609","2016","9","0.218052630876592","21.8052630876592"
"福建省2016","福建省","350205","海沧区","Haicang District","201609","2016","9","0.258968802086906","25.8968802086906"
"福建省2016","福建省","350206","湖里区","Huli District","201609","2016","9","0.202155636939944","20.2155636939944"
"福建省2016","福建省","350211","集美区","Jimei District","201609","2016","9","0.202742287487407","20.2742287487407"
"福建省2016","福建省","350212","同安区","Tong'an District","201609","2016","9","0.259942818149642","25.9942818149642"
"福建省2016","福建省","350213","翔安区","Xiang'an District","201609","2016","9","0.203322309127126","20.3322309127126"
"福建省2016","福建省","350302","城厢区","Chengxiang District","201609","2016","9","0.258649735852756","25.8649735852756"
"福建省2016","福建省","350303","涵江区","Hanjiang District","201609","2016","9","0.19990142715603","19.990142715603"
"福建省2016","福建省","350304","荔城区","Licheng District","201609","2016","9","0.220516147391787","22.0516147391787"
"福建省2016","福建省","350305","秀屿区","Xiuyu District","201609","2016","9","0.220044032642435","22.0044032642435"
"福建省2016","福建省","350322","仙游县","Xianyou County","201609","2016","9","0.190181378643934","19.0181378643934"
"福建省2016","福建省","350402","梅列区","Melie district","201609","2016","9","0.24970088722947","24.970088722947"
"福建省2016","福建省","350403","三元区","Sanyuan District","201609","2016","9","0.285077762631511","28.5077762631511"
"福建省2016","福建省","350421","明溪县","Mingxi County","201609","2016","9","0.260813273906439","26.0813273906439"
"福建省2016","福建省","350423","清流县","Qingliu County","201609","2016","9","0.214497229264009","21.4497229264009"
"福建省2016","福建省","350424","宁化县","Ninghua County","201609","2016","9","0.213338834278287","21.3338834278287"
"福建省2016","福建省","350425","大田县","Datian County","201609","2016","9","0.219261324933131","21.9261324933131"
"福建省2016","福建省","350426","尤溪县","Youxi County","201609","2016","9","0.209208381561509","20.9208381561509"
"福建省2016","福建省","350427","沙县","Sha County","201609","2016","9","0.239861892198891","23.9861892198891"
"福建省2016","福建省","350428","将乐县","Jiangle County","201609","2016","9","0.272582389726276","27.2582389726276"
"福建省2016","福建省","350429","泰宁县","Taining County","201609","2016","9","0.198559135183117","19.8559135183117"
"福建省2016","福建省","350430","建宁县","Jianning County","201609","2016","9","0.215680115933618","21.5680115933618"
"福建省2016","福建省","350481","永安市","Yong'an City","201609","2016","9","0.202576646338061","20.2576646338061"
"福建省2016","福建省","350502","鲤城区","Licheng District","201609","2016","9","0.213545497692519","21.3545497692519"
"福建省2016","福建省","350503","丰泽区","Fengze District","201609","2016","9","0.241027644493415","24.1027644493415"
"福建省2016","福建省","350504","洛江区","Luojiang District","201609","2016","9","0.21458205912613","21.458205912613"
"福建省2016","福建省","350505","泉港区","Quangang District","201609","2016","9","0.211465318955424","21.1465318955424"
"福建省2016","福建省","350521","惠安县","Hui'an County","201609","2016","9","0.213440981761041","21.3440981761041"
"福建省2016","福建省","350524","安溪县","Anxi County","201609","2016","9","0.209959566455201","20.9959566455201"
"福建省2016","福建省","350525","永春县","Yongchun County","201609","2016","9","0.211465482960191","21.1465482960191"
"福建省2016","福建省","350526","德化县","Dehua County","201609","2016","9","0.209959566455201","20.9959566455201"
"福建省2016","福建省","350527","金门县","Kinmen County","201609","2016","9","0.260267041829776","26.0267041829776"
"福建省2016","福建省","350581","石狮市","Shishi City","201609","2016","9","0.19114143780941","19.114143780941"
"福建省2016","福建省","350582","晋江市","Jinjiang City","201609","2016","9","0.295645697462329","29.5645697462329"
"福建省2016","福建省","350583","南安市","Nan'an City","201609","2016","9","0.210064083302907","21.0064083302907"
"福建省2016","福建省","350602","芗城区","Xiangcheng District","201609","2016","9","0.201874082902183","20.1874082902183"
"福建省2016","福建省","350603","龙文区","Longwen District","201609","2016","9","0.166116994058658","16.6116994058658"
"福建省2016","福建省","350622","云霄县","Yunxiao County","201609","2016","9","0.233837975132529","23.3837975132529"
"福建省2016","福建省","350623","漳浦县","Zhangpu County","201609","2016","9","0.142823843262619","14.2823843262619"
"福建省2016","福建省","350624","诏安县","Zhao'an County","201609","2016","9","0.197874117508581","19.7874117508581"
"福建省2016","福建省","350625","长泰县","Changtai County","201609","2016","9","0.158626719536481","15.8626719536481"
"福建省2016","福建省","350626","东山县","Dongshan County","201609","2016","9","0.160788919897655","16.0788919897655"
"福建省2016","福建省","350627","南靖县","Nanjing County","201609","2016","9","0.155276000453743","15.5276000453743"
"福建省2016","福建省","350628","平和县","Pinghe County","201609","2016","9","0.163600651516521","16.3600651516521"
"福建省2016","福建省","350629","华安县","Hua'an County","201609","2016","9","0.116900778914148","11.6900778914148"
"福建省2016","福建省","350681","龙海市","Longhai  City","201609","2016","9","0.193488319448725","19.3488319448725"
"福建省2016","福建省","350702","延平区","Yanping District","201609","2016","9","0.0545884487342019","5.45884487342019"
"福建省2016","福建省","350721","顺昌县","Shunchang County","201609","2016","9","0.124481541004779","12.4481541004779"
"福建省2016","福建省","350722","浦城县","Pucheng County","201609","2016","9","0.102416316801902","10.2416316801902"
"福建省2016","福建省","350723","光泽县","Guangze County","201609","2016","9","0.103587173401201","10.3587173401201"
"福建省2016","福建省","350724","松溪县","Songxi County","201609","2016","9","0.0881086545767238","8.81086545767238"
"福建省2016","福建省","350725","政和县","Zhenghe County","201609","2016","9","0.118035757867357","11.8035757867357"
"福建省2016","福建省","350781","邵武市","Shaowu City","201609","2016","9","0.113572180317889","11.3572180317889"
"福建省2016","福建省","350782","武夷山市","Wuyishan City","201609","2016","9","0.130603912239849","13.0603912239849"
"福建省2016","福建省","350783","建瓯市","Jian'ou City","201609","2016","9","0.161439821832056","16.1439821832056"
"福建省2016","福建省","350784","建阳市","Jianyang City","201609","2016","9","0.0997444042858067","9.97444042858067"
"福建省2016","福建省","350802","新罗区","Xinluo District","201609","2016","9","0.130311249856892","13.0311249856892"
"福建省2016","福建省","350821","长汀县","Changting County","201609","2016","9","0.1558791879958","15.58791879958"
"福建省2016","福建省","350822","永定县","Yongding County","201609","2016","9","0.157244634876318","15.7244634876318"
"福建省2016","福建省","350823","上杭县","Shanghang County","201609","2016","9","0.162556728192969","16.2556728192969"
"福建省2016","福建省","350824","武平县","Wuping County","201609","2016","9","0.0596474662039038","5.96474662039038"
"福建省2016","福建省","350825","连城县","Liancheng County","201609","2016","9","0.129738449008042","12.9738449008042"
"福建省2016","福建省","350881","漳平市","Zhangping City","201609","2016","9","0.129247532349108","12.9247532349108"
"福建省2016","福建省","350902","蕉城区","Jiaocheng District","201609","2016","9","0.225613760039075","22.5613760039075"
"福建省2016","福建省","350921","霞浦县","Xiapu County","201609","2016","9","0.23215807247588","23.215807247588"
"福建省2016","福建省","350922","古田县","Gutian County","201609","2016","9","0.260594724269653","26.0594724269653"
"福建省2016","福建省","350923","屏南县","Pingnan County","201609","2016","9","0.207704029057282","20.7704029057282"
"福建省2016","福建省","350924","寿宁县","Shouning County","201609","2016","9","0.212059264508204","21.2059264508204"
"福建省2016","福建省","350925","周宁县","Zhouning County","201609","2016","9","0.198268726720415","19.8268726720415"
"福建省2016","福建省","350926","柘荣县","Zherong County","201609","2016","9","0.225984150602891","22.5984150602891"
"福建省2016","福建省","350981","福安市","Fu'an City","201609","2016","9","0.217991712726195","21.7991712726195"
"福建省2016","福建省","350982","福鼎市","Fuding City","201609","2016","9","0.214164180478222","21.4164180478222"
"福建省2016","福建省","350102","鼓楼区","Gulou District","201610","2016","10","0.256577043612576","25.6577043612576"
"福建省2016","福建省","350103","台江区","Taijiang District","201610","2016","10","0.256577043612576","25.6577043612576"
"福建省2016","福建省","350104","仓山区","Cangshan District","201610","2016","10","0.234780855027762","23.4780855027762"
"福建省2016","福建省","350105","马尾区","Mawei District","201610","2016","10","0.184426522850012","18.4426522850012"
"福建省2016","福建省","350111","晋安区","Jin'an District","201610","2016","10","0.253446698376065","25.3446698376065"
"福建省2016","福建省","350121","闽侯县","Minhou County","201610","2016","10","0.204788694069773","20.4788694069773"
"福建省2016","福建省","350122","连江县","Lianjiang County","201610","2016","10","0.252353569957625","25.2353569957625"
"福建省2016","福建省","350123","罗源县","Luoyuan County","201610","2016","10","0.249684687406687","24.9684687406687"
"福建省2016","福建省","350124","闽清县","Minqing County","201610","2016","10","0.259608307980599","25.9608307980599"
"福建省2016","福建省","350125","永泰县","Yongtai County","201610","2016","10","0.253920004221487","25.3920004221487"
"福建省2016","福建省","350128","平潭县","Pingtan County","201610","2016","10","0.250372111095285","25.0372111095285"
"福建省2016","福建省","350181","福清市","Fuqing City","201610","2016","10","0.205984674550104","20.5984674550104"
"福建省2016","福建省","350182","长乐市","Changle City","201610","2016","10","0.256677201964892","25.6677201964892"
"福建省2016","福建省","350203","思明区","Siming District","201610","2016","10","0.270156069308899","27.0156069308899"
"福建省2016","福建省","350205","海沧区","Haicang District","201610","2016","10","0.19950972696729","19.950972696729"
"福建省2016","福建省","350206","湖里区","Huli District","201610","2016","10","0.203191677039967","20.3191677039967"
"福建省2016","福建省","350211","集美区","Jimei District","201610","2016","10","0.246476227341208","24.6476227341208"
"福建省2016","福建省","350212","同安区","Tong'an District","201610","2016","10","0.261117353403343","26.1117353403343"
"福建省2016","福建省","350213","翔安区","Xiang'an District","201610","2016","10","0.207371669274761","20.7371669274761"
"福建省2016","福建省","350302","城厢区","Chengxiang District","201610","2016","10","0.223812325269242","22.3812325269242"
"福建省2016","福建省","350303","涵江区","Hanjiang District","201610","2016","10","0.195444313593312","19.5444313593312"
"福建省2016","福建省","350304","荔城区","Licheng District","201610","2016","10","0.274312062790333","27.4312062790333"
"福建省2016","福建省","350305","秀屿区","Xiuyu District","201610","2016","10","0.20670813530842","20.670813530842"
"福建省2016","福建省","350322","仙游县","Xianyou County","201610","2016","10","0.183918690794426","18.3918690794426"
"福建省2016","福建省","350402","梅列区","Melie district","201610","2016","10","0.25480671935587","25.480671935587"
"福建省2016","福建省","350403","三元区","Sanyuan District","201610","2016","10","0.287271169709724","28.7271169709724"
"福建省2016","福建省","350421","明溪县","Mingxi County","201610","2016","10","0.235161011663126","23.5161011663126"
"福建省2016","福建省","350423","清流县","Qingliu County","201610","2016","10","0.231994378310495","23.1994378310495"
"福建省2016","福建省","350424","宁化县","Ninghua County","201610","2016","10","0.261125008486163","26.1125008486163"
"福建省2016","福建省","350425","大田县","Datian County","201610","2016","10","0.206819330540169","20.6819330540169"
"福建省2016","福建省","350426","尤溪县","Youxi County","201610","2016","10","0.19803510238852","19.803510238852"
"福建省2016","福建省","350427","沙县","Sha County","201610","2016","10","0.235258074081888","23.5258074081888"
"福建省2016","福建省","350428","将乐县","Jiangle County","201610","2016","10","0.243100789350102","24.3100789350102"
"福建省2016","福建省","350429","泰宁县","Taining County","201610","2016","10","0.24685619798234","24.685619798234"
"福建省2016","福建省","350430","建宁县","Jianning County","201610","2016","10","0.228557912221661","22.8557912221661"
"福建省2016","福建省","350481","永安市","Yong'an City","201610","2016","10","0.190137729554099","19.0137729554099"
"福建省2016","福建省","350502","鲤城区","Licheng District","201610","2016","10","0.213545497692519","21.3545497692519"
"福建省2016","福建省","350503","丰泽区","Fengze District","201610","2016","10","0.244243827442568","24.4243827442568"
"福建省2016","福建省","350504","洛江区","Luojiang District","201610","2016","10","0.200060051833295","20.0060051833295"
"福建省2016","福建省","350505","泉港区","Quangang District","201610","2016","10","0.211569998891669","21.1569998891669"
"福建省2016","福建省","350521","惠安县","Hui'an County","201610","2016","10","0.213440981761041","21.3440981761041"
"福建省2016","福建省","350524","安溪县","Anxi County","201610","2016","10","0.209959566455201","20.9959566455201"
"福建省2016","福建省","350525","永春县","Yongchun County","201610","2016","10","0.211465482960191","21.1465482960191"
"福建省2016","福建省","350526","德化县","Dehua County","201610","2016","10","0.209959566455201","20.9959566455201"
"福建省2016","福建省","350527","金门县","Kinmen County","201610","2016","10","0.219342033602849","21.9342033602849"
"福建省2016","福建省","350581","石狮市","Shishi City","201610","2016","10","0.169706508662692","16.9706508662692"
"福建省2016","福建省","350582","晋江市","Jinjiang City","201610","2016","10","0.313918025574727","31.3918025574727"
"福建省2016","福建省","350583","南安市","Nan'an City","201610","2016","10","0.209959566455201","20.9959566455201"
"福建省2016","福建省","350602","芗城区","Xiangcheng District","201610","2016","10","0.203385083554937","20.3385083554937"
"福建省2016","福建省","350603","龙文区","Longwen District","201610","2016","10","0.166116994058658","16.6116994058658"
"福建省2016","福建省","350622","云霄县","Yunxiao County","201610","2016","10","0.233837975132529","23.3837975132529"
"福建省2016","福建省","350623","漳浦县","Zhangpu County","201610","2016","10","0.142256832973125","14.2256832973125"
"福建省2016","福建省","350624","诏安县","Zhao'an County","201610","2016","10","0.197874117508581","19.7874117508581"
"福建省2016","福建省","350625","长泰县","Changtai County","201610","2016","10","0.160633398483767","16.0633398483767"
"福建省2016","福建省","350626","东山县","Dongshan County","201610","2016","10","0.161394296307797","16.1394296307797"
"福建省2016","福建省","350627","南靖县","Nanjing County","201610","2016","10","0.142830179893712","14.2830179893712"
"福建省2016","福建省","350628","平和县","Pinghe County","201610","2016","10","0.163783001911277","16.3783001911277"
"福建省2016","福建省","350629","华安县","Hua'an County","201610","2016","10","0.116366793137543","11.6366793137543"
"福建省2016","福建省","350681","龙海市","Longhai  City","201610","2016","10","0.156392919641844","15.6392919641844"
"福建省2016","福建省","350702","延平区","Yanping District","201610","2016","10","0.154138894019707","15.4138894019707"
"福建省2016","福建省","350721","顺昌县","Shunchang County","201610","2016","10","0.0991728146900374","9.91728146900374"
"福建省2016","福建省","350722","浦城县","Pucheng County","201610","2016","10","0.107519790558083","10.7519790558083"
"福建省2016","福建省","350723","光泽县","Guangze County","201610","2016","10","0.0960627739766131","9.60627739766131"
"福建省2016","福建省","350724","松溪县","Songxi County","201610","2016","10","0.107965504204924","10.7965504204924"
"福建省2016","福建省","350725","政和县","Zhenghe County","201610","2016","10","0.101387416864706","10.1387416864706"
"福建省2016","福建省","350781","邵武市","Shaowu City","201610","2016","10","0.102286484581565","10.2286484581565"
"福建省2016","福建省","350782","武夷山市","Wuyishan City","201610","2016","10","0.130860608102624","13.0860608102624"
"福建省2016","福建省","350783","建瓯市","Jian'ou City","201610","2016","10","0.174844074337086","17.4844074337086"
"福建省2016","福建省","350784","建阳市","Jianyang City","201610","2016","10","0.100839092123871","10.0839092123871"
"福建省2016","福建省","350802","新罗区","Xinluo District","201610","2016","10","0.124542004706214","12.4542004706214"
"福建省2016","福建省","350821","长汀县","Changting County","201610","2016","10","0.158406086397801","15.8406086397801"
"福建省2016","福建省","350822","永定县","Yongding County","201610","2016","10","0.159482849156237","15.9482849156237"
"福建省2016","福建省","350823","上杭县","Shanghang County","201610","2016","10","0.162556728192969","16.2556728192969"
"福建省2016","福建省","350824","武平县","Wuping County","201610","2016","10","0.118839055962804","11.8839055962804"
"福建省2016","福建省","350825","连城县","Liancheng County","201610","2016","10","0.130745086443457","13.0745086443457"
"福建省2016","福建省","350881","漳平市","Zhangping City","201610","2016","10","0.114275590348204","11.4275590348204"
"福建省2016","福建省","350902","蕉城区","Jiaocheng District","201610","2016","10","0.219327725790363","21.9327725790363"
"福建省2016","福建省","350921","霞浦县","Xiapu County","201610","2016","10","0.237975666964731","23.7975666964731"
"福建省2016","福建省","350922","古田县","Gutian County","201610","2016","10","0.276980052019218","27.6980052019218"
"福建省2016","福建省","350923","屏南县","Pingnan County","201610","2016","10","0.207940971966075","20.7940971966075"
"福建省2016","福建省","350924","寿宁县","Shouning County","201610","2016","10","0.193037488669921","19.3037488669921"
"福建省2016","福建省","350925","周宁县","Zhouning County","201610","2016","10","0.196945775398999","19.6945775398999"
"福建省2016","福建省","350926","柘荣县","Zherong County","201610","2016","10","0.217296539583319","21.7296539583319"
"福建省2016","福建省","350981","福安市","Fu'an City","201610","2016","10","0.218572907137429","21.8572907137429"
"福建省2016","福建省","350982","福鼎市","Fuding City","201610","2016","10","0.214164180478222","21.4164180478222"
"福建省2016","福建省","350102","鼓楼区","Gulou District","201611","2016","11","0.256577043612576","25.6577043612576"
"福建省2016","福建省","350103","台江区","Taijiang District","201611","2016","11","0.256577043612576","25.6577043612576"
"福建省2016","福建省","350104","仓山区","Cangshan District","201611","2016","11","0.250734118175222","25.0734118175222"
"福建省2016","福建省","350105","马尾区","Mawei District","201611","2016","11","0.190608075067672","19.0608075067672"
"福建省2016","福建省","350111","晋安区","Jin'an District","201611","2016","11","0.253740603163846","25.3740603163846"
"福建省2016","福建省","350121","闽侯县","Minhou County","201611","2016","11","0.205984674550104","20.5984674550104"
"福建省2016","福建省","350122","连江县","Lianjiang County","201611","2016","11","0.252453075039558","25.2453075039558"
"福建省2016","福建省","350123","罗源县","Luoyuan County","201611","2016","11","0.252014362288927","25.2014362288927"
"福建省2016","福建省","350124","闽清县","Minqing County","201611","2016","11","0.251846348109718","25.1846348109718"
"福建省2016","福建省","350125","永泰县","Yongtai County","201611","2016","11","0.250372111095285","25.0372111095285"
"福建省2016","福建省","350128","平潭县","Pingtan County","201611","2016","11","0.251846348109718","25.1846348109718"
"福建省2016","福建省","350181","福清市","Fuqing City","201611","2016","11","0.219267302402948","21.9267302402948"
"福建省2016","福建省","350182","长乐市","Changle City","201611","2016","11","0.256677201964892","25.6677201964892"
"福建省2016","福建省","350203","思明区","Siming District","201611","2016","11","0.22431716858992","22.431716858992"
"福建省2016","福建省","350205","海沧区","Haicang District","201611","2016","11","0.204994840731556","20.4994840731556"
"福建省2016","福建省","350206","湖里区","Huli District","201611","2016","11","0.200076991051869","20.0076991051869"
"福建省2016","福建省","350211","集美区","Jimei District","201611","2016","11","0.265570789227887","26.5570789227887"
"福建省2016","福建省","350212","同安区","Tong'an District","201611","2016","11","0.261117353403343","26.1117353403343"
"福建省2016","福建省","350213","翔安区","Xiang'an District","201611","2016","11","0.204317710861688","20.4317710861688"
"福建省2016","福建省","350302","城厢区","Chengxiang District","201611","2016","11","0.227310368276223","22.7310368276223"
"福建省2016","福建省","350303","涵江区","Hanjiang District","201611","2016","11","0.192195372753546","19.2195372753546"
"福建省2016","福建省","350304","荔城区","Licheng District","201611","2016","11","0.249896388241068","24.9896388241068"
"福建省2016","福建省","350305","秀屿区","Xiuyu District","201611","2016","11","0.171297021391727","17.1297021391727"
"福建省2016","福建省","350322","仙游县","Xianyou County","201611","2016","11","0.189888142702407","18.9888142702407"
"福建省2016","福建省","350402","梅列区","Melie district","201611","2016","11","0.230243509233754","23.0243509233754"
"福建省2016","福建省","350403","三元区","Sanyuan District","201611","2016","11","0.28383063007233","28.383063007233"
"福建省2016","福建省","350421","明溪县","Mingxi County","201611","2016","11","0.246007890198855","24.6007890198855"
"福建省2016","福建省","350423","清流县","Qingliu County","201611","2016","11","0.235258074081888","23.5258074081888"
"福建省2016","福建省","350424","宁化县","Ninghua County","201611","2016","11","0.2501223263384","25.01223263384"
"福建省2016","福建省","350425","大田县","Datian County","201611","2016","11","0.21117519635578","21.117519635578"
"福建省2016","福建省","350426","尤溪县","Youxi County","201611","2016","11","0.202631026287261","20.2631026287261"
"福建省2016","福建省","350427","沙县","Sha County","201611","2016","11","0.241043249684391","24.1043249684391"
"福建省2016","福建省","350428","将乐县","Jiangle County","201611","2016","11","0.25701589746228","25.701589746228"
"福建省2016","福建省","350429","泰宁县","Taining County","201611","2016","11","0.198006078125972","19.8006078125972"
"福建省2016","福建省","350430","建宁县","Jianning County","201611","2016","11","0.23669775098573","23.669775098573"
"福建省2016","福建省","350481","永安市","Yong'an City","201611","2016","11","0.198607698918582","19.8607698918582"
"福建省2016","福建省","350502","鲤城区","Licheng District","201611","2016","11","0.213545497692519","21.3545497692519"
"福建省2016","福建省","350503","丰泽区","Fengze District","201611","2016","11","0.242544968950075","24.2544968950075"
"福建省2016","福建省","350504","洛江区","Luojiang District","201611","2016","11","0.212484870620924","21.2484870620924"
"福建省2016","福建省","350505","泉港区","Quangang District","201611","2016","11","0.212513677737496","21.2513677737496"
"福建省2016","福建省","350521","惠安县","Hui'an County","201611","2016","11","0.213440981761041","21.3440981761041"
"福建省2016","福建省","350524","安溪县","Anxi County","201611","2016","11","0.209980883409947","20.9980883409947"
"福建省2016","福建省","350525","永春县","Yongchun County","201611","2016","11","0.211465482960191","21.1465482960191"
"福建省2016","福建省","350526","德化县","Dehua County","201611","2016","11","0.209959566455201","20.9959566455201"
"福建省2016","福建省","350527","金门县","Kinmen County","201611","2016","11","0.241364623896234","24.1364623896234"
"福建省2016","福建省","350581","石狮市","Shishi City","201611","2016","11","0.174449787637418","17.4449787637418"
"福建省2016","福建省","350582","晋江市","Jinjiang City","201611","2016","11","0.291665727823062","29.1665727823062"
"福建省2016","福建省","350583","南安市","Nan'an City","201611","2016","11","0.209959566455201","20.9959566455201"
"福建省2016","福建省","350602","芗城区","Xiangcheng District","201611","2016","11","0.203385083554937","20.3385083554937"
"福建省2016","福建省","350603","龙文区","Longwen District","201611","2016","11","0.166116994058658","16.6116994058658"
"福建省2016","福建省","350622","云霄县","Yunxiao County","201611","2016","11","0.23418450346092","23.418450346092"
"福建省2016","福建省","350623","漳浦县","Zhangpu County","201611","2016","11","0.142773587254505","14.2773587254505"
"福建省2016","福建省","350624","诏安县","Zhao'an County","201611","2016","11","0.197874117508581","19.7874117508581"
"福建省2016","福建省","350625","长泰县","Changtai County","201611","2016","11","0.146696595014783","14.6696595014783"
"福建省2016","福建省","350626","东山县","Dongshan County","201611","2016","11","0.160594161946758","16.0594161946758"
"福建省2016","福建省","350627","南靖县","Nanjing County","201611","2016","11","0.155749987972608","15.5749987972608"
"福建省2016","福建省","350628","平和县","Pinghe County","201611","2016","11","0.169235541946707","16.9235541946707"
"福建省2016","福建省","350629","华安县","Hua'an County","201611","2016","11","0.136234645744749","13.6234645744749"
"福建省2016","福建省","350681","龙海市","Longhai  City","201611","2016","11","0.146664506886652","14.6664506886652"
"福建省2016","福建省","350702","延平区","Yanping District","201611","2016","11","0.154138894019707","15.4138894019707"
"福建省2016","福建省","350721","顺昌县","Shunchang County","201611","2016","11","0.125010553497176","12.5010553497176"
"福建省2016","福建省","350722","浦城县","Pucheng County","201611","2016","11","0.0991728146900374","9.91728146900374"
"福建省2016","福建省","350723","光泽县","Guangze County","201611","2016","11","0.101980370142836","10.1980370142836"
"福建省2016","福建省","350724","松溪县","Songxi County","201611","2016","11","0.107711269329875","10.7711269329875"
"福建省2016","福建省","350725","政和县","Zhenghe County","201611","2016","11","0.12907543179415","12.907543179415"
"福建省2016","福建省","350781","邵武市","Shaowu City","201611","2016","11","0.113739859157743","11.3739859157743"
"福建省2016","福建省","350782","武夷山市","Wuyishan City","201611","2016","11","0.130603912239849","13.0603912239849"
"福建省2016","福建省","350783","建瓯市","Jian'ou City","201611","2016","11","0.104376488028784","10.4376488028784"
"福建省2016","福建省","350784","建阳市","Jianyang City","201611","2016","11","0.123566295454603","12.3566295454603"
"福建省2016","福建省","350802","新罗区","Xinluo District","201611","2016","11","0.132149337401488","13.2149337401488"
"福建省2016","福建省","350821","长汀县","Changting County","201611","2016","11","0.161716266067676","16.1716266067676"
"福建省2016","福建省","350822","永定县","Yongding County","201611","2016","11","0.159482849156237","15.9482849156237"
"福建省2016","福建省","350823","上杭县","Shanghang County","201611","2016","11","0.160718641564601","16.0718641564601"
"福建省2016","福建省","350824","武平县","Wuping County","201611","2016","11","0.118839055962804","11.8839055962804"
"福建省2016","福建省","350825","连城县","Liancheng County","201611","2016","11","0.127629694959994","12.7629694959994"
"福建省2016","福建省","350881","漳平市","Zhangping City","201611","2016","11","0.118787651921325","11.8787651921325"
"福建省2016","福建省","350902","蕉城区","Jiaocheng District","201611","2016","11","0.222097395225851","22.2097395225851"
"福建省2016","福建省","350921","霞浦县","Xiapu County","201611","2016","11","0.216708836290175","21.6708836290175"
"福建省2016","福建省","350922","古田县","Gutian County","201611","2016","11","0.276980052019218","27.6980052019218"
"福建省2016","福建省","350923","屏南县","Pingnan County","201611","2016","11","0.20492569760468","20.492569760468"
"福建省2016","福建省","350924","寿宁县","Shouning County","201611","2016","11","0.193492990377776","19.3492990377776"
"福建省2016","福建省","350925","周宁县","Zhouning County","201611","2016","11","0.196945775398999","19.6945775398999"
"福建省2016","福建省","350926","柘荣县","Zherong County","201611","2016","11","0.20066267864397","20.066267864397"
"福建省2016","福建省","350981","福安市","Fu'an City","201611","2016","11","0.224244322070493","22.4244322070493"
"福建省2016","福建省","350982","福鼎市","Fuding City","201611","2016","11","0.219519384142793","21.9519384142793"
"福建省2016","福建省","350102","鼓楼区","Gulou District","201612","2016","12","0.256577043612576","25.6577043612576"
"福建省2016","福建省","350103","台江区","Taijiang District","201612","2016","12","0.256577043612576","25.6577043612576"
"福建省2016","福建省","350104","仓山区","Cangshan District","201612","2016","12","0.256105692997165","25.6105692997165"
"福建省2016","福建省","350105","马尾区","Mawei District","201612","2016","12","0.190608075067672","19.0608075067672"
"福建省2016","福建省","350111","晋安区","Jin'an District","201612","2016","12","0.252274991517417","25.2274991517417"
"福建省2016","福建省","350121","闽侯县","Minhou County","201612","2016","12","0.204788694069773","20.4788694069773"
"福建省2016","福建省","350122","连江县","Lianjiang County","201612","2016","12","0.252453075039558","25.2453075039558"
"福建省2016","福建省","350123","罗源县","Luoyuan County","201612","2016","12","0.252751653505074","25.2751653505074"
"福建省2016","福建省","350124","闽清县","Minqing County","201612","2016","12","0.259114706774369","25.9114706774369"
"福建省2016","福建省","350125","永泰县","Yongtai County","201612","2016","12","0.251734316362036","25.1734316362036"
"福建省2016","福建省","350128","平潭县","Pingtan County","201612","2016","12","0.251566303099055","25.1566303099055"
"福建省2016","福建省","350181","福清市","Fuqing City","201612","2016","12","0.216983468227312","21.6983468227312"
"福建省2016","福建省","350182","长乐市","Changle City","201612","2016","12","0.256006320768254","25.6006320768254"
"福建省2016","福建省","350203","思明区","Siming District","201612","2016","12","0.230500821717803","23.0500821717803"
"福建省2016","福建省","350205","海沧区","Haicang District","201612","2016","12","0.199504728028706","19.9504728028706"
"福建省2016","福建省","350206","湖里区","Huli District","201612","2016","12","0.20186074537488","20.186074537488"
"福建省2016","福建省","350211","集美区","Jimei District","201612","2016","12","0.241310648919699","24.1310648919699"
"福建省2016","福建省","350212","同安区","Tong'an District","201612","2016","12","0.261117353403343","26.1117353403343"
"福建省2016","福建省","350213","翔安区","Xiang'an District","201612","2016","12","0.205089662057251","20.5089662057251"
"福建省2016","福建省","350302","城厢区","Chengxiang District","201612","2016","12","0.259935195134792","25.9935195134792"
"福建省2016","福建省","350303","涵江区","Hanjiang District","201612","2016","12","0.19271522296848","19.271522296848"
"福建省2016","福建省","350304","荔城区","Licheng District","201612","2016","12","0.221972530792355","22.1972530792355"
"福建省2016","福建省","350305","秀屿区","Xiuyu District","201612","2016","12","0.227929930640561","22.7929930640561"
"福建省2016","福建省","350322","仙游县","Xianyou County","201612","2016","12","0.189256360608616","18.9256360608616"
"福建省2016","福建省","350402","梅列区","Melie district","201612","2016","12","0.234587880972287","23.4587880972287"
"福建省2016","福建省","350403","三元区","Sanyuan District","201612","2016","12","0.286083852162734","28.6083852162734"
"福建省2016","福建省","350421","明溪县","Mingxi County","201612","2016","12","0.242574467818595","24.2574467818595"
"福建省2016","福建省","350423","清流县","Qingliu County","201612","2016","12","0.205434858190499","20.5434858190499"
"福建省2016","福建省","350424","宁化县","Ninghua County","201612","2016","12","0.261206570163913","26.1206570163913"
"福建省2016","福建省","350425","大田县","Datian County","201612","2016","12","0.212048873569333","21.2048873569333"
"福建省2016","福建省","350426","尤溪县","Youxi County","201612","2016","12","0.194679169053677","19.4679169053677"
"福建省2016","福建省","350427","沙县","Sha County","201612","2016","12","0.241315430712307","24.1315430712307"
"福建省2016","福建省","350428","将乐县","Jiangle County","201612","2016","12","0.238752330319592","23.8752330319592"
"福建省2016","福建省","350429","泰宁县","Taining County","201612","2016","12","0.198559135183117","19.8559135183117"
"福建省2016","福建省","350430","建宁县","Jianning County","201612","2016","12","0.240570002477545","24.0570002477545"
"福建省2016","福建省","350481","永安市","Yong'an City","201612","2016","12","0.198607698918582","19.8607698918582"
"福建省2016","福建省","350502","鲤城区","Licheng District","201612","2016","12","0.213545497692519","21.3545497692519"
"福建省2016","福建省","350503","丰泽区","Fengze District","201612","2016","12","0.240431392795398","24.0431392795398"
"福建省2016","福建省","350504","洛江区","Luojiang District","201612","2016","12","0.213991016182851","21.3991016182851"
"福建省2016","福建省","350505","泉港区","Quangang District","201612","2016","12","0.204941791145044","20.4941791145044"
"福建省2016","福建省","350521","惠安县","Hui'an County","201612","2016","12","0.213440981761041","21.3440981761041"
"福建省2016","福建省","350524","安溪县","Anxi County","201612","2016","12","0.209959566455201","20.9959566455201"
"福建省2016","福建省","350525","永春县","Yongchun County","201612","2016","12","0.204950644653757","20.4950644653757"
"福建省2016","福建省","350526","德化县","Dehua County","201612","2016","12","0.205230690580647","20.5230690580647"
"福建省2016","福建省","350527","金门县","Kinmen County","201612","2016","12","0.219187750928874","21.9187750928874"
"福建省2016","福建省","350581","石狮市","Shishi City","201612","2016","12","0.175516936418111","17.5516936418111"
"福建省2016","福建省","350582","晋江市","Jinjiang City","201612","2016","12","0.3167484839725","31.67484839725"
"福建省2016","福建省","350583","南安市","Nan'an City","201612","2016","12","0.209959566455201","20.9959566455201"
"福建省2016","福建省","350602","芗城区","Xiangcheng District","201612","2016","12","0.209804438103016","20.9804438103016"
"福建省2016","福建省","350603","龙文区","Longwen District","201612","2016","12","0.166116994058658","16.6116994058658"
"福建省2016","福建省","350622","云霄县","Yunxiao County","201612","2016","12","0.233837975132529","23.3837975132529"
"福建省2016","福建省","350623","漳浦县","Zhangpu County","201612","2016","12","0.14123743798257","14.123743798257"
"福建省2016","福建省","350624","诏安县","Zhao'an County","201612","2016","12","0.197874117508581","19.7874117508581"
"福建省2016","福建省","350625","长泰县","Changtai County","201612","2016","12","0.157514181749463","15.7514181749463"
"福建省2016","福建省","350626","东山县","Dongshan County","201612","2016","12","0.156133552058961","15.6133552058961"
"福建省2016","福建省","350627","南靖县","Nanjing County","201612","2016","12","0.141370937862575","14.1370937862575"
"福建省2016","福建省","350628","平和县","Pinghe County","201612","2016","12","0.167775249002345","16.7775249002345"
"福建省2016","福建省","350629","华安县","Hua'an County","201612","2016","12","0.139448480402187","13.9448480402187"
"福建省2016","福建省","350681","龙海市","Longhai  City","201612","2016","12","0.139083054876528","13.9083054876528"
"福建省2016","福建省","350702","延平区","Yanping District","201612","2016","12","0.0981137534516607","9.81137534516607"
"福建省2016","福建省","350721","顺昌县","Shunchang County","201612","2016","12","0.130512326114327","13.0512326114327"
"福建省2016","福建省","350722","浦城县","Pucheng County","201612","2016","12","0.0991728146900374","9.91728146900374"
"福建省2016","福建省","350723","光泽县","Guangze County","201612","2016","12","0.100733232086289","10.0733232086289"
"福建省2016","福建省","350724","松溪县","Songxi County","201612","2016","12","0.132208023621095","13.2208023621095"
"福建省2016","福建省","350725","政和县","Zhenghe County","201612","2016","12","0.122344412299656","12.2344412299656"
"福建省2016","福建省","350781","邵武市","Shaowu City","201612","2016","12","0.111872494471741","11.1872494471741"
"福建省2016","福建省","350782","武夷山市","Wuyishan City","201612","2016","12","0.129847156681459","12.9847156681459"
"福建省2016","福建省","350783","建瓯市","Jian'ou City","201612","2016","12","0.103057481984043","10.3057481984043"
"福建省2016","福建省","350784","建阳市","Jianyang City","201612","2016","12","0.108248191616407","10.8248191616407"
"福建省2016","福建省","350802","新罗区","Xinluo District","201612","2016","12","0.124783195246838","12.4783195246838"
"福建省2016","福建省","350821","长汀县","Changting County","201612","2016","12","0.152998408537743","15.2998408537743"
"福建省2016","福建省","350822","永定县","Yongding County","201612","2016","12","0.159482849156237","15.9482849156237"
"福建省2016","福建省","350823","上杭县","Shanghang County","201612","2016","12","0.163383508289327","16.3383508289327"
"福建省2016","福建省","350824","武平县","Wuping County","201612","2016","12","0.127015193837726","12.7015193837726"
"福建省2016","福建省","350825","连城县","Liancheng County","201612","2016","12","0.153885318828635","15.3885318828635"
"福建省2016","福建省","350881","漳平市","Zhangping City","201612","2016","12","0.129196127391401","12.9196127391401"
"福建省2016","福建省","350902","蕉城区","Jiaocheng District","201612","2016","12","0.222539485191956","22.2539485191956"
"福建省2016","福建省","350921","霞浦县","Xiapu County","201612","2016","12","0.210980573090362","21.0980573090362"
"福建省2016","福建省","350922","古田县","Gutian County","201612","2016","12","0.276266787043263","27.6266787043263"
"福建省2016","福建省","350923","屏南县","Pingnan County","201612","2016","12","0.195751938891594","19.5751938891594"
"福建省2016","福建省","350924","寿宁县","Shouning County","201612","2016","12","0.193492990377776","19.3492990377776"
"福建省2016","福建省","350925","周宁县","Zhouning County","201612","2016","12","0.197155015245654","19.7155015245654"
"福建省2016","福建省","350926","柘荣县","Zherong County","201612","2016","12","0.23618474499206","23.618474499206"
"福建省2016","福建省","350981","福安市","Fu'an City","201612","2016","12","0.225859537215797","22.5859537215797"
"福建省2016","福建省","350982","福鼎市","Fuding City","201612","2016","12","0.210313855232604","21.0313855232604"
"福建省2017","福建省","350102","鼓楼区","Gulou District","201701","2017","1","0.26383180108537","26.383180108537"
"福建省2017","福建省","350103","台江区","Taijiang District","201701","2017","1","0.26383180108537","26.383180108537"
"福建省2017","福建省","350104","仓山区","Cangshan District","201701","2017","1","0.256185782633309","25.6185782633309"
"福建省2017","福建省","350105","马尾区","Mawei District","201701","2017","1","0.193826987553364","19.3826987553364"
"福建省2017","福建省","350111","晋安区","Jin'an District","201701","2017","1","0.26061294454763","26.061294454763"
"福建省2017","福建省","350121","闽侯县","Minhou County","201701","2017","1","0.199339045600522","19.9339045600522"
"福建省2017","福建省","350122","连江县","Lianjiang County","201701","2017","1","0.257368444852069","25.7368444852069"
"福建省2017","福建省","350123","罗源县","Luoyuan County","201701","2017","1","0.259164815105308","25.9164815105308"
"福建省2017","福建省","350124","闽清县","Minqing County","201701","2017","1","0.266441217184971","26.6441217184971"
"福建省2017","福建省","350125","永泰县","Yongtai County","201701","2017","1","0.259898247732053","25.9898247732053"
"福建省2017","福建省","350128","平潭县","Pingtan County","201701","2017","1","0.262223816429953","26.2223816429953"
"福建省2017","福建省","350181","福清市","Fuqing City","201701","2017","1","0.224153271411874","22.4153271411874"
"福建省2017","福建省","350182","长乐市","Changle City","201701","2017","1","0.262975975702065","26.2975975702065"
"福建省2017","福建省","350203","思明区","Siming District","201701","2017","1","0.195232039570255","19.5232039570255"
"福建省2017","福建省","350205","海沧区","Haicang District","201701","2017","1","0.209188797274545","20.9188797274545"
"福建省2017","福建省","350206","湖里区","Huli District","201701","2017","1","0.212193448156706","21.2193448156706"
"福建省2017","福建省","350211","集美区","Jimei District","201701","2017","1","0.242117053686719","24.2117053686719"
"福建省2017","福建省","350212","同安区","Tong'an District","201701","2017","1","0.26729565303304","26.729565303304"
"福建省2017","福建省","350213","翔安区","Xiang'an District","201701","2017","1","0.208108600447215","20.8108600447215"
"福建省2017","福建省","350302","城厢区","Chengxiang District","201701","2017","1","0.262047824826486","26.2047824826486"
"福建省2017","福建省","350303","涵江区","Hanjiang District","201701","2017","1","0.200892750390113","20.0892750390113"
"福建省2017","福建省","350304","荔城区","Licheng District","201701","2017","1","0.228248840357275","22.8248840357275"
"福建省2017","福建省","350305","秀屿区","Xiuyu District","201701","2017","1","0.244847413429947","24.4847413429947"
"福建省2017","福建省","350322","仙游县","Xianyou County","201701","2017","1","0.188878208227314","18.8878208227314"
"福建省2017","福建省","350402","梅列区","Melie district","201701","2017","1","0.234686769745626","23.4686769745626"
"福建省2017","福建省","350403","三元区","Sanyuan District","201701","2017","1","0.292880391713825","29.2880391713825"
"福建省2017","福建省","350421","明溪县","Mingxi County","201701","2017","1","0.264625600585521","26.4625600585521"
"福建省2017","福建省","350423","清流县","Qingliu County","201701","2017","1","0.224034941854322","22.4034941854322"
"福建省2017","福建省","350424","宁化县","Ninghua County","201701","2017","1","0.262932362993931","26.2932362993931"
"福建省2017","福建省","350425","大田县","Datian County","201701","2017","1","0.216183507748596","21.6183507748596"
"福建省2017","福建省","350426","尤溪县","Youxi County","201701","2017","1","0.20404743808073","20.404743808073"
"福建省2017","福建省","350427","沙县","Sha County","201701","2017","1","0.249919575418924","24.9919575418924"
"福建省2017","福建省","350428","将乐县","Jiangle County","201701","2017","1","0.274234210151807","27.4234210151807"
"福建省2017","福建省","350429","泰宁县","Taining County","201701","2017","1","0.197640538590684","19.7640538590684"
"福建省2017","福建省","350430","建宁县","Jianning County","201701","2017","1","0.235020424102899","23.5020424102899"
"福建省2017","福建省","350481","永安市","Yong'an City","201701","2017","1","0.23276152468228","23.276152468228"
"福建省2017","福建省","350502","鲤城区","Licheng District","201701","2017","1","0.219583531816893","21.9583531816893"
"福建省2017","福建省","350503","丰泽区","Fengze District","201701","2017","1","0.249081272294907","24.9081272294907"
"福建省2017","福建省","350504","洛江区","Luojiang District","201701","2017","1","0.217949045168223","21.7949045168223"
"福建省2017","福建省","350505","泉港区","Quangang District","201701","2017","1","0.205875861135521","20.5875861135521"
"福建省2017","福建省","350521","惠安县","Hui'an County","201701","2017","1","0.219476060065666","21.9476060065666"
"福建省2017","福建省","350524","安溪县","Anxi County","201701","2017","1","0.215896207590148","21.5896207590148"
"福建省2017","福建省","350525","永春县","Yongchun County","201701","2017","1","0.210745657848973","21.0745657848973"
"福建省2017","福建省","350526","德化县","Dehua County","201701","2017","1","0.21103362161132","21.103362161132"
"福建省2017","福建省","350527","金门县","Kinmen County","201701","2017","1","0.248470148099364","24.8470148099364"
"福建省2017","福建省","350581","石狮市","Shishi City","201701","2017","1","0.179382383826341","17.9382383826341"
"福建省2017","福建省","350582","晋江市","Jinjiang City","201701","2017","1","0.320048583703709","32.0048583703709"
"福建省2017","福建省","350583","南安市","Nan'an City","201701","2017","1","0.215896207590148","21.5896207590148"
"福建省2017","福建省","350602","芗城区","Xiangcheng District","201701","2017","1","0.215736692428222","21.5736692428222"
"福建省2017","福建省","350603","龙文区","Longwen District","201701","2017","1","0.170813978870132","17.0813978870132"
"福建省2017","福建省","350622","云霄县","Yunxiao County","201701","2017","1","0.2404497818891","24.04497818891"
"福建省2017","福建省","350623","漳浦县","Zhangpu County","201701","2017","1","0.150943167642266","15.0943167642266"
"福建省2017","福建省","350624","诏安县","Zhao'an County","201701","2017","1","0.201172473181949","20.1172473181949"
"福建省2017","福建省","350625","长泰县","Changtai County","201701","2017","1","0.144947584330354","14.4947584330354"
"福建省2017","福建省","350626","东山县","Dongshan County","201701","2017","1","0.165349362085644","16.5349362085644"
"福建省2017","福建省","350627","南靖县","Nanjing County","201701","2017","1","0.145446747365977","14.5446747365977"
"福建省2017","福建省","350628","平和县","Pinghe County","201701","2017","1","0.175595278870897","17.5595278870897"
"福建省2017","福建省","350629","华安县","Hua'an County","201701","2017","1","0.145153075143577","14.5153075143577"
"福建省2017","福建省","350681","龙海市","Longhai  City","201701","2017","1","0.136302326893398","13.6302326893398"
"福建省2017","福建省","350702","延平区","Yanping District","201701","2017","1","0.101859559567731","10.1859559567731"
"福建省2017","福建省","350721","顺昌县","Shunchang County","201701","2017","1","0.139423298189817","13.9423298189817"
"福建省2017","福建省","350722","浦城县","Pucheng County","201701","2017","1","0.0999036814852065","9.99036814852065"
"福建省2017","福建省","350723","光泽县","Guangze County","201701","2017","1","0.103634795320021","10.3634795320021"
"福建省2017","福建省","350724","松溪县","Songxi County","201701","2017","1","0.109830266391798","10.9830266391798"
"福建省2017","福建省","350725","政和县","Zhenghe County","201701","2017","1","0.124993382656814","12.4993382656814"
"福建省2017","福建省","350781","邵武市","Shaowu City","201701","2017","1","0.115035707357638","11.5035707357638"
"福建省2017","福建省","350782","武夷山市","Wuyishan City","201701","2017","1","0.134560713127569","13.4560713127569"
"福建省2017","福建省","350783","建瓯市","Jian'ou City","201701","2017","1","0.108822723192374","10.8822723192374"
"福建省2017","福建省","350784","建阳市","Jianyang City","201701","2017","1","0.143467435083359","14.3467435083359"
"福建省2017","福建省","350802","新罗区","Xinluo District","201701","2017","1","0.165539809071819","16.5539809071819"
"福建省2017","福建省","350821","长汀县","Changting County","201701","2017","1","0.159013149242888","15.9013149242888"
"福建省2017","福建省","350822","永定县","Yongding County","201701","2017","1","0.163992252700667","16.3992252700667"
"福建省2017","福建省","350823","上杭县","Shanghang County","201701","2017","1","0.167477234566387","16.7477234566387"
"福建省2017","福建省","350824","武平县","Wuping County","201701","2017","1","0.122262132914435","12.2262132914435"
"福建省2017","福建省","350825","连城县","Liancheng County","201701","2017","1","0.159954573113014","15.9954573113014"
"福建省2017","福建省","350881","漳平市","Zhangping City","201701","2017","1","0.132849169600817","13.2849169600817"
"福建省2017","福建省","350902","蕉城区","Jiaocheng District","201701","2017","1","0.229770170625744","22.9770170625744"
"福建省2017","福建省","350921","霞浦县","Xiapu County","201701","2017","1","0.238722379695707","23.8722379695707"
"福建省2017","福建省","350922","古田县","Gutian County","201701","2017","1","0.284811707990441","28.4811707990441"
"福建省2017","福建省","350923","屏南县","Pingnan County","201701","2017","1","0.202600925485475","20.2600925485475"
"福建省2017","福建省","350924","寿宁县","Shouning County","201701","2017","1","0.20075241099774","20.075241099774"
"福建省2017","福建省","350925","周宁县","Zhouning County","201701","2017","1","0.203830677000196","20.3830677000196"
"福建省2017","福建省","350926","柘荣县","Zherong County","201701","2017","1","0.197761572975727","19.7761572975727"
"福建省2017","福建省","350981","福安市","Fu'an City","201701","2017","1","0.229007361610959","22.9007361610959"
"福建省2017","福建省","350982","福鼎市","Fuding City","201701","2017","1","0.216260513298199","21.6260513298199"
"福建省2017","福建省","350102","鼓楼区","Gulou District","201702","2017","2","0.26383180108537","26.383180108537"
"福建省2017","福建省","350103","台江区","Taijiang District","201702","2017","2","0.26383180108537","26.383180108537"
"福建省2017","福建省","350104","仓山区","Cangshan District","201702","2017","2","0.245600256470717","24.5600256470717"
"福建省2017","福建省","350105","马尾区","Mawei District","201702","2017","2","0.189447317313611","18.9447317313611"
"福建省2017","福建省","350111","晋安区","Jin'an District","201702","2017","2","0.26061294454763","26.061294454763"
"福建省2017","福建省","350121","闽侯县","Minhou County","201702","2017","2","0.259591226438969","25.9591226438969"
"福建省2017","福建省","350122","连江县","Lianjiang County","201702","2017","2","0.257554088959201","25.7554088959201"
"福建省2017","福建省","350123","罗源县","Luoyuan County","201702","2017","2","0.257451423753337","25.7451423753337"
"福建省2017","福建省","350124","闽清县","Minqing County","201702","2017","2","0.266870902542285","26.6870902542285"
"福建省2017","福建省","350125","永泰县","Yongtai County","201702","2017","2","0.259898247732053","25.9898247732053"
"福建省2017","福建省","350128","平潭县","Pingtan County","201702","2017","2","0.262834998370034","26.2834998370034"
"福建省2017","福建省","350181","福清市","Fuqing City","201702","2017","2","0.224782276249472","22.4782276249472"
"福建省2017","福建省","350182","长乐市","Changle City","201702","2017","2","0.262975975702065","26.2975975702065"
"福建省2017","福建省","350203","思明区","Siming District","201702","2017","2","0.210206894892324","21.0206894892324"
"福建省2017","福建省","350205","海沧区","Haicang District","201702","2017","2","0.208400664988348","20.8400664988348"
"福建省2017","福建省","350206","湖里区","Huli District","201702","2017","2","0.249994128200527","24.9994128200527"
"福建省2017","福建省","350211","集美区","Jimei District","201702","2017","2","0.212910447421169","21.2910447421169"
"福建省2017","福建省","350212","同安区","Tong'an District","201702","2017","2","0.267801813240155","26.7801813240155"
"福建省2017","福建省","350213","翔安区","Xiang'an District","201702","2017","2","0.210201415577264","21.0201415577264"
"福建省2017","福建省","350302","城厢区","Chengxiang District","201702","2017","2","0.264981170369878","26.4981170369878"
"福建省2017","福建省","350303","涵江区","Hanjiang District","201702","2017","2","0.182219707535493","18.2219707535493"
"福建省2017","福建省","350304","荔城区","Licheng District","201702","2017","2","0.228248840357275","22.8248840357275"
"福建省2017","福建省","350305","秀屿区","Xiuyu District","201702","2017","2","0.255246499893993","25.5246499893993"
"福建省2017","福建省","350322","仙游县","Xianyou County","201702","2017","2","0.18859048185918","18.859048185918"
"福建省2017","福建省","350402","梅列区","Melie district","201702","2017","2","0.206090763391876","20.6090763391876"
"福建省2017","福建省","350403","三元区","Sanyuan District","201702","2017","2","0.285558506186309","28.5558506186309"
"福建省2017","福建省","350421","明溪县","Mingxi County","201702","2017","2","0.266970851921698","26.6970851921698"
"福建省2017","福建省","350423","清流县","Qingliu County","201702","2017","2","0.237047448039278","23.7047448039278"
"福建省2017","福建省","350424","宁化县","Ninghua County","201702","2017","2","0.254809294914605","25.4809294914605"
"福建省2017","福建省","350425","大田县","Datian County","201702","2017","2","0.208877889682388","20.8877889682388"
"福建省2017","福建省","350426","尤溪县","Youxi County","201702","2017","2","0.198144245113218","19.8144245113218"
"福建省2017","福建省","350427","沙县","Sha County","201702","2017","2","0.246921315848893","24.6921315848893"
"福建省2017","福建省","350428","将乐县","Jiangle County","201702","2017","2","0.260613634732348","26.0613634732348"
"福建省2017","福建省","350429","泰宁县","Taining County","201702","2017","2","0.196567600160137","19.6567600160137"
"福建省2017","福建省","350430","建宁县","Jianning County","201702","2017","2","0.235020424102899","23.5020424102899"
"福建省2017","福建省","350481","永安市","Yong'an City","201702","2017","2","0.222658906926123","22.2658906926123"
"福建省2017","福建省","350502","鲤城区","Licheng District","201702","2017","2","0.219583531816893","21.9583531816893"
"福建省2017","福建省","350503","丰泽区","Fengze District","201702","2017","2","0.249050545784571","24.9050545784571"
"福建省2017","福建省","350504","洛江区","Luojiang District","201702","2017","2","0.20567274609758","20.567274609758"
"福建省2017","福建省","350505","泉港区","Quangang District","201702","2017","2","0.220916636889036","22.0916636889036"
"福建省2017","福建省","350521","惠安县","Hui'an County","201702","2017","2","0.219476060065666","21.9476060065666"
"福建省2017","福建省","350524","安溪县","Anxi County","201702","2017","2","0.215896207590148","21.5896207590148"
"福建省2017","福建省","350525","永春县","Yongchun County","201702","2017","2","0.210745657848973","21.0745657848973"
"福建省2017","福建省","350526","德化县","Dehua County","201702","2017","2","0.215896207590148","21.5896207590148"
"福建省2017","福建省","350527","金门县","Kinmen County","201702","2017","2","0.248470148099364","24.8470148099364"
"福建省2017","福建省","350581","石狮市","Shishi City","201702","2017","2","0.216988093561835","21.6988093561835"
"福建省2017","福建省","350582","晋江市","Jinjiang City","201702","2017","2","0.305389264702645","30.5389264702645"
"福建省2017","福建省","350583","南安市","Nan'an City","201702","2017","2","0.215608243827801","21.5608243827801"
"福建省2017","福建省","350602","芗城区","Xiangcheng District","201702","2017","2","0.214510431250027","21.4510431250027"
"福建省2017","福建省","350603","龙文区","Longwen District","201702","2017","2","0.170813978870132","17.0813978870132"
"福建省2017","福建省","350622","云霄县","Yunxiao County","201702","2017","2","0.2404497818891","24.04497818891"
"福建省2017","福建省","350623","漳浦县","Zhangpu County","201702","2017","2","0.150005042543452","15.0005042543452"
"福建省2017","福建省","350624","诏安县","Zhao'an County","201702","2017","2","0.201172473181949","20.1172473181949"
"福建省2017","福建省","350625","长泰县","Changtai County","201702","2017","2","0.150540587387826","15.0540587387826"
"福建省2017","福建省","350626","东山县","Dongshan County","201702","2017","2","0.160773552898102","16.0773552898102"
"福建省2017","福建省","350627","南靖县","Nanjing County","201702","2017","2","0.157678225676085","15.7678225676085"
"福建省2017","福建省","350628","平和县","Pinghe County","201702","2017","2","0.168413993044465","16.8413993044465"
"福建省2017","福建省","350629","华安县","Hua'an County","201702","2017","2","0.143226263645062","14.3226263645062"
"福建省2017","福建省","350681","龙海市","Longhai  City","201702","2017","2","0.136302326893398","13.6302326893398"
"福建省2017","福建省","350702","延平区","Yanping District","201702","2017","2","0.100838513312188","10.0838513312188"
"福建省2017","福建省","350721","顺昌县","Shunchang County","201702","2017","2","0.134560713127569","13.4560713127569"
"福建省2017","福建省","350722","浦城县","Pucheng County","201702","2017","2","0.0989706782352652","9.89706782352652"
"福建省2017","福建省","350723","光泽县","Guangze County","201702","2017","2","0.098772209341193","9.8772209341193"
"福建省2017","福建省","350724","松溪县","Songxi County","201702","2017","2","0.135260467856475","13.5260467856475"
"福建省2017","福建省","350725","政和县","Zhenghe County","201702","2017","2","0.127338593663472","12.7338593663472"
"福建省2017","福建省","350781","邵武市","Shaowu City","201702","2017","2","0.115035707357638","11.5035707357638"
"福建省2017","福建省","350782","武夷山市","Wuyishan City","201702","2017","2","0.134296759177537","13.4296759177537"
"福建省2017","福建省","350783","建瓯市","Jian'ou City","201702","2017","2","0.101308222967054","10.1308222967054"
"福建省2017","福建省","350784","建阳市","Jianyang City","201702","2017","2","0.145219151393617","14.5219151393617"
"福建省2017","福建省","350802","新罗区","Xinluo District","201702","2017","2","0.165943848521571","16.5943848521571"
"福建省2017","福建省","350821","长汀县","Changting County","201702","2017","2","0.160286697698317","16.0286697698317"
"福建省2017","福建省","350822","永定县","Yongding County","201702","2017","2","0.163992252700667","16.3992252700667"
"福建省2017","福建省","350823","上杭县","Shanghang County","201702","2017","2","0.167241026408628","16.7241026408628"
"福建省2017","福建省","350824","武平县","Wuping County","201702","2017","2","0.117506751045483","11.7506751045483"
"福建省2017","福建省","350825","连城县","Liancheng County","201702","2017","2","0.148422805535974","14.8422805535974"
"福建省2017","福建省","350881","漳平市","Zhangping City","201702","2017","2","0.137720227528308","13.7720227528308"
"福建省2017","福建省","350902","蕉城区","Jiaocheng District","201702","2017","2","0.228848639290708","22.8848639290708"
"福建省2017","福建省","350921","霞浦县","Xiapu County","201702","2017","2","0.228540373282025","22.8540373282025"
"福建省2017","福建省","350922","古田县","Gutian County","201702","2017","2","0.251966938264838","25.1966938264838"
"福建省2017","福建省","350923","屏南县","Pingnan County","201702","2017","2","0.210720005525352","21.0720005525352"
"福建省2017","福建省","350924","寿宁县","Shouning County","201702","2017","2","0.226906172606305","22.6906172606305"
"福建省2017","福建省","350925","周宁县","Zhouning County","201702","2017","2","0.214087349851397","21.4087349851397"
"福建省2017","福建省","350926","柘荣县","Zherong County","201702","2017","2","0.169633602601818","16.9633602601818"
"福建省2017","福建省","350981","福安市","Fu'an City","201702","2017","2","0.22008531993755","22.008531993755"
"福建省2017","福建省","350982","福鼎市","Fuding City","201702","2017","2","0.217167666243245","21.7167666243245"
"福建省2017","福建省","350102","鼓楼区","Gulou District","201703","2017","3","0.26383180108537","26.383180108537"
"福建省2017","福建省","350103","台江区","Taijiang District","201703","2017","3","0.26383180108537","26.383180108537"
"福建省2017","福建省","350104","仓山区","Cangshan District","201703","2017","3","0.248974533807656","24.8974533807656"
"福建省2017","福建省","350105","马尾区","Mawei District","201703","2017","3","0.186551418644894","18.6551418644894"
"福建省2017","福建省","350111","晋安区","Jin'an District","201703","2017","3","0.257316850565556","25.7316850565556"
"福建省2017","福建省","350121","闽侯县","Minhou County","201703","2017","3","0.204837065308858","20.4837065308858"
"福建省2017","福建省","350122","连江县","Lianjiang County","201703","2017","3","0.259140108692215","25.9140108692215"
"福建省2017","福建省","350123","罗源县","Luoyuan County","201703","2017","3","0.257451423753337","25.7451423753337"
"福建省2017","福建省","350124","闽清县","Minqing County","201703","2017","3","0.262511781108879","26.2511781108879"
"福建省2017","福建省","350125","永泰县","Yongtai County","201703","2017","3","0.258876851342961","25.8876851342961"
"福建省2017","福建省","350128","平潭县","Pingtan County","201703","2017","3","0.267158866304632","26.7158866304632"
"福建省2017","福建省","350181","福清市","Fuqing City","201703","2017","3","0.211808924527676","21.1808924527676"
"福建省2017","福建省","350182","长乐市","Changle City","201703","2017","3","0.262549613863723","26.2549613863723"
"福建省2017","福建省","350203","思明区","Siming District","201703","2017","3","0.206423440674901","20.6423440674901"
"福建省2017","福建省","350205","海沧区","Haicang District","201703","2017","3","0.210615869208636","21.0615869208636"
"福建省2017","福建省","350206","湖里区","Huli District","201703","2017","3","0.256936417632932","25.6936417632932"
"福建省2017","福建省","350211","集美区","Jimei District","201703","2017","3","0.257920127003395","25.7920127003395"
"福建省2017","福建省","350212","同安区","Tong'an District","201703","2017","3","0.217714895649077","21.7714895649077"
"福建省2017","福建省","350213","翔安区","Xiang'an District","201703","2017","3","0.209938030823393","20.9938030823393"
"福建省2017","福建省","350302","城厢区","Chengxiang District","201703","2017","3","0.230738426457913","23.0738426457913"
"福建省2017","福建省","350303","涵江区","Hanjiang District","201703","2017","3","0.207370376856967","20.7370376856967"
"福建省2017","福建省","350304","荔城区","Licheng District","201703","2017","3","0.224694576044779","22.4694576044779"
"福建省2017","福建省","350305","秀屿区","Xiuyu District","201703","2017","3","0.243411294851552","24.3411294851552"
"福建省2017","福建省","350322","仙游县","Xianyou County","201703","2017","3","0.188878208227314","18.8878208227314"
"福建省2017","福建省","350402","梅列区","Melie district","201703","2017","3","0.239323801892267","23.9323801892267"
"福建省2017","福建省","350403","三元区","Sanyuan District","201703","2017","3","0.268484124535651","26.8484124535651"
"福建省2017","福建省","350421","明溪县","Mingxi County","201703","2017","3","0.254336450556241","25.4336450556241"
"福建省2017","福建省","350423","清流县","Qingliu County","201703","2017","3","0.220562173416703","22.0562173416703"
"福建省2017","福建省","350424","宁化县","Ninghua County","201703","2017","3","0.262525772702122","26.2525772702122"
"福建省2017","福建省","350425","大田县","Datian County","201703","2017","3","0.21484316902733","21.484316902733"
"福建省2017","福建省","350426","尤溪县","Youxi County","201703","2017","3","0.202755933823688","20.2755933823688"
"福建省2017","福建省","350427","沙县","Sha County","201703","2017","3","0.248153987587399","24.8153987587399"
"福建省2017","福建省","350428","将乐县","Jiangle County","201703","2017","3","0.257121653861976","25.7121653861976"
"福建省2017","福建省","350429","泰宁县","Taining County","201703","2017","3","0.199858584208879","19.9858584208879"
"福建省2017","福建省","350430","建宁县","Jianning County","201703","2017","3","0.247306008128638","24.7306008128638"
"福建省2017","福建省","350481","永安市","Yong'an City","201703","2017","3","0.22784640217273","22.784640217273"
"福建省2017","福建省","350502","鲤城区","Licheng District","201703","2017","3","0.219583531816893","21.9583531816893"
"福建省2017","福建省","350503","丰泽区","Fengze District","201703","2017","3","0.247244812666939","24.7244812666939"
"福建省2017","福建省","350504","洛江区","Luojiang District","201703","2017","3","0.222461896310783","22.2461896310783"
"福建省2017","福建省","350505","泉港区","Quangang District","201703","2017","3","0.209517695498354","20.9517695498354"
"福建省2017","福建省","350521","惠安县","Hui'an County","201703","2017","3","0.216357370136793","21.6357370136793"
"福建省2017","福建省","350524","安溪县","Anxi County","201703","2017","3","0.219476060065666","21.9476060065666"
"福建省2017","福建省","350525","永春县","Yongchun County","201703","2017","3","0.215608243827801","21.5608243827801"
"福建省2017","福建省","350526","德化县","Dehua County","201703","2017","3","0.215896207590148","21.5896207590148"
"福建省2017","福建省","350527","金门县","Kinmen County","201703","2017","3","0.265336068301117","26.5336068301117"
"福建省2017","福建省","350581","石狮市","Shishi City","201703","2017","3","0.179382383826341","17.9382383826341"
"福建省2017","福建省","350582","晋江市","Jinjiang City","201703","2017","3","0.317879263476722","31.7879263476722"
"福建省2017","福建省","350583","南安市","Nan'an City","201703","2017","3","0.215608243827801","21.5608243827801"
"福建省2017","福建省","350602","芗城区","Xiangcheng District","201703","2017","3","0.213812968887626","21.3812968887626"
"福建省2017","福建省","350603","龙文区","Longwen District","201703","2017","3","0.170813978870132","17.0813978870132"
"福建省2017","福建省","350622","云霄县","Yunxiao County","201703","2017","3","0.240806107851932","24.0806107851932"
"福建省2017","福建省","350623","漳浦县","Zhangpu County","201703","2017","3","0.150301261941589","15.0301261941589"
"福建省2017","福建省","350624","诏安县","Zhao'an County","201703","2017","3","0.203469040373017","20.3469040373017"
"福建省2017","福建省","350625","长泰县","Changtai County","201703","2017","3","0.1461698391375","14.61698391375"
"福建省2017","福建省","350626","东山县","Dongshan County","201703","2017","3","0.165451036468561","16.5451036468561"
"福建省2017","福建省","350627","南靖县","Nanjing County","201703","2017","3","0.13662867519173","13.662867519173"
"福建省2017","福建省","350628","平和县","Pinghe County","201703","2017","3","0.171766032318171","17.1766032318171"
"福建省2017","福建省","350629","华安县","Hua'an County","201703","2017","3","0.144202288409057","14.4202288409057"
"福建省2017","福建省","350681","龙海市","Longhai  City","201703","2017","3","0.147020680158927","14.7020680158927"
"福建省2017","福建省","350702","延平区","Yanping District","201703","2017","3","0.104156126758799","10.4156126758799"
"福建省2017","福建省","350721","顺昌县","Shunchang County","201703","2017","3","0.134560713127569","13.4560713127569"
"福建省2017","福建省","350722","浦城县","Pucheng County","201703","2017","3","0.110562840183111","11.0562840183111"
"福建省2017","福建省","350723","光泽县","Guangze County","201703","2017","3","0.137091950455206","13.7091950455206"
"福建省2017","福建省","350724","松溪县","Songxi County","201703","2017","3","0.111828189830708","11.1828189830708"
"福建省2017","福建省","350725","政和县","Zhenghe County","201703","2017","3","0.126900341949757","12.6900341949757"
"福建省2017","福建省","350781","邵武市","Shaowu City","201703","2017","3","0.116633060601983","11.6633060601983"
"福建省2017","福建省","350782","武夷山市","Wuyishan City","201703","2017","3","0.159754788010104","15.9754788010104"
"福建省2017","福建省","350783","建瓯市","Jian'ou City","201703","2017","3","0.105278439519172","10.5278439519172"
"福建省2017","福建省","350784","建阳市","Jianyang City","201703","2017","3","0.110199910261595","11.0199910261595"
"福建省2017","福建省","350802","新罗区","Xinluo District","201703","2017","3","0.133995821225715","13.3995821225715"
"福建省2017","福建省","350821","长汀县","Changting County","201703","2017","3","0.162583263972805","16.2583263972805"
"福建省2017","福建省","350822","永定县","Yongding County","201703","2017","3","0.163992252700667","16.3992252700667"
"福建省2017","福建省","350823","上杭县","Shanghang County","201703","2017","3","0.167477234566387","16.7477234566387"
"福建省2017","福建省","350824","武平县","Wuping County","201703","2017","3","0.122199250029011","12.2199250029011"
"福建省2017","福建省","350825","连城县","Liancheng County","201703","2017","3","0.150198071535402","15.0198071535402"
"福建省2017","福建省","350881","漳平市","Zhangping City","201703","2017","3","0.128209528867582","12.8209528867582"
"福建省2017","福建省","350902","蕉城区","Jiaocheng District","201703","2017","3","0.231636642748251","23.1636642748251"
"福建省2017","福建省","350921","霞浦县","Xiapu County","201703","2017","3","0.238722379695707","23.8722379695707"
"福建省2017","福建省","350922","古田县","Gutian County","201703","2017","3","0.284811707990441","28.4811707990441"
"福建省2017","福建省","350923","屏南县","Pingnan County","201703","2017","3","0.214141897358574","21.4141897358574"
"福建省2017","福建省","350924","寿宁县","Shouning County","201703","2017","3","0.207333915305759","20.7333915305759"
"福建省2017","福建省","350925","周宁县","Zhouning County","201703","2017","3","0.205719061800046","20.5719061800046"
"福建省2017","福建省","350926","柘荣县","Zherong County","201703","2017","3","0.178131500560411","17.8131500560411"
"福建省2017","福建省","350981","福安市","Fu'an City","201703","2017","3","0.220219707976177","22.0219707976177"
"福建省2017","福建省","350982","福鼎市","Fuding City","201703","2017","3","0.216548240582913","21.6548240582913"
"福建省2017","福建省","350102","鼓楼区","Gulou District","201704","2017","4","0.26383180108537","26.383180108537"
"福建省2017","福建省","350103","台江区","Taijiang District","201704","2017","4","0.26383180108537","26.383180108537"
"福建省2017","福建省","350104","仓山区","Cangshan District","201704","2017","4","0.242844912590666","24.2844912590666"
"福建省2017","福建省","350105","马尾区","Mawei District","201704","2017","4","0.189905166423664","18.9905166423664"
"福建省2017","福建省","350111","晋安区","Jin'an District","201704","2017","4","0.257566665352969","25.7566665352969"
"福建省2017","福建省","350121","闽侯县","Minhou County","201704","2017","4","0.259591226438969","25.9591226438969"
"福建省2017","福建省","350122","连江县","Lianjiang County","201704","2017","4","0.256744562779923","25.6744562779923"
"福建省2017","福建省","350123","罗源县","Luoyuan County","201704","2017","4","0.257451423753337","25.7451423753337"
"福建省2017","福建省","350124","闽清县","Minqing County","201704","2017","4","0.266948775176539","26.6948775176539"
"福建省2017","福建省","350125","永泰县","Yongtai County","201704","2017","4","0.259898247732053","25.9898247732053"
"福建省2017","福建省","350128","平潭县","Pingtan County","201704","2017","4","0.266948775176539","26.6948775176539"
"福建省2017","福建省","350181","福清市","Fuqing City","201704","2017","4","0.262487202100403","26.2487202100403"
"福建省2017","福建省","350182","长乐市","Changle City","201704","2017","4","0.263244940594793","26.3244940594793"
"福建省2017","福建省","350203","思明区","Siming District","201704","2017","4","0.200948243807819","20.0948243807819"
"福建省2017","福建省","350205","海沧区","Haicang District","201704","2017","4","0.203486906349793","20.3486906349793"
"福建省2017","福建省","350206","湖里区","Huli District","201704","2017","4","0.227399409035841","22.7399409035841"
"福建省2017","福建省","350211","集美区","Jimei District","201704","2017","4","0.230238313845441","23.0238313845441"
"福建省2017","福建省","350212","同安区","Tong'an District","201704","2017","4","0.2262957239302","22.62957239302"
"福建省2017","福建省","350213","翔安区","Xiang'an District","201704","2017","4","0.206393594997917","20.6393594997917"
"福建省2017","福建省","350302","城厢区","Chengxiang District","201704","2017","4","0.21315483238884","21.315483238884"
"福建省2017","福建省","350303","涵江区","Hanjiang District","201704","2017","4","0.199179996977801","19.9179996977801"
"福建省2017","福建省","350304","荔城区","Licheng District","201704","2017","4","0.246236853340208","24.6236853340208"
"福建省2017","福建省","350305","秀屿区","Xiuyu District","201704","2017","4","0.242588235369017","24.2588235369017"
"福建省2017","福建省","350322","仙游县","Xianyou County","201704","2017","4","0.195256008136471","19.5256008136471"
"福建省2017","福建省","350402","梅列区","Melie district","201704","2017","4","0.256163803045627","25.6163803045627"
"福建省2017","福建省","350403","三元区","Sanyuan District","201704","2017","4","0.282527414721752","28.2527414721752"
"福建省2017","福建省","350421","明溪县","Mingxi County","201704","2017","4","0.275535145100161","27.5535145100161"
"福建省2017","福建省","350423","清流县","Qingliu County","201704","2017","4","0.237047448039278","23.7047448039278"
"福建省2017","福建省","350424","宁化县","Ninghua County","201704","2017","4","0.269206899170504","26.9206899170504"
"福建省2017","福建省","350425","大田县","Datian County","201704","2017","4","0.213056612595831","21.3056612595831"
"福建省2017","福建省","350426","尤溪县","Youxi County","201704","2017","4","0.216216867593186","21.6216867593186"
"福建省2017","福建省","350427","沙县","Sha County","201704","2017","4","0.242175173106039","24.2175173106039"
"福建省2017","福建省","350428","将乐县","Jiangle County","201704","2017","4","0.25886527127162","25.886527127162"
"福建省2017","福建省","350429","泰宁县","Taining County","201704","2017","4","0.246191263569078","24.6191263569078"
"福建省2017","福建省","350430","建宁县","Jianning County","201704","2017","4","0.244753319163383","24.4753319163383"
"福建省2017","福建省","350481","永安市","Yong'an City","201704","2017","4","0.226746068083458","22.6746068083458"
"福建省2017","福建省","350502","鲤城区","Licheng District","201704","2017","4","0.219583531816893","21.9583531816893"
"福建省2017","福建省","350503","丰泽区","Fengze District","201704","2017","4","0.246667105143943","24.6667105143943"
"福建省2017","福建省","350504","洛江区","Luojiang District","201704","2017","4","0.248221303970138","24.8221303970138"
"福建省2017","福建省","350505","泉港区","Quangang District","201704","2017","4","0.210416359079717","21.0416359079717"
"福建省2017","福建省","350521","惠安县","Hui'an County","201704","2017","4","0.216357370136793","21.6357370136793"
"福建省2017","福建省","350524","安溪县","Anxi County","201704","2017","4","0.214613474086839","21.4613474086839"
"福建省2017","福建省","350525","永春县","Yongchun County","201704","2017","4","0.215896207590148","21.5896207590148"
"福建省2017","福建省","350526","德化县","Dehua County","201704","2017","4","0.214591554993435","21.4591554993435"
"福建省2017","福建省","350527","金门县","Kinmen County","201704","2017","4","0.203269288266987","20.3269288266987"
"福建省2017","福建省","350581","石狮市","Shishi City","201704","2017","4","0.180968670284128","18.0968670284128"
"福建省2017","福建省","350582","晋江市","Jinjiang City","201704","2017","4","0.304005127207511","30.4005127207511"
"福建省2017","福建省","350583","南安市","Nan'an City","201704","2017","4","0.215715715579028","21.5715715579028"
"福建省2017","福建省","350602","芗城区","Xiangcheng District","201704","2017","4","0.138609303683185","13.8609303683185"
"福建省2017","福建省","350603","龙文区","Longwen District","201704","2017","4","0.170813978870132","17.0813978870132"
"福建省2017","福建省","350622","云霄县","Yunxiao County","201704","2017","4","0.240601604195337","24.0601604195337"
"福建省2017","福建省","350623","漳浦县","Zhangpu County","201704","2017","4","0.151234191865133","15.1234191865133"
"福建省2017","福建省","350624","诏安县","Zhao'an County","201704","2017","4","0.148405635243395","14.8405635243395"
"福建省2017","福建省","350625","长泰县","Changtai County","201704","2017","4","0.151084557435284","15.1084557435284"
"福建省2017","福建省","350626","东山县","Dongshan County","201704","2017","4","0.160759044353756","16.0759044353756"
"福建省2017","福建省","350627","南靖县","Nanjing County","201704","2017","4","0.146692982654879","14.6692982654879"
"福建省2017","福建省","350628","平和县","Pinghe County","201704","2017","4","0.172706628516584","17.2706628516584"
"福建省2017","福建省","350629","华安县","Hua'an County","201704","2017","4","0.145570833045741","14.5570833045741"
"福建省2017","福建省","350681","龙海市","Longhai  City","201704","2017","4","0.161670607881618","16.1670607881618"
"福建省2017","福建省","350702","延平区","Yanping District","201704","2017","4","0.105844812614258","10.5844812614258"
"福建省2017","福建省","350721","顺昌县","Shunchang County","201704","2017","4","0.134560713127569","13.4560713127569"
"福建省2017","福建省","350722","浦城县","Pucheng County","201704","2017","4","0.101976942298174","10.1976942298174"
"福建省2017","福建省","350723","光泽县","Guangze County","201704","2017","4","0.132229364476378","13.2229364476378"
"福建省2017","福建省","350724","松溪县","Songxi County","201704","2017","4","0.109109683299653","10.9109683299653"
"福建省2017","福建省","350725","政和县","Zhenghe County","201704","2017","4","0.139221508526513","13.9221508526513"
"福建省2017","福建省","350781","邵武市","Shaowu City","201704","2017","4","0.116243453620439","11.6243453620439"
"福建省2017","福建省","350782","武夷山市","Wuyishan City","201704","2017","4","0.134560713127569","13.4560713127569"
"福建省2017","福建省","350783","建瓯市","Jian'ou City","201704","2017","4","0.114333881158","11.4333881158"
"福建省2017","福建省","350784","建阳市","Jianyang City","201704","2017","4","0.12546734432616","12.546734432616"
"福建省2017","福建省","350802","新罗区","Xinluo District","201704","2017","4","0.133995821225715","13.3995821225715"
"福建省2017","福建省","350821","长汀县","Changting County","201704","2017","4","0.161375517710005","16.1375517710005"
"福建省2017","福建省","350822","永定县","Yongding County","201704","2017","4","0.140063370730554","14.0063370730554"
"福建省2017","福建省","350823","上杭县","Shanghang County","201704","2017","4","0.167477234566387","16.7477234566387"
"福建省2017","福建省","350824","武平县","Wuping County","201704","2017","4","0.117088489024335","11.7088489024335"
"福建省2017","福建省","350825","连城县","Liancheng County","201704","2017","4","0.148422805535974","14.8422805535974"
"福建省2017","福建省","350881","漳平市","Zhangping City","201704","2017","4","0.168248217641344","16.8248217641344"
"福建省2017","福建省","350902","蕉城区","Jiaocheng District","201704","2017","4","0.229522885599048","22.9522885599048"
"福建省2017","福建省","350921","霞浦县","Xiapu County","201704","2017","4","0.228884831367405","22.8884831367405"
"福建省2017","福建省","350922","古田县","Gutian County","201704","2017","4","0.284402995816001","28.4402995816001"
"福建省2017","福建省","350923","屏南县","Pingnan County","201704","2017","4","0.253695514597173","25.3695514597173"
"福建省2017","福建省","350924","寿宁县","Shouning County","201704","2017","4","0.238901877217559","23.8901877217559"
"福建省2017","福建省","350925","周宁县","Zhouning County","201704","2017","4","0.247709557208107","24.7709557208107"
"福建省2017","福建省","350926","柘荣县","Zherong County","201704","2017","4","0.169633602601818","16.9633602601818"
"福建省2017","福建省","350981","福安市","Fu'an City","201704","2017","4","0.236274375161989","23.6274375161989"
"福建省2017","福建省","350982","福鼎市","Fuding City","201704","2017","4","0.216548240582913","21.6548240582913"
"福建省2017","福建省","350102","鼓楼区","Gulou District","201705","2017","5","0.26383180108537","26.383180108537"
"福建省2017","福建省","350103","台江区","Taijiang District","201705","2017","5","0.26383180108537","26.383180108537"
"福建省2017","福建省","350104","仓山区","Cangshan District","201705","2017","5","0.2493066244795","24.93066244795"
"福建省2017","福建省","350105","马尾区","Mawei District","201705","2017","5","0.204660341357995","20.4660341357995"
"福建省2017","福建省","350111","晋安区","Jin'an District","201705","2017","5","0.260915160211931","26.0915160211931"
"福建省2017","福建省","350121","闽侯县","Minhou County","201705","2017","5","0.259591226438969","25.9591226438969"
"福建省2017","福建省","350122","连江县","Lianjiang County","201705","2017","5","0.262511781108879","26.2511781108879"
"福建省2017","福建省","350123","罗源县","Luoyuan County","201705","2017","5","0.257451423753337","25.7451423753337"
"福建省2017","福建省","350124","闽清县","Minqing County","201705","2017","5","0.266087074515627","26.6087074515627"
"福建省2017","福建省","350125","永泰县","Yongtai County","201705","2017","5","0.259610283969706","25.9610283969706"
"福建省2017","福建省","350128","平潭县","Pingtan County","201705","2017","5","0.266441217184971","26.6441217184971"
"福建省2017","福建省","350181","福清市","Fuqing City","201705","2017","5","0.262487202100403","26.2487202100403"
"福建省2017","福建省","350182","长乐市","Changle City","201705","2017","5","0.262549613863723","26.2549613863723"
"福建省2017","福建省","350203","思明区","Siming District","201705","2017","5","0.196651857690463","19.6651857690463"
"福建省2017","福建省","350205","海沧区","Haicang District","201705","2017","5","0.204568876759365","20.4568876759365"
"福建省2017","福建省","350206","湖里区","Huli District","201705","2017","5","0.243951017467429","24.3951017467429"
"福建省2017","福建省","350211","集美区","Jimei District","201705","2017","5","0.247828439463381","24.7828439463381"
"福建省2017","福建省","350212","同安区","Tong'an District","201705","2017","5","0.223618195856445","22.3618195856445"
"福建省2017","福建省","350213","翔安区","Xiang'an District","201705","2017","5","0.206393594997917","20.6393594997917"
"福建省2017","福建省","350302","城厢区","Chengxiang District","201705","2017","5","0.25723961037148","25.723961037148"
"福建省2017","福建省","350303","涵江区","Hanjiang District","201705","2017","5","0.205140302043245","20.5140302043245"
"福建省2017","福建省","350304","荔城区","Licheng District","201705","2017","5","0.237612039302903","23.7612039302903"
"福建省2017","福建省","350305","秀屿区","Xiuyu District","201705","2017","5","0.225753601707961","22.5753601707961"
"福建省2017","福建省","350322","仙游县","Xianyou County","201705","2017","5","0.194593996337572","19.4593996337572"
"福建省2017","福建省","350402","梅列区","Melie district","201705","2017","5","0.26466907489008","26.466907489008"
"福建省2017","福建省","350403","三元区","Sanyuan District","201705","2017","5","0.263601312386624","26.3601312386624"
"福建省2017","福建省","350421","明溪县","Mingxi County","201705","2017","5","0.260856285530716","26.0856285530716"
"福建省2017","福建省","350423","清流县","Qingliu County","201705","2017","5","0.237047448039278","23.7047448039278"
"福建省2017","福建省","350424","宁化县","Ninghua County","201705","2017","5","0.258152904402326","25.8152904402326"
"福建省2017","福建省","350425","大田县","Datian County","201705","2017","5","0.215667402648807","21.5667402648807"
"福建省2017","福建省","350426","尤溪县","Youxi County","201705","2017","5","0.208677908431365","20.8677908431365"
"福建省2017","福建省","350427","沙县","Sha County","201705","2017","5","0.240006080190884","24.0006080190884"
"福建省2017","福建省","350428","将乐县","Jiangle County","201705","2017","5","0.254341429418639","25.4341429418639"
"福建省2017","福建省","350429","泰宁县","Taining County","201705","2017","5","0.214296267757128","21.4296267757128"
"福建省2017","福建省","350430","建宁县","Jianning County","201705","2017","5","0.258724513002201","25.8724513002201"
"福建省2017","福建省","350481","永安市","Yong'an City","201705","2017","5","0.224052638263803","22.4052638263803"
"福建省2017","福建省","350502","鲤城区","Licheng District","201705","2017","5","0.219583531816893","21.9583531816893"
"福建省2017","福建省","350503","丰泽区","Fengze District","201705","2017","5","0.249311804072911","24.9311804072911"
"福建省2017","福建省","350504","洛江区","Luojiang District","201705","2017","5","0.256216267166532","25.6216267166532"
"福建省2017","福建省","350505","泉港区","Quangang District","201705","2017","5","0.221194598930749","22.1194598930749"
"福建省2017","福建省","350521","惠安县","Hui'an County","201705","2017","5","0.219476060065666","21.9476060065666"
"福建省2017","福建省","350524","安溪县","Anxi County","201705","2017","5","0.219476060065666","21.9476060065666"
"福建省2017","福建省","350525","永春县","Yongchun County","201705","2017","5","0.210745657848973","21.0745657848973"
"福建省2017","福建省","350526","德化县","Dehua County","201705","2017","5","0.215896207590148","21.5896207590148"
"福建省2017","福建省","350527","金门县","Kinmen County","201705","2017","5","0.203269288266987","20.3269288266987"
"福建省2017","福建省","350581","石狮市","Shishi City","201705","2017","5","0.180968670284128","18.0968670284128"
"福建省2017","福建省","350582","晋江市","Jinjiang City","201705","2017","5","0.261086910799877","26.1086910799877"
"福建省2017","福建省","350583","南安市","Nan'an City","201705","2017","5","0.215896207590148","21.5896207590148"
"福建省2017","福建省","350602","芗城区","Xiangcheng District","201705","2017","5","0.209088517009763","20.9088517009763"
"福建省2017","福建省","350603","龙文区","Longwen District","201705","2017","5","0.170813978870132","17.0813978870132"
"福建省2017","福建省","350622","云霄县","Yunxiao County","201705","2017","5","0.201268403358193","20.1268403358193"
"福建省2017","福建省","350623","漳浦县","Zhangpu County","201705","2017","5","0.152163779021526","15.2163779021526"
"福建省2017","福建省","350624","诏安县","Zhao'an County","201705","2017","5","0.15241175056662","15.241175056662"
"福建省2017","福建省","350625","长泰县","Changtai County","201705","2017","5","0.1461698391375","14.61698391375"
"福建省2017","福建省","350626","东山县","Dongshan County","201705","2017","5","0.160759044353756","16.0759044353756"
"福建省2017","福建省","350627","南靖县","Nanjing County","201705","2017","5","0.144310435679722","14.4310435679722"
"福建省2017","福建省","350628","平和县","Pinghe County","201705","2017","5","0.175017785827615","17.5017785827615"
"福建省2017","福建省","350629","华安县","Hua'an County","201705","2017","5","0.143226263645062","14.3226263645062"
"福建省2017","福建省","350681","龙海市","Longhai  City","201705","2017","5","0.174445790430993","17.4445790430993"
"福建省2017","福建省","350702","延平区","Yanping District","201705","2017","5","0.0973880177678405","9.73880177678405"
"福建省2017","福建省","350721","顺昌县","Shunchang County","201705","2017","5","0.133020588386814","13.3020588386814"
"福建省2017","福建省","350722","浦城县","Pucheng County","201705","2017","5","0.141218569463672","14.1218569463672"
"福建省2017","福建省","350723","光泽县","Guangze County","201705","2017","5","0.132229364476378","13.2229364476378"
"福建省2017","福建省","350724","松溪县","Songxi County","201705","2017","5","0.0751840063972435","7.51840063972435"
"福建省2017","福建省","350725","政和县","Zhenghe County","201705","2017","5","0.12547469713068","12.547469713068"
"福建省2017","福建省","350781","邵武市","Shaowu City","201705","2017","5","0.113628538957597","11.3628538957597"
"福建省2017","福建省","350782","武夷山市","Wuyishan City","201705","2017","5","0.133020588386814","13.3020588386814"
"福建省2017","福建省","350783","建瓯市","Jian'ou City","201705","2017","5","0.103371479309648","10.3371479309648"
"福建省2017","福建省","350784","建阳市","Jianyang City","201705","2017","5","0.12546734432616","12.546734432616"
"福建省2017","福建省","350802","新罗区","Xinluo District","201705","2017","5","0.125971543968719","12.5971543968719"
"福建省2017","福建省","350821","长汀县","Changting County","201705","2017","5","0.159621030578497","15.9621030578497"
"福建省2017","福建省","350822","永定县","Yongding County","201705","2017","5","0.167800074196593","16.7800074196593"
"福建省2017","福建省","350823","上杭县","Shanghang County","201705","2017","5","0.167477234566387","16.7477234566387"
"福建省2017","福建省","350824","武平县","Wuping County","201705","2017","5","0.117088489024335","11.7088489024335"
"福建省2017","福建省","350825","连城县","Liancheng County","201705","2017","5","0.148508836648541","14.8508836648541"
"福建省2017","福建省","350881","漳平市","Zhangping City","201705","2017","5","0.173264828468077","17.3264828468077"
"福建省2017","福建省","350902","蕉城区","Jiaocheng District","201705","2017","5","0.211912652966305","21.1912652966305"
"福建省2017","福建省","350921","霞浦县","Xiapu County","201705","2017","5","0.220345103448718","22.0345103448718"
"福建省2017","福建省","350922","古田县","Gutian County","201705","2017","5","0.248071902351602","24.8071902351602"
"福建省2017","福建省","350923","屏南县","Pingnan County","201705","2017","5","0.210720005525352","21.0720005525352"
"福建省2017","福建省","350924","寿宁县","Shouning County","201705","2017","5","0.237515719580171","23.7515719580171"
"福建省2017","福建省","350925","周宁县","Zhouning County","201705","2017","5","0.206376444870097","20.6376444870097"
"福建省2017","福建省","350926","柘荣县","Zherong County","201705","2017","5","0.169633602601818","16.9633602601818"
"福建省2017","福建省","350981","福安市","Fu'an City","201705","2017","5","0.223010022131825","22.3010022131825"
"福建省2017","福建省","350982","福鼎市","Fuding City","201705","2017","5","0.218159422269266","21.8159422269266"
"福建省2017","福建省","350102","鼓楼区","Gulou District","201706","2017","6","0.26383180108537","26.383180108537"
"福建省2017","福建省","350103","台江区","Taijiang District","201706","2017","6","0.26383180108537","26.383180108537"
"福建省2017","福建省","350104","仓山区","Cangshan District","201706","2017","6","0.241910071597885","24.1910071597885"
"福建省2017","福建省","350105","马尾区","Mawei District","201706","2017","6","0.205888103894181","20.5888103894181"
"福建省2017","福建省","350111","晋安区","Jin'an District","201706","2017","6","0.26061294454763","26.061294454763"
"福建省2017","福建省","350121","闽侯县","Minhou County","201706","2017","6","0.259591226438969","25.9591226438969"
"福建省2017","福建省","350122","连江县","Lianjiang County","201706","2017","6","0.26277516586275","26.277516586275"
"福建省2017","福建省","350123","罗源县","Luoyuan County","201706","2017","6","0.257451423753337","25.7451423753337"
"福建省2017","福建省","350124","闽清县","Minqing County","201706","2017","6","0.266660811414193","26.6660811414193"
"福建省2017","福建省","350125","永泰县","Yongtai County","201706","2017","6","0.259898247732053","25.9898247732053"
"福建省2017","福建省","350128","平潭县","Pingtan County","201706","2017","6","0.266441217184971","26.6441217184971"
"福建省2017","福建省","350181","福清市","Fuqing City","201706","2017","6","0.194231923418327","19.4231923418327"
"福建省2017","福建省","350182","长乐市","Changle City","201706","2017","6","0.262549613863723","26.2549613863723"
"福建省2017","福建省","350203","思明区","Siming District","201706","2017","6","0.226265322805753","22.6265322805753"
"福建省2017","福建省","350205","海沧区","Haicang District","201706","2017","6","0.235358078415162","23.5358078415162"
"福建省2017","福建省","350206","湖里区","Huli District","201706","2017","6","0.15034681779926","15.034681779926"
"福建省2017","福建省","350211","集美区","Jimei District","201706","2017","6","0.21543266376874","21.543266376874"
"福建省2017","福建省","350212","同安区","Tong'an District","201706","2017","6","0.226506408085533","22.6506408085533"
"福建省2017","福建省","350213","翔安区","Xiang'an District","201706","2017","6","0.208108600447215","20.8108600447215"
"福建省2017","福建省","350302","城厢区","Chengxiang District","201706","2017","6","0.25723961037148","25.723961037148"
"福建省2017","福建省","350303","涵江区","Hanjiang District","201706","2017","6","0.199946601550241","19.9946601550241"
"福建省2017","福建省","350304","荔城区","Licheng District","201706","2017","6","0.237846988079782","23.7846988079782"
"福建省2017","福建省","350305","秀屿区","Xiuyu District","201706","2017","6","0.218161761381349","21.8161761381349"
"福建省2017","福建省","350322","仙游县","Xianyou County","201706","2017","6","0.19919991151081","19.919991151081"
"福建省2017","福建省","350402","梅列区","Melie district","201706","2017","6","0.23021111433483","23.021111433483"
"福建省2017","福建省","350403","三元区","Sanyuan District","201706","2017","6","0.263327448373956","26.3327448373956"
"福建省2017","福建省","350421","明溪县","Mingxi County","201706","2017","6","0.272715073259206","27.2715073259206"
"福建省2017","福建省","350423","清流县","Qingliu County","201706","2017","6","0.209020410535089","20.9020410535089"
"福建省2017","福建省","350424","宁化县","Ninghua County","201706","2017","6","0.24943330041426","24.943330041426"
"福建省2017","福建省","350425","大田县","Datian County","201706","2017","6","0.216992414319814","21.6992414319814"
"福建省2017","福建省","350426","尤溪县","Youxi County","201706","2017","6","0.198886707885828","19.8886707885828"
"福建省2017","福建省","350427","沙县","Sha County","201706","2017","6","0.24943330041426","24.943330041426"
"福建省2017","福建省","350428","将乐县","Jiangle County","201706","2017","6","0.262605468413937","26.2605468413937"
"福建省2017","福建省","350429","泰宁县","Taining County","201706","2017","6","0.203604731788361","20.3604731788361"
"福建省2017","福建省","350430","建宁县","Jianning County","201706","2017","6","0.260371296487749","26.0371296487749"
"福建省2017","福建省","350481","永安市","Yong'an City","201706","2017","6","0.241771835756544","24.1771835756544"
"福建省2017","福建省","350502","鲤城区","Licheng District","201706","2017","6","0.219583531816893","21.9583531816893"
"福建省2017","福建省","350503","丰泽区","Fengze District","201706","2017","6","0.247229629519735","24.7229629519735"
"福建省2017","福建省","350504","洛江区","Luojiang District","201706","2017","6","0.242349298552687","24.2349298552687"
"福建省2017","福建省","350505","泉港区","Quangang District","201706","2017","6","0.21257941448261","21.257941448261"
"福建省2017","福建省","350521","惠安县","Hui'an County","201706","2017","6","0.219476060065666","21.9476060065666"
"福建省2017","福建省","350524","安溪县","Anxi County","201706","2017","6","0.215918126683551","21.5918126683551"
"福建省2017","福建省","350525","永春县","Yongchun County","201706","2017","6","0.215608243827801","21.5608243827801"
"福建省2017","福建省","350526","德化县","Dehua County","201706","2017","6","0.215896207590148","21.5896207590148"
"福建省2017","福建省","350527","金门县","Kinmen County","201706","2017","6","0.248470148099364","24.8470148099364"
"福建省2017","福建省","350581","石狮市","Shishi City","201706","2017","6","0.191314262391382","19.1314262391382"
"福建省2017","福建省","350582","晋江市","Jinjiang City","201706","2017","6","0.279797289622997","27.9797289622997"
"福建省2017","福建省","350583","南安市","Nan'an City","201706","2017","6","0.216003679341374","21.6003679341374"
"福建省2017","福建省","350602","芗城区","Xiangcheng District","201706","2017","6","0.21733392101769","21.733392101769"
"福建省2017","福建省","350603","龙文区","Longwen District","201706","2017","6","0.170813978870132","17.0813978870132"
"福建省2017","福建省","350622","云霄县","Yunxiao County","201706","2017","6","0.233707614861034","23.3707614861034"
"福建省2017","福建省","350623","漳浦县","Zhangpu County","201706","2017","6","0.160559825697269","16.0559825697269"
"福建省2017","福建省","350624","诏安县","Zhao'an County","201706","2017","6","0.152173092390601","15.2173092390601"
"福建省2017","福建省","350625","长泰县","Changtai County","201706","2017","6","0.150540587387826","15.0540587387826"
"福建省2017","福建省","350626","东山县","Dongshan County","201706","2017","6","0.164036154131492","16.4036154131492"
"福建省2017","福建省","350627","南靖县","Nanjing County","201706","2017","6","0.144246684793066","14.4246684793066"
"福建省2017","福建省","350628","平和县","Pinghe County","201706","2017","6","0.164011674113652","16.4011674113652"
"福建省2017","福建省","350629","华安县","Hua'an County","201706","2017","6","0.144174242895134","14.4174242895134"
"福建省2017","福建省","350681","龙海市","Longhai  City","201706","2017","6","0.198959233192537","19.8959233192537"
"福建省2017","福建省","350702","延平区","Yanping District","201706","2017","6","0.0971664556414231","9.71664556414231"
"福建省2017","福建省","350721","顺昌县","Shunchang County","201706","2017","6","0.134560713127569","13.4560713127569"
"福建省2017","福建省","350722","浦城县","Pucheng County","201706","2017","6","0.104643391669831","10.4643391669831"
"福建省2017","福建省","350723","光泽县","Guangze County","201706","2017","6","0.132229364476378","13.2229364476378"
"福建省2017","福建省","350724","松溪县","Songxi County","201706","2017","6","0.132601846994342","13.2601846994342"
"福建省2017","福建省","350725","政和县","Zhenghe County","201706","2017","6","0.127047374209071","12.7047374209071"
"福建省2017","福建省","350781","邵武市","Shaowu City","201706","2017","6","0.0952044823020978","9.52044823020978"
"福建省2017","福建省","350782","武夷山市","Wuyishan City","201706","2017","6","0.134560713127569","13.4560713127569"
"福建省2017","福建省","350783","建瓯市","Jian'ou City","201706","2017","6","0.104099420705793","10.4099420705793"
"福建省2017","福建省","350784","建阳市","Jianyang City","201706","2017","6","0.110648182944121","11.0648182944121"
"福建省2017","福建省","350802","新罗区","Xinluo District","201706","2017","6","0.165784942885326","16.5784942885326"
"福建省2017","福建省","350821","长汀县","Changting County","201706","2017","6","0.162583263972805","16.2583263972805"
"福建省2017","福建省","350822","永定县","Yongding County","201706","2017","6","0.167800074196593","16.7800074196593"
"福建省2017","福建省","350823","上杭县","Shanghang County","201706","2017","6","0.165262987255588","16.5262987255588"
"福建省2017","福建省","350824","武平县","Wuping County","201706","2017","6","0.0580907789458209","5.80907789458209"
"福建省2017","福建省","350825","连城县","Liancheng County","201706","2017","6","0.11611675660434","11.611675660434"
"福建省2017","福建省","350881","漳平市","Zhangping City","201706","2017","6","0.142604951663152","14.2604951663152"
"福建省2017","福建省","350902","蕉城区","Jiaocheng District","201706","2017","6","0.228540373282025","22.8540373282025"
"福建省2017","福建省","350921","霞浦县","Xiapu County","201706","2017","6","0.228831825547737","22.8831825547737"
"福建省2017","福建省","350922","古田县","Gutian County","201706","2017","6","0.262335718928755","26.2335718928755"
"福建省2017","福建省","350923","屏南县","Pingnan County","201706","2017","6","0.214604520017111","21.4604520017111"
"福建省2017","福建省","350924","寿宁县","Shouning County","201706","2017","6","0.235900504025371","23.5900504025371"
"福建省2017","福建省","350925","周宁县","Zhouning County","201706","2017","6","0.201009125799169","20.1009125799169"
"福建省2017","福建省","350926","柘荣县","Zherong County","201706","2017","6","0.178387669996757","17.8387669996757"
"福建省2017","福建省","350981","福安市","Fu'an City","201706","2017","6","0.235115393703335","23.5115393703335"
"福建省2017","福建省","350982","福鼎市","Fuding City","201706","2017","6","0.254106489807559","25.4106489807559"
"福建省2017","福建省","350102","鼓楼区","Gulou District","201707","2017","7","0.26383180108537","26.383180108537"
"福建省2017","福建省","350103","台江区","Taijiang District","201707","2017","7","0.26383180108537","26.383180108537"
"福建省2017","福建省","350104","仓山区","Cangshan District","201707","2017","7","0.245600256470717","24.5600256470717"
"福建省2017","福建省","350105","马尾区","Mawei District","201707","2017","7","0.19861193187609","19.861193187609"
"福建省2017","福建省","350111","晋安区","Jin'an District","201707","2017","7","0.26061294454763","26.061294454763"
"福建省2017","福建省","350121","闽侯县","Minhou County","201707","2017","7","0.259591226438969","25.9591226438969"
"福建省2017","福建省","350122","连江县","Lianjiang County","201707","2017","7","0.258967344366823","25.8967344366823"
"福建省2017","福建省","350123","罗源县","Luoyuan County","201707","2017","7","0.257656408614416","25.7656408614416"
"福建省2017","福建省","350124","闽清县","Minqing County","201707","2017","7","0.262834998370034","26.2834998370034"
"福建省2017","福建省","350125","永泰县","Yongtai County","201707","2017","7","0.259610283969706","25.9610283969706"
"福建省2017","福建省","350128","平潭县","Pingtan County","201707","2017","7","0.266870902542285","26.6870902542285"
"福建省2017","福建省","350181","福清市","Fuqing City","201707","2017","7","0.262223816429953","26.2223816429953"
"福建省2017","福建省","350182","长乐市","Changle City","201707","2017","7","0.262549613863723","26.2549613863723"
"福建省2017","福建省","350203","思明区","Siming District","201707","2017","7","0.187917837732627","18.7917837732627"
"福建省2017","福建省","350205","海沧区","Haicang District","201707","2017","7","0.20724884110268","20.724884110268"
"福建省2017","福建省","350206","湖里区","Huli District","201707","2017","7","0.25688292602588","25.688292602588"
"福建省2017","福建省","350211","集美区","Jimei District","201707","2017","7","0.213840545112605","21.3840545112605"
"福建省2017","福建省","350212","同安区","Tong'an District","201707","2017","7","0.225194591499774","22.5194591499774"
"福建省2017","福建省","350213","翔安区","Xiang'an District","201707","2017","7","0.211653036272692","21.1653036272692"
"福建省2017","福建省","350302","城厢区","Chengxiang District","201707","2017","7","0.254992555913814","25.4992555913814"
"福建省2017","福建省","350303","涵江区","Hanjiang District","201707","2017","7","0.183166813284853","18.3166813284853"
"福建省2017","福建省","350304","荔城区","Licheng District","201707","2017","7","0.256578085276545","25.6578085276545"
"福建省2017","福建省","350305","秀屿区","Xiuyu District","201707","2017","7","0.226605452800515","22.6605452800515"
"福建省2017","福建省","350322","仙游县","Xianyou County","201707","2017","7","0.194593996337572","19.4593996337572"
"福建省2017","福建省","350402","梅列区","Melie district","201707","2017","7","0.235100883325829","23.5100883325829"
"福建省2017","福建省","350403","三元区","Sanyuan District","201707","2017","7","0.294452613251971","29.4452613251971"
"福建省2017","福建省","350421","明溪县","Mingxi County","201707","2017","7","0.249493092592025","24.9493092592025"
"福建省2017","福建省","350423","清流县","Qingliu County","201707","2017","7","0.237047448039278","23.7047448039278"
"福建省2017","福建省","350424","宁化县","Ninghua County","201707","2017","7","0.24943330041426","24.943330041426"
"福建省2017","福建省","350425","大田县","Datian County","201707","2017","7","0.215171347735862","21.5171347735862"
"福建省2017","福建省","350426","尤溪县","Youxi County","201707","2017","7","0.201413409059193","20.1413409059193"
"福建省2017","福建省","350427","沙县","Sha County","201707","2017","7","0.24943330041426","24.943330041426"
"福建省2017","福建省","350428","将乐县","Jiangle County","201707","2017","7","0.235693229547526","23.5693229547526"
"福建省2017","福建省","350429","泰宁县","Taining County","201707","2017","7","0.204173426580511","20.4173426580511"
"福建省2017","福建省","350430","建宁县","Jianning County","201707","2017","7","0.241516399584174","24.1516399584174"
"福建省2017","福建省","350481","永安市","Yong'an City","201707","2017","7","0.257796469366477","25.7796469366477"
"福建省2017","福建省","350502","鲤城区","Licheng District","201707","2017","7","0.219583531816893","21.9583531816893"
"福建省2017","福建省","350503","丰泽区","Fengze District","201707","2017","7","0.24917356089893","24.917356089893"
"福建省2017","福建省","350504","洛江区","Luojiang District","201707","2017","7","0.21808343320685","21.808343320685"
"福建省2017","福建省","350505","泉港区","Quangang District","201707","2017","7","0.214864155958904","21.4864155958904"
"福建省2017","福建省","350521","惠安县","Hui'an County","201707","2017","7","0.219476060065666","21.9476060065666"
"福建省2017","福建省","350524","安溪县","Anxi County","201707","2017","7","0.219476060065666","21.9476060065666"
"福建省2017","福建省","350525","永春县","Yongchun County","201707","2017","7","0.215608243827801","21.5608243827801"
"福建省2017","福建省","350526","德化县","Dehua County","201707","2017","7","0.215896207590148","21.5896207590148"
"福建省2017","福建省","350527","金门县","Kinmen County","201707","2017","7","0.248470148099364","24.8470148099364"
"福建省2017","福建省","350581","石狮市","Shishi City","201707","2017","7","0.216988093561835","21.6988093561835"
"福建省2017","福建省","350582","晋江市","Jinjiang City","201707","2017","7","0.305622724037074","30.5622724037074"
"福建省2017","福建省","350583","南安市","Nan'an City","201707","2017","7","0.215896207590148","21.5896207590148"
"福建省2017","福建省","350602","芗城区","Xiangcheng District","201707","2017","7","0.209776885982281","20.9776885982281"
"福建省2017","福建省","350603","龙文区","Longwen District","201707","2017","7","0.170813978870132","17.0813978870132"
"福建省2017","福建省","350622","云霄县","Yunxiao County","201707","2017","7","0.221091847566368","22.1091847566368"
"福建省2017","福建省","350623","漳浦县","Zhangpu County","201707","2017","7","0.150937972466996","15.0937972466996"
"福建省2017","福建省","350624","诏安县","Zhao'an County","201707","2017","7","0.148357566123446","14.8357566123446"
"福建省2017","福建省","350625","长泰县","Changtai County","201707","2017","7","0.1461698391375","14.61698391375"
"福建省2017","福建省","350626","东山县","Dongshan County","201707","2017","7","0.164892373644183","16.4892373644183"
"福建省2017","福建省","350627","南靖县","Nanjing County","201707","2017","7","0.1461698391375","14.61698391375"
"福建省2017","福建省","350628","平和县","Pinghe County","201707","2017","7","0.165458025390832","16.5458025390832"
"福建省2017","福建省","350629","华安县","Hua'an County","201707","2017","7","0.145153075143577","14.5153075143577"
"福建省2017","福建省","350681","龙海市","Longhai  City","201707","2017","7","0.198594864240468","19.8594864240468"
"福建省2017","福建省","350702","延平区","Yanping District","201707","2017","7","0.067384321480046","6.7384321480046"
"福建省2017","福建省","350721","顺昌县","Shunchang County","201707","2017","7","0.134296759177537","13.4296759177537"
"福建省2017","福建省","350722","浦城县","Pucheng County","201707","2017","7","0.100856737671732","10.0856737671732"
"福建省2017","福建省","350723","光泽县","Guangze County","201707","2017","7","0.132732364315756","13.2732364315756"
"福建省2017","福建省","350724","松溪县","Songxi County","201707","2017","7","0.0880281900033423","8.80281900033423"
"福建省2017","福建省","350725","政和县","Zhenghe County","201707","2017","7","0.129470669579956","12.9470669579956"
"福建省2017","福建省","350781","邵武市","Shaowu City","201707","2017","7","0.0881005943214955","8.81005943214955"
"福建省2017","福建省","350782","武夷山市","Wuyishan City","201707","2017","7","0.136444610351887","13.6444610351887"
"福建省2017","福建省","350783","建瓯市","Jian'ou City","201707","2017","7","0.113789911110542","11.3789911110542"
"福建省2017","福建省","350784","建阳市","Jianyang City","201707","2017","7","0.115510768922949","11.5510768922949"
"福建省2017","福建省","350802","新罗区","Xinluo District","201707","2017","7","0.168844674724207","16.8844674724207"
"福建省2017","福建省","350821","长汀县","Changting County","201707","2017","7","0.158351058618111","15.8351058618111"
"福建省2017","福建省","350822","永定县","Yongding County","201707","2017","7","0.133715620895714","13.3715620895714"
"福建省2017","福建省","350823","上杭县","Shanghang County","201707","2017","7","0.167477234566387","16.7477234566387"
"福建省2017","福建省","350824","武平县","Wuping County","201707","2017","7","0.0799720478436881","7.99720478436881"
"福建省2017","福建省","350825","连城县","Liancheng County","201707","2017","7","0.148927099586269","14.8927099586269"
"福建省2017","福建省","350881","漳平市","Zhangping City","201707","2017","7","0.168248217641344","16.8248217641344"
"福建省2017","福建省","350902","蕉城区","Jiaocheng District","201707","2017","7","0.228593379101692","22.8593379101692"
"福建省2017","福建省","350921","霞浦县","Xiapu County","201707","2017","7","0.238775385515374","23.8775385515374"
"福建省2017","福建省","350922","古田县","Gutian County","201707","2017","7","0.264640798398004","26.4640798398004"
"福建省2017","福建省","350923","屏南县","Pingnan County","201707","2017","7","0.212267498652486","21.2267498652486"
"福建省2017","福建省","350924","寿宁县","Shouning County","201707","2017","7","0.229688714163807","22.9688714163807"
"福建省2017","福建省","350925","周宁县","Zhouning County","201707","2017","7","0.196426039883244","19.6426039883244"
"福建省2017","福建省","350926","柘荣县","Zherong County","201707","2017","7","0.217183171110018","21.7183171110018"
"福建省2017","福建省","350981","福安市","Fu'an City","201707","2017","7","0.215020188116944","21.5020188116944"
"福建省2017","福建省","350982","福鼎市","Fuding City","201707","2017","7","0.261346661314166","26.1346661314166"
"福建省2017","福建省","350102","鼓楼区","Gulou District","201708","2017","8","0.26383180108537","26.383180108537"
"福建省2017","福建省","350103","台江区","Taijiang District","201708","2017","8","0.26383180108537","26.383180108537"
"福建省2017","福建省","350104","仓山区","Cangshan District","201708","2017","8","0.257184201279132","25.7184201279132"
"福建省2017","福建省","350105","马尾区","Mawei District","201708","2017","8","0.244763279637917","24.4763279637917"
"福建省2017","福建省","350111","晋安区","Jin'an District","201708","2017","8","0.258166119652334","25.8166119652334"
"福建省2017","福建省","350121","闽侯县","Minhou County","201708","2017","8","0.258679381521056","25.8679381521056"
"福建省2017","福建省","350122","连江县","Lianjiang County","201708","2017","8","0.2602889986054","26.02889986054"
"福建省2017","福建省","350123","罗源县","Luoyuan County","201708","2017","8","0.257451423753337","25.7451423753337"
"福建省2017","福建省","350124","闽清县","Minqing County","201708","2017","8","0.262834998370034","26.2834998370034"
"福建省2017","福建省","350125","永泰县","Yongtai County","201708","2017","8","0.258876851342961","25.8876851342961"
"福建省2017","福建省","350128","平潭县","Pingtan County","201708","2017","8","0.262511781108879","26.2511781108879"
"福建省2017","福建省","350181","福清市","Fuqing City","201708","2017","8","0.262223816429953","26.2223816429953"
"福建省2017","福建省","350182","长乐市","Changle City","201708","2017","8","0.263934791677123","26.3934791677123"
"福建省2017","福建省","350203","思明区","Siming District","201708","2017","8","0.229904522917752","22.9904522917752"
"福建省2017","福建省","350205","海沧区","Haicang District","201708","2017","8","0.260110001536211","26.0110001536211"
"福建省2017","福建省","350206","湖里区","Huli District","201708","2017","8","0.254519649228013","25.4519649228013"
"福建省2017","福建省","350211","集美区","Jimei District","201708","2017","8","0.210296109287128","21.0296109287128"
"福建省2017","福建省","350212","同安区","Tong'an District","201708","2017","8","0.221586084901232","22.1586084901232"
"福建省2017","福建省","350213","翔安区","Xiang'an District","201708","2017","8","0.208108600447215","20.8108600447215"
"福建省2017","福建省","350302","城厢区","Chengxiang District","201708","2017","8","0.25510833096299","25.510833096299"
"福建省2017","福建省","350303","涵江区","Hanjiang District","201708","2017","8","0.198021623211667","19.8021623211667"
"福建省2017","福建省","350304","荔城区","Licheng District","201708","2017","8","0.253480503267801","25.3480503267801"
"福建省2017","福建省","350305","秀屿区","Xiuyu District","201708","2017","8","0.240336199299213","24.0336199299213"
"福建省2017","福建省","350322","仙游县","Xianyou County","201708","2017","8","0.194409112075235","19.4409112075235"
"福建省2017","福建省","350402","梅列区","Melie district","201708","2017","8","0.242725114672002","24.2725114672002"
"福建省2017","福建省","350403","三元区","Sanyuan District","201708","2017","8","0.291855987109272","29.1855987109272"
"福建省2017","福建省","350421","明溪县","Mingxi County","201708","2017","8","0.247508002189275","24.7508002189275"
"福建省2017","福建省","350423","清流县","Qingliu County","201708","2017","8","0.220888715113408","22.0888715113408"
"福建省2017","福建省","350424","宁化县","Ninghua County","201708","2017","8","0.209086560111527","20.9086560111527"
"福建省2017","福建省","350425","大田县","Datian County","201708","2017","8","0.281362156523463","28.1362156523463"
"福建省2017","福建省","350426","尤溪县","Youxi County","201708","2017","8","0.206059304534144","20.6059304534144"
"福建省2017","福建省","350427","沙县","Sha County","201708","2017","8","0.23853873281633","23.853873281633"
"福建省2017","福建省","350428","将乐县","Jiangle County","201708","2017","8","0.271657626863313","27.1657626863313"
"福建省2017","福建省","350429","泰宁县","Taining County","201708","2017","8","0.203100488149965","20.3100488149965"
"福建省2017","福建省","350430","建宁县","Jianning County","201708","2017","8","0.235020424102899","23.5020424102899"
"福建省2017","福建省","350481","永安市","Yong'an City","201708","2017","8","0.244518910252105","24.4518910252105"
"福建省2017","福建省","350502","鲤城区","Licheng District","201708","2017","8","0.219583531816893","21.9583531816893"
"福建省2017","福建省","350503","丰泽区","Fengze District","201708","2017","8","0.240113353960838","24.0113353960838"
"福建省2017","福建省","350504","洛江区","Luojiang District","201708","2017","8","0.248221303970138","24.8221303970138"
"福建省2017","福建省","350505","泉港区","Quangang District","201708","2017","8","0.218069276629212","21.8069276629212"
"福建省2017","福建省","350521","惠安县","Hui'an County","201708","2017","8","0.219476060065666","21.9476060065666"
"福建省2017","福建省","350524","安溪县","Anxi County","201708","2017","8","0.219476060065666","21.9476060065666"
"福建省2017","福建省","350525","永春县","Yongchun County","201708","2017","8","0.215608243827801","21.5608243827801"
"福建省2017","福建省","350526","德化县","Dehua County","201708","2017","8","0.21103362161132","21.103362161132"
"福建省2017","福建省","350527","金门县","Kinmen County","201708","2017","8","0.267641317337661","26.7641317337661"
"福建省2017","福建省","350581","石狮市","Shishi City","201708","2017","8","0.203004370991407","20.3004370991407"
"福建省2017","福建省","350582","晋江市","Jinjiang City","201708","2017","8","0.279797289622997","27.9797289622997"
"福建省2017","福建省","350583","南安市","Nan'an City","201708","2017","8","0.215896207590148","21.5896207590148"
"福建省2017","福建省","350602","芗城区","Xiangcheng District","201708","2017","8","0.209776017981049","20.9776017981049"
"福建省2017","福建省","350603","龙文区","Longwen District","201708","2017","8","0.170813978870132","17.0813978870132"
"福建省2017","福建省","350622","云霄县","Yunxiao County","201708","2017","8","0.24086368465591","24.086368465591"
"福建省2017","福建省","350623","漳浦县","Zhangpu County","201708","2017","8","0.147266296093498","14.7266296093498"
"福建省2017","福建省","350624","诏安县","Zhao'an County","201708","2017","8","0.150014354995948","15.0014354995948"
"福建省2017","福建省","350625","长泰县","Changtai County","201708","2017","8","0.146155329676575","14.6155329676575"
"福建省2017","福建省","350626","东山县","Dongshan County","201708","2017","8","0.163912216021103","16.3912216021103"
"福建省2017","福建省","350627","南靖县","Nanjing County","201708","2017","8","0.159787877463603","15.9787877463603"
"福建省2017","福建省","350628","平和县","Pinghe County","201708","2017","8","0.175948423384654","17.5948423384654"
"福建省2017","福建省","350629","华安县","Hua'an County","201708","2017","8","0.145153075143577","14.5153075143577"
"福建省2017","福建省","350681","龙海市","Longhai  City","201708","2017","8","0.198959233192537","19.8959233192537"
"福建省2017","福建省","350702","延平区","Yanping District","201708","2017","8","0.0650380087442642","6.50380087442642"
"福建省2017","福建省","350721","顺昌县","Shunchang County","201708","2017","8","0.126793530136109","12.6793530136109"
"福建省2017","福建省","350722","浦城县","Pucheng County","201708","2017","8","0.100928170415117","10.0928170415117"
"福建省2017","福建省","350723","光泽县","Guangze County","201708","2017","8","0.132229364476378","13.2229364476378"
"福建省2017","福建省","350724","松溪县","Songxi County","201708","2017","8","0.0858720410305242","8.58720410305242"
"福建省2017","福建省","350725","政和县","Zhenghe County","201708","2017","8","0.10582240956663","10.582240956663"
"福建省2017","福建省","350781","邵武市","Shaowu City","201708","2017","8","0.0991897344320446","9.91897344320446"
"福建省2017","福建省","350782","武夷山市","Wuyishan City","201708","2017","8","0.134296759177537","13.4296759177537"
"福建省2017","福建省","350783","建瓯市","Jian'ou City","201708","2017","8","0.126793530136109","12.6793530136109"
"福建省2017","福建省","350784","建阳市","Jianyang City","201708","2017","8","0.115035707357638","11.5035707357638"
"福建省2017","福建省","350802","新罗区","Xinluo District","201708","2017","8","0.165943848521571","16.5943848521571"
"福建省2017","福建省","350821","长汀县","Changting County","201708","2017","8","0.155504494866281","15.5504494866281"
"福建省2017","福建省","350822","永定县","Yongding County","201708","2017","8","0.140210841115093","14.0210841115093"
"福建省2017","福建省","350823","上杭县","Shanghang County","201708","2017","8","0.167153046647044","16.7153046647044"
"福建省2017","福建省","350824","武平县","Wuping County","201708","2017","8","0.122199250029011","12.2199250029011"
"福建省2017","福建省","350825","连城县","Liancheng County","201708","2017","8","0.148422805535974","14.8422805535974"
"福建省2017","福建省","350881","漳平市","Zhangping City","201708","2017","8","0.168248217641344","16.8248217641344"
"福建省2017","福建省","350902","蕉城区","Jiaocheng District","201708","2017","8","0.228138565704499","22.8138565704499"
"福建省2017","福建省","350921","霞浦县","Xiapu County","201708","2017","8","0.238775385515374","23.8775385515374"
"福建省2017","福建省","350922","古田县","Gutian County","201708","2017","8","0.284811707990441","28.4811707990441"
"福建省2017","福建省","350923","屏南县","Pingnan County","201708","2017","8","0.212462201319461","21.2462201319461"
"福建省2017","福建省","350924","寿宁县","Shouning County","201708","2017","8","0.236427174542474","23.6427174542474"
"福建省2017","福建省","350925","周宁县","Zhouning County","201708","2017","8","0.20280359323239","20.280359323239"
"福建省2017","福建省","350926","柘荣县","Zherong County","201708","2017","8","0.199111663191295","19.9111663191295"
"福建省2017","福建省","350981","福安市","Fu'an City","201708","2017","8","0.232169939221958","23.2169939221958"
"福建省2017","福建省","350982","福鼎市","Fuding City","201708","2017","8","0.261437007685233","26.1437007685233"
"福建省2017","福建省","350102","鼓楼区","Gulou District","201709","2017","9","0.26383180108537","26.383180108537"
"福建省2017","福建省","350103","台江区","Taijiang District","201709","2017","9","0.26383180108537","26.383180108537"
"福建省2017","福建省","350104","仓山区","Cangshan District","201709","2017","9","0.261008395643063","26.1008395643063"
"福建省2017","福建省","350105","马尾区","Mawei District","201709","2017","9","0.260889935931156","26.0889935931156"
"福建省2017","福建省","350111","晋安区","Jin'an District","201709","2017","9","0.257451423753337","25.7451423753337"
"福建省2017","福建省","350121","闽侯县","Minhou County","201709","2017","9","0.259591226438969","25.9591226438969"
"福建省2017","福建省","350122","连江县","Lianjiang County","201709","2017","9","0.266729180947318","26.6729180947318"
"福建省2017","福建省","350123","罗源县","Luoyuan County","201709","2017","9","0.264936084717732","26.4936084717732"
"福建省2017","福建省","350124","闽清县","Minqing County","201709","2017","9","0.263864292928727","26.3864292928727"
"福建省2017","福建省","350125","永泰县","Yongtai County","201709","2017","9","0.258876851342961","25.8876851342961"
"福建省2017","福建省","350128","平潭县","Pingtan County","201709","2017","9","0.2602889986054","26.02889986054"
"福建省2017","福建省","350181","福清市","Fuqing City","201709","2017","9","0.262547034607687","26.2547034607687"
"福建省2017","福建省","350182","长乐市","Changle City","201709","2017","9","0.263864292928727","26.3864292928727"
"福建省2017","福建省","350203","思明区","Siming District","201709","2017","9","0.237354002793158","23.7354002793158"
"福建省2017","福建省","350205","海沧区","Haicang District","201709","2017","9","0.203894286733536","20.3894286733536"
"福建省2017","福建省","350206","湖里区","Huli District","201709","2017","9","0.257684508206557","25.7684508206557"
"福建省2017","福建省","350211","集美区","Jimei District","201709","2017","9","0.208108600447215","20.8108600447215"
"福建省2017","福建省","350212","同安区","Tong'an District","201709","2017","9","0.216876453204905","21.6876453204905"
"福建省2017","福建省","350213","翔安区","Xiang'an District","201709","2017","9","0.214200665716513","21.4200665716513"
"福建省2017","福建省","350302","城厢区","Chengxiang District","201709","2017","9","0.207189388059503","20.7189388059503"
"福建省2017","福建省","350303","涵江区","Hanjiang District","201709","2017","9","0.220387740915765","22.0387740915765"
"福建省2017","福建省","350304","荔城区","Licheng District","201709","2017","9","0.234529282975174","23.4529282975174"
"福建省2017","福建省","350305","秀屿区","Xiuyu District","201709","2017","9","0.264068726008665","26.4068726008665"
"福建省2017","福建省","350322","仙游县","Xianyou County","201709","2017","9","0.19458580211264","19.458580211264"
"福建省2017","福建省","350402","梅列区","Melie district","201709","2017","9","0.214464653580003","21.4464653580003"
"福建省2017","福建省","350403","三元区","Sanyuan District","201709","2017","9","0.294229471858266","29.4229471858266"
"福建省2017","福建省","350421","明溪县","Mingxi County","201709","2017","9","0.233078802505229","23.3078802505229"
"福建省2017","福建省","350423","清流县","Qingliu County","201709","2017","9","0.206206643847748","20.6206643847748"
"福建省2017","福建省","350424","宁化县","Ninghua County","201709","2017","9","0.246635716862869","24.6635716862869"
"福建省2017","福建省","350425","大田县","Datian County","201709","2017","9","0.201887846433544","20.1887846433544"
"福建省2017","福建省","350426","尤溪县","Youxi County","201709","2017","9","0.20274055177863","20.274055177863"
"福建省2017","福建省","350427","沙县","Sha County","201709","2017","9","0.246028684280312","24.6028684280312"
"福建省2017","福建省","350428","将乐县","Jiangle County","201709","2017","9","0.270111725835586","27.0111725835586"
"福建省2017","福建省","350429","泰宁县","Taining County","201709","2017","9","0.203604731788361","20.3604731788361"
"福建省2017","福建省","350430","建宁县","Jianning County","201709","2017","9","0.243390417909574","24.3390417909574"
"福建省2017","福建省","350481","永安市","Yong'an City","201709","2017","9","0.239707156881836","23.9707156881836"
"福建省2017","福建省","350502","鲤城区","Licheng District","201709","2017","9","0.219583531816893","21.9583531816893"
"福建省2017","福建省","350503","丰泽区","Fengze District","201709","2017","9","0.252568966320758","25.2568966320758"
"福建省2017","福建省","350504","洛江区","Luojiang District","201709","2017","9","0.239582592747328","23.9582592747328"
"福建省2017","福建省","350505","泉港区","Quangang District","201709","2017","9","0.223464149010621","22.3464149010621"
"福建省2017","福建省","350521","惠安县","Hui'an County","201709","2017","9","0.219476060065666","21.9476060065666"
"福建省2017","福建省","350524","安溪县","Anxi County","201709","2017","9","0.215918126683551","21.5918126683551"
"福建省2017","福建省","350525","永春县","Yongchun County","201709","2017","9","0.210745657848973","21.0745657848973"
"福建省2017","福建省","350526","德化县","Dehua County","201709","2017","9","0.21103362161132","21.103362161132"
"福建省2017","福建省","350527","金门县","Kinmen County","201709","2017","9","0.24845496495216","24.845496495216"
"福建省2017","福建省","350581","石狮市","Shishi City","201709","2017","9","0.180968670284128","18.0968670284128"
"福建省2017","福建省","350582","晋江市","Jinjiang City","201709","2017","9","0.261086910799877","26.1086910799877"
"福建省2017","福建省","350583","南安市","Nan'an City","201709","2017","9","0.215896207590148","21.5896207590148"
"福建省2017","福建省","350602","芗城区","Xiangcheng District","201709","2017","9","0.201172473181949","20.1172473181949"
"福建省2017","福建省","350603","龙文区","Longwen District","201709","2017","9","0.170813978870132","17.0813978870132"
"福建省2017","福建省","350622","云霄县","Yunxiao County","201709","2017","9","0.18508408410246","18.508408410246"
"福建省2017","福建省","350623","漳浦县","Zhangpu County","201709","2017","9","0.147802806096581","14.7802806096581"
"福建省2017","福建省","350624","诏安县","Zhao'an County","201709","2017","9","0.147812119465656","14.7812119465656"
"福建省2017","福建省","350625","长泰县","Changtai County","201709","2017","9","0.146758158823389","14.6758158823389"
"福建省2017","福建省","350626","东山县","Dongshan County","201709","2017","9","0.166878024993874","16.6878024993874"
"福建省2017","福建省","350627","南靖县","Nanjing County","201709","2017","9","0.152737872469699","15.2737872469699"
"福建省2017","福建省","350628","平和县","Pinghe County","201709","2017","9","0.164011674113652","16.4011674113652"
"福建省2017","福建省","350629","华安县","Hua'an County","201709","2017","9","0.118065945486243","11.8065945486243"
"福建省2017","福建省","350681","龙海市","Longhai  City","201709","2017","9","0.140609096945234","14.0609096945234"
"福建省2017","福建省","350702","延平区","Yanping District","201709","2017","9","0.0959975732859325","9.59975732859325"
"福建省2017","福建省","350721","顺昌县","Shunchang County","201709","2017","9","0.127338593663472","12.7338593663472"
"福建省2017","福建省","350722","浦城县","Pucheng County","201709","2017","9","0.106800488386338","10.6800488386338"
"福建省2017","福建省","350723","光泽县","Guangze County","201709","2017","9","0.132229364476378","13.2229364476378"
"福建省2017","福建省","350724","松溪县","Songxi County","201709","2017","9","0.0951047345702784","9.51047345702784"
"福建省2017","福建省","350725","政和县","Zhenghe County","201709","2017","9","0.105844812614258","10.5844812614258"
"福建省2017","福建省","350781","邵武市","Shaowu City","201709","2017","9","0.113523409984774","11.3523409984774"
"福建省2017","福建省","350782","武夷山市","Wuyishan City","201709","2017","9","0.134560713127569","13.4560713127569"
"福建省2017","福建省","350783","建瓯市","Jian'ou City","201709","2017","9","0.127419606500703","12.7419606500703"
"福建省2017","福建省","350784","建阳市","Jianyang City","201709","2017","9","0.116243453620439","11.6243453620439"
"福建省2017","福建省","350802","新罗区","Xinluo District","201709","2017","9","0.133907841464131","13.3907841464131"
"福建省2017","福建省","350821","长汀县","Changting County","201709","2017","9","0.159013741353548","15.9013741353548"
"福建省2017","福建省","350822","永定县","Yongding County","201709","2017","9","0.141597760430436","14.1597760430436"
"福建省2017","福建省","350823","上杭县","Shanghang County","201709","2017","9","0.167153046647044","16.7153046647044"
"福建省2017","福建省","350824","武平县","Wuping County","201709","2017","9","0.117660450507499","11.7660450507499"
"福建省2017","福建省","350825","连城县","Liancheng County","201709","2017","9","0.156260578017246","15.6260578017246"
"福建省2017","福建省","350881","漳平市","Zhangping City","201709","2017","9","0.168954950293562","16.8954950293562"
"福建省2017","福建省","350902","蕉城区","Jiaocheng District","201709","2017","9","0.228138565704499","22.8138565704499"
"福建省2017","福建省","350921","霞浦县","Xiapu County","201709","2017","9","0.228884831367405","22.8884831367405"
"福建省2017","福建省","350922","古田县","Gutian County","201709","2017","9","0.279245266503922","27.9245266503922"
"福建省2017","福建省","350923","屏南县","Pingnan County","201709","2017","9","0.219139562477326","21.9139562477326"
"福建省2017","福建省","350924","寿宁县","Shouning County","201709","2017","9","0.216111229001899","21.6111229001899"
"福建省2017","福建省","350925","周宁县","Zhouning County","201709","2017","9","0.200860311708393","20.0860311708393"
"福建省2017","福建省","350926","柘荣县","Zherong County","201709","2017","9","0.227371889638821","22.7371889638821"
"福建省2017","福建省","350981","福安市","Fu'an City","201709","2017","9","0.231968117478356","23.1968117478356"
"福建省2017","福建省","350982","福鼎市","Fuding City","201709","2017","9","0.261437007685233","26.1437007685233"
"福建省2017","福建省","350102","鼓楼区","Gulou District","201710","2017","10","0.26383180108537","26.383180108537"
"福建省2017","福建省","350103","台江区","Taijiang District","201710","2017","10","0.26383180108537","26.383180108537"
"福建省2017","福建省","350104","仓山区","Cangshan District","201710","2017","10","0.253493660773271","25.3493660773271"
"福建省2017","福建省","350105","马尾区","Mawei District","201710","2017","10","0.240351704165986","24.0351704165986"
"福建省2017","福建省","350111","晋安区","Jin'an District","201710","2017","10","0.259140108692215","25.9140108692215"
"福建省2017","福建省","350121","闽侯县","Minhou County","201710","2017","10","0.210579128100537","21.0579128100537"
"福建省2017","福建省","350122","连江县","Lianjiang County","201710","2017","10","0.262834998370034","26.2834998370034"
"福建省2017","福建省","350123","罗源县","Luoyuan County","201710","2017","10","0.256744562779923","25.6744562779923"
"福建省2017","福建省","350124","闽清县","Minqing County","201710","2017","10","0.266087074515627","26.6087074515627"
"福建省2017","福建省","350125","永泰县","Yongtai County","201710","2017","10","0.251033869021139","25.1033869021139"
"福建省2017","福建省","350128","平潭县","Pingtan County","201710","2017","10","0.262511781108879","26.2511781108879"
"福建省2017","福建省","350181","福清市","Fuqing City","201710","2017","10","0.260324252104207","26.0324252104207"
"福建省2017","福建省","350182","长乐市","Changle City","201710","2017","10","0.262549613863723","26.2549613863723"
"福建省2017","福建省","350203","思明区","Siming District","201710","2017","10","0.240666529220935","24.0666529220935"
"福建省2017","福建省","350205","海沧区","Haicang District","201710","2017","10","0.202824264860454","20.2824264860454"
"福建省2017","福建省","350206","湖里区","Huli District","201710","2017","10","0.254783602261464","25.4783602261464"
"福建省2017","福建省","350211","集美区","Jimei District","201710","2017","10","0.215073979445645","21.5073979445645"
"福建省2017","福建省","350212","同安区","Tong'an District","201710","2017","10","0.220176457317131","22.0176457317131"
"福建省2017","福建省","350213","翔安区","Xiang'an District","201710","2017","10","0.209938030823393","20.9938030823393"
"福建省2017","福建省","350302","城厢区","Chengxiang District","201710","2017","10","0.256682710130385","25.6682710130385"
"福建省2017","福建省","350303","涵江区","Hanjiang District","201710","2017","10","0.216685814653516","21.6685814653516"
"福建省2017","福建省","350304","荔城区","Licheng District","201710","2017","10","0.228094260978488","22.8094260978488"
"福建省2017","福建省","350305","秀屿区","Xiuyu District","201710","2017","10","0.194906738006249","19.4906738006249"
"福建省2017","福建省","350322","仙游县","Xianyou County","201710","2017","10","0.194593996337572","19.4593996337572"
"福建省2017","福建省","350402","梅列区","Melie district","201710","2017","10","0.227309697854694","22.7309697854694"
"福建省2017","福建省","350403","三元区","Sanyuan District","201710","2017","10","0.29241157847417","29.241157847417"
"福建省2017","福建省","350421","明溪县","Mingxi County","201710","2017","10","0.230226747522799","23.0226747522799"
"福建省2017","福建省","350423","清流县","Qingliu County","201710","2017","10","0.206206643847748","20.6206643847748"
"福建省2017","福建省","350424","宁化县","Ninghua County","201710","2017","10","0.241285392101165","24.1285392101165"
"福建省2017","福建省","350425","大田县","Datian County","201710","2017","10","0.266049803624306","26.6049803624306"
"福建省2017","福建省","350426","尤溪县","Youxi County","201710","2017","10","0.197583993855752","19.7583993855752"
"福建省2017","福建省","350427","沙县","Sha County","201710","2017","10","0.238480794879844","23.8480794879844"
"福建省2017","福建省","350428","将乐县","Jiangle County","201710","2017","10","0.262168301014327","26.2168301014327"
"福建省2017","福建省","350429","泰宁县","Taining County","201710","2017","10","0.204173426580511","20.4173426580511"
"福建省2017","福建省","350430","建宁县","Jianning County","201710","2017","10","0.24654574445643","24.654574445643"
"福建省2017","福建省","350481","永安市","Yong'an City","201710","2017","10","0.246409063134718","24.6409063134718"
"福建省2017","福建省","350502","鲤城区","Licheng District","201710","2017","10","0.219583531816893","21.9583531816893"
"福建省2017","福建省","350503","丰泽区","Fengze District","201710","2017","10","0.251083786882887","25.1083786882887"
"福建省2017","福建省","350504","洛江区","Luojiang District","201710","2017","10","0.21808343320685","21.808343320685"
"福建省2017","福建省","350505","泉港区","Quangang District","201710","2017","10","0.21917033481666","21.917033481666"
"福建省2017","福建省","350521","惠安县","Hui'an County","201710","2017","10","0.219476060065666","21.9476060065666"
"福建省2017","福建省","350524","安溪县","Anxi County","201710","2017","10","0.219476060065666","21.9476060065666"
"福建省2017","福建省","350525","永春县","Yongchun County","201710","2017","10","0.215608243827801","21.5608243827801"
"福建省2017","福建省","350526","德化县","Dehua County","201710","2017","10","0.215896207590148","21.5896207590148"
"福建省2017","福建省","350527","金门县","Kinmen County","201710","2017","10","0.267626135107037","26.7626135107037"
"福建省2017","福建省","350581","石狮市","Shishi City","201710","2017","10","0.166396083579308","16.6396083579308"
"福建省2017","福建省","350582","晋江市","Jinjiang City","201710","2017","10","0.261086910799877","26.1086910799877"
"福建省2017","福建省","350583","南安市","Nan'an City","201710","2017","10","0.215896207590148","21.5896207590148"
"福建省2017","福建省","350602","芗城区","Xiangcheng District","201710","2017","10","0.221642285002095","22.1642285002095"
"福建省2017","福建省","350603","龙文区","Longwen District","201710","2017","10","0.170813978870132","17.0813978870132"
"福建省2017","福建省","350622","云霄县","Yunxiao County","201710","2017","10","0.185015021634877","18.5015021634877"
"福建省2017","福建省","350623","漳浦县","Zhangpu County","201710","2017","10","0.146862210814748","14.6862210814748"
"福建省2017","福建省","350624","诏安县","Zhao'an County","201710","2017","10","0.145276208496752","14.5276208496752"
"福建省2017","福建省","350625","长泰县","Changtai County","201710","2017","10","0.147348945942557","14.7348945942557"
"福建省2017","福建省","350626","东山县","Dongshan County","201710","2017","10","0.203644221719791","20.3644221719791"
"福建省2017","福建省","350627","南靖县","Nanjing County","201710","2017","10","0.152933549461183","15.2933549461183"
"福建省2017","福建省","350628","平和县","Pinghe County","201710","2017","10","0.175948423384654","17.5948423384654"
"福建省2017","福建省","350629","华安县","Hua'an County","201710","2017","10","0.143391408441164","14.3391408441164"
"福建省2017","福建省","350681","龙海市","Longhai  City","201710","2017","10","0.138849070004388","13.8849070004388"
"福建省2017","福建省","350702","延平区","Yanping District","201710","2017","10","0.100058896970493","10.0058896970493"
"福建省2017","福建省","350721","顺昌县","Shunchang County","201710","2017","10","0.134560713127569","13.4560713127569"
"福建省2017","福建省","350722","浦城县","Pucheng County","201710","2017","10","0.0863383052612826","8.63383052612826"
"福建省2017","福建省","350723","光泽县","Guangze County","201710","2017","10","0.131708485828105","13.1708485828105"
"福建省2017","福建省","350724","松溪县","Songxi County","201710","2017","10","0.10474314765087","10.474314765087"
"福建省2017","福建省","350725","政和县","Zhenghe County","201710","2017","10","0.100838513312188","10.0838513312188"
"福建省2017","福建省","350781","邵武市","Shaowu City","201710","2017","10","0.0975010485765857","9.75010485765857"
"福建省2017","福建省","350782","武夷山市","Wuyishan City","201710","2017","10","0.128191497906411","12.8191497906411"
"福建省2017","福建省","350783","建瓯市","Jian'ou City","201710","2017","10","0.102564693704481","10.2564693704481"
"福建省2017","福建省","350784","建阳市","Jianyang City","201710","2017","10","0.12546734432616","12.546734432616"
"福建省2017","福建省","350802","新罗区","Xinluo District","201710","2017","10","0.16730184882228","16.730184882228"
"福建省2017","福建省","350821","长汀县","Changting County","201710","2017","10","0.159557711401007","15.9557711401007"
"福建省2017","福建省","350822","永定县","Yongding County","201710","2017","10","0.140210841115093","14.0210841115093"
"福建省2017","福建省","350823","上杭县","Shanghang County","201710","2017","10","0.167153046647044","16.7153046647044"
"福建省2017","福建省","350824","武平县","Wuping County","201710","2017","10","0.153424732751586","15.3424732751586"
"福建省2017","福建省","350825","连城县","Liancheng County","201710","2017","10","0.164647071179961","16.4647071179961"
"福建省2017","福建省","350881","漳平市","Zhangping City","201710","2017","10","0.132783035606239","13.2783035606239"
"福建省2017","福建省","350902","蕉城区","Jiaocheng District","201710","2017","10","0.229522885599048","22.9522885599048"
"福建省2017","福建省","350921","霞浦县","Xiapu County","201710","2017","10","0.228884831367405","22.8884831367405"
"福建省2017","福建省","350922","古田县","Gutian County","201710","2017","10","0.259676980744386","25.9676980744386"
"福建省2017","福建省","350923","屏南县","Pingnan County","201710","2017","10","0.215296609387728","21.5296609387728"
"福建省2017","福建省","350924","寿宁县","Shouning County","201710","2017","10","0.203097020727938","20.3097020727938"
"福建省2017","福建省","350925","周宁县","Zhouning County","201710","2017","10","0.20132905987087","20.132905987087"
"福建省2017","福建省","350926","柘荣县","Zherong County","201710","2017","10","0.24313816868576","24.313816868576"
"福建省2017","福建省","350981","福安市","Fu'an City","201710","2017","10","0.222487052764641","22.2487052764641"
"福建省2017","福建省","350982","福鼎市","Fuding City","201710","2017","10","0.262369937608776","26.2369937608776"
"福建省2017","福建省","350102","鼓楼区","Gulou District","201711","2017","11","0.26383180108537","26.383180108537"
"福建省2017","福建省","350103","台江区","Taijiang District","201711","2017","11","0.26383180108537","26.383180108537"
"福建省2017","福建省","350104","仓山区","Cangshan District","201711","2017","11","0.236556735870979","23.6556735870979"
"福建省2017","福建省","350105","马尾区","Mawei District","201711","2017","11","0.243418402012639","24.3418402012639"
"福建省2017","福建省","350111","晋安区","Jin'an District","201711","2017","11","0.257316850565556","25.7316850565556"
"福建省2017","福建省","350121","闽侯县","Minhou County","201711","2017","11","0.223450002515363","22.3450002515363"
"福建省2017","福建省","350122","连江县","Lianjiang County","201711","2017","11","0.262511781108879","26.2511781108879"
"福建省2017","福建省","350123","罗源县","Luoyuan County","201711","2017","11","0.257451423753337","25.7451423753337"
"福建省2017","福建省","350124","闽清县","Minqing County","201711","2017","11","0.264438029827293","26.4438029827293"
"福建省2017","福建省","350125","永泰县","Yongtai County","201711","2017","11","0.25560849123762","25.560849123762"
"福建省2017","福建省","350128","平潭县","Pingtan County","201711","2017","11","0.258967344366823","25.8967344366823"
"福建省2017","福建省","350181","福清市","Fuqing City","201711","2017","11","0.262223816429953","26.2223816429953"
"福建省2017","福建省","350182","长乐市","Changle City","201711","2017","11","0.263934791677123","26.3934791677123"
"福建省2017","福建省","350203","思明区","Siming District","201711","2017","11","0.234980498795985","23.4980498795985"
"福建省2017","福建省","350205","海沧区","Haicang District","201711","2017","11","0.227109990661082","22.7109990661082"
"福建省2017","福建省","350206","湖里区","Huli District","201711","2017","11","0.240638669772746","24.0638669772746"
"福建省2017","福建省","350211","集美区","Jimei District","201711","2017","11","0.210296109287128","21.0296109287128"
"福建省2017","福建省","350212","同安区","Tong'an District","201711","2017","11","0.215376540660595","21.5376540660595"
"福建省2017","福建省","350213","翔安区","Xiang'an District","201711","2017","11","0.208108600447215","20.8108600447215"
"福建省2017","福建省","350302","城厢区","Chengxiang District","201711","2017","11","0.193121581192363","19.3121581192363"
"福建省2017","福建省","350303","涵江区","Hanjiang District","201711","2017","11","0.217135808673226","21.7135808673226"
"福建省2017","福建省","350304","荔城区","Licheng District","201711","2017","11","0.222373904633659","22.2373904633659"
"福建省2017","福建省","350305","秀屿区","Xiuyu District","201711","2017","11","0.274605784339021","27.4605784339021"
"福建省2017","福建省","350322","仙游县","Xianyou County","201711","2017","11","0.188080770821261","18.8080770821261"
"福建省2017","福建省","350402","梅列区","Melie district","201711","2017","11","0.254450703166087","25.4450703166087"
"福建省2017","福建省","350403","三元区","Sanyuan District","201711","2017","11","0.29241157847417","29.241157847417"
"福建省2017","福建省","350421","明溪县","Mingxi County","201711","2017","11","0.240595139556809","24.0595139556809"
"福建省2017","福建省","350423","清流县","Qingliu County","201711","2017","11","0.206206643847748","20.6206643847748"
"福建省2017","福建省","350424","宁化县","Ninghua County","201711","2017","11","0.224093833950557","22.4093833950557"
"福建省2017","福建省","350425","大田县","Datian County","201711","2017","11","0.264680975764411","26.4680975764411"
"福建省2017","福建省","350426","尤溪县","Youxi County","201711","2017","11","0.203087447966731","20.3087447966731"
"福建省2017","福建省","350427","沙县","Sha County","201711","2017","11","0.24813866420346","24.813866420346"
"福建省2017","福建省","350428","将乐县","Jiangle County","201711","2017","11","0.258180056250778","25.8180056250778"
"福建省2017","福建省","350429","泰宁县","Taining County","201711","2017","11","0.204138542463432","20.4138542463432"
"福建省2017","福建省","350430","建宁县","Jianning County","201711","2017","11","0.276880517678622","27.6880517678622"
"福建省2017","福建省","350481","永安市","Yong'an City","201711","2017","11","0.239703864526583","23.9703864526583"
"福建省2017","福建省","350502","鲤城区","Licheng District","201711","2017","11","0.219583531816893","21.9583531816893"
"福建省2017","福建省","350503","丰泽区","Fengze District","201711","2017","11","0.247337101270962","24.7337101270962"
"福建省2017","福建省","350504","洛江区","Luojiang District","201711","2017","11","0.256377978454066","25.6377978454066"
"福建省2017","福建省","350505","泉港区","Quangang District","201711","2017","11","0.223464149010621","22.3464149010621"
"福建省2017","福建省","350521","惠安县","Hui'an County","201711","2017","11","0.219476060065666","21.9476060065666"
"福建省2017","福建省","350524","安溪县","Anxi County","201711","2017","11","0.215918126683551","21.5918126683551"
"福建省2017","福建省","350525","永春县","Yongchun County","201711","2017","11","0.217444703455769","21.7444703455769"
"福建省2017","福建省","350526","德化县","Dehua County","201711","2017","11","0.215896207590148","21.5896207590148"
"福建省2017","福建省","350527","金门县","Kinmen County","201711","2017","11","0.255486234134896","25.5486234134896"
"福建省2017","福建省","350581","石狮市","Shishi City","201711","2017","11","0.180968670284128","18.0968670284128"
"福建省2017","福建省","350582","晋江市","Jinjiang City","201711","2017","11","0.285576710381094","28.5576710381094"
"福建省2017","福建省","350583","南安市","Nan'an City","201711","2017","11","0.215896207590148","21.5896207590148"
"福建省2017","福建省","350602","芗城区","Xiangcheng District","201711","2017","11","0.157964845732195","15.7964845732195"
"福建省2017","福建省","350603","龙文区","Longwen District","201711","2017","11","0.170813978870132","17.0813978870132"
"福建省2017","福建省","350622","云霄县","Yunxiao County","201711","2017","11","0.192642557251842","19.2642557251842"
"福建省2017","福建省","350623","漳浦县","Zhangpu County","201711","2017","11","0.145276208496752","14.5276208496752"
"福建省2017","福建省","350624","诏安县","Zhao'an County","201711","2017","11","0.144391431101934","14.4391431101934"
"福建省2017","福建省","350625","长泰县","Changtai County","201711","2017","11","0.1461698391375","14.61698391375"
"福建省2017","福建省","350626","东山县","Dongshan County","201711","2017","11","0.175858473892714","17.5858473892714"
"福建省2017","福建省","350627","南靖县","Nanjing County","201711","2017","11","0.159651945904306","15.9651945904306"
"福建省2017","福建省","350628","平和县","Pinghe County","201711","2017","11","0.164011674113652","16.4011674113652"
"福建省2017","福建省","350629","华安县","Hua'an County","201711","2017","11","0.14395900792025","14.395900792025"
"福建省2017","福建省","350681","龙海市","Longhai  City","201711","2017","11","0.198959233192537","19.8959233192537"
"福建省2017","福建省","350702","延平区","Yanping District","201711","2017","11","0.100509681998717","10.0509681998717"
"福建省2017","福建省","350721","顺昌县","Shunchang County","201711","2017","11","0.127338593663472","12.7338593663472"
"福建省2017","福建省","350722","浦城县","Pucheng County","201711","2017","11","0.110739502723116","11.0739502723116"
"福建省2017","福建省","350723","光泽县","Guangze County","201711","2017","11","0.133798373401729","13.3798373401729"
"福建省2017","福建省","350724","松溪县","Songxi County","201711","2017","11","0.103779631453726","10.3779631453726"
"福建省2017","福建省","350725","政和县","Zhenghe County","201711","2017","11","0.136355983484844","13.6355983484844"
"福建省2017","福建省","350781","邵武市","Shaowu City","201711","2017","11","0.119252439009278","11.9252439009278"
"福建省2017","福建省","350782","武夷山市","Wuyishan City","201711","2017","11","0.134560713127569","13.4560713127569"
"福建省2017","福建省","350783","建瓯市","Jian'ou City","201711","2017","11","0.0993794316558036","9.93794316558036"
"福建省2017","福建省","350784","建阳市","Jianyang City","201711","2017","11","0.115038616582463","11.5038616582463"
"福建省2017","福建省","350802","新罗区","Xinluo District","201711","2017","11","0.131572959397155","13.1572959397155"
"福建省2017","福建省","350821","长汀县","Changting County","201711","2017","11","0.129744580338203","12.9744580338203"
"福建省2017","福建省","350822","永定县","Yongding County","201711","2017","11","0.139537402313707","13.9537402313707"
"福建省2017","福建省","350823","上杭县","Shanghang County","201711","2017","11","0.165262987255588","16.5262987255588"
"福建省2017","福建省","350824","武平县","Wuping County","201711","2017","11","0.159874678503345","15.9874678503345"
"福建省2017","福建省","350825","连城县","Liancheng County","201711","2017","11","0.159954573113014","15.9954573113014"
"福建省2017","福建省","350881","漳平市","Zhangping City","201711","2017","11","0.153384316157808","15.3384316157808"
"福建省2017","福建省","350902","蕉城区","Jiaocheng District","201711","2017","11","0.217088672631687","21.7088672631687"
"福建省2017","福建省","350921","霞浦县","Xiapu County","201711","2017","11","0.219827028618574","21.9827028618574"
"福建省2017","福建省","350922","古田县","Gutian County","201711","2017","11","0.261747444155285","26.1747444155285"
"福建省2017","福建省","350923","屏南县","Pingnan County","201711","2017","11","0.210720005525352","21.0720005525352"
"福建省2017","福建省","350924","寿宁县","Shouning County","201711","2017","11","0.210267418500906","21.0267418500906"
"福建省2017","福建省","350925","周宁县","Zhouning County","201711","2017","11","0.200095424806817","20.0095424806817"
"福建省2017","福建省","350926","柘荣县","Zherong County","201711","2017","11","0.196942837917491","19.6942837917491"
"福建省2017","福建省","350981","福安市","Fu'an City","201711","2017","11","0.216260513298199","21.6260513298199"
"福建省2017","福建省","350982","福鼎市","Fuding City","201711","2017","11","0.225689455775338","22.5689455775338"
"福建省2017","福建省","350102","鼓楼区","Gulou District","201712","2017","12","0.26383180108537","26.383180108537"
"福建省2017","福建省","350103","台江区","Taijiang District","201712","2017","12","0.26383180108537","26.383180108537"
"福建省2017","福建省","350104","仓山区","Cangshan District","201712","2017","12","0.252137432221645","25.2137432221645"
"福建省2017","福建省","350105","马尾区","Mawei District","201712","2017","12","0.218967377430475","21.8967377430475"
"福建省2017","福建省","350111","晋安区","Jin'an District","201712","2017","12","0.251275420840123","25.1275420840123"
"福建省2017","福建省","350121","闽侯县","Minhou County","201712","2017","12","0.221761316659904","22.1761316659904"
"福建省2017","福建省","350122","连江县","Lianjiang County","201712","2017","12","0.262511781108879","26.2511781108879"
"福建省2017","福建省","350123","罗源县","Luoyuan County","201712","2017","12","0.257451423753337","25.7451423753337"
"福建省2017","福建省","350124","闽清县","Minqing County","201712","2017","12","0.266948775176539","26.6948775176539"
"福建省2017","福建省","350125","永泰县","Yongtai County","201712","2017","12","0.255896454999967","25.5896454999967"
"福建省2017","福建省","350128","平潭县","Pingtan County","201712","2017","12","0.258967344366823","25.8967344366823"
"福建省2017","福建省","350181","福清市","Fuqing City","201712","2017","12","0.262223816429953","26.2223816429953"
"福建省2017","福建省","350182","长乐市","Changle City","201712","2017","12","0.262488090266394","26.2488090266394"
"福建省2017","福建省","350203","思明区","Siming District","201712","2017","12","0.208922171493901","20.8922171493901"
"福建省2017","福建省","350205","海沧区","Haicang District","201712","2017","12","0.202224442095941","20.2224442095941"
"福建省2017","福建省","350206","湖里区","Huli District","201712","2017","12","0.229892117007858","22.9892117007858"
"福建省2017","福建省","350211","集美区","Jimei District","201712","2017","12","0.213192939201094","21.3192939201094"
"福建省2017","福建省","350212","同安区","Tong'an District","201712","2017","12","0.23193251476258","23.193251476258"
"福建省2017","福建省","350213","翔安区","Xiang'an District","201712","2017","12","0.208108600447215","20.8108600447215"
"福建省2017","福建省","350302","城厢区","Chengxiang District","201712","2017","12","0.177424161132253","17.7424161132253"
"福建省2017","福建省","350303","涵江区","Hanjiang District","201712","2017","12","0.216411950640849","21.6411950640849"
"福建省2017","福建省","350304","荔城区","Licheng District","201712","2017","12","0.230296034552474","23.0296034552474"
"福建省2017","福建省","350305","秀屿区","Xiuyu District","201712","2017","12","0.179676858056215","17.9676858056215"
"福建省2017","福建省","350322","仙游县","Xianyou County","201712","2017","12","0.194792500061683","19.4792500061683"
"福建省2017","福建省","350402","梅列区","Melie district","201712","2017","12","0.233898350569899","23.3898350569899"
"福建省2017","福建省","350403","三元区","Sanyuan District","201712","2017","12","0.294172919790694","29.4172919790694"
"福建省2017","福建省","350421","明溪县","Mingxi County","201712","2017","12","0.234307501786144","23.4307501786144"
"福建省2017","福建省","350423","清流县","Qingliu County","201712","2017","12","0.206206643847748","20.6206643847748"
"福建省2017","福建省","350424","宁化县","Ninghua County","201712","2017","12","0.241910034018106","24.1910034018106"
"福建省2017","福建省","350425","大田县","Datian County","201712","2017","12","0.213437512067659","21.3437512067659"
"福建省2017","福建省","350426","尤溪县","Youxi County","201712","2017","12","0.202320376855085","20.2320376855085"
"福建省2017","福建省","350427","沙县","Sha County","201712","2017","12","0.24215984880552","24.215984880552"
"福建省2017","福建省","350428","将乐县","Jiangle County","201712","2017","12","0.259416480467681","25.9416480467681"
"福建省2017","福建省","350429","泰宁县","Taining County","201712","2017","12","0.196567600160137","19.6567600160137"
"福建省2017","福建省","350430","建宁县","Jianning County","201712","2017","12","0.276863361134743","27.6863361134743"
"福建省2017","福建省","350481","永安市","Yong'an City","201712","2017","12","0.256129842841157","25.6129842841157"
"福建省2017","福建省","350502","鲤城区","Licheng District","201712","2017","12","0.219583531816893","21.9583531816893"
"福建省2017","福建省","350503","丰泽区","Fengze District","201712","2017","12","0.246165116292273","24.6165116292273"
"福建省2017","福建省","350504","洛江区","Luojiang District","201712","2017","12","0.262453277642552","26.2453277642552"
"福建省2017","福建省","350505","泉港区","Quangang District","201712","2017","12","0.222498099386439","22.2498099386439"
"福建省2017","福建省","350521","惠安县","Hui'an County","201712","2017","12","0.219476060065666","21.9476060065666"
"福建省2017","福建省","350524","安溪县","Anxi County","201712","2017","12","0.219476060065666","21.9476060065666"
"福建省2017","福建省","350525","永春县","Yongchun County","201712","2017","12","0.21103362161132","21.103362161132"
"福建省2017","福建省","350526","德化县","Dehua County","201712","2017","12","0.215896207590148","21.5896207590148"
"福建省2017","福建省","350527","金门县","Kinmen County","201712","2017","12","0.255486234134896","25.5486234134896"
"福建省2017","福建省","350581","石狮市","Shishi City","201712","2017","12","0.180968670284128","18.0968670284128"
"福建省2017","福建省","350582","晋江市","Jinjiang City","201712","2017","12","0.317193126376431","31.7193126376431"
"福建省2017","福建省","350583","南安市","Nan'an City","201712","2017","12","0.215896207590148","21.5896207590148"
"福建省2017","福建省","350602","芗城区","Xiangcheng District","201712","2017","12","0.167164399406553","16.7164399406553"
"福建省2017","福建省","350603","龙文区","Longwen District","201712","2017","12","0.170813978870132","17.0813978870132"
"福建省2017","福建省","350622","云霄县","Yunxiao County","201712","2017","12","0.190261614291632","19.0261614291632"
"福建省2017","福建省","350623","漳浦县","Zhangpu County","201712","2017","12","0.147364603878185","14.7364603878185"
"福建省2017","福建省","350624","诏安县","Zhao'an County","201712","2017","12","0.144425998998924","14.4425998998924"
"福建省2017","福建省","350625","长泰县","Changtai County","201712","2017","12","0.146155329676575","14.6155329676575"
"福建省2017","福建省","350626","东山县","Dongshan County","201712","2017","12","0.174540340237802","17.4540340237802"
"福建省2017","福建省","350627","南靖县","Nanjing County","201712","2017","12","0.159669364590057","15.9669364590057"
"福建省2017","福建省","350628","平和县","Pinghe County","201712","2017","12","0.165448712938337","16.5448712938337"
"福建省2017","福建省","350629","华安县","Hua'an County","201712","2017","12","0.145935909597547","14.5935909597547"
"福建省2017","福建省","350681","龙海市","Longhai  City","201712","2017","12","0.136302326893398","13.6302326893398"
"福建省2017","福建省","350702","延平区","Yanping District","201712","2017","12","0.164416345087004","16.4416345087004"
"福建省2017","福建省","350721","顺昌县","Shunchang County","201712","2017","12","0.127667617458736","12.7667617458736"
"福建省2017","福建省","350722","浦城县","Pucheng County","201712","2017","12","0.117424963698176","11.7424963698176"
"福建省2017","福建省","350723","光泽县","Guangze County","201712","2017","12","0.131708485828105","13.1708485828105"
"福建省2017","福建省","350724","松溪县","Songxi County","201712","2017","12","0.106887587314571","10.6887587314571"
"福建省2017","福建省","350725","政和县","Zhenghe County","201712","2017","12","0.136355983484844","13.6355983484844"
"福建省2017","福建省","350781","邵武市","Shaowu City","201712","2017","12","0.115212094923652","11.5212094923652"
"福建省2017","福建省","350782","武夷山市","Wuyishan City","201712","2017","12","0.134560713127569","13.4560713127569"
"福建省2017","福建省","350783","建瓯市","Jian'ou City","201712","2017","12","0.187787227836637","18.7787227836637"
"福建省2017","福建省","350784","建阳市","Jianyang City","201712","2017","12","0.0868969112577024","8.68969112577024"
"福建省2017","福建省","350802","新罗区","Xinluo District","201712","2017","12","0.130408519704779","13.0408519704779"
"福建省2017","福建省","350821","长汀县","Changting County","201712","2017","12","0.155759138196977","15.5759138196977"
"福建省2017","福建省","350822","永定县","Yongding County","201712","2017","12","0.142231750546492","14.2231750546492"
"福建省2017","福建省","350823","上杭县","Shanghang County","201712","2017","12","0.167241026408628","16.7241026408628"
"福建省2017","福建省","350824","武平县","Wuping County","201712","2017","12","0.114849550882304","11.4849550882304"
"福建省2017","福建省","350825","连城县","Liancheng County","201712","2017","12","0.164012808839655","16.4012808839655"
"福建省2017","福建省","350881","漳平市","Zhangping City","201712","2017","12","0.134146591298146","13.4146591298146"
"福建省2017","福建省","350902","蕉城区","Jiaocheng District","201712","2017","12","0.21873624345943","21.873624345943"
"福建省2017","福建省","350921","霞浦县","Xiapu County","201712","2017","12","0.242466304568762","24.2466304568762"
"福建省2017","福建省","350922","古田县","Gutian County","201712","2017","12","0.281781708172628","28.1781708172628"
"福建省2017","福建省","350923","屏南县","Pingnan County","201712","2017","12","0.127599565978861","12.7599565978861"
"福建省2017","福建省","350924","寿宁县","Shouning County","201712","2017","12","0.215113697605487","21.5113697605487"
"福建省2017","福建省","350925","周宁县","Zhouning County","201712","2017","12","0.194134943758018","19.4134943758018"
"福建省2017","福建省","350926","柘荣县","Zherong County","201712","2017","12","0.210113033437073","21.0113033437073"
"福建省2017","福建省","350981","福安市","Fu'an City","201712","2017","12","0.229500752025931","22.9500752025931"
"福建省2017","福建省","350982","福鼎市","Fuding City","201712","2017","12","0.262170440311977","26.2170440311977"
"福建省2018","福建省","350102","鼓楼区","Gulou District","201801","2018","1","0.272647410009413","27.2647410009413"
"福建省2018","福建省","350103","台江区","Taijiang District","201801","2018","1","0.272647410009413","27.2647410009413"
"福建省2018","福建省","350104","仓山区","Cangshan District","201801","2018","1","0.225758125787037","22.5758125787037"
"福建省2018","福建省","350105","马尾区","Mawei District","201801","2018","1","0.221394903858715","22.1394903858715"
"福建省2018","福建省","350111","晋安区","Jin'an District","201801","2018","1","0.26061693492144","26.061693492144"
"福建省2018","福建省","350121","闽侯县","Minhou County","201801","2018","1","0.229171193445668","22.9171193445668"
"福建省2018","福建省","350122","连江县","Lianjiang County","201801","2018","1","0.271283283308526","27.1283283308526"
"福建省2018","福建省","350123","罗源县","Luoyuan County","201801","2018","1","0.26605384048485","26.605384048485"
"福建省2018","福建省","350124","闽清县","Minqing County","201801","2018","1","0.275641602404309","27.5641602404309"
"福建省2018","福建省","350125","永泰县","Yongtai County","201801","2018","1","0.26444691487624","26.444691487624"
"福建省2018","福建省","350128","平潭县","Pingtan County","201801","2018","1","0.271283283308526","27.1283283308526"
"福建省2018","福建省","350181","福清市","Fuqing City","201801","2018","1","0.267419765961154","26.7419765961154"
"福建省2018","福建省","350182","长乐市","Changle City","201801","2018","1","0.27275384229423","27.275384229423"
"福建省2018","福建省","350203","思明区","Siming District","201801","2018","1","0.193366592599395","19.3366592599395"
"福建省2018","福建省","350205","海沧区","Haicang District","201801","2018","1","0.215291258016436","21.5291258016436"
"福建省2018","福建省","350206","湖里区","Huli District","201801","2018","1","0.254913363883453","25.4913363883453"
"福建省2018","福建省","350211","集美区","Jimei District","201801","2018","1","0.218725157897667","21.8725157897667"
"福建省2018","福建省","350212","同安区","Tong'an District","201801","2018","1","0.230202510920515","23.0202510920515"
"福建省2018","福建省","350213","翔安区","Xiang'an District","201801","2018","1","0.215062288857299","21.5062288857299"
"福建省2018","福建省","350302","城厢区","Chengxiang District","201801","2018","1","0.199897996592276","19.9897996592276"
"福建省2018","福建省","350303","涵江区","Hanjiang District","201801","2018","1","0.228106398201095","22.8106398201095"
"福建省2018","福建省","350304","荔城区","Licheng District","201801","2018","1","0.250455939692061","25.0455939692061"
"福建省2018","福建省","350305","秀屿区","Xiuyu District","201801","2018","1","0.185836535278854","18.5836535278854"
"福建省2018","福建省","350322","仙游县","Xianyou County","201801","2018","1","0.195189337319006","19.5189337319006"
"福建省2018","福建省","350402","梅列区","Melie district","201801","2018","1","0.230318345269603","23.0318345269603"
"福建省2018","福建省","350403","三元区","Sanyuan District","201801","2018","1","0.29533658983554","29.533658983554"
"福建省2018","福建省","350421","明溪县","Mingxi County","201801","2018","1","0.242136593293763","24.2136593293763"
"福建省2018","福建省","350423","清流县","Qingliu County","201801","2018","1","0.212330941488425","21.2330941488425"
"福建省2018","福建省","350424","宁化县","Ninghua County","201801","2018","1","0.221951667503855","22.1951667503855"
"福建省2018","福建省","350425","大田县","Datian County","201801","2018","1","0.222896717140603","22.2896717140603"
"福建省2018","福建省","350426","尤溪县","Youxi County","201801","2018","1","0.208663363160451","20.8663363160451"
"福建省2018","福建省","350427","沙县","Sha County","201801","2018","1","0.250251316834375","25.0251316834375"
"福建省2018","福建省","350428","将乐县","Jiangle County","201801","2018","1","0.27834259624062","27.834259624062"
"福建省2018","福建省","350429","泰宁县","Taining County","201801","2018","1","0.210995626381562","21.0995626381562"
"福建省2018","福建省","350430","建宁县","Jianning County","201801","2018","1","0.282484112907069","28.2484112907069"
"福建省2018","福建省","350481","永安市","Yong'an City","201801","2018","1","0.250717486774577","25.0717486774577"
"福建省2018","福建省","350502","鲤城区","Licheng District","201801","2018","1","0.226920640125353","22.6920640125353"
"福建省2018","福建省","350503","丰泽区","Fengze District","201801","2018","1","0.253167302400032","25.3167302400032"
"福建省2018","福建省","350504","洛江区","Luojiang District","201801","2018","1","0.268849521822473","26.8849521822473"
"福建省2018","福建省","350505","泉港区","Quangang District","201801","2018","1","0.222923585947102","22.2923585947102"
"福建省2018","福建省","350521","惠安县","Hui'an County","201801","2018","1","0.226809577438542","22.6809577438542"
"福建省2018","福建省","350524","安溪县","Anxi County","201801","2018","1","0.226809577438542","22.6809577438542"
"福建省2018","福建省","350525","永春县","Yongchun County","201801","2018","1","0.218085045182087","21.8085045182087"
"福建省2018","福建省","350526","德化县","Dehua County","201801","2018","1","0.218085045182087","21.8085045182087"
"福建省2018","福建省","350527","金门县","Kinmen County","201801","2018","1","0.263182366584636","26.3182366584636"
"福建省2018","福建省","350581","石狮市","Shishi City","201801","2018","1","0.187015511943752","18.7015511943752"
"福建省2018","福建省","350582","晋江市","Jinjiang City","201801","2018","1","0.33658761021699","33.658761021699"
"福建省2018","福建省","350583","南安市","Nan'an City","201801","2018","1","0.223110109143111","22.3110109143111"
"福建省2018","福建省","350602","芗城区","Xiangcheng District","201801","2018","1","0.13681057186951","13.681057186951"
"福建省2018","福建省","350603","龙文区","Longwen District","201801","2018","1","0.176521513943402","17.6521513943402"
"福建省2018","福建省","350622","云霄县","Yunxiao County","201801","2018","1","0.189554171114279","18.9554171114279"
"福建省2018","福建省","350623","漳浦县","Zhangpu County","201801","2018","1","0.150130431375155","15.0130431375155"
"福建省2018","福建省","350624","诏安县","Zhao'an County","201801","2018","1","0.149297320422425","14.9297320422425"
"福建省2018","福建省","350625","长泰县","Changtai County","201801","2018","1","0.151038927620568","15.1038927620568"
"福建省2018","福建省","350626","东山县","Dongshan County","201801","2018","1","0.232247958896724","23.2247958896724"
"福建省2018","福建省","350627","南靖县","Nanjing County","201801","2018","1","0.17147120566913","17.147120566913"
"福建省2018","福建省","350628","平和县","Pinghe County","201801","2018","1","0.170986598510212","17.0986598510212"
"福建省2018","福建省","350629","华安县","Hua'an County","201801","2018","1","0.149001642470696","14.9001642470696"
"福建省2018","福建省","350681","龙海市","Longhai  City","201801","2018","1","0.140856698402332","14.0856698402332"
"福建省2018","福建省","350702","延平区","Yanping District","201801","2018","1","0.176999331436005","17.6999331436005"
"福建省2018","福建省","350721","顺昌县","Shunchang County","201801","2018","1","0.142077334008782","14.2077334008782"
"福建省2018","福建省","350722","浦城县","Pucheng County","201801","2018","1","0.123739221305743","12.3739221305743"
"福建省2018","福建省","350723","光泽县","Guangze County","201801","2018","1","0.138118298109343","13.8118298109343"
"福建省2018","福建省","350724","松溪县","Songxi County","201801","2018","1","0.101667654367441","10.1667654367441"
"福建省2018","福建省","350725","政和县","Zhenghe County","201801","2018","1","0.132116276198622","13.2116276198622"
"福建省2018","福建省","350781","邵武市","Shaowu City","201801","2018","1","0.119061763126733","11.9061763126733"
"福建省2018","福建省","350782","武夷山市","Wuyishan City","201801","2018","1","0.13878411744455","13.878411744455"
"福建省2018","福建省","350783","建瓯市","Jian'ou City","201801","2018","1","0.172926595685386","17.2926595685386"
"福建省2018","福建省","350784","建阳市","Jianyang City","201801","2018","1","0.100130732401654","10.0130732401654"
"福建省2018","福建省","350802","新罗区","Xinluo District","201801","2018","1","0.134765956778605","13.4765956778605"
"福建省2018","福建省","350821","长汀县","Changting County","201801","2018","1","0.160700482444071","16.0700482444071"
"福建省2018","福建省","350822","永定县","Yongding County","201801","2018","1","0.14489581053657","14.489581053657"
"福建省2018","福建省","350823","上杭县","Shanghang County","201801","2018","1","0.173769217858059","17.3769217858059"
"福建省2018","福建省","350824","武平县","Wuping County","201801","2018","1","0.124101048512582","12.4101048512582"
"福建省2018","福建省","350825","连城县","Liancheng County","201801","2018","1","0.166083152314395","16.6083152314395"
"福建省2018","福建省","350881","漳平市","Zhangping City","201801","2018","1","0.137342781909148","13.7342781909148"
"福建省2018","福建省","350902","蕉城区","Jiaocheng District","201801","2018","1","0.226490602547462","22.6490602547462"
"福建省2018","福建省","350921","霞浦县","Xiapu County","201801","2018","1","0.246753766353945","24.6753766353945"
"福建省2018","福建省","350922","古田县","Gutian County","201801","2018","1","0.293059827229137","29.3059827229137"
"福建省2018","福建省","350923","屏南县","Pingnan County","201801","2018","1","0.131844012597387","13.1844012597387"
"福建省2018","福建省","350924","寿宁县","Shouning County","201801","2018","1","0.216050279785439","21.6050279785439"
"福建省2018","福建省","350925","周宁县","Zhouning County","201801","2018","1","0.200172747842126","20.0172747842126"
"福建省2018","福建省","350926","柘荣县","Zherong County","201801","2018","1","0.202504475374892","20.2504475374892"
"福建省2018","福建省","350981","福安市","Fu'an City","201801","2018","1","0.223400619169953","22.3400619169953"
"福建省2018","福建省","350982","福鼎市","Fuding City","201801","2018","1","0.235419756744328","23.5419756744328"
"福建省2018","福建省","350102","鼓楼区","Gulou District","201802","2018","2","0.272647410009413","27.2647410009413"
"福建省2018","福建省","350103","台江区","Taijiang District","201802","2018","2","0.272647410009413","27.2647410009413"
"福建省2018","福建省","350104","仓山区","Cangshan District","201802","2018","2","0.230154145784633","23.0154145784633"
"福建省2018","福建省","350105","马尾区","Mawei District","201802","2018","2","0.219527601609932","21.9527601609932"
"福建省2018","福建省","350111","晋安区","Jin'an District","201802","2018","2","0.259887655780141","25.9887655780141"
"福建省2018","福建省","350121","闽侯县","Minhou County","201802","2018","2","0.230916304632641","23.0916304632641"
"福建省2018","福建省","350122","连江县","Lianjiang County","201802","2018","2","0.268986229671516","26.8986229671516"
"福建省2018","福建省","350123","罗源县","Luoyuan County","201802","2018","2","0.26605384048485","26.605384048485"
"福建省2018","福建省","350124","闽清县","Minqing County","201802","2018","2","0.275641602404309","27.5641602404309"
"福建省2018","福建省","350125","永泰县","Yongtai County","201802","2018","2","0.26414932899342","26.414932899342"
"福建省2018","福建省","350128","平潭县","Pingtan County","201802","2018","2","0.275868534296642","27.5868534296642"
"福建省2018","福建省","350181","福清市","Fuqing City","201802","2018","2","0.218477922132883","21.8477922132883"
"福建省2018","福建省","350182","长乐市","Changle City","201802","2018","2","0.273788592210493","27.3788592210493"
"福建省2018","福建省","350203","思明区","Siming District","201802","2018","2","0.195600370802502","19.5600370802502"
"福建省2018","福建省","350205","海沧区","Haicang District","201802","2018","2","0.216178578978563","21.6178578978563"
"福建省2018","福建省","350206","湖里区","Huli District","201802","2018","2","0.263296878223804","26.3296878223804"
"福建省2018","福建省","350211","集美区","Jimei District","201802","2018","2","0.217322890920451","21.7322890920451"
"福建省2018","福建省","350212","同安区","Tong'an District","201802","2018","2","0.22643502488169","22.643502488169"
"福建省2018","福建省","350213","翔安区","Xiang'an District","201802","2018","2","0.215062288857299","21.5062288857299"
"福建省2018","福建省","350302","城厢区","Chengxiang District","201802","2018","2","0.207397374747784","20.7397374747784"
"福建省2018","福建省","350303","涵江区","Hanjiang District","201802","2018","2","0.222834015003301","22.2834015003301"
"福建省2018","福建省","350304","荔城区","Licheng District","201802","2018","2","0.243314786606184","24.3314786606184"
"福建省2018","福建省","350305","秀屿区","Xiuyu District","201802","2018","2","0.196915577416396","19.6915577416396"
"福建省2018","福建省","350322","仙游县","Xianyou County","201802","2018","2","0.194891996348494","19.4891996348494"
"福建省2018","福建省","350402","梅列区","Melie district","201802","2018","2","0.228830877244605","22.8830877244605"
"福建省2018","福建省","350403","三元区","Sanyuan District","201802","2018","2","0.296233426603983","29.6233426603983"
"福建省2018","福建省","350421","明溪县","Mingxi County","201802","2018","2","0.251798547131701","25.1798547131701"
"福建省2018","福建省","350423","清流县","Qingliu County","201802","2018","2","0.219721835415918","21.9721835415918"
"福建省2018","福建省","350424","宁化县","Ninghua County","201802","2018","2","0.212056351678898","21.2056351678898"
"福建省2018","福建省","350425","大田县","Datian County","201802","2018","2","0.223771420073842","22.3771420073842"
"福建省2018","福建省","350426","尤溪县","Youxi County","201802","2018","2","0.207144829797829","20.7144829797829"
"福建省2018","福建省","350427","沙县","Sha County","201802","2018","2","0.250251316834375","25.0251316834375"
"福建省2018","福建省","350428","将乐县","Jiangle County","201802","2018","2","0.276485059296835","27.6485059296835"
"福建省2018","福建省","350429","泰宁县","Taining County","201802","2018","2","0.210659924071551","21.0659924071551"
"福建省2018","福建省","350430","建宁县","Jianning County","201802","2018","2","0.270045391932997","27.0045391932997"
"福建省2018","福建省","350481","永安市","Yong'an City","201802","2018","2","0.248155695774121","24.8155695774121"
"福建省2018","福建省","350502","鲤城区","Licheng District","201802","2018","2","0.226920640125353","22.6920640125353"
"福建省2018","福建省","350503","丰泽区","Fengze District","201802","2018","2","0.263032877431833","26.3032877431833"
"福建省2018","福建省","350504","洛江区","Luojiang District","201802","2018","2","0.267429172611798","26.7429172611798"
"福建省2018","福建省","350505","泉港区","Quangang District","201802","2018","2","0.223110109143111","22.3110109143111"
"福建省2018","福建省","350521","惠安县","Hui'an County","201802","2018","2","0.226809577438542","22.6809577438542"
"福建省2018","福建省","350524","安溪县","Anxi County","201802","2018","2","0.226809577438542","22.6809577438542"
"福建省2018","福建省","350525","永春县","Yongchun County","201802","2018","2","0.218085045182087","21.8085045182087"
"福建省2018","福建省","350526","德化县","Dehua County","201802","2018","2","0.218085045182087","21.8085045182087"
"福建省2018","福建省","350527","金门县","Kinmen County","201802","2018","2","0.266405263046321","26.6405263046321"
"福建省2018","福建省","350581","石狮市","Shishi City","201802","2018","2","0.187015511943752","18.7015511943752"
"福建省2018","福建省","350582","晋江市","Jinjiang City","201802","2018","2","0.315899541901069","31.5899541901069"
"福建省2018","福建省","350583","南安市","Nan'an City","201802","2018","2","0.223110109143111","22.3110109143111"
"福建省2018","福建省","350602","芗城区","Xiangcheng District","201802","2018","2","0.21465691954423","21.465691954423"
"福建省2018","福建省","350603","龙文区","Longwen District","201802","2018","2","0.176521513943402","17.6521513943402"
"福建省2018","福建省","350622","云霄县","Yunxiao County","201802","2018","2","0.198360884750655","19.8360884750655"
"福建省2018","福建省","350623","漳浦县","Zhangpu County","201802","2018","2","0.15176942765431","15.176942765431"
"福建省2018","福建省","350624","诏安县","Zhao'an County","201802","2018","2","0.152392400177406","15.2392400177406"
"福建省2018","福建省","350625","长泰县","Changtai County","201802","2018","2","0.151038927620568","15.1038927620568"
"福建省2018","福建省","350626","东山县","Dongshan County","201802","2018","2","0.225810621410276","22.5810621410276"
"福建省2018","福建省","350627","南靖县","Nanjing County","201802","2018","2","0.168213578440667","16.8213578440667"
"福建省2018","福建省","350628","平和县","Pinghe County","201802","2018","2","0.1694919188726","16.94919188726"
"福建省2018","福建省","350629","华安县","Hua'an County","201802","2018","2","0.148972659346329","14.8972659346329"
"福建省2018","福建省","350681","龙海市","Longhai  City","201802","2018","2","0.140863678861756","14.0863678861756"
"福建省2018","福建省","350702","延平区","Yanping District","201802","2018","2","0.087309071312127","8.7309071312127"
"福建省2018","福建省","350721","顺昌县","Shunchang County","201802","2018","2","0.139056890133168","13.9056890133168"
"福建省2018","福建省","350722","浦城县","Pucheng County","201802","2018","2","0.114943348937427","11.4943348937427"
"福建省2018","福建省","350723","光泽县","Guangze County","201802","2018","2","0.13716847130667","13.716847130667"
"福建省2018","福建省","350724","松溪县","Songxi County","201802","2018","2","0.106613133752832","10.6613133752832"
"福建省2018","福建省","350725","政和县","Zhenghe County","201802","2018","2","0.130453836216187","13.0453836216187"
"福建省2018","福建省","350781","邵武市","Shaowu City","201802","2018","2","0.119061763126733","11.9061763126733"
"福建省2018","福建省","350782","武夷山市","Wuyishan City","201802","2018","2","0.13878411744455","13.878411744455"
"福建省2018","福建省","350783","建瓯市","Jian'ou City","201802","2018","2","0.169207942592471","16.9207942592471"
"福建省2018","福建省","350784","建阳市","Jianyang City","201802","2018","2","0.0983856212146807","9.83856212146807"
"福建省2018","福建省","350802","新罗区","Xinluo District","201802","2018","2","0.134765956778605","13.4765956778605"
"福建省2018","福建省","350821","长汀县","Changting County","201802","2018","2","0.16194858400276","16.194858400276"
"福建省2018","福建省","350822","永定县","Yongding County","201802","2018","2","0.14489581053657","14.489581053657"
"福建省2018","福建省","350823","上杭县","Shanghang County","201802","2018","2","0.158674534807797","15.8674534807797"
"福建省2018","福建省","350824","武平县","Wuping County","201802","2018","2","0.169536487409066","16.9536487409066"
"福建省2018","福建省","350825","连城县","Liancheng County","201802","2018","2","0.128630514530875","12.8630514530875"
"福建省2018","福建省","350881","漳平市","Zhangping City","201802","2018","2","0.132061251649413","13.2061251649413"
"福建省2018","福建省","350902","蕉城区","Jiaocheng District","201802","2018","2","0.235761530494671","23.5761530494671"
"福建省2018","福建省","350921","霞浦县","Xiapu County","201802","2018","2","0.236477954032969","23.6477954032969"
"福建省2018","福建省","350922","古田县","Gutian County","201802","2018","2","0.281385051036647","28.1385051036647"
"福建省2018","福建省","350923","屏南县","Pingnan County","201802","2018","2","0.131844012597387","13.1844012597387"
"福建省2018","福建省","350924","寿宁县","Shouning County","201802","2018","2","0.205842886056841","20.5842886056841"
"福建省2018","福建省","350925","周宁县","Zhouning County","201802","2018","2","0.201768357951726","20.1768357951726"
"福建省2018","福建省","350926","柘荣县","Zherong County","201802","2018","2","0.203268876041932","20.3268876041932"
"福建省2018","福建省","350981","福安市","Fu'an City","201802","2018","2","0.239719040966512","23.9719040966512"
"福建省2018","福建省","350982","福鼎市","Fuding City","201802","2018","2","0.231939387733737","23.1939387733737"
"福建省2018","福建省","350102","鼓楼区","Gulou District","201803","2018","3","0.272647410009413","27.2647410009413"
"福建省2018","福建省","350103","台江区","Taijiang District","201803","2018","3","0.272647410009413","27.2647410009413"
"福建省2018","福建省","350104","仓山区","Cangshan District","201803","2018","3","0.217166993687551","21.7166993687551"
"福建省2018","福建省","350105","马尾区","Mawei District","201803","2018","3","0.248557217120398","24.8557217120398"
"福建省2018","福建省","350111","晋安区","Jin'an District","201803","2018","3","0.259887655780141","25.9887655780141"
"福建省2018","福建省","350121","闽侯县","Minhou County","201803","2018","3","0.231189975333056","23.1189975333056"
"福建省2018","福建省","350122","连江县","Lianjiang County","201803","2018","3","0.267322829302613","26.7322829302613"
"福建省2018","福建省","350123","罗源县","Luoyuan County","201803","2018","3","0.26605384048485","26.605384048485"
"福建省2018","福建省","350124","闽清县","Minqing County","201803","2018","3","0.26626567495515","26.626567495515"
"福建省2018","福建省","350125","永泰县","Yongtai County","201803","2018","3","0.267798950754548","26.7798950754548"
"福建省2018","福建省","350128","平潭县","Pingtan County","201803","2018","3","0.266159936129902","26.6159936129902"
"福建省2018","福建省","350181","福清市","Fuqing City","201803","2018","3","0.225872862158473","22.5872862158473"
"福建省2018","福建省","350182","长乐市","Changle City","201803","2018","3","0.273571480659631","27.3571480659631"
"福建省2018","福建省","350203","思明区","Siming District","201803","2018","3","0.223434007046771","22.3434007046771"
"福建省2018","福建省","350205","海沧区","Haicang District","201803","2018","3","0.215291258016436","21.5291258016436"
"福建省2018","福建省","350206","湖里区","Huli District","201803","2018","3","0.266294714033265","26.6294714033265"
"福建省2018","福建省","350211","集美区","Jimei District","201803","2018","3","0.220985759043544","22.0985759043544"
"福建省2018","福建省","350212","同安区","Tong'an District","201803","2018","3","0.217344633079418","21.7344633079418"
"福建省2018","福建省","350213","翔安区","Xiang'an District","201803","2018","3","0.213289978644984","21.3289978644984"
"福建省2018","福建省","350302","城厢区","Chengxiang District","201803","2018","3","0.207081144342196","20.7081144342196"
"福建省2018","福建省","350303","涵江区","Hanjiang District","201803","2018","3","0.222695686330106","22.2695686330106"
"福建省2018","福建省","350304","荔城区","Licheng District","201803","2018","3","0.230779084027117","23.0779084027117"
"福建省2018","福建省","350305","秀屿区","Xiuyu District","201803","2018","3","0.182949286090707","18.2949286090707"
"福建省2018","福建省","350322","仙游县","Xianyou County","201803","2018","3","0.194806028459177","19.4806028459177"
"福建省2018","福建省","350402","梅列区","Melie district","201803","2018","3","0.250447173299063","25.0447173299063"
"福建省2018","福建省","350403","三元区","Sanyuan District","201803","2018","3","0.27876492229126","27.876492229126"
"福建省2018","福建省","350421","明溪县","Mingxi County","201803","2018","3","0.257809270308925","25.7809270308925"
"福建省2018","福建省","350423","清流县","Qingliu County","201803","2018","3","0.21309678044198","21.309678044198"
"福建省2018","福建省","350424","宁化县","Ninghua County","201803","2018","3","0.250000403715868","25.0000403715868"
"福建省2018","福建省","350425","大田县","Datian County","201803","2018","3","0.223726244301615","22.3726244301615"
"福建省2018","福建省","350426","尤溪县","Youxi County","201803","2018","3","0.219228503141357","21.9228503141357"
"福建省2018","福建省","350427","沙县","Sha County","201803","2018","3","0.250008991240327","25.0008991240327"
"福建省2018","福建省","350428","将乐县","Jiangle County","201803","2018","3","0.269229133148539","26.9229133148539"
"福建省2018","福建省","350429","泰宁县","Taining County","201803","2018","3","0.21066094499814","21.066094499814"
"福建省2018","福建省","350430","建宁县","Jianning County","201803","2018","3","0.259586239358746","25.9586239358746"
"福建省2018","福建省","350481","永安市","Yong'an City","201803","2018","3","0.248170532690177","24.8170532690177"
"福建省2018","福建省","350502","鲤城区","Licheng District","201803","2018","3","0.226920640125353","22.6920640125353"
"福建省2018","福建省","350503","丰泽区","Fengze District","201803","2018","3","0.281549225755204","28.1549225755204"
"福建省2018","福建省","350504","洛江区","Luojiang District","201803","2018","3","0.276225044980114","27.6225044980114"
"福建省2018","福建省","350505","泉港区","Quangang District","201803","2018","3","0.223110109143111","22.3110109143111"
"福建省2018","福建省","350521","惠安县","Hui'an County","201803","2018","3","0.226809577438542","22.6809577438542"
"福建省2018","福建省","350524","安溪县","Anxi County","201803","2018","3","0.226809577438542","22.6809577438542"
"福建省2018","福建省","350525","永春县","Yongchun County","201803","2018","3","0.222812523260291","22.2812523260291"
"福建省2018","福建省","350526","德化县","Dehua County","201803","2018","3","0.223110109143111","22.3110109143111"
"福建省2018","福建省","350527","金门县","Kinmen County","201803","2018","3","0.287945883032058","28.7945883032058"
"福建省2018","福建省","350581","石狮市","Shishi City","201803","2018","3","0.187015511943752","18.7015511943752"
"福建省2018","福建省","350582","晋江市","Jinjiang City","201803","2018","3","0.308896644106423","30.8896644106423"
"福建省2018","福建省","350583","南安市","Nan'an City","201803","2018","3","0.222812523260291","22.2812523260291"
"福建省2018","福建省","350602","芗城区","Xiangcheng District","201803","2018","3","0.222175168789322","22.2175168789322"
"福建省2018","福建省","350603","龙文区","Longwen District","201803","2018","3","0.176521513943402","17.6521513943402"
"福建省2018","福建省","350622","云霄县","Yunxiao County","201803","2018","3","0.190197858448831","19.0197858448831"
"福建省2018","福建省","350623","漳浦县","Zhangpu County","201803","2018","3","0.15176942765431","15.176942765431"
"福建省2018","福建省","350624","诏安县","Zhao'an County","201803","2018","3","0.156671200741324","15.6671200741324"
"福建省2018","福建省","350625","长泰县","Changtai County","201803","2018","3","0.151053921390575","15.1053921390575"
"福建省2018","福建省","350626","东山县","Dongshan County","201803","2018","3","0.242346140998578","24.2346140998578"
"福建省2018","福建省","350627","南靖县","Nanjing County","201803","2018","3","0.160117237999572","16.0117237999572"
"福建省2018","福建省","350628","平和县","Pinghe County","201803","2018","3","0.170295925620721","17.0295925620721"
"福建省2018","福建省","350629","华安县","Hua'an County","201803","2018","3","0.151225209573368","15.1225209573368"
"福建省2018","福建省","350681","龙海市","Longhai  City","201803","2018","3","0.155850645442813","15.5850645442813"
"福建省2018","福建省","350702","延平区","Yanping District","201803","2018","3","0.102438062265594","10.2438062265594"
"福建省2018","福建省","350721","顺昌县","Shunchang County","201803","2018","3","0.128682375400117","12.8682375400117"
"福建省2018","福建省","350722","浦城县","Pucheng County","201803","2018","3","0.114943348937427","11.4943348937427"
"福建省2018","福建省","350723","光泽县","Guangze County","201803","2018","3","0.102653584179637","10.2653584179637"
"福建省2018","福建省","350724","松溪县","Songxi County","201803","2018","3","0.118073962074428","11.8073962074428"
"福建省2018","福建省","350725","政和县","Zhenghe County","201803","2018","3","0.132918373181103","13.2918373181103"
"福建省2018","福建省","350781","邵武市","Shaowu City","201803","2018","3","0.11888248823432","11.888248823432"
"福建省2018","福建省","350782","武夷山市","Wuyishan City","201803","2018","3","0.13878411744455","13.878411744455"
"福建省2018","福建省","350783","建瓯市","Jian'ou City","201803","2018","3","0.163942317873657","16.3942317873657"
"福建省2018","福建省","350784","建阳市","Jianyang City","201803","2018","3","0.120689729179268","12.0689729179268"
"福建省2018","福建省","350802","新罗区","Xinluo District","201803","2018","3","0.167363946455784","16.7363946455784"
"福建省2018","福建省","350821","长汀县","Changting County","201803","2018","3","0.16801578010573","16.801578010573"
"福建省2018","福建省","350822","永定县","Yongding County","201803","2018","3","0.146906800176545","14.6906800176545"
"福建省2018","福建省","350823","上杭县","Shanghang County","201803","2018","3","0.164954567044889","16.4954567044889"
"福建省2018","福建省","350824","武平县","Wuping County","201803","2018","3","0.123930861976539","12.3930861976539"
"福建省2018","福建省","350825","连城县","Liancheng County","201803","2018","3","0.175857652989387","17.5857652989387"
"福建省2018","福建省","350881","漳平市","Zhangping City","201803","2018","3","0.133806929712066","13.3806929712066"
"福建省2018","福建省","350902","蕉城区","Jiaocheng District","201803","2018","3","0.246452575582092","24.6452575582092"
"福建省2018","福建省","350921","霞浦县","Xiapu County","201803","2018","3","0.236477954032969","23.6477954032969"
"福建省2018","福建省","350922","古田县","Gutian County","201803","2018","3","0.270172597734842","27.0172597734842"
"福建省2018","福建省","350923","屏南县","Pingnan County","201803","2018","3","0.131844012597387","13.1844012597387"
"福建省2018","福建省","350924","寿宁县","Shouning County","201803","2018","3","0.225560701700121","22.5560701700121"
"福建省2018","福建省","350925","周宁县","Zhouning County","201803","2018","3","0.212746527405577","21.2746527405577"
"福建省2018","福建省","350926","柘荣县","Zherong County","201803","2018","3","0.220424469565711","22.0424469565711"
"福建省2018","福建省","350981","福安市","Fu'an City","201803","2018","3","0.227439194698572","22.7439194698572"
"福建省2018","福建省","350982","福鼎市","Fuding City","201803","2018","3","0.23993844753833","23.993844753833"
"福建省2018","福建省","350102","鼓楼区","Gulou District","201804","2018","4","0.272647410009413","27.2647410009413"
"福建省2018","福建省","350103","台江区","Taijiang District","201804","2018","4","0.272647410009413","27.2647410009413"
"福建省2018","福建省","350104","仓山区","Cangshan District","201804","2018","4","0.22966361945296","22.966361945296"
"福建省2018","福建省","350105","马尾区","Mawei District","201804","2018","4","0.199223266851964","19.9223266851964"
"福建省2018","福建省","350111","晋安区","Jin'an District","201804","2018","4","0.185498305877423","18.5498305877423"
"福建省2018","福建省","350121","闽侯县","Minhou County","201804","2018","4","0.218886255160065","21.8886255160065"
"福建省2018","福建省","350122","连江县","Lianjiang County","201804","2018","4","0.267322829302613","26.7322829302613"
"福建省2018","福建省","350123","罗源县","Luoyuan County","201804","2018","4","0.26626567495515","26.626567495515"
"福建省2018","福建省","350124","闽清县","Minqing County","201804","2018","4","0.268456989766913","26.8456989766913"
"福建省2018","福建省","350125","永泰县","Yongtai County","201804","2018","4","0.268894736120231","26.8894736120231"
"福建省2018","福建省","350128","平潭县","Pingtan County","201804","2018","4","0.266159936129902","26.6159936129902"
"福建省2018","福建省","350181","福清市","Fuqing City","201804","2018","4","0.270985697425706","27.0985697425706"
"福建省2018","福建省","350182","长乐市","Changle City","201804","2018","4","0.273571480659631","27.3571480659631"
"福建省2018","福建省","350203","思明区","Siming District","201804","2018","4","0.226075100102295","22.6075100102295"
"福建省2018","福建省","350205","海沧区","Haicang District","201804","2018","4","0.207741421504494","20.7741421504494"
"福建省2018","福建省","350206","湖里区","Huli District","201804","2018","4","0.259235788191037","25.9235788191037"
"福建省2018","福建省","350211","集美区","Jimei District","201804","2018","4","0.220985759043544","22.0985759043544"
"福建省2018","福建省","350212","同安区","Tong'an District","201804","2018","4","0.226014029796441","22.6014029796441"
"福建省2018","福建省","350213","翔安区","Xiang'an District","201804","2018","4","0.213289978644984","21.3289978644984"
"福建省2018","福建省","350302","城厢区","Chengxiang District","201804","2018","4","0.204010564073518","20.4010564073518"
"福建省2018","福建省","350303","涵江区","Hanjiang District","201804","2018","4","0.227959384772337","22.7959384772337"
"福建省2018","福建省","350304","荔城区","Licheng District","201804","2018","4","0.241203548029221","24.1203548029221"
"福建省2018","福建省","350305","秀屿区","Xiuyu District","201804","2018","4","0.175051429188647","17.5051429188647"
"福建省2018","福建省","350322","仙游县","Xianyou County","201804","2018","4","0.200905049403109","20.0905049403109"
"福建省2018","福建省","350402","梅列区","Melie district","201804","2018","4","0.259540107786424","25.9540107786424"
"福建省2018","福建省","350403","三元区","Sanyuan District","201804","2018","4","0.277654129396452","27.7654129396452"
"福建省2018","福建省","350421","明溪县","Mingxi County","201804","2018","4","0.252322129286799","25.2322129286799"
"福建省2018","福建省","350423","清流县","Qingliu County","201804","2018","4","0.213105049672165","21.3105049672165"
"福建省2018","福建省","350424","宁化县","Ninghua County","201804","2018","4","0.217129092819883","21.7129092819883"
"福建省2018","福建省","350425","大田县","Datian County","201804","2018","4","0.222693237207022","22.2693237207022"
"福建省2018","福建省","350426","尤溪县","Youxi County","201804","2018","4","0.210488379051881","21.0488379051881"
"福建省2018","福建省","350427","沙县","Sha County","201804","2018","4","0.250008991240327","25.0008991240327"
"福建省2018","福建省","350428","将乐县","Jiangle County","201804","2018","4","0.218259058587606","21.8259058587606"
"福建省2018","福建省","350429","泰宁县","Taining County","201804","2018","4","0.210995626381562","21.0995626381562"
"福建省2018","福建省","350430","建宁县","Jianning County","201804","2018","4","0.276860425476223","27.6860425476223"
"福建省2018","福建省","350481","永安市","Yong'an City","201804","2018","4","0.23376907622179","23.376907622179"
"福建省2018","福建省","350502","鲤城区","Licheng District","201804","2018","4","0.226920640125353","22.6920640125353"
"福建省2018","福建省","350503","丰泽区","Fengze District","201804","2018","4","0.280128876544529","28.0128876544529"
"福建省2018","福建省","350504","洛江区","Luojiang District","201804","2018","4","0.264044922050837","26.4044922050837"
"福建省2018","福建省","350505","泉港区","Quangang District","201804","2018","4","0.223110109143111","22.3110109143111"
"福建省2018","福建省","350521","惠安县","Hui'an County","201804","2018","4","0.226809577438542","22.6809577438542"
"福建省2018","福建省","350524","安溪县","Anxi County","201804","2018","4","0.223110109143111","22.3110109143111"
"福建省2018","福建省","350525","永春县","Yongchun County","201804","2018","4","0.222812523260291","22.2812523260291"
"福建省2018","福建省","350526","德化县","Dehua County","201804","2018","4","0.217937857471162","21.7937857471162"
"福建省2018","福建省","350527","金门县","Kinmen County","201804","2018","4","0.25798019892009","25.798019892009"
"福建省2018","福建省","350581","石狮市","Shishi City","201804","2018","4","0.185457608239612","18.5457608239612"
"福建省2018","福建省","350582","晋江市","Jinjiang City","201804","2018","4","0.310602086837646","31.0602086837646"
"福建省2018","福建省","350583","南安市","Nan'an City","201804","2018","4","0.222812523260291","22.2812523260291"
"福建省2018","福建省","350602","芗城区","Xiangcheng District","201804","2018","4","0.21621348035841","21.621348035841"
"福建省2018","福建省","350603","龙文区","Longwen District","201804","2018","4","0.176521513943402","17.6521513943402"
"福建省2018","福建省","350622","云霄县","Yunxiao County","201804","2018","4","0.198360884750655","19.8360884750655"
"福建省2018","福建省","350623","漳浦县","Zhangpu County","201804","2018","4","0.152392400177406","15.2392400177406"
"福建省2018","福建省","350624","诏安县","Zhao'an County","201804","2018","4","0.149687124503435","14.9687124503435"
"福建省2018","福建省","350625","长泰县","Changtai County","201804","2018","4","0.151038927620568","15.1038927620568"
"福建省2018","福建省","350626","东山县","Dongshan County","201804","2018","4","0.240396820644746","24.0396820644746"
"福建省2018","福建省","350627","南靖县","Nanjing County","201804","2018","4","0.162348106607765","16.2348106607765"
"福建省2018","福建省","350628","平和县","Pinghe County","201804","2018","4","0.169987187513763","16.9987187513763"
"福建省2018","福建省","350629","华安县","Hua'an County","201804","2018","4","0.149918566634794","14.9918566634794"
"福建省2018","福建省","350681","龙海市","Longhai  City","201804","2018","4","0.15192336283692","15.192336283692"
"福建省2018","福建省","350702","延平区","Yanping District","201804","2018","4","0.179783667921833","17.9783667921833"
"福建省2018","福建省","350721","顺昌县","Shunchang County","201804","2018","4","0.128315560971479","12.8315560971479"
"福建省2018","福建省","350722","浦城县","Pucheng County","201804","2018","4","0.121649414848943","12.1649414848943"
"福建省2018","福建省","350723","光泽县","Guangze County","201804","2018","4","0.13610935949529","13.610935949529"
"福建省2018","福建省","350724","松溪县","Songxi County","201804","2018","4","0.123058375178645","12.3058375178645"
"福建省2018","福建省","350725","政和县","Zhenghe County","201804","2018","4","0.131632520270499","13.1632520270499"
"福建省2018","福建省","350781","邵武市","Shaowu City","201804","2018","4","0.114943348937427","11.4943348937427"
"福建省2018","福建省","350782","武夷山市","Wuyishan City","201804","2018","4","0.137465305024349","13.7465305024349"
"福建省2018","福建省","350783","建瓯市","Jian'ou City","201804","2018","4","0.163942317873657","16.3942317873657"
"福建省2018","福建省","350784","建阳市","Jianyang City","201804","2018","4","0.11510354268438","11.510354268438"
"福建省2018","福建省","350802","新罗区","Xinluo District","201804","2018","4","0.135010057298933","13.5010057298933"
"福建省2018","福建省","350821","长汀县","Changting County","201804","2018","4","0.164326986134389","16.4326986134389"
"福建省2018","福建省","350822","永定县","Yongding County","201804","2018","4","0.149280103178878","14.9280103178878"
"福建省2018","福建省","350823","上杭县","Shanghang County","201804","2018","4","0.162831546076164","16.2831546076164"
"福建省2018","福建省","350824","武平县","Wuping County","201804","2018","4","0.124101048512582","12.4101048512582"
"福建省2018","福建省","350825","连城县","Liancheng County","201804","2018","4","0.175857652989387","17.5857652989387"
"福建省2018","福建省","350881","漳平市","Zhangping City","201804","2018","4","0.132061251649413","13.2061251649413"
"福建省2018","福建省","350902","蕉城区","Jiaocheng District","201804","2018","4","0.236176764178391","23.6176764178391"
"福建省2018","福建省","350921","霞浦县","Xiapu County","201804","2018","4","0.236532730918047","23.6532730918047"
"福建省2018","福建省","350922","古田县","Gutian County","201804","2018","4","0.275672613622735","27.5672613622735"
"福建省2018","福建省","350923","屏南县","Pingnan County","201804","2018","4","0.131978845537223","13.1978845537223"
"福建省2018","福建省","350924","寿宁县","Shouning County","201804","2018","4","0.250477073697992","25.0477073697992"
"福建省2018","福建省","350925","周宁县","Zhouning County","201804","2018","4","0.210687719325359","21.0687719325359"
"福建省2018","福建省","350926","柘荣县","Zherong County","201804","2018","4","0.191520296855379","19.1520296855379"
"福建省2018","福建省","350981","福安市","Fu'an City","201804","2018","4","0.259836055416875","25.9836055416875"
"福建省2018","福建省","350982","福鼎市","Fuding City","201804","2018","4","0.228630432572553","22.8630432572553"
"福建省2018","福建省","350102","鼓楼区","Gulou District","201805","2018","5","0.272647410009413","27.2647410009413"
"福建省2018","福建省","350103","台江区","Taijiang District","201805","2018","5","0.272647410009413","27.2647410009413"
"福建省2018","福建省","350104","仓山区","Cangshan District","201805","2018","5","0.216807065239057","21.6807065239057"
"福建省2018","福建省","350105","马尾区","Mawei District","201805","2018","5","0.210227921691546","21.0227921691546"
"福建省2018","福建省","350111","晋安区","Jin'an District","201805","2018","5","0.259591090823909","25.9591090823909"
"福建省2018","福建省","350121","闽侯县","Minhou County","201805","2018","5","0.217615365749407","21.7615365749407"
"福建省2018","福建省","350122","连江县","Lianjiang County","201805","2018","5","0.267098752885995","26.7098752885995"
"福建省2018","福建省","350123","罗源县","Luoyuan County","201805","2018","5","0.26626567495515","26.626567495515"
"福建省2018","福建省","350124","闽清县","Minqing County","201805","2018","5","0.271283283308526","27.1283283308526"
"福建省2018","福建省","350125","永泰县","Yongtai County","201805","2018","5","0.267039742778809","26.7039742778809"
"福建省2018","福建省","350128","平潭县","Pingtan County","201805","2018","5","0.266159936129902","26.6159936129902"
"福建省2018","福建省","350181","福清市","Fuqing City","201805","2018","5","0.270985697425706","27.0985697425706"
"福建省2018","福建省","350182","长乐市","Changle City","201805","2018","5","0.27176298855218","27.176298855218"
"福建省2018","福建省","350203","思明区","Siming District","201805","2018","5","0.186598175866734","18.6598175866734"
"福建省2018","福建省","350205","海沧区","Haicang District","201805","2018","5","0.215291258016436","21.5291258016436"
"福建省2018","福建省","350206","湖里区","Huli District","201805","2018","5","0.2607750152678","26.07750152678"
"福建省2018","福建省","350211","集美区","Jimei District","201805","2018","5","0.223144388610804","22.3144388610804"
"福建省2018","福建省","350212","同安区","Tong'an District","201805","2018","5","0.237329948917127","23.7329948917127"
"福建省2018","福建省","350213","翔安区","Xiang'an District","201805","2018","5","0.213289978644984","21.3289978644984"
"福建省2018","福建省","350302","城厢区","Chengxiang District","201805","2018","5","0.271383285498657","27.1383285498657"
"福建省2018","福建省","350303","涵江区","Hanjiang District","201805","2018","5","0.223948050463689","22.3948050463689"
"福建省2018","福建省","350304","荔城区","Licheng District","201805","2018","5","0.236324418782068","23.6324418782068"
"福建省2018","福建省","350305","秀屿区","Xiuyu District","201805","2018","5","0.199460279591744","19.9460279591744"
"福建省2018","福建省","350322","仙游县","Xianyou County","201805","2018","5","0.201148073960375","20.1148073960375"
"福建省2018","福建省","350402","梅列区","Melie district","201805","2018","5","0.247341229344159","24.7341229344159"
"福建省2018","福建省","350403","三元区","Sanyuan District","201805","2018","5","0.302182144772574","30.2182144772574"
"福建省2018","福建省","350421","明溪县","Mingxi County","201805","2018","5","0.246790693076027","24.6790693076027"
"福建省2018","福建省","350423","清流县","Qingliu County","201805","2018","5","0.213105049672165","21.3105049672165"
"福建省2018","福建省","350424","宁化县","Ninghua County","201805","2018","5","0.250267153579705","25.0267153579705"
"福建省2018","福建省","350425","大田县","Datian County","201805","2018","5","0.22216076299231","22.216076299231"
"福建省2018","福建省","350426","尤溪县","Youxi County","201805","2018","5","0.208457687271567","20.8457687271567"
"福建省2018","福建省","350427","沙县","Sha County","201805","2018","5","0.249993155412272","24.9993155412272"
"福建省2018","福建省","350428","将乐县","Jiangle County","201805","2018","5","0.222010684031962","22.2010684031962"
"福建省2018","福建省","350429","泰宁县","Taining County","201805","2018","5","0.210995626381562","21.0995626381562"
"福建省2018","福建省","350430","建宁县","Jianning County","201805","2018","5","0.278669108376784","27.8669108376784"
"福建省2018","福建省","350481","永安市","Yong'an City","201805","2018","5","0.254932127651913","25.4932127651913"
"福建省2018","福建省","350502","鲤城区","Licheng District","201805","2018","5","0.226920640125353","22.6920640125353"
"福建省2018","福建省","350503","丰泽区","Fengze District","201805","2018","5","0.281824841994967","28.1824841994967"
"福建省2018","福建省","350504","洛江区","Luojiang District","201805","2018","5","0.26284973072349","26.284973072349"
"福建省2018","福建省","350505","泉港区","Quangang District","201805","2018","5","0.220222977366108","22.0222977366108"
"福建省2018","福建省","350521","惠安县","Hui'an County","201805","2018","5","0.226809577438542","22.6809577438542"
"福建省2018","福建省","350524","安溪县","Anxi County","201805","2018","5","0.223110109143111","22.3110109143111"
"福建省2018","福建省","350525","永春县","Yongchun County","201805","2018","5","0.222812523260291","22.2812523260291"
"福建省2018","福建省","350526","德化县","Dehua County","201805","2018","5","0.217937857471162","21.7937857471162"
"福建省2018","福建省","350527","金门县","Kinmen County","201805","2018","5","0.25798019892009","25.798019892009"
"福建省2018","福建省","350581","石狮市","Shishi City","201805","2018","5","0.185457608239612","18.5457608239612"
"福建省2018","福建省","350582","晋江市","Jinjiang City","201805","2018","5","0.293086066785286","29.3086066785286"
"福建省2018","福建省","350583","南安市","Nan'an City","201805","2018","5","0.222812523260291","22.2812523260291"
"福建省2018","福建省","350602","芗城区","Xiangcheng District","201805","2018","5","0.217511270680176","21.7511270680176"
"福建省2018","福建省","350603","龙文区","Longwen District","201805","2018","5","0.176521513943402","17.6521513943402"
"福建省2018","福建省","350622","云霄县","Yunxiao County","201805","2018","5","0.246063592461816","24.6063592461816"
"福建省2018","福建省","350623","漳浦县","Zhangpu County","201805","2018","5","0.157273237389794","15.7273237389794"
"福建省2018","福建省","350624","诏安县","Zhao'an County","201805","2018","5","0.15176942765431","15.176942765431"
"福建省2018","福建省","350625","长泰县","Changtai County","201805","2018","5","0.15589732095895","15.589732095895"
"福建省2018","福建省","350626","东山县","Dongshan County","201805","2018","5","0.233228091533682","23.3228091533682"
"福建省2018","福建省","350627","南靖县","Nanjing County","201805","2018","5","0.162355250342062","16.2355250342062"
"福建省2018","福建省","350628","平和县","Pinghe County","201805","2018","5","0.169987187513763","16.9987187513763"
"福建省2018","福建省","350629","华安县","Hua'an County","201805","2018","5","0.224330869498902","22.4330869498902"
"福建省2018","福建省","350681","龙海市","Longhai  City","201805","2018","5","0.143488537992064","14.3488537992064"
"福建省2018","福建省","350702","延平区","Yanping District","201805","2018","5","0.0990712435904284","9.90712435904284"
"福建省2018","福建省","350721","顺昌县","Shunchang County","201805","2018","5","0.128315560971479","12.8315560971479"
"福建省2018","福建省","350722","浦城县","Pucheng County","201805","2018","5","0.11944275770284","11.944275770284"
"福建省2018","福建省","350723","光泽县","Guangze County","201805","2018","5","0.138118298109343","13.8118298109343"
"福建省2018","福建省","350724","松溪县","Songxi County","201805","2018","5","0.145959100533585","14.5959100533585"
"福建省2018","福建省","350725","政和县","Zhenghe County","201805","2018","5","0.142592642347323","14.2592642347323"
"福建省2018","福建省","350781","邵武市","Shaowu City","201805","2018","5","0.114943348937427","11.4943348937427"
"福建省2018","福建省","350782","武夷山市","Wuyishan City","201805","2018","5","0.137465305024349","13.7465305024349"
"福建省2018","福建省","350783","建瓯市","Jian'ou City","201805","2018","5","0.164620240646723","16.4620240646723"
"福建省2018","福建省","350784","建阳市","Jianyang City","201805","2018","5","0.147289702683743","14.7289702683743"
"福建省2018","福建省","350802","新罗区","Xinluo District","201805","2018","5","0.171076469402795","17.1076469402795"
"福建省2018","福建省","350821","长汀县","Changting County","201805","2018","5","0.158906553904855","15.8906553904855"
"福建省2018","福建省","350822","永定县","Yongding County","201805","2018","5","0.149280103178878","14.9280103178878"
"福建省2018","福建省","350823","上杭县","Shanghang County","201805","2018","5","0.162831546076164","16.2831546076164"
"福建省2018","福建省","350824","武平县","Wuping County","201805","2018","5","0.121305669875564","12.1305669875564"
"福建省2018","福建省","350825","连城县","Liancheng County","201805","2018","5","0.173769217858059","17.3769217858059"
"福建省2018","福建省","350881","漳平市","Zhangping City","201805","2018","5","0.133806929712066","13.3806929712066"
"福建省2018","福建省","350902","蕉城区","Jiaocheng District","201805","2018","5","0.227918766937414","22.7918766937414"
"福建省2018","福建省","350921","霞浦县","Xiapu County","201805","2018","5","0.236532730918047","23.6532730918047"
"福建省2018","福建省","350922","古田县","Gutian County","201805","2018","5","0.27991645134941","27.991645134941"
"福建省2018","福建省","350923","屏南县","Pingnan County","201805","2018","5","0.221575196925892","22.1575196925892"
"福建省2018","福建省","350924","寿宁县","Shouning County","201805","2018","5","0.207887346128346","20.7887346128346"
"福建省2018","福建省","350925","周宁县","Zhouning County","201805","2018","5","0.207060369907893","20.7060369907893"
"福建省2018","福建省","350926","柘荣县","Zherong County","201805","2018","5","0.186288394818599","18.6288394818599"
"福建省2018","福建省","350981","福安市","Fu'an City","201805","2018","5","0.233940404764663","23.3940404764663"
"福建省2018","福建省","350982","福鼎市","Fuding City","201805","2018","5","0.223783928947057","22.3783928947057"
"福建省2018","福建省","350102","鼓楼区","Gulou District","201806","2018","6","0.272647410009413","27.2647410009413"
"福建省2018","福建省","350103","台江区","Taijiang District","201806","2018","6","0.272647410009413","27.2647410009413"
"福建省2018","福建省","350104","仓山区","Cangshan District","201806","2018","6","0.231307158075751","23.1307158075751"
"福建省2018","福建省","350105","马尾区","Mawei District","201806","2018","6","0.211498810184929","21.1498810184929"
"福建省2018","福建省","350111","晋安区","Jin'an District","201806","2018","6","0.259887655780141","25.9887655780141"
"福建省2018","福建省","350121","闽侯县","Minhou County","201806","2018","6","0.217615365749407","21.7615365749407"
"福建省2018","福建省","350122","连江县","Lianjiang County","201806","2018","6","0.268053308239039","26.8053308239039"
"福建省2018","福建省","350123","罗源县","Luoyuan County","201806","2018","6","0.267798950754548","26.7798950754548"
"福建省2018","福建省","350124","闽清县","Minqing County","201806","2018","6","0.268456989766913","26.8456989766913"
"福建省2018","福建省","350125","永泰县","Yongtai County","201806","2018","6","0.267867871096113","26.7867871096113"
"福建省2018","福建省","350128","平潭县","Pingtan County","201806","2018","6","0.265323360631148","26.5323360631148"
"福建省2018","福建省","350181","福清市","Fuqing City","201806","2018","6","0.270985697425706","27.0985697425706"
"福建省2018","福建省","350182","长乐市","Changle City","201806","2018","6","0.27275384229423","27.275384229423"
"福建省2018","福建省","350203","思明区","Siming District","201806","2018","6","0.205867819414012","20.5867819414012"
"福建省2018","福建省","350205","海沧区","Haicang District","201806","2018","6","0.21015646600309","21.015646600309"
"福建省2018","福建省","350206","湖里区","Huli District","201806","2018","6","0.260548394331545","26.0548394331545"
"福建省2018","福建省","350211","集美区","Jimei District","201806","2018","6","0.224302662388816","22.4302662388816"
"福建省2018","福建省","350212","同安区","Tong'an District","201806","2018","6","0.232692335310583","23.2692335310583"
"福建省2018","福建省","350213","翔安区","Xiang'an District","201806","2018","6","0.216952846768077","21.6952846768077"
"福建省2018","福建省","350302","城厢区","Chengxiang District","201806","2018","6","0.269299708253415","26.9299708253415"
"福建省2018","福建省","350303","涵江区","Hanjiang District","201806","2018","6","0.223948050463689","22.3948050463689"
"福建省2018","福建省","350304","荔城区","Licheng District","201806","2018","6","0.253350215203361","25.3350215203361"
"福建省2018","福建省","350305","秀屿区","Xiuyu District","201806","2018","6","0.181178643483547","18.1178643483547"
"福建省2018","福建省","350322","仙游县","Xianyou County","201806","2018","6","0.206309189919129","20.6309189919129"
"福建省2018","福建省","350402","梅列区","Melie district","201806","2018","6","0.240614100974127","24.0614100974127"
"福建省2018","福建省","350403","三元区","Sanyuan District","201806","2018","6","0.302982561308056","30.2982561308056"
"福建省2018","福建省","350421","明溪县","Mingxi County","201806","2018","6","0.272988513232051","27.2988513232051"
"福建省2018","福建省","350423","清流县","Qingliu County","201806","2018","6","0.212330941488425","21.2330941488425"
"福建省2018","福建省","350424","宁化县","Ninghua County","201806","2018","6","0.246465167927292","24.6465167927292"
"福建省2018","福建省","350425","大田县","Datian County","201806","2018","6","0.223979856959161","22.3979856959161"
"福建省2018","福建省","350426","尤溪县","Youxi County","201806","2018","6","0.204545998333245","20.4545998333245"
"福建省2018","福建省","350427","沙县","Sha County","201806","2018","6","0.249993155412272","24.9993155412272"
"福建省2018","福建省","350428","将乐县","Jiangle County","201806","2018","6","0.273381891014758","27.3381891014758"
"福建省2018","福建省","350429","泰宁县","Taining County","201806","2018","6","0.210995626381562","21.0995626381562"
"福建省2018","福建省","350430","建宁县","Jianning County","201806","2018","6","0.24280682105052","24.280682105052"
"福建省2018","福建省","350481","永安市","Yong'an City","201806","2018","6","0.263279552741859","26.3279552741859"
"福建省2018","福建省","350502","鲤城区","Licheng District","201806","2018","6","0.226920640125353","22.6920640125353"
"福建省2018","福建省","350503","丰泽区","Fengze District","201806","2018","6","0.277150414491113","27.7150414491113"
"福建省2018","福建省","350504","洛江区","Luojiang District","201806","2018","6","0.243327978848949","24.3327978848949"
"福建省2018","福建省","350505","泉港区","Quangang District","201806","2018","6","0.223110109143111","22.3110109143111"
"福建省2018","福建省","350521","惠安县","Hui'an County","201806","2018","6","0.226809577438542","22.6809577438542"
"福建省2018","福建省","350524","安溪县","Anxi County","201806","2018","6","0.223110109143111","22.3110109143111"
"福建省2018","福建省","350525","永春县","Yongchun County","201806","2018","6","0.222812523260291","22.2812523260291"
"福建省2018","福建省","350526","德化县","Dehua County","201806","2018","6","0.218085045182087","21.8085045182087"
"福建省2018","福建省","350527","金门县","Kinmen County","201806","2018","6","0.276584217594367","27.6584217594367"
"福建省2018","福建省","350581","石狮市","Shishi City","201806","2018","6","0.185457608239612","18.5457608239612"
"福建省2018","福建省","350582","晋江市","Jinjiang City","201806","2018","6","0.29417142916011","29.417142916011"
"福建省2018","福建省","350583","南安市","Nan'an City","201806","2018","6","0.223110109143111","22.3110109143111"
"福建省2018","福建省","350602","芗城区","Xiangcheng District","201806","2018","6","0.221970050603371","22.1970050603371"
"福建省2018","福建省","350603","龙文区","Longwen District","201806","2018","6","0.176521513943402","17.6521513943402"
"福建省2018","福建省","350622","云霄县","Yunxiao County","201806","2018","6","0.24117229648486","24.117229648486"
"福建省2018","福建省","350623","漳浦县","Zhangpu County","201806","2018","6","0.156091816188186","15.6091816188186"
"福建省2018","福建省","350624","诏安县","Zhao'an County","201806","2018","6","0.1575575787452","15.75575787452"
"福建省2018","福建省","350625","长泰县","Changtai County","201806","2018","6","0.151053921390575","15.1053921390575"
"福建省2018","福建省","350626","东山县","Dongshan County","201806","2018","6","0.150970559478291","15.0970559478291"
"福建省2018","福建省","350627","南靖县","Nanjing County","201806","2018","6","0.162894452765693","16.2894452765693"
"福建省2018","福建省","350628","平和县","Pinghe County","201806","2018","6","0.16948229574516","16.948229574516"
"福建省2018","福建省","350629","华安县","Hua'an County","201806","2018","6","0.239396255716897","23.9396255716897"
"福建省2018","福建省","350681","龙海市","Longhai  City","201806","2018","6","0.205607207034276","20.5607207034276"
"福建省2018","福建省","350702","延平区","Yanping District","201806","2018","6","0.101398434283206","10.1398434283206"
"福建省2018","福建省","350721","顺昌县","Shunchang County","201806","2018","6","0.131593453546861","13.1593453546861"
"福建省2018","福建省","350722","浦城县","Pucheng County","201806","2018","6","0.120127582966993","12.0127582966993"
"福建省2018","福建省","350723","光泽县","Guangze County","201806","2018","6","0.138269078784731","13.8269078784731"
"福建省2018","福建省","350724","松溪县","Songxi County","201806","2018","6","0.128870190118711","12.8870190118711"
"福建省2018","福建省","350725","政和县","Zhenghe County","201806","2018","6","0.116343957482232","11.6343957482232"
"福建省2018","福建省","350781","邵武市","Shaowu City","201806","2018","6","0.11731665193976","11.731665193976"
"福建省2018","福建省","350782","武夷山市","Wuyishan City","201806","2018","6","0.13878411744455","13.878411744455"
"福建省2018","福建省","350783","建瓯市","Jian'ou City","201806","2018","6","0.163942317873657","16.3942317873657"
"福建省2018","福建省","350784","建阳市","Jianyang City","201806","2018","6","0.115541451395297","11.5541451395297"
"福建省2018","福建省","350802","新罗区","Xinluo District","201806","2018","6","0.131168246336819","13.1168246336819"
"福建省2018","福建省","350821","长汀县","Changting County","201806","2018","6","0.151038176372701","15.1038176372701"
"福建省2018","福建省","350822","永定县","Yongding County","201806","2018","6","0.146573172741596","14.6573172741596"
"福建省2018","福建省","350823","上杭县","Shanghang County","201806","2018","6","0.166045102848248","16.6045102848248"
"福建省2018","福建省","350824","武平县","Wuping County","201806","2018","6","0.122720589738101","12.2720589738101"
"福建省2018","福建省","350825","连城县","Liancheng County","201806","2018","6","0.164576657263137","16.4576657263137"
"福建省2018","福建省","350881","漳平市","Zhangping City","201806","2018","6","0.132493489768981","13.2493489768981"
"福建省2018","福建省","350902","蕉城区","Jiaocheng District","201806","2018","6","0.227918766937414","22.7918766937414"
"福建省2018","福建省","350921","霞浦县","Xiapu County","201806","2018","6","0.246753766353945","24.6753766353945"
"福建省2018","福建省","350922","古田县","Gutian County","201806","2018","6","0.259722271176436","25.9722271176436"
"福建省2018","福建省","350923","屏南县","Pingnan County","201806","2018","6","0.152307893506467","15.2307893506467"
"福建省2018","福建省","350924","寿宁县","Shouning County","201806","2018","6","0.210093817067712","21.0093817067712"
"福建省2018","福建省","350925","周宁县","Zhouning County","201806","2018","6","0.207473506701962","20.7473506701962"
"福建省2018","福建省","350926","柘荣县","Zherong County","201806","2018","6","0.191369359326041","19.1369359326041"
"福建省2018","福建省","350981","福安市","Fu'an City","201806","2018","6","0.232930934018082","23.2930934018082"
"福建省2018","福建省","350982","福鼎市","Fuding City","201806","2018","6","0.235472112024559","23.5472112024559"
"福建省2018","福建省","350102","鼓楼区","Gulou District","201807","2018","7","0.272647410009413","27.2647410009413"
"福建省2018","福建省","350103","台江区","Taijiang District","201807","2018","7","0.272647410009413","27.2647410009413"
"福建省2018","福建省","350104","仓山区","Cangshan District","201807","2018","7","0.260112825588038","26.0112825588038"
"福建省2018","福建省","350105","马尾区","Mawei District","201807","2018","7","0.195916166419947","19.5916166419947"
"福建省2018","福建省","350111","晋安区","Jin'an District","201807","2018","7","0.260160428468759","26.0160428468759"
"福建省2018","福建省","350121","闽侯县","Minhou County","201807","2018","7","0.217615365749407","21.7615365749407"
"福建省2018","福建省","350122","连江县","Lianjiang County","201807","2018","7","0.26826514270934","26.826514270934"
"福建省2018","福建省","350123","罗源县","Luoyuan County","201807","2018","7","0.26605384048485","26.605384048485"
"福建省2018","福建省","350124","闽清县","Minqing County","201807","2018","7","0.267620414268159","26.7620414268159"
"福建省2018","福建省","350125","永泰县","Yongtai County","201807","2018","7","0.26444691487624","26.444691487624"
"福建省2018","福建省","350128","平潭县","Pingtan County","201807","2018","7","0.267396338768816","26.7396338768816"
"福建省2018","福建省","350181","福清市","Fuqing City","201807","2018","7","0.270985697425706","27.0985697425706"
"福建省2018","福建省","350182","长乐市","Changle City","201807","2018","7","0.273344548767299","27.3344548767299"
"福建省2018","福建省","350203","思明区","Siming District","201807","2018","7","0.228868707482132","22.8868707482132"
"福建省2018","福建省","350205","海沧区","Haicang District","201807","2018","7","0.210851242778976","21.0851242778976"
"福建省2018","福建省","350206","湖里区","Huli District","201807","2018","7","0.267182112046455","26.7182112046455"
"福建省2018","福建省","350211","集美区","Jimei District","201807","2018","7","0.223067593467117","22.3067593467117"
"福建省2018","福建省","350212","同安区","Tong'an District","201807","2018","7","0.236953286628781","23.6953286628781"
"福建省2018","福建省","350213","翔安区","Xiang'an District","201807","2018","7","0.216952846768077","21.6952846768077"
"福建省2018","福建省","350302","城厢区","Chengxiang District","201807","2018","7","0.2690585714472","26.90585714472"
"福建省2018","福建省","350303","涵江区","Hanjiang District","201807","2018","7","0.223643683170025","22.3643683170025"
"福建省2018","福建省","350304","荔城区","Licheng District","201807","2018","7","0.238014495329812","23.8014495329812"
"福建省2018","福建省","350305","秀屿区","Xiuyu District","201807","2018","7","0.177761886546624","17.7761886546624"
"福建省2018","福建省","350322","仙游县","Xianyou County","201807","2018","7","0.201537218520974","20.1537218520974"
"福建省2018","福建省","350402","梅列区","Melie district","201807","2018","7","0.246876614184341","24.6876614184341"
"福建省2018","福建省","350403","三元区","Sanyuan District","201807","2018","7","0.278862856027252","27.8862856027252"
"福建省2018","福建省","350421","明溪县","Mingxi County","201807","2018","7","0.263716257988548","26.3716257988548"
"福建省2018","福建省","350423","清流县","Qingliu County","201807","2018","7","0.218302000796272","21.8302000796272"
"福建省2018","福建省","350424","宁化县","Ninghua County","201807","2018","7","0.250267153579705","25.0267153579705"
"福建省2018","福建省","350425","大田县","Datian County","201807","2018","7","0.223950838061086","22.3950838061086"
"福建省2018","福建省","350426","尤溪县","Youxi County","201807","2018","7","0.206872644164932","20.6872644164932"
"福建省2018","福建省","350427","沙县","Sha County","201807","2018","7","0.258671477210793","25.8671477210793"
"福建省2018","福建省","350428","将乐县","Jiangle County","201807","2018","7","0.25371906414698","25.371906414698"
"福建省2018","福建省","350429","泰宁县","Taining County","201807","2018","7","0.209886836814399","20.9886836814399"
"福建省2018","福建省","350430","建宁县","Jianning County","201807","2018","7","0.251523004273903","25.1523004273903"
"福建省2018","福建省","350481","永安市","Yong'an City","201807","2018","7","0.245840359020521","24.5840359020521"
"福建省2018","福建省","350502","鲤城区","Licheng District","201807","2018","7","0.226920640125353","22.6920640125353"
"福建省2018","福建省","350503","丰泽区","Fengze District","201807","2018","7","0.301028949943818","30.1028949943818"
"福建省2018","福建省","350504","洛江区","Luojiang District","201807","2018","7","0.233700224675818","23.3700224675818"
"福建省2018","福建省","350505","泉港区","Quangang District","201807","2018","7","0.223110109143111","22.3110109143111"
"福建省2018","福建省","350521","惠安县","Hui'an County","201807","2018","7","0.226809577438542","22.6809577438542"
"福建省2018","福建省","350524","安溪县","Anxi County","201807","2018","7","0.223110109143111","22.3110109143111"
"福建省2018","福建省","350525","永春县","Yongchun County","201807","2018","7","0.217787460216541","21.7787460216541"
"福建省2018","福建省","350526","德化县","Dehua County","201807","2018","7","0.218085045182087","21.8085045182087"
"福建省2018","福建省","350527","金门县","Kinmen County","201807","2018","7","0.273361320215408","27.3361320215408"
"福建省2018","福建省","350581","石狮市","Shishi City","201807","2018","7","0.187015511943752","18.7015511943752"
"福建省2018","福建省","350582","晋江市","Jinjiang City","201807","2018","7","0.296437002851393","29.6437002851393"
"福建省2018","福建省","350583","南安市","Nan'an City","201807","2018","7","0.223110109143111","22.3110109143111"
"福建省2018","福建省","350602","芗城区","Xiangcheng District","201807","2018","7","0.216861929265218","21.6861929265218"
"福建省2018","福建省","350603","龙文区","Longwen District","201807","2018","7","0.176521513943402","17.6521513943402"
"福建省2018","福建省","350622","云霄县","Yunxiao County","201807","2018","7","0.248911842804643","24.8911842804643"
"福建省2018","福建省","350623","漳浦县","Zhangpu County","201807","2018","7","0.154800104644949","15.4800104644949"
"福建省2018","福建省","350624","诏安县","Zhao'an County","201807","2018","7","0.155975957072685","15.5975957072685"
"福建省2018","福建省","350625","长泰县","Changtai County","201807","2018","7","0.165474575498291","16.5474575498291"
"福建省2018","福建省","350626","东山县","Dongshan County","201807","2018","7","0.173178334350999","17.3178334350999"
"福建省2018","福建省","350627","南靖县","Nanjing County","201807","2018","7","0.164142554324383","16.4142554324383"
"福建省2018","福建省","350628","平和县","Pinghe County","201807","2018","7","0.165225294211231","16.5225294211231"
"福建省2018","福建省","350629","华安县","Hua'an County","201807","2018","7","0.230583636666885","23.0583636666885"
"福建省2018","福建省","350681","龙海市","Longhai  City","201807","2018","7","0.176936707267041","17.6936707267041"
"福建省2018","福建省","350702","延平区","Yanping District","201807","2018","7","0.0735906110624135","7.35906110624135"
"福建省2018","福建省","350721","顺昌县","Shunchang County","201807","2018","7","0.13284042502329","13.284042502329"
"福建省2018","福建省","350722","浦城县","Pucheng County","201807","2018","7","0.118879481408303","11.8879481408303"
"福建省2018","福建省","350723","光泽县","Guangze County","201807","2018","7","0.13716847130667","13.716847130667"
"福建省2018","福建省","350724","松溪县","Songxi County","201807","2018","7","0.112127458206632","11.2127458206632"
"福建省2018","福建省","350725","政和县","Zhenghe County","201807","2018","7","0.13439272417985","13.439272417985"
"福建省2018","福建省","350781","邵武市","Shaowu City","201807","2018","7","0.122500885969325","12.2500885969325"
"福建省2018","福建省","350782","武夷山市","Wuyishan City","201807","2018","7","0.137465305024349","13.7465305024349"
"福建省2018","福建省","350783","建瓯市","Jian'ou City","201807","2018","7","0.160536852586604","16.0536852586604"
"福建省2018","福建省","350784","建阳市","Jianyang City","201807","2018","7","0.149509320919422","14.9509320919422"
"福建省2018","福建省","350802","新罗区","Xinluo District","201807","2018","7","0.171076469402795","17.1076469402795"
"福建省2018","福建省","350821","长汀县","Changting County","201807","2018","7","0.15236694122191","15.236694122191"
"福建省2018","福建省","350822","永定县","Yongding County","201807","2018","7","0.147269114456177","14.7269114456177"
"福建省2018","福建省","350823","上杭县","Shanghang County","201807","2018","7","0.164954567044889","16.4954567044889"
"福建省2018","福建省","350824","武平县","Wuping County","201807","2018","7","0.0606526734974591","6.06526734974591"
"福建省2018","福建省","350825","连城县","Liancheng County","201807","2018","7","0.171845151907495","17.1845151907495"
"福建省2018","福建省","350881","漳平市","Zhangping City","201807","2018","7","0.137342781909148","13.7342781909148"
"福建省2018","福建省","350902","蕉城区","Jiaocheng District","201807","2018","7","0.223475708182953","22.3475708182953"
"福建省2018","福建省","350921","霞浦县","Xiapu County","201807","2018","7","0.236532730918047","23.6532730918047"
"福建省2018","福建省","350922","古田县","Gutian County","201807","2018","7","0.276916733292546","27.6916733292546"
"福建省2018","福建省","350923","屏南县","Pingnan County","201807","2018","7","0.245982571434217","24.5982571434217"
"福建省2018","福建省","350924","寿宁县","Shouning County","201807","2018","7","0.207779971802552","20.7779971802552"
"福建省2018","福建省","350925","周宁县","Zhouning County","201807","2018","7","0.207463660676803","20.7463660676803"
"福建省2018","福建省","350926","柘荣县","Zherong County","201807","2018","7","0.232565638596121","23.2565638596121"
"福建省2018","福建省","350981","福安市","Fu'an City","201807","2018","7","0.255762388632575","25.5762388632575"
"福建省2018","福建省","350982","福鼎市","Fuding City","201807","2018","7","0.227394427113526","22.7394427113526"
"福建省2018","福建省","350102","鼓楼区","Gulou District","201808","2018","8","0.272647410009413","27.2647410009413"
"福建省2018","福建省","350103","台江区","Taijiang District","201808","2018","8","0.272647410009413","27.2647410009413"
"福建省2018","福建省","350104","仓山区","Cangshan District","201808","2018","8","0.247436434188325","24.7436434188325"
"福建省2018","福建省","350105","马尾区","Mawei District","201808","2018","8","0.203340932545227","20.3340932545227"
"福建省2018","福建省","350111","晋安区","Jin'an District","201808","2018","8","0.259671474345687","25.9671474345687"
"福建省2018","福建省","350121","闽侯县","Minhou County","201808","2018","8","0.229171193445668","22.9171193445668"
"福建省2018","福建省","350122","连江县","Lianjiang County","201808","2018","8","0.268053308239039","26.8053308239039"
"福建省2018","福建省","350123","罗源县","Luoyuan County","201808","2018","8","0.26605384048485","26.605384048485"
"福建省2018","福建省","350124","闽清县","Minqing County","201808","2018","8","0.265025775665602","26.5025775665602"
"福建省2018","福建省","350125","永泰县","Yongtai County","201808","2018","8","0.26444691487624","26.444691487624"
"福建省2018","福建省","350128","平潭县","Pingtan County","201808","2018","8","0.26626567495515","26.626567495515"
"福建省2018","福建省","350181","福清市","Fuqing City","201808","2018","8","0.271257883058603","27.1257883058603"
"福建省2018","福建省","350182","长乐市","Changle City","201808","2018","8","0.27275384229423","27.275384229423"
"福建省2018","福建省","350203","思明区","Siming District","201808","2018","8","0.2835669940542","28.35669940542"
"福建省2018","福建省","350205","海沧区","Haicang District","201808","2018","8","0.216265356821319","21.6265356821319"
"福建省2018","福建省","350206","湖里区","Huli District","201808","2018","8","0.265521625858839","26.5521625858839"
"福建省2018","福建省","350211","集美区","Jimei District","201808","2018","8","0.244904040003063","24.4904040003063"
"福建省2018","福建省","350212","同安区","Tong'an District","201808","2018","8","0.234815534230574","23.4815534230574"
"福建省2018","福建省","350213","翔安区","Xiang'an District","201808","2018","8","0.216952846768077","21.6952846768077"
"福建省2018","福建省","350302","城厢区","Chengxiang District","201808","2018","8","0.269412635759412","26.9412635759412"
"福建省2018","福建省","350303","涵江区","Hanjiang District","201808","2018","8","0.222189817664092","22.2189817664092"
"福建省2018","福建省","350304","荔城区","Licheng District","201808","2018","8","0.238358367804355","23.8358367804355"
"福建省2018","福建省","350305","秀屿区","Xiuyu District","201808","2018","8","0.182025985033847","18.2025985033847"
"福建省2018","福建省","350322","仙游县","Xianyou County","201808","2018","8","0.201265031970802","20.1265031970802"
"福建省2018","福建省","350402","梅列区","Melie district","201808","2018","8","0.241833113921875","24.1833113921875"
"福建省2018","福建省","350403","三元区","Sanyuan District","201808","2018","8","0.302933234868431","30.2933234868431"
"福建省2018","福建省","350421","明溪县","Mingxi County","201808","2018","8","0.242703824876216","24.2703824876216"
"福建省2018","福建省","350423","清流县","Qingliu County","201808","2018","8","0.211908234768841","21.1908234768841"
"福建省2018","福建省","350424","宁化县","Ninghua County","201808","2018","8","0.237312899534824","23.7312899534824"
"福建省2018","福建省","350425","大田县","Datian County","201808","2018","8","0.208633676486495","20.8633676486495"
"福建省2018","福建省","350426","尤溪县","Youxi County","201808","2018","8","0.213716852542908","21.3716852542908"
"福建省2018","福建省","350427","沙县","Sha County","201808","2018","8","0.256429906760273","25.6429906760273"
"福建省2018","福建省","350428","将乐县","Jiangle County","201808","2018","8","0.275145285318321","27.5145285318321"
"福建省2018","福建省","350429","泰宁县","Taining County","201808","2018","8","0.210960597500551","21.0960597500551"
"福建省2018","福建省","350430","建宁县","Jianning County","201808","2018","8","0.242873337215455","24.2873337215455"
"福建省2018","福建省","350481","永安市","Yong'an City","201808","2018","8","0.255382738780977","25.5382738780977"
"福建省2018","福建省","350502","鲤城区","Licheng District","201808","2018","8","0.226920640125353","22.6920640125353"
"福建省2018","福建省","350503","丰泽区","Fengze District","201808","2018","8","0.275877252991363","27.5877252991363"
"福建省2018","福建省","350504","洛江区","Luojiang District","201808","2018","8","0.255547537246237","25.5547537246237"
"福建省2018","福建省","350505","泉港区","Quangang District","201808","2018","8","0.223110109143111","22.3110109143111"
"福建省2018","福建省","350521","惠安县","Hui'an County","201808","2018","8","0.226809577438542","22.6809577438542"
"福建省2018","福建省","350524","安溪县","Anxi County","201808","2018","8","0.223110109143111","22.3110109143111"
"福建省2018","福建省","350525","永春县","Yongchun County","201808","2018","8","0.217787460216541","21.7787460216541"
"福建省2018","福建省","350526","德化县","Dehua County","201808","2018","8","0.218085045182087","21.8085045182087"
"福建省2018","福建省","350527","金门县","Kinmen County","201808","2018","8","0.264022986346938","26.4022986346938"
"福建省2018","福建省","350581","石狮市","Shishi City","201808","2018","8","0.187015511943752","18.7015511943752"
"福建省2018","福建省","350582","晋江市","Jinjiang City","201808","2018","8","0.296437002851393","29.6437002851393"
"福建省2018","福建省","350583","南安市","Nan'an City","201808","2018","8","0.223110109143111","22.3110109143111"
"福建省2018","福建省","350602","芗城区","Xiangcheng District","201808","2018","8","0.248819763114913","24.8819763114913"
"福建省2018","福建省","350603","龙文区","Longwen District","201808","2018","8","0.176521513943402","17.6521513943402"
"福建省2018","福建省","350622","云霄县","Yunxiao County","201808","2018","8","0.248852342872841","24.8852342872841"
"福建省2018","福建省","350623","漳浦县","Zhangpu County","201808","2018","8","0.155975957072685","15.5975957072685"
"福建省2018","福建省","350624","诏安县","Zhao'an County","201808","2018","8","0.150083660462463","15.0083660462463"
"福建省2018","福建省","350625","长泰县","Changtai County","201808","2018","8","0.156107763006464","15.6107763006464"
"福建省2018","福建省","350626","东山县","Dongshan County","201808","2018","8","0.157662864436814","15.7662864436814"
"福建省2018","福建省","350627","南靖县","Nanjing County","201808","2018","8","0.160117237999572","16.0117237999572"
"福建省2018","福建省","350628","平和县","Pinghe County","201808","2018","8","0.171412007520659","17.1412007520659"
"福建省2018","福建省","350629","华安县","Hua'an County","201808","2018","8","0.231952801956946","23.1952801956946"
"福建省2018","福建省","350681","龙海市","Longhai  City","201808","2018","8","0.140856698402332","14.0856698402332"
"福建省2018","福建省","350702","延平区","Yanping District","201808","2018","8","0.0746590882470819","7.46590882470819"
"福建省2018","福建省","350721","顺昌县","Shunchang County","201808","2018","8","0.108114387497237","10.8114387497237"
"福建省2018","福建省","350722","浦城县","Pucheng County","201808","2018","8","0.0983856212146807","9.83856212146807"
"福建省2018","福建省","350723","光泽县","Guangze County","201808","2018","8","0.138349372413602","13.8349372413602"
"福建省2018","福建省","350724","松溪县","Songxi County","201808","2018","8","0.107343480601721","10.7343480601721"
"福建省2018","福建省","350725","政和县","Zhenghe County","201808","2018","8","0.131160666897105","13.1160666897105"
"福建省2018","福建省","350781","邵武市","Shaowu City","201808","2018","8","0.120127582966993","12.0127582966993"
"福建省2018","福建省","350782","武夷山市","Wuyishan City","201808","2018","8","0.13878411744455","13.878411744455"
"福建省2018","福建省","350783","建瓯市","Jian'ou City","201808","2018","8","0.187302362045088","18.7302362045088"
"福建省2018","福建省","350784","建阳市","Jianyang City","201808","2018","8","0.131406606552931","13.1406606552931"
"福建省2018","福建省","350802","新罗区","Xinluo District","201808","2018","8","0.171076469402795","17.1076469402795"
"福建省2018","福建省","350821","长汀县","Changting County","201808","2018","8","0.164321276100234","16.4321276100234"
"福建省2018","福建省","350822","永定县","Yongding County","201808","2018","8","0.146573172741596","14.6573172741596"
"福建省2018","福建省","350823","上杭县","Shanghang County","201808","2018","8","0.170776185815485","17.0776185815485"
"福建省2018","福建省","350824","武平县","Wuping County","201808","2018","8","0.121498075553346","12.1498075553346"
"福建省2018","福建省","350825","连城县","Liancheng County","201808","2018","8","0.17578020658076","17.578020658076"
"福建省2018","福建省","350881","漳平市","Zhangping City","201808","2018","8","0.137288158208923","13.7288158208923"
"福建省2018","福建省","350902","蕉城区","Jiaocheng District","201808","2018","8","0.236495329965016","23.6495329965016"
"福建省2018","福建省","350921","霞浦县","Xiapu County","201808","2018","8","0.236477954032969","23.6477954032969"
"福建省2018","福建省","350922","古田县","Gutian County","201808","2018","8","0.274834983258233","27.4834983258233"
"福建省2018","福建省","350923","屏南县","Pingnan County","201808","2018","8","0.14320377285581","14.320377285581"
"福建省2018","福建省","350924","寿宁县","Shouning County","201808","2018","8","0.217700924534269","21.7700924534269"
"福建省2018","福建省","350925","周宁县","Zhouning County","201808","2018","8","0.207644683894533","20.7644683894533"
"福建省2018","福建省","350926","柘荣县","Zherong County","201808","2018","8","0.222253686574638","22.2253686574638"
"福建省2018","福建省","350981","福安市","Fu'an City","201808","2018","8","0.256859577428339","25.6859577428339"
"福建省2018","福建省","350982","福鼎市","Fuding City","201808","2018","8","0.237610254264455","23.7610254264455"
"福建省2018","福建省","350102","鼓楼区","Gulou District","201809","2018","9","0.272647410009413","27.2647410009413"
"福建省2018","福建省","350103","台江区","Taijiang District","201809","2018","9","0.272647410009413","27.2647410009413"
"福建省2018","福建省","350104","仓山区","Cangshan District","201809","2018","9","0.239946606695567","23.9946606695567"
"福建省2018","福建省","350105","马尾区","Mawei District","201809","2018","9","0.206851681689344","20.6851681689344"
"福建省2018","福建省","350111","晋安区","Jin'an District","201809","2018","9","0.259671474345687","25.9671474345687"
"福建省2018","福建省","350121","闽侯县","Minhou County","201809","2018","9","0.217615365749407","21.7615365749407"
"福建省2018","福建省","350122","连江县","Lianjiang County","201809","2018","9","0.265122712324144","26.5122712324144"
"福建省2018","福建省","350123","罗源县","Luoyuan County","201809","2018","9","0.26626567495515","26.626567495515"
"福建省2018","福建省","350124","闽清县","Minqing County","201809","2018","9","0.270985697425706","27.0985697425706"
"福建省2018","福建省","350125","永泰县","Yongtai County","201809","2018","9","0.25942185183249","25.942185183249"
"福建省2018","福建省","350128","平潭县","Pingtan County","201809","2018","9","0.266159936129902","26.6159936129902"
"福建省2018","福建省","350181","福清市","Fuqing City","201809","2018","9","0.271319715619619","27.1319715619619"
"福建省2018","福建省","350182","长乐市","Changle City","201809","2018","9","0.27275384229423","27.275384229423"
"福建省2018","福建省","350203","思明区","Siming District","201809","2018","9","0.251243987697335","25.1243987697335"
"福建省2018","福建省","350205","海沧区","Haicang District","201809","2018","9","0.2220239854304","22.20239854304"
"福建省2018","福建省","350206","湖里区","Huli District","201809","2018","9","0.265466347224575","26.5466347224575"
"福建省2018","福建省","350211","集美区","Jimei District","201809","2018","9","0.264675379534367","26.4675379534367"
"福建省2018","福建省","350212","同安区","Tong'an District","201809","2018","9","0.229693809710652","22.9693809710652"
"福建省2018","福建省","350213","翔安区","Xiang'an District","201809","2018","9","0.217225033318249","21.7225033318249"
"福建省2018","福建省","350302","城厢区","Chengxiang District","201809","2018","9","0.263853423557598","26.3853423557598"
"福建省2018","福建省","350303","涵江区","Hanjiang District","201809","2018","9","0.22722096132092","22.722096132092"
"福建省2018","福建省","350304","荔城区","Licheng District","201809","2018","9","0.24515378910015","24.515378910015"
"福建省2018","福建省","350305","秀屿区","Xiuyu District","201809","2018","9","0.182133346517796","18.2133346517796"
"福建省2018","福建省","350322","仙游县","Xianyou County","201809","2018","9","0.200905049403109","20.0905049403109"
"福建省2018","福建省","350402","梅列区","Melie district","201809","2018","9","0.246870113459513","24.6870113459513"
"福建省2018","福建省","350403","三元区","Sanyuan District","201809","2018","9","0.272275822083949","27.2275822083949"
"福建省2018","福建省","350421","明溪县","Mingxi County","201809","2018","9","0.23609896737088","23.609896737088"
"福建省2018","福建省","350423","清流县","Qingliu County","201809","2018","9","0.212330941488425","21.2330941488425"
"福建省2018","福建省","350424","宁化县","Ninghua County","201809","2018","9","0.237312899534824","23.7312899534824"
"福建省2018","福建省","350425","大田县","Datian County","201809","2018","9","0.22252650237516","22.252650237516"
"福建省2018","福建省","350426","尤溪县","Youxi County","201809","2018","9","0.208666830458299","20.8666830458299"
"福建省2018","福建省","350427","沙县","Sha County","201809","2018","9","0.216072926377124","21.6072926377124"
"福建省2018","福建省","350428","将乐县","Jiangle County","201809","2018","9","0.274800646919517","27.4800646919517"
"福建省2018","福建省","350429","泰宁县","Taining County","201809","2018","9","0.209886836814399","20.9886836814399"
"福建省2018","福建省","350430","建宁县","Jianning County","201809","2018","9","0.242873337215455","24.2873337215455"
"福建省2018","福建省","350481","永安市","Yong'an City","201809","2018","9","0.247720517789579","24.7720517789579"
"福建省2018","福建省","350502","鲤城区","Licheng District","201809","2018","9","0.226920640125353","22.6920640125353"
"福建省2018","福建省","350503","丰泽区","Fengze District","201809","2018","9","0.298429985474423","29.8429985474423"
"福建省2018","福建省","350504","洛江区","Luojiang District","201809","2018","9","0.224522692707336","22.4522692707336"
"福建省2018","福建省","350505","泉港区","Quangang District","201809","2018","9","0.225359104013943","22.5359104013943"
"福建省2018","福建省","350521","惠安县","Hui'an County","201809","2018","9","0.226809577438542","22.6809577438542"
"福建省2018","福建省","350524","安溪县","Anxi County","201809","2018","9","0.223110109143111","22.3110109143111"
"福建省2018","福建省","350525","永春县","Yongchun County","201809","2018","9","0.222812523260291","22.2812523260291"
"福建省2018","福建省","350526","德化县","Dehua County","201809","2018","9","0.218085045182087","21.8085045182087"
"福建省2018","福建省","350527","金门县","Kinmen County","201809","2018","9","0.264022986346938","26.4022986346938"
"福建省2018","福建省","350581","石狮市","Shishi City","201809","2018","9","0.185376221219463","18.5376221219463"
"福建省2018","福建省","350582","晋江市","Jinjiang City","201809","2018","9","0.269810803549888","26.9810803549888"
"福建省2018","福建省","350583","南安市","Nan'an City","201809","2018","9","0.223110109143111","22.3110109143111"
"福建省2018","福建省","350602","芗城区","Xiangcheng District","201809","2018","9","0.255542789433099","25.5542789433099"
"福建省2018","福建省","350603","龙文区","Longwen District","201809","2018","9","0.176521513943402","17.6521513943402"
"福建省2018","福建省","350622","云霄县","Yunxiao County","201809","2018","9","0.248852342872841","24.8852342872841"
"福建省2018","福建省","350623","漳浦县","Zhangpu County","201809","2018","9","0.1575575787452","15.75575787452"
"福建省2018","福建省","350624","诏安县","Zhao'an County","201809","2018","9","0.152766070316127","15.2766070316127"
"福建省2018","福建省","350625","长泰县","Changtai County","201809","2018","9","0.165502357910254","16.5502357910254"
"福建省2018","福建省","350626","东山县","Dongshan County","201809","2018","9","0.166226747060857","16.6226747060857"
"福建省2018","福建省","350627","南靖县","Nanjing County","201809","2018","9","0.162894452765693","16.2894452765693"
"福建省2018","福建省","350628","平和县","Pinghe County","201809","2018","9","0.170986598510212","17.0986598510212"
"福建省2018","福建省","350629","华安县","Hua'an County","201809","2018","9","0.213935980263259","21.3935980263259"
"福建省2018","福建省","350681","龙海市","Longhai  City","201809","2018","9","0.140856698402332","14.0856698402332"
"福建省2018","福建省","350702","延平区","Yanping District","201809","2018","9","0.075107974899968","7.5107974899968"
"福建省2018","福建省","350721","顺昌县","Shunchang County","201809","2018","9","0.105384373845577","10.5384373845577"
"福建省2018","福建省","350722","浦城县","Pucheng County","201809","2018","9","0.0896159434560596","8.96159434560596"
"福建省2018","福建省","350723","光泽县","Guangze County","201809","2018","9","0.13706401850036","13.706401850036"
"福建省2018","福建省","350724","松溪县","Songxi County","201809","2018","9","0.123058375178645","12.3058375178645"
"福建省2018","福建省","350725","政和县","Zhenghe County","201809","2018","9","0.104207905926609","10.4207905926609"
"福建省2018","福建省","350781","邵武市","Shaowu City","201809","2018","9","0.114943348937427","11.4943348937427"
"福建省2018","福建省","350782","武夷山市","Wuyishan City","201809","2018","9","0.139056890133168","13.9056890133168"
"福建省2018","福建省","350783","建瓯市","Jian'ou City","201809","2018","9","0.187523190392478","18.7523190392478"
"福建省2018","福建省","350784","建阳市","Jianyang City","201809","2018","9","0.11510354268438","11.510354268438"
"福建省2018","福建省","350802","新罗区","Xinluo District","201809","2018","9","0.164973227161324","16.4973227161324"
"福建省2018","福建省","350821","长汀县","Changting County","201809","2018","9","0.166512297384137","16.6512297384137"
"福建省2018","福建省","350822","永定县","Yongding County","201809","2018","9","0.147116716625734","14.7116716625734"
"福建省2018","福建省","350823","上杭县","Shanghang County","201809","2018","9","0.154739481051807","15.4739481051807"
"福建省2018","福建省","350824","武平县","Wuping County","201809","2018","9","0.127934229755607","12.7934229755607"
"福建省2018","福建省","350825","连城县","Liancheng County","201809","2018","9","0.146573172741596","14.6573172741596"
"福建省2018","福建省","350881","漳平市","Zhangping City","201809","2018","9","0.134970624582745","13.4970624582745"
"福建省2018","福建省","350902","蕉城区","Jiaocheng District","201809","2018","9","0.231237724977706","23.1237724977706"
"福建省2018","福建省","350921","霞浦县","Xiapu County","201809","2018","9","0.246452575582092","24.6452575582092"
"福建省2018","福建省","350922","古田县","Gutian County","201809","2018","9","0.273645570760632","27.3645570760632"
"福建省2018","福建省","350923","屏南县","Pingnan County","201809","2018","9","0.131844012597387","13.1844012597387"
"福建省2018","福建省","350924","寿宁县","Shouning County","201809","2018","9","0.21285962093827","21.285962093827"
"福建省2018","福建省","350925","周宁县","Zhouning County","201809","2018","9","0.202725303722282","20.2725303722282"
"福建省2018","福建省","350926","柘荣县","Zherong County","201809","2018","9","0.211230471601549","21.1230471601549"
"福建省2018","福建省","350981","福安市","Fu'an City","201809","2018","9","0.281469756756166","28.1469756756166"
"福建省2018","福建省","350982","福鼎市","Fuding City","201809","2018","9","0.237095716436547","23.7095716436547"
"福建省2018","福建省","350102","鼓楼区","Gulou District","201810","2018","10","0.272647410009413","27.2647410009413"
"福建省2018","福建省","350103","台江区","Taijiang District","201810","2018","10","0.272647410009413","27.2647410009413"
"福建省2018","福建省","350104","仓山区","Cangshan District","201810","2018","10","0.238190095620325","23.8190095620325"
"福建省2018","福建省","350105","马尾区","Mawei District","201810","2018","10","0.207932121051588","20.7932121051588"
"福建省2018","福建省","350111","晋安区","Jin'an District","201810","2018","10","0.260160428468759","26.0160428468759"
"福建省2018","福建省","350121","闽侯县","Minhou County","201810","2018","10","0.265558970858121","26.5558970858121"
"福建省2018","福建省","350122","连江县","Lianjiang County","201810","2018","10","0.202297241953799","20.2297241953799"
"福建省2018","福建省","350123","罗源县","Luoyuan County","201810","2018","10","0.26605384048485","26.605384048485"
"福建省2018","福建省","350124","闽清县","Minqing County","201810","2018","10","0.265323360631148","26.5323360631148"
"福建省2018","福建省","350125","永泰县","Yongtai County","201810","2018","10","0.26414932899342","26.414932899342"
"福建省2018","福建省","350128","平潭县","Pingtan County","201810","2018","10","0.266159936129902","26.6159936129902"
"福建省2018","福建省","350181","福清市","Fuqing City","201810","2018","10","0.270985697425706","27.0985697425706"
"福建省2018","福建省","350182","长乐市","Changle City","201810","2018","10","0.272040941090254","27.2040941090254"
"福建省2018","福建省","350203","思明区","Siming District","201810","2018","10","0.236145515385853","23.6145515385853"
"福建省2018","福建省","350205","海沧区","Haicang District","201810","2018","10","0.241352462050873","24.1352462050873"
"福建省2018","福建省","350206","湖里区","Huli District","201810","2018","10","0.266295734959853","26.6295734959853"
"福建省2018","福建省","350211","集美区","Jimei District","201810","2018","10","0.219043061412057","21.9043061412057"
"福建省2018","福建省","350212","同安区","Tong'an District","201810","2018","10","0.237329948917127","23.7329948917127"
"福建省2018","福建省","350213","翔安区","Xiang'an District","201810","2018","10","0.215062288857299","21.5062288857299"
"福建省2018","福建省","350302","城厢区","Chengxiang District","201810","2018","10","0.269995926067639","26.9995926067639"
"福建省2018","福建省","350303","涵江区","Hanjiang District","201810","2018","10","0.223080871933691","22.3080871933691"
"福建省2018","福建省","350304","荔城区","Licheng District","201810","2018","10","0.240096623281245","24.0096623281245"
"福建省2018","福建省","350305","秀屿区","Xiuyu District","201810","2018","10","0.175050381661097","17.5050381661097"
"福建省2018","福建省","350322","仙游县","Xianyou County","201810","2018","10","0.201265031970802","20.1265031970802"
"福建省2018","福建省","350402","梅列区","Melie district","201810","2018","10","0.215405456864978","21.5405456864978"
"福建省2018","福建省","350403","三元区","Sanyuan District","201810","2018","10","0.279516011469842","27.9516011469842"
"福建省2018","福建省","350421","明溪县","Mingxi County","201810","2018","10","0.274371557803524","27.4371557803524"
"福建省2018","福建省","350423","清流县","Qingliu County","201810","2018","10","0.212323693184828","21.2323693184828"
"福建省2018","福建省","350424","宁化县","Ninghua County","201810","2018","10","0.250008991240327","25.0008991240327"
"福建省2018","福建省","350425","大田县","Datian County","201810","2018","10","0.220624313422924","22.0624313422924"
"福建省2018","福建省","350426","尤溪县","Youxi County","201810","2018","10","0.204162689473416","20.4162689473416"
"福建省2018","福建省","350427","沙县","Sha County","201810","2018","10","0.221951667503855","22.1951667503855"
"福建省2018","福建省","350428","将乐县","Jiangle County","201810","2018","10","0.274666366178968","27.4666366178968"
"福建省2018","福建省","350429","泰宁县","Taining County","201810","2018","10","0.208981592307312","20.8981592307312"
"福建省2018","福建省","350430","建宁县","Jianning County","201810","2018","10","0.242100249958303","24.2100249958303"
"福建省2018","福建省","350481","永安市","Yong'an City","201810","2018","10","0.205734979711801","20.5734979711801"
"福建省2018","福建省","350502","鲤城区","Licheng District","201810","2018","10","0.226920640125353","22.6920640125353"
"福建省2018","福建省","350503","丰泽区","Fengze District","201810","2018","10","0.290551969221161","29.0551969221161"
"福建省2018","福建省","350504","洛江区","Luojiang District","201810","2018","10","0.226627767199237","22.6627767199237"
"福建省2018","福建省","350505","泉港区","Quangang District","201810","2018","10","0.224266147523013","22.4266147523013"
"福建省2018","福建省","350521","惠安县","Hui'an County","201810","2018","10","0.226809577438542","22.6809577438542"
"福建省2018","福建省","350524","安溪县","Anxi County","201810","2018","10","0.223110109143111","22.3110109143111"
"福建省2018","福建省","350525","永春县","Yongchun County","201810","2018","10","0.222812523260291","22.2812523260291"
"福建省2018","福建省","350526","德化县","Dehua County","201810","2018","10","0.218085045182087","21.8085045182087"
"福建省2018","福建省","350527","金门县","Kinmen County","201810","2018","10","0.264022986346938","26.4022986346938"
"福建省2018","福建省","350581","石狮市","Shishi City","201810","2018","10","0.187015511943752","18.7015511943752"
"福建省2018","福建省","350582","晋江市","Jinjiang City","201810","2018","10","0.294194081255442","29.4194081255442"
"福建省2018","福建省","350583","南安市","Nan'an City","201810","2018","10","0.223110109143111","22.3110109143111"
"福建省2018","福建省","350602","芗城区","Xiangcheng District","201810","2018","10","0.253408973060042","25.3408973060042"
"福建省2018","福建省","350603","龙文区","Longwen District","201810","2018","10","0.176521513943402","17.6521513943402"
"福建省2018","福建省","350622","云霄县","Yunxiao County","201810","2018","10","0.248911842804643","24.8911842804643"
"福建省2018","福建省","350623","漳浦县","Zhangpu County","201810","2018","10","0.157282861434509","15.7282861434509"
"福建省2018","福建省","350624","诏安县","Zhao'an County","201810","2018","10","0.157494773873147","15.7494773873147"
"福建省2018","福建省","350625","长泰县","Changtai County","201810","2018","10","0.15171027995594","15.171027995594"
"福建省2018","福建省","350626","东山县","Dongshan County","201810","2018","10","0.170637295770256","17.0637295770256"
"福建省2018","福建省","350627","南靖县","Nanjing County","201810","2018","10","0.16325830990114","16.325830990114"
"福建省2018","福建省","350628","平和县","Pinghe County","201810","2018","10","0.151135202006875","15.1135202006875"
"福建省2018","福建省","350629","华安县","Hua'an County","201810","2018","10","0.211912745925142","21.1912745925142"
"福建省2018","福建省","350681","龙海市","Longhai  City","201810","2018","10","0.140856698402332","14.0856698402332"
"福建省2018","福建省","350702","延平区","Yanping District","201810","2018","10","0.177201947296947","17.7201947296947"
"福建省2018","福建省","350721","顺昌县","Shunchang County","201810","2018","10","0.106708405558041","10.6708405558041"
"福建省2018","福建省","350722","浦城县","Pucheng County","201810","2018","10","0.0896159434560596","8.96159434560596"
"福建省2018","福建省","350723","光泽县","Guangze County","201810","2018","10","0.137146341140564","13.7146341140564"
"福建省2018","福建省","350724","松溪县","Songxi County","201810","2018","10","0.121923936780152","12.1923936780152"
"福建省2018","福建省","350725","政和县","Zhenghe County","201810","2018","10","0.105953017113582","10.5953017113582"
"福建省2018","福建省","350781","邵武市","Shaowu City","201810","2018","10","0.11731665193976","11.731665193976"
"福建省2018","福建省","350782","武夷山市","Wuyishan City","201810","2018","10","0.137483072632634","13.7483072632634"
"福建省2018","福建省","350783","建瓯市","Jian'ou City","201810","2018","10","0.167246248204784","16.7246248204784"
"福建省2018","福建省","350784","建阳市","Jianyang City","201810","2018","10","0.149509320919422","14.9509320919422"
"福建省2018","福建省","350802","新罗区","Xinluo District","201810","2018","10","0.138473123759442","13.8473123759442"
"福建省2018","福建省","350821","长汀县","Changting County","201810","2018","10","0.161614718076425","16.1614718076425"
"福建省2018","福建省","350822","永定县","Yongding County","201810","2018","10","0.149280103178878","14.9280103178878"
"福建省2018","福建省","350823","上杭县","Shanghang County","201810","2018","10","0.141491705567694","14.1491705567694"
"福建省2018","福建省","350824","武平县","Wuping County","201810","2018","10","0.140861183874945","14.0861183874945"
"福建省2018","福建省","350825","连城县","Liancheng County","201810","2018","10","0.146573172741596","14.6573172741596"
"福建省2018","福建省","350881","漳平市","Zhangping City","201810","2018","10","0.132061251649413","13.2061251649413"
"福建省2018","福建省","350902","蕉城区","Jiaocheng District","201810","2018","10","0.222709573866989","22.2709573866989"
"福建省2018","福建省","350921","霞浦县","Xiapu County","201810","2018","10","0.246452575582092","24.6452575582092"
"福建省2018","福建省","350922","古田县","Gutian County","201810","2018","10","0.271065170093843","27.1065170093843"
"福建省2018","福建省","350923","屏南县","Pingnan County","201810","2018","10","0.131844012597387","13.1844012597387"
"福建省2018","福建省","350924","寿宁县","Shouning County","201810","2018","10","0.207779971802552","20.7779971802552"
"福建省2018","福建省","350925","周宁县","Zhouning County","201810","2018","10","0.215001166266795","21.5001166266795"
"福建省2018","福建省","350926","柘荣县","Zherong County","201810","2018","10","0.204820842227826","20.4820842227826"
"福建省2018","福建省","350981","福安市","Fu'an City","201810","2018","10","0.27063305764089","27.063305764089"
"福建省2018","福建省","350982","福鼎市","Fuding City","201810","2018","10","0.237271411206341","23.7271411206341"
"福建省2018","福建省","350102","鼓楼区","Gulou District","201811","2018","11","0.272647410009413","27.2647410009413"
"福建省2018","福建省","350103","台江区","Taijiang District","201811","2018","11","0.272647410009413","27.2647410009413"
"福建省2018","福建省","350104","仓山区","Cangshan District","201811","2018","11","0.250079265479146","25.0079265479146"
"福建省2018","福建省","350105","马尾区","Mawei District","201811","2018","11","0.206824254262636","20.6824254262636"
"福建省2018","福建省","350111","晋安区","Jin'an District","201811","2018","11","0.260889708527332","26.0889708527332"
"福建省2018","福建省","350121","闽侯县","Minhou County","201811","2018","11","0.218886255160065","21.8886255160065"
"福建省2018","福建省","350122","连江县","Lianjiang County","201811","2018","11","0.265756254602029","26.5756254602029"
"福建省2018","福建省","350123","罗源县","Luoyuan County","201811","2018","11","0.26605384048485","26.605384048485"
"福建省2018","福建省","350124","闽清县","Minqing County","201811","2018","11","0.265323360631148","26.5323360631148"
"福建省2018","福建省","350125","永泰县","Yongtai County","201811","2018","11","0.25912426594967","25.912426594967"
"福建省2018","福建省","350128","平潭县","Pingtan County","201811","2018","11","0.271283283308526","27.1283283308526"
"福建省2018","福建省","350181","福清市","Fuqing City","201811","2018","11","0.271319715619619","27.1319715619619"
"福建省2018","福建省","350182","长乐市","Changle City","201811","2018","11","0.272680987762066","27.2680987762066"
"福建省2018","福建省","350203","思明区","Siming District","201811","2018","11","0.23729302127777","23.729302127777"
"福建省2018","福建省","350205","海沧区","Haicang District","201811","2018","11","0.220263323687761","22.0263323687761"
"福建省2018","福建省","350206","湖里区","Huli District","201811","2018","11","0.237748072932994","23.7748072932994"
"福建省2018","福建省","350211","集美区","Jimei District","201811","2018","11","0.206686780489333","20.6686780489333"
"福建省2018","福建省","350212","同安区","Tong'an District","201811","2018","11","0.229669190061381","22.9669190061381"
"福建省2018","福建省","350213","翔安区","Xiang'an District","201811","2018","11","0.217114883319628","21.7114883319628"
"福建省2018","福建省","350302","城厢区","Chengxiang District","201811","2018","11","0.261240455974724","26.1240455974724"
"福建省2018","福建省","350303","涵江区","Hanjiang District","201811","2018","11","0.230919897597104","23.0919897597104"
"福建省2018","福建省","350304","荔城区","Licheng District","201811","2018","11","0.236581627155901","23.6581627155901"
"福建省2018","福建省","350305","秀屿区","Xiuyu District","201811","2018","11","0.205748650771888","20.5748650771888"
"福建省2018","福建省","350322","仙游县","Xianyou County","201811","2018","11","0.200905049403109","20.0905049403109"
"福建省2018","福建省","350402","梅列区","Melie district","201811","2018","11","0.240940011378178","24.0940011378178"
"福建省2018","福建省","350403","三元区","Sanyuan District","201811","2018","11","0.297212599771749","29.7212599771749"
"福建省2018","福建省","350421","明溪县","Mingxi County","201811","2018","11","0.273917245471598","27.3917245471598"
"福建省2018","福建省","350423","清流县","Qingliu County","201811","2018","11","0.21309678044198","21.309678044198"
"福建省2018","福建省","350424","宁化县","Ninghua County","201811","2018","11","0.250267153579705","25.0267153579705"
"福建省2018","福建省","350425","大田县","Datian County","201811","2018","11","0.223260360551077","22.3260360551077"
"福建省2018","福建省","350426","尤溪县","Youxi County","201811","2018","11","0.206310245702151","20.6310245702151"
"福建省2018","福建省","350427","沙县","Sha County","201811","2018","11","0.221951667503855","22.1951667503855"
"福建省2018","福建省","350428","将乐县","Jiangle County","201811","2018","11","0.256133428945125","25.6133428945125"
"福建省2018","福建省","350429","泰宁县","Taining County","201811","2018","11","0.206536608884255","20.6536608884255"
"福建省2018","福建省","350430","建宁县","Jianning County","201811","2018","11","0.242100249958303","24.2100249958303"
"福建省2018","福建省","350481","永安市","Yong'an City","201811","2018","11","0.268001684026635","26.8001684026635"
"福建省2018","福建省","350502","鲤城区","Licheng District","201811","2018","11","0.226920640125353","22.6920640125353"
"福建省2018","福建省","350503","丰泽区","Fengze District","201811","2018","11","0.292233077575502","29.2233077575502"
"福建省2018","福建省","350504","洛江区","Luojiang District","201811","2018","11","0.25793565790186","25.793565790186"
"福建省2018","福建省","350505","泉港区","Quangang District","201811","2018","11","0.219887211764152","21.9887211764152"
"福建省2018","福建省","350521","惠安县","Hui'an County","201811","2018","11","0.226809577438542","22.6809577438542"
"福建省2018","福建省","350524","安溪县","Anxi County","201811","2018","11","0.218085045182087","21.8085045182087"
"福建省2018","福建省","350525","永春县","Yongchun County","201811","2018","11","0.222812523260291","22.2812523260291"
"福建省2018","福建省","350526","德化县","Dehua County","201811","2018","11","0.218085045182087","21.8085045182087"
"福建省2018","福建省","350527","金门县","Kinmen County","201811","2018","11","0.305141995325107","30.5141995325107"
"福建省2018","福建省","350581","石狮市","Shishi City","201811","2018","11","0.185457608239612","18.5457608239612"
"福建省2018","福建省","350582","晋江市","Jinjiang City","201811","2018","11","0.288806666323803","28.8806666323803"
"福建省2018","福建省","350583","南安市","Nan'an City","201811","2018","11","0.223110109143111","22.3110109143111"
"福建省2018","福建省","350602","芗城区","Xiangcheng District","201811","2018","11","0.255089608100709","25.5089608100709"
"福建省2018","福建省","350603","龙文区","Longwen District","201811","2018","11","0.176521513943402","17.6521513943402"
"福建省2018","福建省","350622","云霄县","Yunxiao County","201811","2018","11","0.248911842804643","24.8911842804643"
"福建省2018","福建省","350623","漳浦县","Zhangpu County","201811","2018","11","0.152756446271413","15.2756446271413"
"福建省2018","福建省","350624","诏安县","Zhao'an County","201811","2018","11","0.152756446271413","15.2756446271413"
"福建省2018","福建省","350625","长泰县","Changtai County","201811","2018","11","0.150314608182832","15.0314608182832"
"福建省2018","福建省","350626","东山县","Dongshan County","201811","2018","11","0.171703360522824","17.1703360522824"
"福建省2018","福建省","350627","南靖县","Nanjing County","201811","2018","11","0.15355258830743","15.355258830743"
"福建省2018","福建省","350628","平和县","Pinghe County","201811","2018","11","0.150197738230763","15.0197738230763"
"福建省2018","福建省","350629","华安县","Hua'an County","201811","2018","11","0.240749695251851","24.0749695251851"
"福建省2018","福建省","350681","龙海市","Longhai  City","201811","2018","11","0.140856698402332","14.0856698402332"
"福建省2018","福建省","350702","延平区","Yanping District","201811","2018","11","0.10526306978827","10.526306978827"
"福建省2018","福建省","350721","顺昌县","Shunchang County","201811","2018","11","0.131140558404135","13.1140558404135"
"福建省2018","福建省","350722","浦城县","Pucheng County","201811","2018","11","0.0973815312006862","9.73815312006862"
"福建省2018","福建省","350723","光泽县","Guangze County","201811","2018","11","0.103896028906097","10.3896028906097"
"福建省2018","福建省","350724","松溪县","Songxi County","201811","2018","11","0.119351207280533","11.9351207280533"
"福建省2018","福建省","350725","政和县","Zhenghe County","201811","2018","11","0.129667276947528","12.9667276947528"
"福建省2018","福建省","350781","邵武市","Shaowu City","201811","2018","11","0.119061763126733","11.9061763126733"
"福建省2018","福建省","350782","武夷山市","Wuyishan City","201811","2018","11","0.137483072632634","13.7483072632634"
"福建省2018","福建省","350783","建瓯市","Jian'ou City","201811","2018","11","0.195819748021534","19.5819748021534"
"福建省2018","福建省","350784","建阳市","Jianyang City","201811","2018","11","0.117247793972866","11.7247793972866"
"福建省2018","福建省","350802","新罗区","Xinluo District","201811","2018","11","0.168001705444835","16.8001705444835"
"福建省2018","福建省","350821","长汀县","Changting County","201811","2018","11","0.149357549587505","14.9357549587505"
"福建省2018","福建省","350822","永定县","Yongding County","201811","2018","11","0.147269114456177","14.7269114456177"
"福建省2018","福建省","350823","上杭县","Shanghang County","201811","2018","11","0.169968391640693","16.9968391640693"
"福建省2018","福建省","350824","武平县","Wuping County","201811","2018","11","0.126282385211649","12.6282385211649"
"福建省2018","福建省","350825","连城县","Liancheng County","201811","2018","11","0.147116716625734","14.7116716625734"
"福建省2018","福建省","350881","漳平市","Zhangping City","201811","2018","11","0.137288158208923","13.7288158208923"
"福建省2018","福建省","350902","蕉城区","Jiaocheng District","201811","2018","11","0.256218347472342","25.6218347472342"
"福建省2018","福建省","350921","霞浦县","Xiapu County","201811","2018","11","0.246753766353945","24.6753766353945"
"福建省2018","福建省","350922","古田县","Gutian County","201811","2018","11","0.254967610583833","25.4967610583833"
"福建省2018","福建省","350923","屏南县","Pingnan County","201811","2018","11","0.136519370217648","13.6519370217648"
"福建省2018","福建省","350924","寿宁县","Shouning County","201811","2018","11","0.208717443834136","20.8717443834136"
"福建省2018","福建省","350925","周宁县","Zhouning County","201811","2018","11","0.204070760216714","20.4070760216714"
"福建省2018","福建省","350926","柘荣县","Zherong County","201811","2018","11","0.202187701942763","20.2187701942763"
"福建省2018","福建省","350981","福安市","Fu'an City","201811","2018","11","0.27063305764089","27.063305764089"
"福建省2018","福建省","350982","福鼎市","Fuding City","201811","2018","11","0.236477954032969","23.6477954032969"
"福建省2018","福建省","350102","鼓楼区","Gulou District","201812","2018","12","0.272647410009413","27.2647410009413"
"福建省2018","福建省","350103","台江区","Taijiang District","201812","2018","12","0.272647410009413","27.2647410009413"
"福建省2018","福建省","350104","仓山区","Cangshan District","201812","2018","12","0.247807288294138","24.7807288294138"
"福建省2018","福建省","350105","马尾区","Mawei District","201812","2018","12","0.256011169087723","25.6011169087723"
"福建省2018","福建省","350111","晋安区","Jin'an District","201812","2018","12","0.260889708527332","26.0889708527332"
"福建省2018","福建省","350121","闽侯县","Minhou County","201812","2018","12","0.229171193445668","22.9171193445668"
"福建省2018","福建省","350122","连江县","Lianjiang County","201812","2018","12","0.270164924733123","27.0164924733123"
"福建省2018","福建省","350123","罗源县","Luoyuan County","201812","2018","12","0.267824483092009","26.7824483092009"
"福建省2018","福建省","350124","闽清县","Minqing County","201812","2018","12","0.267620414268159","26.7620414268159"
"福建省2018","福建省","350125","永泰县","Yongtai County","201812","2018","12","0.25912426594967","25.912426594967"
"福建省2018","福建省","350128","平潭县","Pingtan County","201812","2018","12","0.267620414268159","26.7620414268159"
"福建省2018","福建省","350181","福清市","Fuqing City","201812","2018","12","0.275344016521489","27.5344016521489"
"福建省2018","福建省","350182","长乐市","Changle City","201812","2018","12","0.271322380302224","27.1322380302224"
"福建省2018","福建省","350203","思明区","Siming District","201812","2018","12","0.235634496223169","23.5634496223169"
"福建省2018","福建省","350205","海沧区","Haicang District","201812","2018","12","0.203298211399731","20.3298211399731"
"福建省2018","福建省","350206","湖里区","Huli District","201812","2018","12","0.124342454080244","12.4342454080244"
"福建省2018","福建省","350211","集美区","Jimei District","201812","2018","12","0.226643547073544","22.6643547073544"
"福建省2018","福建省","350212","同安区","Tong'an District","201812","2018","12","0.22221692954835","22.221692954835"
"福建省2018","福建省","350213","翔安区","Xiang'an District","201812","2018","12","0.215062288857299","21.5062288857299"
"福建省2018","福建省","350302","城厢区","Chengxiang District","201812","2018","12","0.279792408310258","27.9792408310258"
"福建省2018","福建省","350303","涵江区","Hanjiang District","201812","2018","12","0.228660524681867","22.8660524681867"
"福建省2018","福建省","350304","荔城区","Licheng District","201812","2018","12","0.228612549387673","22.8612549387673"
"福建省2018","福建省","350305","秀屿区","Xiuyu District","201812","2018","12","0.192004675612931","19.2004675612931"
"福建省2018","福建省","350322","仙游县","Xianyou County","201812","2018","12","0.200905049403109","20.0905049403109"
"福建省2018","福建省","350402","梅列区","Melie district","201812","2018","12","0.257723180422091","25.7723180422091"
"福建省2018","福建省","350403","三元区","Sanyuan District","201812","2018","12","0.279374813561814","27.9374813561814"
"福建省2018","福建省","350421","明溪县","Mingxi County","201812","2018","12","0.249347641784065","24.9347641784065"
"福建省2018","福建省","350423","清流县","Qingliu County","201812","2018","12","0.216004565573044","21.6004565573044"
"福建省2018","福建省","350424","宁化县","Ninghua County","201812","2018","12","0.247713269485982","24.7713269485982"
"福建省2018","福建省","350425","大田县","Datian County","201812","2018","12","0.220738031619595","22.0738031619595"
"福建省2018","福建省","350426","尤溪县","Youxi County","201812","2018","12","0.206872644164932","20.6872644164932"
"福建省2018","福建省","350427","沙县","Sha County","201812","2018","12","0.216072926377124","21.6072926377124"
"福建省2018","福建省","350428","将乐县","Jiangle County","201812","2018","12","0.226810875382048","22.6810875382048"
"福建省2018","福建省","350429","泰宁县","Taining County","201812","2018","12","0.224268796611951","22.4268796611951"
"福建省2018","福建省","350430","建宁县","Jianning County","201812","2018","12","0.242100249958303","24.2100249958303"
"福建省2018","福建省","350481","永安市","Yong'an City","201812","2018","12","0.24585864213711","24.585864213711"
"福建省2018","福建省","350502","鲤城区","Licheng District","201812","2018","12","0.226920640125353","22.6920640125353"
"福建省2018","福建省","350503","丰泽区","Fengze District","201812","2018","12","0.292233077575502","29.2233077575502"
"福建省2018","福建省","350504","洛江区","Luojiang District","201812","2018","12","0.256515308691185","25.6515308691185"
"福建省2018","福建省","350505","泉港区","Quangang District","201812","2018","12","0.219887211764152","21.9887211764152"
"福建省2018","福建省","350521","惠安县","Hui'an County","201812","2018","12","0.226809577438542","22.6809577438542"
"福建省2018","福建省","350524","安溪县","Anxi County","201812","2018","12","0.218085045182087","21.8085045182087"
"福建省2018","福建省","350525","永春县","Yongchun County","201812","2018","12","0.224710345985607","22.4710345985607"
"福建省2018","福建省","350526","德化县","Dehua County","201812","2018","12","0.218085045182087","21.8085045182087"
"福建省2018","福建省","350527","金门县","Kinmen County","201812","2018","12","0.269908884049809","26.9908884049809"
"福建省2018","福建省","350581","石狮市","Shishi City","201812","2018","12","0.187015511943752","18.7015511943752"
"福建省2018","福建省","350582","晋江市","Jinjiang City","201812","2018","12","0.269341833170445","26.9341833170445"
"福建省2018","福建省","350583","南安市","Nan'an City","201812","2018","12","0.223110109143111","22.3110109143111"
"福建省2018","福建省","350602","芗城区","Xiangcheng District","201812","2018","12","0.255088711006187","25.5088711006187"
"福建省2018","福建省","350603","龙文区","Longwen District","201812","2018","12","0.176521513943402","17.6521513943402"
"福建省2018","福建省","350622","云霄县","Yunxiao County","201812","2018","12","0.248852342872841","24.8852342872841"
"福建省2018","福建省","350623","漳浦县","Zhangpu County","201812","2018","12","0.155701478253381","15.5701478253381"
"福建省2018","福建省","350624","诏安县","Zhao'an County","201812","2018","12","0.1575575787452","15.75575787452"
"福建省2018","福建省","350625","长泰县","Changtai County","201812","2018","12","0.164328078608393","16.4328078608393"
"福建省2018","福建省","350626","东山县","Dongshan County","201812","2018","12","0.169071145767795","16.9071145767795"
"福建省2018","福建省","350627","南靖县","Nanjing County","201812","2018","12","0.164704700536659","16.4704700536659"
"福建省2018","福建省","350628","平和县","Pinghe County","201812","2018","12","0.150197738230763","15.0197738230763"
"福建省2018","福建省","350629","华安县","Hua'an County","201812","2018","12","0.231952801956946","23.1952801956946"
"福建省2018","福建省","350681","龙海市","Longhai  City","201812","2018","12","0.145307374204763","14.5307374204763"
"福建省2018","福建省","350702","延平区","Yanping District","201812","2018","12","0.107636372790603","10.7636372790603"
"福建省2018","福建省","350721","顺昌县","Shunchang County","201812","2018","12","0.10712948503255","10.712948503255"
"福建省2018","福建省","350722","浦城县","Pucheng County","201812","2018","12","0.0983856212146807","9.83856212146807"
"福建省2018","福建省","350723","光泽县","Guangze County","201812","2018","12","0.13610935949529","13.610935949529"
"福建省2018","福建省","350724","松溪县","Songxi County","201812","2018","12","0.123058375178645","12.3058375178645"
"福建省2018","福建省","350725","政和县","Zhenghe County","201812","2018","12","0.139249708584503","13.9249708584503"
"福建省2018","福建省","350781","邵武市","Shaowu City","201812","2018","12","0.114943348937427","11.4943348937427"
"福建省2018","福建省","350782","武夷山市","Wuyishan City","201812","2018","12","0.137483072632634","13.7483072632634"
"福建省2018","福建省","350783","建瓯市","Jian'ou City","201812","2018","12","0.136458079765899","13.6458079765899"
"福建省2018","福建省","350784","建阳市","Jianyang City","201812","2018","12","0.148457781209559","14.8457781209559"
"福建省2018","福建省","350802","新罗区","Xinluo District","201812","2018","12","0.189583794496291","18.9583794496291"
"福建省2018","福建省","350821","长汀县","Changting County","201812","2018","12","0.143662750446164","14.3662750446164"
"福建省2018","福建省","350822","永定县","Yongding County","201812","2018","12","0.14489581053657","14.489581053657"
"福建省2018","福建省","350823","上杭县","Shanghang County","201812","2018","12","0.170698739406858","17.0698739406858"
"福建省2018","福建省","350824","武平县","Wuping County","201812","2018","12","0.0973493275253291","9.73493275253291"
"福建省2018","福建省","350825","连城县","Liancheng County","201812","2018","12","0.173769217858059","17.3769217858059"
"福建省2018","福建省","350881","漳平市","Zhangping City","201812","2018","12","0.101478325228543","10.1478325228543"
"福建省2018","福建省","350902","蕉城区","Jiaocheng District","201812","2018","12","0.234607960500619","23.4607960500619"
"福建省2018","福建省","350921","霞浦县","Xiapu County","201812","2018","12","0.246452575582092","24.6452575582092"
"福建省2018","福建省","350922","古田县","Gutian County","201812","2018","12","0.277421093041903","27.7421093041903"
"福建省2018","福建省","350923","屏南县","Pingnan County","201812","2018","12","0.132787943159169","13.2787943159169"
"福建省2018","福建省","350924","寿宁县","Shouning County","201812","2018","12","0.208278118851294","20.8278118851294"
"福建省2018","福建省","350925","周宁县","Zhouning County","201812","2018","12","0.206536274079039","20.6536274079039"
"福建省2018","福建省","350926","柘荣县","Zherong County","201812","2018","12","0.203831478139665","20.3831478139665"
"福建省2018","福建省","350981","福安市","Fu'an City","201812","2018","12","0.273006361560497","27.3006361560497"
"福建省2018","福建省","350982","福鼎市","Fuding City","201812","2018","12","0.237296942626527","23.7296942626527"
"福建省2019","福建省","350102","鼓楼区","Gulou District","201901","2019","1","0.289909142778765","28.9909142778765"
"福建省2019","福建省","350103","台江区","Taijiang District","201901","2019","1","0.289909142778765","28.9909142778765"
"福建省2019","福建省","350104","仓山区","Cangshan District","201901","2019","1","0.277348936532619","27.7348936532619"
"福建省2019","福建省","350105","马尾区","Mawei District","201901","2019","1","0.258056690308885","25.8056690308885"
"福建省2019","福建省","350111","晋安区","Jin'an District","201901","2019","1","0.277407042516467","27.7407042516467"
"福建省2019","福建省","350121","闽侯县","Minhou County","201901","2019","1","0.254258594982483","25.4258594982483"
"福建省2019","福建省","350122","连江县","Lianjiang County","201901","2019","1","0.28693740103129","28.693740103129"
"福建省2019","福建省","350123","罗源县","Luoyuan County","201901","2019","1","0.284753720316047","28.4753720316047"
"福建省2019","福建省","350124","闽清县","Minqing County","201901","2019","1","0.288142224686735","28.8142224686735"
"福建省2019","福建省","350125","永泰县","Yongtai County","201901","2019","1","0.213279333389134","21.3279333389134"
"福建省2019","福建省","350128","平潭县","Pingtan County","201901","2019","1","0.288458650818705","28.8458650818705"
"福建省2019","福建省","350181","福清市","Fuqing City","201901","2019","1","0.288142224686735","28.8142224686735"
"福建省2019","福建省","350182","长乐市","Changle City","201901","2019","1","0.289264276987273","28.9264276987273"
"福建省2019","福建省","350203","思明区","Siming District","201901","2019","1","0.221484904228491","22.1484904228491"
"福建省2019","福建省","350205","海沧区","Haicang District","201901","2019","1","0.236901287728421","23.6901287728421"
"福建省2019","福建省","350206","湖里区","Huli District","201901","2019","1","0.266001160616704","26.6001160616704"
"福建省2019","福建省","350211","集美区","Jimei District","201901","2019","1","0.242369845836412","24.2369845836412"
"福建省2019","福建省","350212","同安区","Tong'an District","201901","2019","1","0.233860846882812","23.3860846882812"
"福建省2019","福建省","350213","翔安区","Xiang'an District","201901","2019","1","0.228678217690674","22.8678217690674"
"福建省2019","福建省","350302","城厢区","Chengxiang District","201901","2019","1","0.26104977030853","26.104977030853"
"福建省2019","福建省","350303","涵江区","Hanjiang District","201901","2019","1","0.243256155324911","24.3256155324911"
"福建省2019","福建省","350304","荔城区","Licheng District","201901","2019","1","0.243218007475378","24.3218007475378"
"福建省2019","福建省","350305","秀屿区","Xiuyu District","201901","2019","1","0.194532090852543","19.4532090852543"
"福建省2019","福建省","350322","仙游县","Xianyou County","201901","2019","1","0.212428663360782","21.2428663360782"
"福建省2019","福建省","350402","梅列区","Melie district","201901","2019","1","0.275170782699429","27.5170782699429"
"福建省2019","福建省","350403","三元区","Sanyuan District","201901","2019","1","0.297354450009414","29.7354450009414"
"福建省2019","福建省","350421","明溪县","Mingxi County","201901","2019","1","0.261318211015653","26.1318211015653"
"福建省2019","福建省","350423","清流县","Qingliu County","201901","2019","1","0.226588270513964","22.6588270513964"
"福建省2019","福建省","350424","宁化县","Ninghua County","201901","2019","1","0.272357344224713","27.2357344224713"
"福建省2019","福建省","350425","大田县","Datian County","201901","2019","1","0.238123540065284","23.8123540065284"
"福建省2019","福建省","350426","尤溪县","Youxi County","201901","2019","1","0.220343562331153","22.0343562331153"
"福建省2019","福建省","350427","沙县","Sha County","201901","2019","1","0.24236271171691","24.236271171691"
"福建省2019","福建省","350428","将乐县","Jiangle County","201901","2019","1","0.293423431109067","29.3423431109067"
"福建省2019","福建省","350429","泰宁县","Taining County","201901","2019","1","0.236943256315639","23.6943256315639"
"福建省2019","福建省","350430","建宁县","Jianning County","201901","2019","1","0.276495933033601","27.6495933033601"
"福建省2019","福建省","350481","永安市","Yong'an City","201901","2019","1","0.263279932697115","26.3279932697115"
"福建省2019","福建省","350502","鲤城区","Licheng District","201901","2019","1","0.241287339819359","24.1287339819359"
"福建省2019","福建省","350503","丰泽区","Fengze District","201901","2019","1","0.306423706295142","30.6423706295142"
"福建省2019","福建省","350504","洛江区","Luojiang District","201901","2019","1","0.256138794466804","25.6138794466804"
"福建省2019","福建省","350505","泉港区","Quangang District","201901","2019","1","0.233926708817631","23.3926708817631"
"福建省2019","福建省","350521","惠安县","Hui'an County","201901","2019","1","0.24116924587277","24.116924587277"
"福建省2019","福建省","350524","安溪县","Anxi County","201901","2019","1","0.231892350077335","23.1892350077335"
"福建省2019","福建省","350525","永春县","Yongchun County","201901","2019","1","0.233593900769145","23.3593900769145"
"福建省2019","福建省","350526","德化县","Dehua County","201901","2019","1","0.231892350077335","23.1892350077335"
"福建省2019","福建省","350527","金门县","Kinmen County","201901","2019","1","0.323356334709177","32.3356334709177"
"福建省2019","福建省","350581","石狮市","Shishi City","201901","2019","1","0.198855755572127","19.8855755572127"
"福建省2019","福建省","350582","晋江市","Jinjiang City","201901","2019","1","0.285960814251626","28.5960814251626"
"福建省2019","福建省","350583","南安市","Nan'an City","201901","2019","1","0.23723555740139","23.723555740139"
"福建省2019","福建省","350602","芗城区","Xiangcheng District","201901","2019","1","0.271101062412565","27.1101062412565"
"福建省2019","福建省","350603","龙文区","Longwen District","201901","2019","1","0.187697366260168","18.7697366260168"
"福建省2019","福建省","350622","云霄县","Yunxiao County","201901","2019","1","0.264607573104576","26.4607573104576"
"福建省2019","福建省","350623","漳浦县","Zhangpu County","201901","2019","1","0.162427694983461","16.2427694983461"
"福建省2019","福建省","350624","诏安县","Zhao'an County","201901","2019","1","0.161378187245471","16.1378187245471"
"福建省2019","福建省","350625","长泰县","Changtai County","201901","2019","1","0.159277514162778","15.9277514162778"
"福建省2019","福建省","350626","东山县","Dongshan County","201901","2019","1","0.174790818201993","17.4790818201993"
"福建省2019","福建省","350627","南靖县","Nanjing County","201901","2019","1","0.164769751320044","16.4769751320044"
"福建省2019","福建省","350628","平和县","Pinghe County","201901","2019","1","0.160703807812233","16.0703807812233"
"福建省2019","福建省","350629","华安县","Hua'an County","201901","2019","1","0.245182245788469","24.5182245788469"
"福建省2019","福建省","350681","龙海市","Longhai  City","201901","2019","1","0.218624519767392","21.8624519767392"
"福建省2019","福建省","350702","延平区","Yanping District","201901","2019","1","0.100334739308299","10.0334739308299"
"福建省2019","福建省","350721","顺昌县","Shunchang County","201901","2019","1","0.14065302335606","14.065302335606"
"福建省2019","福建省","350722","浦城县","Pucheng County","201901","2019","1","0.11842439186131","11.842439186131"
"福建省2019","福建省","350723","光泽县","Guangze County","201901","2019","1","0.147023109796952","14.7023109796952"
"福建省2019","福建省","350724","松溪县","Songxi County","201901","2019","1","0.15479751423498","15.479751423498"
"福建省2019","福建省","350725","政和县","Zhenghe County","201901","2019","1","0.149398289877858","14.9398289877858"
"福建省2019","福建省","350781","邵武市","Shaowu City","201901","2019","1","0.124744152080251","12.4744152080251"
"福建省2019","福建省","350782","武夷山市","Wuyishan City","201901","2019","1","0.146169533919925","14.6169533919925"
"福建省2019","福建省","350783","建瓯市","Jian'ou City","201901","2019","1","0.175006038743952","17.5006038743952"
"福建省2019","福建省","350784","建阳市","Jianyang City","201901","2019","1","0.159465440058055","15.9465440058055"
"福建省2019","福建省","350802","新罗区","Xinluo District","201901","2019","1","0.174613931417945","17.4613931417945"
"福建省2019","福建省","350821","长汀县","Changting County","201901","2019","1","0.1870463224494","18.70463224494"
"福建省2019","福建省","350822","永定县","Yongding County","201901","2019","1","0.154069390796224","15.4069390796224"
"福建省2019","福建省","350823","上杭县","Shanghang County","201901","2019","1","0.179367634267328","17.9367634267328"
"福建省2019","福建省","350824","武平县","Wuping County","201901","2019","1","0.130517806898856","13.0517806898856"
"福建省2019","福建省","350825","连城县","Liancheng County","201901","2019","1","0.156592951404727","15.6592951404727"
"福建省2019","福建省","350881","漳平市","Zhangping City","201901","2019","1","0.110968659108657","11.0968659108657"
"福建省2019","福建省","350902","蕉城区","Jiaocheng District","201901","2019","1","0.239111921495149","23.9111921495149"
"福建省2019","福建省","350921","霞浦县","Xiapu County","201901","2019","1","0.262317887066291","26.2317887066291"
"福建省2019","福建省","350922","古田县","Gutian County","201901","2019","1","0.295253397783528","29.5253397783528"
"福建省2019","福建省","350923","屏南县","Pingnan County","201901","2019","1","0.140422541842679","14.0422541842679"
"福建省2019","福建省","350924","寿宁县","Shouning County","201901","2019","1","0.215176332396966","21.5176332396966"
"福建省2019","福建省","350925","周宁县","Zhouning County","201901","2019","1","0.215792352168422","21.5792352168422"
"福建省2019","福建省","350926","柘荣县","Zherong County","201901","2019","1","0.215368629428621","21.5368629428621"
"福建省2019","福建省","350981","福安市","Fu'an City","201901","2019","1","0.290290820003743","29.0290820003743"
"福建省2019","福建省","350982","福鼎市","Fuding City","201901","2019","1","0.254589319575016","25.4589319575016"
"福建省2019","福建省","350102","鼓楼区","Gulou District","201902","2019","2","0.289909142778765","28.9909142778765"
"福建省2019","福建省","350103","台江区","Taijiang District","201902","2019","2","0.289909142778765","28.9909142778765"
"福建省2019","福建省","350104","仓山区","Cangshan District","201902","2019","2","0.277377206511427","27.7377206511427"
"福建省2019","福建省","350105","马尾区","Mawei District","201902","2019","2","0.262273061168053","26.2273061168053"
"福建省2019","福建省","350111","晋安区","Jin'an District","201902","2019","2","0.282750249840522","28.2750249840522"
"福建省2019","福建省","350121","闽侯县","Minhou County","201902","2019","2","0.240303944946707","24.0303944946707"
"福建省2019","福建省","350122","连江县","Lianjiang County","201902","2019","2","0.285270368854534","28.5270368854534"
"福建省2019","福建省","350123","罗源县","Luoyuan County","201902","2019","2","0.284753720316047","28.4753720316047"
"福建省2019","福建省","350124","闽清县","Minqing County","201902","2019","2","0.292776475450989","29.2776475450989"
"福建省2019","福建省","350125","永泰县","Yongtai County","201902","2019","2","0.227745725997007","22.7745725997007"
"福建省2019","福建省","350128","平潭县","Pingtan County","201902","2019","2","0.288813815494314","28.8813815494314"
"福建省2019","福建省","350181","福清市","Fuqing City","201902","2019","2","0.28435052808857","28.435052808857"
"福建省2019","福建省","350182","长乐市","Changle City","201902","2019","2","0.290022313358674","29.0022313358674"
"福建省2019","福建省","350203","思明区","Siming District","201902","2019","2","0.254946752699149","25.4946752699149"
"福建省2019","福建省","350205","海沧区","Haicang District","201902","2019","2","0.22315325333257","22.315325333257"
"福建省2019","福建省","350206","湖里区","Huli District","201902","2019","2","0.241247852147382","24.1247852147382"
"福建省2019","福建省","350211","集美区","Jimei District","201902","2019","2","0.234151830125435","23.4151830125435"
"福建省2019","福建省","350212","同安区","Tong'an District","201902","2019","2","0.239943143492467","23.9943143492467"
"福建省2019","福建省","350213","翔安区","Xiang'an District","201902","2019","2","0.228678217690674","22.8678217690674"
"福建省2019","福建省","350302","城厢区","Chengxiang District","201902","2019","2","0.233004852365271","23.3004852365271"
"福建省2019","福建省","350303","涵江区","Hanjiang District","201902","2019","2","0.240084380742515","24.0084380742515"
"福建省2019","福建省","350304","荔城区","Licheng District","201902","2019","2","0.244736669198389","24.4736669198389"
"福建省2019","福建省","350305","秀屿区","Xiuyu District","201902","2019","2","0.202882531023841","20.2882531023841"
"福建省2019","福建省","350322","仙游县","Xianyou County","201902","2019","2","0.224830176201318","22.4830176201318"
"福建省2019","福建省","350402","梅列区","Melie district","201902","2019","2","0.275056309845075","27.5056309845075"
"福建省2019","福建省","350403","三元区","Sanyuan District","201902","2019","2","0.295947535705631","29.5947535705631"
"福建省2019","福建省","350421","明溪县","Mingxi County","201902","2019","2","0.263601034012661","26.3601034012661"
"福建省2019","福建省","350423","清流县","Qingliu County","201902","2019","2","0.226588270513964","22.6588270513964"
"福建省2019","福建省","350424","宁化县","Ninghua County","201902","2019","2","0.243788372545239","24.3788372545239"
"福建省2019","福建省","350425","大田县","Datian County","201902","2019","2","0.237250298195678","23.7250298195678"
"福建省2019","福建省","350426","尤溪县","Youxi County","201902","2019","2","0.236078436187104","23.6078436187104"
"福建省2019","福建省","350427","沙县","Sha County","201902","2019","2","0.26372847008416","26.372847008416"
"福建省2019","福建省","350428","将乐县","Jiangle County","201902","2019","2","0.276989887928794","27.6989887928794"
"福建省2019","福建省","350429","泰宁县","Taining County","201902","2019","2","0.229841075506316","22.9841075506316"
"福建省2019","福建省","350430","建宁县","Jianning County","201902","2019","2","0.304152470060642","30.4152470060642"
"福建省2019","福建省","350481","永安市","Yong'an City","201902","2019","2","0.26839811853609","26.839811853609"
"福建省2019","福建省","350502","鲤城区","Licheng District","201902","2019","2","0.241287339819359","24.1287339819359"
"福建省2019","福建省","350503","丰泽区","Fengze District","201902","2019","2","0.30894726781945","30.894726781945"
"福建省2019","福建省","350504","洛江区","Luojiang District","201902","2019","2","0.241938406525248","24.1938406525248"
"福建省2019","福建省","350505","泉港区","Quangang District","201902","2019","2","0.234078616109568","23.4078616109568"
"福建省2019","福建省","350521","惠安县","Hui'an County","201902","2019","2","0.24116924587277","24.116924587277"
"福建省2019","福建省","350524","安溪县","Anxi County","201902","2019","2","0.235801951966298","23.5801951966298"
"福建省2019","福建省","350525","永春县","Yongchun County","201902","2019","2","0.233593900769145","23.3593900769145"
"福建省2019","福建省","350526","德化县","Dehua County","201902","2019","2","0.23723555740139","23.723555740139"
"福建省2019","福建省","350527","金门县","Kinmen County","201902","2019","2","0.29473640307082","29.473640307082"
"福建省2019","福建省","350581","石狮市","Shishi City","201902","2019","2","0.198855755572127","19.8855755572127"
"福建省2019","福建省","350582","晋江市","Jinjiang City","201902","2019","2","0.319639995110144","31.9639995110144"
"福建省2019","福建省","350583","南安市","Nan'an City","201902","2019","2","0.23723555740139","23.723555740139"
"福建省2019","福建省","350602","芗城区","Xiangcheng District","201902","2019","2","0.187105173898367","18.7105173898367"
"福建省2019","福建省","350603","龙文区","Longwen District","201902","2019","2","0.187697366260168","18.7697366260168"
"福建省2019","福建省","350622","云霄县","Yunxiao County","201902","2019","2","0.264607573104576","26.4607573104576"
"福建省2019","福建省","350623","漳浦县","Zhangpu County","201902","2019","2","0.161378187245471","16.1378187245471"
"福建省2019","福建省","350624","诏安县","Zhao'an County","201902","2019","2","0.159164050525329","15.9164050525329"
"福建省2019","福建省","350625","长泰县","Changtai County","201902","2019","2","0.160601437318498","16.0601437318498"
"福建省2019","福建省","350626","东山县","Dongshan County","201902","2019","2","0.172781558924238","17.2781558924238"
"福建省2019","福建省","350627","南靖县","Nanjing County","201902","2019","2","0.176759189542211","17.6759189542211"
"福建省2019","福建省","350628","平和县","Pinghe County","201902","2019","2","0.161724075734117","16.1724075734117"
"福建省2019","福建省","350629","华安县","Hua'an County","201902","2019","2","0.241768939591804","24.1768939591804"
"福建省2019","福建省","350681","龙海市","Longhai  City","201902","2019","2","0.221056519126382","22.1056519126382"
"福建省2019","福建省","350702","延平区","Yanping District","201902","2019","2","0.0951504552568626","9.51504552568626"
"福建省2019","福建省","350721","顺昌县","Shunchang County","201902","2019","2","0.172387338836525","17.2387338836525"
"福建省2019","福建省","350722","浦城县","Pucheng County","201902","2019","2","0.112056423676953","11.2056423676953"
"福建省2019","福建省","350723","光泽县","Guangze County","201902","2019","2","0.146862782595554","14.6862782595554"
"福建省2019","福建省","350724","松溪县","Songxi County","201902","2019","2","0.15479751423498","15.479751423498"
"福建省2019","福建省","350725","政和县","Zhenghe County","201902","2019","2","0.140373160731295","14.0373160731295"
"福建省2019","福建省","350781","邵武市","Shaowu City","201902","2019","2","0.124744152080251","12.4744152080251"
"福建省2019","福建省","350782","武夷山市","Wuyishan City","201902","2019","2","0.146169533919925","14.6169533919925"
"福建省2019","福建省","350783","建瓯市","Jian'ou City","201902","2019","2","0.174321762208087","17.4321762208087"
"福建省2019","福建省","350784","建阳市","Jianyang City","201902","2019","2","0.156379241024907","15.6379241024907"
"福建省2019","福建省","350802","新罗区","Xinluo District","201902","2019","2","0.171177632109811","17.1177632109811"
"福建省2019","福建省","350821","长汀县","Changting County","201902","2019","2","0.165510343441344","16.5510343441344"
"福建省2019","福建省","350822","永定县","Yongding County","201902","2019","2","0.154069390796224","15.4069390796224"
"福建省2019","福建省","350823","上杭县","Shanghang County","201902","2019","2","0.184608772397432","18.4608772397432"
"福建省2019","福建省","350824","武平县","Wuping County","201902","2019","2","0.130517806898856","13.0517806898856"
"福建省2019","福建省","350825","连城县","Liancheng County","201902","2019","2","0.156592951404727","15.6592951404727"
"福建省2019","福建省","350881","漳平市","Zhangping City","201902","2019","2","0.140422255195772","14.0422255195772"
"福建省2019","福建省","350902","蕉城区","Jiaocheng District","201902","2019","2","0.239893454670666","23.9893454670666"
"福建省2019","福建省","350921","霞浦县","Xiapu County","201902","2019","2","0.243397285425796","24.3397285425796"
"福建省2019","福建省","350922","古田县","Gutian County","201902","2019","2","0.28495896224875","28.495896224875"
"福建省2019","福建省","350923","屏南县","Pingnan County","201902","2019","2","0.140442886446625","14.0442886446625"
"福建省2019","福建省","350924","寿宁县","Shouning County","201902","2019","2","0.223118839219264","22.3118839219264"
"福建省2019","福建省","350925","周宁县","Zhouning County","201902","2019","2","0.220511464154169","22.0511464154169"
"福建省2019","福建省","350926","柘荣县","Zherong County","201902","2019","2","0.213592636626688","21.3592636626688"
"福建省2019","福建省","350981","福安市","Fu'an City","201902","2019","2","0.287501379278377","28.7501379278377"
"福建省2019","福建省","350982","福鼎市","Fuding City","201902","2019","2","0.252917709289994","25.2917709289994"
"福建省2019","福建省","350102","鼓楼区","Gulou District","201903","2019","3","0.289909142778765","28.9909142778765"
"福建省2019","福建省","350103","台江区","Taijiang District","201903","2019","3","0.289909142778765","28.9909142778765"
"福建省2019","福建省","350104","仓山区","Cangshan District","201903","2019","3","0.255501078363496","25.5501078363496"
"福建省2019","福建省","350105","马尾区","Mawei District","201903","2019","3","0.23870605420181","23.870605420181"
"福建省2019","福建省","350111","晋安区","Jin'an District","201903","2019","3","0.285045012184892","28.5045012184892"
"福建省2019","福建省","350121","闽侯县","Minhou County","201903","2019","3","0.245535976313739","24.5535976313739"
"福建省2019","福建省","350122","连江县","Lianjiang County","201903","2019","3","0.285270368854534","28.5270368854534"
"福建省2019","福建省","350123","罗源县","Luoyuan County","201903","2019","3","0.282898123928058","28.2898123928058"
"福建省2019","福建省","350124","闽清县","Minqing County","201903","2019","3","0.288142224686735","28.8142224686735"
"福建省2019","福建省","350125","永泰县","Yongtai County","201903","2019","3","0.229786245356288","22.9786245356288"
"福建省2019","福建省","350128","平潭县","Pingtan County","201903","2019","3","0.293565058491966","29.3565058491966"
"福建省2019","福建省","350181","福清市","Fuqing City","201903","2019","3","0.288142224686735","28.8142224686735"
"福建省2019","福建省","350182","长乐市","Changle City","201903","2019","3","0.289264276987273","28.9264276987273"
"福建省2019","福建省","350203","思明区","Siming District","201903","2019","3","0.24671808159916","24.671808159916"
"福建省2019","福建省","350205","海沧区","Haicang District","201903","2019","3","0.223910109231565","22.3910109231565"
"福建省2019","福建省","350206","湖里区","Huli District","201903","2019","3","0.251785447597388","25.1785447597388"
"福建省2019","福建省","350211","集美区","Jimei District","201903","2019","3","0.237840149760375","23.7840149760375"
"福建省2019","福建省","350212","同安区","Tong'an District","201903","2019","3","0.255617800434473","25.5617800434473"
"福建省2019","福建省","350213","翔安区","Xiang'an District","201903","2019","3","0.231620567598445","23.1620567598445"
"福建省2019","福建省","350302","城厢区","Chengxiang District","201903","2019","3","0.297506501998512","29.7506501998512"
"福建省2019","福建省","350303","涵江区","Hanjiang District","201903","2019","3","0.242548170434018","24.2548170434018"
"福建省2019","福建省","350304","荔城区","Licheng District","201903","2019","3","0.244642812026206","24.4642812026206"
"福建省2019","福建省","350305","秀屿区","Xiuyu District","201903","2019","3","0.190649610523151","19.0649610523151"
"福建省2019","福建省","350322","仙游县","Xianyou County","201903","2019","3","0.224914487939923","22.4914487939923"
"福建省2019","福建省","350402","梅列区","Melie district","201903","2019","3","0.27484602640687","27.484602640687"
"福建省2019","福建省","350403","三元区","Sanyuan District","201903","2019","3","0.29250624159804","29.250624159804"
"福建省2019","福建省","350421","明溪县","Mingxi County","201903","2019","3","0.225447613638627","22.5447613638627"
"福建省2019","福建省","350423","清流县","Qingliu County","201903","2019","3","0.226589355742669","22.6589355742669"
"福建省2019","福建省","350424","宁化县","Ninghua County","201903","2019","3","0.230748000676987","23.0748000676987"
"福建省2019","福建省","350425","大田县","Datian County","201903","2019","3","0.236013137472245","23.6013137472245"
"福建省2019","福建省","350426","尤溪县","Youxi County","201903","2019","3","0.241331206869957","24.1331206869957"
"福建省2019","福建省","350427","沙县","Sha County","201903","2019","3","0.242379550620028","24.2379550620028"
"福建省2019","福建省","350428","将乐县","Jiangle County","201903","2019","3","0.281861798284563","28.1861798284563"
"福建省2019","福建省","350429","泰宁县","Taining County","201903","2019","3","0.223493723919935","22.3493723919935"
"福建省2019","福建省","350430","建宁县","Jianning County","201903","2019","3","0.290399645089809","29.0399645089809"
"福建省2019","福建省","350481","永安市","Yong'an City","201903","2019","3","0.266709347900461","26.6709347900461"
"福建省2019","福建省","350502","鲤城区","Licheng District","201903","2019","3","0.241287339819359","24.1287339819359"
"福建省2019","福建省","350503","丰泽区","Fengze District","201903","2019","3","0.27194999058016","27.194999058016"
"福建省2019","福建省","350504","洛江区","Luojiang District","201903","2019","3","0.275501863540035","27.5501863540035"
"福建省2019","福建省","350505","泉港区","Quangang District","201903","2019","3","0.233926708817631","23.3926708817631"
"福建省2019","福建省","350521","惠安县","Hui'an County","201903","2019","3","0.24116924587277","24.116924587277"
"福建省2019","福建省","350524","安溪县","Anxi County","201903","2019","3","0.231892350077335","23.1892350077335"
"福建省2019","福建省","350525","永春县","Yongchun County","201903","2019","3","0.233593900769145","23.3593900769145"
"福建省2019","福建省","350526","德化县","Dehua County","201903","2019","3","0.236919132185224","23.6919132185224"
"福建省2019","福建省","350527","金门县","Kinmen County","201903","2019","3","0.284241068349768","28.4241068349768"
"福建省2019","福建省","350581","石狮市","Shishi City","201903","2019","3","0.198855755572127","19.8855755572127"
"福建省2019","福建省","350582","晋江市","Jinjiang City","201903","2019","3","0.312938061300017","31.2938061300017"
"福建省2019","福建省","350583","南安市","Nan'an City","201903","2019","3","0.23723555740139","23.723555740139"
"福建省2019","福建省","350602","芗城区","Xiangcheng District","201903","2019","3","0.271308649721398","27.1308649721398"
"福建省2019","福建省","350603","龙文区","Longwen District","201903","2019","3","0.187697366260168","18.7697366260168"
"福建省2019","福建省","350622","云霄县","Yunxiao County","201903","2019","3","0.264607573104576","26.4607573104576"
"福建省2019","福建省","350623","漳浦县","Zhangpu County","201903","2019","3","0.162411751737452","16.2411751737452"
"福建省2019","福建省","350624","诏安县","Zhao'an County","201903","2019","3","0.160596640332882","16.0596640332882"
"福建省2019","福建省","350625","长泰县","Changtai County","201903","2019","3","0.160617380564508","16.0617380564508"
"福建省2019","福建省","350626","东山县","Dongshan County","201903","2019","3","0.172781558924238","17.2781558924238"
"福建省2019","福建省","350627","南靖县","Nanjing County","201903","2019","3","0.175432069311884","17.5432069311884"
"福建省2019","福建省","350628","平和县","Pinghe County","201903","2019","3","0.17567573108815","17.567573108815"
"福建省2019","福建省","350629","华安县","Hua'an County","201903","2019","3","0.22945653181227","22.945653181227"
"福建省2019","福建省","350681","龙海市","Longhai  City","201903","2019","3","0.242892709942173","24.2892709942173"
"福建省2019","福建省","350702","延平区","Yanping District","201903","2019","3","0.09671498506399","9.671498506399"
"福建省2019","福建省","350721","顺昌县","Shunchang County","201903","2019","3","0.147611401746051","14.7611401746051"
"福建省2019","福建省","350722","浦城县","Pucheng County","201903","2019","3","0.108656272100638","10.8656272100638"
"福建省2019","福建省","350723","光泽县","Guangze County","201903","2019","3","0.147023109796952","14.7023109796952"
"福建省2019","福建省","350724","松溪县","Songxi County","201903","2019","3","0.0896214631891854","8.96214631891854"
"福建省2019","福建省","350725","政和县","Zhenghe County","201903","2019","3","0.141700281877427","14.1700281877427"
"福建省2019","福建省","350781","邵武市","Shaowu City","201903","2019","3","0.125696235586307","12.5696235586307"
"福建省2019","福建省","350782","武夷山市","Wuyishan City","201903","2019","3","0.147860799207868","14.7860799207868"
"福建省2019","福建省","350783","建瓯市","Jian'ou City","201903","2019","3","0.112056423676953","11.2056423676953"
"福建省2019","福建省","350784","建阳市","Jianyang City","201903","2019","3","0.160503817104334","16.0503817104334"
"福建省2019","福建省","350802","新罗区","Xinluo District","201903","2019","3","0.1486096152564","14.86096152564"
"福建省2019","福建省","350821","长汀县","Changting County","201903","2019","3","0.170874681129876","17.0874681129876"
"福建省2019","福建省","350822","永定县","Yongding County","201903","2019","3","0.154069390796224","15.4069390796224"
"福建省2019","福建省","350823","上杭县","Shanghang County","201903","2019","3","0.180729356350948","18.0729356350948"
"福建省2019","福建省","350824","武平县","Wuping County","201903","2019","3","0.129121210967914","12.9121210967914"
"福建省2019","福建省","350825","连城县","Liancheng County","201903","2019","3","0.155852949061727","15.5852949061727"
"福建省2019","福建省","350881","漳平市","Zhangping City","201903","2019","3","0.145980085041242","14.5980085041242"
"福建省2019","福建省","350902","蕉城区","Jiaocheng District","201903","2019","3","0.235326433137819","23.5326433137819"
"福建省2019","福建省","350921","霞浦县","Xiapu County","201903","2019","3","0.262317887066291","26.2317887066291"
"福建省2019","福建省","350922","古田县","Gutian County","201903","2019","3","0.276868351471908","27.6868351471908"
"福建省2019","福建省","350923","屏南县","Pingnan County","201903","2019","3","0.21233753986597","21.233753986597"
"福建省2019","福建省","350924","寿宁县","Shouning County","201903","2019","3","0.23984130141811","23.984130141811"
"福建省2019","福建省","350925","周宁县","Zhouning County","201903","2019","3","0.221944613518464","22.1944613518464"
"福建省2019","福建省","350926","柘荣县","Zherong County","201903","2019","3","0.186400321059938","18.6400321059938"
"福建省2019","福建省","350981","福安市","Fu'an City","201903","2019","3","0.28101724216915","28.101724216915"
"福建省2019","福建省","350982","福鼎市","Fuding City","201903","2019","3","0.252106615766686","25.2106615766686"
"福建省2019","福建省","350102","鼓楼区","Gulou District","201904","2019","4","0.289909142778765","28.9909142778765"
"福建省2019","福建省","350103","台江区","Taijiang District","201904","2019","4","0.289909142778765","28.9909142778765"
"福建省2019","福建省","350104","仓山区","Cangshan District","201904","2019","4","0.256436877028346","25.6436877028346"
"福建省2019","福建省","350105","马尾区","Mawei District","201904","2019","4","0.241062910859994","24.1062910859994"
"福建省2019","福建省","350111","晋安区","Jin'an District","201904","2019","4","0.282750249840522","28.2750249840522"
"福建省2019","福建省","350121","闽侯县","Minhou County","201904","2019","4","0.229676022752077","22.9676022752077"
"福建省2019","福建省","350122","连江县","Lianjiang County","201904","2019","4","0.282581697796087","28.2581697796087"
"福建省2019","福建省","350123","罗源县","Luoyuan County","201904","2019","4","0.282898123928058","28.2898123928058"
"福建省2019","福建省","350124","闽清县","Minqing County","201904","2019","4","0.283123369785317","28.3123369785317"
"福建省2019","福建省","350125","永泰县","Yongtai County","201904","2019","4","0.234893800532981","23.4893800532981"
"福建省2019","福建省","350128","平潭县","Pingtan County","201904","2019","4","0.292387329837752","29.2387329837752"
"福建省2019","福建省","350181","福清市","Fuqing City","201904","2019","4","0.288142224686735","28.8142224686735"
"福建省2019","福建省","350182","长乐市","Changle City","201904","2019","4","0.288500223778243","28.8500223778243"
"福建省2019","福建省","350203","思明区","Siming District","201904","2019","4","0.246458769634424","24.6458769634424"
"福建省2019","福建省","350205","海沧区","Haicang District","201904","2019","4","0.255056746352157","25.5056746352157"
"福建省2019","福建省","350206","湖里区","Huli District","201904","2019","4","0.234648552582776","23.4648552582776"
"福建省2019","福建省","350211","集美区","Jimei District","201904","2019","4","0.235131127687348","23.5131127687348"
"福建省2019","福建省","350212","同安区","Tong'an District","201904","2019","4","0.249780362557976","24.9780362557976"
"福建省2019","福建省","350213","翔安区","Xiang'an District","201904","2019","4","0.231620567598445","23.1620567598445"
"福建省2019","福建省","350302","城厢区","Chengxiang District","201904","2019","4","0.26122280155431","26.122280155431"
"福建省2019","福建省","350303","涵江区","Hanjiang District","201904","2019","4","0.238441894882193","23.8441894882193"
"福建省2019","福建省","350304","荔城区","Licheng District","201904","2019","4","0.249565618234521","24.9565618234521"
"福建省2019","福建省","350305","秀屿区","Xiuyu District","201904","2019","4","0.186424251039732","18.6424251039732"
"福建省2019","福建省","350322","仙游县","Xianyou County","201904","2019","4","0.208051864561686","20.8051864561686"
"福建省2019","福建省","350402","梅列区","Melie district","201904","2019","4","0.294031771857157","29.4031771857157"
"福建省2019","福建省","350403","三元区","Sanyuan District","201904","2019","4","0.296555807768359","29.6555807768359"
"福建省2019","福建省","350421","明溪县","Mingxi County","201904","2019","4","0.257143727237075","25.7143727237075"
"福建省2019","福建省","350423","清流县","Qingliu County","201904","2019","4","0.226588270513964","22.6588270513964"
"福建省2019","福建省","350424","宁化县","Ninghua County","201904","2019","4","0.271551418587971","27.1551418587971"
"福建省2019","福建省","350425","大田县","Datian County","201904","2019","4","0.241331206869957","24.1331206869957"
"福建省2019","福建省","350426","尤溪县","Youxi County","201904","2019","4","0.217728978050562","21.7728978050562"
"福建省2019","福建省","350427","沙县","Sha County","201904","2019","4","0.259791022234018","25.9791022234018"
"福建省2019","福建省","350428","将乐县","Jiangle County","201904","2019","4","0.277248855550919","27.7248855550919"
"福建省2019","福建省","350429","泰宁县","Taining County","201904","2019","4","0.223493723919935","22.3493723919935"
"福建省2019","福建省","350430","建宁县","Jianning County","201904","2019","4","0.258250027694809","25.8250027694809"
"福建省2019","福建省","350481","永安市","Yong'an City","201904","2019","4","0.277374296083727","27.7374296083727"
"福建省2019","福建省","350502","鲤城区","Licheng District","201904","2019","4","0.241287339819359","24.1287339819359"
"福建省2019","福建省","350503","丰泽区","Fengze District","201904","2019","4","0.285349992588295","28.5349992588295"
"福建省2019","福建省","350504","洛江区","Luojiang District","201904","2019","4","0.274268819359242","27.4268819359242"
"福建省2019","福建省","350505","泉港区","Quangang District","201904","2019","4","0.239778847193004","23.9778847193004"
"福建省2019","福建省","350521","惠安县","Hui'an County","201904","2019","4","0.24116924587277","24.116924587277"
"福建省2019","福建省","350524","安溪县","Anxi County","201904","2019","4","0.235801951966298","23.5801951966298"
"福建省2019","福建省","350525","永春县","Yongchun County","201904","2019","4","0.238519753860077","23.8519753860077"
"福建省2019","福建省","350526","德化县","Dehua County","201904","2019","4","0.231892350077335","23.1892350077335"
"福建省2019","福建省","350527","金门县","Kinmen County","201904","2019","4","0.308757996606901","30.8757996606901"
"福建省2019","福建省","350581","石狮市","Shishi City","201904","2019","4","0.198855755572127","19.8855755572127"
"福建省2019","福建省","350582","晋江市","Jinjiang City","201904","2019","4","0.319375822053455","31.9375822053455"
"福建省2019","福建省","350583","南安市","Nan'an City","201904","2019","4","0.23723555740139","23.723555740139"
"福建省2019","福建省","350602","芗城区","Xiangcheng District","201904","2019","4","0.271239729914304","27.1239729914304"
"福建省2019","福建省","350603","龙文区","Longwen District","201904","2019","4","0.187697366260168","18.7697366260168"
"福建省2019","福建省","350622","云霄县","Yunxiao County","201904","2019","4","0.264607573104576","26.4607573104576"
"福建省2019","福建省","350623","漳浦县","Zhangpu County","201904","2019","4","0.162427694983461","16.2427694983461"
"福建省2019","福建省","350624","诏安县","Zhao'an County","201904","2019","4","0.160745938496903","16.0745938496903"
"福建省2019","福建省","350625","长泰县","Changtai County","201904","2019","4","0.160601437318498","16.0601437318498"
"福建省2019","福建省","350626","东山县","Dongshan County","201904","2019","4","0.174790818201993","17.4790818201993"
"福建省2019","福建省","350627","南靖县","Nanjing County","201904","2019","4","0.180598055583134","18.0598055583134"
"福建省2019","福建省","350628","平和县","Pinghe County","201904","2019","4","0.165126606571339","16.5126606571339"
"福建省2019","福建省","350629","华安县","Hua'an County","201904","2019","4","0.248202863123071","24.8202863123071"
"福建省2019","福建省","350681","龙海市","Longhai  City","201904","2019","4","0.246549915108552","24.6549915108552"
"福建省2019","福建省","350702","延平区","Yanping District","201904","2019","4","0.089738993915814","8.9738993915814"
"福建省2019","福建省","350721","顺昌县","Shunchang County","201904","2019","4","0.147860799207868","14.7860799207868"
"福建省2019","福建省","350722","浦城县","Pucheng County","201904","2019","4","0.151801698726355","15.1801698726355"
"福建省2019","福建省","350723","光泽县","Guangze County","201904","2019","4","0.146862782595554","14.6862782595554"
"福建省2019","福建省","350724","松溪县","Songxi County","201904","2019","4","0.0899115059002647","8.99115059002647"
"福建省2019","福建省","350725","政和县","Zhenghe County","201904","2019","4","0.125036995322452","12.5036995322452"
"福建省2019","福建省","350781","邵武市","Shaowu City","201904","2019","4","0.125696235586307","12.5696235586307"
"福建省2019","福建省","350782","武夷山市","Wuyishan City","201904","2019","4","0.11081409231954","11.081409231954"
"福建省2019","福建省","350783","建瓯市","Jian'ou City","201904","2019","4","0.113737366013031","11.3737366013031"
"福建省2019","福建省","350784","建阳市","Jianyang City","201904","2019","4","0.159572726592033","15.9572726592033"
"福建省2019","福建省","350802","新罗区","Xinluo District","201904","2019","4","0.147183955343876","14.7183955343876"
"福建省2019","福建省","350821","长汀县","Changting County","201904","2019","4","0.162013529582701","16.2013529582701"
"福建省2019","福建省","350822","永定县","Yongding County","201904","2019","4","0.184385565121689","18.4385565121689"
"福建省2019","福建省","350823","上杭县","Shanghang County","201904","2019","4","0.164536278788139","16.4536278788139"
"福建省2019","福建省","350824","武平县","Wuping County","201904","2019","4","0.130555444645108","13.0555444645108"
"福建省2019","福建省","350825","连城县","Liancheng County","201904","2019","4","0.155852949061727","15.5852949061727"
"福建省2019","福建省","350881","漳平市","Zhangping City","201904","2019","4","0.142278455099133","14.2278455099133"
"福建省2019","福建省","350902","蕉城区","Jiaocheng District","201904","2019","4","0.245236661994721","24.5236661994721"
"福建省2019","福建省","350921","霞浦县","Xiapu County","201904","2019","4","0.262317887066291","26.2317887066291"
"福建省2019","福建省","350922","古田县","Gutian County","201904","2019","4","0.276871548546514","27.6871548546514"
"福建省2019","福建省","350923","屏南县","Pingnan County","201904","2019","4","0.146426205619382","14.6426205619382"
"福建省2019","福建省","350924","寿宁县","Shouning County","201904","2019","4","0.252346172905776","25.2346172905776"
"福建省2019","福建省","350925","周宁县","Zhouning County","201904","2019","4","0.220276990647603","22.0276990647603"
"福建省2019","福建省","350926","柘荣县","Zherong County","201904","2019","4","0.211693105418545","21.1693105418545"
"福建省2019","福建省","350981","福安市","Fu'an City","201904","2019","4","0.287501379278377","28.7501379278377"
"福建省2019","福建省","350982","福鼎市","Fuding City","201904","2019","4","0.252106615766686","25.2106615766686"
"福建省2019","福建省","350102","鼓楼区","Gulou District","201905","2019","5","0.289909142778765","28.9909142778765"
"福建省2019","福建省","350103","台江区","Taijiang District","201905","2019","5","0.289909142778765","28.9909142778765"
"福建省2019","福建省","350104","仓山区","Cangshan District","201905","2019","5","0.26349635477499","26.349635477499"
"福建省2019","福建省","350105","马尾区","Mawei District","201905","2019","5","0.274032751436494","27.4032751436494"
"福建省2019","福建省","350111","晋安区","Jin'an District","201905","2019","5","0.282750249840522","28.2750249840522"
"福建省2019","福建省","350121","闽侯县","Minhou County","201905","2019","5","0.249764210508469","24.9764210508469"
"福建省2019","福建省","350122","连江县","Lianjiang County","201905","2019","5","0.282581697796087","28.2581697796087"
"福建省2019","福建省","350123","罗源县","Luoyuan County","201905","2019","5","0.284753720316047","28.4753720316047"
"福建省2019","福建省","350124","闽清县","Minqing County","201905","2019","5","0.284563880388707","28.4563880388707"
"福建省2019","福建省","350125","永泰县","Yongtai County","201905","2019","5","0.236257598746115","23.6257598746115"
"福建省2019","福建省","350128","平潭县","Pingtan County","201905","2019","5","0.293565058491966","29.3565058491966"
"福建省2019","福建省","350181","福清市","Fuqing City","201905","2019","5","0.288142224686735","28.8142224686735"
"福建省2019","福建省","350182","长乐市","Changle City","201905","2019","5","0.293473526548206","29.3473526548206"
"福建省2019","福建省","350203","思明区","Siming District","201905","2019","5","0.253469159327224","25.3469159327224"
"福建省2019","福建省","350205","海沧区","Haicang District","201905","2019","5","0.235221687046396","23.5221687046396"
"福建省2019","福建省","350206","湖里区","Huli District","201905","2019","5","0.271197282361169","27.1197282361169"
"福建省2019","福建省","350211","集美区","Jimei District","201905","2019","5","0.241464860340338","24.1464860340338"
"福建省2019","福建省","350212","同安区","Tong'an District","201905","2019","5","0.233883694381315","23.3883694381315"
"福建省2019","福建省","350213","翔安区","Xiang'an District","201905","2019","5","0.22679369927085","22.679369927085"
"福建省2019","福建省","350302","城厢区","Chengxiang District","201905","2019","5","0.240555324210143","24.0555324210143"
"福建省2019","福建省","350303","涵江区","Hanjiang District","201905","2019","5","0.203065883389876","20.3065883389876"
"福建省2019","福建省","350304","荔城区","Licheng District","201905","2019","5","0.25071075156379","25.071075156379"
"福建省2019","福建省","350305","秀屿区","Xiuyu District","201905","2019","5","0.273315620402922","27.3315620402922"
"福建省2019","福建省","350322","仙游县","Xianyou County","201905","2019","5","0.224878490400094","22.4878490400094"
"福建省2019","福建省","350402","梅列区","Melie district","201905","2019","5","0.278692853539042","27.8692853539042"
"福建省2019","福建省","350403","三元区","Sanyuan District","201905","2019","5","0.313783333574794","31.3783333574794"
"福建省2019","福建省","350421","明溪县","Mingxi County","201905","2019","5","0.231177764065341","23.1177764065341"
"福建省2019","福建省","350423","清流县","Qingliu County","201905","2019","5","0.226588270513964","22.6588270513964"
"福建省2019","福建省","350424","宁化县","Ninghua County","201905","2019","5","0.255862612461587","25.5862612461587"
"福建省2019","福建省","350425","大田县","Datian County","201905","2019","5","0.237414763003227","23.7414763003227"
"福建省2019","福建省","350426","尤溪县","Youxi County","201905","2019","5","0.236226107881775","23.6226107881775"
"福建省2019","福建省","350427","沙县","Sha County","201905","2019","5","0.24236271171691","24.236271171691"
"福建省2019","福建省","350428","将乐县","Jiangle County","201905","2019","5","0.28951512966294","28.951512966294"
"福建省2019","福建省","350429","泰宁县","Taining County","201905","2019","5","0.224316841960454","22.4316841960454"
"福建省2019","福建省","350430","建宁县","Jianning County","201905","2019","5","0.258250027694809","25.8250027694809"
"福建省2019","福建省","350481","永安市","Yong'an City","201905","2019","5","0.281642916354957","28.1642916354957"
"福建省2019","福建省","350502","鲤城区","Licheng District","201905","2019","5","0.241287339819359","24.1287339819359"
"福建省2019","福建省","350503","丰泽区","Fengze District","201905","2019","5","0.278356201857751","27.8356201857751"
"福建省2019","福建省","350504","洛江区","Luojiang District","201905","2019","5","0.28097464350822","28.097464350822"
"福建省2019","福建省","350505","泉港区","Quangang District","201905","2019","5","0.239626939901067","23.9626939901067"
"福建省2019","福建省","350521","惠安县","Hui'an County","201905","2019","5","0.24116924587277","24.116924587277"
"福建省2019","福建省","350524","安溪县","Anxi County","201905","2019","5","0.231892350077335","23.1892350077335"
"福建省2019","福建省","350525","永春县","Yongchun County","201905","2019","5","0.238519753860077","23.8519753860077"
"福建省2019","福建省","350526","德化县","Dehua County","201905","2019","5","0.231735842697816","23.1735842697816"
"福建省2019","福建省","350527","金门县","Kinmen County","201905","2019","5","0.271208159374946","27.1208159374946"
"福建省2019","福建省","350581","石狮市","Shishi City","201905","2019","5","0.198855755572127","19.8855755572127"
"福建省2019","福建省","350582","晋江市","Jinjiang City","201905","2019","5","0.311889870489349","31.1889870489349"
"福建省2019","福建省","350583","南安市","Nan'an City","201905","2019","5","0.237353652263784","23.7353652263784"
"福建省2019","福建省","350602","芗城区","Xiangcheng District","201905","2019","5","0.269502220146466","26.9502220146466"
"福建省2019","福建省","350603","龙文区","Longwen District","201905","2019","5","0.187697366260168","18.7697366260168"
"福建省2019","福建省","350622","云霄县","Yunxiao County","201905","2019","5","0.264607573104576","26.4607573104576"
"福建省2019","福建省","350623","漳浦县","Zhangpu County","201905","2019","5","0.166544173516721","16.6544173516721"
"福建省2019","福建省","350624","诏安县","Zhao'an County","201905","2019","5","0.162411751737452","16.2411751737452"
"福建省2019","福建省","350625","长泰县","Changtai County","201905","2019","5","0.160601437318498","16.0601437318498"
"福建省2019","福建省","350626","东山县","Dongshan County","201905","2019","5","0.177072577033807","17.7072577033807"
"福建省2019","福建省","350627","南靖县","Nanjing County","201905","2019","5","0.175448012557893","17.5448012557893"
"福建省2019","福建省","350628","平和县","Pinghe County","201905","2019","5","0.18226436885311","18.226436885311"
"福建省2019","福建省","350629","华安县","Hua'an County","201905","2019","5","0.248202863123071","24.8202863123071"
"福建省2019","福建省","350681","龙海市","Longhai  City","201905","2019","5","0.223580079734886","22.3580079734886"
"福建省2019","福建省","350702","延平区","Yanping District","201905","2019","5","0.0995664157014212","9.95664157014212"
"福建省2019","福建省","350721","顺昌县","Shunchang County","201905","2019","5","0.136439420059041","13.6439420059041"
"福建省2019","福建省","350722","浦城县","Pucheng County","201905","2019","5","0.113912020064942","11.3912020064942"
"福建省2019","福建省","350723","光泽县","Guangze County","201905","2019","5","0.144726655045285","14.4726655045285"
"福建省2019","福建省","350724","松溪县","Songxi County","201905","2019","5","0.0796750920952925","7.96750920952925"
"福建省2019","福建省","350725","政和县","Zhenghe County","201905","2019","5","0.125036995322452","12.5036995322452"
"福建省2019","福建省","350781","邵武市","Shaowu City","201905","2019","5","0.129528426325939","12.9528426325939"
"福建省2019","福建省","350782","武夷山市","Wuyishan City","201905","2019","5","0.146168447775416","14.6168447775416"
"福建省2019","福建省","350783","建瓯市","Jian'ou City","201905","2019","5","0.112056423676953","11.2056423676953"
"福建省2019","福建省","350784","建阳市","Jianyang City","201905","2019","5","0.157212580362956","15.7212580362956"
"福建省2019","福建省","350802","新罗区","Xinluo District","201905","2019","5","0.146863412669266","14.6863412669266"
"福建省2019","福建省","350821","长汀县","Changting County","201905","2019","5","0.158071655647892","15.8071655647892"
"福建省2019","福建省","350822","永定县","Yongding County","201905","2019","5","0.154069390796224","15.4069390796224"
"福建省2019","福建省","350823","上杭县","Shanghang County","201905","2019","5","0.164536278788139","16.4536278788139"
"福建省2019","福建省","350824","武平县","Wuping County","201905","2019","5","0.120828854801148","12.0828854801148"
"福建省2019","福建省","350825","连城县","Liancheng County","201905","2019","5","0.155593394408716","15.5593394408716"
"福建省2019","福建省","350881","漳平市","Zhangping City","201905","2019","5","0.140422255195772","14.0422255195772"
"福建省2019","福建省","350902","蕉城区","Jiaocheng District","201905","2019","5","0.237660694143823","23.7660694143823"
"福建省2019","福建省","350921","霞浦县","Xiapu County","201905","2019","5","0.241838725750252","24.1838725750252"
"福建省2019","福建省","350922","古田县","Gutian County","201905","2019","5","0.270346482288533","27.0346482288533"
"福建省2019","福建省","350923","屏南县","Pingnan County","201905","2019","5","0.158249321781837","15.8249321781837"
"福建省2019","福建省","350924","寿宁县","Shouning County","201905","2019","5","0.261559754535385","26.1559754535385"
"福建省2019","福建省","350925","周宁县","Zhouning County","201905","2019","5","0.220129319868736","22.0129319868736"
"福建省2019","福建省","350926","柘荣县","Zherong County","201905","2019","5","0.216368687369866","21.6368687369866"
"福建省2019","福建省","350981","福安市","Fu'an City","201905","2019","5","0.290290820003743","29.0290820003743"
"福建省2019","福建省","350982","福鼎市","Fuding City","201905","2019","5","0.252106615766686","25.2106615766686"
"福建省2019","福建省","350102","鼓楼区","Gulou District","201906","2019","6","0.289909142778765","28.9909142778765"
"福建省2019","福建省","350103","台江区","Taijiang District","201906","2019","6","0.289909142778765","28.9909142778765"
"福建省2019","福建省","350104","仓山区","Cangshan District","201906","2019","6","0.241221015403109","24.1221015403109"
"福建省2019","福建省","350105","马尾区","Mawei District","201906","2019","6","0.236176713949124","23.6176713949124"
"福建省2019","福建省","350111","晋安区","Jin'an District","201906","2019","6","0.277116999805388","27.7116999805388"
"福建省2019","福建省","350121","闽侯县","Minhou County","201906","2019","6","0.232310099938137","23.2310099938137"
"福建省2019","福建省","350122","连江县","Lianjiang County","201906","2019","6","0.285249427145849","28.5249427145849"
"福建省2019","福建省","350123","罗源县","Luoyuan County","201906","2019","6","0.282898123928058","28.2898123928058"
"福建省2019","福建省","350124","闽清县","Minqing County","201906","2019","6","0.284563880388707","28.4563880388707"
"福建省2019","福建省","350125","永泰县","Yongtai County","201906","2019","6","0.22784879982884","22.784879982884"
"福建省2019","福建省","350128","平潭县","Pingtan County","201906","2019","6","0.293092901582959","29.3092901582959"
"福建省2019","福建省","350181","福清市","Fuqing City","201906","2019","6","0.288142224686735","28.8142224686735"
"福建省2019","福建省","350182","长乐市","Changle City","201906","2019","6","0.288500223778243","28.8500223778243"
"福建省2019","福建省","350203","思明区","Siming District","201906","2019","6","0.240031264063294","24.0031264063294"
"福建省2019","福建省","350205","海沧区","Haicang District","201906","2019","6","0.241647110077378","24.1647110077378"
"福建省2019","福建省","350206","湖里区","Huli District","201906","2019","6","0.277284003223881","27.7284003223881"
"福建省2019","福建省","350211","集美区","Jimei District","201906","2019","6","0.270692366198155","27.0692366198155"
"福建省2019","福建省","350212","同安区","Tong'an District","201906","2019","6","0.234294043623415","23.4294043623415"
"福建省2019","福建省","350213","翔安区","Xiang'an District","201906","2019","6","0.230688470616653","23.0688470616653"
"福建省2019","福建省","350302","城厢区","Chengxiang District","201906","2019","6","0.262176381485433","26.2176381485433"
"福建省2019","福建省","350303","涵江区","Hanjiang District","201906","2019","6","0.206958888148193","20.6958888148193"
"福建省2019","福建省","350304","荔城区","Licheng District","201906","2019","6","0.248979911602413","24.8979911602413"
"福建省2019","福建省","350305","秀屿区","Xiuyu District","201906","2019","6","0.212088420808815","21.2088420808815"
"福建省2019","福建省","350322","仙游县","Xianyou County","201906","2019","6","0.212329888316747","21.2329888316747"
"福建省2019","福建省","350402","梅列区","Melie district","201906","2019","6","0.278385436179029","27.8385436179029"
"福建省2019","福建省","350403","三元区","Sanyuan District","201906","2019","6","0.314831224917286","31.4831224917286"
"福建省2019","福建省","350421","明溪县","Mingxi County","201906","2019","6","0.265134229558073","26.5134229558073"
"福建省2019","福建省","350423","清流县","Qingliu County","201906","2019","6","0.235931085939922","23.5931085939922"
"福建省2019","福建省","350424","宁化县","Ninghua County","201906","2019","6","0.264906030230288","26.4906030230288"
"福建省2019","福建省","350425","大田县","Datian County","201906","2019","6","0.296806104550504","29.6806104550504"
"福建省2019","福建省","350426","尤溪县","Youxi County","201906","2019","6","0.222358062759859","22.2358062759859"
"福建省2019","福建省","350427","沙县","Sha County","201906","2019","6","0.229752840459888","22.9752840459888"
"福建省2019","福建省","350428","将乐县","Jiangle County","201906","2019","6","0.284816810109693","28.4816810109693"
"福建省2019","福建省","350429","泰宁县","Taining County","201906","2019","6","0.224354087742245","22.4354087742245"
"福建省2019","福建省","350430","建宁县","Jianning County","201906","2019","6","0.225766236786346","22.5766236786346"
"福建省2019","福建省","350481","永安市","Yong'an City","201906","2019","6","0.280842647644552","28.0842647644552"
"福建省2019","福建省","350502","鲤城区","Licheng District","201906","2019","6","0.241287339819359","24.1287339819359"
"福建省2019","福建省","350503","丰泽区","Fengze District","201906","2019","6","0.288354516484898","28.8354516484898"
"福建省2019","福建省","350504","洛江区","Luojiang District","201906","2019","6","0.272755692760528","27.2755692760528"
"福建省2019","福建省","350505","泉港区","Quangang District","201906","2019","6","0.233808614871042","23.3808614871042"
"福建省2019","福建省","350521","惠安县","Hui'an County","201906","2019","6","0.24116924587277","24.116924587277"
"福建省2019","福建省","350524","安溪县","Anxi County","201906","2019","6","0.231892350077335","23.1892350077335"
"福建省2019","福建省","350525","永春县","Yongchun County","201906","2019","6","0.233176545620218","23.3176545620218"
"福建省2019","福建省","350526","德化县","Dehua County","201906","2019","6","0.231892350077335","23.1892350077335"
"福建省2019","福建省","350527","金门县","Kinmen County","201906","2019","6","0.273214027427474","27.3214027427474"
"福建省2019","福建省","350581","石狮市","Shishi City","201906","2019","6","0.198855755572127","19.8855755572127"
"福建省2019","福建省","350582","晋江市","Jinjiang City","201906","2019","6","0.331375981602581","33.1375981602581"
"福建省2019","福建省","350583","南安市","Nan'an City","201906","2019","6","0.237189132507946","23.7189132507946"
"福建省2019","福建省","350602","芗城区","Xiangcheng District","201906","2019","6","0.269789248943902","26.9789248943902"
"福建省2019","福建省","350603","龙文区","Longwen District","201906","2019","6","0.187697366260168","18.7697366260168"
"福建省2019","福建省","350622","云霄县","Yunxiao County","201906","2019","6","0.264607573104576","26.4607573104576"
"福建省2019","福建省","350623","漳浦县","Zhangpu County","201906","2019","6","0.167577738008701","16.7577738008701"
"福建省2019","福建省","350624","诏安县","Zhao'an County","201906","2019","6","0.160200432948722","16.0200432948722"
"福建省2019","福建省","350625","长泰县","Changtai County","201906","2019","6","0.160601437318498","16.0601437318498"
"福建省2019","福建省","350626","东山县","Dongshan County","201906","2019","6","0.17664859420544","17.664859420544"
"福建省2019","福建省","350627","南靖县","Nanjing County","201906","2019","6","0.176037401641159","17.6037401641159"
"福建省2019","福建省","350628","平和县","Pinghe County","201906","2019","6","0.182193301483727","18.2193301483727"
"福建省2019","福建省","350629","华安县","Hua'an County","201906","2019","6","0.173565573014997","17.3565573014997"
"福建省2019","福建省","350681","龙海市","Longhai  City","201906","2019","6","0.242892709942173","24.2892709942173"
"福建省2019","福建省","350702","延平区","Yanping District","201906","2019","6","0.0212231144410076","2.12231144410076"
"福建省2019","福建省","350721","顺昌县","Shunchang County","201906","2019","6","0.153204006531923","15.3204006531923"
"福建省2019","福建省","350722","浦城县","Pucheng County","201906","2019","6","0.113341431538706","11.3341431538706"
"福建省2019","福建省","350723","光泽县","Guangze County","201906","2019","6","0.147023109796952","14.7023109796952"
"福建省2019","福建省","350724","松溪县","Songxi County","201906","2019","6","0.130700623519076","13.0700623519076"
"福建省2019","福建省","350725","政和县","Zhenghe County","201906","2019","6","0.142722616770776","14.2722616770776"
"福建省2019","福建省","350781","邵武市","Shaowu City","201906","2019","6","0.125696235586307","12.5696235586307"
"福建省2019","福建省","350782","武夷山市","Wuyishan City","201906","2019","6","0.146168447775416","14.6168447775416"
"福建省2019","福建省","350783","建瓯市","Jian'ou City","201906","2019","6","0.206835227024138","20.6835227024138"
"福建省2019","福建省","350784","建阳市","Jianyang City","201906","2019","6","0.157185432245046","15.7185432245046"
"福建省2019","福建省","350802","新罗区","Xinluo District","201906","2019","6","0.147240074031277","14.7240074031277"
"福建省2019","福建省","350821","长汀县","Changting County","201906","2019","6","0.162013529582701","16.2013529582701"
"福建省2019","福建省","350822","永定县","Yongding County","201906","2019","6","0.156207698877755","15.6207698877755"
"福建省2019","福建省","350823","上杭县","Shanghang County","201906","2019","6","0.173140665223767","17.3140665223767"
"福建省2019","福建省","350824","武平县","Wuping County","201906","2019","6","0.171274971171897","17.1274971171897"
"福建省2019","福建省","350825","连城县","Liancheng County","201906","2019","6","0.155852949061727","15.5852949061727"
"福建省2019","福建省","350881","漳平市","Zhangping City","201906","2019","6","0.152758263265367","15.2758263265367"
"福建省2019","福建省","350902","蕉城区","Jiaocheng District","201906","2019","6","0.241685463982994","24.1685463982994"
"福建省2019","福建省","350921","霞浦县","Xiapu County","201906","2019","6","0.241986396529119","24.1986396529119"
"福建省2019","福建省","350922","古田县","Gutian County","201906","2019","6","0.272731482544461","27.2731482544461"
"福建省2019","福建省","350923","屏南县","Pingnan County","201906","2019","6","0.147241183070907","14.7241183070907"
"福建省2019","福建省","350924","寿宁县","Shouning County","201906","2019","6","0.265126689737038","26.5126689737038"
"福建省2019","福建省","350925","周宁县","Zhouning County","201906","2019","6","0.220113100965478","22.0113100965478"
"福建省2019","福建省","350926","柘荣县","Zherong County","201906","2019","6","0.240698894015052","24.0698894015052"
"福建省2019","福建省","350981","福安市","Fu'an City","201906","2019","6","0.294419329464847","29.4419329464847"
"福建省2019","福建省","350982","福鼎市","Fuding City","201906","2019","6","0.251786356991569","25.1786356991569"
"福建省2019","福建省","350102","鼓楼区","Gulou District","201907","2019","7","0.289909142778765","28.9909142778765"
"福建省2019","福建省","350103","台江区","Taijiang District","201907","2019","7","0.289909142778765","28.9909142778765"
"福建省2019","福建省","350104","仓山区","Cangshan District","201907","2019","7","0.231879582842421","23.1879582842421"
"福建省2019","福建省","350105","马尾区","Mawei District","201907","2019","7","0.261636165625858","26.1636165625858"
"福建省2019","福建省","350111","晋安区","Jin'an District","201907","2019","7","0.276341548489641","27.6341548489641"
"福建省2019","福建省","350121","闽侯县","Minhou County","201907","2019","7","0.231392934238035","23.1392934238035"
"福建省2019","福建省","350122","连江县","Lianjiang County","201907","2019","7","0.285136994704621","28.5136994704621"
"福建省2019","福建省","350123","罗源县","Luoyuan County","201907","2019","7","0.282898123928058","28.2898123928058"
"福建省2019","福建省","350124","闽清县","Minqing County","201907","2019","7","0.282806943653347","28.2806943653347"
"福建省2019","福建省","350125","永泰县","Yongtai County","201907","2019","7","0.22784879982884","22.784879982884"
"福建省2019","福建省","350128","平潭县","Pingtan County","201907","2019","7","0.288458650818705","28.8458650818705"
"福建省2019","福建省","350181","福清市","Fuqing City","201907","2019","7","0.288497389362344","28.8497389362344"
"福建省2019","福建省","350182","长乐市","Changle City","201907","2019","7","0.290022313358674","29.0022313358674"
"福建省2019","福建省","350203","思明区","Siming District","201907","2019","7","0.240031264063294","24.0031264063294"
"福建省2019","福建省","350205","海沧区","Haicang District","201907","2019","7","0.236095362091679","23.6095362091679"
"福建省2019","福建省","350206","湖里区","Huli District","201907","2019","7","0.271197282361169","27.1197282361169"
"福建省2019","福建省","350211","集美区","Jimei District","201907","2019","7","0.236685102843993","23.6685102843993"
"福建省2019","福建省","350212","同安区","Tong'an District","201907","2019","7","0.24258603255245","24.258603255245"
"福建省2019","福建省","350213","翔安区","Xiang'an District","201907","2019","7","0.2284178140866","22.84178140866"
"福建省2019","福建省","350302","城厢区","Chengxiang District","201907","2019","7","0.261050724577146","26.1050724577146"
"福建省2019","福建省","350303","涵江区","Hanjiang District","201907","2019","7","0.237334147452852","23.7334147452852"
"福建省2019","福建省","350304","荔城区","Licheng District","201907","2019","7","0.252492317038018","25.2492317038018"
"福建省2019","福建省","350305","秀屿区","Xiuyu District","201907","2019","7","0.194504942734632","19.4504942734632"
"福建省2019","福建省","350322","仙游县","Xianyou County","201907","2019","7","0.224914487939923","22.4914487939923"
"福建省2019","福建省","350402","梅列区","Melie district","201907","2019","7","0.286818611073042","28.6818611073042"
"福建省2019","福建省","350403","三元区","Sanyuan District","201907","2019","7","0.323019362496202","32.3019362496202"
"福建省2019","福建省","350421","明溪县","Mingxi County","201907","2019","7","0.272664884302571","27.2664884302571"
"福建省2019","福建省","350423","清流县","Qingliu County","201907","2019","7","0.226588270513964","22.6588270513964"
"福建省2019","福建省","350424","宁化县","Ninghua County","201907","2019","7","0.241183058040977","24.1183058040977"
"福建省2019","福建省","350425","大田县","Datian County","201907","2019","7","0.293846390067653","29.3846390067653"
"福建省2019","福建省","350426","尤溪县","Youxi County","201907","2019","7","0.236959910226184","23.6959910226184"
"福建省2019","福建省","350427","沙县","Sha County","201907","2019","7","0.236003774283825","23.6003774283825"
"福建省2019","福建省","350428","将乐县","Jiangle County","201907","2019","7","0.277396526329786","27.7396526329786"
"福建省2019","福建省","350429","泰宁县","Taining County","201907","2019","7","0.224354087742245","22.4354087742245"
"福建省2019","福建省","350430","建宁县","Jianning County","201907","2019","7","0.258250027694809","25.8250027694809"
"福建省2019","福建省","350481","永安市","Yong'an City","201907","2019","7","0.234476233833141","23.4476233833141"
"福建省2019","福建省","350502","鲤城区","Licheng District","201907","2019","7","0.241287339819359","24.1287339819359"
"福建省2019","福建省","350503","丰泽区","Fengze District","201907","2019","7","0.286698491366204","28.6698491366204"
"福建省2019","福建省","350504","洛江区","Luojiang District","201907","2019","7","0.244309965513918","24.4309965513918"
"福建省2019","福建省","350505","泉港区","Quangang District","201907","2019","7","0.233808614871042","23.3808614871042"
"福建省2019","福建省","350521","惠安县","Hui'an County","201907","2019","7","0.24116924587277","24.116924587277"
"福建省2019","福建省","350524","安溪县","Anxi County","201907","2019","7","0.23723555740139","23.723555740139"
"福建省2019","福建省","350525","永春县","Yongchun County","201907","2019","7","0.238519753860077","23.8519753860077"
"福建省2019","福建省","350526","德化县","Dehua County","201907","2019","7","0.231892350077335","23.1892350077335"
"福建省2019","福建省","350527","金门县","Kinmen County","201907","2019","7","0.334335897562491","33.4335897562491"
"福建省2019","福建省","350581","石狮市","Shishi City","201907","2019","7","0.197199218518541","19.7199218518541"
"福建省2019","福建省","350582","晋江市","Jinjiang City","201907","2019","7","0.31520489251336","31.520489251336"
"福建省2019","福建省","350583","南安市","Nan'an City","201907","2019","7","0.237353652263784","23.7353652263784"
"福建省2019","福建省","350602","芗城区","Xiangcheng District","201907","2019","7","0.269789248943902","26.9789248943902"
"福建省2019","福建省","350603","龙文区","Longwen District","201907","2019","7","0.187697366260168","18.7697366260168"
"福建省2019","福建省","350622","云霄县","Yunxiao County","201907","2019","7","0.264607573104576","26.4607573104576"
"福建省2019","福建省","350623","漳浦县","Zhangpu County","201907","2019","7","0.164965131866509","16.4965131866509"
"福建省2019","福建省","350624","诏安县","Zhao'an County","201907","2019","7","0.156849640504476","15.6849640504476"
"福建省2019","福建省","350625","长泰县","Changtai County","201907","2019","7","0.176759189542211","17.6759189542211"
"福建省2019","福建省","350626","东山县","Dongshan County","201907","2019","7","0.17730546711385","17.730546711385"
"福建省2019","福建省","350627","南靖县","Nanjing County","201907","2019","7","0.176759189542211","17.6759189542211"
"福建省2019","福建省","350628","平和县","Pinghe County","201907","2019","7","0.181441052998752","18.1441052998752"
"福建省2019","福建省","350629","华安县","Hua'an County","201907","2019","7","0.226539024025888","22.6539024025888"
"福建省2019","福建省","350681","龙海市","Longhai  City","201907","2019","7","0.21822413631328","21.822413631328"
"福建省2019","福建省","350702","延平区","Yanping District","201907","2019","7","0.0223575639913147","2.23575639913147"
"福建省2019","福建省","350721","顺昌县","Shunchang County","201907","2019","7","0.137658424952033","13.7658424952033"
"福建省2019","福建省","350722","浦城县","Pucheng County","201907","2019","7","0.108656272100638","10.8656272100638"
"福建省2019","福建省","350723","光泽县","Guangze County","201907","2019","7","0.145706178810988","14.5706178810988"
"福建省2019","福建省","350724","松溪县","Songxi County","201907","2019","7","0.120137184973019","12.0137184973019"
"福建省2019","福建省","350725","政和县","Zhenghe County","201907","2019","7","0.145823971457793","14.5823971457793"
"福建省2019","福建省","350781","邵武市","Shaowu City","201907","2019","7","0.131039443826166","13.1039443826166"
"福建省2019","福建省","350782","武夷山市","Wuyishan City","201907","2019","7","0.146187340828732","14.6187340828732"
"福建省2019","福建省","350783","建瓯市","Jian'ou City","201907","2019","7","0.176492903723815","17.6492903723815"
"福建省2019","福建省","350784","建阳市","Jianyang City","201907","2019","7","0.158974989032081","15.8974989032081"
"福建省2019","福建省","350802","新罗区","Xinluo District","201907","2019","7","0.178555805352754","17.8555805352754"
"福建省2019","福建省","350821","长汀县","Changting County","201907","2019","7","0.178597577957742","17.8597577957742"
"福建省2019","福建省","350822","永定县","Yongding County","201907","2019","7","0.18020137564369","18.020137564369"
"福建省2019","福建省","350823","上杭县","Shanghang County","201907","2019","7","0.168720467350333","16.8720467350333"
"福建省2019","福建省","350824","武平县","Wuping County","201907","2019","7","0.167939805105194","16.7939805105194"
"福建省2019","福建省","350825","连城县","Liancheng County","201907","2019","7","0.156430905237693","15.6430905237693"
"福建省2019","福建省","350881","漳平市","Zhangping City","201907","2019","7","0.119715913842706","11.9715913842706"
"福建省2019","福建省","350902","蕉城区","Jiaocheng District","201907","2019","7","0.253353767004837","25.3353767004837"
"福建省2019","福建省","350921","霞浦县","Xiapu County","201907","2019","7","0.242270301516334","24.2270301516334"
"福建省2019","福建省","350922","古田县","Gutian County","201907","2019","7","0.292187048819726","29.2187048819726"
"福建省2019","福建省","350923","屏南县","Pingnan County","201907","2019","7","0.213958734180168","21.3958734180168"
"福建省2019","福建省","350924","寿宁县","Shouning County","201907","2019","7","0.245930639650982","24.5930639650982"
"福建省2019","福建省","350925","周宁县","Zhouning County","201907","2019","7","0.224650839639393","22.4650839639393"
"福建省2019","福建省","350926","柘荣县","Zherong County","201907","2019","7","0.200970233496589","20.0970233496589"
"福建省2019","福建省","350981","福安市","Fu'an City","201907","2019","7","0.28190458468548","28.190458468548"
"福建省2019","福建省","350982","福鼎市","Fuding City","201907","2019","7","0.251449742858276","25.1449742858276"
"福建省2019","福建省","350102","鼓楼区","Gulou District","201908","2019","8","0.289909142778765","28.9909142778765"
"福建省2019","福建省","350103","台江区","Taijiang District","201908","2019","8","0.289909142778765","28.9909142778765"
"福建省2019","福建省","350104","仓山区","Cangshan District","201908","2019","8","0.284286207453253","28.4286207453253"
"福建省2019","福建省","350105","马尾区","Mawei District","201908","2019","8","0.236521927489622","23.6521927489622"
"福建省2019","福建省","350111","晋安区","Jin'an District","201908","2019","8","0.284262870914979","28.4262870914979"
"福建省2019","福建省","350121","闽侯县","Minhou County","201908","2019","8","0.231392934238035","23.1392934238035"
"福建省2019","福建省","350122","连江县","Lianjiang County","201908","2019","8","0.285136994704621","28.5136994704621"
"福建省2019","福建省","350123","罗源县","Luoyuan County","201908","2019","8","0.282898123928058","28.2898123928058"
"福建省2019","福建省","350124","闽清县","Minqing County","201908","2019","8","0.285249427145849","28.5249427145849"
"福建省2019","福建省","350125","永泰县","Yongtai County","201908","2019","8","0.227455684201733","22.7455684201733"
"福建省2019","福建省","350128","平潭县","Pingtan County","201908","2019","8","0.293092901582959","29.3092901582959"
"福建省2019","福建省","350181","福清市","Fuqing City","201908","2019","8","0.288142224686735","28.8142224686735"
"福建省2019","福建省","350182","长乐市","Changle City","201908","2019","8","0.290022313358674","29.0022313358674"
"福建省2019","福建省","350203","思明区","Siming District","201908","2019","8","0.242456988327698","24.2456988327698"
"福建省2019","福建省","350205","海沧区","Haicang District","201908","2019","8","0.222539559705342","22.2539559705342"
"福建省2019","福建省","350206","湖里区","Huli District","201908","2019","8","0.271197282361169","27.1197282361169"
"福建省2019","福建省","350211","集美区","Jimei District","201908","2019","8","0.234976712006025","23.4976712006025"
"福建省2019","福建省","350212","同安区","Tong'an District","201908","2019","8","0.257089013394258","25.7089013394258"
"福建省2019","福建省","350213","翔安区","Xiang'an District","201908","2019","8","0.235767330881104","23.5767330881104"
"福建省2019","福建省","350302","城厢区","Chengxiang District","201908","2019","8","0.259204153445601","25.9204153445601"
"福建省2019","福建省","350303","涵江区","Hanjiang District","201908","2019","8","0.237187753305896","23.7187753305896"
"福建省2019","福建省","350304","荔城区","Licheng District","201908","2019","8","0.252361202178581","25.2361202178581"
"福建省2019","福建省","350305","秀屿区","Xiuyu District","201908","2019","8","0.218366852588103","21.8366852588103"
"福建省2019","福建省","350322","仙游县","Xianyou County","201908","2019","8","0.223390789290435","22.3390789290435"
"福建省2019","福建省","350402","梅列区","Melie district","201908","2019","8","0.270933593765226","27.0933593765226"
"福建省2019","福建省","350403","三元区","Sanyuan District","201908","2019","8","0.323562820304819","32.3562820304819"
"福建省2019","福建省","350421","明溪县","Mingxi County","201908","2019","8","0.270382959710086","27.0382959710086"
"福建省2019","福建省","350423","清流县","Qingliu County","201908","2019","8","0.226588270513964","22.6588270513964"
"福建省2019","福建省","350424","宁化县","Ninghua County","201908","2019","8","0.265967178763271","26.5967178763271"
"福建省2019","福建省","350425","大田县","Datian County","201908","2019","8","0.238121920006568","23.8121920006568"
"福建省2019","福建省","350426","尤溪县","Youxi County","201908","2019","8","0.222820142152691","22.2820142152691"
"福建省2019","福建省","350427","沙县","Sha County","201908","2019","8","0.229998775263703","22.9998775263703"
"福建省2019","福建省","350428","将乐县","Jiangle County","201908","2019","8","0.285791254821896","28.5791254821896"
"福建省2019","福建省","350429","泰宁县","Taining County","201908","2019","8","0.224672711805769","22.4672711805769"
"福建省2019","福建省","350430","建宁县","Jianning County","201908","2019","8","0.258250027694809","25.8250027694809"
"福建省2019","福建省","350481","永安市","Yong'an City","201908","2019","8","0.237098745320204","23.7098745320204"
"福建省2019","福建省","350502","鲤城区","Licheng District","201908","2019","8","0.241287339819359","24.1287339819359"
"福建省2019","福建省","350503","丰泽区","Fengze District","201908","2019","8","0.297864273054622","29.7864273054622"
"福建省2019","福建省","350504","洛江区","Luojiang District","201908","2019","8","0.250010196597354","25.0010196597354"
"福建省2019","福建省","350505","泉港区","Quangang District","201908","2019","8","0.23723555740139","23.723555740139"
"福建省2019","福建省","350521","惠安县","Hui'an County","201908","2019","8","0.24116924587277","24.116924587277"
"福建省2019","福建省","350524","安溪县","Anxi County","201908","2019","8","0.23723555740139","23.723555740139"
"福建省2019","福建省","350525","永春县","Yongchun County","201908","2019","8","0.239871104454177","23.9871104454177"
"福建省2019","福建省","350526","德化县","Dehua County","201908","2019","8","0.231575923945365","23.1575923945365"
"福建省2019","福建省","350527","金门县","Kinmen County","201908","2019","8","0.280901239920756","28.0901239920756"
"福建省2019","福建省","350581","石狮市","Shishi City","201908","2019","8","0.198855755572127","19.8855755572127"
"福建省2019","福建省","350582","晋江市","Jinjiang City","201908","2019","8","0.286276190871279","28.6276190871279"
"福建省2019","福建省","350583","南安市","Nan'an City","201908","2019","8","0.237037226131814","23.7037226131814"
"福建省2019","福建省","350602","芗城区","Xiangcheng District","201908","2019","8","0.269501264962045","26.9501264962045"
"福建省2019","福建省","350603","龙文区","Longwen District","201908","2019","8","0.187697366260168","18.7697366260168"
"福建省2019","福建省","350622","云霄县","Yunxiao County","201908","2019","8","0.264607573104576","26.4607573104576"
"福建省2019","福建省","350623","漳浦县","Zhangpu County","201908","2019","8","0.159712374004923","15.9712374004923"
"福建省2019","福建省","350624","诏安县","Zhao'an County","201908","2019","8","0.159585690724982","15.9585690724982"
"福建省2019","福建省","350625","长泰县","Changtai County","201908","2019","8","0.167834603858779","16.7834603858779"
"福建省2019","福建省","350626","东山县","Dongshan County","201908","2019","8","0.176672905160036","17.6672905160036"
"福建省2019","福建省","350627","南靖县","Nanjing County","201908","2019","8","0.175502121969532","17.5502121969532"
"福建省2019","福建省","350628","平和县","Pinghe County","201908","2019","8","0.182274602056103","18.2274602056103"
"福建省2019","福建省","350629","华安县","Hua'an County","201908","2019","8","0.158916665086688","15.8916665086688"
"福建省2019","福建省","350681","龙海市","Longhai  City","201908","2019","8","0.245829073233873","24.5829073233873"
"福建省2019","福建省","350702","延平区","Yanping District","201908","2019","8","0.0201809706895282","2.01809706895282"
"福建省2019","福建省","350721","顺昌县","Shunchang County","201908","2019","8","0.147860799207868","14.7860799207868"
"福建省2019","福建省","350722","浦城县","Pucheng County","201908","2019","8","0.108753017721205","10.8753017721205"
"福建省2019","福建省","350723","光泽县","Guangze County","201908","2019","8","0.144726655045285","14.4726655045285"
"福建省2019","福建省","350724","松溪县","Songxi County","201908","2019","8","0.132257164760809","13.2257164760809"
"福建省2019","福建省","350725","政和县","Zhenghe County","201908","2019","8","0.114956060448192","11.4956060448192"
"福建省2019","福建省","350781","邵武市","Shaowu City","201908","2019","8","0.125696235586307","12.5696235586307"
"福建省2019","福建省","350782","武夷山市","Wuyishan City","201908","2019","8","0.146187340828732","14.6187340828732"
"福建省2019","福建省","350783","建瓯市","Jian'ou City","201908","2019","8","0.11269010840747","11.269010840747"
"福建省2019","福建省","350784","建阳市","Jianyang City","201908","2019","8","0.139128427217854","13.9128427217854"
"福建省2019","福建省","350802","新罗区","Xinluo District","201908","2019","8","0.148644858173063","14.8644858173063"
"福建省2019","福建省","350821","长汀县","Changting County","201908","2019","8","0.141067133808532","14.1067133808532"
"福建省2019","福建省","350822","永定县","Yongding County","201908","2019","8","0.18020137564369","18.020137564369"
"福建省2019","福建省","350823","上杭县","Shanghang County","201908","2019","8","0.164536278788139","16.4536278788139"
"福建省2019","福建省","350824","武平县","Wuping County","201908","2019","8","0.13676915283496","13.676915283496"
"福建省2019","福建省","350825","连城县","Liancheng County","201908","2019","8","0.184770817648661","18.4770817648661"
"福建省2019","福建省","350881","漳平市","Zhangping City","201908","2019","8","0.152758263265367","15.2758263265367"
"福建省2019","福建省","350902","蕉城区","Jiaocheng District","201908","2019","8","0.249608336865882","24.9608336865882"
"福建省2019","福建省","350921","霞浦县","Xiapu County","201908","2019","8","0.241986396529119","24.1986396529119"
"福建省2019","福建省","350922","古田县","Gutian County","201908","2019","8","0.272731482544461","27.2731482544461"
"福建省2019","福建省","350923","屏南县","Pingnan County","201908","2019","8","0.14495965960093","14.495965960093"
"福建省2019","福建省","350924","寿宁县","Shouning County","201908","2019","8","0.241571198100528","24.1571198100528"
"福建省2019","福建省","350925","周宁县","Zhouning County","201908","2019","8","0.219806595747059","21.9806595747059"
"福建省2019","福建省","350926","柘荣县","Zherong County","201908","2019","8","0.249527440163429","24.9527440163429"
"福建省2019","福建省","350981","福安市","Fu'an City","201908","2019","8","0.29276119799508","29.276119799508"
"福建省2019","福建省","350982","福鼎市","Fuding City","201908","2019","8","0.251813505109479","25.1813505109479"
"福建省2019","福建省","350102","鼓楼区","Gulou District","201909","2019","9","0.289909142778765","28.9909142778765"
"福建省2019","福建省","350103","台江区","Taijiang District","201909","2019","9","0.289909142778765","28.9909142778765"
"福建省2019","福建省","350104","仓山区","Cangshan District","201909","2019","9","0.262367159196901","26.2367159196901"
"福建省2019","福建省","350105","马尾区","Mawei District","201909","2019","9","0.240312822758575","24.0312822758575"
"福建省2019","福建省","350111","晋安区","Jin'an District","201909","2019","9","0.282750249840522","28.2750249840522"
"福建省2019","福建省","350121","闽侯县","Minhou County","201909","2019","9","0.231392934238035","23.1392934238035"
"福建省2019","福建省","350122","连江县","Lianjiang County","201909","2019","9","0.284247454256737","28.4247454256737"
"福建省2019","福建省","350123","罗源县","Luoyuan County","201909","2019","9","0.281883133789318","28.1883133789318"
"福建省2019","福建省","350124","闽清县","Minqing County","201909","2019","9","0.282694511212118","28.2694511212118"
"福建省2019","福建省","350125","永泰县","Yongtai County","201909","2019","9","0.234127921209152","23.4127921209152"
"福建省2019","福建省","350128","平潭县","Pingtan County","201909","2019","9","0.288813815494314","28.8813815494314"
"福建省2019","福建省","350181","福清市","Fuqing City","201909","2019","9","0.284247454256737","28.4247454256737"
"福建省2019","福建省","350182","长乐市","Changle City","201909","2019","9","0.288968727541846","28.8968727541846"
"福建省2019","福建省","350203","思明区","Siming District","201909","2019","9","0.243581603050106","24.3581603050106"
"福建省2019","福建省","350205","海沧区","Haicang District","201909","2019","9","0.223910109231565","22.3910109231565"
"福建省2019","福建省","350206","湖里区","Huli District","201909","2019","9","0.27564732539769","27.564732539769"
"福建省2019","福建省","350211","集美区","Jimei District","201909","2019","9","0.235266131054026","23.5266131054026"
"福建省2019","福建省","350212","同安区","Tong'an District","201909","2019","9","0.235645707422761","23.5645707422761"
"福建省2019","福建省","350213","翔安区","Xiang'an District","201909","2019","9","0.228085726776503","22.8085726776503"
"福建省2019","福建省","350302","城厢区","Chengxiang District","201909","2019","9","0.240473653652622","24.0473653652622"
"福建省2019","福建省","350303","涵江区","Hanjiang District","201909","2019","9","0.24281065657824","24.281065657824"
"福建省2019","福建省","350304","荔城区","Licheng District","201909","2019","9","0.181905298269969","18.1905298269969"
"福建省2019","福建省","350305","秀屿区","Xiuyu District","201909","2019","9","0.183646144314745","18.3646144314745"
"福建省2019","福建省","350322","仙游县","Xianyou County","201909","2019","9","0.21488797201933","21.488797201933"
"福建省2019","福建省","350402","梅列区","Melie district","201909","2019","9","0.282378716069665","28.2378716069665"
"福建省2019","福建省","350403","三元区","Sanyuan District","201909","2019","9","0.315887748635958","31.5887748635958"
"福建省2019","福建省","350421","明溪县","Mingxi County","201909","2019","9","0.274087482679602","27.4087482679602"
"福建省2019","福建省","350423","清流县","Qingliu County","201909","2019","9","0.226588270513964","22.6588270513964"
"福建省2019","福建省","350424","宁化县","Ninghua County","201909","2019","9","0.282510254030926","28.2510254030926"
"福建省2019","福建省","350425","大田县","Datian County","201909","2019","9","0.290323667175012","29.0323667175012"
"福建省2019","福建省","350426","尤溪县","Youxi County","201909","2019","9","0.22737360611107","22.737360611107"
"福建省2019","福建省","350427","沙县","Sha County","201909","2019","9","0.227550385745954","22.7550385745954"
"福建省2019","福建省","350428","将乐县","Jiangle County","201909","2019","9","0.270047326403748","27.0047326403748"
"福建省2019","福建省","350429","泰宁县","Taining County","201909","2019","9","0.219612763826535","21.9612763826535"
"福建省2019","福建省","350430","建宁县","Jianning County","201909","2019","9","0.258250027694809","25.8250027694809"
"福建省2019","福建省","350481","永安市","Yong'an City","201909","2019","9","0.248167894947852","24.8167894947852"
"福建省2019","福建省","350502","鲤城区","Licheng District","201909","2019","9","0.241287339819359","24.1287339819359"
"福建省2019","福建省","350503","丰泽区","Fengze District","201909","2019","9","0.292746427895037","29.2746427895037"
"福建省2019","福建省","350504","洛江区","Luojiang District","201909","2019","9","0.241938406525248","24.1938406525248"
"福建省2019","福建省","350505","泉港区","Quangang District","201909","2019","9","0.237353652263784","23.7353652263784"
"福建省2019","福建省","350521","惠安县","Hui'an County","201909","2019","9","0.24116924587277","24.116924587277"
"福建省2019","福建省","350524","安溪县","Anxi County","201909","2019","9","0.237259643983807","23.7259643983807"
"福建省2019","福建省","350525","永春县","Yongchun County","201909","2019","9","0.238519753860077","23.8519753860077"
"福建省2019","福建省","350526","德化县","Dehua County","201909","2019","9","0.231575923945365","23.1575923945365"
"福建省2019","福建省","350527","金门县","Kinmen County","201909","2019","9","0.297506129265953","29.7506129265953"
"福建省2019","福建省","350581","石狮市","Shishi City","201909","2019","9","0.198855755572127","19.8855755572127"
"福建省2019","福建省","350582","晋江市","Jinjiang City","201909","2019","9","0.33932215439155","33.932215439155"
"福建省2019","福建省","350583","南安市","Nan'an City","201909","2019","9","0.237037226131814","23.7037226131814"
"福建省2019","福建省","350602","芗城区","Xiangcheng District","201909","2019","9","0.25233555689637","25.233555689637"
"福建省2019","福建省","350603","龙文区","Longwen District","201909","2019","9","0.187697366260168","18.7697366260168"
"福建省2019","福建省","350622","云霄县","Yunxiao County","201909","2019","9","0.264607573104576","26.4607573104576"
"福建省2019","福建省","350623","漳浦县","Zhangpu County","201909","2019","9","0.161378187245471","16.1378187245471"
"福建省2019","福建省","350624","诏安县","Zhao'an County","201909","2019","9","0.16050491973333","16.050491973333"
"福建省2019","福建省","350625","长泰县","Changtai County","201909","2019","9","0.167834603858779","16.7834603858779"
"福建省2019","福建省","350626","东山县","Dongshan County","201909","2019","9","0.177332615231761","17.7332615231761"
"福建省2019","福建省","350627","南靖县","Nanjing County","201909","2019","9","0.168033677846059","16.8033677846059"
"福建省2019","福建省","350628","平和县","Pinghe County","201909","2019","9","0.17636998623327","17.636998623327"
"福建省2019","福建省","350629","华安县","Hua'an County","201909","2019","9","0.159108768883527","15.9108768883527"
"福建省2019","福建省","350681","龙海市","Longhai  City","201909","2019","9","0.236428775487146","23.6428775487146"
"福建省2019","福建省","350702","延平区","Yanping District","201909","2019","9","0.0497690655348681","4.97690655348681"
"福建省2019","福建省","350721","顺昌县","Shunchang County","201909","2019","9","0.153204006531923","15.3204006531923"
"福建省2019","福建省","350722","浦城县","Pucheng County","201909","2019","9","0.109567254286636","10.9567254286636"
"福建省2019","福建省","350723","光泽县","Guangze County","201909","2019","9","0.146862782595554","14.6862782595554"
"福建省2019","福建省","350724","松溪县","Songxi County","201909","2019","9","0.117767920991213","11.7767920991213"
"福建省2019","福建省","350725","政和县","Zhenghe County","201909","2019","9","0.114956060448192","11.4956060448192"
"福建省2019","福建省","350781","邵武市","Shaowu City","201909","2019","9","0.124125242944606","12.4125242944606"
"福建省2019","福建省","350782","武夷山市","Wuyishan City","201909","2019","9","0.146204024045031","14.6204024045031"
"福建省2019","福建省","350783","建瓯市","Jian'ou City","201909","2019","9","0.112056423676953","11.2056423676953"
"福建省2019","福建省","350784","建阳市","Jianyang City","201909","2019","9","0.121308619300746","12.1308619300746"
"福建省2019","福建省","350802","新罗区","Xinluo District","201909","2019","9","0.14684240227522","14.684240227522"
"福建省2019","福建省","350821","长汀县","Changting County","201909","2019","9","0.176866338705466","17.6866338705466"
"福建省2019","福建省","350822","永定县","Yongding County","201909","2019","9","0.18020137564369","18.020137564369"
"福建省2019","福建省","350823","上杭县","Shanghang County","201909","2019","9","0.175398098448108","17.5398098448108"
"福建省2019","福建省","350824","武平县","Wuping County","201909","2019","9","0.144141491485432","14.4141491485432"
"福建省2019","福建省","350825","连城县","Liancheng County","201909","2019","9","0.186909125730192","18.6909125730192"
"福建省2019","福建省","350881","漳平市","Zhangping City","201909","2019","9","0.151332602437037","15.1332602437037"
"福建省2019","福建省","350902","蕉城区","Jiaocheng District","201909","2019","9","0.265203912230576","26.5203912230576"
"福建省2019","福建省","350921","霞浦县","Xiapu County","201909","2019","9","0.248480240253571","24.8480240253571"
"福建省2019","福建省","350922","古田县","Gutian County","201909","2019","9","0.25473579706021","25.473579706021"
"福建省2019","福建省","350923","屏南县","Pingnan County","201909","2019","9","0.144186299067574","14.4186299067574"
"福建省2019","福建省","350924","寿宁县","Shouning County","201909","2019","9","0.250774624370553","25.0774624370553"
"福建省2019","福建省","350925","周宁县","Zhouning County","201909","2019","9","0.21344265618808","21.344265618808"
"福建省2019","福建省","350926","柘荣县","Zherong County","201909","2019","9","0.200970233496589","20.0970233496589"
"福建省2019","福建省","350981","福安市","Fu'an City","201909","2019","9","0.298384843985128","29.8384843985128"
"福建省2019","福建省","350982","福鼎市","Fuding City","201909","2019","9","0.252133763884597","25.2133763884597"
"福建省2019","福建省","350102","鼓楼区","Gulou District","201910","2019","10","0.289909142778765","28.9909142778765"
"福建省2019","福建省","350103","台江区","Taijiang District","201910","2019","10","0.289909142778765","28.9909142778765"
"福建省2019","福建省","350104","仓山区","Cangshan District","201910","2019","10","0.244792955478071","24.4792955478071"
"福建省2019","福建省","350105","马尾区","Mawei District","201910","2019","10","0.247280263953007","24.7280263953007"
"福建省2019","福建省","350111","晋安区","Jin'an District","201910","2019","10","0.276341548489641","27.6341548489641"
"福建省2019","福建省","350121","闽侯县","Minhou County","201910","2019","10","0.231392934238035","23.1392934238035"
"福建省2019","福建省","350122","连江县","Lianjiang County","201910","2019","10","0.288431642818931","28.8431642818931"
"福建省2019","福建省","350123","罗源县","Luoyuan County","201910","2019","10","0.282898123928058","28.2898123928058"
"福建省2019","福建省","350124","闽清县","Minqing County","201910","2019","10","0.281804970764235","28.1804970764235"
"福建省2019","福建省","350125","永泰县","Yongtai County","201910","2019","10","0.213279333389134","21.3279333389134"
"福建省2019","福建省","350128","平潭县","Pingtan County","201910","2019","10","0.286016167326203","28.6016167326203"
"福建省2019","福建省","350181","福清市","Fuqing City","201910","2019","10","0.232310099938137","23.2310099938137"
"福建省2019","福建省","350182","长乐市","Changle City","201910","2019","10","0.288500223778243","28.8500223778243"
"福建省2019","福建省","350203","思明区","Siming District","201910","2019","10","0.258299356605318","25.8299356605318"
"福建省2019","福建省","350205","海沧区","Haicang District","201910","2019","10","0.223487279401458","22.3487279401458"
"福建省2019","福建省","350206","湖里区","Huli District","201910","2019","10","0.234648552582776","23.4648552582776"
"福建省2019","福建省","350211","集美区","Jimei District","201910","2019","10","0.234976712006025","23.4976712006025"
"福建省2019","福建省","350212","同安区","Tong'an District","201910","2019","10","0.233032414426957","23.3032414426957"
"福建省2019","福建省","350213","翔安区","Xiang'an District","201910","2019","10","0.2284178140866","22.84178140866"
"福建省2019","福建省","350302","城厢区","Chengxiang District","201910","2019","10","0.240447502846154","24.0447502846154"
"福建省2019","福建省","350303","涵江区","Hanjiang District","201910","2019","10","0.237187753305896","23.7187753305896"
"福建省2019","福建省","350304","荔城区","Licheng District","201910","2019","10","0.248226853545982","24.8226853545982"
"福建省2019","福建省","350305","秀屿区","Xiuyu District","201910","2019","10","0.186134208328653","18.6134208328653"
"福建省2019","福建省","350322","仙游县","Xianyou County","201910","2019","10","0.212100020392591","21.2100020392591"
"福建省2019","福建省","350402","梅列区","Melie district","201910","2019","10","0.278430908635466","27.8430908635466"
"福建省2019","福建省","350403","三元区","Sanyuan District","201910","2019","10","0.316029593064597","31.6029593064597"
"福建省2019","福建省","350421","明溪县","Mingxi County","201910","2019","10","0.272664884302571","27.2664884302571"
"福建省2019","福建省","350423","清流县","Qingliu County","201910","2019","10","0.226588270513964","22.6588270513964"
"福建省2019","福建省","350424","宁化县","Ninghua County","201910","2019","10","0.256468436578047","25.6468436578047"
"福建省2019","福建省","350425","大田县","Datian County","201910","2019","10","0.288129582001276","28.8129582001276"
"福建省2019","福建省","350426","尤溪县","Youxi County","201910","2019","10","0.236546366656893","23.6546366656893"
"福建省2019","福建省","350427","沙县","Sha County","201910","2019","10","0.225498808043543","22.5498808043543"
"福建省2019","福建省","350428","将乐县","Jiangle County","201910","2019","10","0.290743194612959","29.0743194612959"
"福建省2019","福建省","350429","泰宁县","Taining County","201910","2019","10","0.231602058267346","23.1602058267346"
"福建省2019","福建省","350430","建宁县","Jianning County","201910","2019","10","0.257427993967191","25.7427993967191"
"福建省2019","福建省","350481","永安市","Yong'an City","201910","2019","10","0.230577364260795","23.0577364260795"
"福建省2019","福建省","350502","鲤城区","Licheng District","201910","2019","10","0.241287339819359","24.1287339819359"
"福建省2019","福建省","350503","丰泽区","Fengze District","201910","2019","10","0.293128380777264","29.3128380777264"
"福建省2019","福建省","350504","洛江区","Luojiang District","201910","2019","10","0.268233282827592","26.8233282827592"
"福建省2019","福建省","350505","泉港区","Quangang District","201910","2019","10","0.23723555740139","23.723555740139"
"福建省2019","福建省","350521","惠安县","Hui'an County","201910","2019","10","0.24116924587277","24.116924587277"
"福建省2019","福建省","350524","安溪县","Anxi County","201910","2019","10","0.23723555740139","23.723555740139"
"福建省2019","福建省","350525","永春县","Yongchun County","201910","2019","10","0.238519753860077","23.8519753860077"
"福建省2019","福建省","350526","德化县","Dehua County","201910","2019","10","0.231575923945365","23.1575923945365"
"福建省2019","福建省","350527","金门县","Kinmen County","201910","2019","10","0.295492935690716","29.5492935690716"
"福建省2019","福建省","350581","石狮市","Shishi City","201910","2019","10","0.197199218518541","19.7199218518541"
"福建省2019","福建省","350582","晋江市","Jinjiang City","201910","2019","10","0.254904390315861","25.4904390315861"
"福建省2019","福建省","350583","南安市","Nan'an City","201910","2019","10","0.237353652263784","23.7353652263784"
"福建省2019","福建省","350602","芗城区","Xiangcheng District","201910","2019","10","0.269789248943902","26.9789248943902"
"福建省2019","福建省","350603","龙文区","Longwen District","201910","2019","10","0.187697366260168","18.7697366260168"
"福建省2019","福建省","350622","云霄县","Yunxiao County","201910","2019","10","0.264607573104576","26.4607573104576"
"福建省2019","福建省","350623","漳浦县","Zhangpu County","201910","2019","10","0.167532794887447","16.7532794887447"
"福建省2019","福建省","350624","诏安县","Zhao'an County","201910","2019","10","0.161378187245471","16.1378187245471"
"福建省2019","福建省","350625","长泰县","Changtai County","201910","2019","10","0.167834603858779","16.7834603858779"
"福建省2019","福建省","350626","东山县","Dongshan County","201910","2019","10","0.176734878587614","17.6734878587614"
"福建省2019","福建省","350627","南靖县","Nanjing County","201910","2019","10","0.168033677846059","16.8033677846059"
"福建省2019","福建省","350628","平和县","Pinghe County","201910","2019","10","0.182468900121278","18.2468900121278"
"福建省2019","福建省","350629","华安县","Hua'an County","201910","2019","10","0.234789029714828","23.4789029714828"
"福建省2019","福建省","350681","龙海市","Longhai  City","201910","2019","10","0.176710030971397","17.6710030971397"
"福建省2019","福建省","350702","延平区","Yanping District","201910","2019","10","0.0188538504592014","1.88538504592014"
"福建省2019","福建省","350721","顺昌县","Shunchang County","201910","2019","10","0.14028638547774","14.028638547774"
"福建省2019","福建省","350722","浦城县","Pucheng County","201910","2019","10","0.108656272100638","10.8656272100638"
"福建省2019","福建省","350723","光泽县","Guangze County","201910","2019","10","0.144726655045285","14.4726655045285"
"福建省2019","福建省","350724","松溪县","Songxi County","201910","2019","10","0.160504197163332","16.0504197163332"
"福建省2019","福建省","350725","政和县","Zhenghe County","201910","2019","10","0.122941550569442","12.2941550569442"
"福建省2019","福建省","350781","邵武市","Shaowu City","201910","2019","10","0.125696235586307","12.5696235586307"
"福建省2019","福建省","350782","武夷山市","Wuyishan City","201910","2019","10","0.11081409231954","11.081409231954"
"福建省2019","福建省","350783","建瓯市","Jian'ou City","201910","2019","10","0.112056423676953","11.2056423676953"
"福建省2019","福建省","350784","建阳市","Jianyang City","201910","2019","10","0.155886660752741","15.5886660752741"
"福建省2019","福建省","350802","新罗区","Xinluo District","201910","2019","10","0.175417940275211","17.5417940275211"
"福建省2019","福建省","350821","长汀县","Changting County","201910","2019","10","0.139935881332831","13.9935881332831"
"福建省2019","福建省","350822","永定县","Yongding County","201910","2019","10","0.18020137564369","18.020137564369"
"福建省2019","福建省","350823","上杭县","Shanghang County","201910","2019","10","0.164536278788139","16.4536278788139"
"福建省2019","福建省","350824","武平县","Wuping County","201910","2019","10","0.135585145422941","13.5585145422941"
"福建省2019","福建省","350825","连城县","Liancheng County","201910","2019","10","0.155593394408716","15.5593394408716"
"福建省2019","福建省","350881","漳平市","Zhangping City","201910","2019","10","0.151332602437037","15.1332602437037"
"福建省2019","福建省","350902","蕉城区","Jiaocheng District","201910","2019","10","0.251129483167354","25.1129483167354"
"福建省2019","福建省","350921","霞浦县","Xiapu County","201910","2019","10","0.237624303723728","23.7624303723728"
"福建省2019","福建省","350922","古田县","Gutian County","201910","2019","10","0.25473579706021","25.473579706021"
"福建省2019","福建省","350923","屏南县","Pingnan County","201910","2019","10","0.150066478470552","15.0066478470552"
"福建省2019","福建省","350924","寿宁县","Shouning County","201910","2019","10","0.262101674707718","26.2101674707718"
"福建省2019","福建省","350925","周宁县","Zhouning County","201910","2019","10","0.221412573048465","22.1412573048465"
"福建省2019","福建省","350926","柘荣县","Zherong County","201910","2019","10","0.188445570551084","18.8445570551084"
"福建省2019","福建省","350981","福安市","Fu'an City","201910","2019","10","0.296631162935882","29.6631162935882"
"福建省2019","福建省","350982","福鼎市","Fuding City","201910","2019","10","0.246658897713045","24.6658897713045"
"福建省2019","福建省","350102","鼓楼区","Gulou District","201911","2019","11","0.289909142778765","28.9909142778765"
"福建省2019","福建省","350103","台江区","Taijiang District","201911","2019","11","0.289909142778765","28.9909142778765"
"福建省2019","福建省","350104","仓山区","Cangshan District","201911","2019","11","0.255559161452223","25.5559161452223"
"福建省2019","福建省","350105","马尾区","Mawei District","201911","2019","11","0.208964632567071","20.8964632567071"
"福建省2019","福建省","350111","晋安区","Jin'an District","201911","2019","11","0.276341548489641","27.6341548489641"
"福建省2019","福建省","350121","闽侯县","Minhou County","201911","2019","11","0.231392934238035","23.1392934238035"
"福建省2019","福建省","350122","连江县","Lianjiang County","201911","2019","11","0.288813815494314","28.8813815494314"
"福建省2019","福建省","350123","罗源县","Luoyuan County","201911","2019","11","0.283123369785317","28.3123369785317"
"福建省2019","福建省","350124","闽清县","Minqing County","201911","2019","11","0.282581697796087","28.2581697796087"
"福建省2019","福建省","350125","永泰县","Yongtai County","201911","2019","11","0.229786245356288","22.9786245356288"
"福建省2019","福建省","350128","平潭县","Pingtan County","201911","2019","11","0.284563880388707","28.4563880388707"
"福建省2019","福建省","350181","福清市","Fuqing City","201911","2019","11","0.244856885980537","24.4856885980537"
"福建省2019","福建省","350182","长乐市","Changle City","201911","2019","11","0.288968727541846","28.8968727541846"
"福建省2019","福建省","350203","思明区","Siming District","201911","2019","11","0.229087313195983","22.9087313195983"
"福建省2019","福建省","350205","海沧区","Haicang District","201911","2019","11","0.219339889708306","21.9339889708306"
"福建省2019","福建省","350206","湖里区","Huli District","201911","2019","11","0.234897557164329","23.4897557164329"
"福建省2019","福建省","350211","集美区","Jimei District","201911","2019","11","0.239660669908177","23.9660669908177"
"福建省2019","福建省","350212","同安区","Tong'an District","201911","2019","11","0.23402861774574","23.402861774574"
"福建省2019","福建省","350213","翔安区","Xiang'an District","201911","2019","11","0.236456806440898","23.6456806440898"
"福建省2019","福建省","350302","城厢区","Chengxiang District","201911","2019","11","0.297729095685029","29.7729095685029"
"福建省2019","福建省","350303","涵江区","Hanjiang District","201911","2019","11","0.237105964609554","23.7105964609554"
"福建省2019","福建省","350304","荔城区","Licheng District","201911","2019","11","0.252050508068943","25.2050508068943"
"福建省2019","福建省","350305","秀屿区","Xiuyu District","201911","2019","11","0.193208167696822","19.3208167696822"
"福建省2019","福建省","350322","仙游县","Xianyou County","201911","2019","11","0.213624661405234","21.3624661405234"
"福建省2019","福建省","350402","梅列区","Melie district","201911","2019","11","0.298536632222439","29.8536632222439"
"福建省2019","福建省","350403","三元区","Sanyuan District","201911","2019","11","0.295232845291888","29.5232845291888"
"福建省2019","福建省","350421","明溪县","Mingxi County","201911","2019","11","0.287803381484524","28.7803381484524"
"福建省2019","福建省","350423","清流县","Qingliu County","201911","2019","11","0.226588270513964","22.6588270513964"
"福建省2019","福建省","350424","宁化县","Ninghua County","201911","2019","11","0.225652229160838","22.5652229160838"
"福建省2019","福建省","350425","大田县","Datian County","201911","2019","11","0.287817480299638","28.7817480299638"
"福建省2019","福建省","350426","尤溪县","Youxi County","201911","2019","11","0.231579937917865","23.1579937917865"
"福建省2019","福建省","350427","沙县","Sha County","201911","2019","11","0.25257107167301","25.257107167301"
"福建省2019","福建省","350428","将乐县","Jiangle County","201911","2019","11","0.272357344224713","27.2357344224713"
"福建省2019","福建省","350429","泰宁县","Taining County","201911","2019","11","0.230656216886903","23.0656216886903"
"福建省2019","福建省","350430","建宁县","Jianning County","201911","2019","11","0.26136149195117","26.136149195117"
"福建省2019","福建省","350481","永安市","Yong'an City","201911","2019","11","0.237551371775744","23.7551371775744"
"福建省2019","福建省","350502","鲤城区","Licheng District","201911","2019","11","0.241287339819359","24.1287339819359"
"福建省2019","福建省","350503","丰泽区","Fengze District","201911","2019","11","0.34624160741372","34.624160741372"
"福建省2019","福建省","350504","洛江区","Luojiang District","201911","2019","11","0.250918297661406","25.0918297661406"
"福建省2019","福建省","350505","泉港区","Quangang District","201911","2019","11","0.233808614871042","23.3808614871042"
"福建省2019","福建省","350521","惠安县","Hui'an County","201911","2019","11","0.24116924587277","24.116924587277"
"福建省2019","福建省","350524","安溪县","Anxi County","201911","2019","11","0.237259643983807","23.7259643983807"
"福建省2019","福建省","350525","永春县","Yongchun County","201911","2019","11","0.238519753860077","23.8519753860077"
"福建省2019","福建省","350526","德化县","Dehua County","201911","2019","11","0.231575923945365","23.1575923945365"
"福建省2019","福建省","350527","金门县","Kinmen County","201911","2019","11","0.319947684464187","31.9947684464187"
"福建省2019","福建省","350581","石狮市","Shishi City","201911","2019","11","0.198855755572127","19.8855755572127"
"福建省2019","福建省","350582","晋江市","Jinjiang City","201911","2019","11","0.267013488510849","26.7013488510849"
"福建省2019","福建省","350583","南安市","Nan'an City","201911","2019","11","0.237353652263784","23.7353652263784"
"福建省2019","福建省","350602","芗城区","Xiangcheng District","201911","2019","11","0.157228288247128","15.7228288247128"
"福建省2019","福建省","350603","龙文区","Longwen District","201911","2019","11","0.187697366260168","18.7697366260168"
"福建省2019","福建省","350622","云霄县","Yunxiao County","201911","2019","11","0.264607573104576","26.4607573104576"
"福建省2019","福建省","350623","漳浦县","Zhangpu County","201911","2019","11","0.160570025213373","16.0570025213373"
"福建省2019","福建省","350624","诏安县","Zhao'an County","201911","2019","11","0.160200432948722","16.0200432948722"
"福建省2019","福建省","350625","长泰县","Changtai County","201911","2019","11","0.167834603858779","16.7834603858779"
"福建省2019","福建省","350626","东山县","Dongshan County","201911","2019","11","0.177992191595983","17.7992191595983"
"福建省2019","福建省","350627","南靖县","Nanjing County","201911","2019","11","0.168497017386315","16.8497017386315"
"福建省2019","福建省","350628","平和县","Pinghe County","201911","2019","11","0.17636998623327","17.636998623327"
"福建省2019","福建省","350629","华安县","Hua'an County","201911","2019","11","0.239108550417628","23.9108550417628"
"福建省2019","福建省","350681","龙海市","Longhai  City","201911","2019","11","0.176710030971397","17.6710030971397"
"福建省2019","福建省","350702","延平区","Yanping District","201911","2019","11","0.0188538504592014","1.88538504592014"
"福建省2019","福建省","350721","顺昌县","Shunchang County","201911","2019","11","0.14065302335606","14.065302335606"
"福建省2019","福建省","350722","浦城县","Pucheng County","201911","2019","11","0.108753017721205","10.8753017721205"
"福建省2019","福建省","350723","光泽县","Guangze County","201911","2019","11","0.144726655045285","14.4726655045285"
"福建省2019","福建省","350724","松溪县","Songxi County","201911","2019","11","0.11781878845381","11.781878845381"
"福建省2019","福建省","350725","政和县","Zhenghe County","201911","2019","11","0.111401479453481","11.1401479453481"
"福建省2019","福建省","350781","邵武市","Shaowu City","201911","2019","11","0.125696235586307","12.5696235586307"
"福建省2019","福建省","350782","武夷山市","Wuyishan City","201911","2019","11","0.110832984457051","11.0832984457051"
"福建省2019","福建省","350783","建瓯市","Jian'ou City","201911","2019","11","0.17949813370593","17.949813370593"
"福建省2019","福建省","350784","建阳市","Jianyang City","201911","2019","11","0.14089757987363","14.089757987363"
"福建省2019","福建省","350802","新罗区","Xinluo District","201911","2019","11","0.175677495844027","17.5677495844027"
"福建省2019","福建省","350821","长汀县","Changting County","201911","2019","11","0.165107689707098","16.5107689707098"
"福建省2019","福建省","350822","永定县","Yongding County","201911","2019","11","0.162012717263831","16.2012717263831"
"福建省2019","福建省","350823","上杭县","Shanghang County","201911","2019","11","0.173844820218927","17.3844820218927"
"福建省2019","福建省","350824","武平县","Wuping County","201911","2019","11","0.130555444645108","13.0555444645108"
"福建省2019","福建省","350825","连城县","Liancheng County","201911","2019","11","0.155852949061727","15.5852949061727"
"福建省2019","福建省","350881","漳平市","Zhangping City","201911","2019","11","0.154613859653356","15.4613859653356"
"福建省2019","福建省","350902","蕉城区","Jiaocheng District","201911","2019","11","0.261997628291173","26.1997628291173"
"福建省2019","福建省","350921","霞浦县","Xiapu County","201911","2019","11","0.248751537355909","24.8751537355909"
"福建省2019","福建省","350922","古田县","Gutian County","201911","2019","11","0.25473579706021","25.473579706021"
"福建省2019","福建省","350923","屏南县","Pingnan County","201911","2019","11","0.213938388660417","21.3938388660417"
"福建省2019","福建省","350924","寿宁县","Shouning County","201911","2019","11","0.250433371685876","25.0433371685876"
"福建省2019","福建省","350925","周宁县","Zhouning County","201911","2019","11","0.219807680975764","21.9807680975764"
"福建省2019","福建省","350926","柘荣县","Zherong County","201911","2019","11","0.221763069866936","22.1763069866936"
"福建省2019","福建省","350981","福安市","Fu'an City","201911","2019","11","0.29276119799508","29.276119799508"
"福建省2019","福建省","350982","福鼎市","Fuding City","201911","2019","11","0.244974355348243","24.4974355348243"
"福建省2019","福建省","350102","鼓楼区","Gulou District","201912","2019","12","0.289909142778765","28.9909142778765"
"福建省2019","福建省","350103","台江区","Taijiang District","201912","2019","12","0.289909142778765","28.9909142778765"
"福建省2019","福建省","350104","仓山区","Cangshan District","201912","2019","12","0.277667249222506","27.7667249222506"
"福建省2019","福建省","350105","马尾区","Mawei District","201912","2019","12","0.242148561750779","24.2148561750779"
"福建省2019","福建省","350111","晋安区","Jin'an District","201912","2019","12","0.276341548489641","27.6341548489641"
"福建省2019","福建省","350121","闽侯县","Minhou County","201912","2019","12","0.23274428574794","23.274428574794"
"福建省2019","福建省","350122","连江县","Lianjiang County","201912","2019","12","0.288813815494314","28.8813815494314"
"福建省2019","福建省","350123","罗源县","Luoyuan County","201912","2019","12","0.282898123928058","28.2898123928058"
"福建省2019","福建省","350124","闽清县","Minqing County","201912","2019","12","0.281804970764235","28.1804970764235"
"福建省2019","福建省","350125","永泰县","Yongtai County","201912","2019","12","0.212989290678055","21.2989290678055"
"福建省2019","福建省","350128","平潭县","Pingtan County","201912","2019","12","0.288142224686735","28.8142224686735"
"福建省2019","福建省","350181","福清市","Fuqing City","201912","2019","12","0.23274428574794","23.274428574794"
"福建省2019","福建省","350182","长乐市","Changle City","201912","2019","12","0.288064865738279","28.8064865738279"
"福建省2019","福建省","350203","思明区","Siming District","201912","2019","12","0.201714138999707","20.1714138999707"
"福建省2019","福建省","350205","海沧区","Haicang District","201912","2019","12","0.227667986073749","22.7667986073749"
"福建省2019","福建省","350206","湖里区","Huli District","201912","2019","12","0.241537894858462","24.1537894858462"
"福建省2019","福建省","350211","集美区","Jimei District","201912","2019","12","0.236668819834397","23.6668819834397"
"福建省2019","福建省","350212","同安区","Tong'an District","201912","2019","12","0.25009442866094","25.009442866094"
"福建省2019","福建省","350213","翔安区","Xiang'an District","201912","2019","12","0.228678217690674","22.8678217690674"
"福建省2019","福建省","350302","城厢区","Chengxiang District","201912","2019","12","0.296650784054025","29.6650784054025"
"福建省2019","福建省","350303","涵江区","Hanjiang District","201912","2019","12","0.236977546795295","23.6977546795295"
"福建省2019","福建省","350304","荔城区","Licheng District","201912","2019","12","0.252708179559151","25.2708179559151"
"福建省2019","福建省","350305","秀屿区","Xiuyu District","201912","2019","12","0.207948207362187","20.7948207362187"
"福建省2019","福建省","350322","仙游县","Xianyou County","201912","2019","12","0.213624661405234","21.3624661405234"
"福建省2019","福建省","350402","梅列区","Melie district","201912","2019","12","0.264813587060738","26.4813587060738"
"福建省2019","福建省","350403","三元区","Sanyuan District","201912","2019","12","0.313489118456981","31.3489118456981"
"福建省2019","福建省","350421","明溪县","Mingxi County","201912","2019","12","0.274361989677814","27.4361989677814"
"福建省2019","福建省","350423","清流县","Qingliu County","201912","2019","12","0.226588270513964","22.6588270513964"
"福建省2019","福建省","350424","宁化县","Ninghua County","201912","2019","12","0.229555483606634","22.9555483606634"
"福建省2019","福建省","350425","大田县","Datian County","201912","2019","12","0.295821530121252","29.5821530121252"
"福建省2019","福建省","350426","尤溪县","Youxi County","201912","2019","12","0.222294268712311","22.2294268712311"
"福建省2019","福建省","350427","沙县","Sha County","201912","2019","12","0.232957154503135","23.2957154503135"
"福建省2019","福建省","350428","将乐县","Jiangle County","201912","2019","12","0.237648521266234","23.7648521266234"
"福建省2019","福建省","350429","泰宁县","Taining County","201912","2019","12","0.227550385745954","22.7550385745954"
"福建省2019","福建省","350430","建宁县","Jianning County","201912","2019","12","0.304133434141775","30.4133434141775"
"福建省2019","福建省","350481","永安市","Yong'an City","201912","2019","12","0.231926689094646","23.1926689094646"
"福建省2019","福建省","350502","鲤城区","Licheng District","201912","2019","12","0.241287339819359","24.1287339819359"
"福建省2019","福建省","350503","丰泽区","Fengze District","201912","2019","12","0.295930283774542","29.5930283774542"
"福建省2019","福建省","350504","洛江区","Luojiang District","201912","2019","12","0.256359168242451","25.6359168242451"
"福建省2019","福建省","350505","泉港区","Quangang District","201912","2019","12","0.233808614871042","23.3808614871042"
"福建省2019","福建省","350521","惠安县","Hui'an County","201912","2019","12","0.24116924587277","24.116924587277"
"福建省2019","福建省","350524","安溪县","Anxi County","201912","2019","12","0.237259643983807","23.7259643983807"
"福建省2019","福建省","350525","永春县","Yongchun County","201912","2019","12","0.236919132185224","23.6919132185224"
"福建省2019","福建省","350526","德化县","Dehua County","201912","2019","12","0.231735842697816","23.1735842697816"
"福建省2019","福建省","350527","金门县","Kinmen County","201912","2019","12","0.27217744902185","27.217744902185"
"福建省2019","福建省","350581","石狮市","Shishi City","201912","2019","12","0.197112679542628","19.7112679542628"
"福建省2019","福建省","350582","晋江市","Jinjiang City","201912","2019","12","0.148414783277019","14.8414783277019"
"福建省2019","福建省","350583","南安市","Nan'an City","201912","2019","12","0.237353652263784","23.7353652263784"
"福建省2019","福建省","350602","芗城区","Xiangcheng District","201912","2019","12","0.142854639192784","14.2854639192784"
"福建省2019","福建省","350603","龙文区","Longwen District","201912","2019","12","0.187697366260168","18.7697366260168"
"福建省2019","福建省","350622","云霄县","Yunxiao County","201912","2019","12","0.264607573104576","26.4607573104576"
"福建省2019","福建省","350623","漳浦县","Zhangpu County","201912","2019","12","0.160608010049649","16.0608010049649"
"福建省2019","福建省","350624","诏安县","Zhao'an County","201912","2019","12","0.161378187245471","16.1378187245471"
"福建省2019","福建省","350625","长泰县","Changtai County","201912","2019","12","0.167850547104788","16.7850547104788"
"福建省2019","福建省","350626","东山县","Dongshan County","201912","2019","12","0.173269907262359","17.3269907262359"
"福建省2019","福建省","350627","南靖县","Nanjing County","201912","2019","12","0.172888866521726","17.2888866521726"
"福建省2019","福建省","350628","平和县","Pinghe County","201912","2019","12","0.160601437318498","16.0601437318498"
"福建省2019","福建省","350629","华安县","Hua'an County","201912","2019","12","0.238108934810108","23.8108934810108"
"福建省2019","福建省","350681","龙海市","Longhai  City","201912","2019","12","0.149774555612189","14.9774555612189"
"福建省2019","福建省","350702","延平区","Yanping District","201912","2019","12","0.0225502355871393","2.25502355871393"
"福建省2019","福建省","350721","顺昌县","Shunchang County","201912","2019","12","0.153204006531923","15.3204006531923"
"福建省2019","福建省","350722","浦城县","Pucheng County","201912","2019","12","0.108656272100638","10.8656272100638"
"福建省2019","福建省","350723","光泽县","Guangze County","201912","2019","12","0.111508427139678","11.1508427139678"
"福建省2019","福建省","350724","松溪县","Songxi County","201912","2019","12","0.159854411668378","15.9854411668378"
"福建省2019","福建省","350725","政和县","Zhenghe County","201912","2019","12","0.140480763217933","14.0480763217933"
"福建省2019","福建省","350781","邵武市","Shaowu City","201912","2019","12","0.131039443826166","13.1039443826166"
"福建省2019","福建省","350782","武夷山市","Wuyishan City","201912","2019","12","0.110832984457051","11.0832984457051"
"福建省2019","福建省","350783","建瓯市","Jian'ou City","201912","2019","12","0.20661978211","20.661978211"
"福建省2019","福建省","350784","建阳市","Jianyang City","201912","2019","12","0.125152486551759","12.5152486551759"
"福建省2019","福建省","350802","新罗区","Xinluo District","201912","2019","12","0.146863412669266","14.6863412669266"
"福建省2019","福建省","350821","长汀县","Changting County","201912","2019","12","0.176866338705466","17.6866338705466"
"福建省2019","福建省","350822","永定县","Yongding County","201912","2019","12","0.170410277424426","17.0410277424426"
"福建省2019","福建省","350823","上杭县","Shanghang County","201912","2019","12","0.175339163660903","17.5339163660903"
"福建省2019","福建省","350824","武平县","Wuping County","201912","2019","12","0.14114297526841","14.114297526841"
"福建省2019","福建省","350825","连城县","Liancheng County","201912","2019","12","0.186909125730192","18.6909125730192"
"福建省2019","福建省","350881","漳平市","Zhangping City","201912","2019","12","0.145980085041242","14.5980085041242"
"福建省2019","福建省","350902","蕉城区","Jiaocheng District","201912","2019","12","0.251129483167354","25.1129483167354"
"福建省2019","福建省","350921","霞浦县","Xiapu County","201912","2019","12","0.241791123131817","24.1791123131817"
"福建省2019","福建省","350922","古田县","Gutian County","201912","2019","12","0.254734841875789","25.4734841875789"
"福建省2019","福建省","350923","屏南县","Pingnan County","201912","2019","12","0.144768818698929","14.4768818698929"
"福建省2019","福建省","350924","寿宁县","Shouning County","201912","2019","12","0.240387826257049","24.0387826257049"
"福建省2019","福建省","350925","周宁县","Zhouning County","201912","2019","12","0.224026687521187","22.4026687521187"
"福建省2019","福建省","350926","柘荣县","Zherong County","201912","2019","12","0.221763069866936","22.1763069866936"
"福建省2019","福建省","350981","福安市","Fu'an City","201912","2019","12","0.252423049225095","25.2423049225095"
"福建省2019","福建省","350982","福鼎市","Fuding City","201912","2019","12","0.249221017367444","24.9221017367444"
"福建省2020","福建省","350102","鼓楼区","Gulou District","202001","2020","1","0.290786198392465","29.0786198392465"
"福建省2020","福建省","350103","台江区","Taijiang District","202001","2020","1","0.290786198392465","29.0786198392465"
"福建省2020","福建省","350104","仓山区","Cangshan District","202001","2020","1","0.257151154541035","25.7151154541035"
"福建省2020","福建省","350105","马尾区","Mawei District","202001","2020","1","0.258194007507734","25.8194007507734"
"福建省2020","福建省","350111","晋安区","Jin'an District","202001","2020","1","0.277177558888164","27.7177558888164"
"福建省2020","福建省","350121","闽侯县","Minhou County","202001","2020","1","0.232092961906778","23.2092961906778"
"福建省2020","福建省","350122","连江县","Lianjiang County","202001","2020","1","0.289331318018612","28.9331318018612"
"福建省2020","福建省","350123","罗源县","Luoyuan County","202001","2020","1","0.283753969330294","28.3753969330294"
"福建省2020","福建省","350124","闽清县","Minqing County","202001","2020","1","0.289013935010679","28.9013935010679"
"福建省2020","福建省","350125","永泰县","Yongtai County","202001","2020","1","0.22824718578834","22.824718578834"
"福建省2020","福建省","350128","平潭县","Pingtan County","202001","2020","1","0.289013935010679","28.9013935010679"
"福建省2020","福建省","350181","福清市","Fuqing City","202001","2020","1","0.233448401762158","23.3448401762158"
"福建省2020","福建省","350182","长乐市","Changle City","202001","2020","1","0.289305207445958","28.9305207445958"
"福建省2020","福建省","350203","思明区","Siming District","202001","2020","1","0.198720428464603","19.8720428464603"
"福建省2020","福建省","350205","海沧区","Haicang District","202001","2020","1","0.236123525412346","23.6123525412346"
"福建省2020","福建省","350206","湖里区","Huli District","202001","2020","1","0.23332004773227","23.332004773227"
"福建省2020","福建省","350211","集美区","Jimei District","202001","2020","1","0.240899630231791","24.0899630231791"
"福建省2020","福建省","350212","同安区","Tong'an District","202001","2020","1","0.251400292650968","25.1400292650968"
"福建省2020","福建省","350213","翔安区","Xiang'an District","202001","2020","1","0.232321284358771","23.2321284358771"
"福建省2020","福建省","350302","城厢区","Chengxiang District","202001","2020","1","0.297548235358976","29.7548235358976"
"福建省2020","福建省","350303","涵江区","Hanjiang District","202001","2020","1","0.237246055103653","23.7246055103653"
"福建省2020","福建省","350304","荔城区","Licheng District","202001","2020","1","0.264152110592083","26.4152110592083"
"福建省2020","福建省","350305","秀屿区","Xiuyu District","202001","2020","1","0.194904257181812","19.4904257181812"
"福建省2020","福建省","350322","仙游县","Xianyou County","202001","2020","1","0.214270935311288","21.4270935311288"
"福建省2020","福建省","350402","梅列区","Melie district","202001","2020","1","0.271556979023855","27.1556979023855"
"福建省2020","福建省","350403","三元区","Sanyuan District","202001","2020","1","0.316132003024126","31.6132003024126"
"福建省2020","福建省","350421","明溪县","Mingxi County","202001","2020","1","0.265823604056339","26.5823604056339"
"福建省2020","福建省","350423","清流县","Qingliu County","202001","2020","1","0.227273762707241","22.7273762707241"
"福建省2020","福建省","350424","宁化县","Ninghua County","202001","2020","1","0.230160154308802","23.0160154308802"
"福建省2020","福建省","350425","大田县","Datian County","202001","2020","1","0.305093968677652","30.5093968677652"
"福建省2020","福建省","350426","尤溪县","Youxi County","202001","2020","1","0.223139323374602","22.3139323374602"
"福建省2020","福建省","350427","沙县","Sha County","202001","2020","1","0.277870133564994","27.7870133564994"
"福建省2020","福建省","350428","将乐县","Jiangle County","202001","2020","1","0.239369866498303","23.9369866498303"
"福建省2020","福建省","350429","泰宁县","Taining County","202001","2020","1","0.237018404695935","23.7018404695935"
"福建省2020","福建省","350430","建宁县","Jianning County","202001","2020","1","0.291798734083137","29.1798734083137"
"福建省2020","福建省","350481","永安市","Yong'an City","202001","2020","1","0.232856163662835","23.2856163662835"
"福建省2020","福建省","350502","鲤城区","Licheng District","202001","2020","1","0.242017301373502","24.2017301373502"
"福建省2020","福建省","350503","丰泽区","Fengze District","202001","2020","1","0.272156250635735","27.2156250635735"
"福建省2020","福建省","350504","洛江区","Luojiang District","202001","2020","1","0.250549106344285","25.0549106344285"
"福建省2020","福建省","350505","泉港区","Quangang District","202001","2020","1","0.234515950519779","23.4515950519779"
"福建省2020","福建省","350521","惠安县","Hui'an County","202001","2020","1","0.241898849897645","24.1898849897645"
"福建省2020","福建省","350524","安溪县","Anxi County","202001","2020","1","0.237977420139317","23.7977420139317"
"福建省2020","福建省","350525","永春县","Yongchun County","202001","2020","1","0.237635877506931","23.7635877506931"
"福建省2020","福建省","350526","德化县","Dehua County","202001","2020","1","0.232593888285458","23.2593888285458"
"福建省2020","福建省","350527","金门县","Kinmen County","202001","2020","1","0.278171396691258","27.8171396691258"
"福建省2020","福建省","350581","石狮市","Shishi City","202001","2020","1","0.197256882208356","19.7256882208356"
"福建省2020","福建省","350582","晋江市","Jinjiang City","202001","2020","1","0.15975018669771","15.975018669771"
"福建省2020","福建省","350583","南安市","Nan'an City","202001","2020","1","0.237953261432958","23.7953261432958"
"福建省2020","福建省","350602","芗城区","Xiangcheng District","202001","2020","1","0.157584619502957","15.7584619502957"
"福建省2020","福建省","350603","龙文区","Longwen District","202001","2020","1","0.188265203399549","18.8265203399549"
"福建省2020","福建省","350622","云霄县","Yunxiao County","202001","2020","1","0.265408084222378","26.5408084222378"
"福建省2020","福建省","350623","漳浦县","Zhangpu County","202001","2020","1","0.161866400870534","16.1866400870534"
"福建省2020","福建省","350624","诏安县","Zhao'an County","202001","2020","1","0.16804989218078","16.804989218078"
"福建省2020","福建省","350625","长泰县","Changtai County","202001","2020","1","0.168558018246898","16.8558018246898"
"福建省2020","福建省","350626","东山县","Dongshan County","202001","2020","1","0.17786625010732","17.786625010732"
"福建省2020","福建省","350627","南靖县","Nanjing County","202001","2020","1","0.173678561364908","17.3678561364908"
"福建省2020","福建省","350628","平和县","Pinghe County","202001","2020","1","0.161751719085653","16.1751719085653"
"福建省2020","福建省","350629","华安县","Hua'an County","202001","2020","1","0.238900641880304","23.8900641880304"
"福建省2020","福建省","350681","龙海市","Longhai  City","202001","2020","1","0.150227665440957","15.0227665440957"
"福建省2020","福建省","350702","延平区","Yanping District","202001","2020","1","0.0565559943045614","5.65559943045614"
"福建省2020","福建省","350721","顺昌县","Shunchang County","202001","2020","1","0.153667491011608","15.3667491011608"
"福建省2020","福建省","350722","浦城县","Pucheng County","202001","2020","1","0.108984987668174","10.8984987668174"
"福建省2020","福建省","350723","光泽县","Guangze County","202001","2020","1","0.147307083127854","14.7307083127854"
"福建省2020","福建省","350724","松溪县","Songxi County","202001","2020","1","0.131120106284188","13.1120106284188"
"福建省2020","福建省","350725","政和县","Zhenghe County","202001","2020","1","0.140905756745061","14.0905756745061"
"福建省2020","福建省","350781","邵武市","Shaowu City","202001","2020","1","0.129319535332547","12.9319535332547"
"福建省2020","福建省","350782","武夷山市","Wuyishan City","202001","2020","1","0.126773198134177","12.6773198134177"
"福建省2020","福建省","350783","建瓯市","Jian'ou City","202001","2020","1","0.194586709835183","19.4586709835183"
"福建省2020","福建省","350784","建阳市","Jianyang City","202001","2020","1","0.112307375337941","11.2307375337941"
"福建省2020","福建省","350802","新罗区","Xinluo District","202001","2020","1","0.147685515666","14.7685515666"
"福建省2020","福建省","350821","长汀县","Changting County","202001","2020","1","0.177401408466603","17.7401408466603"
"福建省2020","福建省","350822","永定县","Yongding County","202001","2020","1","0.169897492460278","16.9897492460278"
"福建省2020","福建省","350823","上杭县","Shanghang County","202001","2020","1","0.173664464042717","17.3664464042717"
"福建省2020","福建省","350824","武平县","Wuping County","202001","2020","1","0.13645632236509","13.645632236509"
"福建省2020","福建省","350825","连城县","Liancheng County","202001","2020","1","0.187474578197459","18.7474578197459"
"福建省2020","福建省","350881","漳平市","Zhangping City","202001","2020","1","0.146479973817229","14.6479973817229"
"福建省2020","福建省","350902","蕉城区","Jiaocheng District","202001","2020","1","0.251889219550582","25.1889219550582"
"福建省2020","福建省","350921","霞浦县","Xiapu County","202001","2020","1","0.245526894688077","24.5526894688077"
"福建省2020","福建省","350922","古田县","Gutian County","202001","2020","1","0.252983472887205","25.2983472887205"
"福建省2020","福建省","350923","屏南县","Pingnan County","202001","2020","1","0.144622502198871","14.4622502198871"
"福建省2020","福建省","350924","寿宁县","Shouning County","202001","2020","1","0.281290579104767","28.1290579104767"
"福建省2020","福建省","350925","周宁县","Zhouning County","202001","2020","1","0.22774815619036","22.774815619036"
"福建省2020","福建省","350926","柘荣县","Zherong County","202001","2020","1","0.201578224215022","20.1578224215022"
"福建省2020","福建省","350981","福安市","Fu'an City","202001","2020","1","0.253186699259609","25.3186699259609"
"福建省2020","福建省","350982","福鼎市","Fuding City","202001","2020","1","0.250022725829641","25.0022725829641"
"福建省2020","福建省","350102","鼓楼区","Gulou District","202002","2020","2","0.290786198392465","29.0786198392465"
"福建省2020","福建省","350103","台江区","Taijiang District","202002","2020","2","0.290786198392465","29.0786198392465"
"福建省2020","福建省","350104","仓山区","Cangshan District","202002","2020","2","0.241684058304295","24.1684058304295"
"福建省2020","福建省","350105","马尾区","Mawei District","202002","2020","2","0.216937584960577","21.6937584960577"
"福建省2020","福建省","350111","晋安区","Jin'an District","202002","2020","2","0.277177558888164","27.7177558888164"
"福建省2020","福建省","350121","闽侯县","Minhou County","202002","2020","2","0.232092961906778","23.2092961906778"
"福建省2020","福建省","350122","连江县","Lianjiang County","202002","2020","2","0.289331318018612","28.9331318018612"
"福建省2020","福建省","350123","罗源县","Luoyuan County","202002","2020","2","0.283753969330294","28.3753969330294"
"福建省2020","福建省","350124","闽清县","Minqing County","202002","2020","2","0.289331318018612","28.9331318018612"
"福建省2020","福建省","350125","永泰县","Yongtai County","202002","2020","2","0.235099350135173","23.5099350135173"
"福建省2020","福建省","350128","平潭县","Pingtan County","202002","2020","2","0.289370174480162","28.9370174480162"
"福建省2020","福建省","350181","福清市","Fuqing City","202002","2020","2","0.232092961906778","23.2092961906778"
"福建省2020","福建省","350182","长乐市","Changle City","202002","2020","2","0.289842938347724","28.9842938347724"
"福建省2020","福建省","350203","思明区","Siming District","202002","2020","2","0.25777703065975","25.777703065975"
"福建省2020","福建省","350205","海沧区","Haicang District","202002","2020","2","0.219050628957333","21.9050628957333"
"福建省2020","福建省","350206","湖里区","Huli District","202002","2020","2","0.23332004773227","23.332004773227"
"福建省2020","福建省","350211","集美区","Jimei District","202002","2020","2","0.240899630231791","24.0899630231791"
"福建省2020","福建省","350212","同安区","Tong'an District","202002","2020","2","0.241873958552856","24.1873958552856"
"福建省2020","福建省","350213","翔安区","Xiang'an District","202002","2020","2","0.235117012413539","23.5117012413539"
"福建省2020","福建省","350302","城厢区","Chengxiang District","202002","2020","2","0.29609753506379","29.609753506379"
"福建省2020","福建省","350303","涵江区","Hanjiang District","202002","2020","2","0.238125718827445","23.8125718827445"
"福建省2020","福建省","350304","荔城区","Licheng District","202002","2020","2","0.253457824138034","25.3457824138034"
"福建省2020","福建省","350305","秀屿区","Xiuyu District","202002","2020","2","0.184228723700936","18.4228723700936"
"福建省2020","福建省","350322","仙游县","Xianyou County","202002","2020","2","0.214693491412086","21.4693491412086"
"福建省2020","福建省","350402","梅列区","Melie district","202002","2020","2","0.279701598355237","27.9701598355237"
"福建省2020","福建省","350403","三元区","Sanyuan District","202002","2020","2","0.316843396776845","31.6843396776845"
"福建省2020","福建省","350421","明溪县","Mingxi County","202002","2020","2","0.256636667924729","25.6636667924729"
"福建省2020","福建省","350423","清流县","Qingliu County","202002","2020","2","0.227273762707241","22.7273762707241"
"福建省2020","福建省","350424","宁化县","Ninghua County","202002","2020","2","0.229335634939297","22.9335634939297"
"福建省2020","福建省","350425","大田县","Datian County","202002","2020","2","0.308477059756469","30.8477059756469"
"福建省2020","福建省","350426","尤溪县","Youxi County","202002","2020","2","0.223204179319521","22.3204179319521"
"福建省2020","福建省","350427","沙县","Sha County","202002","2020","2","0.288928228249461","28.8928228249461"
"福建省2020","福建省","350428","将乐县","Jiangle County","202002","2020","2","0.291261501706017","29.1261501706017"
"福建省2020","福建省","350429","泰宁县","Taining County","202002","2020","2","0.237018404695935","23.7018404695935"
"福建省2020","福建省","350430","建宁县","Jianning County","202002","2020","2","0.259031304899398","25.9031304899398"
"福建省2020","福建省","350481","永安市","Yong'an City","202002","2020","2","0.235178366750718","23.5178366750718"
"福建省2020","福建省","350502","鲤城区","Licheng District","202002","2020","2","0.242017301373502","24.2017301373502"
"福建省2020","福建省","350503","丰泽区","Fengze District","202002","2020","2","0.272125391684677","27.2125391684677"
"福建省2020","福建省","350504","洛江区","Luojiang District","202002","2020","2","0.2504084434379","25.04084434379"
"福建省2020","福建省","350505","泉港区","Quangang District","202002","2020","2","0.234515950519779","23.4515950519779"
"福建省2020","福建省","350521","惠安县","Hui'an County","202002","2020","2","0.241898849897645","24.1898849897645"
"福建省2020","福建省","350524","安溪县","Anxi County","202002","2020","2","0.237977420139317","23.7977420139317"
"福建省2020","福建省","350525","永春县","Yongchun County","202002","2020","2","0.237635877506931","23.7635877506931"
"福建省2020","福建省","350526","德化县","Dehua County","202002","2020","2","0.232276505277524","23.2276505277524"
"福建省2020","福建省","350527","金门县","Kinmen County","202002","2020","2","0.278163518532892","27.8163518532892"
"福建省2020","福建省","350581","石狮市","Shishi City","202002","2020","2","0.197256882208356","19.7256882208356"
"福建省2020","福建省","350582","晋江市","Jinjiang City","202002","2020","2","0.145133074065465","14.5133074065465"
"福建省2020","福建省","350583","南安市","Nan'an City","202002","2020","2","0.237953261432958","23.7953261432958"
"福建省2020","福建省","350602","芗城区","Xiangcheng District","202002","2020","2","0.156854234072814","15.6854234072814"
"福建省2020","福建省","350603","龙文区","Longwen District","202002","2020","2","0.188265203399549","18.8265203399549"
"福建省2020","福建省","350622","云霄县","Yunxiao County","202002","2020","2","0.265453682242823","26.5453682242823"
"福建省2020","福建省","350623","漳浦县","Zhangpu County","202002","2020","2","0.161232239878133","16.1232239878133"
"福建省2020","福建省","350624","诏安县","Zhao'an County","202002","2020","2","0.167727487202648","16.7727487202648"
"福建省2020","福建省","350625","长泰县","Changtai County","202002","2020","2","0.177643018482521","17.7643018482521"
"福建省2020","福建省","350626","东山县","Dongshan County","202002","2020","2","0.175938414902505","17.5938414902505"
"福建省2020","福建省","350627","南靖县","Nanjing County","202002","2020","2","0.177309926898704","17.7309926898704"
"福建省2020","福建省","350628","平和县","Pinghe County","202002","2020","2","0.159339264674855","15.9339264674855"
"福建省2020","福建省","350629","华安县","Hua'an County","202002","2020","2","0.248953745764608","24.8953745764608"
"福建省2020","福建省","350681","龙海市","Longhai  City","202002","2020","2","0.153034596987922","15.3034596987922"
"福建省2020","福建省","350702","延平区","Yanping District","202002","2020","2","0.101130260877883","10.1130260877883"
"福建省2020","福建省","350721","顺昌县","Shunchang County","202002","2020","2","0.147113543557563","14.7113543557563"
"福建省2020","福建省","350722","浦城县","Pucheng County","202002","2020","2","0.112395425073189","11.2395425073189"
"福建省2020","福建省","350723","光泽县","Guangze County","202002","2020","2","0.147467895427279","14.7467895427279"
"福建省2020","福建省","350724","松溪县","Songxi County","202002","2020","2","0.128840960852667","12.8840960852667"
"福建省2020","福建省","350725","政和县","Zhenghe County","202002","2020","2","0.0995164374425065","9.95164374425065"
"福建省2020","福建省","350781","邵武市","Shaowu City","202002","2020","2","0.126982748333038","12.6982748333038"
"福建省2020","福建省","350782","武夷山市","Wuyishan City","202002","2020","2","0.119923346464296","11.9923346464296"
"福建省2020","福建省","350783","建瓯市","Jian'ou City","202002","2020","2","0.174849133959043","17.4849133959043"
"福建省2020","福建省","350784","建阳市","Jianyang City","202002","2020","2","0.112307375337941","11.2307375337941"
"福建省2020","福建省","350802","新罗区","Xinluo District","202002","2020","2","0.143992056729941","14.3992056729941"
"福建省2020","福建省","350821","长汀县","Changting County","202002","2020","2","0.177401408466603","17.7401408466603"
"福建省2020","福建省","350822","永定县","Yongding County","202002","2020","2","0.18074653547053","18.074653547053"
"福建省2020","福建省","350823","上杭县","Shanghang County","202002","2020","2","0.169230893396391","16.9230893396391"
"福建省2020","福建省","350824","武平县","Wuping County","202002","2020","2","0.131624637097053","13.1624637097053"
"福建省2020","福建省","350825","连城县","Liancheng County","202002","2020","2","0.187474578197459","18.7474578197459"
"福建省2020","福建省","350881","漳平市","Zhangping City","202002","2020","2","0.141308066134932","14.1308066134932"
"福建省2020","福建省","350902","蕉城区","Jiaocheng District","202002","2020","2","0.251889219550582","25.1889219550582"
"福建省2020","福建省","350921","霞浦县","Xiapu County","202002","2020","2","0.263169893095532","26.3169893095532"
"福建省2020","福建省","350922","古田县","Gutian County","202002","2020","2","0.270277795077552","27.0277795077552"
"福建省2020","福建省","350923","屏南县","Pingnan County","202002","2020","2","0.150537205178068","15.0537205178068"
"福建省2020","福建省","350924","寿宁县","Shouning County","202002","2020","2","0.265777522200739","26.5777522200739"
"福建省2020","福建省","350925","周宁县","Zhouning County","202002","2020","2","0.227027918445152","22.7027918445152"
"福建省2020","福建省","350926","柘荣县","Zherong County","202002","2020","2","0.209996791561641","20.9996791561641"
"福建省2020","福建省","350981","福安市","Fu'an City","202002","2020","2","0.253186699259609","25.3186699259609"
"福建省2020","福建省","350982","福鼎市","Fuding City","202002","2020","2","0.250831090429932","25.0831090429932"
"福建省2020","福建省","350102","鼓楼区","Gulou District","202003","2020","3","0.290786198392465","29.0786198392465"
"福建省2020","福建省","350103","台江区","Taijiang District","202003","2020","3","0.290786198392465","29.0786198392465"
"福建省2020","福建省","350104","仓山区","Cangshan District","202003","2020","3","0.241950776335015","24.1950776335015"
"福建省2020","福建省","350105","马尾区","Mawei District","202003","2020","3","0.282349832889676","28.2349832889676"
"福建省2020","福建省","350111","晋安区","Jin'an District","202003","2020","3","0.277177558888164","27.7177558888164"
"福建省2020","福建省","350121","闽侯县","Minhou County","202003","2020","3","0.233448401762158","23.3448401762158"
"福建省2020","福建省","350122","连江县","Lianjiang County","202003","2020","3","0.289621612684556","28.9621612684556"
"福建省2020","福建省","350123","罗源县","Luoyuan County","202003","2020","3","0.28397989647694","28.397989647694"
"福建省2020","福建省","350124","闽清县","Minqing County","202003","2020","3","0.285424765043663","28.5424765043663"
"福建省2020","福建省","350125","永泰县","Yongtai County","202003","2020","3","0.284172627207059","28.4172627207059"
"福建省2020","福建省","350128","平潭县","Pingtan County","202003","2020","3","0.293904235025571","29.3904235025571"
"福建省2020","福建省","350181","福清市","Fuqing City","202003","2020","3","0.255445906459543","25.5445906459543"
"福建省2020","福建省","350182","长乐市","Changle City","202003","2020","3","0.290822009538632","29.0822009538632"
"福建省2020","福建省","350203","思明区","Siming District","202003","2020","3","0.216900867656351","21.6900867656351"
"福建省2020","福建省","350205","海沧区","Haicang District","202003","2020","3","0.236123525412346","23.6123525412346"
"福建省2020","福建省","350206","湖里区","Huli District","202003","2020","3","0.283186348065872","28.3186348065872"
"福建省2020","福建省","350211","集美区","Jimei District","202003","2020","3","0.230427594878927","23.0427594878927"
"福建省2020","福建省","350212","同安区","Tong'an District","202003","2020","3","0.247654120471605","24.7654120471605"
"福建省2020","福建省","350213","翔安区","Xiang'an District","202003","2020","3","0.234474231443407","23.4474231443407"
"福建省2020","福建省","350302","城厢区","Chengxiang District","202003","2020","3","0.296577573902439","29.6577573902439"
"福建省2020","福建省","350303","涵江区","Hanjiang District","202003","2020","3","0.207848276113228","20.7848276113228"
"福建省2020","福建省","350304","荔城区","Licheng District","202003","2020","3","0.263193108920101","26.3193108920101"
"福建省2020","福建省","350305","秀屿区","Xiuyu District","202003","2020","3","0.20486887431847","20.486887431847"
"福建省2020","福建省","350322","仙游县","Xianyou County","202003","2020","3","0.20817496583266","20.817496583266"
"福建省2020","福建省","350402","梅列区","Melie district","202003","2020","3","0.279537085221833","27.9537085221833"
"福建省2020","福建省","350403","三元区","Sanyuan District","202003","2020","3","0.297415147640177","29.7415147640177"
"福建省2020","福建省","350421","明溪县","Mingxi County","202003","2020","3","0.248328998900618","24.8328998900618"
"福建省2020","福建省","350423","清流县","Qingliu County","202003","2020","3","0.227273762707241","22.7273762707241"
"福建省2020","福建省","350424","宁化县","Ninghua County","202003","2020","3","0.232433960109854","23.2433960109854"
"福建省2020","福建省","350425","大田县","Datian County","202003","2020","3","0.283932692711362","28.3932692711362"
"福建省2020","福建省","350426","尤溪县","Youxi County","202003","2020","3","0.240380876317956","24.0380876317956"
"福建省2020","福建省","350427","沙县","Sha County","202003","2020","3","0.288380261525805","28.8380261525805"
"福建省2020","福建省","350428","将乐县","Jiangle County","202003","2020","3","0.294715857938884","29.4715857938884"
"福建省2020","福建省","350429","泰宁县","Taining County","202003","2020","3","0.224169853693404","22.4169853693404"
"福建省2020","福建省","350430","建宁县","Jianning County","202003","2020","3","0.290010836491022","29.0010836491022"
"福建省2020","福建省","350481","永安市","Yong'an City","202003","2020","3","0.256869910438566","25.6869910438566"
"福建省2020","福建省","350502","鲤城区","Licheng District","202003","2020","3","0.242017301373502","24.2017301373502"
"福建省2020","福建省","350503","丰泽区","Fengze District","202003","2020","3","0.291061694312959","29.1061694312959"
"福建省2020","福建省","350504","洛江区","Luojiang District","202003","2020","3","0.275098558708025","27.5098558708025"
"福建省2020","福建省","350505","泉港区","Quangang District","202003","2020","3","0.240233426866105","24.0233426866105"
"福建省2020","福建省","350521","惠安县","Hui'an County","202003","2020","3","0.241898849897645","24.1898849897645"
"福建省2020","福建省","350524","安溪县","Anxi County","202003","2020","3","0.237977420139317","23.7977420139317"
"福建省2020","福建省","350525","永春县","Yongchun County","202003","2020","3","0.237635877506931","23.7635877506931"
"福建省2020","福建省","350526","德化县","Dehua County","202003","2020","3","0.232593888285458","23.2593888285458"
"福建省2020","福建省","350527","金门县","Kinmen County","202003","2020","3","0.293430789932801","29.3430789932801"
"福建省2020","福建省","350581","石狮市","Shishi City","202003","2020","3","0.197170081079957","19.7170081079957"
"福建省2020","福建省","350582","晋江市","Jinjiang City","202003","2020","3","0.24099289932729","24.099289932729"
"福建省2020","福建省","350583","南安市","Nan'an City","202003","2020","3","0.237635877506931","23.7635877506931"
"福建省2020","福建省","350602","芗城区","Xiangcheng District","202003","2020","3","0.145948438208862","14.5948438208862"
"福建省2020","福建省","350603","龙文区","Longwen District","202003","2020","3","0.188265203399549","18.8265203399549"
"福建省2020","福建省","350622","云霄县","Yunxiao County","202003","2020","3","0.263161573334302","26.3161573334302"
"福建省2020","福建省","350623","漳浦县","Zhangpu County","202003","2020","3","0.162919083861896","16.2919083861896"
"福建省2020","福建省","350624","诏安县","Zhao'an County","202003","2020","3","0.162903092513285","16.2903092513285"
"福建省2020","福建省","350625","长泰县","Changtai County","202003","2020","3","0.159826429753481","15.9826429753481"
"福建省2020","福建省","350626","东山县","Dongshan County","202003","2020","3","0.175954406251116","17.5954406251116"
"福建省2020","福建省","350627","南靖县","Nanjing County","202003","2020","3","0.177293935550092","17.7293935550092"
"福建省2020","福建省","350628","平和县","Pinghe County","202003","2020","3","0.182826033257222","18.2826033257222"
"福建省2020","福建省","350629","华安县","Hua'an County","202003","2020","3","0.237866498864477","23.7866498864477"
"福建省2020","福建省","350681","龙海市","Longhai  City","202003","2020","3","0.188457558629519","18.8457558629519"
"福建省2020","福建省","350702","延平区","Yanping District","202003","2020","3","0.0998573833142653","9.98573833142653"
"福建省2020","福建省","350721","顺昌县","Shunchang County","202003","2020","3","0.14107853730838","14.107853730838"
"福建省2020","福建省","350722","浦城县","Pucheng County","202003","2020","3","0.112395425073189","11.2395425073189"
"福建省2020","福建省","350723","光泽县","Guangze County","202003","2020","3","0.147307083127854","14.7307083127854"
"福建省2020","福建省","350724","松溪县","Songxi County","202003","2020","3","0.12821616165736","12.821616165736"
"福建省2020","福建省","350725","政和县","Zhenghe County","202003","2020","3","0.11565915300953","11.565915300953"
"福建省2020","福建省","350781","邵武市","Shaowu City","202003","2020","3","0.129319535332547","12.9319535332547"
"福建省2020","福建省","350782","武夷山市","Wuyishan City","202003","2020","3","0.119904397019163","11.9904397019163"
"福建省2020","福建省","350783","建瓯市","Jian'ou City","202003","2020","3","0.181373012022245","18.1373012022245"
"福建省2020","福建省","350784","建阳市","Jianyang City","202003","2020","3","0.112307375337941","11.2307375337941"
"福建省2020","福建省","350802","新罗区","Xinluo District","202003","2020","3","0.147307715694118","14.7307715694118"
"福建省2020","福建省","350821","长汀县","Changting County","202003","2020","3","0.176070272376319","17.6070272376319"
"福建省2020","福建省","350822","永定县","Yongding County","202003","2020","3","0.18074653547053","18.074653547053"
"福建省2020","福建省","350823","上杭县","Shanghang County","202003","2020","3","0.165034046673591","16.5034046673591"
"福建省2020","福建省","350824","武平县","Wuping County","202003","2020","3","0.137857143570903","13.7857143570903"
"福建省2020","福建省","350825","连城县","Liancheng County","202003","2020","3","0.187474578197459","18.7474578197459"
"福建省2020","福建省","350881","漳平市","Zhangping City","202003","2020","3","0.146421715290563","14.6421715290563"
"福建省2020","福建省","350902","蕉城区","Jiaocheng District","202003","2020","3","0.263111472066357","26.3111472066357"
"福建省2020","福建省","350921","霞浦县","Xiapu County","202003","2020","3","0.263169893095532","26.3169893095532"
"福建省2020","福建省","350922","古田县","Gutian County","202003","2020","3","0.271386533171727","27.1386533171727"
"福建省2020","福建省","350923","屏南县","Pingnan County","202003","2020","3","0.146872046467117","14.6872046467117"
"福建省2020","福建省","350924","寿宁县","Shouning County","202003","2020","3","0.257416413721546","25.7416413721546"
"福建省2020","福建省","350925","周宁县","Zhouning County","202003","2020","3","0.218727708928876","21.8727708928876"
"福建省2020","福建省","350926","柘荣县","Zherong County","202003","2020","3","0.197496601870227","19.7496601870227"
"福建省2020","福建省","350981","福安市","Fu'an City","202003","2020","3","0.251889219550582","25.1889219550582"
"福建省2020","福建省","350982","福鼎市","Fuding City","202003","2020","3","0.253584117048527","25.3584117048527"
"福建省2020","福建省","350102","鼓楼区","Gulou District","202004","2020","4","0.290786198392465","29.0786198392465"
"福建省2020","福建省","350103","台江区","Taijiang District","202004","2020","4","0.290786198392465","29.0786198392465"
"福建省2020","福建省","350104","仓山区","Cangshan District","202004","2020","4","0.251615614902229","25.1615614902229"
"福建省2020","福建省","350105","马尾区","Mawei District","202004","2020","4","0.282077495210039","28.2077495210039"
"福建省2020","福建省","350111","晋安区","Jin'an District","202004","2020","4","0.276338691557005","27.6338691557005"
"福建省2020","福建省","350121","闽侯县","Minhou County","202004","2020","4","0.233448401762158","23.3448401762158"
"福建省2020","福建省","350122","连江县","Lianjiang County","202004","2020","4","0.285424765043663","28.5424765043663"
"福建省2020","福建省","350123","罗源县","Luoyuan County","202004","2020","4","0.28397989647694","28.397989647694"
"福建省2020","福建省","350124","闽清县","Minqing County","202004","2020","4","0.286316996546255","28.6316996546255"
"福建省2020","福建省","350125","永泰县","Yongtai County","202004","2020","4","0.213924562590199","21.3924562590199"
"福建省2020","福建省","350128","平潭县","Pingtan County","202004","2020","4","0.289331318018612","28.9331318018612"
"福建省2020","福建省","350181","福清市","Fuqing City","202004","2020","4","0.254554724337561","25.4554724337561"
"福建省2020","福建省","350182","长乐市","Changle City","202004","2020","4","0.289842938347724","28.9842938347724"
"福建省2020","福建省","350203","思明区","Siming District","202004","2020","4","0.236699766654498","23.6699766654498"
"福建省2020","福建省","350205","海沧区","Haicang District","202004","2020","4","0.226101383305546","22.6101383305546"
"福建省2020","福建省","350206","湖里区","Huli District","202004","2020","4","0.284010867435377","28.4010867435377"
"福建省2020","福建省","350211","集美区","Jimei District","202004","2020","4","0.272565935068859","27.2565935068859"
"福建省2020","福建省","350212","同安区","Tong'an District","202004","2020","4","0.239659543287475","23.9659543287475"
"福建省2020","福建省","350213","翔安区","Xiang'an District","202004","2020","4","0.227444614356595","22.7444614356595"
"福建省2020","福建省","350302","城厢区","Chengxiang District","202004","2020","4","0.259988317981354","25.9988317981354"
"福建省2020","福建省","350303","涵江区","Hanjiang District","202004","2020","4","0.237866747667754","23.7866747667754"
"福建省2020","福建省","350304","荔城区","Licheng District","202004","2020","4","0.223461294094616","22.3461294094616"
"福建省2020","福建省","350305","秀屿区","Xiuyu District","202004","2020","4","0.186697315842942","18.6697315842942"
"福建省2020","福建省","350322","仙游县","Xianyou County","202004","2020","4","0.20817496583266","20.817496583266"
"福建省2020","福建省","350402","梅列区","Melie district","202004","2020","4","0.282250367582684","28.2250367582684"
"福建省2020","福建省","350403","三元区","Sanyuan District","202004","2020","4","0.32313949865355","32.313949865355"
"福建省2020","福建省","350421","明溪县","Mingxi County","202004","2020","4","0.236717751183603","23.6717751183603"
"福建省2020","福建省","350423","清流县","Qingliu County","202004","2020","4","0.231557552862897","23.1557552862897"
"福建省2020","福建省","350424","宁化县","Ninghua County","202004","2020","4","0.236717751183603","23.6717751183603"
"福建省2020","福建省","350425","大田县","Datian County","202004","2020","4","0.287879844688892","28.7879844688892"
"福建省2020","福建省","350426","尤溪县","Youxi County","202004","2020","4","0.221799161509362","22.1799161509362"
"福建省2020","福建省","350427","沙县","Sha County","202004","2020","4","0.288439023167584","28.8439023167584"
"福建省2020","福建省","350428","将乐县","Jiangle County","202004","2020","4","0.287591772726759","28.7591772726759"
"福建省2020","福建省","350429","泰宁县","Taining County","202004","2020","4","0.224169853693404","22.4169853693404"
"福建省2020","福建省","350430","建宁县","Jianning County","202004","2020","4","0.291802834287689","29.1802834287689"
"福建省2020","福建省","350481","永安市","Yong'an City","202004","2020","4","0.261385856085626","26.1385856085626"
"福建省2020","福建省","350502","鲤城区","Licheng District","202004","2020","4","0.242017301373502","24.2017301373502"
"福建省2020","福建省","350503","丰泽区","Fengze District","202004","2020","4","0.290904713216757","29.0904713216757"
"福建省2020","福建省","350504","洛江区","Luojiang District","202004","2020","4","0.269736324781889","26.9736324781889"
"福建省2020","福建省","350505","泉港区","Quangang District","202004","2020","4","0.234515950519779","23.4515950519779"
"福建省2020","福建省","350521","惠安县","Hui'an County","202004","2020","4","0.241898849897645","24.1898849897645"
"福建省2020","福建省","350524","安溪县","Anxi County","202004","2020","4","0.237977420139317","23.7977420139317"
"福建省2020","福建省","350525","永春县","Yongchun County","202004","2020","4","0.237635877506931","23.7635877506931"
"福建省2020","福建省","350526","德化县","Dehua County","202004","2020","4","0.232593888285458","23.2593888285458"
"福建省2020","福建省","350527","金门县","Kinmen County","202004","2020","4","0.291547604358082","29.1547604358082"
"福建省2020","福建省","350581","石狮市","Shishi City","202004","2020","4","0.197170081079957","19.7170081079957"
"福建省2020","福建省","350582","晋江市","Jinjiang City","202004","2020","4","0.152998936409052","15.2998936409052"
"福建省2020","福建省","350583","南安市","Nan'an City","202004","2020","4","0.237953261432958","23.7953261432958"
"福建省2020","福建省","350602","芗城区","Xiangcheng District","202004","2020","4","0.143972904386195","14.3972904386195"
"福建省2020","福建省","350603","龙文区","Longwen District","202004","2020","4","0.188265203399549","18.8265203399549"
"福建省2020","福建省","350622","云霄县","Yunxiao County","202004","2020","4","0.265471542829336","26.5471542829336"
"福建省2020","福建省","350623","漳浦县","Zhangpu County","202004","2020","4","0.167736369755055","16.7736369755055"
"福建省2020","福建省","350624","诏安县","Zhao'an County","202004","2020","4","0.167982909931843","16.7982909931843"
"福建省2020","福建省","350625","长泰县","Changtai County","202004","2020","4","0.174598041875812","17.4598041875812"
"福建省2020","福建省","350626","东山县","Dongshan County","202004","2020","4","0.177269550992789","17.7269550992789"
"福建省2020","福建省","350627","南靖县","Nanjing County","202004","2020","4","0.178009951902436","17.8009951902436"
"福建省2020","福建省","350628","平和县","Pinghe County","202004","2020","4","0.18473298459438","18.473298459438"
"福建省2020","福建省","350629","华安县","Hua'an County","202004","2020","4","0.237866498864477","23.7866498864477"
"福建省2020","福建省","350681","龙海市","Longhai  City","202004","2020","4","0.150235110259299","15.0235110259299"
"福建省2020","福建省","350702","延平区","Yanping District","202004","2020","4","0.104373088420888","10.4373088420888"
"福建省2020","福建省","350721","顺昌县","Shunchang County","202004","2020","4","0.113043223423052","11.3043223423052"
"福建省2020","福建省","350722","浦城县","Pucheng County","202004","2020","4","0.112395425073189","11.2395425073189"
"福建省2020","福建省","350723","光泽县","Guangze County","202004","2020","4","0.147467895427279","14.7467895427279"
"福建省2020","福建省","350724","松溪县","Songxi County","202004","2020","4","0.106908490210295","10.6908490210295"
"福建省2020","福建省","350725","政和县","Zhenghe County","202004","2020","4","0.118470631872472","11.8470631872472"
"福建省2020","福建省","350781","邵武市","Shaowu City","202004","2020","4","0.120656971845596","12.0656971845596"
"福建省2020","福建省","350782","武夷山市","Wuyishan City","202004","2020","4","0.119923346464296","11.9923346464296"
"福建省2020","福建省","350783","建瓯市","Jian'ou City","202004","2020","4","0.174849133959043","17.4849133959043"
"福建省2020","福建省","350784","建阳市","Jianyang City","202004","2020","4","0.160055478417252","16.0055478417252"
"福建省2020","福建省","350802","新罗区","Xinluo District","202004","2020","4","0.182897515999377","18.2897515999377"
"福建省2020","福建省","350821","长汀县","Changting County","202004","2020","4","0.179029605570245","17.9029605570245"
"福建省2020","福建省","350822","永定县","Yongding County","202004","2020","4","0.162502850669462","16.2502850669462"
"福建省2020","福建省","350823","上杭县","Shanghang County","202004","2020","4","0.169230893396391","16.9230893396391"
"福建省2020","福建省","350824","武平县","Wuping County","202004","2020","4","0.130912659437013","13.0912659437013"
"福建省2020","福建省","350825","连城县","Liancheng County","202004","2020","4","0.187474578197459","18.7474578197459"
"福建省2020","福建省","350881","漳平市","Zhangping City","202004","2020","4","0.146421715290563","14.6421715290563"
"福建省2020","福建省","350902","蕉城区","Jiaocheng District","202004","2020","4","0.251947640579758","25.1947640579758"
"福建省2020","福建省","350921","霞浦县","Xiapu County","202004","2020","4","0.263169893095532","26.3169893095532"
"福建省2020","福建省","350922","古田县","Gutian County","202004","2020","4","0.277705954617541","27.7705954617541"
"福建省2020","福建省","350923","屏南县","Pingnan County","202004","2020","4","0.147058543343919","14.7058543343919"
"福建省2020","福建省","350924","寿宁县","Shouning County","202004","2020","4","0.274627676931671","27.4627676931671"
"福建省2020","福建省","350925","周宁县","Zhouning County","202004","2020","4","0.227750811316103","22.7750811316103"
"福建省2020","福建省","350926","柘荣县","Zherong County","202004","2020","4","0.201686669392307","20.1686669392307"
"福建省2020","福建省","350981","福安市","Fu'an City","202004","2020","4","0.263169893095532","26.3169893095532"
"福建省2020","福建省","350982","福鼎市","Fuding City","202004","2020","4","0.255759873242412","25.5759873242412"
"福建省2020","福建省","350102","鼓楼区","Gulou District","202005","2020","5","0.290786198392465","29.0786198392465"
"福建省2020","福建省","350103","台江区","Taijiang District","202005","2020","5","0.290786198392465","29.0786198392465"
"福建省2020","福建省","350104","仓山区","Cangshan District","202005","2020","5","0.248077676375976","24.8077676375976"
"福建省2020","福建省","350105","马尾区","Mawei District","202005","2020","5","0.220258575292384","22.0258575292384"
"福建省2020","福建省","350111","晋安区","Jin'an District","202005","2020","5","0.276860174962137","27.6860174962137"
"福建省2020","福建省","350121","闽侯县","Minhou County","202005","2020","5","0.233981402647387","23.3981402647387"
"福建省2020","福建省","350122","连江县","Lianjiang County","202005","2020","5","0.285424765043663","28.5424765043663"
"福建省2020","福建省","350123","罗源县","Luoyuan County","202005","2020","5","0.283753969330294","28.3753969330294"
"福建省2020","福建省","350124","闽清县","Minqing County","202005","2020","5","0.282974891905379","28.2974891905379"
"福建省2020","福建省","350125","永泰县","Yongtai County","202005","2020","5","0.281722754068775","28.1722754068775"
"福建省2020","福建省","350128","平潭县","Pingtan County","202005","2020","5","0.289370174480162","28.9370174480162"
"福建省2020","福建省","350181","福清市","Fuqing City","202005","2020","5","0.255445906459543","25.5445906459543"
"福建省2020","福建省","350182","长乐市","Changle City","202005","2020","5","0.290822009538632","29.0822009538632"
"福建省2020","福建省","350203","思明区","Siming District","202005","2020","5","0.252377670877882","25.2377670877882"
"福建省2020","福建省","350205","海沧区","Haicang District","202005","2020","5","0.223169639732536","22.3169639732536"
"福建省2020","福建省","350206","湖里区","Huli District","202005","2020","5","0.283186348065872","28.3186348065872"
"福建省2020","福建省","350211","集美区","Jimei District","202005","2020","5","0.281579169789599","28.1579169789599"
"福建省2020","福建省","350212","同安区","Tong'an District","202005","2020","5","0.246291428597471","24.6291428597471"
"福建省2020","福建省","350213","翔安区","Xiang'an District","202005","2020","5","0.227447821256394","22.7447821256394"
"福建省2020","福建省","350302","城厢区","Chengxiang District","202005","2020","5","0.296475807853707","29.6475807853707"
"福建省2020","福建省","350303","涵江区","Hanjiang District","202005","2020","5","0.223467253438044","22.3467253438044"
"福建省2020","福建省","350304","荔城区","Licheng District","202005","2020","5","0.255854127451992","25.5854127451992"
"福建省2020","福建省","350305","秀屿区","Xiuyu District","202005","2020","5","0.186005753822991","18.6005753822991"
"福建省2020","福建省","350322","仙游县","Xianyou County","202005","2020","5","0.213582476446596","21.3582476446596"
"福建省2020","福建省","350402","梅列区","Melie district","202005","2020","5","0.270610346822526","27.0610346822526"
"福建省2020","福建省","350403","三元区","Sanyuan District","202005","2020","5","0.315429223740578","31.5429223740578"
"福建省2020","福建省","350421","明溪县","Mingxi County","202005","2020","5","0.265823604056339","26.5823604056339"
"福建省2020","福建省","350423","清流县","Qingliu County","202005","2020","5","0.227273762707241","22.7273762707241"
"福建省2020","福建省","350424","宁化县","Ninghua County","202005","2020","5","0.266917019173804","26.6917019173804"
"福建省2020","福建省","350425","大田县","Datian County","202005","2020","5","0.311280295978014","31.1280295978014"
"福建省2020","福建省","350426","尤溪县","Youxi County","202005","2020","5","0.240380876317956","24.0380876317956"
"福建省2020","福建省","350427","沙县","Sha County","202005","2020","5","0.288928228249461","28.8928228249461"
"福建省2020","福建省","350428","将乐县","Jiangle County","202005","2020","5","0.291350094034389","29.1350094034389"
"福建省2020","福建省","350429","泰宁县","Taining County","202005","2020","5","0.223850266343525","22.3850266343525"
"福建省2020","福建省","350430","建宁县","Jianning County","202005","2020","5","0.260655548693411","26.0655548693411"
"福建省2020","福建省","350481","永安市","Yong'an City","202005","2020","5","0.259530608089172","25.9530608089172"
"福建省2020","福建省","350502","鲤城区","Licheng District","202005","2020","5","0.242017301373502","24.2017301373502"
"福建省2020","福建省","350503","丰泽区","Fengze District","202005","2020","5","0.298564151469074","29.8564151469074"
"福建省2020","福建省","350504","洛江区","Luojiang District","202005","2020","5","0.275095697011297","27.5095697011297"
"福建省2020","福建省","350505","泉港区","Quangang District","202005","2020","5","0.239067757808135","23.9067757808135"
"福建省2020","福建省","350521","惠安县","Hui'an County","202005","2020","5","0.241898849897645","24.1898849897645"
"福建省2020","福建省","350524","安溪县","Anxi County","202005","2020","5","0.237977420139317","23.7977420139317"
"福建省2020","福建省","350525","永春县","Yongchun County","202005","2020","5","0.237635877506931","23.7635877506931"
"福建省2020","福建省","350526","德化县","Dehua County","202005","2020","5","0.23243690810735","23.243690810735"
"福建省2020","福建省","350527","金门县","Kinmen County","202005","2020","5","0.298884338333861","29.8884338333861"
"福建省2020","福建省","350581","石狮市","Shishi City","202005","2020","5","0.199457348882656","19.9457348882656"
"福建省2020","福建省","350582","晋江市","Jinjiang City","202005","2020","5","0.152998936409052","15.2998936409052"
"福建省2020","福建省","350583","南安市","Nan'an City","202005","2020","5","0.237953261432958","23.7953261432958"
"福建省2020","福建省","350602","芗城区","Xiangcheng District","202005","2020","5","0.190309971553949","19.0309971553949"
"福建省2020","福建省","350603","龙文区","Longwen District","202005","2020","5","0.188265203399549","18.8265203399549"
"福建省2020","福建省","350622","云霄县","Yunxiao County","202005","2020","5","0.265471542829336","26.5471542829336"
"福建省2020","福建省","350623","漳浦县","Zhangpu County","202005","2020","5","0.167736369755055","16.7736369755055"
"福建省2020","福建省","350624","诏安县","Zhao'an County","202005","2020","5","0.162913356796065","16.2913356796065"
"福建省2020","福建省","350625","长泰县","Changtai County","202005","2020","5","0.168342349874473","16.8342349874473"
"福建省2020","福建省","350626","东山县","Dongshan County","202005","2020","5","0.175941621802304","17.5941621802304"
"福建省2020","福建省","350627","南靖县","Nanjing County","202005","2020","5","0.176049055240804","17.6049055240804"
"福建省2020","福建省","350628","平和县","Pinghe County","202005","2020","5","0.182732419876745","18.2732419876745"
"福建省2020","福建省","350629","华安县","Hua'an County","202005","2020","5","0.230394905249885","23.0394905249885"
"福建省2020","福建省","350681","龙海市","Longhai  City","202005","2020","5","0.150235110259299","15.0235110259299"
"福建省2020","福建省","350702","延平区","Yanping District","202005","2020","5","0.102255292373355","10.2255292373355"
"福建省2020","福建省","350721","顺昌县","Shunchang County","202005","2020","5","0.112395425073189","11.2395425073189"
"福建省2020","福建省","350722","浦城县","Pucheng County","202005","2020","5","0.112395425073189","11.2395425073189"
"福建省2020","福建省","350723","光泽县","Guangze County","202005","2020","5","0.147307083127854","14.7307083127854"
"福建省2020","福建省","350724","松溪县","Songxi County","202005","2020","5","0.106908490210295","10.6908490210295"
"福建省2020","福建省","350725","政和县","Zhenghe County","202005","2020","5","0.114269695962238","11.4269695962238"
"福建省2020","福建省","350781","邵武市","Shaowu City","202005","2020","5","0.132189729014511","13.2189729014511"
"福建省2020","福建省","350782","武夷山市","Wuyishan City","202005","2020","5","0.119904397019163","11.9904397019163"
"福建省2020","福建省","350783","建瓯市","Jian'ou City","202005","2020","5","0.174849133959043","17.4849133959043"
"福建省2020","福建省","350784","建阳市","Jianyang City","202005","2020","5","0.122788423612456","12.2788423612456"
"福建省2020","福建省","350802","新罗区","Xinluo District","202005","2020","5","0.163291994987105","16.3291994987105"
"福建省2020","福建省","350821","长汀县","Changting County","202005","2020","5","0.163084956691436","16.3084956691436"
"福建省2020","福建省","350822","永定县","Yongding County","202005","2020","5","0.184943382193331","18.4943382193331"
"福建省2020","福建省","350823","上杭县","Shanghang County","202005","2020","5","0.19102157371384","19.102157371384"
"福建省2020","福建省","350824","武平县","Wuping County","202005","2020","5","0.130950410514264","13.0950410514264"
"福建省2020","福建省","350825","连城县","Liancheng County","202005","2020","5","0.187474578197459","18.7474578197459"
"福建省2020","福建省","350881","漳平市","Zhangping City","202005","2020","5","0.146479973817229","14.6479973817229"
"福建省2020","福建省","350902","蕉城区","Jiaocheng District","202005","2020","5","0.251947640579758","25.1947640579758"
"福建省2020","福建省","350921","霞浦县","Xiapu County","202005","2020","5","0.254078930762201","25.4078930762201"
"福建省2020","福建省","350922","古田县","Gutian County","202005","2020","5","0.288778274239163","28.8778274239163"
"福建省2020","福建省","350923","屏南县","Pingnan County","202005","2020","5","0.147049168693519","14.7049168693519"
"福建省2020","福建省","350924","寿宁县","Shouning County","202005","2020","5","0.262515324725882","26.2515324725882"
"福建省2020","福建省","350925","周宁县","Zhouning County","202005","2020","5","0.233488702384424","23.3488702384424"
"福建省2020","福建省","350926","柘荣县","Zherong County","202005","2020","5","0.215688087560223","21.5688087560223"
"福建省2020","福建省","350981","福安市","Fu'an City","202005","2020","5","0.262848665112976","26.2848665112976"
"福建省2020","福建省","350982","福鼎市","Fuding City","202005","2020","5","0.254251978490662","25.4251978490662"
"福建省2020","福建省","350102","鼓楼区","Gulou District","202006","2020","6","0.290786198392465","29.0786198392465"
"福建省2020","福建省","350103","台江区","Taijiang District","202006","2020","6","0.290786198392465","29.0786198392465"
"福建省2020","福建省","350104","仓山区","Cangshan District","202006","2020","6","0.248077676375976","24.8077676375976"
"福建省2020","福建省","350105","马尾区","Mawei District","202006","2020","6","0.210662282486948","21.0662282486948"
"福建省2020","福建省","350111","晋安区","Jin'an District","202006","2020","6","0.277637971646938","27.7637971646938"
"福建省2020","福建省","350121","闽侯县","Minhou County","202006","2020","6","0.234789766329584","23.4789766329584"
"福建省2020","福建省","350122","连江县","Lianjiang County","202006","2020","6","0.285424765043663","28.5424765043663"
"福建省2020","福建省","350123","罗源县","Luoyuan County","202006","2020","6","0.283753969330294","28.3753969330294"
"福建省2020","福建省","350124","闽清县","Minqing County","202006","2020","6","0.283753969330294","28.3753969330294"
"福建省2020","福建省","350125","永泰县","Yongtai County","202006","2020","6","0.284802254654883","28.4802254654883"
"福建省2020","福建省","350128","平潭县","Pingtan County","202006","2020","6","0.289370174480162","28.9370174480162"
"福建省2020","福建省","350181","福清市","Fuqing City","202006","2020","6","0.29328962299321","29.328962299321"
"福建省2020","福建省","350182","长乐市","Changle City","202006","2020","6","0.289842938347724","28.9842938347724"
"福建省2020","福建省","350203","思明区","Siming District","202006","2020","6","0.249965205449965","24.9965205449965"
"福建省2020","福建省","350205","海沧区","Haicang District","202006","2020","6","0.236123525412346","23.6123525412346"
"福建省2020","福建省","350206","湖里区","Huli District","202006","2020","6","0.258757997713265","25.8757997713265"
"福建省2020","福建省","350211","集美区","Jimei District","202006","2020","6","0.26278446101428","26.278446101428"
"福建省2020","福建省","350212","同安区","Tong'an District","202006","2020","6","0.241301278594506","24.1301278594506"
"福建省2020","福建省","350213","翔安区","Xiang'an District","202006","2020","6","0.226468616941961","22.6468616941961"
"福建省2020","福建省","350302","城厢区","Chengxiang District","202006","2020","6","0.261117380824383","26.1117380824383"
"福建省2020","福建省","350303","涵江区","Hanjiang District","202006","2020","6","0.202284618031782","20.2284618031782"
"福建省2020","福建省","350304","荔城区","Licheng District","202006","2020","6","0.279454517421511","27.9454517421511"
"福建省2020","福建省","350305","秀屿区","Xiuyu District","202006","2020","6","0.186005753822991","18.6005753822991"
"福建省2020","福建省","350322","仙游县","Xianyou County","202006","2020","6","0.20817496583266","20.817496583266"
"福建省2020","福建省","350402","梅列区","Melie district","202006","2020","6","0.276694812592456","27.6694812592456"
"福建省2020","福建省","350403","三元区","Sanyuan District","202006","2020","6","0.295535259856491","29.5535259856491"
"福建省2020","福建省","350421","明溪县","Mingxi County","202006","2020","6","0.245749367967834","24.5749367967834"
"福建省2020","福建省","350423","清流县","Qingliu County","202006","2020","6","0.227273762707241","22.7273762707241"
"福建省2020","福建省","350424","宁化县","Ninghua County","202006","2020","6","0.271842433502069","27.1842433502069"
"福建省2020","福建省","350425","大田县","Datian County","202006","2020","6","0.29811711441118","29.811711441118"
"福建省2020","福建省","350426","尤溪县","Youxi County","202006","2020","6","0.248575001992843","24.8575001992843"
"福建省2020","福建省","350427","沙县","Sha County","202006","2020","6","0.300814975559342","30.0814975559342"
"福建省2020","福建省","350428","将乐县","Jiangle County","202006","2020","6","0.298351348465751","29.8351348465751"
"福建省2020","福建省","350429","泰宁县","Taining County","202006","2020","6","0.224994373981002","22.4994373981002"
"福建省2020","福建省","350430","建宁县","Jianning County","202006","2020","6","0.282637531187847","28.2637531187847"
"福建省2020","福建省","350481","永安市","Yong'an City","202006","2020","6","0.274576050710802","27.4576050710802"
"福建省2020","福建省","350502","鲤城区","Licheng District","202006","2020","6","0.242017301373502","24.2017301373502"
"福建省2020","福建省","350503","丰泽区","Fengze District","202006","2020","6","0.305012645811808","30.5012645811808"
"福建省2020","福建省","350504","洛江区","Luojiang District","202006","2020","6","0.273580854129665","27.3580854129665"
"福建省2020","福建省","350505","泉港区","Quangang District","202006","2020","6","0.240233426866105","24.0233426866105"
"福建省2020","福建省","350521","惠安县","Hui'an County","202006","2020","6","0.236539477668238","23.6539477668238"
"福建省2020","福建省","350524","安溪县","Anxi County","202006","2020","6","0.237977420139317","23.7977420139317"
"福建省2020","福建省","350525","永春县","Yongchun County","202006","2020","6","0.237635877506931","23.7635877506931"
"福建省2020","福建省","350526","德化县","Dehua County","202006","2020","6","0.232593888285458","23.2593888285458"
"福建省2020","福建省","350527","金门县","Kinmen County","202006","2020","6","0.281588006437341","28.1588006437341"
"福建省2020","福建省","350581","石狮市","Shishi City","202006","2020","6","0.197170081079957","19.7170081079957"
"福建省2020","福建省","350582","晋江市","Jinjiang City","202006","2020","6","0.158843186746745","15.8843186746745"
"福建省2020","福建省","350583","南安市","Nan'an City","202006","2020","6","0.237953261432958","23.7953261432958"
"福建省2020","福建省","350602","芗城区","Xiangcheng District","202006","2020","6","0.190679179090898","19.0679179090898"
"福建省2020","福建省","350603","龙文区","Longwen District","202006","2020","6","0.188265203399549","18.8265203399549"
"福建省2020","福建省","350622","云霄县","Yunxiao County","202006","2020","6","0.265164826229036","26.5164826229036"
"福建省2020","福建省","350623","漳浦县","Zhangpu County","202006","2020","6","0.167946829784348","16.7946829784348"
"福建省2020","福建省","350624","诏安县","Zhao'an County","202006","2020","6","0.167982909931843","16.7982909931843"
"福建省2020","福建省","350625","长泰县","Changtai County","202006","2020","6","0.168342349874473","16.8342349874473"
"福建省2020","福建省","350626","东山县","Dongshan County","202006","2020","6","0.177602642576606","17.7602642576606"
"福建省2020","福建省","350627","南靖县","Nanjing County","202006","2020","6","0.175962800377902","17.5962800377902"
"福建省2020","福建省","350628","平和县","Pinghe County","202006","2020","6","0.181989962438169","18.1989962438169"
"福建省2020","福建省","350629","华安县","Hua'an County","202006","2020","6","0.226234573850791","22.6234573850791"
"福建省2020","福建省","350681","龙海市","Longhai  City","202006","2020","6","0.154974437180362","15.4974437180362"
"福建省2020","福建省","350702","延平区","Yanping District","202006","2020","6","0.105923215463148","10.5923215463148"
"福建省2020","福建省","350721","顺昌县","Shunchang County","202006","2020","6","0.146901568674371","14.6901568674371"
"福建省2020","福建省","350722","浦城县","Pucheng County","202006","2020","6","0.108984987668174","10.8984987668174"
"福建省2020","福建省","350723","光泽县","Guangze County","202006","2020","6","0.145164493971512","14.5164493971512"
"福建省2020","福建省","350724","松溪县","Songxi County","202006","2020","6","0.150285748611808","15.0285748611808"
"福建省2020","福建省","350725","政和县","Zhenghe County","202006","2020","6","0.118470631872472","11.8470631872472"
"福建省2020","福建省","350781","邵武市","Shaowu City","202006","2020","6","0.126076502136649","12.6076502136649"
"福建省2020","福建省","350782","武夷山市","Wuyishan City","202006","2020","6","0.119905485877784","11.9905485877784"
"福建省2020","福建省","350783","建瓯市","Jian'ou City","202006","2020","6","0.18209603526244","18.209603526244"
"福建省2020","福建省","350784","建阳市","Jianyang City","202006","2020","6","0.12086095013639","12.086095013639"
"福建省2020","福建省","350802","新罗区","Xinluo District","202006","2020","6","0.18272237593635","18.272237593635"
"福建省2020","福建省","350821","长汀县","Changting County","202006","2020","6","0.164453842940877","16.4453842940877"
"福建省2020","福建省","350822","永定县","Yongding County","202006","2020","6","0.181220601194351","18.1220601194351"
"福建省2020","福建省","350823","上杭县","Shanghang County","202006","2020","6","0.188841447395981","18.8841447395981"
"福建省2020","福建省","350824","武平县","Wuping County","202006","2020","6","0.183842499305191","18.3842499305191"
"福建省2020","福建省","350825","连城县","Liancheng County","202006","2020","6","0.187474578197459","18.7474578197459"
"福建省2020","福建省","350881","漳平市","Zhangping City","202006","2020","6","0.146479973817229","14.6479973817229"
"福建省2020","福建省","350902","蕉城区","Jiaocheng District","202006","2020","6","0.251947640579758","25.1947640579758"
"福建省2020","福建省","350921","霞浦县","Xiapu County","202006","2020","6","0.253757702779645","25.3757702779645"
"福建省2020","福建省","350922","古田县","Gutian County","202006","2020","6","0.293119307510327","29.3119307510327"
"福建省2020","福建省","350923","屏南县","Pingnan County","202006","2020","6","0.145829625004256","14.5829625004256"
"福建省2020","福建省","350924","寿宁县","Shouning County","202006","2020","6","0.254405935387625","25.4405935387625"
"福建省2020","福建省","350925","周宁县","Zhouning County","202006","2020","6","0.231583687305977","23.1583687305977"
"福建省2020","福建省","350926","柘荣县","Zherong County","202006","2020","6","0.226305166960566","22.6305166960566"
"福建省2020","福建省","350981","福安市","Fu'an City","202006","2020","6","0.253186699259609","25.3186699259609"
"福建省2020","福建省","350982","福鼎市","Fuding City","202006","2020","6","0.26064184706942","26.064184706942"
"福建省2020","福建省","350102","鼓楼区","Gulou District","202007","2020","7","0.290786198392465","29.0786198392465"
"福建省2020","福建省","350103","台江区","Taijiang District","202007","2020","7","0.290786198392465","29.0786198392465"
"福建省2020","福建省","350104","仓山区","Cangshan District","202007","2020","7","0.23755395512618","23.755395512618"
"福建省2020","福建省","350105","马尾区","Mawei District","202007","2020","7","0.224543687502352","22.4543687502352"
"福建省2020","福建省","350111","晋安区","Jin'an District","202007","2020","7","0.276861263820758","27.6861263820758"
"福建省2020","福建省","350121","闽侯县","Minhou County","202007","2020","7","0.233981402647387","23.3981402647387"
"福建省2020","福建省","350122","连江县","Lianjiang County","202007","2020","7","0.282974891905379","28.2974891905379"
"福建省2020","福建省","350123","罗源县","Luoyuan County","202007","2020","7","0.283753969330294","28.3753969330294"
"福建省2020","福建省","350124","闽清县","Minqing County","202007","2020","7","0.283662513469007","28.3662513469007"
"福建省2020","福建省","350125","永泰县","Yongtai County","202007","2020","7","0.23303417919399","23.303417919399"
"福建省2020","福建省","350128","平潭县","Pingtan County","202007","2020","7","0.294453174010001","29.4453174010001"
"福建省2020","福建省","350181","福清市","Fuqing City","202007","2020","7","0.255141822032654","25.5141822032654"
"福建省2020","福建省","350182","长乐市","Changle City","202007","2020","7","0.290139382402404","29.0139382402404"
"福建省2020","福建省","350203","思明区","Siming District","202007","2020","7","0.252769418522752","25.2769418522752"
"福建省2020","福建省","350205","海沧区","Haicang District","202007","2020","7","0.22458749891329","22.458749891329"
"福建省2020","福建省","350206","湖里区","Huli District","202007","2020","7","0.257812996045586","25.7812996045586"
"福建省2020","福建省","350211","集美区","Jimei District","202007","2020","7","0.27350890315994","27.350890315994"
"福建省2020","福建省","350212","同安区","Tong'an District","202007","2020","7","0.251400292650968","25.1400292650968"
"福建省2020","福建省","350213","翔安区","Xiang'an District","202007","2020","7","0.23567222840167","23.567222840167"
"福建省2020","福建省","350302","城厢区","Chengxiang District","202007","2020","7","0.295203303035958","29.5203303035958"
"福建省2020","福建省","350303","涵江区","Hanjiang District","202007","2020","7","0.238784974981342","23.8784974981342"
"福建省2020","福建省","350304","荔城区","Licheng District","202007","2020","7","0.253241490147987","25.3241490147987"
"福建省2020","福建省","350305","秀屿区","Xiuyu District","202007","2020","7","0.191552521742513","19.1552521742513"
"福建省2020","福建省","350322","仙游县","Xianyou County","202007","2020","7","0.219671148001806","21.9671148001806"
"福建省2020","福建省","350402","梅列区","Melie district","202007","2020","7","0.27459023708804","27.459023708804"
"福建省2020","福建省","350403","三元区","Sanyuan District","202007","2020","7","0.316405454350903","31.6405454350903"
"福建省2020","福建省","350421","明溪县","Mingxi County","202007","2020","7","0.271200943371078","27.1200943371078"
"福建省2020","福建省","350423","清流县","Qingliu County","202007","2020","7","0.227273762707241","22.7273762707241"
"福建省2020","福建省","350424","宁化县","Ninghua County","202007","2020","7","0.273489771014246","27.3489771014246"
"福建省2020","福建省","350425","大田县","Datian County","202007","2020","7","0.311280295978014","31.1280295978014"
"福建省2020","福建省","350426","尤溪县","Youxi County","202007","2020","7","0.249784495315057","24.9784495315057"
"福建省2020","福建省","350427","沙县","Sha County","202007","2020","7","0.289481350984931","28.9481350984931"
"福建省2020","福建省","350428","将乐县","Jiangle County","202007","2020","7","0.295823315292945","29.5823315292945"
"福建省2020","福建省","350429","泰宁县","Taining County","202007","2020","7","0.225032821891046","22.5032821891046"
"福建省2020","福建省","350430","建宁县","Jianning County","202007","2020","7","0.289104795947526","28.9104795947526"
"福建省2020","福建省","350481","永安市","Yong'an City","202007","2020","7","0.275807847272872","27.5807847272872"
"福建省2020","福建省","350502","鲤城区","Licheng District","202007","2020","7","0.242017301373502","24.2017301373502"
"福建省2020","福建省","350503","丰泽区","Fengze District","202007","2020","7","0.310586597555019","31.0586597555019"
"福建省2020","福建省","350504","洛江区","Luojiang District","202007","2020","7","0.270975960942409","27.0975960942409"
"福建省2020","福建省","350505","泉港区","Quangang District","202007","2020","7","0.239067757808135","23.9067757808135"
"福建省2020","福建省","350521","惠安县","Hui'an County","202007","2020","7","0.236539477668238","23.6539477668238"
"福建省2020","福建省","350524","安溪县","Anxi County","202007","2020","7","0.237977420139317","23.7977420139317"
"福建省2020","福建省","350525","永春县","Yongchun County","202007","2020","7","0.232276505277524","23.2276505277524"
"福建省2020","福建省","350526","德化县","Dehua County","202007","2020","7","0.236358337865679","23.6358337865679"
"福建省2020","福建省","350527","金门县","Kinmen County","202007","2020","7","0.294984915271261","29.4984915271261"
"福建省2020","福建省","350581","石狮市","Shishi City","202007","2020","7","0.197170081079957","19.7170081079957"
"福建省2020","福建省","350582","晋江市","Jinjiang City","202007","2020","7","0.162465144578783","16.2465144578783"
"福建省2020","福建省","350583","南安市","Nan'an City","202007","2020","7","0.237953261432958","23.7953261432958"
"福建省2020","福建省","350602","芗城区","Xiangcheng District","202007","2020","7","0.160137937882567","16.0137937882567"
"福建省2020","福建省","350603","龙文区","Longwen District","202007","2020","7","0.188265203399549","18.8265203399549"
"福建省2020","福建省","350622","云霄县","Yunxiao County","202007","2020","7","0.269548539820227","26.9548539820227"
"福建省2020","福建省","350623","漳浦县","Zhangpu County","202007","2020","7","0.168084707195746","16.8084707195746"
"福建省2020","福建省","350624","诏安县","Zhao'an County","202007","2020","7","0.16708401674447","16.708401674447"
"福建省2020","福建省","350625","长泰县","Changtai County","202007","2020","7","0.162982977645065","16.2982977645065"
"福建省2020","福建省","350626","东山县","Dongshan County","202007","2020","7","0.175938414902505","17.5938414902505"
"福建省2020","福建省","350627","南靖县","Nanjing County","202007","2020","7","0.175966007277701","17.5966007277701"
"福建省2020","福建省","350628","平和县","Pinghe County","202007","2020","7","0.176651065524913","17.6651065524913"
"福建省2020","福建省","350629","华安县","Hua'an County","202007","2020","7","0.218657085522023","21.8657085522023"
"福建省2020","福建省","350681","龙海市","Longhai  City","202007","2020","7","0.143059353839734","14.3059353839734"
"福建省2020","福建省","350702","延平区","Yanping District","202007","2020","7","0.107938422850377","10.7938422850377"
"福建省2020","福建省","350721","顺昌县","Shunchang County","202007","2020","7","0.111149335635061","11.1149335635061"
"福建省2020","福建省","350722","浦城县","Pucheng County","202007","2020","7","0.112395425073189","11.2395425073189"
"福建省2020","福建省","350723","光泽县","Guangze County","202007","2020","7","0.145164493971512","14.5164493971512"
"福建省2020","福建省","350724","松溪县","Songxi County","202007","2020","7","0.115385980783109","11.5385980783109"
"福建省2020","福建省","350725","政和县","Zhenghe County","202007","2020","7","0.118995243221382","11.8995243221382"
"福建省2020","福建省","350781","邵武市","Shaowu City","202007","2020","7","0.114494263412749","11.4494263412749"
"福建省2020","福建省","350782","武夷山市","Wuyishan City","202007","2020","7","0.117392151378261","11.7392151378261"
"福建省2020","福建省","350783","建瓯市","Jian'ou City","202007","2020","7","0.178372868664286","17.8372868664286"
"福建省2020","福建省","350784","建阳市","Jianyang City","202007","2020","7","0.160028247770805","16.0028247770805"
"福建省2020","福建省","350802","新罗区","Xinluo District","202007","2020","7","0.189844505609806","18.9844505609806"
"福建省2020","福建省","350821","长汀县","Changting County","202007","2020","7","0.154149384398666","15.4149384398666"
"福建省2020","福建省","350822","永定县","Yongding County","202007","2020","7","0.180815842331631","18.0815842331631"
"福建省2020","福建省","350823","上杭县","Shanghang County","202007","2020","7","0.188841447395981","18.8841447395981"
"福建省2020","福建省","350824","武平县","Wuping County","202007","2020","7","0.182661350276562","18.2661350276562"
"福建省2020","福建省","350825","连城县","Liancheng County","202007","2020","7","0.187474578197459","18.7474578197459"
"福建省2020","福建省","350881","漳平市","Zhangping City","202007","2020","7","0.151751182467822","15.1751182467822"
"福建省2020","福建省","350902","蕉城区","Jiaocheng District","202007","2020","7","0.251947640579758","25.1947640579758"
"福建省2020","福建省","350921","霞浦县","Xiapu County","202007","2020","7","0.243177907147077","24.3177907147077"
"福建省2020","福建省","350922","古田县","Gutian County","202007","2020","7","0.294316198166196","29.4316198166196"
"福建省2020","福建省","350923","屏南县","Pingnan County","202007","2020","7","0.140867765127374","14.0867765127374"
"福建省2020","福建省","350924","寿宁县","Shouning County","202007","2020","7","0.267485327171994","26.7485327171994"
"福建省2020","福建省","350925","周宁县","Zhouning County","202007","2020","7","0.222980968810866","22.2980968810866"
"福建省2020","福建省","350926","柘荣县","Zherong County","202007","2020","7","0.225283290588945","22.5283290588945"
"福建省2020","福建省","350981","福安市","Fu'an City","202007","2020","7","0.252947714990449","25.2947714990449"
"福建省2020","福建省","350982","福鼎市","Fuding City","202007","2020","7","0.247597866142552","24.7597866142552"
"福建省2020","福建省","350102","鼓楼区","Gulou District","202008","2020","8","0.290786198392465","29.0786198392465"
"福建省2020","福建省","350103","台江区","Taijiang District","202008","2020","8","0.290786198392465","29.0786198392465"
"福建省2020","福建省","350104","仓山区","Cangshan District","202008","2020","8","0.24780187105805","24.780187105805"
"福建省2020","福建省","350105","马尾区","Mawei District","202008","2020","8","0.210662282486948","21.0662282486948"
"福建省2020","福建省","350111","晋安区","Jin'an District","202008","2020","8","0.277177558888164","27.7177558888164"
"福建省2020","福建省","350121","闽侯县","Minhou County","202008","2020","8","0.233954172919033","23.3954172919033"
"福建省2020","福建省","350122","连江县","Lianjiang County","202008","2020","8","0.285424765043663","28.5424765043663"
"福建省2020","福建省","350123","罗源县","Luoyuan County","202008","2020","8","0.283753969330294","28.3753969330294"
"福建省2020","福建省","350124","闽清县","Minqing County","202008","2020","8","0.283436585404267","28.3436585404267"
"福建省2020","福建省","350125","永泰县","Yongtai County","202008","2020","8","0.230481412588437","23.0481412588437"
"福建省2020","福建省","350128","平潭县","Pingtan County","202008","2020","8","0.285424765043663","28.5424765043663"
"福建省2020","福建省","350181","福清市","Fuqing City","202008","2020","8","0.282327461710918","28.2327461710918"
"福建省2020","福建省","350182","长乐市","Changle City","202008","2020","8","0.290899711444612","29.0899711444612"
"福建省2020","福建省","350203","思明区","Siming District","202008","2020","8","0.256309139068047","25.6309139068047"
"福建省2020","福建省","350205","海沧区","Haicang District","202008","2020","8","0.22458749891329","22.458749891329"
"福建省2020","福建省","350206","湖里区","Huli District","202008","2020","8","0.277882255150464","27.7882255150464"
"福建省2020","福建省","350211","集美区","Jimei District","202008","2020","8","0.300840246076653","30.0840246076653"
"福建省2020","福建省","350212","同安区","Tong'an District","202008","2020","8","0.247896150056149","24.7896150056149"
"福建省2020","福建省","350213","翔安区","Xiang'an District","202008","2020","8","0.235841018931628","23.5841018931628"
"福建省2020","福建省","350302","城厢区","Chengxiang District","202008","2020","8","0.264420238814069","26.4420238814069"
"福建省2020","福建省","350303","涵江区","Hanjiang District","202008","2020","8","0.208766503426817","20.8766503426817"
"福建省2020","福建省","350304","荔城区","Licheng District","202008","2020","8","0.261615675029652","26.1615675029652"
"福建省2020","福建省","350305","秀屿区","Xiuyu District","202008","2020","8","0.191409402018532","19.1409402018532"
"福建省2020","福建省","350322","仙游县","Xianyou County","202008","2020","8","0.220941450313796","22.0941450313796"
"福建省2020","福建省","350402","梅列区","Melie district","202008","2020","8","0.233225862379685","23.3225862379685"
"福建省2020","福建省","350403","三元区","Sanyuan District","202008","2020","8","0.297234502689891","29.7234502689891"
"福建省2020","福建省","350421","明溪县","Mingxi County","202008","2020","8","0.279685603334253","27.9685603334253"
"福建省2020","福建省","350423","清流县","Qingliu County","202008","2020","8","0.226137386333206","22.6137386333206"
"福建省2020","福建省","350424","宁化县","Ninghua County","202008","2020","8","0.273506660258077","27.3506660258077"
"福建省2020","福建省","350425","大田县","Datian County","202008","2020","8","0.288649684259304","28.8649684259304"
"福建省2020","福建省","350426","尤溪县","Youxi County","202008","2020","8","0.253325221172484","25.3325221172484"
"福建省2020","福建省","350427","沙县","Sha County","202008","2020","8","0.284319154893265","28.4319154893265"
"福建省2020","福建省","350428","将乐县","Jiangle County","202008","2020","8","0.29674861835138","29.674861835138"
"福建省2020","福建省","350429","泰宁县","Taining County","202008","2020","8","0.220477509322577","22.0477509322577"
"福建省2020","福建省","350430","建宁县","Jianning County","202008","2020","8","0.282978952631921","28.2978952631921"
"福建省2020","福建省","350481","永安市","Yong'an City","202008","2020","8","0.267031662398769","26.7031662398769"
"福建省2020","福建省","350502","鲤城区","Licheng District","202008","2020","8","0.242017301373502","24.2017301373502"
"福建省2020","福建省","350503","丰泽区","Fengze District","202008","2020","8","0.301315900101835","30.1315900101835"
"福建省2020","福建省","350504","洛江区","Luojiang District","202008","2020","8","0.267108934637097","26.7108934637097"
"福建省2020","福建省","350505","泉港区","Quangang District","202008","2020","8","0.234874053718604","23.4874053718604"
"福建省2020","福建省","350521","惠安县","Hui'an County","202008","2020","8","0.236539477668238","23.6539477668238"
"福建省2020","福建省","350524","安溪县","Anxi County","202008","2020","8","0.241898849897645","24.1898849897645"
"福建省2020","福建省","350525","永春县","Yongchun County","202008","2020","8","0.232276505277524","23.2276505277524"
"福建省2020","福建省","350526","德化县","Dehua County","202008","2020","8","0.23243690810735","23.243690810735"
"福建省2020","福建省","350527","金门县","Kinmen County","202008","2020","8","0.310841269283918","31.0841269283918"
"福建省2020","福建省","350581","石狮市","Shishi City","202008","2020","8","0.199457348882656","19.9457348882656"
"福建省2020","福建省","350582","晋江市","Jinjiang City","202008","2020","8","0.248014265509867","24.8014265509867"
"福建省2020","福建省","350583","南安市","Nan'an City","202008","2020","8","0.237953261432958","23.7953261432958"
"福建省2020","福建省","350602","芗城区","Xiangcheng District","202008","2020","8","0.144938583350545","14.4938583350545"
"福建省2020","福建省","350603","龙文区","Longwen District","202008","2020","8","0.188265203399549","18.8265203399549"
"福建省2020","福建省","350622","云霄县","Yunxiao County","202008","2020","8","0.247623108198971","24.7623108198971"
"福建省2020","福建省","350623","漳浦县","Zhangpu County","202008","2020","8","0.162903092513285","16.2903092513285"
"福建省2020","福建省","350624","诏安县","Zhao'an County","202008","2020","8","0.162929348144677","16.2929348144677"
"福建省2020","福建省","350625","长泰县","Changtai County","202008","2020","8","0.173523964556934","17.3523964556934"
"福建省2020","福建省","350626","东山县","Dongshan County","202008","2020","8","0.175938414902505","17.5938414902505"
"福建省2020","福建省","350627","南靖县","Nanjing County","202008","2020","8","0.174598041875812","17.4598041875812"
"福建省2020","福建省","350628","平和县","Pinghe County","202008","2020","8","0.180767940815166","18.0767940815166"
"福建省2020","福建省","350629","华安县","Hua'an County","202008","2020","8","0.233001651149364","23.3001651149364"
"福建省2020","福建省","350681","龙海市","Longhai  City","202008","2020","8","0.154974437180362","15.4974437180362"
"福建省2020","福建省","350702","延平区","Yanping District","202008","2020","8","0.101969415572236","10.1969415572236"
"福建省2020","福建省","350721","顺昌县","Shunchang County","202008","2020","8","0.146901568674371","14.6901568674371"
"福建省2020","福建省","350722","浦城县","Pucheng County","202008","2020","8","0.111024086596619","11.1024086596619"
"福建省2020","福建省","350723","光泽县","Guangze County","202008","2020","8","0.147467895427279","14.7467895427279"
"福建省2020","福建省","350724","松溪县","Songxi County","202008","2020","8","0.151715722951379","15.1715722951379"
"福建省2020","福建省","350725","政和县","Zhenghe County","202008","2020","8","0.114269695962238","11.4269695962238"
"福建省2020","福建省","350781","邵武市","Shaowu City","202008","2020","8","0.114494263412749","11.4494263412749"
"福建省2020","福建省","350782","武夷山市","Wuyishan City","202008","2020","8","0.119923346464296","11.9923346464296"
"福建省2020","福建省","350783","建瓯市","Jian'ou City","202008","2020","8","0.174849133959043","17.4849133959043"
"福建省2020","福建省","350784","建阳市","Jianyang City","202008","2020","8","0.161719771275975","16.1719771275975"
"福建省2020","福建省","350802","新罗区","Xinluo District","202008","2020","8","0.169314157111413","16.9314157111413"
"福建省2020","福建省","350821","长汀县","Changting County","202008","2020","8","0.16536151585421","16.536151585421"
"福建省2020","福建省","350822","永定县","Yongding County","202008","2020","8","0.18074653547053","18.074653547053"
"福建省2020","福建省","350823","上杭县","Shanghang County","202008","2020","8","0.188841447395981","18.8841447395981"
"福建省2020","福建省","350824","武平县","Wuping County","202008","2020","8","0.130981966298114","13.0981966298114"
"福建省2020","福建省","350825","连城县","Liancheng County","202008","2020","8","0.187474578197459","18.7474578197459"
"福建省2020","福建省","350881","漳平市","Zhangping City","202008","2020","8","0.157178151150565","15.7178151150565"
"福建省2020","福建省","350902","蕉城区","Jiaocheng District","202008","2020","8","0.251889219550582","25.1889219550582"
"福建省2020","福建省","350921","霞浦县","Xiapu County","202008","2020","8","0.251947640579758","25.1947640579758"
"福建省2020","福建省","350922","古田县","Gutian County","202008","2020","8","0.268197198333214","26.8197198333214"
"福建省2020","福建省","350923","屏南县","Pingnan County","202008","2020","8","0.222183109033793","22.2183109033793"
"福建省2020","福建省","350924","寿宁县","Shouning County","202008","2020","8","0.259840175369082","25.9840175369082"
"福建省2020","福建省","350925","周宁县","Zhouning County","202008","2020","8","0.212240314056116","21.2240314056116"
"福建省2020","福建省","350926","柘荣县","Zherong County","202008","2020","8","0.215986390753779","21.5986390753779"
"福建省2020","福建省","350981","福安市","Fu'an City","202008","2020","8","0.253186699259609","25.3186699259609"
"福建省2020","福建省","350982","福鼎市","Fuding City","202008","2020","8","0.254224746926122","25.4224746926122"
"福建省2020","福建省","350102","鼓楼区","Gulou District","202009","2020","9","0.290786198392465","29.0786198392465"
"福建省2020","福建省","350103","台江区","Taijiang District","202009","2020","9","0.290786198392465","29.0786198392465"
"福建省2020","福建省","350104","仓山区","Cangshan District","202009","2020","9","0.24825586542676","24.825586542676"
"福建省2020","福建省","350105","马尾区","Mawei District","202009","2020","9","0.216021655634448","21.6021655634448"
"福建省2020","福建省","350111","晋安区","Jin'an District","202009","2020","9","0.276860174962137","27.6860174962137"
"福建省2020","福建省","350121","闽侯县","Minhou County","202009","2020","9","0.233981402647387","23.3981402647387"
"福建省2020","福建省","350122","连江县","Lianjiang County","202009","2020","9","0.289013935010679","28.9013935010679"
"福建省2020","福建省","350123","罗源县","Luoyuan County","202009","2020","9","0.2864507737531","28.64507737531"
"福建省2020","福建省","350124","闽清县","Minqing County","202009","2020","9","0.285325026144876","28.5325026144876"
"福建省2020","福建省","350125","永泰县","Yongtai County","202009","2020","9","0.243662698954595","24.3662698954595"
"福建省2020","福建省","350128","平潭县","Pingtan County","202009","2020","9","0.289331318018612","28.9331318018612"
"福建省2020","福建省","350181","福清市","Fuqing City","202009","2020","9","0.24827036670999","24.827036670999"
"福建省2020","福建省","350182","长乐市","Changle City","202009","2020","9","0.290822009538632","29.0822009538632"
"福建省2020","福建省","350203","思明区","Siming District","202009","2020","9","0.259641890174668","25.9641890174668"
"福建省2020","福建省","350205","海沧区","Haicang District","202009","2020","9","0.236123525412346","23.6123525412346"
"福建省2020","福建省","350206","湖里区","Huli District","202009","2020","9","0.16569027862825","16.569027862825"
"福建省2020","福建省","350211","集美区","Jimei District","202009","2020","9","0.292164111334956","29.2164111334956"
"福建省2020","福建省","350212","同安区","Tong'an District","202009","2020","9","0.246267826255635","24.6267826255635"
"福建省2020","福建省","350213","翔安区","Xiang'an District","202009","2020","9","0.235841018931628","23.5841018931628"
"福建省2020","福建省","350302","城厢区","Chengxiang District","202009","2020","9","0.235779824342678","23.5779824342678"
"福建省2020","福建省","350303","涵江区","Hanjiang District","202009","2020","9","0.207584995423719","20.7584995423719"
"福建省2020","福建省","350304","荔城区","Licheng District","202009","2020","9","0.269021579988728","26.9021579988728"
"福建省2020","福建省","350305","秀屿区","Xiuyu District","202009","2020","9","0.205890776396703","20.5890776396703"
"福建省2020","福建省","350322","仙游县","Xianyou County","202009","2020","9","0.214931336327496","21.4931336327496"
"福建省2020","福建省","350402","梅列区","Melie district","202009","2020","9","0.289529769387908","28.9529769387908"
"福建省2020","福建省","350403","三元区","Sanyuan District","202009","2020","9","0.28790529974295","28.790529974295"
"福建省2020","福建省","350421","明溪县","Mingxi County","202009","2020","9","0.245749367967834","24.5749367967834"
"福建省2020","福建省","350423","清流县","Qingliu County","202009","2020","9","0.227273762707241","22.7273762707241"
"福建省2020","福建省","350424","宁化县","Ninghua County","202009","2020","9","0.266624792839616","26.6624792839616"
"福建省2020","福建省","350425","大田县","Datian County","202009","2020","9","0.310107544748545","31.0107544748545"
"福建省2020","福建省","350426","尤溪县","Youxi County","202009","2020","9","0.253305721789481","25.3305721789481"
"福建省2020","福建省","350427","沙县","Sha County","202009","2020","9","0.271335755269041","27.1335755269041"
"福建省2020","福建省","350428","将乐县","Jiangle County","202009","2020","9","0.238673348610869","23.8673348610869"
"福建省2020","福建省","350429","泰宁县","Taining County","202009","2020","9","0.258978959811496","25.8978959811496"
"福建省2020","福建省","350430","建宁县","Jianning County","202009","2020","9","0.282978952631921","28.2978952631921"
"福建省2020","福建省","350481","永安市","Yong'an City","202009","2020","9","0.25964121445802","25.964121445802"
"福建省2020","福建省","350502","鲤城区","Licheng District","202009","2020","9","0.242017301373502","24.2017301373502"
"福建省2020","福建省","350503","丰泽区","Fengze District","202009","2020","9","0.294661355331794","29.4661355331794"
"福建省2020","福建省","350504","洛江区","Luojiang District","202009","2020","9","0.286950222001612","28.6950222001612"
"福建省2020","福建省","350505","泉港区","Quangang District","202009","2020","9","0.237953261432958","23.7953261432958"
"福建省2020","福建省","350521","惠安县","Hui'an County","202009","2020","9","0.23651531896188","23.651531896188"
"福建省2020","福建省","350524","安溪县","Anxi County","202009","2020","9","0.237977420139317","23.7977420139317"
"福建省2020","福建省","350525","永春县","Yongchun County","202009","2020","9","0.232593888285458","23.2593888285458"
"福建省2020","福建省","350526","德化县","Dehua County","202009","2020","9","0.236358337865679","23.6358337865679"
"福建省2020","福建省","350527","金门县","Kinmen County","202009","2020","9","0.318464554859371","31.8464554859371"
"福建省2020","福建省","350581","石狮市","Shishi City","202009","2020","9","0.199457348882656","19.9457348882656"
"福建省2020","福建省","350582","晋江市","Jinjiang City","202009","2020","9","0.154363932697299","15.4363932697299"
"福建省2020","福建省","350583","南安市","Nan'an City","202009","2020","9","0.237953261432958","23.7953261432958"
"福建省2020","福建省","350602","芗城区","Xiangcheng District","202009","2020","9","0.174103337415237","17.4103337415237"
"福建省2020","福建省","350603","龙文区","Longwen District","202009","2020","9","0.188265203399549","18.8265203399549"
"福建省2020","福建省","350622","云霄县","Yunxiao County","202009","2020","9","0.265471542829336","26.5471542829336"
"福建省2020","福建省","350623","漳浦县","Zhangpu County","202009","2020","9","0.16708401674447","16.708401674447"
"福建省2020","福建省","350624","诏安县","Zhao'an County","202009","2020","9","0.167957094067129","16.7957094067129"
"福建省2020","福建省","350625","长泰县","Changtai County","202009","2020","9","0.173411903010251","17.3411903010251"
"福建省2020","福建省","350626","东山县","Dongshan County","202009","2020","9","0.17718300509432","17.718300509432"
"福建省2020","福建省","350627","南靖县","Nanjing County","202009","2020","9","0.177893480753767","17.7893480753767"
"福建省2020","福建省","350628","平和县","Pinghe County","202009","2020","9","0.166255502751139","16.6255502751139"
"福建省2020","福建省","350629","华安县","Hua'an County","202009","2020","9","0.223934242498925","22.3934242498925"
"福建省2020","福建省","350681","龙海市","Longhai  City","202009","2020","9","0.176888746101628","17.6888746101628"
"福建省2020","福建省","350702","延平区","Yanping District","202009","2020","9","0.11980056250629","11.980056250629"
"福建省2020","福建省","350721","顺昌县","Shunchang County","202009","2020","9","0.146901568674371","14.6901568674371"
"福建省2020","福建省","350722","浦城县","Pucheng County","202009","2020","9","0.102741867118007","10.2741867118007"
"福建省2020","福建省","350723","光泽县","Guangze County","202009","2020","9","0.146311926942821","14.6311926942821"
"福建省2020","福建省","350724","松溪县","Songxi County","202009","2020","9","0.150285748611808","15.0285748611808"
"福建省2020","福建省","350725","政和县","Zhenghe County","202009","2020","9","0.120925923597247","12.0925923597247"
"福建省2020","福建省","350781","邵武市","Shaowu City","202009","2020","9","0.114494263412749","11.4494263412749"
"福建省2020","福建省","350782","武夷山市","Wuyishan City","202009","2020","9","0.119904397019163","11.9904397019163"
"福建省2020","福建省","350783","建瓯市","Jian'ou City","202009","2020","9","0.181373012022245","18.1373012022245"
"福建省2020","福建省","350784","建阳市","Jianyang City","202009","2020","9","0.123825779954735","12.3825779954735"
"福建省2020","福建省","350802","新罗区","Xinluo District","202009","2020","9","0.121427126322001","12.1427126322001"
"福建省2020","福建省","350821","长汀县","Changting County","202009","2020","9","0.164453842940877","16.4453842940877"
"福建省2020","福建省","350822","永定县","Yongding County","202009","2020","9","0.18074653547053","18.074653547053"
"福建省2020","福建省","350823","上杭县","Shanghang County","202009","2020","9","0.188841447395981","18.8841447395981"
"福建省2020","福建省","350824","武平县","Wuping County","202009","2020","9","0.131019717375365","13.1019717375365"
"福建省2020","福建省","350825","连城县","Liancheng County","202009","2020","9","0.183277730556565","18.3277730556565"
"福建省2020","福建省","350881","漳平市","Zhangping City","202009","2020","9","0.151751182467822","15.1751182467822"
"福建省2020","福建省","350902","蕉城区","Jiaocheng District","202009","2020","9","0.251889219550582","25.1889219550582"
"福建省2020","福建省","350921","霞浦县","Xiapu County","202009","2020","9","0.252210447533139","25.2210447533139"
"福建省2020","福建省","350922","古田县","Gutian County","202009","2020","9","0.287009510628929","28.7009510628929"
"福建省2020","福建省","350923","屏南县","Pingnan County","202009","2020","9","0.221026472177433","22.1026472177433"
"福建省2020","福建省","350924","寿宁县","Shouning County","202009","2020","9","0.237507540920816","23.7507540920816"
"福建省2020","福建省","350925","周宁县","Zhouning County","202009","2020","9","0.229520961247177","22.9520961247177"
"福建省2020","福建省","350926","柘荣县","Zherong County","202009","2020","9","0.222288193989703","22.2288193989703"
"福建省2020","福建省","350981","福安市","Fu'an City","202009","2020","9","0.253186699259609","25.3186699259609"
"福建省2020","福建省","350982","福鼎市","Fuding City","202009","2020","9","0.278328051864348","27.8328051864348"
"福建省2020","福建省","350102","鼓楼区","Gulou District","202010","2020","10","0.290786198392465","29.0786198392465"
"福建省2020","福建省","350103","台江区","Taijiang District","202010","2020","10","0.290786198392465","29.0786198392465"
"福建省2020","福建省","350104","仓山区","Cangshan District","202010","2020","10","0.245457848565465","24.5457848565465"
"福建省2020","福建省","350105","马尾区","Mawei District","202010","2020","10","0.216021655634448","21.6021655634448"
"福建省2020","福建省","350111","晋安区","Jin'an District","202010","2020","10","0.276860174962137","27.6860174962137"
"福建省2020","福建省","350121","闽侯县","Minhou County","202010","2020","10","0.232092961906778","23.2092961906778"
"福建省2020","福建省","350122","连江县","Lianjiang County","202010","2020","10","0.28397989647694","28.397989647694"
"福建省2020","福建省","350123","罗源县","Luoyuan County","202010","2020","10","0.283753969330294","28.3753969330294"
"福建省2020","福建省","350124","闽清县","Minqing County","202010","2020","10","0.283436585404267","28.3436585404267"
"福建省2020","福建省","350125","永泰县","Yongtai County","202010","2020","10","0.236022543415269","23.6022543415269"
"福建省2020","福建省","350128","平潭县","Pingtan County","202010","2020","10","0.289687557488096","28.9687557488096"
"福建省2020","福建省","350181","福清市","Fuqing City","202010","2020","10","0.272946414036909","27.2946414036909"
"福建省2020","福建省","350182","长乐市","Changle City","202010","2020","10","0.289373016896932","28.9373016896932"
"福建省2020","福建省","350203","思明区","Siming District","202010","2020","10","0.245633159393841","24.5633159393841"
"福建省2020","福建省","350205","海沧区","Haicang District","202010","2020","10","0.230094557462613","23.0094557462613"
"福建省2020","福建省","350206","湖里区","Huli District","202010","2020","10","0.229343836266496","22.9343836266496"
"福建省2020","福建省","350211","集美区","Jimei District","202010","2020","10","0.28122650078485","28.122650078485"
"福建省2020","福建省","350212","同安区","Tong'an District","202010","2020","10","0.244974965473859","24.4974965473859"
"福建省2020","福建省","350213","翔安区","Xiang'an District","202010","2020","10","0.234474231443407","23.4474231443407"
"福建省2020","福建省","350302","城厢区","Chengxiang District","202010","2020","10","0.241223130495195","24.1223130495195"
"福建省2020","福建省","350303","涵江区","Hanjiang District","202010","2020","10","0.209634743316026","20.9634743316026"
"福建省2020","福建省","350304","荔城区","Licheng District","202010","2020","10","0.232235456409241","23.2235456409241"
"福建省2020","福建省","350305","秀屿区","Xiuyu District","202010","2020","10","0.199099163055436","19.9099163055436"
"福建省2020","福建省","350322","仙游县","Xianyou County","202010","2020","10","0.207766156342424","20.7766156342424"
"福建省2020","福建省","350402","梅列区","Melie district","202010","2020","10","0.275564037505474","27.5564037505474"
"福建省2020","福建省","350403","三元区","Sanyuan District","202010","2020","10","0.316039337115906","31.6039337115906"
"福建省2020","福建省","350421","明溪县","Mingxi County","202010","2020","10","0.256636667924729","25.6636667924729"
"福建省2020","福建省","350423","清流县","Qingliu County","202010","2020","10","0.227274850647768","22.7274850647768"
"福建省2020","福建省","350424","宁化县","Ninghua County","202010","2020","10","0.266624792839616","26.6624792839616"
"福建省2020","福建省","350425","大田县","Datian County","202010","2020","10","0.297855545047529","29.7855545047529"
"福建省2020","福建省","350426","尤溪县","Youxi County","202010","2020","10","0.248985916670951","24.8985916670951"
"福建省2020","福建省","350427","沙县","Sha County","202010","2020","10","0.288439023167584","28.8439023167584"
"福建省2020","福建省","350428","将乐县","Jiangle County","202010","2020","10","0.293241418505965","29.3241418505965"
"福建省2020","福建省","350429","泰宁县","Taining County","202010","2020","10","0.261027947522574","26.1027947522574"
"福建省2020","福建省","350430","建宁县","Jianning County","202010","2020","10","0.289481350984931","28.9481350984931"
"福建省2020","福建省","350481","永安市","Yong'an City","202010","2020","10","0.261242802464361","26.1242802464361"
"福建省2020","福建省","350502","鲤城区","Licheng District","202010","2020","10","0.242017301373502","24.2017301373502"
"福建省2020","福建省","350503","丰泽区","Fengze District","202010","2020","10","0.308322732867917","30.8322732867917"
"福建省2020","福建省","350504","洛江区","Luojiang District","202010","2020","10","0.273580854129665","27.3580854129665"
"福建省2020","福建省","350505","泉港区","Quangang District","202010","2020","10","0.232593888285458","23.2593888285458"
"福建省2020","福建省","350521","惠安县","Hui'an County","202010","2020","10","0.241874691191287","24.1874691191287"
"福建省2020","福建省","350524","安溪县","Anxi County","202010","2020","10","0.237977420139317","23.7977420139317"
"福建省2020","福建省","350525","永春县","Yongchun County","202010","2020","10","0.234300587872413","23.4300587872413"
"福建省2020","福建省","350526","德化县","Dehua County","202010","2020","10","0.226312657683572","22.6312657683572"
"福建省2020","福建省","350527","金门县","Kinmen County","202010","2020","10","0.271891534048348","27.1891534048348"
"福建省2020","福建省","350581","石狮市","Shishi City","202010","2020","10","0.197708999994417","19.7708999994417"
"福建省2020","福建省","350582","晋江市","Jinjiang City","202010","2020","10","0.242098199162161","24.2098199162161"
"福建省2020","福建省","350583","南安市","Nan'an City","202010","2020","10","0.237953261432958","23.7953261432958"
"福建省2020","福建省","350602","芗城区","Xiangcheng District","202010","2020","10","0.142503736644843","14.2503736644843"
"福建省2020","福建省","350603","龙文区","Longwen District","202010","2020","10","0.188265203399549","18.8265203399549"
"福建省2020","福建省","350622","云霄县","Yunxiao County","202010","2020","10","0.249231998719197","24.9231998719197"
"福建省2020","福建省","350623","漳浦县","Zhangpu County","202010","2020","10","0.165330319962922","16.5330319962922"
"福建省2020","福建省","350624","诏安县","Zhao'an County","202010","2020","10","0.168094971478527","16.8094971478527"
"福建省2020","福建省","350625","长泰县","Changtai County","202010","2020","10","0.173148861943085","17.3148861943085"
"福建省2020","福建省","350626","东山县","Dongshan County","202010","2020","10","0.177869096196464","17.7869096196464"
"福建省2020","福建省","350627","南靖县","Nanjing County","202010","2020","10","0.177309926898704","17.7309926898704"
"福建省2020","福建省","350628","平和县","Pinghe County","202010","2020","10","0.176084232902612","17.6084232902612"
"福建省2020","福建省","350629","华安县","Hua'an County","202010","2020","10","0.223564003943231","22.3564003943231"
"福建省2020","福建省","350681","龙海市","Longhai  City","202010","2020","10","0.175445004953443","17.5445004953443"
"福建省2020","福建省","350702","延平区","Yanping District","202010","2020","10","0.114905298361076","11.4905298361076"
"福建省2020","福建省","350721","顺昌县","Shunchang County","202010","2020","10","0.153667491011608","15.3667491011608"
"福建省2020","福建省","350722","浦城县","Pucheng County","202010","2020","10","0.112395425073189","11.2395425073189"
"福建省2020","福建省","350723","光泽县","Guangze County","202010","2020","10","0.147467895427279","14.7467895427279"
"福建省2020","福建省","350724","松溪县","Songxi County","202010","2020","10","0.131245248823811","13.1245248823811"
"福建省2020","福建省","350725","政和县","Zhenghe County","202010","2020","10","0.11787308811213","11.787308811213"
"福建省2020","福建省","350781","邵武市","Shaowu City","202010","2020","10","0.114494263412749","11.4494263412749"
"福建省2020","福建省","350782","武夷山市","Wuyishan City","202010","2020","10","0.115781548614083","11.5781548614083"
"福建省2020","福建省","350783","建瓯市","Jian'ou City","202010","2020","10","0.177173155789698","17.7173155789698"
"福建省2020","福建省","350784","建阳市","Jianyang City","202010","2020","10","0.134090747632945","13.4090747632945"
"福建省2020","福建省","350802","新罗区","Xinluo District","202010","2020","10","0.113168233757243","11.3168233757243"
"福建省2020","福建省","350821","长汀县","Changting County","202010","2020","10","0.187474578197459","18.7474578197459"
"福建省2020","福建省","350822","永定县","Yongding County","202010","2020","10","0.184943382193331","18.4943382193331"
"福建省2020","福建省","350823","上杭县","Shanghang County","202010","2020","10","0.193038295036875","19.3038295036875"
"福建省2020","福建省","350824","武平县","Wuping County","202010","2020","10","0.0742288968460717","7.42288968460717"
"福建省2020","福建省","350825","连城县","Liancheng County","202010","2020","10","0.183277730556565","18.3277730556565"
"福建省2020","福建省","350881","漳平市","Zhangping City","202010","2020","10","0.158549866045376","15.8549866045376"
"福建省2020","福建省","350902","蕉城区","Jiaocheng District","202010","2020","10","0.251889219550582","25.1889219550582"
"福建省2020","福建省","350921","霞浦县","Xiapu County","202010","2020","10","0.251947640579758","25.1947640579758"
"福建省2020","福建省","350922","古田县","Gutian County","202010","2020","10","0.27173560600513","27.173560600513"
"福建省2020","福建省","350923","屏南县","Pingnan County","202010","2020","10","0.224645716125759","22.4645716125759"
"福建省2020","福建省","350924","寿宁县","Shouning County","202010","2020","10","0.220763338382847","22.0763338382847"
"福建省2020","福建省","350925","周宁县","Zhouning County","202010","2020","10","0.220208272043919","22.0208272043919"
"福建省2020","福建省","350926","柘荣县","Zherong County","202010","2020","10","0.243656604651455","24.3656604651455"
"福建省2020","福建省","350981","福安市","Fu'an City","202010","2020","10","0.253186699259609","25.3186699259609"
"福建省2020","福建省","350982","福鼎市","Fuding City","202010","2020","10","0.254746155965699","25.4746155965699"
"福建省2020","福建省","350102","鼓楼区","Gulou District","202011","2020","11","0.290786198392465","29.0786198392465"
"福建省2020","福建省","350103","台江区","Taijiang District","202011","2020","11","0.290786198392465","29.0786198392465"
"福建省2020","福建省","350104","仓山区","Cangshan District","202011","2020","11","0.292740575673773","29.2740575673773"
"福建省2020","福建省","350105","马尾区","Mawei District","202011","2020","11","0.265345687849335","26.5345687849335"
"福建省2020","福建省","350111","晋安区","Jin'an District","202011","2020","11","0.276860174962137","27.6860174962137"
"福建省2020","福建省","350121","闽侯县","Minhou County","202011","2020","11","0.232092961906778","23.2092961906778"
"福建省2020","福建省","350122","连江县","Lianjiang County","202011","2020","11","0.285886458542551","28.5886458542551"
"福建省2020","福建省","350123","罗源县","Luoyuan County","202011","2020","11","0.28397989647694","28.397989647694"
"福建省2020","福建省","350124","闽清县","Minqing County","202011","2020","11","0.283436585404267","28.3436585404267"
"福建省2020","福建省","350125","永泰县","Yongtai County","202011","2020","11","0.235099350135173","23.5099350135173"
"福建省2020","福建省","350128","平潭县","Pingtan County","202011","2020","11","0.285424765043663","28.5424765043663"
"福建省2020","福建省","350181","福清市","Fuqing City","202011","2020","11","0.234368342237791","23.4368342237791"
"福建省2020","福建省","350182","长乐市","Changle City","202011","2020","11","0.289842938347724","28.9842938347724"
"福建省2020","福建省","350203","思明区","Siming District","202011","2020","11","0.246652530288922","24.6652530288922"
"福建省2020","福建省","350205","海沧区","Haicang District","202011","2020","11","0.230094557462613","23.0094557462613"
"福建省2020","福建省","350206","湖里区","Huli District","202011","2020","11","0.262107311222512","26.2107311222512"
"福建省2020","福建省","350211","集美区","Jimei District","202011","2020","11","0.267716179889044","26.7716179889044"
"福建省2020","福建省","350212","同安区","Tong'an District","202011","2020","11","0.240201383574726","24.0201383574726"
"福建省2020","福建省","350213","翔安区","Xiang'an District","202011","2020","11","0.235149456911677","23.5149456911677"
"福建省2020","福建省","350302","城厢区","Chengxiang District","202011","2020","11","0.261840475675854","26.1840475675854"
"福建省2020","福建省","350303","涵江区","Hanjiang District","202011","2020","11","0.217898638571022","21.7898638571022"
"福建省2020","福建省","350304","荔城区","Licheng District","202011","2020","11","0.264409912100946","26.4409912100946"
"福建省2020","福建省","350305","秀屿区","Xiuyu District","202011","2020","11","0.190375258084612","19.0375258084612"
"福建省2020","福建省","350322","仙游县","Xianyou County","202011","2020","11","0.208857675597283","20.8857675597283"
"福建省2020","福建省","350402","梅列区","Melie district","202011","2020","11","0.277067894483014","27.7067894483014"
"福建省2020","福建省","350403","三元区","Sanyuan District","202011","2020","11","0.296434276068363","29.6434276068363"
"福建省2020","福建省","350421","明溪县","Mingxi County","202011","2020","11","0.26052914102126","26.052914102126"
"福建省2020","福建省","350423","清流县","Qingliu County","202011","2020","11","0.227274850647768","22.7274850647768"
"福建省2020","福建省","350424","宁化县","Ninghua County","202011","2020","11","0.273164410693872","27.3164410693872"
"福建省2020","福建省","350425","大田县","Datian County","202011","2020","11","0.243230834306113","24.3230834306113"
"福建省2020","福建省","350426","尤溪县","Youxi County","202011","2020","11","0.236872216704239","23.6872216704239"
"福建省2020","福建省","350427","沙县","Sha County","202011","2020","11","0.275476326546643","27.5476326546643"
"福建省2020","福建省","350428","将乐县","Jiangle County","202011","2020","11","0.283138789916291","28.3138789916291"
"福建省2020","福建省","350429","泰宁县","Taining County","202011","2020","11","0.262304273444521","26.2304273444521"
"福建省2020","福建省","350430","建宁县","Jianning County","202011","2020","11","0.294966638788496","29.4966638788496"
"福建省2020","福建省","350481","永安市","Yong'an City","202011","2020","11","0.251124348700958","25.1124348700958"
"福建省2020","福建省","350502","鲤城区","Licheng District","202011","2020","11","0.242017301373502","24.2017301373502"
"福建省2020","福建省","350503","丰泽区","Fengze District","202011","2020","11","0.319910046811425","31.9910046811425"
"福建省2020","福建省","350504","洛江区","Luojiang District","202011","2020","11","0.273580854129665","27.3580854129665"
"福建省2020","福建省","350505","泉港区","Quangang District","202011","2020","11","0.234515950519779","23.4515950519779"
"福建省2020","福建省","350521","惠安县","Hui'an County","202011","2020","11","0.241874691191287","24.1874691191287"
"福建省2020","福建省","350524","安溪县","Anxi County","202011","2020","11","0.237977420139317","23.7977420139317"
"福建省2020","福建省","350525","永春县","Yongchun County","202011","2020","11","0.237635877506931","23.7635877506931"
"福建省2020","福建省","350526","德化县","Dehua County","202011","2020","11","0.232119525099416","23.2119525099416"
"福建省2020","福建省","350527","金门县","Kinmen County","202011","2020","11","0.356477150978044","35.6477150978044"
"福建省2020","福建省","350581","石狮市","Shishi City","202011","2020","11","0.199457348882656","19.9457348882656"
"福建省2020","福建省","350582","晋江市","Jinjiang City","202011","2020","11","0.1591084808148","15.91084808148"
"福建省2020","福建省","350583","南安市","Nan'an City","202011","2020","11","0.237953261432958","23.7953261432958"
"福建省2020","福建省","350602","芗城区","Xiangcheng District","202011","2020","11","0.19125304338957","19.125304338957"
"福建省2020","福建省","350603","龙文区","Longwen District","202011","2020","11","0.188265203399549","18.8265203399549"
"福建省2020","福建省","350622","云霄县","Yunxiao County","202011","2020","11","0.265182687733642","26.5182687733642"
"福建省2020","福建省","350623","漳浦县","Zhangpu County","202011","2020","11","0.167709604581897","16.7709604581897"
"福建省2020","福建省","350624","诏安县","Zhao'an County","202011","2020","11","0.167972645649063","16.7972645649063"
"福建省2020","福建省","350625","长泰县","Changtai County","202011","2020","11","0.182503803634905","18.2503803634905"
"福建省2020","福建省","350626","东山县","Dongshan County","202011","2020","11","0.177207389651624","17.7207389651624"
"福建省2020","福建省","350627","南靖县","Nanjing County","202011","2020","11","0.177882241455932","17.7882241455932"
"福建省2020","福建省","350628","平和县","Pinghe County","202011","2020","11","0.161189981881011","16.1189981881011"
"福建省2020","福建省","350629","华安县","Hua'an County","202011","2020","11","0.225888729033333","22.5888729033333"
"福建省2020","福建省","350681","龙海市","Longhai  City","202011","2020","11","0.176963433907396","17.6963433907396"
"福建省2020","福建省","350702","延平区","Yanping District","202011","2020","11","0.116658456221873","11.6658456221873"
"福建省2020","福建省","350721","顺昌县","Shunchang County","202011","2020","11","0.144931548001802","14.4931548001802"
"福建省2020","福建省","350722","浦城县","Pucheng County","202011","2020","11","0.112395425073189","11.2395425073189"
"福建省2020","福建省","350723","光泽县","Guangze County","202011","2020","11","0.110808062004004","11.0808062004004"
"福建省2020","福建省","350724","松溪县","Songxi County","202011","2020","11","0.131245248823811","13.1245248823811"
"福建省2020","福建省","350725","政和县","Zhenghe County","202011","2020","11","0.116034219817742","11.6034219817742"
"福建省2020","福建省","350781","邵武市","Shaowu City","202011","2020","11","0.115633316946764","11.5633316946764"
"福建省2020","福建省","350782","武夷山市","Wuyishan City","202011","2020","11","0.137443714235322","13.7443714235322"
"福建省2020","福建省","350783","建瓯市","Jian'ou City","202011","2020","11","0.195673596391392","19.5673596391392"
"福建省2020","福建省","350784","建阳市","Jianyang City","202011","2020","11","0.137656406149359","13.7656406149359"
"福建省2020","福建省","350802","新罗区","Xinluo District","202011","2020","11","0.168850996499476","16.8850996499476"
"福建省2020","福建省","350821","长汀县","Changting County","202011","2020","11","0.165103353534692","16.5103353534692"
"福建省2020","福建省","350822","永定县","Yongding County","202011","2020","11","0.18074653547053","18.074653547053"
"福建省2020","福建省","350823","上杭县","Shanghang County","202011","2020","11","0.193038295036875","19.3038295036875"
"福建省2020","福建省","350824","武平县","Wuping County","202011","2020","11","0.129050843401292","12.9050843401292"
"福建省2020","福建省","350825","连城县","Liancheng County","202011","2020","11","0.183277730556565","18.3277730556565"
"福建省2020","福建省","350881","漳平市","Zhangping City","202011","2020","11","0.166666859950205","16.6666859950205"
"福建省2020","福建省","350902","蕉城区","Jiaocheng District","202011","2020","11","0.251889219550582","25.1889219550582"
"福建省2020","福建省","350921","霞浦县","Xiapu County","202011","2020","11","0.252210447533139","25.2210447533139"
"福建省2020","福建省","350922","古田县","Gutian County","202011","2020","11","0.282598112853215","28.2598112853215"
"福建省2020","福建省","350923","屏南县","Pingnan County","202011","2020","11","0.214585611780256","21.4585611780256"
"福建省2020","福建省","350924","寿宁县","Shouning County","202011","2020","11","0.237090805531362","23.7090805531362"
"福建省2020","福建省","350925","周宁县","Zhouning County","202011","2020","11","0.231349325636441","23.1349325636441"
"福建省2020","福建省","350926","柘荣县","Zherong County","202011","2020","11","0.226624317298048","22.6624317298048"
"福建省2020","福建省","350981","福安市","Fu'an City","202011","2020","11","0.258146933193307","25.8146933193307"
"福建省2020","福建省","350982","福鼎市","Fuding City","202011","2020","11","0.248597698176619","24.8597698176619"
"福建省2020","福建省","350102","鼓楼区","Gulou District","202012","2020","12","0.290786198392465","29.0786198392465"
"福建省2020","福建省","350103","台江区","Taijiang District","202012","2020","12","0.290786198392465","29.0786198392465"
"福建省2020","福建省","350104","仓山区","Cangshan District","202012","2020","12","0.246994809232112","24.6994809232112"
"福建省2020","福建省","350105","马尾区","Mawei District","202012","2020","12","0.263366883778433","26.3366883778433"
"福建省2020","福建省","350111","晋安区","Jin'an District","202012","2020","12","0.276860174962137","27.6860174962137"
"福建省2020","福建省","350121","闽侯县","Minhou County","202012","2020","12","0.232092961906778","23.2092961906778"
"福建省2020","福建省","350122","连江县","Lianjiang County","202012","2020","12","0.28397989647694","28.397989647694"
"福建省2020","福建省","350123","罗源县","Luoyuan County","202012","2020","12","0.28397989647694","28.397989647694"
"福建省2020","福建省","350124","闽清县","Minqing County","202012","2020","12","0.282974891905379","28.2974891905379"
"福建省2020","福建省","350125","永泰县","Yongtai County","202012","2020","12","0.241370826914137","24.1370826914137"
"福建省2020","福建省","350128","平潭县","Pingtan County","202012","2020","12","0.286429769615224","28.6429769615224"
"福建省2020","福建省","350181","福清市","Fuqing City","202012","2020","12","0.233448401762158","23.3448401762158"
"福建省2020","福建省","350182","长乐市","Changle City","202012","2020","12","0.294361365600897","29.4361365600897"
"福建省2020","福建省","350203","思明区","Siming District","202012","2020","12","0.278367853961968","27.8367853961968"
"福建省2020","福建省","350205","海沧区","Haicang District","202012","2020","12","0.230094557462613","23.0094557462613"
"福建省2020","福建省","350206","湖里区","Huli District","202012","2020","12","0.22640504816381","22.640504816381"
"福建省2020","福建省","350211","集美区","Jimei District","202012","2020","12","0.267482588499763","26.7482588499763"
"福建省2020","福建省","350212","同安区","Tong'an District","202012","2020","12","0.241112335917227","24.1112335917227"
"福建省2020","福建省","350213","翔安区","Xiang'an District","202012","2020","12","0.23567222840167","23.567222840167"
"福建省2020","福建省","350302","城厢区","Chengxiang District","202012","2020","12","0.298406541478982","29.8406541478982"
"福建省2020","福建省","350303","涵江区","Hanjiang District","202012","2020","12","0.209477160868731","20.9477160868731"
"福建省2020","福建省","350304","荔城区","Licheng District","202012","2020","12","0.261165619281079","26.1165619281079"
"福建省2020","福建省","350305","秀屿区","Xiuyu District","202012","2020","12","0.190375258084612","19.0375258084612"
"福建省2020","福建省","350322","仙游县","Xianyou County","202012","2020","12","0.207077697477732","20.7077697477732"
"福建省2020","福建省","350402","梅列区","Melie district","202012","2020","12","0.259958423946325","25.9958423946325"
"福建省2020","福建省","350403","三元区","Sanyuan District","202012","2020","12","0.322285830740754","32.2285830740754"
"福建省2020","福建省","350421","明溪县","Mingxi County","202012","2020","12","0.256636667924729","25.6636667924729"
"福建省2020","福建省","350423","清流县","Qingliu County","202012","2020","12","0.227274850647768","22.7274850647768"
"福建省2020","福建省","350424","宁化县","Ninghua County","202012","2020","12","0.273164410693872","27.3164410693872"
"福建省2020","福建省","350425","大田县","Datian County","202012","2020","12","0.295823315292945","29.5823315292945"
"福建省2020","福建省","350426","尤溪县","Youxi County","202012","2020","12","0.249654875234547","24.9654875234547"
"福建省2020","福建省","350427","沙县","Sha County","202012","2020","12","0.293866984309154","29.3866984309154"
"福建省2020","福建省","350428","将乐县","Jiangle County","202012","2020","12","0.310486393182944","31.0486393182944"
"福建省2020","福建省","350429","泰宁县","Taining County","202012","2020","12","0.287885897677834","28.7885897677834"
"福建省2020","福建省","350430","建宁县","Jianning County","202012","2020","12","0.277441238948247","27.7441238948247"
"福建省2020","福建省","350481","永安市","Yong'an City","202012","2020","12","0.251124348700958","25.1124348700958"
"福建省2020","福建省","350502","鲤城区","Licheng District","202012","2020","12","0.242017301373502","24.2017301373502"
"福建省2020","福建省","350503","丰泽区","Fengze District","202012","2020","12","0.279902988541097","27.9902988541097"
"福建省2020","福建省","350504","洛江区","Luojiang District","202012","2020","12","0.273580854129665","27.3580854129665"
"福建省2020","福建省","350505","泉港区","Quangang District","202012","2020","12","0.237953261432958","23.7953261432958"
"福建省2020","福建省","350521","惠安县","Hui'an County","202012","2020","12","0.241874691191287","24.1874691191287"
"福建省2020","福建省","350524","安溪县","Anxi County","202012","2020","12","0.237953261432958","23.7953261432958"
"福建省2020","福建省","350525","永春县","Yongchun County","202012","2020","12","0.237635877506931","23.7635877506931"
"福建省2020","福建省","350526","德化县","Dehua County","202012","2020","12","0.23243690810735","23.243690810735"
"福建省2020","福建省","350527","金门县","Kinmen County","202012","2020","12","0.306230771046965","30.6230771046965"
"福建省2020","福建省","350581","石狮市","Shishi City","202012","2020","12","0.199457348882656","19.9457348882656"
"福建省2020","福建省","350582","晋江市","Jinjiang City","202012","2020","12","0.308056712588084","30.8056712588084"
"福建省2020","福建省","350583","南安市","Nan'an City","202012","2020","12","0.237953261432958","23.7953261432958"
"福建省2020","福建省","350602","芗城区","Xiangcheng District","202012","2020","12","0.173602668102674","17.3602668102674"
"福建省2020","福建省","350603","龙文区","Longwen District","202012","2020","12","0.188265203399549","18.8265203399549"
"福建省2020","福建省","350622","云霄县","Yunxiao County","202012","2020","12","0.264782390804224","26.4782390804224"
"福建省2020","福建省","350623","漳浦县","Zhangpu County","202012","2020","12","0.167709604581897","16.7709604581897"
"福建省2020","福建省","350624","诏安县","Zhao'an County","202012","2020","12","0.167946829784348","16.7946829784348"
"福建省2020","福建省","350625","长泰县","Changtai County","202012","2020","12","0.135964834903339","13.5964834903339"
"福建省2020","福建省","350626","东山县","Dongshan County","202012","2020","12","0.177861542125022","17.7861542125022"
"福建省2020","福建省","350627","南靖县","Nanjing County","202012","2020","12","0.161686846615055","16.1686846615055"
"福建省2020","福建省","350628","平和县","Pinghe County","202012","2020","12","0.165267154227717","16.5267154227717"
"福建省2020","福建省","350629","华安县","Hua'an County","202012","2020","12","0.224203580767843","22.4203580767843"
"福建省2020","福建省","350681","龙海市","Longhai  City","202012","2020","12","0.159975108532223","15.9975108532223"
"福建省2020","福建省","350702","延平区","Yanping District","202012","2020","12","0.114797246127711","11.4797246127711"
"福建省2020","福建省","350721","顺昌县","Shunchang County","202012","2020","12","0.156844962248861","15.6844962248861"
"福建省2020","福建省","350722","浦城县","Pucheng County","202012","2020","12","0.112395425073189","11.2395425073189"
"福建省2020","福建省","350723","光泽县","Guangze County","202012","2020","12","0.110808062004004","11.0808062004004"
"福建省2020","福建省","350724","松溪县","Songxi County","202012","2020","12","0.155669521924197","15.5669521924197"
"福建省2020","福建省","350725","政和县","Zhenghe County","202012","2020","12","0.124084131401467","12.4084131401467"
"福建省2020","福建省","350781","邵武市","Shaowu City","202012","2020","12","0.125991263603","12.5991263603"
"福建省2020","福建省","350782","武夷山市","Wuyishan City","202012","2020","12","0.117392151378261","11.7392151378261"
"福建省2020","福建省","350783","建瓯市","Jian'ou City","202012","2020","12","0.188774808513928","18.8774808513928"
"福建省2020","福建省","350784","建阳市","Jianyang City","202012","2020","12","0.144808617148871","14.4808617148871"
"福建省2020","福建省","350802","新罗区","Xinluo District","202012","2020","12","0.163529579164025","16.3529579164025"
"福建省2020","福建省","350821","长汀县","Changting County","202012","2020","12","0.179193596308578","17.9193596308578"
"福建省2020","福建省","350822","永定县","Yongding County","202012","2020","12","0.18074653547053","18.074653547053"
"福建省2020","福建省","350823","上杭县","Shanghang County","202012","2020","12","0.182987138428401","18.2987138428401"
"福建省2020","福建省","350824","武平县","Wuping County","202012","2020","12","0.130912659437013","13.0912659437013"
"福建省2020","福建省","350825","连城县","Liancheng County","202012","2020","12","0.183277730556565","18.3277730556565"
"福建省2020","福建省","350881","漳平市","Zhangping City","202012","2020","12","0.146479973817229","14.6479973817229"
"福建省2020","福建省","350902","蕉城区","Jiaocheng District","202012","2020","12","0.251889219550582","25.1889219550582"
"福建省2020","福建省","350921","霞浦县","Xiapu County","202012","2020","12","0.252268868562314","25.2268868562314"
"福建省2020","福建省","350922","古田县","Gutian County","202012","2020","12","0.281962865756473","28.1962865756473"
"福建省2020","福建省","350923","屏南县","Pingnan County","202012","2020","12","0.148289061920154","14.8289061920154"
"福建省2020","福建省","350924","寿宁县","Shouning County","202012","2020","12","0.250900081466947","25.0900081466947"
"福建省2020","福建省","350925","周宁县","Zhouning County","202012","2020","12","0.211582062296259","21.1582062296259"
"福建省2020","福建省","350926","柘荣县","Zherong County","202012","2020","12","0.216005355806498","21.6005355806498"
"福建省2020","福建省","350981","福安市","Fu'an City","202012","2020","12","0.253186699259609","25.3186699259609"
"福建省2020","福建省","350982","福鼎市","Fuding City","202012","2020","12","0.254224746926122","25.4224746926122"
"福建省2021","福建省","350102","鼓楼区","Gulou District","202101","2021","1","0.318338028890519","31.8338028890519"
"福建省2021","福建省","350103","台江区","Taijiang District","202101","2021","1","0.318338028890519","31.8338028890519"
"福建省2021","福建省","350104","仓山区","Cangshan District","202101","2021","1","0.260501800838333","26.0501800838333"
"福建省2021","福建省","350105","马尾区","Mawei District","202101","2021","1","0.256954617989143","25.6954617989143"
"福建省2021","福建省","350111","晋安区","Jin'an District","202101","2021","1","0.303439977889863","30.3439977889863"
"福建省2021","福建省","350121","闽侯县","Minhou County","202101","2021","1","0.256121199904364","25.6121199904364"
"福建省2021","福建省","350122","连江县","Lianjiang County","202101","2021","1","0.310886833653638","31.0886833653638"
"福建省2021","福建省","350123","罗源县","Luoyuan County","202101","2021","1","0.31063949926986","31.063949926986"
"福建省2021","福建省","350124","闽清县","Minqing County","202101","2021","1","0.310886833653638","31.0886833653638"
"福建省2021","福建省","350125","永泰县","Yongtai County","202101","2021","1","0.278421613777878","27.8421613777878"
"福建省2021","福建省","350128","平潭县","Pingtan County","202101","2021","1","0.31344537288008","31.344537288008"
"福建省2021","福建省","350181","福清市","Fuqing City","202101","2021","1","0.254967286889229","25.4967286889229"
"福建省2021","福建省","350182","长乐市","Changle City","202101","2021","1","0.322251940300192","32.2251940300192"
"福建省2021","福建省","350203","思明区","Siming District","202101","2021","1","0.281975126171173","28.1975126171173"
"福建省2021","福建省","350205","海沧区","Haicang District","202101","2021","1","0.252630853702921","25.2630853702921"
"福建省2021","福建省","350206","湖里区","Huli District","202101","2021","1","0.252080342864786","25.2080342864786"
"福建省2021","福建省","350211","集美区","Jimei District","202101","2021","1","0.289338344869967","28.9338344869967"
"福建省2021","福建省","350212","同安区","Tong'an District","202101","2021","1","0.268900749284718","26.8900749284718"
"福建省2021","福建省","350213","翔安区","Xiang'an District","202101","2021","1","0.258757903729703","25.8757903729703"
"福建省2021","福建省","350302","城厢区","Chengxiang District","202101","2021","1","0.326924816756078","32.6924816756078"
"福建省2021","福建省","350303","涵江区","Hanjiang District","202101","2021","1","0.24647650551199","24.647650551199"
"福建省2021","福建省","350304","荔城区","Licheng District","202101","2021","1","0.262129122502788","26.2129122502788"
"福建省2021","福建省","350305","秀屿区","Xiuyu District","202101","2021","1","0.203211934816661","20.3211934816661"
"福建省2021","福建省","350322","仙游县","Xianyou County","202101","2021","1","0.22755225854756","22.755225854756"
"福建省2021","福建省","350402","梅列区","Melie district","202101","2021","1","0.302686389060332","30.2686389060332"
"福建省2021","福建省","350403","三元区","Sanyuan District","202101","2021","1","0.34566327487196","34.566327487196"
"福建省2021","福建省","350421","明溪县","Mingxi County","202101","2021","1","0.27329526696577","27.329526696577"
"福建省2021","福建省","350423","清流县","Qingliu County","202101","2021","1","0.24880901630594","24.880901630594"
"福建省2021","福建省","350424","宁化县","Ninghua County","202101","2021","1","0.299065076753903","29.9065076753903"
"福建省2021","福建省","350425","大田县","Datian County","202101","2021","1","0.254310329710809","25.4310329710809"
"福建省2021","福建省","350426","尤溪县","Youxi County","202101","2021","1","0.262064802234754","26.2064802234754"
"福建省2021","福建省","350427","沙县","Sha County","202101","2021","1","0.331001280574978","33.1001280574978"
"福建省2021","福建省","350428","将乐县","Jiangle County","202101","2021","1","0.316737571809567","31.6737571809567"
"福建省2021","福建省","350429","泰宁县","Taining County","202101","2021","1","0.287304740723503","28.7304740723503"
"福建省2021","福建省","350430","建宁县","Jianning County","202101","2021","1","0.28218671444316","28.218671444316"
"福建省2021","福建省","350481","永安市","Yong'an City","202101","2021","1","0.287059962907213","28.7059962907213"
"福建省2021","福建省","350502","鲤城区","Licheng District","202101","2021","1","0.264948305113857","26.4948305113857"
"福建省2021","福建省","350503","丰泽区","Fengze District","202101","2021","1","0.297959061108583","29.7959061108583"
"福建省2021","福建省","350504","洛江区","Luojiang District","202101","2021","1","0.301163993912247","30.1163993912247"
"福建省2021","福建省","350505","泉港区","Quangang District","202101","2021","1","0.260499200271117","26.0499200271117"
"福建省2021","福建省","350521","惠安县","Hui'an County","202101","2021","1","0.264792183081444","26.4792183081444"
"福建省2021","福建省","350524","安溪县","Anxi County","202101","2021","1","0.260525647773872","26.0525647773872"
"福建省2021","福建省","350525","永春县","Yongchun County","202101","2021","1","0.260151744507854","26.0151744507854"
"福建省2021","福建省","350526","德化县","Dehua County","202101","2021","1","0.254460175365454","25.4460175365454"
"福建省2021","福建省","350527","金门县","Kinmen County","202101","2021","1","0.333288443233312","33.3288443233312"
"福建省2021","福建省","350581","石狮市","Shishi City","202101","2021","1","0.218355821460384","21.8355821460384"
"福建省2021","福建省","350582","晋江市","Jinjiang City","202101","2021","1","0.336248168306684","33.6248168306684"
"福建省2021","福建省","350583","南安市","Nan'an City","202101","2021","1","0.260628874800775","26.0628874800775"
"福建省2021","福建省","350602","芗城区","Xiangcheng District","202101","2021","1","0.169277973793622","16.9277973793622"
"福建省2021","福建省","350603","龙文区","Longwen District","202101","2021","1","0.206103226564158","20.6103226564158"
"福建省2021","福建省","350622","云霄县","Yunxiao County","202101","2021","1","0.290624823563509","29.0624823563509"
"福建省2021","福建省","350623","漳浦县","Zhangpu County","202101","2021","1","0.180842636620067","18.0842636620067"
"福建省2021","福建省","350624","诏安县","Zhao'an County","202101","2021","1","0.183611233294649","18.3611233294649"
"福建省2021","福建省","350625","长泰县","Changtai County","202101","2021","1","0.151920314203389","15.1920314203389"
"福建省2021","福建省","350626","东山县","Dongshan County","202101","2021","1","0.192018183274777","19.2018183274777"
"福建省2021","福建省","350627","南靖县","Nanjing County","202101","2021","1","0.194109944060808","19.4109944060808"
"福建省2021","福建省","350628","平和县","Pinghe County","202101","2021","1","0.182188259197056","18.2188259197056"
"福建省2021","福建省","350629","华安县","Hua'an County","202101","2021","1","0.259428360574457","25.9428360574457"
"福建省2021","福建省","350681","龙海市","Longhai  City","202101","2021","1","0.193648856251795","19.3648856251795"
"福建省2021","福建省","350702","延平区","Yanping District","202101","2021","1","0.125674221117086","12.5674221117086"
"福建省2021","福建省","350721","顺昌县","Shunchang County","202101","2021","1","0.149818855144131","14.9818855144131"
"福建省2021","福建省","350722","浦城县","Pucheng County","202101","2021","1","0.123044828579767","12.3044828579767"
"福建省2021","福建省","350723","光泽县","Guangze County","202101","2021","1","0.160128316666521","16.0128316666521"
"福建省2021","福建省","350724","松溪县","Songxi County","202101","2021","1","0.170419122304534","17.0419122304534"
"福建省2021","福建省","350725","政和县","Zhenghe County","202101","2021","1","0.135841033690229","13.5841033690229"
"福建省2021","福建省","350781","邵武市","Shaowu City","202101","2021","1","0.14223016075942","14.223016075942"
"福建省2021","福建省","350782","武夷山市","Wuyishan City","202101","2021","1","0.131286016920559","13.1286016920559"
"福建省2021","福建省","350783","建瓯市","Jian'ou City","202101","2021","1","0.206661116523226","20.6661116523226"
"福建省2021","福建省","350784","建阳市","Jianyang City","202101","2021","1","0.148955620827475","14.8955620827475"
"福建省2021","福建省","350802","新罗区","Xinluo District","202101","2021","1","0.178896908178981","17.8896908178981"
"福建省2021","福建省","350821","长汀县","Changting County","202101","2021","1","0.196828441545887","19.6828441545887"
"福建省2021","福建省","350822","永定县","Yongding County","202101","2021","1","0.197872168243917","19.7872168243917"
"福建省2021","福建省","350823","上杭县","Shanghang County","202101","2021","1","0.199690436808286","19.9690436808286"
"福建省2021","福建省","350824","武平县","Wuping County","202101","2021","1","0.141278339408461","14.1278339408461"
"福建省2021","福建省","350825","连城县","Liancheng County","202101","2021","1","0.20064319315345","20.064319315345"
"福建省2021","福建省","350881","漳平市","Zhangping City","202101","2021","1","0.160358869737638","16.0358869737638"
"福建省2021","福建省","350902","蕉城区","Jiaocheng District","202101","2021","1","0.275755583217628","27.5755583217628"
"福建省2021","福建省","350921","霞浦县","Xiapu County","202101","2021","1","0.266218877905978","26.6218877905978"
"福建省2021","福建省","350922","古田县","Gutian County","202101","2021","1","0.280742422477687","28.0742422477687"
"福建省2021","福建省","350923","屏南县","Pingnan County","202101","2021","1","0.161429028355185","16.1429028355185"
"福建省2021","福建省","350924","寿宁县","Shouning County","202101","2021","1","0.248637761117317","24.8637761117317"
"福建省2021","福建省","350925","周宁县","Zhouning County","202101","2021","1","0.252660503102498","25.2660503102498"
"福建省2021","福建省","350926","柘荣县","Zherong County","202101","2021","1","0.267311944798215","26.7311944798215"
"福建省2021","福建省","350981","福安市","Fu'an City","202101","2021","1","0.276914370119224","27.6914370119224"
"福建省2021","福建省","350982","福鼎市","Fuding City","202101","2021","1","0.280452575190721","28.0452575190721"
"福建省2021","福建省","350102","鼓楼区","Gulou District","202102","2021","2","0.318338028890519","31.8338028890519"
"福建省2021","福建省","350103","台江区","Taijiang District","202102","2021","2","0.318338028890519","31.8338028890519"
"福建省2021","福建省","350104","仓山区","Cangshan District","202102","2021","2","0.287663888497636","28.7663888497636"
"福建省2021","福建省","350105","马尾区","Mawei District","202102","2021","2","0.287487637506642","28.7487637506642"
"福建省2021","福建省","350111","晋安区","Jin'an District","202102","2021","2","0.303439977889863","30.3439977889863"
"福建省2021","福建省","350121","闽侯县","Minhou County","202102","2021","2","0.257035966151643","25.7035966151643"
"福建省2021","福建省","350122","连江县","Lianjiang County","202102","2021","2","0.31344537288008","31.344537288008"
"福建省2021","福建省","350123","罗源县","Luoyuan County","202102","2021","2","0.31063949926986","31.063949926986"
"福建省2021","福建省","350124","闽清县","Minqing County","202102","2021","2","0.31063949926986","31.063949926986"
"福建省2021","福建省","350125","永泰县","Yongtai County","202102","2021","2","0.27660919626058","27.660919626058"
"福建省2021","福建省","350128","平潭县","Pingtan County","202102","2021","2","0.312468602767078","31.2468602767078"
"福建省2021","福建省","350181","福清市","Fuqing City","202102","2021","2","0.233827610571887","23.3827610571887"
"福建省2021","福建省","350182","长乐市","Changle City","202102","2021","2","0.3263908782319","32.63908782319"
"福建省2021","福建省","350203","思明区","Siming District","202102","2021","2","0.27564953287489","27.564953287489"
"福建省2021","福建省","350205","海沧区","Haicang District","202102","2021","2","0.246478546916005","24.6478546916005"
"福建省2021","福建省","350206","湖里区","Huli District","202102","2021","2","0.308030145858346","30.8030145858346"
"福建省2021","福建省","350211","集美区","Jimei District","202102","2021","2","0.281376959961722","28.1376959961722"
"福建省2021","福建省","350212","同安区","Tong'an District","202102","2021","2","0.269931981893515","26.9931981893515"
"福建省2021","福建省","350213","翔安区","Xiang'an District","202102","2021","2","0.258728092997793","25.8728092997793"
"福建省2021","福建省","350302","城厢区","Chengxiang District","202102","2021","2","0.28664971494978","28.664971494978"
"福建省2021","福建省","350303","涵江区","Hanjiang District","202102","2021","2","0.260399771887338","26.0399771887338"
"福建省2021","福建省","350304","荔城区","Licheng District","202102","2021","2","0.288181000792763","28.8181000792763"
"福建省2021","福建省","350305","秀屿区","Xiuyu District","202102","2021","2","0.203211934816661","20.3211934816661"
"福建省2021","福建省","350322","仙游县","Xianyou County","202102","2021","2","0.235072879854163","23.5072879854163"
"福建省2021","福建省","350402","梅列区","Melie district","202102","2021","2","0.303297679105113","30.3297679105113"
"福建省2021","福建省","350403","三元区","Sanyuan District","202102","2021","2","0.324520347158102","32.4520347158102"
"福建省2021","福建省","350421","明溪县","Mingxi County","202102","2021","2","0.285713755500514","28.5713755500514"
"福建省2021","福建省","350423","清流县","Qingliu County","202102","2021","2","0.248807824646659","24.8807824646659"
"福建省2021","福建省","350424","宁化县","Ninghua County","202102","2021","2","0.298180120321873","29.8180120321873"
"福建省2021","福建省","350425","大田县","Datian County","202102","2021","2","0.254835204291162","25.4835204291162"
"福建省2021","福建省","350426","尤溪县","Youxi County","202102","2021","2","0.242814508124379","24.2814508124379"
"福建省2021","福建省","350427","沙县","Sha County","202102","2021","2","0.285713755500514","28.5713755500514"
"福建省2021","福建省","350428","将乐县","Jiangle County","202102","2021","2","0.316782053700551","31.6782053700551"
"福建省2021","福建省","350429","泰宁县","Taining County","202102","2021","2","0.245078444426662","24.5078444426662"
"福建省2021","福建省","350430","建宁县","Jianning County","202102","2021","2","0.282671734437183","28.2671734437183"
"福建省2021","福建省","350481","永安市","Yong'an City","202102","2021","2","0.287059962907213","28.7059962907213"
"福建省2021","福建省","350502","鲤城区","Licheng District","202102","2021","2","0.264948305113857","26.4948305113857"
"福建省2021","福建省","350503","丰泽区","Fengze District","202102","2021","2","0.317828000551488","31.7828000551488"
"福建省2021","福建省","350504","洛江区","Luojiang District","202102","2021","2","0.294075730426048","29.4075730426048"
"福建省2021","福建省","350505","泉港区","Quangang District","202102","2021","2","0.260499200271117","26.0499200271117"
"福建省2021","福建省","350521","惠安县","Hui'an County","202102","2021","2","0.264818630584199","26.4818630584199"
"福建省2021","福建省","350524","安溪县","Anxi County","202102","2021","2","0.260525647773872","26.0525647773872"
"福建省2021","福建省","350525","永春县","Yongchun County","202102","2021","2","0.260151744507854","26.0151744507854"
"福建省2021","福建省","350526","德化县","Dehua County","202102","2021","2","0.254632030050361","25.4632030050361"
"福建省2021","福建省","350527","金门县","Kinmen County","202102","2021","2","0.315291077107746","31.5291077107746"
"福建省2021","福建省","350581","石狮市","Shishi City","202102","2021","2","0.216536842483751","21.6536842483751"
"福建省2021","福建省","350582","晋江市","Jinjiang City","202102","2021","2","0.340512950958452","34.0512950958452"
"福建省2021","福建省","350583","南安市","Nan'an City","202102","2021","2","0.260795678683652","26.0795678683652"
"福建省2021","福建省","350602","芗城区","Xiangcheng District","202102","2021","2","0.167210657606093","16.7210657606093"
"福建省2021","福建省","350603","龙文区","Longwen District","202102","2021","2","0.206103226564158","20.6103226564158"
"福建省2021","福建省","350622","云霄县","Yunxiao County","202102","2021","2","0.290555351660737","29.0555351660737"
"福建省2021","福建省","350623","漳浦县","Zhangpu County","202102","2021","2","0.194774525108644","19.4774525108644"
"福建省2021","福建省","350624","诏安县","Zhao'an County","202102","2021","2","0.182926371122508","18.2926371122508"
"福建省2021","福建省","350625","长泰县","Changtai County","202102","2021","2","0.1633231249496","16.33231249496"
"福建省2021","福建省","350626","东山县","Dongshan County","202102","2021","2","0.189585648267408","18.9585648267408"
"福建省2021","福建省","350627","南靖县","Nanjing County","202102","2021","2","0.194109944060808","19.4109944060808"
"福建省2021","福建省","350628","平和县","Pinghe County","202102","2021","2","0.194247451458588","19.4247451458588"
"福建省2021","福建省","350629","华安县","Hua'an County","202102","2021","2","0.247290602216516","24.7290602216516"
"福建省2021","福建省","350681","龙海市","Longhai  City","202102","2021","2","0.193648856251795","19.3648856251795"
"福建省2021","福建省","350702","延平区","Yanping District","202102","2021","2","0.125674221117086","12.5674221117086"
"福建省2021","福建省","350721","顺昌县","Shunchang County","202102","2021","2","0.149818855144131","14.9818855144131"
"福建省2021","福建省","350722","浦城县","Pucheng County","202102","2021","2","0.123044828579767","12.3044828579767"
"福建省2021","福建省","350723","光泽县","Guangze County","202102","2021","2","0.160128316666521","16.0128316666521"
"福建省2021","福建省","350724","松溪县","Songxi County","202102","2021","2","0.170419122304534","17.0419122304534"
"福建省2021","福建省","350725","政和县","Zhenghe County","202102","2021","2","0.135844544501804","13.5844544501804"
"福建省2021","福建省","350781","邵武市","Shaowu City","202102","2021","2","0.141576000313668","14.1576000313668"
"福建省2021","福建省","350782","武夷山市","Wuyishan City","202102","2021","2","0.124535360591994","12.4535360591994"
"福建省2021","福建省","350783","建瓯市","Jian'ou City","202102","2021","2","0.216931013124159","21.6931013124159"
"福建省2021","福建省","350784","建阳市","Jianyang City","202102","2021","2","0.148955620827475","14.8955620827475"
"福建省2021","福建省","350802","新罗区","Xinluo District","202102","2021","2","0.155678597660921","15.5678597660921"
"福建省2021","福建省","350821","长汀县","Changting County","202102","2021","2","0.199307241349858","19.9307241349858"
"福建省2021","福建省","350822","永定县","Yongding County","202102","2021","2","0.197872168243917","19.7872168243917"
"福建省2021","福建省","350823","上杭县","Shanghang County","202102","2021","2","0.199690436808286","19.9690436808286"
"福建省2021","福建省","350824","武平县","Wuping County","202102","2021","2","0.142016447667269","14.2016447667269"
"福建省2021","福建省","350825","连城县","Liancheng County","202102","2021","2","0.20064319315345","20.064319315345"
"福建省2021","福建省","350881","漳平市","Zhangping City","202102","2021","2","0.16706823598877","16.706823598877"
"福建省2021","福建省","350902","蕉城区","Jiaocheng District","202102","2021","2","0.275755583217628","27.5755583217628"
"福建省2021","福建省","350921","霞浦县","Xiapu County","202102","2021","2","0.278152768110752","27.8152768110752"
"福建省2021","福建省","350922","古田县","Gutian County","202102","2021","2","0.322202493773311","32.2202493773311"
"福建省2021","福建省","350923","屏南县","Pingnan County","202102","2021","2","0.165299135286343","16.5299135286343"
"福建省2021","福建省","350924","寿宁县","Shouning County","202102","2021","2","0.249859315463236","24.9859315463236"
"福建省2021","福建省","350925","周宁县","Zhouning County","202102","2021","2","0.24679268846907","24.679268846907"
"福建省2021","福建省","350926","柘荣县","Zherong County","202102","2021","2","0.264457026158624","26.4457026158624"
"福建省2021","福建省","350981","福安市","Fu'an City","202102","2021","2","0.278152768110752","27.8152768110752"
"福建省2021","福建省","350982","福鼎市","Fuding City","202102","2021","2","0.27184220622131","27.184220622131"
"福建省2021","福建省","350102","鼓楼区","Gulou District","202103","2021","3","0.318338028890519","31.8338028890519"
"福建省2021","福建省","350103","台江区","Taijiang District","202103","2021","3","0.318338028890519","31.8338028890519"
"福建省2021","福建省","350104","仓山区","Cangshan District","202103","2021","3","0.2921868294661","29.21868294661"
"福建省2021","福建省","350105","马尾区","Mawei District","202103","2021","3","0.29020214384979","29.020214384979"
"福建省2021","福建省","350111","晋安区","Jin'an District","202103","2021","3","0.303092522126601","30.3092522126601"
"福建省2021","福建省","350121","闽侯县","Minhou County","202103","2021","3","0.256151010636274","25.6151010636274"
"福建省2021","福建省","350122","连江县","Lianjiang County","202103","2021","3","0.310886833653638","31.0886833653638"
"福建省2021","福建省","350123","罗源县","Luoyuan County","202103","2021","3","0.31063949926986","31.063949926986"
"福建省2021","福建省","350124","闽清县","Minqing County","202103","2021","3","0.312206975805213","31.2206975805213"
"福建省2021","福建省","350125","永泰县","Yongtai County","202103","2021","3","0.257767175619874","25.7767175619874"
"福建省2021","福建省","350128","平潭县","Pingtan County","202103","2021","3","0.309786604889121","30.9786604889121"
"福建省2021","福建省","350181","福清市","Fuqing City","202103","2021","3","0.254967286889229","25.4967286889229"
"福建省2021","福建省","350182","长乐市","Changle City","202103","2021","3","0.317629926612411","31.7629926612411"
"福建省2021","福建省","350203","思明区","Siming District","202103","2021","3","0.280202036160137","28.0202036160137"
"福建省2021","福建省","350205","海沧区","Haicang District","202103","2021","3","0.24431483832588","24.431483832588"
"福建省2021","福建省","350206","湖里区","Huli District","202103","2021","3","0.265140508755982","26.5140508755982"
"福建省2021","福建省","350211","集美区","Jimei District","202103","2021","3","0.287850472091259","28.7850472091259"
"福建省2021","福建省","350212","同安区","Tong'an District","202103","2021","3","0.270814339591651","27.0814339591651"
"福建省2021","福建省","350213","翔安区","Xiang'an District","202103","2021","3","0.258757903729703","25.8757903729703"
"福建省2021","福建省","350302","城厢区","Chengxiang District","202103","2021","3","0.287823753256852","28.7823753256852"
"福建省2021","福建省","350303","涵江区","Hanjiang District","202103","2021","3","0.259724986569411","25.9724986569411"
"福建省2021","福建省","350304","荔城区","Licheng District","202103","2021","3","0.273567129364199","27.3567129364199"
"福建省2021","福建省","350305","秀屿区","Xiuyu District","202103","2021","3","0.211699102716295","21.1699102716295"
"福建省2021","福建省","350322","仙游县","Xianyou County","202103","2021","3","0.235295961221586","23.5295961221586"
"福建省2021","福建省","350402","梅列区","Melie district","202103","2021","3","0.301041078840697","30.1041078840697"
"福建省2021","福建省","350403","三元区","Sanyuan District","202103","2021","3","0.346864131929486","34.6864131929486"
"福建省2021","福建省","350421","明溪县","Mingxi County","202103","2021","3","0.257087062668299","25.7087062668299"
"福建省2021","福建省","350423","清流县","Qingliu County","202103","2021","3","0.248807824646659","24.8807824646659"
"福建省2021","福建省","350424","宁化县","Ninghua County","202103","2021","3","0.298180120321873","29.8180120321873"
"福建省2021","福建省","350425","大田县","Datian County","202103","2021","3","0.324101330421681","32.4101330421681"
"福建省2021","福建省","350426","尤溪县","Youxi County","202103","2021","3","0.259228610062438","25.9228610062438"
"福建省2021","福建省","350427","沙县","Sha County","202103","2021","3","0.312035490534683","31.2035490534683"
"福建省2021","福建省","350428","将乐县","Jiangle County","202103","2021","3","0.316041255041751","31.6041255041751"
"福建省2021","福建省","350429","泰宁县","Taining County","202103","2021","3","0.241139827170106","24.1139827170106"
"福建省2021","福建省","350430","建宁县","Jianning County","202103","2021","3","0.283575568585549","28.3575568585549"
"福建省2021","福建省","350481","永安市","Yong'an City","202103","2021","3","0.285575103193164","28.5575103193164"
"福建省2021","福建省","350502","鲤城区","Licheng District","202103","2021","3","0.264948305113857","26.4948305113857"
"福建省2021","福建省","350503","丰泽区","Fengze District","202103","2021","3","0.30910744434831","30.910744434831"
"福建省2021","福建省","350504","洛江区","Luojiang District","202103","2021","3","0.273110149113063","27.3110149113063"
"福建省2021","福建省","350505","泉港区","Quangang District","202103","2021","3","0.260499200271117","26.0499200271117"
"福建省2021","福建省","350521","惠安县","Hui'an County","202103","2021","3","0.258951461280104","25.8951461280104"
"福建省2021","福建省","350524","安溪县","Anxi County","202103","2021","3","0.260525647773872","26.0525647773872"
"福建省2021","福建省","350525","永春县","Yongchun County","202103","2021","3","0.260151744507854","26.0151744507854"
"福建省2021","福建省","350526","德化县","Dehua County","202103","2021","3","0.258753158175781","25.8753158175781"
"福建省2021","福建省","350527","金门县","Kinmen County","202103","2021","3","0.315353115806586","31.5353115806586"
"福建省2021","福建省","350581","石狮市","Shishi City","202103","2021","3","0.216536842483751","21.6536842483751"
"福建省2021","福建省","350582","晋江市","Jinjiang City","202103","2021","3","0.255928138267556","25.5928138267556"
"福建省2021","福建省","350583","南安市","Nan'an City","202103","2021","3","0.260628874800775","26.0628874800775"
"福建省2021","福建省","350602","芗城区","Xiangcheng District","202103","2021","3","0.151674784725091","15.1674784725091"
"福建省2021","福建省","350603","龙文区","Longwen District","202103","2021","3","0.206103226564158","20.6103226564158"
"福建省2021","福建省","350622","云霄县","Yunxiao County","202103","2021","3","0.290555351660737","29.0555351660737"
"福建省2021","福建省","350623","漳浦县","Zhangpu County","202103","2021","3","0.180995275340734","18.0995275340734"
"福建省2021","福建省","350624","诏安县","Zhao'an County","202103","2021","3","0.183640534363052","18.3640534363052"
"福建省2021","福建省","350625","长泰县","Changtai County","202103","2021","3","0.161164786159529","16.1164786159529"
"福建省2021","福建省","350626","东山县","Dongshan County","202103","2021","3","0.19398645424282","19.398645424282"
"福建省2021","福建省","350627","南靖县","Nanjing County","202103","2021","3","0.194092436752645","19.4092436752645"
"福建省2021","福建省","350628","平和县","Pinghe County","202103","2021","3","0.176244250785849","17.6244250785849"
"福建省2021","福建省","350629","华安县","Hua'an County","202103","2021","3","0.266272533740105","26.6272533740105"
"福建省2021","福建省","350681","龙海市","Longhai  City","202103","2021","3","0.180842636620067","18.0842636620067"
"福建省2021","福建省","350702","延平区","Yanping District","202103","2021","3","0.125674221117086","12.5674221117086"
"福建省2021","福建省","350721","顺昌县","Shunchang County","202103","2021","3","0.168227400554691","16.8227400554691"
"福建省2021","福建省","350722","浦城县","Pucheng County","202103","2021","3","0.123044828579767","12.3044828579767"
"福建省2021","福建省","350723","光泽县","Guangze County","202103","2021","3","0.161440395868067","16.1440395868067"
"福建省2021","福建省","350724","松溪县","Songxi County","202103","2021","3","0.170737606997349","17.0737606997349"
"福建省2021","福建省","350725","政和县","Zhenghe County","202103","2021","3","0.137298293658664","13.7298293658664"
"福建省2021","福建省","350781","邵武市","Shaowu City","202103","2021","3","0.143889350143037","14.3889350143037"
"福建省2021","福建省","350782","武夷山市","Wuyishan City","202103","2021","3","0.124272258722604","12.4272258722604"
"福建省2021","福建省","350783","建瓯市","Jian'ou City","202103","2021","3","0.198383874989212","19.8383874989212"
"福建省2021","福建省","350784","建阳市","Jianyang City","202103","2021","3","0.14223016075942","14.223016075942"
"福建省2021","福建省","350802","新罗区","Xinluo District","202103","2021","3","0.192904670530653","19.2904670530653"
"福建省2021","福建省","350821","长汀县","Changting County","202103","2021","3","0.196828441545887","19.6828441545887"
"福建省2021","福建省","350822","永定县","Yongding County","202103","2021","3","0.197872168243917","19.7872168243917"
"福建省2021","福建省","350823","上杭县","Shanghang County","202103","2021","3","0.189891966118961","18.9891966118961"
"福建省2021","福建省","350824","武平县","Wuping County","202103","2021","3","0.143433763216598","14.3433763216598"
"福建省2021","福建省","350825","连城县","Liancheng County","202103","2021","3","0.205237689595106","20.5237689595106"
"福建省2021","福建省","350881","漳平市","Zhangping City","202103","2021","3","0.197289132440693","19.7289132440693"
"福建省2021","福建省","350902","蕉城区","Jiaocheng District","202103","2021","3","0.275755583217628","27.5755583217628"
"福建省2021","福建省","350921","霞浦县","Xiapu County","202103","2021","3","0.278152768110752","27.8152768110752"
"福建省2021","福建省","350922","古田县","Gutian County","202103","2021","3","0.32691436407086","32.691436407086"
"福建省2021","福建省","350923","屏南县","Pingnan County","202103","2021","3","0.160673970118094","16.0673970118094"
"福建省2021","福建省","350924","寿宁县","Shouning County","202103","2021","3","0.237719952948571","23.7719952948571"
"福建省2021","福建省","350925","周宁县","Zhouning County","202103","2021","3","0.285512987494801","28.5512987494801"
"福建省2021","福建省","350926","柘荣县","Zherong County","202103","2021","3","0.204704688815117","20.4704688815117"
"福建省2021","福建省","350981","福安市","Fu'an City","202103","2021","3","0.278152768110752","27.8152768110752"
"福建省2021","福建省","350982","福鼎市","Fuding City","202103","2021","3","0.276107247371476","27.6107247371476"
"福建省2021","福建省","350102","鼓楼区","Gulou District","202104","2021","4","0.318338028890519","31.8338028890519"
"福建省2021","福建省","350103","台江区","Taijiang District","202104","2021","4","0.318338028890519","31.8338028890519"
"福建省2021","福建省","350104","仓山区","Cangshan District","202104","2021","4","0.282570809146014","28.2570809146014"
"福建省2021","福建省","350105","马尾区","Mawei District","202104","2021","4","0.268438385483614","26.8438385483614"
"福建省2021","福建省","350111","晋安区","Jin'an District","202104","2021","4","0.303187568870869","30.3187568870869"
"福建省2021","福建省","350121","闽侯县","Minhou County","202104","2021","4","0.262163616455673","26.2163616455673"
"福建省2021","福建省","350122","连江县","Lianjiang County","202104","2021","4","0.310886833653638","31.0886833653638"
"福建省2021","福建省","350123","罗源县","Luoyuan County","202104","2021","4","0.310886833653638","31.0886833653638"
"福建省2021","福建省","350124","闽清县","Minqing County","202104","2021","4","0.31344537288008","31.344537288008"
"福建省2021","福建省","350125","永泰县","Yongtai County","202104","2021","4","0.251431959216565","25.1431959216565"
"福建省2021","福建省","350128","平潭县","Pingtan County","202104","2021","4","0.312121147003815","31.2121147003815"
"福建省2021","福建省","350181","福清市","Fuqing City","202104","2021","4","0.255090745540744","25.5090745540744"
"福建省2021","福建省","350182","长乐市","Changle City","202104","2021","4","0.318462296037023","31.8462296037023"
"福建省2021","福建省","350203","思明区","Siming District","202104","2021","4","0.278482094153043","27.8482094153043"
"福建省2021","福建省","350205","海沧区","Haicang District","202104","2021","4","0.252630853702921","25.2630853702921"
"福建省2021","福建省","350206","湖里区","Huli District","202104","2021","4","0.302677677114325","30.2677677114325"
"福建省2021","福建省","350211","集美区","Jimei District","202104","2021","4","0.285694601869222","28.5694601869222"
"福建省2021","福建省","350212","同安区","Tong'an District","202104","2021","4","0.267550378403824","26.7550378403824"
"福建省2021","福建省","350213","翔安区","Xiang'an District","202104","2021","4","0.259642859245072","25.9642859245072"
"福建省2021","福建省","350302","城厢区","Chengxiang District","202104","2021","4","0.324873207554536","32.4873207554536"
"福建省2021","福建省","350303","涵江区","Hanjiang District","202104","2021","4","0.26151576172084","26.151576172084"
"福建省2021","福建省","350304","荔城区","Licheng District","202104","2021","4","0.273053649796558","27.3053649796558"
"福建省2021","福建省","350305","秀屿区","Xiuyu District","202104","2021","4","0.217963697723957","21.7963697723957"
"福建省2021","福建省","350322","仙游县","Xianyou County","202104","2021","4","0.232862623219192","23.2862623219192"
"福建省2021","福建省","350402","梅列区","Melie district","202104","2021","4","0.31922544197399","31.922544197399"
"福建省2021","福建省","350403","三元区","Sanyuan District","202104","2021","4","0.353756785461337","35.3756785461337"
"福建省2021","福建省","350421","明溪县","Mingxi County","202104","2021","4","0.285713755500514","28.5713755500514"
"福建省2021","福建省","350423","清流县","Qingliu County","202104","2021","4","0.267170779923103","26.7170779923103"
"福建省2021","福建省","350424","宁化县","Ninghua County","202104","2021","4","0.252619600772663","25.2619600772663"
"福建省2021","福建省","350425","大田县","Datian County","202104","2021","4","0.258634897908715","25.8634897908715"
"福建省2021","福建省","350426","尤溪县","Youxi County","202104","2021","4","0.256401077586451","25.6401077586451"
"福建省2021","福建省","350427","沙县","Sha County","202104","2021","4","0.25949649415219","25.949649415219"
"福建省2021","福建省","350428","将乐县","Jiangle County","202104","2021","4","0.34522259651979","34.522259651979"
"福建省2021","福建省","350429","泰宁县","Taining County","202104","2021","4","0.245059954457922","24.5059954457922"
"福建省2021","福建省","350430","建宁县","Jianning County","202104","2021","4","0.247905182157574","24.7905182157574"
"福建省2021","福建省","350481","永安市","Yong'an City","202104","2021","4","0.280848800985059","28.0848800985059"
"福建省2021","福建省","350502","鲤城区","Licheng District","202104","2021","4","0.264948305113857","26.4948305113857"
"福建省2021","福建省","350503","丰泽区","Fengze District","202104","2021","4","0.313841299842936","31.3841299842936"
"福建省2021","福建省","350504","洛江区","Luojiang District","202104","2021","4","0.307834590903657","30.7834590903657"
"福建省2021","福建省","350505","泉港区","Quangang District","202104","2021","4","0.261719295292747","26.1719295292747"
"福建省2021","福建省","350521","惠安县","Hui'an County","202104","2021","4","0.258951461280104","25.8951461280104"
"福建省2021","福建省","350524","安溪县","Anxi County","202104","2021","4","0.260525647773872","26.0525647773872"
"福建省2021","福建省","350525","永春县","Yongchun County","202104","2021","4","0.260151744507854","26.0151744507854"
"福建省2021","福建省","350526","德化县","Dehua County","202104","2021","4","0.254632030050361","25.4632030050361"
"福建省2021","福建省","350527","金门县","Kinmen County","202104","2021","4","0.306859693529048","30.6859693529048"
"福建省2021","福建省","350581","石狮市","Shishi City","202104","2021","4","0.216536842483751","21.6536842483751"
"福建省2021","福建省","350582","晋江市","Jinjiang City","202104","2021","4","0.259211965332262","25.9211965332262"
"福建省2021","福建省","350583","南安市","Nan'an City","202104","2021","4","0.260499200271117","26.0499200271117"
"福建省2021","福建省","350602","芗城区","Xiangcheng District","202104","2021","4","0.153725799013654","15.3725799013654"
"福建省2021","福建省","350603","龙文区","Longwen District","202104","2021","4","0.206103226564158","20.6103226564158"
"福建省2021","福建省","350622","云霄县","Yunxiao County","202104","2021","4","0.290555351660737","29.0555351660737"
"福建省2021","福建省","350623","漳浦县","Zhangpu County","202104","2021","4","0.194774525108644","19.4774525108644"
"福建省2021","福建省","350624","诏安县","Zhao'an County","202104","2021","4","0.183611233294649","18.3611233294649"
"福建省2021","福建省","350625","长泰县","Changtai County","202104","2021","4","0.148847427331353","14.8847427331353"
"福建省2021","福建省","350626","东山县","Dongshan County","202104","2021","4","0.192157289329316","19.2157289329316"
"福建省2021","福建省","350627","南靖县","Nanjing County","202104","2021","4","0.192712099307473","19.2712099307473"
"福建省2021","福建省","350628","平和县","Pinghe County","202104","2021","4","0.199968569167857","19.9968569167857"
"福建省2021","福建省","350629","华安县","Hua'an County","202104","2021","4","0.250158352276582","25.0158352276582"
"福建省2021","福建省","350681","龙海市","Longhai  City","202104","2021","4","0.194774525108644","19.4774525108644"
"福建省2021","福建省","350702","延平区","Yanping District","202104","2021","4","0.11090172517162","11.090172517162"
"福建省2021","福建省","350721","顺昌县","Shunchang County","202104","2021","4","0.155102002317782","15.5102002317782"
"福建省2021","福建省","350722","浦城县","Pucheng County","202104","2021","4","0.152988390167178","15.2988390167178"
"福建省2021","福建省","350723","光泽县","Guangze County","202104","2021","4","0.161440395868067","16.1440395868067"
"福建省2021","福建省","350724","松溪县","Songxi County","202104","2021","4","0.132212620927806","13.2212620927806"
"福建省2021","福建省","350725","政和县","Zhenghe County","202104","2021","4","0.137298293658664","13.7298293658664"
"福建省2021","福建省","350781","邵武市","Shaowu City","202104","2021","4","0.138022179922282","13.8022179922282"
"福建省2021","福建省","350782","武夷山市","Wuyishan City","202104","2021","4","0.167315498872992","16.7315498872992"
"福建省2021","福建省","350783","建瓯市","Jian'ou City","202104","2021","4","0.206632806365349","20.6632806365349"
"福建省2021","福建省","350784","建阳市","Jianyang City","202104","2021","4","0.143889350143037","14.3889350143037"
"福建省2021","福建省","350802","新罗区","Xinluo District","202104","2021","4","0.16196364337517","16.196364337517"
"福建省2021","福建省","350821","长汀县","Changting County","202104","2021","4","0.192597875098726","19.2597875098726"
"福建省2021","福建省","350822","永定县","Yongding County","202104","2021","4","0.202466664685573","20.2466664685573"
"福建省2021","福建省","350823","上杭县","Shanghang County","202104","2021","4","0.205395539533477","20.5395539533477"
"福建省2021","福建省","350824","武平县","Wuping County","202104","2021","4","0.150960359319505","15.0960359319505"
"福建省2021","福建省","350825","连城县","Liancheng County","202104","2021","4","0.205237689595106","20.5237689595106"
"福建省2021","福建省","350881","漳平市","Zhangping City","202104","2021","4","0.166193300494634","16.6193300494634"
"福建省2021","福建省","350902","蕉城区","Jiaocheng District","202104","2021","4","0.275755583217628","27.5755583217628"
"福建省2021","福建省","350921","霞浦县","Xiapu County","202104","2021","4","0.288105093013211","28.8105093013211"
"福建省2021","福建省","350922","古田县","Gutian County","202104","2021","4","0.328559101377379","32.8559101377379"
"福建省2021","福建省","350923","屏南县","Pingnan County","202104","2021","4","0.235541622699066","23.5541622699066"
"福建省2021","福建省","350924","寿宁县","Shouning County","202104","2021","4","0.237746831281988","23.7746831281988"
"福建省2021","福建省","350925","周宁县","Zhouning County","202104","2021","4","0.243872227652353","24.3872227652353"
"福建省2021","福建省","350926","柘荣县","Zherong County","202104","2021","4","0.261694118282118","26.1694118282118"
"福建省2021","福建省","350981","福安市","Fu'an City","202104","2021","4","0.288105093013211","28.8105093013211"
"福建省2021","福建省","350982","福鼎市","Fuding City","202104","2021","4","0.274352153248908","27.4352153248908"
"福建省2021","福建省","350102","鼓楼区","Gulou District","202105","2021","5","0.318338028890519","31.8338028890519"
"福建省2021","福建省","350103","台江区","Taijiang District","202105","2021","5","0.318338028890519","31.8338028890519"
"福建省2021","福建省","350104","仓山区","Cangshan District","202105","2021","5","0.245529189549775","24.5529189549775"
"福建省2021","福建省","350105","马尾区","Mawei District","202105","2021","5","0.291309026656401","29.1309026656401"
"福建省2021","福建省","350111","晋安区","Jin'an District","202105","2021","5","0.303092522126601","30.3092522126601"
"福建省2021","福建省","350121","闽侯县","Minhou County","202105","2021","5","0.256151010636274","25.6151010636274"
"福建省2021","福建省","350122","连江县","Lianjiang County","202105","2021","5","0.310886833653638","31.0886833653638"
"福建省2021","福建省","350123","罗源县","Luoyuan County","202105","2021","5","0.31063949926986","31.063949926986"
"福建省2021","福建省","350124","闽清县","Minqing County","202105","2021","5","0.310763375918784","31.0763375918784"
"福建省2021","福建省","350125","永泰县","Yongtai County","202105","2021","5","0.269849695070166","26.9849695070166"
"福建省2021","福建省","350128","平潭县","Pingtan County","202105","2021","5","0.309786604889121","30.9786604889121"
"福建省2021","福建省","350181","福清市","Fuqing City","202105","2021","5","0.254967286889229","25.4967286889229"
"福建省2021","福建省","350182","长乐市","Changle City","202105","2021","5","0.318462296037023","31.8462296037023"
"福建省2021","福建省","350203","思明区","Siming District","202105","2021","5","0.278639454594447","27.8639454594447"
"福建省2021","福建省","350205","海沧区","Haicang District","202105","2021","5","0.247261777811826","24.7261777811826"
"福建省2021","福建省","350206","湖里区","Huli District","202105","2021","5","0.311956849272072","31.1956849272072"
"福建省2021","福建省","350211","集美区","Jimei District","202105","2021","5","0.287303122816863","28.7303122816863"
"福建省2021","福建省","350212","同安区","Tong'an District","202105","2021","5","0.270028713460675","27.0028713460675"
"福建省2021","福建省","350213","翔安区","Xiang'an District","202105","2021","5","0.26000873531084","26.000873531084"
"福建省2021","福建省","350302","城厢区","Chengxiang District","202105","2021","5","0.324873207554536","32.4873207554536"
"福建省2021","福建省","350303","涵江区","Hanjiang District","202105","2021","5","0.267110185881976","26.7110185881976"
"福建省2021","福建省","350304","荔城区","Licheng District","202105","2021","5","0.300434819431404","30.0434819431404"
"福建省2021","福建省","350305","秀屿区","Xiuyu District","202105","2021","5","0.213608172967908","21.3608172967908"
"福建省2021","福建省","350322","仙游县","Xianyou County","202105","2021","5","0.234796067486411","23.4796067486411"
"福建省2021","福建省","350402","梅列区","Melie district","202105","2021","5","0.30785414419914","30.785414419914"
"福建省2021","福建省","350403","三元区","Sanyuan District","202105","2021","5","0.324183781327347","32.4183781327347"
"福建省2021","福建省","350421","明溪县","Mingxi County","202105","2021","5","0.271858033289886","27.1858033289886"
"福建省2021","福建省","350423","清流县","Qingliu County","202105","2021","5","0.256317260855916","25.6317260855916"
"福建省2021","福建省","350424","宁化县","Ninghua County","202105","2021","5","0.299065076753903","29.9065076753903"
"福建省2021","福建省","350425","大田县","Datian County","202105","2021","5","0.323524359247538","32.3524359247538"
"福建省2021","福建省","350426","尤溪县","Youxi County","202105","2021","5","0.263552260682697","26.3552260682697"
"福建省2021","福建省","350427","沙县","Sha County","202105","2021","5","0.281346852231652","28.1346852231652"
"福建省2021","福建省","350428","将乐县","Jiangle County","202105","2021","5","0.312737057019963","31.2737057019963"
"福建省2021","福建省","350429","泰宁县","Taining County","202105","2021","5","0.240311366387937","24.0311366387937"
"福建省2021","福建省","350430","建宁县","Jianning County","202105","2021","5","0.257008438822248","25.7008438822248"
"福建省2021","福建省","350481","永安市","Yong'an City","202105","2021","5","0.287059962907213","28.7059962907213"
"福建省2021","福建省","350502","鲤城区","Licheng District","202105","2021","5","0.264948305113857","26.4948305113857"
"福建省2021","福建省","350503","丰泽区","Fengze District","202105","2021","5","0.288985862137859","28.8985862137859"
"福建省2021","福建省","350504","洛江区","Luojiang District","202105","2021","5","0.307279428011021","30.7279428011021"
"福建省2021","福建省","350505","泉港区","Quangang District","202105","2021","5","0.266758403478862","26.6758403478862"
"福建省2021","福建省","350521","惠安县","Hui'an County","202105","2021","5","0.258951461280104","25.8951461280104"
"福建省2021","福建省","350524","安溪县","Anxi County","202105","2021","5","0.260525647773872","26.0525647773872"
"福建省2021","福建省","350525","永春县","Yongchun County","202105","2021","5","0.260151744507854","26.0151744507854"
"福建省2021","福建省","350526","德化县","Dehua County","202105","2021","5","0.254632030050361","25.4632030050361"
"福建省2021","福建省","350527","金门县","Kinmen County","202105","2021","5","0.325460033750934","32.5460033750934"
"福建省2021","福建省","350581","石狮市","Shishi City","202105","2021","5","0.261816663939292","26.1816663939292"
"福建省2021","福建省","350582","晋江市","Jinjiang City","202105","2021","5","0.293197195204222","29.3197195204222"
"福建省2021","福建省","350583","南安市","Nan'an City","202105","2021","5","0.260499200271117","26.0499200271117"
"福建省2021","福建省","350602","芗城区","Xiangcheng District","202105","2021","5","0.156863159236108","15.6863159236108"
"福建省2021","福建省","350603","龙文区","Longwen District","202105","2021","5","0.206103226564158","20.6103226564158"
"福建省2021","福建省","350622","云霄县","Yunxiao County","202105","2021","5","0.290555351660737","29.0555351660737"
"福建省2021","福建省","350623","漳浦县","Zhangpu County","202105","2021","5","0.157172875149935","15.7172875149935"
"福建省2021","福建省","350624","诏安县","Zhao'an County","202105","2021","5","0.193648856251795","19.3648856251795"
"福建省2021","福建省","350625","长泰县","Changtai County","202105","2021","5","0.148855578280836","14.8855578280836"
"福建省2021","福建省","350626","东山县","Dongshan County","202105","2021","5","0.19397099567196","19.397099567196"
"福建省2021","福建省","350627","南靖县","Nanjing County","202105","2021","5","0.194092436752645","19.4092436752645"
"福建省2021","福建省","350628","平和县","Pinghe County","202105","2021","5","0.177006585477844","17.7006585477844"
"福建省2021","福建省","350629","华安县","Hua'an County","202105","2021","5","0.266272533740105","26.6272533740105"
"福建省2021","福建省","350681","龙海市","Longhai  City","202105","2021","5","0.173482322819936","17.3482322819936"
"福建省2021","福建省","350702","延平区","Yanping District","202105","2021","5","0.11090172517162","11.090172517162"
"福建省2021","福建省","350721","顺昌县","Shunchang County","202105","2021","5","0.155102002317782","15.5102002317782"
"福建省2021","福建省","350722","浦城县","Pucheng County","202105","2021","5","0.123044828579767","12.3044828579767"
"福建省2021","福建省","350723","光泽县","Guangze County","202105","2021","5","0.12305345344298","12.305345344298"
"福建省2021","福建省","350724","松溪县","Songxi County","202105","2021","5","0.170737606997349","17.0737606997349"
"福建省2021","福建省","350725","政和县","Zhenghe County","202105","2021","5","0.155560940556783","15.5560940556783"
"福建省2021","福建省","350781","邵武市","Shaowu City","202105","2021","5","0.138022179922282","13.8022179922282"
"福建省2021","福建省","350782","武夷山市","Wuyishan City","202105","2021","5","0.121701418822397","12.1701418822397"
"福建省2021","福建省","350783","建瓯市","Jian'ou City","202105","2021","5","0.206661116523226","20.6661116523226"
"福建省2021","福建省","350784","建阳市","Jianyang City","202105","2021","5","0.14223016075942","14.223016075942"
"福建省2021","福建省","350802","新罗区","Xinluo District","202105","2021","5","0.193717238244655","19.3717238244655"
"福建省2021","福建省","350821","长汀县","Changting County","202105","2021","5","0.192597875098726","19.2597875098726"
"福建省2021","福建省","350822","永定县","Yongding County","202105","2021","5","0.197872168243917","19.7872168243917"
"福建省2021","福建省","350823","上杭县","Shanghang County","202105","2021","5","0.21695542013956","21.695542013956"
"福建省2021","福建省","350824","武平县","Wuping County","202105","2021","5","0.144898068641368","14.4898068641368"
"福建省2021","福建省","350825","连城县","Liancheng County","202105","2021","5","0.205237689595106","20.5237689595106"
"福建省2021","福建省","350881","漳平市","Zhangping City","202105","2021","5","0.172006914797309","17.2006914797309"
"福建省2021","福建省","350902","蕉城区","Jiaocheng District","202105","2021","5","0.275755583217628","27.5755583217628"
"福建省2021","福建省","350921","霞浦县","Xiapu County","202105","2021","5","0.288105093013211","28.8105093013211"
"福建省2021","福建省","350922","古田县","Gutian County","202105","2021","5","0.31913655060824","31.913655060824"
"福建省2021","福建省","350923","屏南县","Pingnan County","202105","2021","5","0.240749847503724","24.0749847503724"
"福建省2021","福建省","350924","寿宁县","Shouning County","202105","2021","5","0.248230298892619","24.8230298892619"
"福建省2021","福建省","350925","周宁县","Zhouning County","202105","2021","5","0.241951969553411","24.1951969553411"
"福建省2021","福建省","350926","柘荣县","Zherong County","202105","2021","5","0.257461489347739","25.7461489347739"
"福建省2021","福建省","350981","福安市","Fu'an City","202105","2021","5","0.276914370119224","27.6914370119224"
"福建省2021","福建省","350982","福鼎市","Fuding City","202105","2021","5","0.276107247371476","27.6107247371476"
"福建省2021","福建省","350102","鼓楼区","Gulou District","202106","2021","6","0.318338028890519","31.8338028890519"
"福建省2021","福建省","350103","台江区","Taijiang District","202106","2021","6","0.318338028890519","31.8338028890519"
"福建省2021","福建省","350104","仓山区","Cangshan District","202106","2021","6","0.294580683213202","29.4580683213202"
"福建省2021","福建省","350105","马尾区","Mawei District","202106","2021","6","0.291309026656401","29.1309026656401"
"福建省2021","福建省","350111","晋安区","Jin'an District","202106","2021","6","0.303439977889863","30.3439977889863"
"福建省2021","福建省","350121","闽侯县","Minhou County","202106","2021","6","0.274172119198027","27.4172119198027"
"福建省2021","福建省","350122","连江县","Lianjiang County","202106","2021","6","0.317063098292073","31.7063098292073"
"福建省2021","福建省","350123","罗源县","Luoyuan County","202106","2021","6","0.309786604889121","30.9786604889121"
"福建省2021","福建省","350124","闽清县","Minqing County","202106","2021","6","0.31063949926986","31.063949926986"
"福建省2021","福建省","350125","永泰县","Yongtai County","202106","2021","6","0.249305506478875","24.9305506478875"
"福建省2021","福建省","350128","平潭县","Pingtan County","202106","2021","6","0.309524978843917","30.9524978843917"
"福建省2021","福建省","350181","福清市","Fuqing City","202106","2021","6","0.309439150042519","30.9439150042519"
"福建省2021","福建省","350182","长乐市","Changle City","202106","2021","6","0.317357321718584","31.7357321718584"
"福建省2021","福建省","350203","思明区","Siming District","202106","2021","6","0.276621740766167","27.6621740766167"
"福建省2021","福建省","350205","海沧区","Haicang District","202106","2021","6","0.260132150879288","26.0132150879288"
"福建省2021","福建省","350206","湖里区","Huli District","202106","2021","6","0.302677677114325","30.2677677114325"
"福建省2021","福建省","350211","集美区","Jimei District","202106","2021","6","0.257311093696503","25.7311093696503"
"福建省2021","福建省","350212","同安区","Tong'an District","202106","2021","6","0.270028713460675","27.0028713460675"
"福建省2021","福建省","350213","翔安区","Xiang'an District","202106","2021","6","0.257972229932356","25.7972229932356"
"福建省2021","福建省","350302","城厢区","Chengxiang District","202106","2021","6","0.32668039460425","32.668039460425"
"福建省2021","福建省","350303","涵江区","Hanjiang District","202106","2021","6","0.261246852804106","26.1246852804106"
"福建省2021","福建省","350304","荔城区","Licheng District","202106","2021","6","0.288575721429762","28.8575721429762"
"福建省2021","福建省","350305","秀屿区","Xiuyu District","202106","2021","6","0.209702016510172","20.9702016510172"
"福建省2021","福建省","350322","仙游县","Xianyou County","202106","2021","6","0.233819297373409","23.3819297373409"
"福建省2021","福建省","350402","梅列区","Melie district","202106","2021","6","0.306717715575643","30.6717715575643"
"福建省2021","福建省","350403","三元区","Sanyuan District","202106","2021","6","0.324183781327347","32.4183781327347"
"福建省2021","福建省","350421","明溪县","Mingxi County","202106","2021","6","0.285713755500514","28.5713755500514"
"福建省2021","福建省","350423","清流县","Qingliu County","202106","2021","6","0.304730405558931","30.4730405558931"
"福建省2021","福建省","350424","宁化县","Ninghua County","202106","2021","6","0.299411238191854","29.9411238191854"
"福建省2021","福建省","350425","大田县","Datian County","202106","2021","6","0.318793201486192","31.8793201486192"
"福建省2021","福建省","350426","尤溪县","Youxi County","202106","2021","6","0.265442987631329","26.5442987631329"
"福建省2021","福建省","350427","沙县","Sha County","202106","2021","6","0.299648433388471","29.9648433388471"
"福建省2021","福建省","350428","将乐县","Jiangle County","202106","2021","6","0.319643139635253","31.9643139635253"
"福建省2021","福建省","350429","泰宁县","Taining County","202106","2021","6","0.255741366758431","25.5741366758431"
"福建省2021","福建省","350430","建宁县","Jianning County","202106","2021","6","0.319446501187279","31.9446501187279"
"福建省2021","福建省","350481","永安市","Yong'an City","202106","2021","6","0.280705903620684","28.0705903620684"
"福建省2021","福建省","350502","鲤城区","Licheng District","202106","2021","6","0.264948305113857","26.4948305113857"
"福建省2021","福建省","350503","丰泽区","Fengze District","202106","2021","6","0.307570855621526","30.7570855621526"
"福建省2021","福建省","350504","洛江区","Luojiang District","202106","2021","6","0.300432794527287","30.0432794527287"
"福建省2021","福建省","350505","泉港区","Quangang District","202106","2021","6","0.262995409300525","26.2995409300525"
"福建省2021","福建省","350521","惠安县","Hui'an County","202106","2021","6","0.264818630584199","26.4818630584199"
"福建省2021","福建省","350524","安溪县","Anxi County","202106","2021","6","0.260525647773872","26.0525647773872"
"福建省2021","福建省","350525","永春县","Yongchun County","202106","2021","6","0.25428457520376","25.428457520376"
"福建省2021","福建省","350526","德化县","Dehua County","202106","2021","6","0.254460175365454","25.4460175365454"
"福建省2021","福建省","350527","金门县","Kinmen County","202106","2021","6","0.32071494457593","32.071494457593"
"福建省2021","福建省","350581","石狮市","Shishi City","202106","2021","6","0.216536842483751","21.6536842483751"
"福建省2021","福建省","350582","晋江市","Jinjiang City","202106","2021","6","0.265369764751804","26.5369764751804"
"福建省2021","福建省","350583","南安市","Nan'an City","202106","2021","6","0.260499200271117","26.0499200271117"
"福建省2021","福建省","350602","芗城区","Xiangcheng District","202106","2021","6","0.153474907985251","15.3474907985251"
"福建省2021","福建省","350603","龙文区","Longwen District","202106","2021","6","0.206103226564158","20.6103226564158"
"福建省2021","福建省","350622","云霄县","Yunxiao County","202106","2021","6","0.290555351660737","29.0555351660737"
"福建省2021","福建省","350623","漳浦县","Zhangpu County","202106","2021","6","0.175132660925077","17.5132660925077"
"福建省2021","福建省","350624","诏安县","Zhao'an County","202106","2021","6","0.194774525108644","19.4774525108644"
"福建省2021","福建省","350625","长泰县","Changtai County","202106","2021","6","0.142957917165718","14.2957917165718"
"福建省2021","福建省","350626","东山县","Dongshan County","202106","2021","6","0.192157289329316","19.2157289329316"
"福建省2021","福建省","350627","南靖县","Nanjing County","202106","2021","6","0.198420534095346","19.8420534095346"
"福建省2021","福建省","350628","平和县","Pinghe County","202106","2021","6","0.175409785874224","17.5409785874224"
"福建省2021","福建省","350629","华安县","Hua'an County","202106","2021","6","0.261937049943183","26.1937049943183"
"福建省2021","福建省","350681","龙海市","Longhai  City","202106","2021","6","0.240063138259697","24.0063138259697"
"福建省2021","福建省","350702","延平区","Yanping District","202106","2021","6","0.115959381076116","11.5959381076116"
"福建省2021","福建省","350721","顺昌县","Shunchang County","202106","2021","6","0.170932042708974","17.0932042708974"
"福建省2021","福建省","350722","浦城县","Pucheng County","202106","2021","6","0.123044828579767","12.3044828579767"
"福建省2021","福建省","350723","光泽县","Guangze County","202106","2021","6","0.12305345344298","12.305345344298"
"福建省2021","福建省","350724","松溪县","Songxi County","202106","2021","6","0.171271862686227","17.1271862686227"
"福建省2021","福建省","350725","政和县","Zhenghe County","202106","2021","6","0.160123668278664","16.0123668278664"
"福建省2021","福建省","350781","邵武市","Shaowu City","202106","2021","6","0.131770668416866","13.1770668416866"
"福建省2021","福建省","350782","武夷山市","Wuyishan City","202106","2021","6","0.160501925684363","16.0501925684363"
"福建省2021","福建省","350783","建瓯市","Jian'ou City","202106","2021","6","0.206661116523226","20.6661116523226"
"福建省2021","福建省","350784","建阳市","Jianyang City","202106","2021","6","0.143889350143037","14.3889350143037"
"福建省2021","福建省","350802","新罗区","Xinluo District","202106","2021","6","0.192513506538278","19.2513506538278"
"福建省2021","福建省","350821","长汀县","Changting County","202106","2021","6","0.196828441545887","19.6828441545887"
"福建省2021","福建省","350822","永定县","Yongding County","202106","2021","6","0.197872168243917","19.7872168243917"
"福建省2021","福建省","350823","上杭县","Shanghang County","202106","2021","6","0.205485964473056","20.5485964473056"
"福建省2021","福建省","350824","武平县","Wuping County","202106","2021","6","0.144898068641368","14.4898068641368"
"福建省2021","福建省","350825","连城县","Liancheng County","202106","2021","6","0.171770733427742","17.1770733427742"
"福建省2021","福建省","350881","漳平市","Zhangping City","202106","2021","6","0.160326131190539","16.0326131190539"
"福建省2021","福建省","350902","蕉城区","Jiaocheng District","202106","2021","6","0.275755583217628","27.5755583217628"
"福建省2021","福建省","350921","霞浦县","Xiapu County","202106","2021","6","0.276171203725098","27.6171203725098"
"福建省2021","福建省","350922","古田县","Gutian County","202106","2021","6","0.307294987414589","30.7294987414589"
"福建省2021","福建省","350923","屏南县","Pingnan County","202106","2021","6","0.248416788070161","24.8416788070161"
"福建省2021","福建省","350924","寿宁县","Shouning County","202106","2021","6","0.237746831281988","23.7746831281988"
"福建省2021","福建省","350925","周宁县","Zhouning County","202106","2021","6","0.249327167177963","24.9327167177963"
"福建省2021","福建省","350926","柘荣县","Zherong County","202106","2021","6","0.248515260376532","24.8515260376532"
"福建省2021","福建省","350981","福安市","Fu'an City","202106","2021","6","0.278152768110752","27.8152768110752"
"福建省2021","福建省","350982","福鼎市","Fuding City","202106","2021","6","0.278312400038079","27.8312400038079"
"福建省2021","福建省","350102","鼓楼区","Gulou District","202107","2021","7","0.318338028890519","31.8338028890519"
"福建省2021","福建省","350103","台江区","Taijiang District","202107","2021","7","0.318338028890519","31.8338028890519"
"福建省2021","福建省","350104","仓山区","Cangshan District","202107","2021","7","0.256110483220782","25.6110483220782"
"福建省2021","福建省","350105","马尾区","Mawei District","202107","2021","7","0.290007070142119","29.0007070142119"
"福建省2021","福建省","350111","晋安区","Jin'an District","202107","2021","7","0.303093713785882","30.3093713785882"
"福建省2021","福建省","350121","闽侯县","Minhou County","202107","2021","7","0.26947359823441","26.947359823441"
"福建省2021","福建省","350122","连江县","Lianjiang County","202107","2021","7","0.309786604889121","30.9786604889121"
"福建省2021","福建省","350123","罗源县","Luoyuan County","202107","2021","7","0.309524978843917","30.9524978843917"
"福建省2021","福建省","350124","闽清县","Minqing County","202107","2021","7","0.309177523080654","30.9177523080654"
"福建省2021","福建省","350125","永泰县","Yongtai County","202107","2021","7","0.259251042590076","25.9251042590076"
"福建省2021","福建省","350128","平潭县","Pingtan County","202107","2021","7","0.31063949926986","31.063949926986"
"福建省2021","福建省","350181","福清市","Fuqing City","202107","2021","7","0.309177523080654","30.9177523080654"
"福建省2021","福建省","350182","长乐市","Changle City","202107","2021","7","0.316901547793304","31.6901547793304"
"福建省2021","福建省","350203","思明区","Siming District","202107","2021","7","0.271588061046409","27.1588061046409"
"福建省2021","福建省","350205","海沧区","Haicang District","202107","2021","7","0.258496097102285","25.8496097102285"
"福建省2021","福建省","350206","湖里区","Huli District","202107","2021","7","0.304474850559434","30.4474850559434"
"福建省2021","福建省","350211","集美区","Jimei District","202107","2021","7","0.263421831741048","26.3421831741048"
"福建省2021","福建省","350212","同安区","Tong'an District","202107","2021","7","0.268818837375712","26.8818837375712"
"福建省2021","福建省","350213","翔安区","Xiang'an District","202107","2021","7","0.258886996179636","25.8886996179636"
"福建省2021","福建省","350302","城厢区","Chengxiang District","202107","2021","7","0.28664971494978","28.664971494978"
"福建省2021","福建省","350303","涵江区","Hanjiang District","202107","2021","7","0.260026455284351","26.0026455284351"
"福建省2021","福建省","350304","荔城区","Licheng District","202107","2021","7","0.268727729523698","26.8727729523698"
"福建省2021","福建省","350305","秀屿区","Xiuyu District","202107","2021","7","0.222777468639963","22.2777468639963"
"福建省2021","福建省","350322","仙游县","Xianyou County","202107","2021","7","0.234103048864821","23.4103048864821"
"福建省2021","福建省","350402","梅列区","Melie district","202107","2021","7","0.308935643746401","30.8935643746401"
"福建省2021","福建省","350403","三元区","Sanyuan District","202107","2021","7","0.325479811628358","32.5479811628358"
"福建省2021","福建省","350421","明溪县","Mingxi County","202107","2021","7","0.271858033289886","27.1858033289886"
"福建省2021","福建省","350423","清流县","Qingliu County","202107","2021","7","0.266113698391175","26.6113698391175"
"福建省2021","福建省","350424","宁化县","Ninghua County","202107","2021","7","0.297589326816728","29.7589326816728"
"福建省2021","福建省","350425","大田县","Datian County","202107","2021","7","0.325561917869494","32.5561917869494"
"福建省2021","福建省","350426","尤溪县","Youxi County","202107","2021","7","0.266432720247328","26.6432720247328"
"福建省2021","福建省","350427","沙县","Sha County","202107","2021","7","0.32382904819252","32.382904819252"
"福建省2021","福建省","350428","将乐县","Jiangle County","202107","2021","7","0.317705553893701","31.7705553893701"
"福建省2021","福建省","350429","泰宁县","Taining County","202107","2021","7","0.240459353054103","24.0459353054103"
"福建省2021","福建省","350430","建宁县","Jianning County","202107","2021","7","0.313679961092855","31.3679961092855"
"福建省2021","福建省","350481","永安市","Yong'an City","202107","2021","7","0.280848800985059","28.0848800985059"
"福建省2021","福建省","350502","鲤城区","Licheng District","202107","2021","7","0.264948305113857","26.4948305113857"
"福建省2021","福建省","350503","丰泽区","Fengze District","202107","2021","7","0.288423731705072","28.8423731705072"
"福建省2021","福建省","350504","洛江区","Luojiang District","202107","2021","7","0.300977029904315","30.0977029904315"
"福建省2021","福建省","350505","泉港区","Quangang District","202107","2021","7","0.266758403478862","26.6758403478862"
"福建省2021","福建省","350521","惠安县","Hui'an County","202107","2021","7","0.258925012860689","25.8925012860689"
"福建省2021","福建省","350524","安溪县","Anxi County","202107","2021","7","0.260525647773872","26.0525647773872"
"福建省2021","福建省","350525","永春县","Yongchun County","202107","2021","7","0.260151744507854","26.0151744507854"
"福建省2021","福建省","350526","德化县","Dehua County","202107","2021","7","0.254460175365454","25.4460175365454"
"福建省2021","福建省","350527","金门县","Kinmen County","202107","2021","7","0.300494414312057","30.0494414312057"
"福建省2021","福建省","350581","石狮市","Shishi City","202107","2021","7","0.210802175608455","21.0802175608455"
"福建省2021","福建省","350582","晋江市","Jinjiang City","202107","2021","7","0.167517840785617","16.7517840785617"
"福建省2021","福建省","350583","南安市","Nan'an City","202107","2021","7","0.260499200271117","26.0499200271117"
"福建省2021","福建省","350602","芗城区","Xiangcheng District","202107","2021","7","0.156863159236108","15.6863159236108"
"福建省2021","福建省","350603","龙文区","Longwen District","202107","2021","7","0.206103226564158","20.6103226564158"
"福建省2021","福建省","350622","云霄县","Yunxiao County","202107","2021","7","0.290555351660737","29.0555351660737"
"福建省2021","福建省","350623","漳浦县","Zhangpu County","202107","2021","7","0.194774525108644","19.4774525108644"
"福建省2021","福建省","350624","诏安县","Zhao'an County","202107","2021","7","0.193648856251795","19.3648856251795"
"福建省2021","福建省","350625","长泰县","Changtai County","202107","2021","7","0.163288424747993","16.3288424747993"
"福建省2021","福建省","350626","东山县","Dongshan County","202107","2021","7","0.194003960634321","19.4003960634321"
"福建省2021","福建省","350627","南靖县","Nanjing County","202107","2021","7","0.1945515170741","19.45515170741"
"福建省2021","福建省","350628","平和县","Pinghe County","202107","2021","7","0.175389278334656","17.5389278334656"
"福建省2021","福建省","350629","华安县","Hua'an County","202107","2021","7","0.250158352276582","25.0158352276582"
"福建省2021","福建省","350681","龙海市","Longhai  City","202107","2021","7","0.240063138259697","24.0063138259697"
"福建省2021","福建省","350702","延平区","Yanping District","202107","2021","7","0.125049431405971","12.5049431405971"
"福建省2021","福建省","350721","顺昌县","Shunchang County","202107","2021","7","0.154077131336224","15.4077131336224"
"福建省2021","福建省","350722","浦城县","Pucheng County","202107","2021","7","0.123044828579767","12.3044828579767"
"福建省2021","福建省","350723","光泽县","Guangze County","202107","2021","7","0.12305345344298","12.305345344298"
"福建省2021","福建省","350724","松溪县","Songxi County","202107","2021","7","0.169124429411901","16.9124429411901"
"福建省2021","福建省","350725","政和县","Zhenghe County","202107","2021","7","0.132595556971175","13.2595556971175"
"福建省2021","福建省","350781","邵武市","Shaowu City","202107","2021","7","0.137703695229467","13.7703695229467"
"福建省2021","福建省","350782","武夷山市","Wuyishan City","202107","2021","7","0.149923271996994","14.9923271996994"
"福建省2021","福建省","350783","建瓯市","Jian'ou City","202107","2021","7","0.186766450989762","18.6766450989762"
"福建省2021","福建省","350784","建阳市","Jianyang City","202107","2021","7","0.143889350143037","14.3889350143037"
"福建省2021","福建省","350802","新罗区","Xinluo District","202107","2021","7","0.161265039538195","16.1265039538195"
"福建省2021","福建省","350821","长汀县","Changting County","202107","2021","7","0.192597875098726","19.2597875098726"
"福建省2021","福建省","350822","永定县","Yongding County","202107","2021","7","0.197866215447477","19.7866215447477"
"福建省2021","福建省","350823","上杭县","Shanghang County","202107","2021","7","0.183360702514014","18.3360702514014"
"福建省2021","福建省","350824","武平县","Wuping County","202107","2021","7","0.151757529878933","15.1757529878933"
"福建省2021","福建省","350825","连城县","Liancheng County","202107","2021","7","0.205237689595106","20.5237689595106"
"福建省2021","福建省","350881","漳平市","Zhangping City","202107","2021","7","0.176291834657608","17.6291834657608"
"福建省2021","福建省","350902","蕉城区","Jiaocheng District","202107","2021","7","0.275755583217628","27.5755583217628"
"福建省2021","福建省","350921","霞浦县","Xiapu County","202107","2021","7","0.27581953957125","27.581953957125"
"福建省2021","福建省","350922","古田县","Gutian County","202107","2021","7","0.326825225206643","32.6825225206643"
"福建省2021","福建省","350923","屏南县","Pingnan County","202107","2021","7","0.23372670544726","23.372670544726"
"福建省2021","福建省","350924","寿宁县","Shouning County","202107","2021","7","0.243629220825087","24.3629220825087"
"福建省2021","福建省","350925","周宁县","Zhouning County","202107","2021","7","0.24481657821628","24.481657821628"
"福建省2021","福建省","350926","柘荣县","Zherong County","202107","2021","7","0.236471743017853","23.6471743017853"
"福建省2021","福建省","350981","福安市","Fu'an City","202107","2021","7","0.276914370119224","27.6914370119224"
"福建省2021","福建省","350982","福鼎市","Fuding City","202107","2021","7","0.276828533984538","27.6828533984538"
"福建省2021","福建省","350102","鼓楼区","Gulou District","202108","2021","8","0.318338028890519","31.8338028890519"
"福建省2021","福建省","350103","台江区","Taijiang District","202108","2021","8","0.318338028890519","31.8338028890519"
"福建省2021","福建省","350104","仓山区","Cangshan District","202108","2021","8","0.273807134126738","27.3807134126738"
"福建省2021","福建省","350105","马尾区","Mawei District","202108","2021","8","0.28618568190902","28.618568190902"
"福建省2021","福建省","350111","晋安区","Jin'an District","202108","2021","8","0.219516112602656","21.9516112602656"
"福建省2021","福建省","350121","闽侯县","Minhou County","202108","2021","8","0.270930858202845","27.0930858202845"
"福建省2021","福建省","350122","连江县","Lianjiang County","202108","2021","8","0.312468602767078","31.2468602767078"
"福建省2021","福建省","350123","罗源县","Luoyuan County","202108","2021","8","0.309786604889121","30.9786604889121"
"福建省2021","福建省","350124","闽清县","Minqing County","202108","2021","8","0.310539377890376","31.0539377890376"
"福建省2021","福建省","350125","永泰县","Yongtai County","202108","2021","8","0.258029652326473","25.8029652326473"
"福建省2021","福建省","350128","平潭县","Pingtan County","202108","2021","8","0.309786604889121","30.9786604889121"
"福建省2021","福建省","350181","福清市","Fuqing City","202108","2021","8","0.312121147003815","31.2121147003815"
"福建省2021","福建省","350182","长乐市","Changle City","202108","2021","8","0.318377233564209","31.8377233564209"
"福建省2021","福建省","350203","思明区","Siming District","202108","2021","8","0.294524847559251","29.4524847559251"
"福建省2021","福建省","350205","海沧区","Haicang District","202108","2021","8","0.243286291533771","24.3286291533771"
"福建省2021","福建省","350206","湖里区","Huli District","202108","2021","8","0.311956849272072","31.1956849272072"
"福建省2021","福建省","350211","集美区","Jimei District","202108","2021","8","0.285702241321875","28.5702241321875"
"福建省2021","福建省","350212","同安区","Tong'an District","202108","2021","8","0.26807323816333","26.807323816333"
"福建省2021","福建省","350213","翔安区","Xiang'an District","202108","2021","8","0.258728092997793","25.8728092997793"
"福建省2021","福建省","350302","城厢区","Chengxiang District","202108","2021","8","0.309841260800384","30.9841260800384"
"福建省2021","福建省","350303","涵江区","Hanjiang District","202108","2021","8","0.234908253957787","23.4908253957787"
"福建省2021","福建省","350304","荔城区","Licheng District","202108","2021","8","0.271349940022196","27.1349940022196"
"福建省2021","福建省","350305","秀屿区","Xiuyu District","202108","2021","8","0.206662974595044","20.6662974595044"
"福建省2021","福建省","350322","仙游县","Xianyou County","202108","2021","8","0.240245353047063","24.0245353047063"
"福建省2021","福建省","350402","梅列区","Melie district","202108","2021","8","0.31196665021133","31.196665021133"
"福建省2021","福建省","350403","三元区","Sanyuan District","202108","2021","8","0.345876621299716","34.5876621299716"
"福建省2021","福建省","350421","明溪县","Mingxi County","202108","2021","8","0.300537475378514","30.0537475378514"
"福建省2021","福建省","350423","清流县","Qingliu County","202108","2021","8","0.262864300196425","26.2864300196425"
"福建省2021","福建省","350424","宁化县","Ninghua County","202108","2021","8","0.253746708787259","25.3746708787259"
"福建省2021","福建省","350425","大田县","Datian County","202108","2021","8","0.311615250972507","31.1615250972507"
"福建省2021","福建省","350426","尤溪县","Youxi County","202108","2021","8","0.274709985614527","27.4709985614527"
"福建省2021","福建省","350427","沙县","Sha County","202108","2021","8","0.32589878253173","32.589878253173"
"福建省2021","福建省","350428","将乐县","Jiangle County","202108","2021","8","0.320564057594406","32.0564057594406"
"福建省2021","福建省","350429","泰宁县","Taining County","202108","2021","8","0.241148290700986","24.1148290700986"
"福建省2021","福建省","350430","建宁县","Jianning County","202108","2021","8","0.283575568585549","28.3575568585549"
"福建省2021","福建省","350481","永安市","Yong'an City","202108","2021","8","0.28386987634487","28.386987634487"
"福建省2021","福建省","350502","鲤城区","Licheng District","202108","2021","8","0.264948305113857","26.4948305113857"
"福建省2021","福建省","350503","丰泽区","Fengze District","202108","2021","8","0.296592708243406","29.6592708243406"
"福建省2021","福建省","350504","洛江区","Luojiang District","202108","2021","8","0.308036515735534","30.8036515735534"
"福建省2021","福建省","350505","泉港区","Quangang District","202108","2021","8","0.260891234174767","26.0891234174767"
"福建省2021","福建省","350521","惠安县","Hui'an County","202108","2021","8","0.258925012860689","25.8925012860689"
"福建省2021","福建省","350524","安溪县","Anxi County","202108","2021","8","0.264818630584199","26.4818630584199"
"福建省2021","福建省","350525","永春县","Yongchun County","202108","2021","8","0.260151744507854","26.0151744507854"
"福建省2021","福建省","350526","德化县","Dehua County","202108","2021","8","0.254632030050361","25.4632030050361"
"福建省2021","福建省","350527","金门县","Kinmen County","202108","2021","8","0.305405751873381","30.5405751873381"
"福建省2021","福建省","350581","石狮市","Shishi City","202108","2021","8","0.215946862056901","21.5946862056901"
"福建省2021","福建省","350582","晋江市","Jinjiang City","202108","2021","8","0.179855763986343","17.9855763986343"
"福建省2021","福建省","350583","南安市","Nan'an City","202108","2021","8","0.260499200271117","26.0499200271117"
"福建省2021","福建省","350602","芗城区","Xiangcheng District","202108","2021","8","0.156863159236108","15.6863159236108"
"福建省2021","福建省","350603","龙文区","Longwen District","202108","2021","8","0.206103226564158","20.6103226564158"
"福建省2021","福建省","350622","云霄县","Yunxiao County","202108","2021","8","0.290555351660737","29.0555351660737"
"福建省2021","福建省","350623","漳浦县","Zhangpu County","202108","2021","8","0.176258329781926","17.6258329781926"
"福建省2021","福建省","350624","诏安县","Zhao'an County","202108","2021","8","0.193648856251795","19.3648856251795"
"福建省2021","福建省","350625","长泰县","Changtai County","202108","2021","8","0.173635647203021","17.3635647203021"
"福建省2021","福建省","350626","东山县","Dongshan County","202108","2021","8","0.193997691589841","19.3997691589841"
"福建省2021","福建省","350627","南靖县","Nanjing County","202108","2021","8","0.183975413537593","18.3975413537593"
"福建省2021","福建省","350628","平和县","Pinghe County","202108","2021","8","0.1753568395357","17.53568395357"
"福建省2021","福建省","350629","华安县","Hua'an County","202108","2021","8","0.142337838175408","14.2337838175408"
"福建省2021","福建省","350681","龙海市","Longhai  City","202108","2021","8","0.240063138259697","24.0063138259697"
"福建省2021","福建省","350702","延平区","Yanping District","202108","2021","8","0.125674221117086","12.5674221117086"
"福建省2021","福建省","350721","顺昌县","Shunchang County","202108","2021","8","0.149818855144131","14.9818855144131"
"福建省2021","福建省","350722","浦城县","Pucheng County","202108","2021","8","0.123044828579767","12.3044828579767"
"福建省2021","福建省","350723","光泽县","Guangze County","202108","2021","8","0.12305345344298","12.305345344298"
"福建省2021","福建省","350724","松溪县","Songxi County","202108","2021","8","0.169977169793594","16.9977169793594"
"福建省2021","福建省","350725","政和县","Zhenghe County","202108","2021","8","0.160123668278664","16.0123668278664"
"福建省2021","福建省","350781","邵武市","Shaowu City","202108","2021","8","0.146684532736183","14.6684532736183"
"福建省2021","福建省","350782","武夷山市","Wuyishan City","202108","2021","8","0.131265271965795","13.1265271965795"
"福建省2021","福建省","350783","建瓯市","Jian'ou City","202108","2021","8","0.228176230597075","22.8176230597075"
"福建省2021","福建省","350784","建阳市","Jianyang City","202108","2021","8","0.143889350143037","14.3889350143037"
"福建省2021","福建省","350802","新罗区","Xinluo District","202108","2021","8","0.199739441504573","19.9739441504573"
"福建省2021","福建省","350821","长汀县","Changting County","202108","2021","8","0.189826850189193","18.9826850189193"
"福建省2021","福建省","350822","永定县","Yongding County","202108","2021","8","0.197872168243917","19.7872168243917"
"福建省2021","福建省","350823","上杭县","Shanghang County","202108","2021","8","0.186131013344639","18.6131013344639"
"福建省2021","福建省","350824","武平县","Wuping County","202108","2021","8","0.14415996038256","14.415996038256"
"福建省2021","福建省","350825","连城县","Liancheng County","202108","2021","8","0.205237689595106","20.5237689595106"
"福建省2021","福建省","350881","漳平市","Zhangping City","202108","2021","8","0.165977974079148","16.5977974079148"
"福建省2021","福建省","350902","蕉城区","Jiaocheng District","202108","2021","8","0.287753428859364","28.7753428859364"
"福建省2021","福建省","350921","霞浦县","Xiapu County","202108","2021","8","0.278152768110752","27.8152768110752"
"福建省2021","福建省","350922","古田县","Gutian County","202108","2021","8","0.299475904041078","29.9475904041078"
"福建省2021","福建省","350923","屏南县","Pingnan County","202108","2021","8","0.242951978855719","24.2951978855719"
"福建省2021","福建省","350924","寿宁县","Shouning County","202108","2021","8","0.244980721948977","24.4980721948977"
"福建省2021","福建省","350925","周宁县","Zhouning County","202108","2021","8","0.242595022818002","24.2595022818002"
"福建省2021","福建省","350926","柘荣县","Zherong County","202108","2021","8","0.240102032185314","24.0102032185314"
"福建省2021","福建省","350981","福安市","Fu'an City","202108","2021","8","0.276914370119224","27.6914370119224"
"福建省2021","福建省","350982","福鼎市","Fuding City","202108","2021","8","0.276484340617723","27.6484340617723"
"福建省2021","福建省","350102","鼓楼区","Gulou District","202109","2021","9","0.318338028890519","31.8338028890519"
"福建省2021","福建省","350103","台江区","Taijiang District","202109","2021","9","0.318338028890519","31.8338028890519"
"福建省2021","福建省","350104","仓山区","Cangshan District","202109","2021","9","0.258251556701191","25.8251556701191"
"福建省2021","福建省","350105","马尾区","Mawei District","202109","2021","9","0.287292564715632","28.7292564715632"
"福建省2021","福建省","350111","晋安区","Jin'an District","202109","2021","9","0.303092522126601","30.3092522126601"
"福建省2021","福建省","350121","闽侯县","Minhou County","202109","2021","9","0.258714806913468","25.8714806913468"
"福建省2021","福建省","350122","连江县","Lianjiang County","202109","2021","9","0.316745299261675","31.6745299261675"
"福建省2021","福建省","350123","罗源县","Luoyuan County","202109","2021","9","0.309786604889121","30.9786604889121"
"福建省2021","福建省","350124","闽清县","Minqing County","202109","2021","9","0.310539377890376","31.0539377890376"
"福建省2021","福建省","350125","永泰县","Yongtai County","202109","2021","9","0.259251042590076","25.9251042590076"
"福建省2021","福建省","350128","平潭县","Pingtan County","202109","2021","9","0.310763375918784","31.0763375918784"
"福建省2021","福建省","350181","福清市","Fuqing City","202109","2021","9","0.312121147003815","31.2121147003815"
"福建省2021","福建省","350182","长乐市","Changle City","202109","2021","9","0.318377233564209","31.8377233564209"
"福建省2021","福建省","350203","思明区","Siming District","202109","2021","9","0.277046080552931","27.7046080552931"
"福建省2021","福建省","350205","海沧区","Haicang District","202109","2021","9","0.258496097102285","25.8496097102285"
"福建省2021","福建省","350206","湖里区","Huli District","202109","2021","9","0.265140508755982","26.5140508755982"
"福建省2021","福建省","350211","集美区","Jimei District","202109","2021","9","0.272637770790691","27.2637770790691"
"福建省2021","福建省","350212","同安区","Tong'an District","202109","2021","9","0.264167573035883","26.4167573035883"
"福建省2021","福建省","350213","翔安区","Xiang'an District","202109","2021","9","0.26129416167757","26.129416167757"
"福建省2021","福建省","350302","城厢区","Chengxiang District","202109","2021","9","0.303335154956184","30.3335154956184"
"福建省2021","福建省","350303","涵江区","Hanjiang District","202109","2021","9","0.229516507207197","22.9516507207197"
"福建省2021","福建省","350304","荔城区","Licheng District","202109","2021","9","0.203142830494944","20.3142830494944"
"福建省2021","福建省","350305","秀屿区","Xiuyu District","202109","2021","9","0.201654735884278","20.1654735884278"
"福建省2021","福建省","350322","仙游县","Xianyou County","202109","2021","9","0.240529104538475","24.0529104538475"
"福建省2021","福建省","350402","梅列区","Melie district","202109","2021","9","0.324583507849988","32.4583507849988"
"福建省2021","福建省","350403","三元区","Sanyuan District","202109","2021","9","0.34572086776502","34.572086776502"
"福建省2021","福建省","350421","明溪县","Mingxi County","202109","2021","9","0.285713755500514","28.5713755500514"
"福建省2021","福建省","350423","清流县","Qingliu County","202109","2021","9","0.248807824646659","24.8807824646659"
"福建省2021","福建省","350424","宁化县","Ninghua County","202109","2021","9","0.291887343488871","29.1887343488871"
"福建省2021","福建省","350425","大田县","Datian County","202109","2021","9","0.320935289710312","32.0935289710312"
"福建省2021","福建省","350426","尤溪县","Youxi County","202109","2021","9","0.277233828306005","27.7233828306005"
"福建省2021","福建省","350427","沙县","Sha County","202109","2021","9","0.314806434778049","31.4806434778049"
"福建省2021","福建省","350428","将乐县","Jiangle County","202109","2021","9","0.324865384769685","32.4865384769685"
"福建省2021","福建省","350429","泰宁县","Taining County","202109","2021","9","0.244170167222499","24.4170167222499"
"福建省2021","福建省","350430","建宁县","Jianning County","202109","2021","9","0.283575568585549","28.3575568585549"
"福建省2021","福建省","350481","永安市","Yong'an City","202109","2021","9","0.287038616622842","28.7038616622842"
"福建省2021","福建省","350502","鲤城区","Licheng District","202109","2021","9","0.264948305113857","26.4948305113857"
"福建省2021","福建省","350503","丰泽区","Fengze District","202109","2021","9","0.321139950775231","32.1139950775231"
"福建省2021","福建省","350504","洛江区","Luojiang District","202109","2021","9","0.294075730426048","29.4075730426048"
"福建省2021","福建省","350505","泉港区","Quangang District","202109","2021","9","0.260891234174767","26.0891234174767"
"福建省2021","福建省","350521","惠安县","Hui'an County","202109","2021","9","0.264792183081444","26.4792183081444"
"福建省2021","福建省","350524","安溪县","Anxi County","202109","2021","9","0.260525647773872","26.0525647773872"
"福建省2021","福建省","350525","永春县","Yongchun County","202109","2021","9","0.260151744507854","26.0151744507854"
"福建省2021","福建省","350526","德化县","Dehua County","202109","2021","9","0.254632030050361","25.4632030050361"
"福建省2021","福建省","350527","金门县","Kinmen County","202109","2021","9","0.29967468930908","29.967468930908"
"福建省2021","福建省","350581","石狮市","Shishi City","202109","2021","9","0.218355821460384","21.8355821460384"
"福建省2021","福建省","350582","晋江市","Jinjiang City","202109","2021","9","0.278379634371385","27.8379634371385"
"福建省2021","福建省","350583","南安市","Nan'an City","202109","2021","9","0.260499200271117","26.0499200271117"
"福建省2021","福建省","350602","芗城区","Xiangcheng District","202109","2021","9","0.156863159236108","15.6863159236108"
"福建省2021","福建省","350603","龙文区","Longwen District","202109","2021","9","0.206103226564158","20.6103226564158"
"福建省2021","福建省","350622","云霄县","Yunxiao County","202109","2021","9","0.290555351660737","29.0555351660737"
"福建省2021","福建省","350623","漳浦县","Zhangpu County","202109","2021","9","0.182114617403461","18.2114617403461"
"福建省2021","福建省","350624","诏安县","Zhao'an County","202109","2021","9","0.193648856251795","19.3648856251795"
"福建省2021","福建省","350625","长泰县","Changtai County","202109","2021","9","0.158237107554211","15.8237107554211"
"福建省2021","福建省","350626","东山县","Dongshan County","202109","2021","9","0.200271983954069","20.0271983954069"
"福建省2021","福建省","350627","南靖县","Nanjing County","202109","2021","9","0.177685333521211","17.7685333521211"
"福建省2021","福建省","350628","平和县","Pinghe County","202109","2021","9","0.174962241731273","17.4962241731273"
"福建省2021","福建省","350629","华安县","Hua'an County","202109","2021","9","0.171309275287691","17.1309275287691"
"福建省2021","福建省","350681","龙海市","Longhai  City","202109","2021","9","0.240063138259697","24.0063138259697"
"福建省2021","福建省","350702","延平区","Yanping District","202109","2021","9","0.125674221117086","12.5674221117086"
"福建省2021","福建省","350721","顺昌县","Shunchang County","202109","2021","9","0.150644137862664","15.0644137862664"
"福建省2021","福建省","350722","浦城县","Pucheng County","202109","2021","9","0.123044828579767","12.3044828579767"
"福建省2021","福建省","350723","光泽县","Guangze County","202109","2021","9","0.118834265508632","11.8834265508632"
"福建省2021","福建省","350724","松溪县","Songxi County","202109","2021","9","0.151217964889627","15.1217964889627"
"福建省2021","福建省","350725","政和县","Zhenghe County","202109","2021","9","0.154256498974569","15.4256498974569"
"福建省2021","福建省","350781","邵武市","Shaowu City","202109","2021","9","0.13191800150375","13.191800150375"
"福建省2021","福建省","350782","武夷山市","Wuyishan City","202109","2021","9","0.124479505688163","12.4479505688163"
"福建省2021","福建省","350783","建瓯市","Jian'ou City","202109","2021","9","0.192553048543211","19.2553048543211"
"福建省2021","福建省","350784","建阳市","Jianyang City","202109","2021","9","0.141118325233504","14.1118325233504"
"福建省2021","福建省","350802","新罗区","Xinluo District","202109","2021","9","0.188576250523286","18.8576250523286"
"福建省2021","福建省","350821","长汀县","Changting County","202109","2021","9","0.192597875098726","19.2597875098726"
"福建省2021","福建省","350822","永定县","Yongding County","202109","2021","9","0.197872168243917","19.7872168243917"
"福建省2021","福建省","350823","上杭县","Shanghang County","202109","2021","9","0.193392761338978","19.3392761338978"
"福建省2021","福建省","350824","武平县","Wuping County","202109","2021","9","0.14415996038256","14.415996038256"
"福建省2021","福建省","350825","连城县","Liancheng County","202109","2021","9","0.20064319315345","20.064319315345"
"福建省2021","福建省","350881","漳平市","Zhangping City","202109","2021","9","0.165349602973563","16.5349602973563"
"福建省2021","福建省","350902","蕉城区","Jiaocheng District","202109","2021","9","0.275755583217628","27.5755583217628"
"福建省2021","福建省","350921","霞浦县","Xiapu County","202109","2021","9","0.278152768110752","27.8152768110752"
"福建省2021","福建省","350922","古田县","Gutian County","202109","2021","9","0.297606285961622","29.7606285961622"
"福建省2021","福建省","350923","屏南县","Pingnan County","202109","2021","9","0.248277341934397","24.8277341934397"
"福建省2021","福建省","350924","寿宁县","Shouning County","202109","2021","9","0.23830267800372","23.830267800372"
"福建省2021","福建省","350925","周宁县","Zhouning County","202109","2021","9","0.230464671080824","23.0464671080824"
"福建省2021","福建省","350926","柘荣县","Zherong County","202109","2021","9","0.279516021745138","27.9516021745138"
"福建省2021","福建省","350981","福安市","Fu'an City","202109","2021","9","0.278152768110752","27.8152768110752"
"福建省2021","福建省","350982","福鼎市","Fuding City","202109","2021","9","0.282795654169174","28.2795654169174"
"福建省2021","福建省","350102","鼓楼区","Gulou District","202110","2021","10","0.318338028890519","31.8338028890519"
"福建省2021","福建省","350103","台江区","Taijiang District","202110","2021","10","0.318338028890519","31.8338028890519"
"福建省2021","福建省","350104","仓山区","Cangshan District","202110","2021","10","0.257853421502021","25.7853421502021"
"福建省2021","福建省","350105","马尾区","Mawei District","202110","2021","10","0.2679413755639","26.79413755639"
"福建省2021","福建省","350111","晋安区","Jin'an District","202110","2021","10","0.30460995538877","30.460995538877"
"福建省2021","福建省","350121","闽侯县","Minhou County","202110","2021","10","0.26295084307673","26.295084307673"
"福建省2021","福建省","350122","连江县","Lianjiang County","202110","2021","10","0.312121147003815","31.2121147003815"
"福建省2021","福建省","350123","罗源县","Luoyuan County","202110","2021","10","0.309786604889121","30.9786604889121"
"福建省2021","福建省","350124","闽清县","Minqing County","202110","2021","10","0.309786604889121","30.9786604889121"
"福建省2021","福建省","350125","永泰县","Yongtai County","202110","2021","10","0.252369652988415","25.2369652988415"
"福建省2021","福建省","350128","平潭县","Pingtan County","202110","2021","10","0.310763375918784","31.0763375918784"
"福建省2021","福建省","350181","福清市","Fuqing City","202110","2021","10","0.312121147003815","31.2121147003815"
"福建省2021","福建省","350182","长乐市","Changle City","202110","2021","10","0.321683395990489","32.1683395990489"
"福建省2021","福建省","350203","思明区","Siming District","202110","2021","10","0.271324240514805","27.1324240514805"
"福建省2021","福建省","350205","海沧区","Haicang District","202110","2021","10","0.251799530188494","25.1799530188494"
"福建省2021","福建省","350206","湖里区","Huli District","202110","2021","10","0.26292156309153","26.292156309153"
"福建省2021","福建省","350211","集美区","Jimei District","202110","2021","10","0.29764243815423","29.764243815423"
"福建省2021","福建省","350212","同安区","Tong'an District","202110","2021","10","0.266991169369597","26.6991169369597"
"福建省2021","福建省","350213","翔安区","Xiang'an District","202110","2021","10","0.26000873531084","26.000873531084"
"福建省2021","福建省","350302","城厢区","Chengxiang District","202110","2021","10","0.30360146147238","30.360146147238"
"福建省2021","福建省","350303","涵江区","Hanjiang District","202110","2021","10","0.228122517929967","22.8122517929967"
"福建省2021","福建省","350304","荔城区","Licheng District","202110","2021","10","0.25402994786518","25.402994786518"
"福建省2021","福建省","350305","秀屿区","Xiuyu District","202110","2021","10","0.203211934816661","20.3211934816661"
"福建省2021","福建省","350322","仙游县","Xianyou County","202110","2021","10","0.233819297373409","23.3819297373409"
"福建省2021","福建省","350402","梅列区","Melie district","202110","2021","10","0.324235049259607","32.4235049259607"
"福建省2021","福建省","350403","三元区","Sanyuan District","202110","2021","10","0.346864131929486","34.6864131929486"
"福建省2021","福建省","350421","明溪县","Mingxi County","202110","2021","10","0.300537475378514","30.0537475378514"
"福建省2021","福建省","350423","清流县","Qingliu County","202110","2021","10","0.256543116039482","25.6543116039482"
"福建省2021","福建省","350424","宁化县","Ninghua County","202110","2021","10","0.291133653826631","29.1133653826631"
"福建省2021","福建省","350425","大田县","Datian County","202110","2021","10","0.322824870832712","32.2824870832712"
"福建省2021","福建省","350426","尤溪县","Youxi County","202110","2021","10","0.275780079149145","27.5780079149145"
"福建省2021","福建省","350427","沙县","Sha County","202110","2021","10","0.314301273908852","31.4301273908852"
"福建省2021","福建省","350428","将乐县","Jiangle County","202110","2021","10","0.31790537865526","31.790537865526"
"福建省2021","福建省","350429","泰宁县","Taining County","202110","2021","10","0.297053051723699","29.7053051723699"
"福建省2021","福建省","350430","建宁县","Jianning County","202110","2021","10","0.288764766258131","28.8764766258131"
"福建省2021","福建省","350481","永安市","Yong'an City","202110","2021","10","0.240009573175007","24.0009573175007"
"福建省2021","福建省","350502","鲤城区","Licheng District","202110","2021","10","0.264948305113857","26.4948305113857"
"福建省2021","福建省","350503","丰泽区","Fengze District","202110","2021","10","0.29154161929821","29.154161929821"
"福建省2021","福建省","350504","洛江区","Luojiang District","202110","2021","10","0.294075730426048","29.4075730426048"
"福建省2021","福建省","350505","泉港区","Quangang District","202110","2021","10","0.260499200271117","26.0499200271117"
"福建省2021","福建省","350521","惠安县","Hui'an County","202110","2021","10","0.258925012860689","25.8925012860689"
"福建省2021","福建省","350524","安溪县","Anxi County","202110","2021","10","0.260525647773872","26.0525647773872"
"福建省2021","福建省","350525","永春县","Yongchun County","202110","2021","10","0.260151744507854","26.0151744507854"
"福建省2021","福建省","350526","德化县","Dehua County","202110","2021","10","0.254460175365454","25.4460175365454"
"福建省2021","福建省","350527","金门县","Kinmen County","202110","2021","10","0.335457198958823","33.5457198958823"
"福建省2021","福建省","350581","石狮市","Shishi City","202110","2021","10","0.218355821460384","21.8355821460384"
"福建省2021","福建省","350582","晋江市","Jinjiang City","202110","2021","10","0.344702364827329","34.4702364827329"
"福建省2021","福建省","350583","南安市","Nan'an City","202110","2021","10","0.260499200271117","26.0499200271117"
"福建省2021","福建省","350602","芗城区","Xiangcheng District","202110","2021","10","0.151666633775608","15.1666633775608"
"福建省2021","福建省","350603","龙文区","Longwen District","202110","2021","10","0.206103226564158","20.6103226564158"
"福建省2021","福建省","350622","云霄县","Yunxiao County","202110","2021","10","0.290555351660737","29.0555351660737"
"福建省2021","福建省","350623","漳浦县","Zhangpu County","202110","2021","10","0.178355575867294","17.8355575867294"
"福建省2021","福建省","350624","诏安县","Zhao'an County","202110","2021","10","0.180995275340734","18.0995275340734"
"福建省2021","福建省","350625","长泰县","Changtai County","202110","2021","10","0.158510091945687","15.8510091945687"
"福建省2021","福建省","350626","东山县","Dongshan County","202110","2021","10","0.19948138768723","19.948138768723"
"福建省2021","福建省","350627","南靖县","Nanjing County","202110","2021","10","0.142435392904133","14.2435392904133"
"福建省2021","福建省","350628","平和县","Pinghe County","202110","2021","10","0.182599993978608","18.2599993978608"
"福建省2021","福建省","350629","华安县","Hua'an County","202110","2021","10","0.175042121402874","17.5042121402874"
"福建省2021","福建省","350681","龙海市","Longhai  City","202110","2021","10","0.240063138259697","24.0063138259697"
"福建省2021","福建省","350702","延平区","Yanping District","202110","2021","10","0.105577946083124","10.5577946083124"
"福建省2021","福建省","350721","顺昌县","Shunchang County","202110","2021","10","0.153646061424505","15.3646061424505"
"福建省2021","福建省","350722","浦城县","Pucheng County","202110","2021","10","0.123044828579767","12.3044828579767"
"福建省2021","福建省","350723","光泽县","Guangze County","202110","2021","10","0.122443095642422","12.2443095642422"
"福建省2021","福建省","350724","松溪县","Songxi County","202110","2021","10","0.124479505688163","12.4479505688163"
"福建省2021","福建省","350725","政和县","Zhenghe County","202110","2021","10","0.122325660370242","12.2325660370242"
"福建省2021","福建省","350781","邵武市","Shaowu City","202110","2021","10","0.12342057800101","12.342057800101"
"福建省2021","福建省","350782","武夷山市","Wuyishan City","202110","2021","10","0.131266463625077","13.1266463625077"
"福建省2021","福建省","350783","建瓯市","Jian'ou City","202110","2021","10","0.19633539985158","19.633539985158"
"福建省2021","福建省","350784","建阳市","Jianyang City","202110","2021","10","0.144714631944909","14.4714631944909"
"福建省2021","福建省","350802","新罗区","Xinluo District","202110","2021","10","0.192513506538278","19.2513506538278"
"福建省2021","福建省","350821","长汀县","Changting County","202110","2021","10","0.194057416636354","19.4057416636354"
"福建省2021","福建省","350822","永定县","Yongding County","202110","2021","10","0.197872168243917","19.7872168243917"
"福建省2021","福建省","350823","上杭县","Shanghang County","202110","2021","10","0.191075900698034","19.1075900698034"
"福建省2021","福建省","350824","武平县","Wuping County","202110","2021","10","0.151024322089754","15.1024322089754"
"福建省2021","福建省","350825","连城县","Liancheng County","202110","2021","10","0.188766210179319","18.8766210179319"
"福建省2021","福建省","350881","漳平市","Zhangping City","202110","2021","10","0.156010387687941","15.6010387687941"
"福建省2021","福建省","350902","蕉城区","Jiaocheng District","202110","2021","10","0.27581953957125","27.581953957125"
"福建省2021","福建省","350921","霞浦县","Xiapu County","202110","2021","10","0.278152768110752","27.8152768110752"
"福建省2021","福建省","350922","古田县","Gutian County","202110","2021","10","0.279715535758623","27.9715535758623"
"福建省2021","福建省","350923","屏南县","Pingnan County","202110","2021","10","0.258542840395921","25.8542840395921"
"福建省2021","福建省","350924","寿宁县","Shouning County","202110","2021","10","0.238780434376094","23.8780434376094"
"福建省2021","福建省","350925","周宁县","Zhouning County","202110","2021","10","0.246752736716676","24.6752736716676"
"福建省2021","福建省","350926","柘荣县","Zherong County","202110","2021","10","0.249085995505991","24.9085995505991"
"福建省2021","福建省","350981","福安市","Fu'an City","202110","2021","10","0.278152768110752","27.8152768110752"
"福建省2021","福建省","350982","福鼎市","Fuding City","202110","2021","10","0.282773314224295","28.2773314224295"
"福建省2021","福建省","350102","鼓楼区","Gulou District","202111","2021","11","0.318338028890519","31.8338028890519"
"福建省2021","福建省","350103","台江区","Taijiang District","202111","2021","11","0.318338028890519","31.8338028890519"
"福建省2021","福建省","350104","仓山区","Cangshan District","202111","2021","11","0.263247256406335","26.3247256406335"
"福建省2021","福建省","350105","马尾区","Mawei District","202111","2021","11","0.268647560187225","26.8647560187225"
"福建省2021","福建省","350111","晋安区","Jin'an District","202111","2021","11","0.303092522126601","30.3092522126601"
"福建省2021","福建省","350121","闽侯县","Minhou County","202111","2021","11","0.272859174668511","27.2859174668511"
"福建省2021","福建省","350122","连江县","Lianjiang County","202111","2021","11","0.316397843498413","31.6397843498413"
"福建省2021","福建省","350123","罗源县","Luoyuan County","202111","2021","11","0.310886833653638","31.0886833653638"
"福建省2021","福建省","350124","闽清县","Minqing County","202111","2021","11","0.316715643445471","31.6715643445471"
"福建省2021","福建省","350125","永泰县","Yongtai County","202111","2021","11","0.269632243834516","26.9632243834516"
"福建省2021","福建省","350128","平潭县","Pingtan County","202111","2021","11","0.310886833653638","31.0886833653638"
"福建省2021","福建省","350181","福清市","Fuqing City","202111","2021","11","0.312121147003815","31.2121147003815"
"福建省2021","福建省","350182","长乐市","Changle City","202111","2021","11","0.317305394707075","31.7305394707075"
"福建省2021","福建省","350203","思明区","Siming District","202111","2021","11","0.271588061046409","27.1588061046409"
"福建省2021","福建省","350205","海沧区","Haicang District","202111","2021","11","0.26445839840012","26.445839840012"
"福建省2021","福建省","350206","湖里区","Huli District","202111","2021","11","0.299620037981122","29.9620037981122"
"福建省2021","福建省","350211","集美区","Jimei District","202111","2021","11","0.287850472091259","28.7850472091259"
"福建省2021","福建省","350212","同安区","Tong'an District","202111","2021","11","0.268573310647397","26.8573310647397"
"福建省2021","福建省","350213","翔安区","Xiang'an District","202111","2021","11","0.258186823935714","25.8186823935714"
"福建省2021","福建省","350302","城厢区","Chengxiang District","202111","2021","11","0.30360146147238","30.360146147238"
"福建省2021","福建省","350303","涵江区","Hanjiang District","202111","2021","11","0.25927882016792","25.927882016792"
"福建省2021","福建省","350304","荔城区","Licheng District","202111","2021","11","0.284956931774365","28.4956931774365"
"福建省2021","福建省","350305","秀屿区","Xiuyu District","202111","2021","11","0.20934497155634","20.934497155634"
"福建省2021","福建省","350322","仙游县","Xianyou County","202111","2021","11","0.234812499551238","23.4812499551238"
"福建省2021","福建省","350402","梅列区","Melie district","202111","2021","11","0.324583507849988","32.4583507849988"
"福建省2021","福建省","350403","三元区","Sanyuan District","202111","2021","11","0.346085334006191","34.6085334006191"
"福建省2021","福建省","350421","明溪县","Mingxi County","202111","2021","11","0.300537475378514","30.0537475378514"
"福建省2021","福建省","350423","清流县","Qingliu County","202111","2021","11","0.247420100747265","24.7420100747265"
"福建省2021","福建省","350424","宁化县","Ninghua County","202111","2021","11","0.291887343488871","29.1887343488871"
"福建省2021","福建省","350425","大田县","Datian County","202111","2021","11","0.322242728773949","32.2242728773949"
"福建省2021","福建省","350426","尤溪县","Youxi County","202111","2021","11","0.259912770988925","25.9912770988925"
"福建省2021","福建省","350427","沙县","Sha County","202111","2021","11","0.320243531497577","32.0243531497577"
"福建省2021","福建省","350428","将乐县","Jiangle County","202111","2021","11","0.303989741649295","30.3989741649295"
"福建省2021","福建省","350429","泰宁县","Taining County","202111","2021","11","0.257607884690435","25.7607884690435"
"福建省2021","福建省","350430","建宁县","Jianning County","202111","2021","11","0.332153356601498","33.2153356601498"
"福建省2021","福建省","350481","永安市","Yong'an City","202111","2021","11","0.286230218799664","28.6230218799664"
"福建省2021","福建省","350502","鲤城区","Licheng District","202111","2021","11","0.264948305113857","26.4948305113857"
"福建省2021","福建省","350503","丰泽区","Fengze District","202111","2021","11","0.296275474792836","29.6275474792836"
"福建省2021","福建省","350504","洛江区","Luojiang District","202111","2021","11","0.309281378936994","30.9281378936994"
"福建省2021","福建省","350505","泉港区","Quangang District","202111","2021","11","0.260499200271117","26.0499200271117"
"福建省2021","福建省","350521","惠安县","Hui'an County","202111","2021","11","0.264792183081444","26.4792183081444"
"福建省2021","福建省","350524","安溪县","Anxi County","202111","2021","11","0.260525647773872","26.0525647773872"
"福建省2021","福建省","350525","永春县","Yongchun County","202111","2021","11","0.260151744507854","26.0151744507854"
"福建省2021","福建省","350526","德化县","Dehua County","202111","2021","11","0.254632030050361","25.4632030050361"
"福建省2021","福建省","350527","金门县","Kinmen County","202111","2021","11","0.24584599125302","24.584599125302"
"福建省2021","福建省","350581","石狮市","Shishi City","202111","2021","11","0.218355821460384","21.8355821460384"
"福建省2021","福建省","350582","晋江市","Jinjiang City","202111","2021","11","0.345483927400156","34.5483927400156"
"福建省2021","福建省","350583","南安市","Nan'an City","202111","2021","11","0.260628874800775","26.0628874800775"
"福建省2021","福建省","350602","芗城区","Xiangcheng District","202111","2021","11","0.167218808555576","16.7218808555576"
"福建省2021","福建省","350603","龙文区","Longwen District","202111","2021","11","0.206103226564158","20.6103226564158"
"福建省2021","福建省","350622","云霄县","Yunxiao County","202111","2021","11","0.290555351660737","29.0555351660737"
"福建省2021","福建省","350623","漳浦县","Zhangpu County","202111","2021","11","0.183961288708467","18.3961288708467"
"福建省2021","福建省","350624","诏安县","Zhao'an County","202111","2021","11","0.176444740126622","17.6444740126622"
"福建省2021","福建省","350625","长泰县","Changtai County","202111","2021","11","0.163300785004722","16.3300785004722"
"福建省2021","福建省","350626","东山县","Dongshan County","202111","2021","11","0.199221685713434","19.9221685713434"
"福建省2021","福建省","350627","南靖县","Nanjing County","202111","2021","11","0.17302239458707","17.302239458707"
"福建省2021","福建省","350628","平和县","Pinghe County","202111","2021","11","0.176119174227694","17.6119174227694"
"福建省2021","福建省","350629","华安县","Hua'an County","202111","2021","11","0.175061674698357","17.5061674698357"
"福建省2021","福建省","350681","龙海市","Longhai  City","202111","2021","11","0.213897018344417","21.3897018344417"
"福建省2021","福建省","350702","延平区","Yanping District","202111","2021","11","0.0653846672697172","6.53846672697172"
"福建省2021","福建省","350721","顺昌县","Shunchang County","202111","2021","11","0.154445650135613","15.4445650135613"
"福建省2021","福建省","350722","浦城县","Pucheng County","202111","2021","11","0.123044828579767","12.3044828579767"
"福建省2021","福建省","350723","光泽县","Guangze County","202111","2021","11","0.118906745892759","11.8906745892759"
"福建省2021","福建省","350724","松溪县","Songxi County","202111","2021","11","0.137982678250432","13.7982678250432"
"福建省2021","福建省","350725","政和县","Zhenghe County","202111","2021","11","0.127028397057732","12.7028397057732"
"福建省2021","福建省","350781","邵武市","Shaowu City","202111","2021","11","0.145170626785486","14.5170626785486"
"福建省2021","福建省","350782","武夷山市","Wuyishan City","202111","2021","11","0.164174242841349","16.4174242841349"
"福建省2021","福建省","350783","建瓯市","Jian'ou City","202111","2021","11","0.226881199456539","22.6881199456539"
"福建省2021","福建省","350784","建阳市","Jianyang City","202111","2021","11","0.151388221834436","15.1388221834436"
"福建省2021","福建省","350802","新罗区","Xinluo District","202111","2021","11","0.216380702118119","21.6380702118119"
"福建省2021","福建省","350821","长汀县","Changting County","202111","2021","11","0.205237689595106","20.5237689595106"
"福建省2021","福建省","350822","永定县","Yongding County","202111","2021","11","0.197872168243917","19.7872168243917"
"福建省2021","福建省","350823","上杭县","Shanghang County","202111","2021","11","0.184213441979046","18.4213441979046"
"福建省2021","福建省","350824","武平县","Wuping County","202111","2021","11","0.151019421620125","15.1019421620125"
"福建省2021","福建省","350825","连城县","Liancheng County","202111","2021","11","0.20064319315345","20.064319315345"
"福建省2021","福建省","350881","漳平市","Zhangping City","202111","2021","11","0.119450310273945","11.9450310273945"
"福建省2021","福建省","350902","蕉城区","Jiaocheng District","202111","2021","11","0.275755583217628","27.5755583217628"
"福建省2021","福建省","350921","霞浦县","Xiapu County","202111","2021","11","0.278152768110752","27.8152768110752"
"福建省2021","福建省","350922","古田县","Gutian County","202111","2021","11","0.297531524924963","29.7531524924963"
"福建省2021","福建省","350923","屏南县","Pingnan County","202111","2021","11","0.260943049353636","26.0943049353636"
"福建省2021","福建省","350924","寿宁县","Shouning County","202111","2021","11","0.236222391063245","23.6222391063245"
"福建省2021","福建省","350925","周宁县","Zhouning County","202111","2021","11","0.246761077414984","24.6761077414984"
"福建省2021","福建省","350926","柘荣县","Zherong County","202111","2021","11","0.238262939833336","23.8262939833336"
"福建省2021","福建省","350981","福安市","Fu'an City","202111","2021","11","0.278152768110752","27.8152768110752"
"福建省2021","福建省","350982","福鼎市","Fuding City","202111","2021","11","0.280762278271295","28.0762278271295"
"福建省2021","福建省","350102","鼓楼区","Gulou District","202112","2021","12","0.318338028890519","31.8338028890519"
"福建省2021","福建省","350103","台江区","Taijiang District","202112","2021","12","0.318338028890519","31.8338028890519"
"福建省2021","福建省","350104","仓山区","Cangshan District","202112","2021","12","0.262373435571958","26.2373435571958"
"福建省2021","福建省","350105","马尾区","Mawei District","202112","2021","12","0.266997357747911","26.6997357747911"
"福建省2021","福建省","350111","晋安区","Jin'an District","202112","2021","12","0.303439977889863","30.3439977889863"
"福建省2021","福建省","350121","闽侯县","Minhou County","202112","2021","12","0.273648996356818","27.3648996356818"
"福建省2021","福建省","350122","连江县","Lianjiang County","202112","2021","12","0.316745299261675","31.6745299261675"
"福建省2021","福建省","350123","罗源县","Luoyuan County","202112","2021","12","0.310886833653638","31.0886833653638"
"福建省2021","福建省","350124","闽清县","Minqing County","202112","2021","12","0.316828824494016","31.6828824494016"
"福建省2021","福建省","350125","永泰县","Yongtai County","202112","2021","12","0.257767175619874","25.7767175619874"
"福建省2021","福建省","350128","平潭县","Pingtan County","202112","2021","12","0.309786604889121","30.9786604889121"
"福建省2021","福建省","350181","福清市","Fuqing City","202112","2021","12","0.312121147003815","31.2121147003815"
"福建省2021","福建省","350182","长乐市","Changle City","202112","2021","12","0.317357321718584","31.7357321718584"
"福建省2021","福建省","350203","思明区","Siming District","202112","2021","12","0.260769971842974","26.0769971842974"
"福建省2021","福建省","350205","海沧区","Haicang District","202112","2021","12","0.251895888674633","25.1895888674633"
"福建省2021","福建省","350206","湖里区","Huli District","202112","2021","12","0.258250416374925","25.8250416374925"
"福建省2021","福建省","350211","集美区","Jimei District","202112","2021","12","0.257940654628048","25.7940654628048"
"福建省2021","福建省","350212","同安区","Tong'an District","202112","2021","12","0.269931981893515","26.9931981893515"
"福建省2021","福建省","350213","翔安区","Xiang'an District","202112","2021","12","0.258002040664267","25.8002040664267"
"福建省2021","福建省","350302","城厢区","Chengxiang District","202112","2021","12","0.30360146147238","30.360146147238"
"福建省2021","福建省","350303","涵江区","Hanjiang District","202112","2021","12","0.227276704755341","22.7276704755341"
"福建省2021","福建省","350304","荔城区","Licheng District","202112","2021","12","0.265415830632971","26.5415830632971"
"福建省2021","福建省","350305","秀屿区","Xiuyu District","202112","2021","12","0.211873700050871","21.1873700050871"
"福建省2021","福建省","350322","仙游县","Xianyou County","202112","2021","12","0.227145738650355","22.7145738650355"
"福建省2021","福建省","350402","梅列区","Melie district","202112","2021","12","0.302964155672169","30.2964155672169"
"福建省2021","福建省","350403","三元区","Sanyuan District","202112","2021","12","0.323852426714296","32.3852426714296"
"福建省2021","福建省","350421","明溪县","Mingxi County","202112","2021","12","0.271858033289886","27.1858033289886"
"福建省2021","福建省","350423","清流县","Qingliu County","202112","2021","12","0.256543116039482","25.6543116039482"
"福建省2021","福建省","350424","宁化县","Ninghua County","202112","2021","12","0.289580016122177","28.9580016122177"
"福建省2021","福建省","350425","大田县","Datian County","202112","2021","12","0.260787618483606","26.0787618483606"
"福建省2021","福建省","350426","尤溪县","Youxi County","202112","2021","12","0.259228610062438","25.9228610062438"
"福建省2021","福建省","350427","沙县","Sha County","202112","2021","12","0.320243531497577","32.0243531497577"
"福建省2021","福建省","350428","将乐县","Jiangle County","202112","2021","12","0.303393634260418","30.3393634260418"
"福建省2021","福建省","350429","泰宁县","Taining County","202112","2021","12","0.291987948865356","29.1987948865356"
"福建省2021","福建省","350430","建宁县","Jianning County","202112","2021","12","0.314943899092762","31.4943899092762"
"福建省2021","福建省","350481","永安市","Yong'an City","202112","2021","12","0.282871759030837","28.2871759030837"
"福建省2021","福建省","350502","鲤城区","Licheng District","202112","2021","12","0.264948305113857","26.4948305113857"
"福建省2021","福建省","350503","丰泽区","Fengze District","202112","2021","12","0.336255027680839","33.6255027680839"
"福建省2021","福建省","350504","洛江区","Luojiang District","202112","2021","12","0.309249097803727","30.9249097803727"
"福建省2021","福建省","350505","泉港区","Quangang District","202112","2021","12","0.262995409300525","26.2995409300525"
"福建省2021","福建省","350521","惠安县","Hui'an County","202112","2021","12","0.264792183081444","26.4792183081444"
"福建省2021","福建省","350524","安溪县","Anxi County","202112","2021","12","0.260525647773872","26.0525647773872"
"福建省2021","福建省","350525","永春县","Yongchun County","202112","2021","12","0.260151744507854","26.0151744507854"
"福建省2021","福建省","350526","德化县","Dehua County","202112","2021","12","0.254632030050361","25.4632030050361"
"福建省2021","福建省","350527","金门县","Kinmen County","202112","2021","12","0.292973051426717","29.2973051426717"
"福建省2021","福建省","350581","石狮市","Shishi City","202112","2021","12","0.216536842483751","21.6536842483751"
"福建省2021","福建省","350582","晋江市","Jinjiang City","202112","2021","12","0.336062907454863","33.6062907454863"
"福建省2021","福建省","350583","南安市","Nan'an City","202112","2021","12","0.260499200271117","26.0499200271117"
"福建省2021","福建省","350602","芗城区","Xiangcheng District","202112","2021","12","0.151666633775608","15.1666633775608"
"福建省2021","福建省","350603","龙文区","Longwen District","202112","2021","12","0.206103226564158","20.6103226564158"
"福建省2021","福建省","350622","云霄县","Yunxiao County","202112","2021","12","0.290555351660737","29.0555351660737"
"福建省2021","福建省","350623","漳浦县","Zhangpu County","202112","2021","12","0.178338069475792","17.8338069475792"
"福建省2021","福建省","350624","诏安县","Zhao'an County","202112","2021","12","0.183887959496268","18.3887959496268"
"福建省2021","福建省","350625","长泰县","Changtai County","202112","2021","12","0.154021612846974","15.4021612846974"
"福建省2021","福建省","350626","东山县","Dongshan County","202112","2021","12","0.196974381308073","19.6974381308073"
"福建省2021","福建省","350627","南靖县","Nanjing County","202112","2021","12","0.151044987295012","15.1044987295012"
"福建省2021","福建省","350628","平和县","Pinghe County","202112","2021","12","0.176131073403948","17.6131073403948"
"福建省2021","福建省","350629","华安县","Hua'an County","202112","2021","12","0.175040929743593","17.5040929743593"
"福建省2021","福建省","350681","龙海市","Longhai  City","202112","2021","12","0.164461652726754","16.4461652726754"
"福建省2021","福建省","350702","延平区","Yanping District","202112","2021","12","0.0789360745330453","7.89360745330453"
"福建省2021","福建省","350721","顺昌县","Shunchang County","202112","2021","12","0.153646061424505","15.3646061424505"
"福建省2021","福建省","350722","浦城县","Pucheng County","202112","2021","12","0.123044828579767","12.3044828579767"
"福建省2021","福建省","350723","光泽县","Guangze County","202112","2021","12","0.121212138188113","12.1212138188113"
"福建省2021","福建省","350724","松溪县","Songxi County","202112","2021","12","0.139352243095703","13.9352243095703"
"福建省2021","福建省","350725","政和县","Zhenghe County","202112","2021","12","0.127028397057732","12.7028397057732"
"福建省2021","福建省","350781","邵武市","Shaowu City","202112","2021","12","0.138022179922282","13.8022179922282"
"福建省2021","福建省","350782","武夷山市","Wuyishan City","202112","2021","12","0.159028193318017","15.9028193318017"
"福建省2021","福建省","350783","建瓯市","Jian'ou City","202112","2021","12","0.123044828579767","12.3044828579767"
"福建省2021","福建省","350784","建阳市","Jianyang City","202112","2021","12","0.145521051613681","14.5521051613681"
"福建省2021","福建省","350802","新罗区","Xinluo District","202112","2021","12","0.185292800206245","18.5292800206245"
"福建省2021","福建省","350821","长汀县","Changting County","202112","2021","12","0.20064319315345","20.064319315345"
"福建省2021","福建省","350822","永定县","Yongding County","202112","2021","12","0.197872168243917","19.7872168243917"
"福建省2021","福建省","350823","上杭县","Shanghang County","202112","2021","12","0.193392761338978","19.3392761338978"
"福建省2021","福建省","350824","武平县","Wuping County","202112","2021","12","0.117411680075297","11.7411680075297"
"福建省2021","福建省","350825","连城县","Liancheng County","202112","2021","12","0.171948670158288","17.1948670158288"
"福建省2021","福建省","350881","漳平市","Zhangping City","202112","2021","12","0.119449261613778","11.9449261613778"
"福建省2021","福建省","350902","蕉城区","Jiaocheng District","202112","2021","12","0.275755583217628","27.5755583217628"
"福建省2021","福建省","350921","霞浦县","Xiapu County","202112","2021","12","0.278152768110752","27.8152768110752"
"福建省2021","福建省","350922","古田县","Gutian County","202112","2021","12","0.313828494088968","31.3828494088968"
"福建省2021","福建省","350923","屏南县","Pingnan County","202112","2021","12","0.24203736202418","24.203736202418"
"福建省2021","福建省","350924","寿宁县","Shouning County","202112","2021","12","0.238432342450107","23.8432342450107"
"福建省2021","福建省","350925","周宁县","Zhouning County","202112","2021","12","0.246547270823412","24.6547270823412"
"福建省2021","福建省","350926","柘荣县","Zherong County","202112","2021","12","0.26791454214687","26.791454214687"
"福建省2021","福建省","350981","福安市","Fu'an City","202112","2021","12","0.27717599799775","27.717599799775"
"福建省2021","福建省","350982","福鼎市","Fuding City","202112","2021","12","0.27834221168665","27.834221168665"
