"year","county_cn","official_area_cn","source_title","source_url","variable_group","gdp_100m_yuan","primary_industry_100m_yuan","secondary_industry_100m_yuan","tertiary_industry_100m_yuan","industry_100m_yuan","construction_100m_yuan","per_capita_gdp_yuan","resident_population_10k","urban_population_10k","rural_population_10k","urbanization_rate_pct","fixed_asset_investment_100m_yuan","fixed_asset_investment_growth_pct","real_estate_development_100m_yuan","real_estate_development_growth_pct","budget_revenue_10k_yuan","vat_10k_yuan","enterprise_income_tax_10k_yuan","individual_income_tax_10k_yuan","budget_expenditure_10k_yuan","general_public_service_exp_10k_yuan","education_exp_10k_yuan","science_technology_exp_10k_yuan","agri_forestry_water_exp_10k_yuan","industrial_va_growth_pct","light_industry_growth_pct","heavy_industry_growth_pct","retail_sales_100m_yuan","retail_sales_growth_pct"
"2013","安溪县","安溪县","22-6 固定资产投资（不含农户）（2013年）","https://tjj.fujian.gov.cn/tongjinianjian/dz2014/cn/html/2206.htm","fixed_asset_investment",,,,,,,,,,,,"180.44","29.5","137.35","27",,,,,,,,,,,,,,
"2013","安溪县","安溪县","22-1 地区生产总值（2013年）","https://tjj.fujian.gov.cn/tongjinianjian/dz2014/cn/html/2201.htm","gdp","381.23","33.81","212.05","188.28","23.77","135.37","38376",,,,,,,,,,,,,,,,,,,,,,
"2013","安溪县","安溪县","22-4 年末常住人口数（2013年）","https://tjj.fujian.gov.cn/tongjinianjian/dz2014/cn/html/2204.htm","population",,,,,,,,"99.5","38.2","61.3","38.4",,,,,,,,,,,,,,,,,,
"2013","安溪县","安溪县","22-20 社会消费品零售总额（2013年）","https://tjj.fujian.gov.cn/tongjinianjian/dz2014/cn/html/2220.htm","retail_sales",,,,,,,,,,,,,,,,,,,,,,,,,,,,"1415910","14.1"
"2013","仓山区","仓山区","22-6 固定资产投资（不含农户）（2013年）","https://tjj.fujian.gov.cn/tongjinianjian/dz2014/cn/html/2206.htm","fixed_asset_investment",,,,,,,,,,,,"374.93","13.2","86.71","-23.2",,,,,,,,,,,,,,
"2013","仓山区","仓山区","22-1 地区生产总值（2013年）","https://tjj.fujian.gov.cn/tongjinianjian/dz2014/cn/html/2201.htm","gdp","356.6","2.78","203.97","187.27","16.7","149.85","45427",,,,,,,,,,,,,,,,,,,,,,
"2013","仓山区","仓山区","22-4 年末常住人口数（2013年）","https://tjj.fujian.gov.cn/tongjinianjian/dz2014/cn/html/2204.htm","population",,,,,,,,"79","79",,"100",,,,,,,,,,,,,,,,,,
"2013","仓山区","仓山区","22-20 社会消费品零售总额（2013年）","https://tjj.fujian.gov.cn/tongjinianjian/dz2014/cn/html/2220.htm","retail_sales",,,,,,,,,,,,,,,,,,,,,,,,,,,,"2865826","17.2"
"2013","城厢区","城厢区","22-6 固定资产投资（不含农户）（2013年）","https://tjj.fujian.gov.cn/tongjinianjian/dz2014/cn/html/2206.htm","fixed_asset_investment",,,,,,,,,,,,"160.24","24.9","74.54","59.8",,,,,,,,,,,,,,
"2013","城厢区","城厢区","22-1 地区生产总值（2013年）","https://tjj.fujian.gov.cn/tongjinianjian/dz2014/cn/html/2201.htm","gdp","233.39","12.15","102.3","70.32","31.98","118.94","55504",,,,,,,,,,,,,,,,,,,,,,
"2013","城厢区","城厢区","22-4 年末常住人口数（2013年）","https://tjj.fujian.gov.cn/tongjinianjian/dz2014/cn/html/2204.htm","population",,,,,,,,"42.3","28.4","13.9","67.1",,,,,,,,,,,,,,,,,,
"2013","城厢区","城厢区","22-20 社会消费品零售总额（2013年）","https://tjj.fujian.gov.cn/tongjinianjian/dz2014/cn/html/2220.htm","retail_sales",,,,,,,,,,,,,,,,,,,,,,,,,,,,"1224433","14.2"
"2013","大田县","大田县","22-6 固定资产投资（不含农户）（2013年）","https://tjj.fujian.gov.cn/tongjinianjian/dz2014/cn/html/2206.htm","fixed_asset_investment",,,,,,,,,,,,"157.73","31.6","140.79","27.9",,,,,,,,,,,,,,
"2013","大田县","大田县","22-1 地区生产总值（2013年）","https://tjj.fujian.gov.cn/tongjinianjian/dz2014/cn/html/2201.htm","gdp","135.3","24.97","73.04","65.19","7.85","37.29","43529",,,,,,,,,,,,,,,,,,,,,,
"2013","大田县","大田县","22-4 年末常住人口数（2013年）","https://tjj.fujian.gov.cn/tongjinianjian/dz2014/cn/html/2204.htm","population",,,,,,,,"31.1","13.9","17.2","44.7",,,,,,,,,,,,,,,,,,
"2013","大田县","大田县","22-20 社会消费品零售总额（2013年）","https://tjj.fujian.gov.cn/tongjinianjian/dz2014/cn/html/2220.htm","retail_sales",,,,,,,,,,,,,,,,,,,,,,,,,,,,"340595","14.7"
"2013","德化县","德化县","22-6 固定资产投资（不含农户）（2013年）","https://tjj.fujian.gov.cn/tongjinianjian/dz2014/cn/html/2206.htm","fixed_asset_investment",,,,,,,,,,,,"67.57","25.5","47.19","-2.7",,,,,,,,,,,,,,
"2013","德化县","德化县","22-1 地区生产总值（2013年）","https://tjj.fujian.gov.cn/tongjinianjian/dz2014/cn/html/2201.htm","gdp","154.74","9.65","92.34","72.44","19.9","52.75","54753",,,,,,,,,,,,,,,,,,,,,,
"2013","德化县","德化县","22-4 年末常住人口数（2013年）","https://tjj.fujian.gov.cn/tongjinianjian/dz2014/cn/html/2204.htm","population",,,,,,,,"28.3","20.5","7.8","72.4",,,,,,,,,,,,,,,,,,
"2013","德化县","德化县","22-20 社会消费品零售总额（2013年）","https://tjj.fujian.gov.cn/tongjinianjian/dz2014/cn/html/2220.htm","retail_sales",,,,,,,,,,,,,,,,,,,,,,,,,,,,"486533","9.7"
"2013","东山县","东山县","22-6 固定资产投资（不含农户）（2013年）","https://tjj.fujian.gov.cn/tongjinianjian/dz2014/cn/html/2206.htm","fixed_asset_investment",,,,,,,,,,,,"117.43","35.4","82.94","22.1",,,,,,,,,,,,,,
"2013","东山县","东山县","22-1 地区生产总值（2013年）","https://tjj.fujian.gov.cn/tongjinianjian/dz2014/cn/html/2201.htm","gdp","126.8","28.8","59.97","52.9","7.07","38.03","58620",,,,,,,,,,,,,,,,,,,,,,
"2013","东山县","东山县","22-4 年末常住人口数（2013年）","https://tjj.fujian.gov.cn/tongjinianjian/dz2014/cn/html/2204.htm","population",,,,,,,,"21.7","11.6","10.1","53.5",,,,,,,,,,,,,,,,,,
"2013","东山县","东山县","22-20 社会消费品零售总额（2013年）","https://tjj.fujian.gov.cn/tongjinianjian/dz2014/cn/html/2220.htm","retail_sales",,,,,,,,,,,,,,,,,,,,,,,,,,,,"351217","10.6"
"2013","丰泽区","丰泽区","22-6 固定资产投资（不含农户）（2013年）","https://tjj.fujian.gov.cn/tongjinianjian/dz2014/cn/html/2206.htm","fixed_asset_investment",,,,,,,,,,,,"190.71","23.1","58.15","-29.2",,,,,,,,,,,,,,
"2013","丰泽区","丰泽区","22-1 地区生产总值（2013年）","https://tjj.fujian.gov.cn/tongjinianjian/dz2014/cn/html/2201.htm","gdp","413.36","1.46","166.12","119.74","46.38","245.78","75788",,,,,,,,,,,,,,,,,,,,,,
"2013","丰泽区","丰泽区","22-4 年末常住人口数（2013年）","https://tjj.fujian.gov.cn/tongjinianjian/dz2014/cn/html/2204.htm","population",,,,,,,,"54.8","54.8",,"100",,,,,,,,,,,,,,,,,,
"2013","丰泽区","丰泽区","22-20 社会消费品零售总额（2013年）","https://tjj.fujian.gov.cn/tongjinianjian/dz2014/cn/html/2220.htm","retail_sales",,,,,,,,,,,,,,,,,,,,,,,,,,,,"2209670","15.1"
"2013","福安市","福安市","22-6 固定资产投资（不含农户）（2013年）","https://tjj.fujian.gov.cn/tongjinianjian/dz2014/cn/html/2206.htm","fixed_asset_investment",,,,,,,,,,,,"163.41","62.8","138.77","65.1",,,,,,,,,,,,,,
"2013","福安市","福安市","22-1 地区生产总值（2013年）","https://tjj.fujian.gov.cn/tongjinianjian/dz2014/cn/html/2201.htm","gdp","307.02","38.39","190.36","172.94","17.42","78.27","54006",,,,,,,,,,,,,,,,,,,,,,
"2013","福安市","福安市","22-4 年末常住人口数（2013年）","https://tjj.fujian.gov.cn/tongjinianjian/dz2014/cn/html/2204.htm","population",,,,,,,,"56.8","34.6","22.2","60.9",,,,,,,,,,,,,,,,,,
"2013","福安市","福安市","22-20 社会消费品零售总额（2013年）","https://tjj.fujian.gov.cn/tongjinianjian/dz2014/cn/html/2220.htm","retail_sales",,,,,,,,,,,,,,,,,,,,,,,,,,,,"711288","12.3"
"2013","福鼎市","福鼎市","22-6 固定资产投资（不含农户）（2013年）","https://tjj.fujian.gov.cn/tongjinianjian/dz2014/cn/html/2206.htm","fixed_asset_investment",,,,,,,,,,,,"176.1","65.8","144.01","71.1",,,,,,,,,,,,,,
"2013","福鼎市","福鼎市","22-1 地区生产总值（2013年）","https://tjj.fujian.gov.cn/tongjinianjian/dz2014/cn/html/2201.htm","gdp","248.14","33.91","148.89","135.21","13.68","65.34","46467",,,,,,,,,,,,,,,,,,,,,,
"2013","福鼎市","福鼎市","22-4 年末常住人口数（2013年）","https://tjj.fujian.gov.cn/tongjinianjian/dz2014/cn/html/2204.htm","population",,,,,,,,"53.4","29.4","24","55.1",,,,,,,,,,,,,,,,,,
"2013","福鼎市","福鼎市","22-20 社会消费品零售总额（2013年）","https://tjj.fujian.gov.cn/tongjinianjian/dz2014/cn/html/2220.htm","retail_sales",,,,,,,,,,,,,,,,,,,,,,,,,,,,"645669","16.5"
"2013","福清市","福清市","22-6 固定资产投资（不含农户）（2013年）","https://tjj.fujian.gov.cn/tongjinianjian/dz2014/cn/html/2206.htm","fixed_asset_investment",,,,,,,,,,,,"549.41","19.2","454.28","14.2",,,,,,,,,,,,,,
"2013","福清市","福清市","22-1 地区生产总值（2013年）","https://tjj.fujian.gov.cn/tongjinianjian/dz2014/cn/html/2201.htm","gdp","667.82","88.22","341.58","275.07","66.51","238.02","53107",,,,,,,,,,,,,,,,,,,,,,
"2013","福清市","福清市","22-4 年末常住人口数（2013年）","https://tjj.fujian.gov.cn/tongjinianjian/dz2014/cn/html/2204.htm","population",,,,,,,,"126.2","56.8","69.41","45",,,,,,,,,,,,,,,,,,
"2013","福清市","福清市","22-20 社会消费品零售总额（2013年）","https://tjj.fujian.gov.cn/tongjinianjian/dz2014/cn/html/2220.htm","retail_sales",,,,,,,,,,,,,,,,,,,,,,,,,,,,"2513462","16.3"
"2013","古田县","古田县","22-6 固定资产投资（不含农户）（2013年）","https://tjj.fujian.gov.cn/tongjinianjian/dz2014/cn/html/2206.htm","fixed_asset_investment",,,,,,,,,,,,"46.42","65","40.51","67.3",,,,,,,,,,,,,,
"2013","古田县","古田县","22-1 地区生产总值（2013年）","https://tjj.fujian.gov.cn/tongjinianjian/dz2014/cn/html/2201.htm","gdp","125.36","34.8","51.26","43.52","7.74","39.3","38457",,,,,,,,,,,,,,,,,,,,,,
"2013","古田县","古田县","22-4 年末常住人口数（2013年）","https://tjj.fujian.gov.cn/tongjinianjian/dz2014/cn/html/2204.htm","population",,,,,,,,"32.6","13","19.6","39.9",,,,,,,,,,,,,,,,,,
"2013","古田县","古田县","22-20 社会消费品零售总额（2013年）","https://tjj.fujian.gov.cn/tongjinianjian/dz2014/cn/html/2220.htm","retail_sales",,,,,,,,,,,,,,,,,,,,,,,,,,,,"386606","16.3"
"2013","鼓楼区","鼓楼区","22-6 固定资产投资（不含农户）（2013年）","https://tjj.fujian.gov.cn/tongjinianjian/dz2014/cn/html/2206.htm","fixed_asset_investment",,,,,,,,,,,,"357.53","14.9","306.19","23.6",,,,,,,,,,,,,,
"2013","鼓楼区","鼓楼区","22-1 地区生产总值（2013年）","https://tjj.fujian.gov.cn/tongjinianjian/dz2014/cn/html/2201.htm","gdp","901.16",,"198.85","63.88","134.97","702.31","128719",,,,,,,,,,,,,,,,,,,,,,
"2013","鼓楼区","鼓楼区","22-4 年末常住人口数（2013年）","https://tjj.fujian.gov.cn/tongjinianjian/dz2014/cn/html/2204.htm","population",,,,,,,,"70.5","70.5",,"100",,,,,,,,,,,,,,,,,,
"2013","鼓楼区","鼓楼区","22-20 社会消费品零售总额（2013年）","https://tjj.fujian.gov.cn/tongjinianjian/dz2014/cn/html/2220.htm","retail_sales",,,,,,,,,,,,,,,,,,,,,,,,,,,,"7342878","15.1"
"2013","光泽县","光泽县","22-6 固定资产投资（不含农户）（2013年）","https://tjj.fujian.gov.cn/tongjinianjian/dz2014/cn/html/2206.htm","fixed_asset_investment",,,,,,,,,,,,"33.66","19.1","26.77","11.2",,,,,,,,,,,,,,
"2013","光泽县","光泽县","22-1 地区生产总值（2013年）","https://tjj.fujian.gov.cn/tongjinianjian/dz2014/cn/html/2201.htm","gdp","61.5","27.08","20.39","18.34","2.05","14.03","47308",,,,,,,,,,,,,,,,,,,,,,
"2013","光泽县","光泽县","22-4 年末常住人口数（2013年）","https://tjj.fujian.gov.cn/tongjinianjian/dz2014/cn/html/2204.htm","population",,,,,,,,"13","5.6","7.4","43.1",,,,,,,,,,,,,,,,,,
"2013","光泽县","光泽县","22-20 社会消费品零售总额（2013年）","https://tjj.fujian.gov.cn/tongjinianjian/dz2014/cn/html/2220.htm","retail_sales",,,,,,,,,,,,,,,,,,,,,,,,,,,,"147402","10.4"
"2013","海沧区","海沧区","22-6 固定资产投资（不含农户）（2013年）","https://tjj.fujian.gov.cn/tongjinianjian/dz2014/cn/html/2206.htm","fixed_asset_investment",,,,,,,,,,,,"240.8","13.8","170.69","25.9",,,,,,,,,,,,,,
"2013","海沧区","海沧区","22-1 地区生产总值（2013年）","https://tjj.fujian.gov.cn/tongjinianjian/dz2014/cn/html/2201.htm","gdp","424.46","1.68","294.45","276.88","17.57","128.33","137587",,,,,,,,,,,,,,,,,,,,,,
"2013","海沧区","海沧区","22-4 年末常住人口数（2013年）","https://tjj.fujian.gov.cn/tongjinianjian/dz2014/cn/html/2204.htm","population",,,,,,,,"31.2","28.3","2.9","90.7",,,,,,,,,,,,,,,,,,
"2013","海沧区","海沧区","22-20 社会消费品零售总额（2013年）","https://tjj.fujian.gov.cn/tongjinianjian/dz2014/cn/html/2220.htm","retail_sales",,,,,,,,,,,,,,,,,,,,,,,,,,,,"916538","24"
"2013","涵江区","涵江区","22-6 固定资产投资（不含农户）（2013年）","https://tjj.fujian.gov.cn/tongjinianjian/dz2014/cn/html/2206.htm","fixed_asset_investment",,,,,,,,,,,,"216.15","33.1","178.96","25.8",,,,,,,,,,,,,,
"2013","涵江区","涵江区","22-1 地区生产总值（2013年）","https://tjj.fujian.gov.cn/tongjinianjian/dz2014/cn/html/2201.htm","gdp","345.24","17.75","247.17","227.28","19.89","80.32","72455",,,,,,,,,,,,,,,,,,,,,,
"2013","涵江区","涵江区","22-4 年末常住人口数（2013年）","https://tjj.fujian.gov.cn/tongjinianjian/dz2014/cn/html/2204.htm","population",,,,,,,,"47.8","37.4","10.4","78.2",,,,,,,,,,,,,,,,,,
"2013","涵江区","涵江区","22-20 社会消费品零售总额（2013年）","https://tjj.fujian.gov.cn/tongjinianjian/dz2014/cn/html/2220.htm","retail_sales",,,,,,,,,,,,,,,,,,,,,,,,,,,,"873970","11.7"
"2013","湖里区","湖里区","22-6 固定资产投资（不含农户）（2013年）","https://tjj.fujian.gov.cn/tongjinianjian/dz2014/cn/html/2206.htm","fixed_asset_investment",,,,,,,,,,,,"239.35","-10.6","154.08","14.8",,,,,,,,,,,,,,
"2013","湖里区","湖里区","22-1 地区生产总值（2013年）","https://tjj.fujian.gov.cn/tongjinianjian/dz2014/cn/html/2201.htm","gdp","732.16",,"382.51","341","41.51","349.65","74711",,,,,,,,,,,,,,,,,,,,,,
"2013","湖里区","湖里区","22-4 年末常住人口数（2013年）","https://tjj.fujian.gov.cn/tongjinianjian/dz2014/cn/html/2204.htm","population",,,,,,,,"98.9","98.9",,"100",,,,,,,,,,,,,,,,,,
"2013","湖里区","湖里区","22-20 社会消费品零售总额（2013年）","https://tjj.fujian.gov.cn/tongjinianjian/dz2014/cn/html/2220.htm","retail_sales",,,,,,,,,,,,,,,,,,,,,,,,,,,,"2857344","15.8"
"2013","华安县","华安县","22-6 固定资产投资（不含农户）（2013年）","https://tjj.fujian.gov.cn/tongjinianjian/dz2014/cn/html/2206.htm","fixed_asset_investment",,,,,,,,,,,,"95.1","27.5","89.2","32.2",,,,,,,,,,,,,,
"2013","华安县","华安县","22-1 地区生产总值（2013年）","https://tjj.fujian.gov.cn/tongjinianjian/dz2014/cn/html/2201.htm","gdp","80.8","18.6","42.56","35.41","7.15","19.64","50330",,,,,,,,,,,,,,,,,,,,,,
"2013","华安县","华安县","22-4 年末常住人口数（2013年）","https://tjj.fujian.gov.cn/tongjinianjian/dz2014/cn/html/2204.htm","population",,,,,,,,"16.1","7.4","8.7","46",,,,,,,,,,,,,,,,,,
"2013","华安县","华安县","22-20 社会消费品零售总额（2013年）","https://tjj.fujian.gov.cn/tongjinianjian/dz2014/cn/html/2220.htm","retail_sales",,,,,,,,,,,,,,,,,,,,,,,,,,,,"184458","18.3"
"2013","惠安县","惠安县","22-6 固定资产投资（不含农户）（2013年）","https://tjj.fujian.gov.cn/tongjinianjian/dz2014/cn/html/2206.htm","fixed_asset_investment",,,,,,,,,,,,"395.33","27.2","360.78","25.5",,,,,,,,,,,,,,
"2013","惠安县","惠安县","22-1 地区生产总值（2013年）","https://tjj.fujian.gov.cn/tongjinianjian/dz2014/cn/html/2201.htm","gdp","619.87","28.39","408.25","348.35","59.9","183.23","64262",,,,,,,,,,,,,,,,,,,,,,
"2013","惠安县","惠安县","22-4 年末常住人口数（2013年）","https://tjj.fujian.gov.cn/tongjinianjian/dz2014/cn/html/2204.htm","population",,,,,,,,"96.9","50.9","46","52.5",,,,,,,,,,,,,,,,,,
"2013","惠安县","惠安县","22-20 社会消费品零售总额（2013年）","https://tjj.fujian.gov.cn/tongjinianjian/dz2014/cn/html/2220.htm","retail_sales",,,,,,,,,,,,,,,,,,,,,,,,,,,,"1637430","10.6"
"2013","集美区","集美区","22-6 固定资产投资（不含农户）（2013年）","https://tjj.fujian.gov.cn/tongjinianjian/dz2014/cn/html/2206.htm","fixed_asset_investment",,,,,,,,,,,,"279.57","2.3","125.29","-12.5",,,,,,,,,,,,,,
"2013","集美区","集美区","22-1 地区生产总值（2013年）","https://tjj.fujian.gov.cn/tongjinianjian/dz2014/cn/html/2201.htm","gdp","402.17","2.72","234.84","193.72","41.12","164.61","65713",,,,,,,,,,,,,,,,,,,,,,
"2013","集美区","集美区","22-4 年末常住人口数（2013年）","https://tjj.fujian.gov.cn/tongjinianjian/dz2014/cn/html/2204.htm","population",,,,,,,,"61.7","53.1","8.6","86.1",,,,,,,,,,,,,,,,,,
"2013","集美区","集美区","22-20 社会消费品零售总额（2013年）","https://tjj.fujian.gov.cn/tongjinianjian/dz2014/cn/html/2220.htm","retail_sales",,,,,,,,,,,,,,,,,,,,,,,,,,,,"902855","19.7"
"2013","建宁县","建宁县","22-6 固定资产投资（不含农户）（2013年）","https://tjj.fujian.gov.cn/tongjinianjian/dz2014/cn/html/2206.htm","fixed_asset_investment",,,,,,,,,,,,"66.13","34.8","61.5","34.6",,,,,,,,,,,,,,
"2013","建宁县","建宁县","22-1 地区生产总值（2013年）","https://tjj.fujian.gov.cn/tongjinianjian/dz2014/cn/html/2201.htm","gdp","66.9","16.24","34.12","17.84","16.28","16.54","55493",,,,,,,,,,,,,,,,,,,,,,
"2013","建宁县","建宁县","22-4 年末常住人口数（2013年）","https://tjj.fujian.gov.cn/tongjinianjian/dz2014/cn/html/2204.htm","population",,,,,,,,"12.1","4.6","7.5","38",,,,,,,,,,,,,,,,,,
"2013","建宁县","建宁县","22-20 社会消费品零售总额（2013年）","https://tjj.fujian.gov.cn/tongjinianjian/dz2014/cn/html/2220.htm","retail_sales",,,,,,,,,,,,,,,,,,,,,,,,,,,,"142763","14.9"
"2013","建瓯市","建瓯市","22-6 固定资产投资（不含农户）（2013年）","https://tjj.fujian.gov.cn/tongjinianjian/dz2014/cn/html/2206.htm","fixed_asset_investment",,,,,,,,,,,,"174.68","65.8","155.58","65.8",,,,,,,,,,,,,,
"2013","建瓯市","建瓯市","22-1 地区生产总值（2013年）","https://tjj.fujian.gov.cn/tongjinianjian/dz2014/cn/html/2201.htm","gdp","158.39","46.58","58.06","49.06","9","53.75","34887",,,,,,,,,,,,,,,,,,,,,,
"2013","建瓯市","建瓯市","22-4 年末常住人口数（2013年）","https://tjj.fujian.gov.cn/tongjinianjian/dz2014/cn/html/2204.htm","population",,,,,,,,"45.3","20.3","25","44.8",,,,,,,,,,,,,,,,,,
"2013","建瓯市","建瓯市","22-20 社会消费品零售总额（2013年）","https://tjj.fujian.gov.cn/tongjinianjian/dz2014/cn/html/2220.htm","retail_sales",,,,,,,,,,,,,,,,,,,,,,,,,,,,"575379","16.2"
"2013","建阳市","建阳市","22-6 固定资产投资（不含农户）（2013年）","https://tjj.fujian.gov.cn/tongjinianjian/dz2014/cn/html/2206.htm","fixed_asset_investment",,,,,,,,,,,,"178.68","38.5","144.39","30.5",,,,,,,,,,,,,,
"2013","建阳市","建阳市","22-1 地区生产总值（2013年）","https://tjj.fujian.gov.cn/tongjinianjian/dz2014/cn/html/2201.htm","gdp","125.18","30.42","60.6","50.66","9.94","34.16","43019",,,,,,,,,,,,,,,,,,,,,,
"2013","建阳市","建阳市","22-4 年末常住人口数（2013年）","https://tjj.fujian.gov.cn/tongjinianjian/dz2014/cn/html/2204.htm","population",,,,,,,,"29.1","15.7","13.4","54",,,,,,,,,,,,,,,,,,
"2013","建阳市","建阳市","22-20 社会消费品零售总额（2013年）","https://tjj.fujian.gov.cn/tongjinianjian/dz2014/cn/html/2220.htm","retail_sales",,,,,,,,,,,,,,,,,,,,,,,,,,,,"403278","15.5"
"2013","将乐县","将乐县","22-6 固定资产投资（不含农户）（2013年）","https://tjj.fujian.gov.cn/tongjinianjian/dz2014/cn/html/2206.htm","fixed_asset_investment",,,,,,,,,,,,"76.16","29","60.5","29.5",,,,,,,,,,,,,,
"2013","将乐县","将乐县","22-1 地区生产总值（2013年）","https://tjj.fujian.gov.cn/tongjinianjian/dz2014/cn/html/2201.htm","gdp","88.27","15.18","47.56","35.88","11.68","25.53","59242",,,,,,,,,,,,,,,,,,,,,,
"2013","将乐县","将乐县","22-4 年末常住人口数（2013年）","https://tjj.fujian.gov.cn/tongjinianjian/dz2014/cn/html/2204.htm","population",,,,,,,,"14.9","7.4","7.5","49.7",,,,,,,,,,,,,,,,,,
"2013","将乐县","将乐县","22-20 社会消费品零售总额（2013年）","https://tjj.fujian.gov.cn/tongjinianjian/dz2014/cn/html/2220.htm","retail_sales",,,,,,,,,,,,,,,,,,,,,,,,,,,,"180397","16.7"
"2013","蕉城区","蕉城区","22-6 固定资产投资（不含农户）（2013年）","https://tjj.fujian.gov.cn/tongjinianjian/dz2014/cn/html/2206.htm","fixed_asset_investment",,,,,,,,,,,,"238.47","80.1","124.04","96.6",,,,,,,,,,,,,,
"2013","蕉城区","蕉城区","22-1 地区生产总值（2013年）","https://tjj.fujian.gov.cn/tongjinianjian/dz2014/cn/html/2201.htm","gdp","214.67","30.76","93.99","54.21","39.78","89.92","48943",,,,,,,,,,,,,,,,,,,,,,
"2013","蕉城区","蕉城区","22-4 年末常住人口数（2013年）","https://tjj.fujian.gov.cn/tongjinianjian/dz2014/cn/html/2204.htm","population",,,,,,,,"43.9","27.3","16.6","62.2",,,,,,,,,,,,,,,,,,
"2013","蕉城区","蕉城区","22-20 社会消费品零售总额（2013年）","https://tjj.fujian.gov.cn/tongjinianjian/dz2014/cn/html/2220.htm","retail_sales",,,,,,,,,,,,,,,,,,,,,,,,,,,,"865888","17"
"2013","晋安区","晋安区","22-6 固定资产投资（不含农户）（2013年）","https://tjj.fujian.gov.cn/tongjinianjian/dz2014/cn/html/2206.htm","fixed_asset_investment",,,,,,,,,,,,"350.94","15.9","202.29","42.1",,,,,,,,,,,,,,
"2013","晋安区","晋安区","22-1 地区生产总值（2013年）","https://tjj.fujian.gov.cn/tongjinianjian/dz2014/cn/html/2201.htm","gdp","401.38","4.74","150.16","96.88","53.28","246.48","48914",,,,,,,,,,,,,,,,,,,,,,
"2013","晋安区","晋安区","22-4 年末常住人口数（2013年）","https://tjj.fujian.gov.cn/tongjinianjian/dz2014/cn/html/2204.htm","population",,,,,,,,"82.7","81.7","0.96","98.8",,,,,,,,,,,,,,,,,,
"2013","晋安区","晋安区","22-20 社会消费品零售总额（2013年）","https://tjj.fujian.gov.cn/tongjinianjian/dz2014/cn/html/2220.htm","retail_sales",,,,,,,,,,,,,,,,,,,,,,,,,,,,"4368714","14"
"2013","晋江市","晋江市","22-6 固定资产投资（不含农户）（2013年）","https://tjj.fujian.gov.cn/tongjinianjian/dz2014/cn/html/2206.htm","fixed_asset_investment",,,,,,,,,,,,"616.79","22.2","474.53","22.9",,,,,,,,,,,,,,
"2013","晋江市","晋江市","22-1 地区生产总值（2013年）","https://tjj.fujian.gov.cn/tongjinianjian/dz2014/cn/html/2201.htm","gdp","1363.94","19.07","919.76","867.7","52.06","425.11","66917",,,,,,,,,,,,,,,,,,,,,,
"2013","晋江市","晋江市","22-4 年末常住人口数（2013年）","https://tjj.fujian.gov.cn/tongjinianjian/dz2014/cn/html/2204.htm","population",,,,,,,,"204.5","128.4","76.1","62.8",,,,,,,,,,,,,,,,,,
"2013","晋江市","晋江市","22-20 社会消费品零售总额（2013年）","https://tjj.fujian.gov.cn/tongjinianjian/dz2014/cn/html/2220.htm","retail_sales",,,,,,,,,,,,,,,,,,,,,,,,,,,,"3735707","12.9"
"2013","鲤城区","鲤城区","22-6 固定资产投资（不含农户）（2013年）","https://tjj.fujian.gov.cn/tongjinianjian/dz2014/cn/html/2206.htm","fixed_asset_investment",,,,,,,,,,,,"99.41","15.3","74.7","23",,,,,,,,,,,,,,
"2013","鲤城区","鲤城区","22-1 地区生产总值（2013年）","https://tjj.fujian.gov.cn/tongjinianjian/dz2014/cn/html/2201.htm","gdp","320.17","0.13","186.72","171.49","15.23","133.32","76668",,,,,,,,,,,,,,,,,,,,,,
"2013","鲤城区","鲤城区","22-4 年末常住人口数（2013年）","https://tjj.fujian.gov.cn/tongjinianjian/dz2014/cn/html/2204.htm","population",,,,,,,,"42","42",,"100",,,,,,,,,,,,,,,,,,
"2013","鲤城区","鲤城区","22-20 社会消费品零售总额（2013年）","https://tjj.fujian.gov.cn/tongjinianjian/dz2014/cn/html/2220.htm","retail_sales",,,,,,,,,,,,,,,,,,,,,,,,,,,,"2422082","15.4"
"2013","荔城区","荔城区","22-6 固定资产投资（不含农户）（2013年）","https://tjj.fujian.gov.cn/tongjinianjian/dz2014/cn/html/2206.htm","fixed_asset_investment",,,,,,,,,,,,"216.15","25.5","128.77","10.4",,,,,,,,,,,,,,
"2013","荔城区","荔城区","22-1 地区生产总值（2013年）","https://tjj.fujian.gov.cn/tongjinianjian/dz2014/cn/html/2201.htm","gdp","260.95","17.08","162.35","129.23","33.12","81.52","51419",,,,,,,,,,,,,,,,,,,,,,
"2013","荔城区","荔城区","22-4 年末常住人口数（2013年）","https://tjj.fujian.gov.cn/tongjinianjian/dz2014/cn/html/2204.htm","population",,,,,,,,"51","35","16","68.6",,,,,,,,,,,,,,,,,,
"2013","荔城区","荔城区","22-20 社会消费品零售总额（2013年）","https://tjj.fujian.gov.cn/tongjinianjian/dz2014/cn/html/2220.htm","retail_sales",,,,,,,,,,,,,,,,,,,,,,,,,,,,"1134084","14.2"
"2013","连城县","连城县","22-6 固定资产投资（不含农户）（2013年）","https://tjj.fujian.gov.cn/tongjinianjian/dz2014/cn/html/2206.htm","fixed_asset_investment",,,,,,,,,,,,"129.76","36.1","121.07","37.1",,,,,,,,,,,,,,
"2013","连城县","连城县","22-1 地区生产总值（2013年）","https://tjj.fujian.gov.cn/tongjinianjian/dz2014/cn/html/2201.htm","gdp","123.27","25.41","55.04","46.97","8.07","42.82","50213",,,,,,,,,,,,,,,,,,,,,,
"2013","连城县","连城县","22-4 年末常住人口数（2013年）","https://tjj.fujian.gov.cn/tongjinianjian/dz2014/cn/html/2204.htm","population",,,,,,,,"24.5","10.1","14.4","41.2",,,,,,,,,,,,,,,,,,
"2013","连城县","连城县","22-20 社会消费品零售总额（2013年）","https://tjj.fujian.gov.cn/tongjinianjian/dz2014/cn/html/2220.htm","retail_sales",,,,,,,,,,,,,,,,,,,,,,,,,,,,"463960","14.2"
"2013","连江县","连江县","22-6 固定资产投资（不含农户）（2013年）","https://tjj.fujian.gov.cn/tongjinianjian/dz2014/cn/html/2206.htm","fixed_asset_investment",,,,,,,,,,,,"342.27","32.6","211.59","34.6",,,,,,,,,,,,,,
"2013","连江县","连江县","22-1 地区生产总值（2013年）","https://tjj.fujian.gov.cn/tongjinianjian/dz2014/cn/html/2201.htm","gdp","302.53","107.12","116.5","102.62","13.88","78.91","53263",,,,,,,,,,,,,,,,,,,,,,
"2013","连江县","连江县","22-4 年末常住人口数（2013年）","https://tjj.fujian.gov.cn/tongjinianjian/dz2014/cn/html/2204.htm","population",,,,,,,,"57","23.3","33.69","40.9",,,,,,,,,,,,,,,,,,
"2013","连江县","连江县","22-20 社会消费品零售总额（2013年）","https://tjj.fujian.gov.cn/tongjinianjian/dz2014/cn/html/2220.htm","retail_sales",,,,,,,,,,,,,,,,,,,,,,,,,,,,"789665","18.2"
"2013","龙海市","龙海市","22-6 固定资产投资（不含农户）（2013年）","https://tjj.fujian.gov.cn/tongjinianjian/dz2014/cn/html/2206.htm","fixed_asset_investment",,,,,,,,,,,,"303.85","2","247.52","-3.3",,,,,,,,,,,,,,
"2013","龙海市","龙海市","22-1 地区生产总值（2013年）","https://tjj.fujian.gov.cn/tongjinianjian/dz2014/cn/html/2201.htm","gdp","520.24","57.49","293.37","252.44","40.93","169.38","56842",,,,,,,,,,,,,,,,,,,,,,
"2013","龙海市","龙海市","22-4 年末常住人口数（2013年）","https://tjj.fujian.gov.cn/tongjinianjian/dz2014/cn/html/2204.htm","population",,,,,,,,"91.8","48","43.8","52.3",,,,,,,,,,,,,,,,,,
"2013","龙海市","龙海市","22-20 社会消费品零售总额（2013年）","https://tjj.fujian.gov.cn/tongjinianjian/dz2014/cn/html/2220.htm","retail_sales",,,,,,,,,,,,,,,,,,,,,,,,,,,,"1193873","9.2"
"2013","龙文区","龙文区","22-6 固定资产投资（不含农户）（2013年）","https://tjj.fujian.gov.cn/tongjinianjian/dz2014/cn/html/2206.htm","fixed_asset_investment",,,,,,,,,,,,"135.05","-6.6","58.76","-14.5",,,,,,,,,,,,,,
"2013","龙文区","龙文区","22-1 地区生产总值（2013年）","https://tjj.fujian.gov.cn/tongjinianjian/dz2014/cn/html/2201.htm","gdp","128.44","4.7","71.34","53.96","17.38","52.4","69905",,,,,,,,,,,,,,,,,,,,,,
"2013","龙文区","龙文区","22-4 年末常住人口数（2013年）","https://tjj.fujian.gov.cn/tongjinianjian/dz2014/cn/html/2204.htm","population",,,,,,,,"18.5","15.6","2.9","84.3",,,,,,,,,,,,,,,,,,
"2013","龙文区","龙文区","22-20 社会消费品零售总额（2013年）","https://tjj.fujian.gov.cn/tongjinianjian/dz2014/cn/html/2220.htm","retail_sales",,,,,,,,,,,,,,,,,,,,,,,,,,,,"747232","30.1"
"2013","罗源县","罗源县","22-6 固定资产投资（不含农户）（2013年）","https://tjj.fujian.gov.cn/tongjinianjian/dz2014/cn/html/2206.htm","fixed_asset_investment",,,,,,,,,,,,"141.15","22.2","72.38","10.8",,,,,,,,,,,,,,
"2013","罗源县","罗源县","22-1 地区生产总值（2013年）","https://tjj.fujian.gov.cn/tongjinianjian/dz2014/cn/html/2201.htm","gdp","162.49","28.34","110.8","105.17","5.63","23.35","78974",,,,,,,,,,,,,,,,,,,,,,
"2013","罗源县","罗源县","22-4 年末常住人口数（2013年）","https://tjj.fujian.gov.cn/tongjinianjian/dz2014/cn/html/2204.htm","population",,,,,,,,"20.5","8.1","12.4","39.5",,,,,,,,,,,,,,,,,,
"2013","罗源县","罗源县","22-20 社会消费品零售总额（2013年）","https://tjj.fujian.gov.cn/tongjinianjian/dz2014/cn/html/2220.htm","retail_sales",,,,,,,,,,,,,,,,,,,,,,,,,,,,"369578","15"
"2013","洛江区","洛江区","22-6 固定资产投资（不含农户）（2013年）","https://tjj.fujian.gov.cn/tongjinianjian/dz2014/cn/html/2206.htm","fixed_asset_investment",,,,,,,,,,,,"60.83","20.7","40.03","47.1",,,,,,,,,,,,,,
"2013","洛江区","洛江区","22-1 地区生产总值（2013年）","https://tjj.fujian.gov.cn/tongjinianjian/dz2014/cn/html/2201.htm","gdp","123.79","3.83","91.26","82.05","9.21","28.7","62470",,,,,,,,,,,,,,,,,,,,,,
"2013","洛江区","洛江区","22-4 年末常住人口数（2013年）","https://tjj.fujian.gov.cn/tongjinianjian/dz2014/cn/html/2204.htm","population",,,,,,,,"20.2","10.6","9.6","52.5",,,,,,,,,,,,,,,,,,
"2013","洛江区","洛江区","22-20 社会消费品零售总额（2013年）","https://tjj.fujian.gov.cn/tongjinianjian/dz2014/cn/html/2220.htm","retail_sales",,,,,,,,,,,,,,,,,,,,,,,,,,,,"231668","17.9"
"2013","马尾区","马尾区","22-6 固定资产投资（不含农户）（2013年）","https://tjj.fujian.gov.cn/tongjinianjian/dz2014/cn/html/2206.htm","fixed_asset_investment",,,,,,,,,,,,"145.24","50.1","101.76","21",,,,,,,,,,,,,,
"2013","马尾区","马尾区","22-1 地区生产总值（2013年）","https://tjj.fujian.gov.cn/tongjinianjian/dz2014/cn/html/2201.htm","gdp","338.96","5.63","229.15","212.15","17","104.18","138921",,,,,,,,,,,,,,,,,,,,,,
"2013","马尾区","马尾区","22-4 年末常住人口数（2013年）","https://tjj.fujian.gov.cn/tongjinianjian/dz2014/cn/html/2204.htm","population",,,,,,,,"24.6","17.3","7.26","70.5",,,,,,,,,,,,,,,,,,
"2013","马尾区","马尾区","22-20 社会消费品零售总额（2013年）","https://tjj.fujian.gov.cn/tongjinianjian/dz2014/cn/html/2220.htm","retail_sales",,,,,,,,,,,,,,,,,,,,,,,,,,,,"1022089","26"
"2013","梅列区","梅列区","22-6 固定资产投资（不含农户）（2013年）","https://tjj.fujian.gov.cn/tongjinianjian/dz2014/cn/html/2206.htm","fixed_asset_investment",,,,,,,,,,,,"114.33","26.3","87.49","41.4",,,,,,,,,,,,,,
"2013","梅列区","梅列区","22-1 地区生产总值（2013年）","https://tjj.fujian.gov.cn/tongjinianjian/dz2014/cn/html/2201.htm","gdp","211.3","3.61","114.31","101.71","12.6","93.38","118343",,,,,,,,,,,,,,,,,,,,,,
"2013","梅列区","梅列区","22-4 年末常住人口数（2013年）","https://tjj.fujian.gov.cn/tongjinianjian/dz2014/cn/html/2204.htm","population",,,,,,,,"17.9","17.4","0.5","97.2",,,,,,,,,,,,,,,,,,
"2013","梅列区","梅列区","22-20 社会消费品零售总额（2013年）","https://tjj.fujian.gov.cn/tongjinianjian/dz2014/cn/html/2220.htm","retail_sales",,,,,,,,,,,,,,,,,,,,,,,,,,,,"729461","8.4"
"2013","闽侯县","闽侯县","22-6 固定资产投资（不含农户）（2013年）","https://tjj.fujian.gov.cn/tongjinianjian/dz2014/cn/html/2206.htm","fixed_asset_investment",,,,,,,,,,,,"449.94","19.4","274.65","-8.5",,,,,,,,,,,,,,
"2013","闽侯县","闽侯县","22-1 地区生产总值（2013年）","https://tjj.fujian.gov.cn/tongjinianjian/dz2014/cn/html/2201.htm","gdp","377.46","32.65","232.05","205.93","26.12","112.76","54665",,,,,,,,,,,,,,,,,,,,,,
"2013","闽侯县","闽侯县","22-4 年末常住人口数（2013年）","https://tjj.fujian.gov.cn/tongjinianjian/dz2014/cn/html/2204.htm","population",,,,,,,,"69.3","35.3","33.96","51",,,,,,,,,,,,,,,,,,
"2013","闽侯县","闽侯县","22-20 社会消费品零售总额（2013年）","https://tjj.fujian.gov.cn/tongjinianjian/dz2014/cn/html/2220.htm","retail_sales",,,,,,,,,,,,,,,,,,,,,,,,,,,,"1415753","32.2"
"2013","闽清县","闽清县","22-6 固定资产投资（不含农户）（2013年）","https://tjj.fujian.gov.cn/tongjinianjian/dz2014/cn/html/2206.htm","fixed_asset_investment",,,,,,,,,,,,"38.88","26.9","32.33","39.4",,,,,,,,,,,,,,
"2013","闽清县","闽清县","22-1 地区生产总值（2013年）","https://tjj.fujian.gov.cn/tongjinianjian/dz2014/cn/html/2201.htm","gdp","117.02","20.77","67.37","57.09","10.28","28.88","50006",,,,,,,,,,,,,,,,,,,,,,
"2013","闽清县","闽清县","22-4 年末常住人口数（2013年）","https://tjj.fujian.gov.cn/tongjinianjian/dz2014/cn/html/2204.htm","population",,,,,,,,"23.3","8.5","14.8","36.5",,,,,,,,,,,,,,,,,,
"2013","闽清县","闽清县","22-20 社会消费品零售总额（2013年）","https://tjj.fujian.gov.cn/tongjinianjian/dz2014/cn/html/2220.htm","retail_sales",,,,,,,,,,,,,,,,,,,,,,,,,,,,"355976","15"
"2013","明溪县","明溪县","22-6 固定资产投资（不含农户）（2013年）","https://tjj.fujian.gov.cn/tongjinianjian/dz2014/cn/html/2206.htm","fixed_asset_investment",,,,,,,,,,,,"51.93","31.9","47.05","33.5",,,,,,,,,,,,,,
"2013","明溪县","明溪县","22-1 地区生产总值（2013年）","https://tjj.fujian.gov.cn/tongjinianjian/dz2014/cn/html/2201.htm","gdp","49.41","13.01","22.11","17.26","4.85","14.29","48804",,,,,,,,,,,,,,,,,,,,,,
"2013","明溪县","明溪县","22-4 年末常住人口数（2013年）","https://tjj.fujian.gov.cn/tongjinianjian/dz2014/cn/html/2204.htm","population",,,,,,,,"10.1","4.8","5.3","47.5",,,,,,,,,,,,,,,,,,
"2013","明溪县","明溪县","22-20 社会消费品零售总额（2013年）","https://tjj.fujian.gov.cn/tongjinianjian/dz2014/cn/html/2220.htm","retail_sales",,,,,,,,,,,,,,,,,,,,,,,,,,,,"117037","13.1"
"2013","南安市","南安市","22-6 固定资产投资（不含农户）（2013年）","https://tjj.fujian.gov.cn/tongjinianjian/dz2014/cn/html/2206.htm","fixed_asset_investment",,,,,,,,,,,,"337.6","22.3","276.32","26.7",,,,,,,,,,,,,,
"2013","南安市","南安市","22-1 地区生产总值（2013年）","https://tjj.fujian.gov.cn/tongjinianjian/dz2014/cn/html/2201.htm","gdp","709.99","23.61","448.59","415.3","33.29","237.79","49010",,,,,,,,,,,,,,,,,,,,,,
"2013","南安市","南安市","22-4 年末常住人口数（2013年）","https://tjj.fujian.gov.cn/tongjinianjian/dz2014/cn/html/2204.htm","population",,,,,,,,"145.5","78.4","67.1","53.9",,,,,,,,,,,,,,,,,,
"2013","南安市","南安市","22-20 社会消费品零售总额（2013年）","https://tjj.fujian.gov.cn/tongjinianjian/dz2014/cn/html/2220.htm","retail_sales",,,,,,,,,,,,,,,,,,,,,,,,,,,,"2790432","15.3"
"2013","南靖县","南靖县","22-6 固定资产投资（不含农户）（2013年）","https://tjj.fujian.gov.cn/tongjinianjian/dz2014/cn/html/2206.htm","fixed_asset_investment",,,,,,,,,,,,"136.62","30.7","126.45","31.3",,,,,,,,,,,,,,
"2013","南靖县","南靖县","22-1 地区生产总值（2013年）","https://tjj.fujian.gov.cn/tongjinianjian/dz2014/cn/html/2201.htm","gdp","173.19","41.54","83.74","76.28","7.46","47.91","51499",,,,,,,,,,,,,,,,,,,,,,
"2013","南靖县","南靖县","22-4 年末常住人口数（2013年）","https://tjj.fujian.gov.cn/tongjinianjian/dz2014/cn/html/2204.htm","population",,,,,,,,"33.7","15.7","18","46.6",,,,,,,,,,,,,,,,,,
"2013","南靖县","南靖县","22-20 社会消费品零售总额（2013年）","https://tjj.fujian.gov.cn/tongjinianjian/dz2014/cn/html/2220.htm","retail_sales",,,,,,,,,,,,,,,,,,,,,,,,,,,,"395688","5.9"
"2013","宁化县","宁化县","22-6 固定资产投资（不含农户）（2013年）","https://tjj.fujian.gov.cn/tongjinianjian/dz2014/cn/html/2206.htm","fixed_asset_investment",,,,,,,,,,,,"106.31","31.1","89.1","30.5",,,,,,,,,,,,,,
"2013","宁化县","宁化县","22-1 地区生产总值（2013年）","https://tjj.fujian.gov.cn/tongjinianjian/dz2014/cn/html/2201.htm","gdp","91.05","24.48","39.66","29.49","10.17","26.91","33232",,,,,,,,,,,,,,,,,,,,,,
"2013","宁化县","宁化县","22-4 年末常住人口数（2013年）","https://tjj.fujian.gov.cn/tongjinianjian/dz2014/cn/html/2204.htm","population",,,,,,,,"27.5","9.6","17.9","34.9",,,,,,,,,,,,,,,,,,
"2013","宁化县","宁化县","22-20 社会消费品零售总额（2013年）","https://tjj.fujian.gov.cn/tongjinianjian/dz2014/cn/html/2220.htm","retail_sales",,,,,,,,,,,,,,,,,,,,,,,,,,,,"264577","16.4"
"2013","平和县","平和县","22-6 固定资产投资（不含农户）（2013年）","https://tjj.fujian.gov.cn/tongjinianjian/dz2014/cn/html/2206.htm","fixed_asset_investment",,,,,,,,,,,,"96.49","35.6","85.14","35.5",,,,,,,,,,,,,,
"2013","平和县","平和县","22-1 地区生产总值（2013年）","https://tjj.fujian.gov.cn/tongjinianjian/dz2014/cn/html/2201.htm","gdp","140.44","50.11","40.31","30.42","9.89","50.02","28318",,,,,,,,,,,,,,,,,,,,,,
"2013","平和县","平和县","22-4 年末常住人口数（2013年）","https://tjj.fujian.gov.cn/tongjinianjian/dz2014/cn/html/2204.htm","population",,,,,,,,"49.7","20.2","29.5","40.6",,,,,,,,,,,,,,,,,,
"2013","平和县","平和县","22-20 社会消费品零售总额（2013年）","https://tjj.fujian.gov.cn/tongjinianjian/dz2014/cn/html/2220.htm","retail_sales",,,,,,,,,,,,,,,,,,,,,,,,,,,,"528468","11.8"
"2013","平潭县","平潭县","22-6 固定资产投资（不含农户）（2013年）","https://tjj.fujian.gov.cn/tongjinianjian/dz2014/cn/html/2206.htm","fixed_asset_investment",,,,,,,,,,,,"335.71","0.9","286.65","-1.5",,,,,,,,,,,,,,
"2013","平潭县","平潭县","22-1 地区生产总值（2013年）","https://tjj.fujian.gov.cn/tongjinianjian/dz2014/cn/html/2201.htm","gdp","155.39","35.32","48.29","8.44","39.85","71.78","39339",,,,,,,,,,,,,,,,,,,,,,
"2013","平潭县","平潭县","22-4 年末常住人口数（2013年）","https://tjj.fujian.gov.cn/tongjinianjian/dz2014/cn/html/2204.htm","population",,,,,,,,"40","16.3","23.7","40.7",,,,,,,,,,,,,,,,,,
"2013","平潭县","平潭县","22-20 社会消费品零售总额（2013年）","https://tjj.fujian.gov.cn/tongjinianjian/dz2014/cn/html/2220.htm","retail_sales",,,,,,,,,,,,,,,,,,,,,,,,,,,,"465319","7.5"
"2013","屏南县","屏南县","22-6 固定资产投资（不含农户）（2013年）","https://tjj.fujian.gov.cn/tongjinianjian/dz2014/cn/html/2206.htm","fixed_asset_investment",,,,,,,,,,,,"25.08","29.7","18.34","12.3",,,,,,,,,,,,,,
"2013","屏南县","屏南县","22-1 地区生产总值（2013年）","https://tjj.fujian.gov.cn/tongjinianjian/dz2014/cn/html/2201.htm","gdp","52.84","11.88","22.69","18.71","3.98","18.27","38851",,,,,,,,,,,,,,,,,,,,,,
"2013","屏南县","屏南县","22-4 年末常住人口数（2013年）","https://tjj.fujian.gov.cn/tongjinianjian/dz2014/cn/html/2204.htm","population",,,,,,,,"13.6","5.3","8.3","39",,,,,,,,,,,,,,,,,,
"2013","屏南县","屏南县","22-20 社会消费品零售总额（2013年）","https://tjj.fujian.gov.cn/tongjinianjian/dz2014/cn/html/2220.htm","retail_sales",,,,,,,,,,,,,,,,,,,,,,,,,,,,"131543","16.2"
"2013","浦城县","浦城县","22-6 固定资产投资（不含农户）（2013年）","https://tjj.fujian.gov.cn/tongjinianjian/dz2014/cn/html/2206.htm","fixed_asset_investment",,,,,,,,,,,,"101.07","21.7","96.32","24.4",,,,,,,,,,,,,,
"2013","浦城县","浦城县","22-1 地区生产总值（2013年）","https://tjj.fujian.gov.cn/tongjinianjian/dz2014/cn/html/2201.htm","gdp","95.19","25.9","36.03","28.31","7.72","33.26","31726",,,,,,,,,,,,,,,,,,,,,,
"2013","浦城县","浦城县","22-4 年末常住人口数（2013年）","https://tjj.fujian.gov.cn/tongjinianjian/dz2014/cn/html/2204.htm","population",,,,,,,,"29.9","13.2","16.7","44.1",,,,,,,,,,,,,,,,,,
"2013","浦城县","浦城县","22-20 社会消费品零售总额（2013年）","https://tjj.fujian.gov.cn/tongjinianjian/dz2014/cn/html/2220.htm","retail_sales",,,,,,,,,,,,,,,,,,,,,,,,,,,,"330480","11"
"2013","清流县","清流县","22-6 固定资产投资（不含农户）（2013年）","https://tjj.fujian.gov.cn/tongjinianjian/dz2014/cn/html/2206.htm","fixed_asset_investment",,,,,,,,,,,,"64.41","27.1","57.23","26.5",,,,,,,,,,,,,,
"2013","清流县","清流县","22-1 地区生产总值（2013年）","https://tjj.fujian.gov.cn/tongjinianjian/dz2014/cn/html/2201.htm","gdp","68.37","13.99","33.81","24.51","9.3","20.57","50609",,,,,,,,,,,,,,,,,,,,,,
"2013","清流县","清流县","22-4 年末常住人口数（2013年）","https://tjj.fujian.gov.cn/tongjinianjian/dz2014/cn/html/2204.htm","population",,,,,,,,"13.5","5.7","7.8","42.2",,,,,,,,,,,,,,,,,,
"2013","清流县","清流县","22-20 社会消费品零售总额（2013年）","https://tjj.fujian.gov.cn/tongjinianjian/dz2014/cn/html/2220.htm","retail_sales",,,,,,,,,,,,,,,,,,,,,,,,,,,,"153081","18.7"
"2013","泉港区","泉港区","22-6 固定资产投资（不含农户）（2013年）","https://tjj.fujian.gov.cn/tongjinianjian/dz2014/cn/html/2206.htm","fixed_asset_investment",,,,,,,,,,,,"136.85","31.2","121.7","24.1",,,,,,,,,,,,,,
"2013","泉港区","泉港区","22-1 地区生产总值（2013年）","https://tjj.fujian.gov.cn/tongjinianjian/dz2014/cn/html/2201.htm","gdp","297.88","10.46","211.87","182.04","29.83","75.55","92828",,,,,,,,,,,,,,,,,,,,,,
"2013","泉港区","泉港区","22-4 年末常住人口数（2013年）","https://tjj.fujian.gov.cn/tongjinianjian/dz2014/cn/html/2204.htm","population",,,,,,,,"32.3","14.3","18","44.3",,,,,,,,,,,,,,,,,,
"2013","泉港区","泉港区","22-20 社会消费品零售总额（2013年）","https://tjj.fujian.gov.cn/tongjinianjian/dz2014/cn/html/2220.htm","retail_sales",,,,,,,,,,,,,,,,,,,,,,,,,,,,"655993","11.3"
"2013","三元区","三元区","22-6 固定资产投资（不含农户）（2013年）","https://tjj.fujian.gov.cn/tongjinianjian/dz2014/cn/html/2206.htm","fixed_asset_investment",,,,,,,,,,,,"118.52","28.8","115.92","32.3",,,,,,,,,,,,,,
"2013","三元区","三元区","22-1 地区生产总值（2013年）","https://tjj.fujian.gov.cn/tongjinianjian/dz2014/cn/html/2201.htm","gdp","105.88","10.99","57.89","47.02","10.87","37","53167",,,,,,,,,,,,,,,,,,,,,,
"2013","三元区","三元区","22-4 年末常住人口数（2013年）","https://tjj.fujian.gov.cn/tongjinianjian/dz2014/cn/html/2204.htm","population",,,,,,,,"19.9","16.7","3.2","83.9",,,,,,,,,,,,,,,,,,
"2013","三元区","三元区","22-20 社会消费品零售总额（2013年）","https://tjj.fujian.gov.cn/tongjinianjian/dz2014/cn/html/2220.htm","retail_sales",,,,,,,,,,,,,,,,,,,,,,,,,,,,"289648","9.1"
"2013","沙县","沙县","22-6 固定资产投资（不含农户）（2013年）","https://tjj.fujian.gov.cn/tongjinianjian/dz2014/cn/html/2206.htm","fixed_asset_investment",,,,,,,,,,,,"146.27","21.8","136.98","29.9",,,,,,,,,,,,,,
"2013","沙县","沙县","22-1 地区生产总值（2013年）","https://tjj.fujian.gov.cn/tongjinianjian/dz2014/cn/html/2201.htm","gdp","163.81","24.63","87.73","77.18","10.55","51.45","72002",,,,,,,,,,,,,,,,,,,,,,
"2013","沙县","沙县","22-4 年末常住人口数（2013年）","https://tjj.fujian.gov.cn/tongjinianjian/dz2014/cn/html/2204.htm","population",,,,,,,,"22.8","13.5","9.3","59.2",,,,,,,,,,,,,,,,,,
"2013","沙县","沙县","22-20 社会消费品零售总额（2013年）","https://tjj.fujian.gov.cn/tongjinianjian/dz2014/cn/html/2220.htm","retail_sales",,,,,,,,,,,,,,,,,,,,,,,,,,,,"427418","13"
"2013","上杭县","上杭县","22-6 固定资产投资（不含农户）（2013年）","https://tjj.fujian.gov.cn/tongjinianjian/dz2014/cn/html/2206.htm","fixed_asset_investment",,,,,,,,,,,,"134.63","14.8","131.38","16.9",,,,,,,,,,,,,,
"2013","上杭县","上杭县","22-1 地区生产总值（2013年）","https://tjj.fujian.gov.cn/tongjinianjian/dz2014/cn/html/2201.htm","gdp","202.28","27.62","114.82","88.15","26.67","59.84","54522",,,,,,,,,,,,,,,,,,,,,,
"2013","上杭县","上杭县","22-4 年末常住人口数（2013年）","https://tjj.fujian.gov.cn/tongjinianjian/dz2014/cn/html/2204.htm","population",,,,,,,,"37.1","15.3","21.8","41.2",,,,,,,,,,,,,,,,,,
"2013","上杭县","上杭县","22-20 社会消费品零售总额（2013年）","https://tjj.fujian.gov.cn/tongjinianjian/dz2014/cn/html/2220.htm","retail_sales",,,,,,,,,,,,,,,,,,,,,,,,,,,,"487624","11.2"
"2013","邵武市","邵武市","22-6 固定资产投资（不含农户）（2013年）","https://tjj.fujian.gov.cn/tongjinianjian/dz2014/cn/html/2206.htm","fixed_asset_investment",,,,,,,,,,,,"193.33","54.5","180.33","53.6",,,,,,,,,,,,,,
"2013","邵武市","邵武市","22-1 地区生产总值（2013年）","https://tjj.fujian.gov.cn/tongjinianjian/dz2014/cn/html/2201.htm","gdp","164.19","28.98","82.09","63.87","18.22","53.12","59600",,,,,,,,,,,,,,,,,,,,,,
"2013","邵武市","邵武市","22-4 年末常住人口数（2013年）","https://tjj.fujian.gov.cn/tongjinianjian/dz2014/cn/html/2204.htm","population",,,,,,,,"27.5","18.6","8.9","67.6",,,,,,,,,,,,,,,,,,
"2013","邵武市","邵武市","22-20 社会消费品零售总额（2013年）","https://tjj.fujian.gov.cn/tongjinianjian/dz2014/cn/html/2220.htm","retail_sales",,,,,,,,,,,,,,,,,,,,,,,,,,,,"807503","21.5"
"2013","石狮市","石狮市","22-6 固定资产投资（不含农户）（2013年）","https://tjj.fujian.gov.cn/tongjinianjian/dz2014/cn/html/2206.htm","fixed_asset_investment",,,,,,,,,,,,"287.01","25.6","206.95","2.7",,,,,,,,,,,,,,
"2013","石狮市","石狮市","22-1 地区生产总值（2013年）","https://tjj.fujian.gov.cn/tongjinianjian/dz2014/cn/html/2201.htm","gdp","570.93","19.5","340.47","311.03","29.44","210.96","86614",,,,,,,,,,,,,,,,,,,,,,
"2013","石狮市","石狮市","22-4 年末常住人口数（2013年）","https://tjj.fujian.gov.cn/tongjinianjian/dz2014/cn/html/2204.htm","population",,,,,,,,"66.3","51.1","15.2","77.1",,,,,,,,,,,,,,,,,,
"2013","石狮市","石狮市","22-20 社会消费品零售总额（2013年）","https://tjj.fujian.gov.cn/tongjinianjian/dz2014/cn/html/2220.htm","retail_sales",,,,,,,,,,,,,,,,,,,,,,,,,,,,"3084690","14.8"
"2013","寿宁县","寿宁县","22-6 固定资产投资（不含农户）（2013年）","https://tjj.fujian.gov.cn/tongjinianjian/dz2014/cn/html/2206.htm","fixed_asset_investment",,,,,,,,,,,,"40.62","55","37.13","73.4",,,,,,,,,,,,,,
"2013","寿宁县","寿宁县","22-1 地区生产总值（2013年）","https://tjj.fujian.gov.cn/tongjinianjian/dz2014/cn/html/2201.htm","gdp","56.48","13.96","26.16","18.61","7.55","16.36","32179",,,,,,,,,,,,,,,,,,,,,,
"2013","寿宁县","寿宁县","22-4 年末常住人口数（2013年）","https://tjj.fujian.gov.cn/tongjinianjian/dz2014/cn/html/2204.htm","population",,,,,,,,"17.6","7.6","10","43.2",,,,,,,,,,,,,,,,,,
"2013","寿宁县","寿宁县","22-20 社会消费品零售总额（2013年）","https://tjj.fujian.gov.cn/tongjinianjian/dz2014/cn/html/2220.htm","retail_sales",,,,,,,,,,,,,,,,,,,,,,,,,,,,"158650","16"
"2013","顺昌县","顺昌县","22-6 固定资产投资（不含农户）（2013年）","https://tjj.fujian.gov.cn/tongjinianjian/dz2014/cn/html/2206.htm","fixed_asset_investment",,,,,,,,,,,,"30.83","17.3","27.99","21.5",,,,,,,,,,,,,,
"2013","顺昌县","顺昌县","22-1 地区生产总值（2013年）","https://tjj.fujian.gov.cn/tongjinianjian/dz2014/cn/html/2201.htm","gdp","75.64","18.61","27.96","23.2","4.76","29.07","40125",,,,,,,,,,,,,,,,,,,,,,
"2013","顺昌县","顺昌县","22-4 年末常住人口数（2013年）","https://tjj.fujian.gov.cn/tongjinianjian/dz2014/cn/html/2204.htm","population",,,,,,,,"18.8","8.9","9.9","47.3",,,,,,,,,,,,,,,,,,
"2013","顺昌县","顺昌县","22-20 社会消费品零售总额（2013年）","https://tjj.fujian.gov.cn/tongjinianjian/dz2014/cn/html/2220.htm","retail_sales",,,,,,,,,,,,,,,,,,,,,,,,,,,,"232531","8.8"
"2013","思明区","思明区","22-6 固定资产投资（不含农户）（2013年）","https://tjj.fujian.gov.cn/tongjinianjian/dz2014/cn/html/2206.htm","fixed_asset_investment",,,,,,,,,,,,"206.22","2.6","101.27","-7.1",,,,,,,,,,,,,,
"2013","思明区","思明区","22-1 地区生产总值（2013年）","https://tjj.fujian.gov.cn/tongjinianjian/dz2014/cn/html/2201.htm","gdp","902.07","0.51","149.55","78.1","71.45","752.01","93527",,,,,,,,,,,,,,,,,,,,,,
"2013","思明区","思明区","22-4 年末常住人口数（2013年）","https://tjj.fujian.gov.cn/tongjinianjian/dz2014/cn/html/2204.htm","population",,,,,,,,"97","97",,"100",,,,,,,,,,,,,,,,,,
"2013","思明区","思明区","22-20 社会消费品零售总额（2013年）","https://tjj.fujian.gov.cn/tongjinianjian/dz2014/cn/html/2220.htm","retail_sales",,,,,,,,,,,,,,,,,,,,,,,,,,,,"4063314","4.1"
"2013","松溪县","松溪县","22-6 固定资产投资（不含农户）（2013年）","https://tjj.fujian.gov.cn/tongjinianjian/dz2014/cn/html/2206.htm","fixed_asset_investment",,,,,,,,,,,,"28.38","66.9","24.92","74.7",,,,,,,,,,,,,,
"2013","松溪县","松溪县","22-1 地区生产总值（2013年）","https://tjj.fujian.gov.cn/tongjinianjian/dz2014/cn/html/2201.htm","gdp","35.67","11.44","13.17","10.1","3.07","11.06","29721",,,,,,,,,,,,,,,,,,,,,,
"2013","松溪县","松溪县","22-4 年末常住人口数（2013年）","https://tjj.fujian.gov.cn/tongjinianjian/dz2014/cn/html/2204.htm","population",,,,,,,,"11.9","5.1","6.8","42.9",,,,,,,,,,,,,,,,,,
"2013","松溪县","松溪县","22-20 社会消费品零售总额（2013年）","https://tjj.fujian.gov.cn/tongjinianjian/dz2014/cn/html/2220.htm","retail_sales",,,,,,,,,,,,,,,,,,,,,,,,,,,,"155615","17.8"
"2013","台江区","台江区","22-6 固定资产投资（不含农户）（2013年）","https://tjj.fujian.gov.cn/tongjinianjian/dz2014/cn/html/2206.htm","fixed_asset_investment",,,,,,,,,,,,"299.14","17.8","185.85","34",,,,,,,,,,,,,,
"2013","台江区","台江区","22-1 地区生产总值（2013年）","https://tjj.fujian.gov.cn/tongjinianjian/dz2014/cn/html/2201.htm","gdp","307.06",,"67.97","24.45","43.52","239.09","67263",,,,,,,,,,,,,,,,,,,,,,
"2013","台江区","台江区","22-4 年末常住人口数（2013年）","https://tjj.fujian.gov.cn/tongjinianjian/dz2014/cn/html/2204.htm","population",,,,,,,,"46","46",,"100",,,,,,,,,,,,,,,,,,
"2013","台江区","台江区","22-20 社会消费品零售总额（2013年）","https://tjj.fujian.gov.cn/tongjinianjian/dz2014/cn/html/2220.htm","retail_sales",,,,,,,,,,,,,,,,,,,,,,,,,,,,"3574498","17.1"
"2013","泰宁县","泰宁县","22-6 固定资产投资（不含农户）（2013年）","https://tjj.fujian.gov.cn/tongjinianjian/dz2014/cn/html/2206.htm","fixed_asset_investment",,,,,,,,,,,,"61.43","26.1","57.3","26.1",,,,,,,,,,,,,,
"2013","泰宁县","泰宁县","22-1 地区生产总值（2013年）","https://tjj.fujian.gov.cn/tongjinianjian/dz2014/cn/html/2201.htm","gdp","70.1","14","31.86","24.3","7.56","24.24","63394",,,,,,,,,,,,,,,,,,,,,,
"2013","泰宁县","泰宁县","22-4 年末常住人口数（2013年）","https://tjj.fujian.gov.cn/tongjinianjian/dz2014/cn/html/2204.htm","population",,,,,,,,"11.1","5","6.1","45",,,,,,,,,,,,,,,,,,
"2013","泰宁县","泰宁县","22-20 社会消费品零售总额（2013年）","https://tjj.fujian.gov.cn/tongjinianjian/dz2014/cn/html/2220.htm","retail_sales",,,,,,,,,,,,,,,,,,,,,,,,,,,,"173750","15.1"
"2013","同安区","同安区","22-6 固定资产投资（不含农户）（2013年）","https://tjj.fujian.gov.cn/tongjinianjian/dz2014/cn/html/2206.htm","fixed_asset_investment",,,,,,,,,,,,"159.92","-4.7","100.56","-16",,,,,,,,,,,,,,
"2013","同安区","同安区","22-1 地区生产总值（2013年）","https://tjj.fujian.gov.cn/tongjinianjian/dz2014/cn/html/2201.htm","gdp","225.85","12.15","122.68","105.18","17.5","91.02","43556",,,,,,,,,,,,,,,,,,,,,,
"2013","同安区","同安区","22-4 年末常住人口数（2013年）","https://tjj.fujian.gov.cn/tongjinianjian/dz2014/cn/html/2204.htm","population",,,,,,,,"52.3","35.7","16.6","68.3",,,,,,,,,,,,,,,,,,
"2013","同安区","同安区","22-20 社会消费品零售总额（2013年）","https://tjj.fujian.gov.cn/tongjinianjian/dz2014/cn/html/2220.htm","retail_sales",,,,,,,,,,,,,,,,,,,,,,,,,,,,"624863","8.3"
"2013","武平县","武平县","22-6 固定资产投资（不含农户）（2013年）","https://tjj.fujian.gov.cn/tongjinianjian/dz2014/cn/html/2206.htm","fixed_asset_investment",,,,,,,,,,,,"143.69","45.9","131.18","49.4",,,,,,,,,,,,,,
"2013","武平县","武平县","22-1 地区生产总值（2013年）","https://tjj.fujian.gov.cn/tongjinianjian/dz2014/cn/html/2201.htm","gdp","120.63","27.05","50.7","36.17","14.53","42.88","43785",,,,,,,,,,,,,,,,,,,,,,
"2013","武平县","武平县","22-4 年末常住人口数（2013年）","https://tjj.fujian.gov.cn/tongjinianjian/dz2014/cn/html/2204.htm","population",,,,,,,,"27.5","11.5","16","41.8",,,,,,,,,,,,,,,,,,
"2013","武平县","武平县","22-20 社会消费品零售总额（2013年）","https://tjj.fujian.gov.cn/tongjinianjian/dz2014/cn/html/2220.htm","retail_sales",,,,,,,,,,,,,,,,,,,,,,,,,,,,"353496","12.6"
"2013","武夷山市","武夷山市","22-6 固定资产投资（不含农户）（2013年）","https://tjj.fujian.gov.cn/tongjinianjian/dz2014/cn/html/2206.htm","fixed_asset_investment",,,,,,,,,,,,"229.41","61.2","220.12","63",,,,,,,,,,,,,,
"2013","武夷山市","武夷山市","22-1 地区生产总值（2013年）","https://tjj.fujian.gov.cn/tongjinianjian/dz2014/cn/html/2201.htm","gdp","109.89","22.2","41.23","25.95","15.28","46.46","47779",,,,,,,,,,,,,,,,,,,,,,
"2013","武夷山市","武夷山市","22-4 年末常住人口数（2013年）","https://tjj.fujian.gov.cn/tongjinianjian/dz2014/cn/html/2204.htm","population",,,,,,,,"23","12.5","10.5","54.3",,,,,,,,,,,,,,,,,,
"2013","武夷山市","武夷山市","22-20 社会消费品零售总额（2013年）","https://tjj.fujian.gov.cn/tongjinianjian/dz2014/cn/html/2220.htm","retail_sales",,,,,,,,,,,,,,,,,,,,,,,,,,,,"422016","21.6"
"2013","霞浦县","霞浦县","22-6 固定资产投资（不含农户）（2013年）","https://tjj.fujian.gov.cn/tongjinianjian/dz2014/cn/html/2206.htm","fixed_asset_investment",,,,,,,,,,,,"88.36","59.4","59.27","52.3",,,,,,,,,,,,,,
"2013","霞浦县","霞浦县","22-1 地区生产总值（2013年）","https://tjj.fujian.gov.cn/tongjinianjian/dz2014/cn/html/2201.htm","gdp","151.25","44.82","49.27","33.88","15.39","57.16","32740",,,,,,,,,,,,,,,,,,,,,,
"2013","霞浦县","霞浦县","22-4 年末常住人口数（2013年）","https://tjj.fujian.gov.cn/tongjinianjian/dz2014/cn/html/2204.htm","population",,,,,,,,"46.2","19.7","26.5","42.6",,,,,,,,,,,,,,,,,,
"2013","霞浦县","霞浦县","22-20 社会消费品零售总额（2013年）","https://tjj.fujian.gov.cn/tongjinianjian/dz2014/cn/html/2220.htm","retail_sales",,,,,,,,,,,,,,,,,,,,,,,,,,,,"599736","15.4"
"2013","仙游县","仙游县","22-6 固定资产投资（不含农户）（2013年）","https://tjj.fujian.gov.cn/tongjinianjian/dz2014/cn/html/2206.htm","fixed_asset_investment",,,,,,,,,,,,"190.65","27.3","127.63","4.5",,,,,,,,,,,,,,
"2013","仙游县","仙游县","22-1 地区生产总值（2013年）","https://tjj.fujian.gov.cn/tongjinianjian/dz2014/cn/html/2201.htm","gdp","239.92","28.22","118.41","99.74","18.67","93.29","28630",,,,,,,,,,,,,,,,,,,,,,
"2013","仙游县","仙游县","22-4 年末常住人口数（2013年）","https://tjj.fujian.gov.cn/tongjinianjian/dz2014/cn/html/2204.htm","population",,,,,,,,"84","31.2","52.8","37.1",,,,,,,,,,,,,,,,,,
"2013","仙游县","仙游县","22-20 社会消费品零售总额（2013年）","https://tjj.fujian.gov.cn/tongjinianjian/dz2014/cn/html/2220.htm","retail_sales",,,,,,,,,,,,,,,,,,,,,,,,,,,,"698909","9.9"
"2013","芗城区","芗城区","22-6 固定资产投资（不含农户）（2013年）","https://tjj.fujian.gov.cn/tongjinianjian/dz2014/cn/html/2206.htm","fixed_asset_investment",,,,,,,,,,,,"136.73","20.1","95.88","22.7",,,,,,,,,,,,,,
"2013","芗城区","芗城区","22-1 地区生产总值（2013年）","https://tjj.fujian.gov.cn/tongjinianjian/dz2014/cn/html/2201.htm","gdp","386.04","7.66","178.54","139.88","38.66","199.84","66553",,,,,,,,,,,,,,,,,,,,,,
"2013","芗城区","芗城区","22-4 年末常住人口数（2013年）","https://tjj.fujian.gov.cn/tongjinianjian/dz2014/cn/html/2204.htm","population",,,,,,,,"58.2","51.8","6.4","89",,,,,,,,,,,,,,,,,,
"2013","芗城区","芗城区","22-20 社会消费品零售总额（2013年）","https://tjj.fujian.gov.cn/tongjinianjian/dz2014/cn/html/2220.htm","retail_sales",,,,,,,,,,,,,,,,,,,,,,,,,,,,"1726058","10.7"
"2013","翔安区","翔安区","22-6 固定资产投资（不含农户）（2013年）","https://tjj.fujian.gov.cn/tongjinianjian/dz2014/cn/html/2206.htm","fixed_asset_investment",,,,,,,,,,,,"211.41","4.9","153.56","-5.4",,,,,,,,,,,,,,
"2013","翔安区","翔安区","22-1 地区生产总值（2013年）","https://tjj.fujian.gov.cn/tongjinianjian/dz2014/cn/html/2201.htm","gdp","331.46","8.93","250.76","217.29","33.47","71.77","104728",,,,,,,,,,,,,,,,,,,,,,
"2013","翔安区","翔安区","22-4 年末常住人口数（2013年）","https://tjj.fujian.gov.cn/tongjinianjian/dz2014/cn/html/2204.htm","population",,,,,,,,"31.9","18","13.9","56.4",,,,,,,,,,,,,,,,,,
"2013","翔安区","翔安区","22-20 社会消费品零售总额（2013年）","https://tjj.fujian.gov.cn/tongjinianjian/dz2014/cn/html/2220.htm","retail_sales",,,,,,,,,,,,,,,,,,,,,,,,,,,,"380150","-0.6"
"2013","新罗区","新罗区","22-6 固定资产投资（不含农户）（2013年）","https://tjj.fujian.gov.cn/tongjinianjian/dz2014/cn/html/2206.htm","fixed_asset_investment",,,,,,,,,,,,"475.6","26.1","354.99","17.5",,,,,,,,,,,,,,
"2013","新罗区","新罗区","22-1 地区生产总值（2013年）","https://tjj.fujian.gov.cn/tongjinianjian/dz2014/cn/html/2201.htm","gdp","568.68","23.82","349.65","293.65","56","195.21","82658",,,,,,,,,,,,,,,,,,,,,,
"2013","新罗区","新罗区","22-4 年末常住人口数（2013年）","https://tjj.fujian.gov.cn/tongjinianjian/dz2014/cn/html/2204.htm","population",,,,,,,,"69.3","48.9","20.4","70.6",,,,,,,,,,,,,,,,,,
"2013","新罗区","新罗区","22-20 社会消费品零售总额（2013年）","https://tjj.fujian.gov.cn/tongjinianjian/dz2014/cn/html/2220.htm","retail_sales",,,,,,,,,,,,,,,,,,,,,,,,,,,,"2180129","15.6"
"2013","秀屿区","秀屿区","22-6 固定资产投资（不含农户）（2013年）","https://tjj.fujian.gov.cn/tongjinianjian/dz2014/cn/html/2206.htm","fixed_asset_investment",,,,,,,,,,,,"373.97","33.6","363.93","36.7",,,,,,,,,,,,,,
"2013","秀屿区","秀屿区","22-1 地区生产总值（2013年）","https://tjj.fujian.gov.cn/tongjinianjian/dz2014/cn/html/2201.htm","gdp","263.35","39.38","153.22","112.43","40.79","70.75","45603",,,,,,,,,,,,,,,,,,,,,,
"2013","秀屿区","秀屿区","22-4 年末常住人口数（2013年）","https://tjj.fujian.gov.cn/tongjinianjian/dz2014/cn/html/2204.htm","population",,,,,,,,"57.9","19.7","38.2","34",,,,,,,,,,,,,,,,,,
"2013","秀屿区","秀屿区","22-20 社会消费品零售总额（2013年）","https://tjj.fujian.gov.cn/tongjinianjian/dz2014/cn/html/2220.htm","retail_sales",,,,,,,,,,,,,,,,,,,,,,,,,,,,"509950","9.9"
"2013","延平区","延平区","22-6 固定资产投资（不含农户）（2013年）","https://tjj.fujian.gov.cn/tongjinianjian/dz2014/cn/html/2206.htm","fixed_asset_investment",,,,,,,,,,,,"130.94","22","99.38","12.9",,,,,,,,,,,,,,
"2013","延平区","延平区","22-1 地区生产总值（2013年）","https://tjj.fujian.gov.cn/tongjinianjian/dz2014/cn/html/2201.htm","gdp","241.32","33.77","127.66","85.27","42.39","79.89","51454",,,,,,,,,,,,,,,,,,,,,,
"2013","延平区","延平区","22-4 年末常住人口数（2013年）","https://tjj.fujian.gov.cn/tongjinianjian/dz2014/cn/html/2204.htm","population",,,,,,,,"46.9","30.9","16","65.9",,,,,,,,,,,,,,,,,,
"2013","延平区","延平区","22-20 社会消费品零售总额（2013年）","https://tjj.fujian.gov.cn/tongjinianjian/dz2014/cn/html/2220.htm","retail_sales",,,,,,,,,,,,,,,,,,,,,,,,,,,,"915129","11.6"
"2013","永安市","永安市","22-6 固定资产投资（不含农户）（2013年）","https://tjj.fujian.gov.cn/tongjinianjian/dz2014/cn/html/2206.htm","fixed_asset_investment",,,,,,,,,,,,"185.05","21.5","148.04","21.4",,,,,,,,,,,,,,
"2013","永安市","永安市","22-1 地区生产总值（2013年）","https://tjj.fujian.gov.cn/tongjinianjian/dz2014/cn/html/2201.htm","gdp","270.16","26.83","159.53","144.04","15.49","83.8","77587",,,,,,,,,,,,,,,,,,,,,,
"2013","永安市","永安市","22-4 年末常住人口数（2013年）","https://tjj.fujian.gov.cn/tongjinianjian/dz2014/cn/html/2204.htm","population",,,,,,,,"34.8","22.2","12.6","63.8",,,,,,,,,,,,,,,,,,
"2013","永安市","永安市","22-20 社会消费品零售总额（2013年）","https://tjj.fujian.gov.cn/tongjinianjian/dz2014/cn/html/2220.htm","retail_sales",,,,,,,,,,,,,,,,,,,,,,,,,,,,"684614","13.1"
"2013","永春县","永春县","22-6 固定资产投资（不含农户）（2013年）","https://tjj.fujian.gov.cn/tongjinianjian/dz2014/cn/html/2206.htm","fixed_asset_investment",,,,,,,,,,,,"70.97","30.5","60.36","20.4",,,,,,,,,,,,,,
"2013","永春县","永春县","22-1 地区生产总值（2013年）","https://tjj.fujian.gov.cn/tongjinianjian/dz2014/cn/html/2201.htm","gdp","262.16","21.14","149.63","134.15","15.48","91.39","57453",,,,,,,,,,,,,,,,,,,,,,
"2013","永春县","永春县","22-4 年末常住人口数（2013年）","https://tjj.fujian.gov.cn/tongjinianjian/dz2014/cn/html/2204.htm","population",,,,,,,,"45.7","25.8","19.9","56.5",,,,,,,,,,,,,,,,,,
"2013","永春县","永春县","22-20 社会消费品零售总额（2013年）","https://tjj.fujian.gov.cn/tongjinianjian/dz2014/cn/html/2220.htm","retail_sales",,,,,,,,,,,,,,,,,,,,,,,,,,,,"785560","15.4"
"2013","永定县","永定县","22-6 固定资产投资（不含农户）（2013年）","https://tjj.fujian.gov.cn/tongjinianjian/dz2014/cn/html/2206.htm","fixed_asset_investment",,,,,,,,,,,,"130.01","44.1","124.51","55",,,,,,,,,,,,,,
"2013","永定县","永定县","22-1 地区生产总值（2013年）","https://tjj.fujian.gov.cn/tongjinianjian/dz2014/cn/html/2201.htm","gdp","168.59","25.31","87.67","72.92","14.75","55.61","46828",,,,,,,,,,,,,,,,,,,,,,
"2013","永定县","永定县","22-4 年末常住人口数（2013年）","https://tjj.fujian.gov.cn/tongjinianjian/dz2014/cn/html/2204.htm","population",,,,,,,,"36","14.8","21.2","41.1",,,,,,,,,,,,,,,,,,
"2013","永定县","永定县","22-20 社会消费品零售总额（2013年）","https://tjj.fujian.gov.cn/tongjinianjian/dz2014/cn/html/2220.htm","retail_sales",,,,,,,,,,,,,,,,,,,,,,,,,,,,"533766","10.1"
"2013","永泰县","永泰县","22-6 固定资产投资（不含农户）（2013年）","https://tjj.fujian.gov.cn/tongjinianjian/dz2014/cn/html/2206.htm","fixed_asset_investment",,,,,,,,,,,,"62.46","0.2","43.91","-18.1",,,,,,,,,,,,,,
"2013","永泰县","永泰县","22-1 地区生产总值（2013年）","https://tjj.fujian.gov.cn/tongjinianjian/dz2014/cn/html/2201.htm","gdp","108.71","35.44","41.01","10.86","30.15","32.26","43852",,,,,,,,,,,,,,,,,,,,,,
"2013","永泰县","永泰县","22-4 年末常住人口数（2013年）","https://tjj.fujian.gov.cn/tongjinianjian/dz2014/cn/html/2204.htm","population",,,,,,,,"24.7","9.2","15.51","37.2",,,,,,,,,,,,,,,,,,
"2013","永泰县","永泰县","22-20 社会消费品零售总额（2013年）","https://tjj.fujian.gov.cn/tongjinianjian/dz2014/cn/html/2220.htm","retail_sales",,,,,,,,,,,,,,,,,,,,,,,,,,,,"383275","16.1"
"2013","尤溪县","尤溪县","22-6 固定资产投资（不含农户）（2013年）","https://tjj.fujian.gov.cn/tongjinianjian/dz2014/cn/html/2206.htm","fixed_asset_investment",,,,,,,,,,,,"134.85","30.1","119.2","28.3",,,,,,,,,,,,,,
"2013","尤溪县","尤溪县","22-1 地区生产总值（2013年）","https://tjj.fujian.gov.cn/tongjinianjian/dz2014/cn/html/2201.htm","gdp","157.05","43.03","70.31","54.99","15.32","43.71","44564",,,,,,,,,,,,,,,,,,,,,,
"2013","尤溪县","尤溪县","22-4 年末常住人口数（2013年）","https://tjj.fujian.gov.cn/tongjinianjian/dz2014/cn/html/2204.htm","population",,,,,,,,"35.3","13.8","21.5","39.1",,,,,,,,,,,,,,,,,,
"2013","尤溪县","尤溪县","22-20 社会消费品零售总额（2013年）","https://tjj.fujian.gov.cn/tongjinianjian/dz2014/cn/html/2220.htm","retail_sales",,,,,,,,,,,,,,,,,,,,,,,,,,,,"351972","15"
"2013","云霄县","云霄县","22-6 固定资产投资（不含农户）（2013年）","https://tjj.fujian.gov.cn/tongjinianjian/dz2014/cn/html/2206.htm","fixed_asset_investment",,,,,,,,,,,,"115.53","57.7","86.56","31.2",,,,,,,,,,,,,,
"2013","云霄县","云霄县","22-1 地区生产总值（2013年）","https://tjj.fujian.gov.cn/tongjinianjian/dz2014/cn/html/2201.htm","gdp","120.95","24.35","56.39","49.58","6.81","40.21","29336",,,,,,,,,,,,,,,,,,,,,,
"2013","云霄县","云霄县","22-4 年末常住人口数（2013年）","https://tjj.fujian.gov.cn/tongjinianjian/dz2014/cn/html/2204.htm","population",,,,,,,,"41.3","18.8","22.5","45.5",,,,,,,,,,,,,,,,,,
"2013","云霄县","云霄县","22-20 社会消费品零售总额（2013年）","https://tjj.fujian.gov.cn/tongjinianjian/dz2014/cn/html/2220.htm","retail_sales",,,,,,,,,,,,,,,,,,,,,,,,,,,,"494040","12.5"
"2013","漳平市","漳平市","22-6 固定资产投资（不含农户）（2013年）","https://tjj.fujian.gov.cn/tongjinianjian/dz2014/cn/html/2206.htm","fixed_asset_investment",,,,,,,,,,,,"122.42","20.3","117.57","22.1",,,,,,,,,,,,,,
"2013","漳平市","漳平市","22-1 地区生产总值（2013年）","https://tjj.fujian.gov.cn/tongjinianjian/dz2014/cn/html/2201.htm","gdp","154.78","22.93","69.79","53.71","16.08","62.06","64492",,,,,,,,,,,,,,,,,,,,,,
"2013","漳平市","漳平市","22-4 年末常住人口数（2013年）","https://tjj.fujian.gov.cn/tongjinianjian/dz2014/cn/html/2204.htm","population",,,,,,,,"24","12.5","11.5","52.1",,,,,,,,,,,,,,,,,,
"2013","漳平市","漳平市","22-20 社会消费品零售总额（2013年）","https://tjj.fujian.gov.cn/tongjinianjian/dz2014/cn/html/2220.htm","retail_sales",,,,,,,,,,,,,,,,,,,,,,,,,,,,"443521","10"
"2013","漳浦县","漳浦县","22-6 固定资产投资（不含农户）（2013年）","https://tjj.fujian.gov.cn/tongjinianjian/dz2014/cn/html/2206.htm","fixed_asset_investment",,,,,,,,,,,,"185.44","10.7","124.32","-10.9",,,,,,,,,,,,,,
"2013","漳浦县","漳浦县","22-1 地区生产总值（2013年）","https://tjj.fujian.gov.cn/tongjinianjian/dz2014/cn/html/2201.htm","gdp","259.8","59.77","109.33","81.84","27.49","90.7","32299",,,,,,,,,,,,,,,,,,,,,,
"2013","漳浦县","漳浦县","22-4 年末常住人口数（2013年）","https://tjj.fujian.gov.cn/tongjinianjian/dz2014/cn/html/2204.htm","population",,,,,,,,"80.7","37.8","42.9","46.8",,,,,,,,,,,,,,,,,,
"2013","漳浦县","漳浦县","22-20 社会消费品零售总额（2013年）","https://tjj.fujian.gov.cn/tongjinianjian/dz2014/cn/html/2220.htm","retail_sales",,,,,,,,,,,,,,,,,,,,,,,,,,,,"909742","12.6"
"2013","长乐市","长乐市","22-6 固定资产投资（不含农户）（2013年）","https://tjj.fujian.gov.cn/tongjinianjian/dz2014/cn/html/2206.htm","fixed_asset_investment",,,,,,,,,,,,"335.76","23.5","262.07","20",,,,,,,,,,,,,,
"2013","长乐市","长乐市","22-1 地区生产总值（2013年）","https://tjj.fujian.gov.cn/tongjinianjian/dz2014/cn/html/2201.htm","gdp","485.06","40.58","325.75","304.7","21.05","118.73","69330",,,,,,,,,,,,,,,,,,,,,,
"2013","长乐市","长乐市","22-4 年末常住人口数（2013年）","https://tjj.fujian.gov.cn/tongjinianjian/dz2014/cn/html/2204.htm","population",,,,,,,,"70.2","31.9","38.33","45.4",,,,,,,,,,,,,,,,,,
"2013","长乐市","长乐市","22-20 社会消费品零售总额（2013年）","https://tjj.fujian.gov.cn/tongjinianjian/dz2014/cn/html/2220.htm","retail_sales",,,,,,,,,,,,,,,,,,,,,,,,,,,,"1291414","19.3"
"2013","长泰县","长泰县","22-6 固定资产投资（不含农户）（2013年）","https://tjj.fujian.gov.cn/tongjinianjian/dz2014/cn/html/2206.htm","fixed_asset_investment",,,,,,,,,,,,"201.9","32","175.12","32.6",,,,,,,,,,,,,,
"2013","长泰县","长泰县","22-1 地区生产总值（2013年）","https://tjj.fujian.gov.cn/tongjinianjian/dz2014/cn/html/2201.htm","gdp","149.51","16.1","91.43","88.63","2.8","41.98","69719",,,,,,,,,,,,,,,,,,,,,,
"2013","长泰县","长泰县","22-4 年末常住人口数（2013年）","https://tjj.fujian.gov.cn/tongjinianjian/dz2014/cn/html/2204.htm","population",,,,,,,,"21.5","10.8","10.7","50.2",,,,,,,,,,,,,,,,,,
"2013","长泰县","长泰县","22-20 社会消费品零售总额（2013年）","https://tjj.fujian.gov.cn/tongjinianjian/dz2014/cn/html/2220.htm","retail_sales",,,,,,,,,,,,,,,,,,,,,,,,,,,,"229577","13.2"
"2013","长汀县","长汀县","22-6 固定资产投资（不含农户）（2013年）","https://tjj.fujian.gov.cn/tongjinianjian/dz2014/cn/html/2206.htm","fixed_asset_investment",,,,,,,,,,,,"133.8","42.3","124.09","43.4",,,,,,,,,,,,,,
"2013","长汀县","长汀县","22-1 地区生产总值（2013年）","https://tjj.fujian.gov.cn/tongjinianjian/dz2014/cn/html/2201.htm","gdp","141.73","25.67","68.37","50.93","17.44","47.69","35879",,,,,,,,,,,,,,,,,,,,,,
"2013","长汀县","长汀县","22-4 年末常住人口数（2013年）","https://tjj.fujian.gov.cn/tongjinianjian/dz2014/cn/html/2204.htm","population",,,,,,,,"39.6","18.2","21.4","46",,,,,,,,,,,,,,,,,,
"2013","长汀县","长汀县","22-20 社会消费品零售总额（2013年）","https://tjj.fujian.gov.cn/tongjinianjian/dz2014/cn/html/2220.htm","retail_sales",,,,,,,,,,,,,,,,,,,,,,,,,,,,"443915","13.8"
"2013","诏安县","诏安县","22-6 固定资产投资（不含农户）（2013年）","https://tjj.fujian.gov.cn/tongjinianjian/dz2014/cn/html/2206.htm","fixed_asset_investment",,,,,,,,,,,,"111.24","51.5","107.39","50.8",,,,,,,,,,,,,,
"2013","诏安县","诏安县","22-1 地区生产总值（2013年）","https://tjj.fujian.gov.cn/tongjinianjian/dz2014/cn/html/2201.htm","gdp","149.81","36.41","64.72","55.97","8.75","48.68","25144",,,,,,,,,,,,,,,,,,,,,,
"2013","诏安县","诏安县","22-4 年末常住人口数（2013年）","https://tjj.fujian.gov.cn/tongjinianjian/dz2014/cn/html/2204.htm","population",,,,,,,,"59.8","23.6","36.2","39.5",,,,,,,,,,,,,,,,,,
"2013","诏安县","诏安县","22-20 社会消费品零售总额（2013年）","https://tjj.fujian.gov.cn/tongjinianjian/dz2014/cn/html/2220.htm","retail_sales",,,,,,,,,,,,,,,,,,,,,,,,,,,,"703289","13.9"
"2013","柘荣县","柘荣县","22-6 固定资产投资（不含农户）（2013年）","https://tjj.fujian.gov.cn/tongjinianjian/dz2014/cn/html/2206.htm","fixed_asset_investment",,,,,,,,,,,,"35.95","64.6","34.77","68.8",,,,,,,,,,,,,,
"2013","柘荣县","柘荣县","22-1 地区生产总值（2013年）","https://tjj.fujian.gov.cn/tongjinianjian/dz2014/cn/html/2201.htm","gdp","42.22","7.2","24.34","21.3","3.04","10.68","47696",,,,,,,,,,,,,,,,,,,,,,
"2013","柘荣县","柘荣县","22-4 年末常住人口数（2013年）","https://tjj.fujian.gov.cn/tongjinianjian/dz2014/cn/html/2204.htm","population",,,,,,,,"8.8","5.1","3.7","58",,,,,,,,,,,,,,,,,,
"2013","柘荣县","柘荣县","22-20 社会消费品零售总额（2013年）","https://tjj.fujian.gov.cn/tongjinianjian/dz2014/cn/html/2220.htm","retail_sales",,,,,,,,,,,,,,,,,,,,,,,,,,,,"93978","13"
"2013","政和县","政和县","22-6 固定资产投资（不含农户）（2013年）","https://tjj.fujian.gov.cn/tongjinianjian/dz2014/cn/html/2206.htm","fixed_asset_investment",,,,,,,,,,,,"39.89","81.4","36.09","82",,,,,,,,,,,,,,
"2013","政和县","政和县","22-1 地区生产总值（2013年）","https://tjj.fujian.gov.cn/tongjinianjian/dz2014/cn/html/2201.htm","gdp","38.92","12.03","13.93","12.14","1.79","12.96","23305",,,,,,,,,,,,,,,,,,,,,,
"2013","政和县","政和县","22-4 年末常住人口数（2013年）","https://tjj.fujian.gov.cn/tongjinianjian/dz2014/cn/html/2204.htm","population",,,,,,,,"16.6","7","9.6","42.2",,,,,,,,,,,,,,,,,,
"2013","政和县","政和县","22-20 社会消费品零售总额（2013年）","https://tjj.fujian.gov.cn/tongjinianjian/dz2014/cn/html/2220.htm","retail_sales",,,,,,,,,,,,,,,,,,,,,,,,,,,,"138221","16.6"
"2013","周宁县","周宁县","22-6 固定资产投资（不含农户）（2013年）","https://tjj.fujian.gov.cn/tongjinianjian/dz2014/cn/html/2206.htm","fixed_asset_investment",,,,,,,,,,,,"27.69","74.3","24.22","60.7",,,,,,,,,,,,,,
"2013","周宁县","周宁县","22-1 地区生产总值（2013年）","https://tjj.fujian.gov.cn/tongjinianjian/dz2014/cn/html/2201.htm","gdp","40.75","7.94","20.62","16.25","4.37","12.19","36738",,,,,,,,,,,,,,,,,,,,,,
"2013","周宁县","周宁县","22-4 年末常住人口数（2013年）","https://tjj.fujian.gov.cn/tongjinianjian/dz2014/cn/html/2204.htm","population",,,,,,,,"11.1","5.1","6","45.9",,,,,,,,,,,,,,,,,,
"2013","周宁县","周宁县","22-20 社会消费品零售总额（2013年）","https://tjj.fujian.gov.cn/tongjinianjian/dz2014/cn/html/2220.htm","retail_sales",,,,,,,,,,,,,,,,,,,,,,,,,,,,"127355","14.5"
"2014","安溪县","安溪县","22-6 固定资产投资（不含农户）（2014年）","https://tjj.fujian.gov.cn/tongjinianjian/dz2015/cn/html/2206.htm","fixed_asset_investment",,,,,,,,,,,,"232.42","28.8","179.04","30.4",,,,,,,,,,,,,,
"2014","安溪县","安溪县","22-1 地区生产总值（2014年）","https://tjj.fujian.gov.cn/tongjinianjian/dz2015/cn/html/2201.htm","gdp","410.19","35.41","226.55","148.23","200.23","26.4","41163",,,,,,,,,,,,,,,,,,,,,,
"2014","安溪县","安溪县","22-4 年末常住人口数（2014年）","https://tjj.fujian.gov.cn/tongjinianjian/dz2015/cn/html/2204.htm","population",,,,,,,,"99.8","40.82","58.98","40.9",,,,,,,,,,,,,,,,,,
"2014","安溪县","安溪县","22-20 社会消费品零售总额（2014年）","https://tjj.fujian.gov.cn/tongjinianjian/dz2015/cn/html/2220.htm","retail_sales",,,,,,,,,,,,,,,,,,,,,,,,,,,,"1595858","12.7"
"2014","仓山区","仓山区","22-6 固定资产投资（不含农户）（2014年）","https://tjj.fujian.gov.cn/tongjinianjian/dz2015/cn/html/2206.htm","fixed_asset_investment",,,,,,,,,,,,"428.81","14.4","105.48","21.6",,,,,,,,,,,,,,
"2014","仓山区","仓山区","22-1 地区生产总值（2014年）","https://tjj.fujian.gov.cn/tongjinianjian/dz2015/cn/html/2201.htm","gdp","396.04","2.66","225.45","167.94","207.6","18.88","49911",,,,,,,,,,,,,,,,,,,,,,
"2014","仓山区","仓山区","22-4 年末常住人口数（2014年）","https://tjj.fujian.gov.cn/tongjinianjian/dz2015/cn/html/2204.htm","population",,,,,,,,"79.7","79.7",,"100",,,,,,,,,,,,,,,,,,
"2014","仓山区","仓山区","22-20 社会消费品零售总额（2014年）","https://tjj.fujian.gov.cn/tongjinianjian/dz2015/cn/html/2220.htm","retail_sales",,,,,,,,,,,,,,,,,,,,,,,,,,,,"3314564","15.7"
"2014","城厢区","城厢区","22-6 固定资产投资（不含农户）（2014年）","https://tjj.fujian.gov.cn/tongjinianjian/dz2015/cn/html/2206.htm","fixed_asset_investment",,,,,,,,,,,,"186.89","16.6","86.29","15.8",,,,,,,,,,,,,,
"2014","城厢区","城厢区","22-1 地区生产总值（2014年）","https://tjj.fujian.gov.cn/tongjinianjian/dz2015/cn/html/2201.htm","gdp","260.54","11.45","115.06","134.03","79.55","36.83","61375",,,,,,,,,,,,,,,,,,,,,,
"2014","城厢区","城厢区","22-4 年末常住人口数（2014年）","https://tjj.fujian.gov.cn/tongjinianjian/dz2015/cn/html/2204.htm","population",,,,,,,,"42.6","28.68","13.92","67.3",,,,,,,,,,,,,,,,,,
"2014","城厢区","城厢区","22-20 社会消费品零售总额（2014年）","https://tjj.fujian.gov.cn/tongjinianjian/dz2015/cn/html/2220.htm","retail_sales",,,,,,,,,,,,,,,,,,,,,,,,,,,,"1475816","19"
"2014","大田县","大田县","22-6 固定资产投资（不含农户）（2014年）","https://tjj.fujian.gov.cn/tongjinianjian/dz2015/cn/html/2206.htm","fixed_asset_investment",,,,,,,,,,,,"189.98","20.4","180.66","28.3",,,,,,,,,,,,,,
"2014","大田县","大田县","22-1 地区生产总值（2014年）","https://tjj.fujian.gov.cn/tongjinianjian/dz2015/cn/html/2201.htm","gdp","148.68","27.09","79.32","42.27","69.45","9.87","47806",,,,,,,,,,,,,,,,,,,,,,
"2014","大田县","大田县","22-4 年末常住人口数（2014年）","https://tjj.fujian.gov.cn/tongjinianjian/dz2015/cn/html/2204.htm","population",,,,,,,,"31.1","14.34","16.76","46.1",,,,,,,,,,,,,,,,,,
"2014","大田县","大田县","22-20 社会消费品零售总额（2014年）","https://tjj.fujian.gov.cn/tongjinianjian/dz2015/cn/html/2220.htm","retail_sales",,,,,,,,,,,,,,,,,,,,,,,,,,,,"390245","13.8"
"2014","德化县","德化县","22-6 固定资产投资（不含农户）（2014年）","https://tjj.fujian.gov.cn/tongjinianjian/dz2015/cn/html/2206.htm","fixed_asset_investment",,,,,,,,,,,,"85.07","25.9","61.55","30.4",,,,,,,,,,,,,,
"2014","德化县","德化县","22-1 地区生产总值（2014年）","https://tjj.fujian.gov.cn/tongjinianjian/dz2015/cn/html/2201.htm","gdp","170.15","10.08","103.41","56.66","81.37","22.05","60231",,,,,,,,,,,,,,,,,,,,,,
"2014","德化县","德化县","22-4 年末常住人口数（2014年）","https://tjj.fujian.gov.cn/tongjinianjian/dz2015/cn/html/2204.htm","population",,,,,,,,"28.2","20.61","7.59","73.1",,,,,,,,,,,,,,,,,,
"2014","德化县","德化县","22-20 社会消费品零售总额（2014年）","https://tjj.fujian.gov.cn/tongjinianjian/dz2015/cn/html/2220.htm","retail_sales",,,,,,,,,,,,,,,,,,,,,,,,,,,,"535252","10"
"2014","东山县","东山县","22-6 固定资产投资（不含农户）（2014年）","https://tjj.fujian.gov.cn/tongjinianjian/dz2015/cn/html/2206.htm","fixed_asset_investment",,,,,,,,,,,,"130.01","10.7","109.14","31.6",,,,,,,,,,,,,,
"2014","东山县","东山县","22-1 地区生产总值（2014年）","https://tjj.fujian.gov.cn/tongjinianjian/dz2015/cn/html/2201.htm","gdp","139.5","27.79","67.74","43.98","59.71","8.03","64184",,,,,,,,,,,,,,,,,,,,,,
"2014","东山县","东山县","22-4 年末常住人口数（2014年）","https://tjj.fujian.gov.cn/tongjinianjian/dz2015/cn/html/2204.htm","population",,,,,,,,"21.77","11.87","9.91","54.5",,,,,,,,,,,,,,,,,,
"2014","东山县","东山县","22-20 社会消费品零售总额（2014年）","https://tjj.fujian.gov.cn/tongjinianjian/dz2015/cn/html/2220.htm","retail_sales",,,,,,,,,,,,,,,,,,,,,,,,,,,,"319179","10.7"
"2014","丰泽区","丰泽区","22-6 固定资产投资（不含农户）（2014年）","https://tjj.fujian.gov.cn/tongjinianjian/dz2015/cn/html/2206.htm","fixed_asset_investment",,,,,,,,,,,,"240.56","26.1","87.05","49.7",,,,,,,,,,,,,,
"2014","丰泽区","丰泽区","22-1 地区生产总值（2014年）","https://tjj.fujian.gov.cn/tongjinianjian/dz2015/cn/html/2201.htm","gdp","442.25","1.32","174.61","266.32","123.11","51.51","80118",,,,,,,,,,,,,,,,,,,,,,
"2014","丰泽区","丰泽区","22-4 年末常住人口数（2014年）","https://tjj.fujian.gov.cn/tongjinianjian/dz2015/cn/html/2204.htm","population",,,,,,,,"55.6","55.6",,"100",,,,,,,,,,,,,,,,,,
"2014","丰泽区","丰泽区","22-20 社会消费品零售总额（2014年）","https://tjj.fujian.gov.cn/tongjinianjian/dz2015/cn/html/2220.htm","retail_sales",,,,,,,,,,,,,,,,,,,,,,,,,,,,"2427675","9.9"
"2014","福安市","福安市","22-6 固定资产投资（不含农户）（2014年）","https://tjj.fujian.gov.cn/tongjinianjian/dz2015/cn/html/2206.htm","fixed_asset_investment",,,,,,,,,,,,"209.94","28.5","187.45","35.1",,,,,,,,,,,,,,
"2014","福安市","福安市","22-1 地区生产总值（2014年）","https://tjj.fujian.gov.cn/tongjinianjian/dz2015/cn/html/2201.htm","gdp","335.06","41.32","208.23","85.52","189.38","19.27","58912",,,,,,,,,,,,,,,,,,,,,,
"2014","福安市","福安市","22-4 年末常住人口数（2014年）","https://tjj.fujian.gov.cn/tongjinianjian/dz2015/cn/html/2204.htm","population",,,,,,,,"56.95","34.97","21.98","61.4",,,,,,,,,,,,,,,,,,
"2014","福安市","福安市","22-20 社会消费品零售总额（2014年）","https://tjj.fujian.gov.cn/tongjinianjian/dz2015/cn/html/2220.htm","retail_sales",,,,,,,,,,,,,,,,,,,,,,,,,,,,"782921","12.9"
"2014","福鼎市","福鼎市","22-6 固定资产投资（不含农户）（2014年）","https://tjj.fujian.gov.cn/tongjinianjian/dz2015/cn/html/2206.htm","fixed_asset_investment",,,,,,,,,,,,"213.63","21.3","161.16","11.9",,,,,,,,,,,,,,
"2014","福鼎市","福鼎市","22-1 地区生产总值（2014年）","https://tjj.fujian.gov.cn/tongjinianjian/dz2015/cn/html/2201.htm","gdp","282.47","37.81","172.95","71.71","158.05","15.23","52848",,,,,,,,,,,,,,,,,,,,,,
"2014","福鼎市","福鼎市","22-4 年末常住人口数（2014年）","https://tjj.fujian.gov.cn/tongjinianjian/dz2015/cn/html/2204.htm","population",,,,,,,,"53.5","30.23","23.27","56.5",,,,,,,,,,,,,,,,,,
"2014","福鼎市","福鼎市","22-20 社会消费品零售总额（2014年）","https://tjj.fujian.gov.cn/tongjinianjian/dz2015/cn/html/2220.htm","retail_sales",,,,,,,,,,,,,,,,,,,,,,,,,,,,"740807","10.6"
"2014","福清市","福清市","22-6 固定资产投资（不含农户）（2014年）","https://tjj.fujian.gov.cn/tongjinianjian/dz2015/cn/html/2206.htm","fixed_asset_investment",,,,,,,,,,,,"642.93","17","535.45","17.9",,,,,,,,,,,,,,
"2014","福清市","福清市","22-1 地区生产总值（2014年）","https://tjj.fujian.gov.cn/tongjinianjian/dz2015/cn/html/2201.htm","gdp","728.68","88.27","377.57","262.84","302.65","74.93","57444",,,,,,,,,,,,,,,,,,,,,,
"2014","福清市","福清市","22-4 年末常住人口数（2014年）","https://tjj.fujian.gov.cn/tongjinianjian/dz2015/cn/html/2204.htm","population",,,,,,,,"127.5","60.31","67.19","47.3",,,,,,,,,,,,,,,,,,
"2014","福清市","福清市","22-20 社会消费品零售总额（2014年）","https://tjj.fujian.gov.cn/tongjinianjian/dz2015/cn/html/2220.htm","retail_sales",,,,,,,,,,,,,,,,,,,,,,,,,,,,"2927484","16.5"
"2014","古田县","古田县","22-6 固定资产投资（不含农户）（2014年）","https://tjj.fujian.gov.cn/tongjinianjian/dz2015/cn/html/2206.htm","fixed_asset_investment",,,,,,,,,,,,"63.57","37","51.53","27.2",,,,,,,,,,,,,,
"2014","古田县","古田县","22-1 地区生产总值（2014年）","https://tjj.fujian.gov.cn/tongjinianjian/dz2015/cn/html/2201.htm","gdp","139.83","35.94","59.21","44.68","50.73","8.59","42848",,,,,,,,,,,,,,,,,,,,,,
"2014","古田县","古田县","22-4 年末常住人口数（2014年）","https://tjj.fujian.gov.cn/tongjinianjian/dz2015/cn/html/2204.htm","population",,,,,,,,"32.67","13.49","19.18","41.3",,,,,,,,,,,,,,,,,,
"2014","古田县","古田县","22-20 社会消费品零售总额（2014年）","https://tjj.fujian.gov.cn/tongjinianjian/dz2015/cn/html/2220.htm","retail_sales",,,,,,,,,,,,,,,,,,,,,,,,,,,,"466707","12.7"
"2014","鼓楼区","鼓楼区","22-6 固定资产投资（不含农户）（2014年）","https://tjj.fujian.gov.cn/tongjinianjian/dz2015/cn/html/2206.htm","fixed_asset_investment",,,,,,,,,,,,"400.57","12","348.39","13.8",,,,,,,,,,,,,,
"2014","鼓楼区","鼓楼区","22-1 地区生产总值（2014年）","https://tjj.fujian.gov.cn/tongjinianjian/dz2015/cn/html/2201.htm","gdp","1011.22",,"220.8","790.43","70.66","151","142426",,,,,,,,,,,,,,,,,,,,,,
"2014","鼓楼区","鼓楼区","22-4 年末常住人口数（2014年）","https://tjj.fujian.gov.cn/tongjinianjian/dz2015/cn/html/2204.htm","population",,,,,,,,"71.5","71.5",,"100",,,,,,,,,,,,,,,,,,
"2014","鼓楼区","鼓楼区","22-20 社会消费品零售总额（2014年）","https://tjj.fujian.gov.cn/tongjinianjian/dz2015/cn/html/2220.htm","retail_sales",,,,,,,,,,,,,,,,,,,,,,,,,,,,"8408118","14.5"
"2014","光泽县","光泽县","22-6 固定资产投资（不含农户）（2014年）","https://tjj.fujian.gov.cn/tongjinianjian/dz2015/cn/html/2206.htm","fixed_asset_investment",,,,,,,,,,,,"37.36","11","30.45","13.7",,,,,,,,,,,,,,
"2014","光泽县","光泽县","22-1 地区生产总值（2014年）","https://tjj.fujian.gov.cn/tongjinianjian/dz2015/cn/html/2201.htm","gdp","69.08","31.05","22.5","15.53","19.97","2.53","52535",,,,,,,,,,,,,,,,,,,,,,
"2014","光泽县","光泽县","22-4 年末常住人口数（2014年）","https://tjj.fujian.gov.cn/tongjinianjian/dz2015/cn/html/2204.htm","population",,,,,,,,"13.3","5.87","7.43","44.1",,,,,,,,,,,,,,,,,,
"2014","光泽县","光泽县","22-20 社会消费品零售总额（2014年）","https://tjj.fujian.gov.cn/tongjinianjian/dz2015/cn/html/2220.htm","retail_sales",,,,,,,,,,,,,,,,,,,,,,,,,,,,"156832","6.8"
"2014","海沧区","海沧区","22-6 固定资产投资（不含农户）（2014年）","https://tjj.fujian.gov.cn/tongjinianjian/dz2015/cn/html/2206.htm","fixed_asset_investment",,,,,,,,,,,,"293.42","21.8","150.5","-11.8",,,,,,,,,,,,,,
"2014","海沧区","海沧区","22-1 地区生产总值（2014年）","https://tjj.fujian.gov.cn/tongjinianjian/dz2015/cn/html/2201.htm","gdp","483.45","1.36","311.19","170.9","293.1","18.08","151789",,,,,,,,,,,,,,,,,,,,,,
"2014","海沧区","海沧区","22-4 年末常住人口数（2014年）","https://tjj.fujian.gov.cn/tongjinianjian/dz2015/cn/html/2204.htm","population",,,,,,,,"32.5","29.54","2.96","90.9",,,,,,,,,,,,,,,,,,
"2014","海沧区","海沧区","22-20 社会消费品零售总额（2014年）","https://tjj.fujian.gov.cn/tongjinianjian/dz2015/cn/html/2220.htm","retail_sales",,,,,,,,,,,,,,,,,,,,,,,,,,,,"1146918","21.5"
"2014","涵江区","涵江区","22-6 固定资产投资（不含农户）（2014年）","https://tjj.fujian.gov.cn/tongjinianjian/dz2015/cn/html/2206.htm","fixed_asset_investment",,,,,,,,,,,,"272.92","26.3","228.44","27.6",,,,,,,,,,,,,,
"2014","涵江区","涵江区","22-1 地区生产总值（2014年）","https://tjj.fujian.gov.cn/tongjinianjian/dz2015/cn/html/2201.htm","gdp","368.05","15.36","254.81","97.88","236.08","22.68","76757",,,,,,,,,,,,,,,,,,,,,,
"2014","涵江区","涵江区","22-4 年末常住人口数（2014年）","https://tjj.fujian.gov.cn/tongjinianjian/dz2015/cn/html/2204.htm","population",,,,,,,,"48.1","37.63","10.47","78.2",,,,,,,,,,,,,,,,,,
"2014","涵江区","涵江区","22-20 社会消费品零售总额（2014年）","https://tjj.fujian.gov.cn/tongjinianjian/dz2015/cn/html/2220.htm","retail_sales",,,,,,,,,,,,,,,,,,,,,,,,,,,,"942279","9.5"
"2014","湖里区","湖里区","22-6 固定资产投资（不含农户）（2014年）","https://tjj.fujian.gov.cn/tongjinianjian/dz2015/cn/html/2206.htm","fixed_asset_investment",,,,,,,,,,,,"320.5","33.9","197.36","28.1",,,,,,,,,,,,,,
"2014","湖里区","湖里区","22-1 地区生产总值（2014年）","https://tjj.fujian.gov.cn/tongjinianjian/dz2015/cn/html/2201.htm","gdp","753.75","1.09","341.51","411.15","316.98","41.83","75564",,,,,,,,,,,,,,,,,,,,,,
"2014","湖里区","湖里区","22-4 年末常住人口数（2014年）","https://tjj.fujian.gov.cn/tongjinianjian/dz2015/cn/html/2204.htm","population",,,,,,,,"100.6","100.6",,"100",,,,,,,,,,,,,,,,,,
"2014","湖里区","湖里区","22-20 社会消费品零售总额（2014年）","https://tjj.fujian.gov.cn/tongjinianjian/dz2015/cn/html/2220.htm","retail_sales",,,,,,,,,,,,,,,,,,,,,,,,,,,,"3245081","13.5"
"2014","华安县","华安县","22-6 固定资产投资（不含农户）（2014年）","https://tjj.fujian.gov.cn/tongjinianjian/dz2015/cn/html/2206.htm","fixed_asset_investment",,,,,,,,,,,,"100.32","5.5","91.33","2.4",,,,,,,,,,,,,,
"2014","华安县","华安县","22-1 地区生产总值（2014年）","https://tjj.fujian.gov.cn/tongjinianjian/dz2015/cn/html/2201.htm","gdp","90.42","20.06","48.69","21.67","40.06","8.63","55970",,,,,,,,,,,,,,,,,,,,,,
"2014","华安县","华安县","22-4 年末常住人口数（2014年）","https://tjj.fujian.gov.cn/tongjinianjian/dz2015/cn/html/2204.htm","population",,,,,,,,"16.21","7.93","8.28","48.9",,,,,,,,,,,,,,,,,,
"2014","华安县","华安县","22-20 社会消费品零售总额（2014年）","https://tjj.fujian.gov.cn/tongjinianjian/dz2015/cn/html/2220.htm","retail_sales",,,,,,,,,,,,,,,,,,,,,,,,,,,,"180931","11.8"
"2014","惠安县","惠安县","22-6 固定资产投资（不含农户）（2014年）","https://tjj.fujian.gov.cn/tongjinianjian/dz2015/cn/html/2206.htm","fixed_asset_investment",,,,,,,,,,,,"360.02","-8.9","288.34","-20.1",,,,,,,,,,,,,,
"2014","惠安县","惠安县","22-1 地区生产总值（2014年）","https://tjj.fujian.gov.cn/tongjinianjian/dz2015/cn/html/2201.htm","gdp","691.81","27.85","465.49","198.46","399.1","66.45","70846",,,,,,,,,,,,,,,,,,,,,,
"2014","惠安县","惠安县","22-4 年末常住人口数（2014年）","https://tjj.fujian.gov.cn/tongjinianjian/dz2015/cn/html/2204.htm","population",,,,,,,,"98.4","53.04","45.36","53.9",,,,,,,,,,,,,,,,,,
"2014","惠安县","惠安县","22-20 社会消费品零售总额（2014年）","https://tjj.fujian.gov.cn/tongjinianjian/dz2015/cn/html/2220.htm","retail_sales",,,,,,,,,,,,,,,,,,,,,,,,,,,,"1795386","9.7"
"2014","集美区","集美区","22-6 固定资产投资（不含农户）（2014年）","https://tjj.fujian.gov.cn/tongjinianjian/dz2015/cn/html/2206.htm","fixed_asset_investment",,,,,,,,,,,,"299.21","7","146.52","16.9",,,,,,,,,,,,,,
"2014","集美区","集美区","22-1 地区生产总值（2014年）","https://tjj.fujian.gov.cn/tongjinianjian/dz2015/cn/html/2201.htm","gdp","458.31","2.33","247.72","208.26","206.17","41.54","73329",,,,,,,,,,,,,,,,,,,,,,
"2014","集美区","集美区","22-4 年末常住人口数（2014年）","https://tjj.fujian.gov.cn/tongjinianjian/dz2015/cn/html/2204.htm","population",,,,,,,,"63.3","54.69","8.61","86.4",,,,,,,,,,,,,,,,,,
"2014","集美区","集美区","22-20 社会消费品零售总额（2014年）","https://tjj.fujian.gov.cn/tongjinianjian/dz2015/cn/html/2220.htm","retail_sales",,,,,,,,,,,,,,,,,,,,,,,,,,,,"1075860","19.4"
"2014","建宁县","建宁县","22-6 固定资产投资（不含农户）（2014年）","https://tjj.fujian.gov.cn/tongjinianjian/dz2015/cn/html/2206.htm","fixed_asset_investment",,,,,,,,,,,,"78.87","19.3","76.55","24.5",,,,,,,,,,,,,,
"2014","建宁县","建宁县","22-1 地区生产总值（2014年）","https://tjj.fujian.gov.cn/tongjinianjian/dz2015/cn/html/2201.htm","gdp","74.14","17.25","38.15","18.74","19.4","18.75","61272",,,,,,,,,,,,,,,,,,,,,,
"2014","建宁县","建宁县","22-4 年末常住人口数（2014年）","https://tjj.fujian.gov.cn/tongjinianjian/dz2015/cn/html/2204.htm","population",,,,,,,,"12.1","4.85","7.25","40.1",,,,,,,,,,,,,,,,,,
"2014","建宁县","建宁县","22-20 社会消费品零售总额（2014年）","https://tjj.fujian.gov.cn/tongjinianjian/dz2015/cn/html/2220.htm","retail_sales",,,,,,,,,,,,,,,,,,,,,,,,,,,,"162687","15.5"
"2014","建瓯市","建瓯市","22-6 固定资产投资（不含农户）（2014年）","https://tjj.fujian.gov.cn/tongjinianjian/dz2015/cn/html/2206.htm","fixed_asset_investment",,,,,,,,,,,,"210.03","20.2","189.51","21.8",,,,,,,,,,,,,,
"2014","建瓯市","建瓯市","22-1 地区生产总值（2014年）","https://tjj.fujian.gov.cn/tongjinianjian/dz2015/cn/html/2201.htm","gdp","175.92","49.31","66.04","60.57","55.03","11","38878",,,,,,,,,,,,,,,,,,,,,,
"2014","建瓯市","建瓯市","22-4 年末常住人口数（2014年）","https://tjj.fujian.gov.cn/tongjinianjian/dz2015/cn/html/2204.htm","population",,,,,,,,"45.2","21.02","24.18","46.5",,,,,,,,,,,,,,,,,,
"2014","建瓯市","建瓯市","22-20 社会消费品零售总额（2014年）","https://tjj.fujian.gov.cn/tongjinianjian/dz2015/cn/html/2220.htm","retail_sales",,,,,,,,,,,,,,,,,,,,,,,,,,,,"610088","10.9"
"2014","建阳市","建阳区","22-6 固定资产投资（不含农户）（2014年）","https://tjj.fujian.gov.cn/tongjinianjian/dz2015/cn/html/2206.htm","fixed_asset_investment",,,,,,,,,,,,"234.42","31.2","204.34","41.5",,,,,,,,,,,,,,
"2014","建阳市","建阳区","22-1 地区生产总值（2014年）","https://tjj.fujian.gov.cn/tongjinianjian/dz2015/cn/html/2201.htm","gdp","140.14","31.65","69.54","38.96","57.28","12.26","48077",,,,,,,,,,,,,,,,,,,,,,
"2014","建阳市","建阳区","22-4 年末常住人口数（2014年）","https://tjj.fujian.gov.cn/tongjinianjian/dz2015/cn/html/2204.htm","population",,,,,,,,"29.2","16.03","13.17","54.9",,,,,,,,,,,,,,,,,,
"2014","建阳市","建阳区","22-20 社会消费品零售总额（2014年）","https://tjj.fujian.gov.cn/tongjinianjian/dz2015/cn/html/2220.htm","retail_sales",,,,,,,,,,,,,,,,,,,,,,,,,,,,"439812","15.2"
"2014","将乐县","将乐县","22-6 固定资产投资（不含农户）（2014年）","https://tjj.fujian.gov.cn/tongjinianjian/dz2015/cn/html/2206.htm","fixed_asset_investment",,,,,,,,,,,,"90.45","18.8","76.1","25.8",,,,,,,,,,,,,,
"2014","将乐县","将乐县","22-1 地区生产总值（2014年）","https://tjj.fujian.gov.cn/tongjinianjian/dz2015/cn/html/2201.htm","gdp","96.95","16.2","52.95","27.8","38.09","14.87","65069",,,,,,,,,,,,,,,,,,,,,,
"2014","将乐县","将乐县","22-4 年末常住人口数（2014年）","https://tjj.fujian.gov.cn/tongjinianjian/dz2015/cn/html/2204.htm","population",,,,,,,,"14.9","7.57","7.33","50.8",,,,,,,,,,,,,,,,,,
"2014","将乐县","将乐县","22-20 社会消费品零售总额（2014年）","https://tjj.fujian.gov.cn/tongjinianjian/dz2015/cn/html/2220.htm","retail_sales",,,,,,,,,,,,,,,,,,,,,,,,,,,,"187633","12.6"
"2014","蕉城区","蕉城区","22-6 固定资产投资（不含农户）（2014年）","https://tjj.fujian.gov.cn/tongjinianjian/dz2015/cn/html/2206.htm","fixed_asset_investment",,,,,,,,,,,,"313.72","31.6","182.23","46.9",,,,,,,,,,,,,,
"2014","蕉城区","蕉城区","22-1 地区生产总值（2014年）","https://tjj.fujian.gov.cn/tongjinianjian/dz2015/cn/html/2201.htm","gdp","239.4","31.78","107.8","99.82","62.03","45.92","54415",,,,,,,,,,,,,,,,,,,,,,
"2014","蕉城区","蕉城区","22-4 年末常住人口数（2014年）","https://tjj.fujian.gov.cn/tongjinianjian/dz2015/cn/html/2204.htm","population",,,,,,,,"44.09","27.64","16.45","62.7",,,,,,,,,,,,,,,,,,
"2014","蕉城区","蕉城区","22-20 社会消费品零售总额（2014年）","https://tjj.fujian.gov.cn/tongjinianjian/dz2015/cn/html/2220.htm","retail_sales",,,,,,,,,,,,,,,,,,,,,,,,,,,,"1000166","14.7"
"2014","晋安区","晋安区","22-6 固定资产投资（不含农户）（2014年）","https://tjj.fujian.gov.cn/tongjinianjian/dz2015/cn/html/2206.htm","fixed_asset_investment",,,,,,,,,,,,"415.74","18.5","251.88","24.5",,,,,,,,,,,,,,
"2014","晋安区","晋安区","22-1 地区生产总值（2014年）","https://tjj.fujian.gov.cn/tongjinianjian/dz2015/cn/html/2201.htm","gdp","447.04","4.73","167.16","275.15","107.46","60.07","53763",,,,,,,,,,,,,,,,,,,,,,
"2014","晋安区","晋安区","22-4 年末常住人口数（2014年）","https://tjj.fujian.gov.cn/tongjinianjian/dz2015/cn/html/2204.htm","population",,,,,,,,"83.6","82.76","0.84","99",,,,,,,,,,,,,,,,,,
"2014","晋安区","晋安区","22-20 社会消费品零售总额（2014年）","https://tjj.fujian.gov.cn/tongjinianjian/dz2015/cn/html/2220.htm","retail_sales",,,,,,,,,,,,,,,,,,,,,,,,,,,,"4962205","13.6"
"2014","晋江市","晋江市","22-6 固定资产投资（不含农户）（2014年）","https://tjj.fujian.gov.cn/tongjinianjian/dz2015/cn/html/2206.htm","fixed_asset_investment",,,,,,,,,,,,"748.37","21.3","573.8","20.9",,,,,,,,,,,,,,
"2014","晋江市","晋江市","22-1 地区生产总值（2014年）","https://tjj.fujian.gov.cn/tongjinianjian/dz2015/cn/html/2201.htm","gdp","1492.86","18.64","998.96","475.26","942.44","57.75","72645",,,,,,,,,,,,,,,,,,,,,,
"2014","晋江市","晋江市","22-4 年末常住人口数（2014年）","https://tjj.fujian.gov.cn/tongjinianjian/dz2015/cn/html/2204.htm","population",,,,,,,,"206.5","132.16","74.34","64",,,,,,,,,,,,,,,,,,
"2014","晋江市","晋江市","22-20 社会消费品零售总额（2014年）","https://tjj.fujian.gov.cn/tongjinianjian/dz2015/cn/html/2220.htm","retail_sales",,,,,,,,,,,,,,,,,,,,,,,,,,,,"4205481","12.6"
"2014","鲤城区","鲤城区","22-6 固定资产投资（不含农户）（2014年）","https://tjj.fujian.gov.cn/tongjinianjian/dz2015/cn/html/2206.htm","fixed_asset_investment",,,,,,,,,,,,"115.82","16.5","75.78","1.4",,,,,,,,,,,,,,
"2014","鲤城区","鲤城区","22-1 地区生产总值（2014年）","https://tjj.fujian.gov.cn/tongjinianjian/dz2015/cn/html/2201.htm","gdp","340.19","0.12","197.57","142.51","180.96","16.86","80329",,,,,,,,,,,,,,,,,,,,,,
"2014","鲤城区","鲤城区","22-4 年末常住人口数（2014年）","https://tjj.fujian.gov.cn/tongjinianjian/dz2015/cn/html/2204.htm","population",,,,,,,,"42.7","42.7",,"100",,,,,,,,,,,,,,,,,,
"2014","鲤城区","鲤城区","22-20 社会消费品零售总额（2014年）","https://tjj.fujian.gov.cn/tongjinianjian/dz2015/cn/html/2220.htm","retail_sales",,,,,,,,,,,,,,,,,,,,,,,,,,,,"2705073","11.7"
"2014","荔城区","荔城区","22-6 固定资产投资（不含农户）（2014年）","https://tjj.fujian.gov.cn/tongjinianjian/dz2015/cn/html/2206.htm","fixed_asset_investment",,,,,,,,,,,,"245.01","13.4","148.23","15.1",,,,,,,,,,,,,,
"2014","荔城区","荔城区","22-1 地区生产总值（2014年）","https://tjj.fujian.gov.cn/tongjinianjian/dz2015/cn/html/2201.htm","gdp","294.78","15.98","179.47","99.33","144.68","37.21","57630",,,,,,,,,,,,,,,,,,,,,,
"2014","荔城区","荔城区","22-4 年末常住人口数（2014年）","https://tjj.fujian.gov.cn/tongjinianjian/dz2015/cn/html/2204.htm","population",,,,,,,,"51.3","35.47","15.83","69.1",,,,,,,,,,,,,,,,,,
"2014","荔城区","荔城区","22-20 社会消费品零售总额（2014年）","https://tjj.fujian.gov.cn/tongjinianjian/dz2015/cn/html/2220.htm","retail_sales",,,,,,,,,,,,,,,,,,,,,,,,,,,,"1222488","9.1"
"2014","连城县","连城县","22-6 固定资产投资（不含农户）（2014年）","https://tjj.fujian.gov.cn/tongjinianjian/dz2015/cn/html/2206.htm","fixed_asset_investment",,,,,,,,,,,,"159.67","23.1","148.74","22.9",,,,,,,,,,,,,,
"2014","连城县","连城县","22-1 地区生产总值（2014年）","https://tjj.fujian.gov.cn/tongjinianjian/dz2015/cn/html/2201.htm","gdp","137.79","27.93","62","47.86","52.88","9.12","56354",,,,,,,,,,,,,,,,,,,,,,
"2014","连城县","连城县","22-4 年末常住人口数（2014年）","https://tjj.fujian.gov.cn/tongjinianjian/dz2015/cn/html/2204.htm","population",,,,,,,,"24.4","10.27","14.13","42.1",,,,,,,,,,,,,,,,,,
"2014","连城县","连城县","22-20 社会消费品零售总额（2014年）","https://tjj.fujian.gov.cn/tongjinianjian/dz2015/cn/html/2220.htm","retail_sales",,,,,,,,,,,,,,,,,,,,,,,,,,,,"554433","19.5"
"2014","连江县","连江县","22-6 固定资产投资（不含农户）（2014年）","https://tjj.fujian.gov.cn/tongjinianjian/dz2015/cn/html/2206.htm","fixed_asset_investment",,,,,,,,,,,,"424.71","24.1","324.33","53.3",,,,,,,,,,,,,,
"2014","连江县","连江县","22-1 地区生产总值（2014年）","https://tjj.fujian.gov.cn/tongjinianjian/dz2015/cn/html/2201.htm","gdp","325.35","110.96","131.21","83.17","115.94","15.77","56779",,,,,,,,,,,,,,,,,,,,,,
"2014","连江县","连江县","22-4 年末常住人口数（2014年）","https://tjj.fujian.gov.cn/tongjinianjian/dz2015/cn/html/2204.htm","population",,,,,,,,"57.6","24.77","32.83","43",,,,,,,,,,,,,,,,,,
"2014","连江县","连江县","22-20 社会消费品零售总额（2014年）","https://tjj.fujian.gov.cn/tongjinianjian/dz2015/cn/html/2220.htm","retail_sales",,,,,,,,,,,,,,,,,,,,,,,,,,,,"926790","17.4"
"2014","龙海市","龙海市","22-6 固定资产投资（不含农户）（2014年）","https://tjj.fujian.gov.cn/tongjinianjian/dz2015/cn/html/2206.htm","fixed_asset_investment",,,,,,,,,,,,"389.72","28.3","280.66","13.4",,,,,,,,,,,,,,
"2014","龙海市","龙海市","22-1 地区生产总值（2014年）","https://tjj.fujian.gov.cn/tongjinianjian/dz2015/cn/html/2201.htm","gdp","573.9","55.82","325.79","192.29","272.97","52.81","62289",,,,,,,,,,,,,,,,,,,,,,
"2014","龙海市","龙海市","22-4 年末常住人口数（2014年）","https://tjj.fujian.gov.cn/tongjinianjian/dz2015/cn/html/2204.htm","population",,,,,,,,"92.47","48.82","43.64","52.8",,,,,,,,,,,,,,,,,,
"2014","龙海市","龙海市","22-20 社会消费品零售总额（2014年）","https://tjj.fujian.gov.cn/tongjinianjian/dz2015/cn/html/2220.htm","retail_sales",,,,,,,,,,,,,,,,,,,,,,,,,,,,"1071230","9.8"
"2014","龙文区","龙文区","22-6 固定资产投资（不含农户）（2014年）","https://tjj.fujian.gov.cn/tongjinianjian/dz2015/cn/html/2206.htm","fixed_asset_investment",,,,,,,,,,,,"166.4","23.2","71.78","22.2",,,,,,,,,,,,,,
"2014","龙文区","龙文区","22-1 地区生产总值（2014年）","https://tjj.fujian.gov.cn/tongjinianjian/dz2015/cn/html/2201.htm","gdp","146.54","4.85","80.83","60.86","59.84","20.99","79083",,,,,,,,,,,,,,,,,,,,,,
"2014","龙文区","龙文区","22-4 年末常住人口数（2014年）","https://tjj.fujian.gov.cn/tongjinianjian/dz2015/cn/html/2204.htm","population",,,,,,,,"18.56","15.8","2.77","85.1",,,,,,,,,,,,,,,,,,
"2014","龙文区","龙文区","22-20 社会消费品零售总额（2014年）","https://tjj.fujian.gov.cn/tongjinianjian/dz2015/cn/html/2220.htm","retail_sales",,,,,,,,,,,,,,,,,,,,,,,,,,,,"786633","25.5"
"2014","罗源县","罗源县","22-6 固定资产投资（不含农户）（2014年）","https://tjj.fujian.gov.cn/tongjinianjian/dz2015/cn/html/2206.htm","fixed_asset_investment",,,,,,,,,,,,"158.06","12","75.81","4.7",,,,,,,,,,,,,,
"2014","罗源县","罗源县","22-1 地区生产总值（2014年）","https://tjj.fujian.gov.cn/tongjinianjian/dz2015/cn/html/2201.htm","gdp","172.67","30.61","114.05","28.01","107.91","6.38","83620",,,,,,,,,,,,,,,,,,,,,,
"2014","罗源县","罗源县","22-4 年末常住人口数（2014年）","https://tjj.fujian.gov.cn/tongjinianjian/dz2015/cn/html/2204.htm","population",,,,,,,,"20.8","8.84","11.96","42.5",,,,,,,,,,,,,,,,,,
"2014","罗源县","罗源县","22-20 社会消费品零售总额（2014年）","https://tjj.fujian.gov.cn/tongjinianjian/dz2015/cn/html/2220.htm","retail_sales",,,,,,,,,,,,,,,,,,,,,,,,,,,,"427259","15.6"
"2014","洛江区","洛江区","22-6 固定资产投资（不含农户）（2014年）","https://tjj.fujian.gov.cn/tongjinianjian/dz2015/cn/html/2206.htm","fixed_asset_investment",,,,,,,,,,,,"74.27","22.1","42.28","5.6",,,,,,,,,,,,,,
"2014","洛江区","洛江区","22-1 地区生产总值（2014年）","https://tjj.fujian.gov.cn/tongjinianjian/dz2015/cn/html/2201.htm","gdp","132.89","3.9","98.6","30.39","88.41","10.19","64822",,,,,,,,,,,,,,,,,,,,,,
"2014","洛江区","洛江区","22-4 年末常住人口数（2014年）","https://tjj.fujian.gov.cn/tongjinianjian/dz2015/cn/html/2204.htm","population",,,,,,,,"20.8","11.23","9.57","54",,,,,,,,,,,,,,,,,,
"2014","洛江区","洛江区","22-20 社会消费品零售总额（2014年）","https://tjj.fujian.gov.cn/tongjinianjian/dz2015/cn/html/2220.htm","retail_sales",,,,,,,,,,,,,,,,,,,,,,,,,,,,"258077","11.4"
"2014","马尾区","马尾区","22-6 固定资产投资（不含农户）（2014年）","https://tjj.fujian.gov.cn/tongjinianjian/dz2015/cn/html/2206.htm","fixed_asset_investment",,,,,,,,,,,,"216.97","49.4","151.42","48.8",,,,,,,,,,,,,,
"2014","马尾区","马尾区","22-1 地区生产总值（2014年）","https://tjj.fujian.gov.cn/tongjinianjian/dz2015/cn/html/2201.htm","gdp","373.92","5.61","252.78","115.52","234.23","19.19","151383",,,,,,,,,,,,,,,,,,,,,,
"2014","马尾区","马尾区","22-4 年末常住人口数（2014年）","https://tjj.fujian.gov.cn/tongjinianjian/dz2015/cn/html/2204.htm","population",,,,,,,,"24.8","17.51","7.29","70.6",,,,,,,,,,,,,,,,,,
"2014","马尾区","马尾区","22-20 社会消费品零售总额（2014年）","https://tjj.fujian.gov.cn/tongjinianjian/dz2015/cn/html/2220.htm","retail_sales",,,,,,,,,,,,,,,,,,,,,,,,,,,,"1339637","27.1"
"2014","梅列区","梅列区","22-6 固定资产投资（不含农户）（2014年）","https://tjj.fujian.gov.cn/tongjinianjian/dz2015/cn/html/2206.htm","fixed_asset_investment",,,,,,,,,,,,"134.45","17.6","93.64","7",,,,,,,,,,,,,,
"2014","梅列区","梅列区","22-1 地区生产总值（2014年）","https://tjj.fujian.gov.cn/tongjinianjian/dz2015/cn/html/2201.htm","gdp","224.44","3.73","120.75","99.96","108.41","12.34","125386",,,,,,,,,,,,,,,,,,,,,,
"2014","梅列区","梅列区","22-4 年末常住人口数（2014年）","https://tjj.fujian.gov.cn/tongjinianjian/dz2015/cn/html/2204.htm","population",,,,,,,,"17.9","17.43","0.47","97.4",,,,,,,,,,,,,,,,,,
"2014","梅列区","梅列区","22-20 社会消费品零售总额（2014年）","https://tjj.fujian.gov.cn/tongjinianjian/dz2015/cn/html/2220.htm","retail_sales",,,,,,,,,,,,,,,,,,,,,,,,,,,,"675832","7.3"
"2014","闽侯县","闽侯县","22-6 固定资产投资（不含农户）（2014年）","https://tjj.fujian.gov.cn/tongjinianjian/dz2015/cn/html/2206.htm","fixed_asset_investment",,,,,,,,,,,,"535.77","19.1","310.53","13.1",,,,,,,,,,,,,,
"2014","闽侯县","闽侯县","22-1 地区生产总值（2014年）","https://tjj.fujian.gov.cn/tongjinianjian/dz2015/cn/html/2201.htm","gdp","412.73","33.31","256.95","122.47","228.47","29.52","59471",,,,,,,,,,,,,,,,,,,,,,
"2014","闽侯县","闽侯县","22-4 年末常住人口数（2014年）","https://tjj.fujian.gov.cn/tongjinianjian/dz2015/cn/html/2204.htm","population",,,,,,,,"69.5","36.14","33.36","52",,,,,,,,,,,,,,,,,,
"2014","闽侯县","闽侯县","22-20 社会消费品零售总额（2014年）","https://tjj.fujian.gov.cn/tongjinianjian/dz2015/cn/html/2220.htm","retail_sales",,,,,,,,,,,,,,,,,,,,,,,,,,,,"1747533","23.4"
"2014","闽清县","闽清县","22-6 固定资产投资（不含农户）（2014年）","https://tjj.fujian.gov.cn/tongjinianjian/dz2015/cn/html/2206.htm","fixed_asset_investment",,,,,,,,,,,,"49.4","27.1","35.52","9.9",,,,,,,,,,,,,,
"2014","闽清县","闽清县","22-1 地区生产总值（2014年）","https://tjj.fujian.gov.cn/tongjinianjian/dz2015/cn/html/2201.htm","gdp","130.35","23.07","74.16","33.12","62.56","11.66","55586",,,,,,,,,,,,,,,,,,,,,,
"2014","闽清县","闽清县","22-4 年末常住人口数（2014年）","https://tjj.fujian.gov.cn/tongjinianjian/dz2015/cn/html/2204.htm","population",,,,,,,,"23.6","8.85","14.75","37.5",,,,,,,,,,,,,,,,,,
"2014","闽清县","闽清县","22-20 社会消费品零售总额（2014年）","https://tjj.fujian.gov.cn/tongjinianjian/dz2015/cn/html/2220.htm","retail_sales",,,,,,,,,,,,,,,,,,,,,,,,,,,,"411655","15.6"
"2014","明溪县","明溪县","22-6 固定资产投资（不含农户）（2014年）","https://tjj.fujian.gov.cn/tongjinianjian/dz2015/cn/html/2206.htm","fixed_asset_investment",,,,,,,,,,,,"62.73","20.8","57.25","21.7",,,,,,,,,,,,,,
"2014","明溪县","明溪县","22-1 地区生产总值（2014年）","https://tjj.fujian.gov.cn/tongjinianjian/dz2015/cn/html/2201.htm","gdp","55.21","13.87","25.09","16.25","18.92","6.17","54663",,,,,,,,,,,,,,,,,,,,,,
"2014","明溪县","明溪县","22-4 年末常住人口数（2014年）","https://tjj.fujian.gov.cn/tongjinianjian/dz2015/cn/html/2204.htm","population",,,,,,,,"10.1","4.9","5.2","48.5",,,,,,,,,,,,,,,,,,
"2014","明溪县","明溪县","22-20 社会消费品零售总额（2014年）","https://tjj.fujian.gov.cn/tongjinianjian/dz2015/cn/html/2220.htm","retail_sales",,,,,,,,,,,,,,,,,,,,,,,,,,,,"136020","12.4"
"2014","南安市","南安市","22-6 固定资产投资（不含农户）（2014年）","https://tjj.fujian.gov.cn/tongjinianjian/dz2015/cn/html/2206.htm","fixed_asset_investment",,,,,,,,,,,,"414.83","22.9","351.23","27.1",,,,,,,,,,,,,,
"2014","南安市","南安市","22-1 地区生产总值（2014年）","https://tjj.fujian.gov.cn/tongjinianjian/dz2015/cn/html/2201.htm","gdp","780.51","23.28","494.33","262.9","457.61","36.89","53459",,,,,,,,,,,,,,,,,,,,,,
"2014","南安市","南安市","22-4 年末常住人口数（2014年）","https://tjj.fujian.gov.cn/tongjinianjian/dz2015/cn/html/2204.htm","population",,,,,,,,"146.5","81.01","65.49","55.3",,,,,,,,,,,,,,,,,,
"2014","南安市","南安市","22-20 社会消费品零售总额（2014年）","https://tjj.fujian.gov.cn/tongjinianjian/dz2015/cn/html/2220.htm","retail_sales",,,,,,,,,,,,,,,,,,,,,,,,,,,,"3226527","15.6"
"2014","南靖县","南靖县","22-6 固定资产投资（不含农户）（2014年）","https://tjj.fujian.gov.cn/tongjinianjian/dz2015/cn/html/2206.htm","fixed_asset_investment",,,,,,,,,,,,"171.01","25.2","154.82","22.4",,,,,,,,,,,,,,
"2014","南靖县","南靖县","22-1 地区生产总值（2014年）","https://tjj.fujian.gov.cn/tongjinianjian/dz2015/cn/html/2201.htm","gdp","195.46","46.78","94.49","54.18","85.64","8.86","57836",,,,,,,,,,,,,,,,,,,,,,
"2014","南靖县","南靖县","22-4 年末常住人口数（2014年）","https://tjj.fujian.gov.cn/tongjinianjian/dz2015/cn/html/2204.htm","population",,,,,,,,"33.89","16.1","17.79","47.5",,,,,,,,,,,,,,,,,,
"2014","南靖县","南靖县","22-20 社会消费品零售总额（2014年）","https://tjj.fujian.gov.cn/tongjinianjian/dz2015/cn/html/2220.htm","retail_sales",,,,,,,,,,,,,,,,,,,,,,,,,,,,"354902","10"
"2014","宁化县","宁化县","22-6 固定资产投资（不含农户）（2014年）","https://tjj.fujian.gov.cn/tongjinianjian/dz2015/cn/html/2206.htm","fixed_asset_investment",,,,,,,,,,,,"127.6","20","109.11","22.5",,,,,,,,,,,,,,
"2014","宁化县","宁化县","22-1 地区生产总值（2014年）","https://tjj.fujian.gov.cn/tongjinianjian/dz2015/cn/html/2201.htm","gdp","101.58","25.83","44.98","30.77","32.01","12.97","36938",,,,,,,,,,,,,,,,,,,,,,
"2014","宁化县","宁化县","22-4 年末常住人口数（2014年）","https://tjj.fujian.gov.cn/tongjinianjian/dz2015/cn/html/2204.htm","population",,,,,,,,"27.5","10.59","16.91","38.5",,,,,,,,,,,,,,,,,,
"2014","宁化县","宁化县","22-20 社会消费品零售总额（2014年）","https://tjj.fujian.gov.cn/tongjinianjian/dz2015/cn/html/2220.htm","retail_sales",,,,,,,,,,,,,,,,,,,,,,,,,,,,"302037","15.6"
"2014","平和县","平和县","22-6 固定资产投资（不含农户）（2014年）","https://tjj.fujian.gov.cn/tongjinianjian/dz2015/cn/html/2206.htm","fixed_asset_investment",,,,,,,,,,,,"123.8","28.3","109.75","28.9",,,,,,,,,,,,,,
"2014","平和县","平和县","22-1 地区生产总值（2014年）","https://tjj.fujian.gov.cn/tongjinianjian/dz2015/cn/html/2201.htm","gdp","159.84","52.57","48.43","58.84","36.27","12.16","32061",,,,,,,,,,,,,,,,,,,,,,
"2014","平和县","平和县","22-4 年末常住人口数（2014年）","https://tjj.fujian.gov.cn/tongjinianjian/dz2015/cn/html/2204.htm","population",,,,,,,,"50.01","20.75","29.26","41.5",,,,,,,,,,,,,,,,,,
"2014","平和县","平和县","22-20 社会消费品零售总额（2014年）","https://tjj.fujian.gov.cn/tongjinianjian/dz2015/cn/html/2220.htm","retail_sales",,,,,,,,,,,,,,,,,,,,,,,,,,,,"475250","11.2"
"2014","平潭县","平潭县","22-6 固定资产投资（不含农户）（2014年）","https://tjj.fujian.gov.cn/tongjinianjian/dz2015/cn/html/2206.htm","fixed_asset_investment",,,,,,,,,,,,"273.95","-18.4","207.42","-27.6",,,,,,,,,,,,,,
"2014","平潭县","平潭县","22-1 地区生产总值（2014年）","https://tjj.fujian.gov.cn/tongjinianjian/dz2015/cn/html/2201.htm","gdp","171.24","34.34","55.22","81.68","9.34","45.88","41765",,,,,,,,,,,,,,,,,,,,,,
"2014","平潭县","平潭县","22-4 年末常住人口数（2014年）","https://tjj.fujian.gov.cn/tongjinianjian/dz2015/cn/html/2204.htm","population",,,,,,,,"42","17.89","24.11","42.6",,,,,,,,,,,,,,,,,,
"2014","平潭县","平潭县","22-20 社会消费品零售总额（2014年）","https://tjj.fujian.gov.cn/tongjinianjian/dz2015/cn/html/2220.htm","retail_sales",,,,,,,,,,,,,,,,,,,,,,,,,,,,"505347","8.6"
"2014","屏南县","屏南县","22-6 固定资产投资（不含农户）（2014年）","https://tjj.fujian.gov.cn/tongjinianjian/dz2015/cn/html/2206.htm","fixed_asset_investment",,,,,,,,,,,,"33.59","33.9","28.71","56.5",,,,,,,,,,,,,,
"2014","屏南县","屏南县","22-1 地区生产总值（2014年）","https://tjj.fujian.gov.cn/tongjinianjian/dz2015/cn/html/2201.htm","gdp","58.86","13.02","25.59","20.25","21.29","4.35","43172",,,,,,,,,,,,,,,,,,,,,,
"2014","屏南县","屏南县","22-4 年末常住人口数（2014年）","https://tjj.fujian.gov.cn/tongjinianjian/dz2015/cn/html/2204.htm","population",,,,,,,,"13.67","5.58","8.09","40.8",,,,,,,,,,,,,,,,,,
"2014","屏南县","屏南县","22-20 社会消费品零售总额（2014年）","https://tjj.fujian.gov.cn/tongjinianjian/dz2015/cn/html/2220.htm","retail_sales",,,,,,,,,,,,,,,,,,,,,,,,,,,,"149623","11.4"
"2014","浦城县","浦城县","22-6 固定资产投资（不含农户）（2014年）","https://tjj.fujian.gov.cn/tongjinianjian/dz2015/cn/html/2206.htm","fixed_asset_investment",,,,,,,,,,,,"124.82","23.5","120.69","25.3",,,,,,,,,,,,,,
"2014","浦城县","浦城县","22-1 地区生产总值（2014年）","https://tjj.fujian.gov.cn/tongjinianjian/dz2015/cn/html/2201.htm","gdp","107.8","27.94","42.03","37.83","32.62","9.41","36114",,,,,,,,,,,,,,,,,,,,,,
"2014","浦城县","浦城县","22-4 年末常住人口数（2014年）","https://tjj.fujian.gov.cn/tongjinianjian/dz2015/cn/html/2204.htm","population",,,,,,,,"29.8","13.44","16.36","45.1",,,,,,,,,,,,,,,,,,
"2014","浦城县","浦城县","22-20 社会消费品零售总额（2014年）","https://tjj.fujian.gov.cn/tongjinianjian/dz2015/cn/html/2220.htm","retail_sales",,,,,,,,,,,,,,,,,,,,,,,,,,,,"365224","10.6"
"2014","清流县","清流县","22-6 固定资产投资（不含农户）（2014年）","https://tjj.fujian.gov.cn/tongjinianjian/dz2015/cn/html/2206.htm","fixed_asset_investment",,,,,,,,,,,,"76.54","18.8","71.2","24.4",,,,,,,,,,,,,,
"2014","清流县","清流县","22-1 地区生产总值（2014年）","https://tjj.fujian.gov.cn/tongjinianjian/dz2015/cn/html/2201.htm","gdp","75.86","15.14","37.4","23.31","27.1","10.31","56189",,,,,,,,,,,,,,,,,,,,,,
"2014","清流县","清流县","22-4 年末常住人口数（2014年）","https://tjj.fujian.gov.cn/tongjinianjian/dz2015/cn/html/2204.htm","population",,,,,,,,"13.5","5.91","7.59","43.8",,,,,,,,,,,,,,,,,,
"2014","清流县","清流县","22-20 社会消费品零售总额（2014年）","https://tjj.fujian.gov.cn/tongjinianjian/dz2015/cn/html/2220.htm","retail_sales",,,,,,,,,,,,,,,,,,,,,,,,,,,,"185829","20.2"
"2014","泉港区","泉港区","22-6 固定资产投资（不含农户）（2014年）","https://tjj.fujian.gov.cn/tongjinianjian/dz2015/cn/html/2206.htm","fixed_asset_investment",,,,,,,,,,,,"165.5","20.9","149.54","22.9",,,,,,,,,,,,,,
"2014","泉港区","泉港区","22-1 地区生产总值（2014年）","https://tjj.fujian.gov.cn/tongjinianjian/dz2015/cn/html/2201.htm","gdp","344.38","10.43","250.89","83.06","217.89","33","106453",,,,,,,,,,,,,,,,,,,,,,
"2014","泉港区","泉港区","22-4 年末常住人口数（2014年）","https://tjj.fujian.gov.cn/tongjinianjian/dz2015/cn/html/2204.htm","population",,,,,,,,"32.4","15.07","17.33","46.5",,,,,,,,,,,,,,,,,,
"2014","泉港区","泉港区","22-20 社会消费品零售总额（2014年）","https://tjj.fujian.gov.cn/tongjinianjian/dz2015/cn/html/2220.htm","retail_sales",,,,,,,,,,,,,,,,,,,,,,,,,,,,"741000","13"
"2014","三元区","三元区","22-6 固定资产投资（不含农户）（2014年）","https://tjj.fujian.gov.cn/tongjinianjian/dz2015/cn/html/2206.htm","fixed_asset_investment",,,,,,,,,,,,"142.55","20.3","137.65","18.7",,,,,,,,,,,,,,
"2014","三元区","三元区","22-1 地区生产总值（2014年）","https://tjj.fujian.gov.cn/tongjinianjian/dz2015/cn/html/2201.htm","gdp","113.55","11.59","62.71","39.26","50.41","12.29","57059",,,,,,,,,,,,,,,,,,,,,,
"2014","三元区","三元区","22-4 年末常住人口数（2014年）","https://tjj.fujian.gov.cn/tongjinianjian/dz2015/cn/html/2204.htm","population",,,,,,,,"19.9","16.8","3.1","84.4",,,,,,,,,,,,,,,,,,
"2014","三元区","三元区","22-20 社会消费品零售总额（2014年）","https://tjj.fujian.gov.cn/tongjinianjian/dz2015/cn/html/2220.htm","retail_sales",,,,,,,,,,,,,,,,,,,,,,,,,,,,"307368","10.9"
"2014","沙县","沙县","22-6 固定资产投资（不含农户）（2014年）","https://tjj.fujian.gov.cn/tongjinianjian/dz2015/cn/html/2206.htm","fixed_asset_investment",,,,,,,,,,,,"171.95","17.6","153.47","12",,,,,,,,,,,,,,
"2014","沙县","沙县","22-1 地区生产总值（2014年）","https://tjj.fujian.gov.cn/tongjinianjian/dz2015/cn/html/2201.htm","gdp","179.96","26.04","97.8","56.13","84.46","13.35","78932",,,,,,,,,,,,,,,,,,,,,,
"2014","沙县","沙县","22-4 年末常住人口数（2014年）","https://tjj.fujian.gov.cn/tongjinianjian/dz2015/cn/html/2204.htm","population",,,,,,,,"22.8","13.82","8.98","60.6",,,,,,,,,,,,,,,,,,
"2014","沙县","沙县","22-20 社会消费品零售总额（2014年）","https://tjj.fujian.gov.cn/tongjinianjian/dz2015/cn/html/2220.htm","retail_sales",,,,,,,,,,,,,,,,,,,,,,,,,,,,"433938","8.4"
"2014","上杭县","上杭县","22-6 固定资产投资（不含农户）（2014年）","https://tjj.fujian.gov.cn/tongjinianjian/dz2015/cn/html/2206.htm","fixed_asset_investment",,,,,,,,,,,,"167.92","24.7","163.17","24.2",,,,,,,,,,,,,,
"2014","上杭县","上杭县","22-1 地区生产总值（2014年）","https://tjj.fujian.gov.cn/tongjinianjian/dz2015/cn/html/2201.htm","gdp","226.7","28.57","130.01","68.12","99.61","30.4","61187",,,,,,,,,,,,,,,,,,,,,,
"2014","上杭县","上杭县","22-4 年末常住人口数（2014年）","https://tjj.fujian.gov.cn/tongjinianjian/dz2015/cn/html/2204.htm","population",,,,,,,,"37","15.58","21.42","42.1",,,,,,,,,,,,,,,,,,
"2014","上杭县","上杭县","22-20 社会消费品零售总额（2014年）","https://tjj.fujian.gov.cn/tongjinianjian/dz2015/cn/html/2220.htm","retail_sales",,,,,,,,,,,,,,,,,,,,,,,,,,,,"587100","20.4"
"2014","邵武市","邵武市","22-6 固定资产投资（不含农户）（2014年）","https://tjj.fujian.gov.cn/tongjinianjian/dz2015/cn/html/2206.htm","fixed_asset_investment",,,,,,,,,,,,"264.11","36.6","246.31","36.6",,,,,,,,,,,,,,
"2014","邵武市","邵武市","22-1 地区生产总值（2014年）","https://tjj.fujian.gov.cn/tongjinianjian/dz2015/cn/html/2201.htm","gdp","185.42","30.25","94.28","60.89","72.12","22.16","67547",,,,,,,,,,,,,,,,,,,,,,
"2014","邵武市","邵武市","22-4 年末常住人口数（2014年）","https://tjj.fujian.gov.cn/tongjinianjian/dz2015/cn/html/2204.htm","population",,,,,,,,"27.4","18.5","8.9","67.5",,,,,,,,,,,,,,,,,,
"2014","邵武市","邵武市","22-20 社会消费品零售总额（2014年）","https://tjj.fujian.gov.cn/tongjinianjian/dz2015/cn/html/2220.htm","retail_sales",,,,,,,,,,,,,,,,,,,,,,,,,,,,"931979","16.5"
"2014","石狮市","石狮市","22-6 固定资产投资（不含农户）（2014年）","https://tjj.fujian.gov.cn/tongjinianjian/dz2015/cn/html/2206.htm","fixed_asset_investment",,,,,,,,,,,,"345.49","20.4","217.83","5.3",,,,,,,,,,,,,,
"2014","石狮市","石狮市","22-1 地区生产总值（2014年）","https://tjj.fujian.gov.cn/tongjinianjian/dz2015/cn/html/2201.htm","gdp","638.37","19.49","379.73","239.14","347.33","32.72","95350",,,,,,,,,,,,,,,,,,,,,,
"2014","石狮市","石狮市","22-4 年末常住人口数（2014年）","https://tjj.fujian.gov.cn/tongjinianjian/dz2015/cn/html/2204.htm","population",,,,,,,,"67.6","52.59","15.01","77.8",,,,,,,,,,,,,,,,,,
"2014","石狮市","石狮市","22-20 社会消费品零售总额（2014年）","https://tjj.fujian.gov.cn/tongjinianjian/dz2015/cn/html/2220.htm","retail_sales",,,,,,,,,,,,,,,,,,,,,,,,,,,,"3523509","14.2"
"2014","寿宁县","寿宁县","22-6 固定资产投资（不含农户）（2014年）","https://tjj.fujian.gov.cn/tongjinianjian/dz2015/cn/html/2206.htm","fixed_asset_investment",,,,,,,,,,,,"53.98","32.9","50.61","36.3",,,,,,,,,,,,,,
"2014","寿宁县","寿宁县","22-1 地区生产总值（2014年）","https://tjj.fujian.gov.cn/tongjinianjian/dz2015/cn/html/2201.htm","gdp","63.66","14.88","29.68","19.1","21.18","8.54","36137",,,,,,,,,,,,,,,,,,,,,,
"2014","寿宁县","寿宁县","22-4 年末常住人口数（2014年）","https://tjj.fujian.gov.cn/tongjinianjian/dz2015/cn/html/2204.htm","population",,,,,,,,"17.63","7.88","9.75","44.7",,,,,,,,,,,,,,,,,,
"2014","寿宁县","寿宁县","22-20 社会消费品零售总额（2014年）","https://tjj.fujian.gov.cn/tongjinianjian/dz2015/cn/html/2220.htm","retail_sales",,,,,,,,,,,,,,,,,,,,,,,,,,,,"176199","10.7"
"2014","顺昌县","顺昌县","22-6 固定资产投资（不含农户）（2014年）","https://tjj.fujian.gov.cn/tongjinianjian/dz2015/cn/html/2206.htm","fixed_asset_investment",,,,,,,,,,,,"46.15","49.7","43.15","54.2",,,,,,,,,,,,,,
"2014","顺昌县","顺昌县","22-1 地区生产总值（2014年）","https://tjj.fujian.gov.cn/tongjinianjian/dz2015/cn/html/2201.htm","gdp","84.05","19.71","31.8","32.53","25.96","5.84","44824",,,,,,,,,,,,,,,,,,,,,,
"2014","顺昌县","顺昌县","22-4 年末常住人口数（2014年）","https://tjj.fujian.gov.cn/tongjinianjian/dz2015/cn/html/2204.htm","population",,,,,,,,"18.7","8.98","9.72","48",,,,,,,,,,,,,,,,,,
"2014","顺昌县","顺昌县","22-20 社会消费品零售总额（2014年）","https://tjj.fujian.gov.cn/tongjinianjian/dz2015/cn/html/2220.htm","retail_sales",,,,,,,,,,,,,,,,,,,,,,,,,,,,"247149","7.5"
"2014","思明区","思明区","22-6 固定资产投资（不含农户）（2014年）","https://tjj.fujian.gov.cn/tongjinianjian/dz2015/cn/html/2206.htm","fixed_asset_investment",,,,,,,,,,,,"234.28","13.6","105.8","4.5",,,,,,,,,,,,,,
"2014","思明区","思明区","22-1 地区生产总值（2014年）","https://tjj.fujian.gov.cn/tongjinianjian/dz2015/cn/html/2201.htm","gdp","979.88","0.3","155.77","823.81","85.98","69.8","100346",,,,,,,,,,,,,,,,,,,,,,
"2014","思明区","思明区","22-4 年末常住人口数（2014年）","https://tjj.fujian.gov.cn/tongjinianjian/dz2015/cn/html/2204.htm","population",,,,,,,,"98.3","98.3",,"100",,,,,,,,,,,,,,,,,,
"2014","思明区","思明区","22-20 社会消费品零售总额（2014年）","https://tjj.fujian.gov.cn/tongjinianjian/dz2015/cn/html/2220.htm","retail_sales",,,,,,,,,,,,,,,,,,,,,,,,,,,,"4182807","3.1"
"2014","松溪县","松溪县","22-6 固定资产投资（不含农户）（2014年）","https://tjj.fujian.gov.cn/tongjinianjian/dz2015/cn/html/2206.htm","fixed_asset_investment",,,,,,,,,,,,"41.73","47","39.66","59.2",,,,,,,,,,,,,,
"2014","松溪县","松溪县","22-1 地区生产总值（2014年）","https://tjj.fujian.gov.cn/tongjinianjian/dz2015/cn/html/2201.htm","gdp","39.52","12.07","14.88","12.57","11.15","3.73","33350",,,,,,,,,,,,,,,,,,,,,,
"2014","松溪县","松溪县","22-4 年末常住人口数（2014年）","https://tjj.fujian.gov.cn/tongjinianjian/dz2015/cn/html/2204.htm","population",,,,,,,,"11.8","5.17","6.63","43.8",,,,,,,,,,,,,,,,,,
"2014","松溪县","松溪县","22-20 社会消费品零售总额（2014年）","https://tjj.fujian.gov.cn/tongjinianjian/dz2015/cn/html/2220.htm","retail_sales",,,,,,,,,,,,,,,,,,,,,,,,,,,,"176231","13.9"
"2014","台江区","台江区","22-6 固定资产投资（不含农户）（2014年）","https://tjj.fujian.gov.cn/tongjinianjian/dz2015/cn/html/2206.htm","fixed_asset_investment",,,,,,,,,,,,"339.16","13.4","220.75","18.8",,,,,,,,,,,,,,
"2014","台江区","台江区","22-1 地区生产总值（2014年）","https://tjj.fujian.gov.cn/tongjinianjian/dz2015/cn/html/2201.htm","gdp","342.1",,"75.02","267.08","26.99","49.02","73967",,,,,,,,,,,,,,,,,,,,,,
"2014","台江区","台江区","22-4 年末常住人口数（2014年）","https://tjj.fujian.gov.cn/tongjinianjian/dz2015/cn/html/2204.htm","population",,,,,,,,"46.5","46.5",,"100",,,,,,,,,,,,,,,,,,
"2014","台江区","台江区","22-20 社会消费品零售总额（2014年）","https://tjj.fujian.gov.cn/tongjinianjian/dz2015/cn/html/2220.htm","retail_sales",,,,,,,,,,,,,,,,,,,,,,,,,,,,"3665731","12.6"
"2014","泰宁县","泰宁县","22-6 固定资产投资（不含农户）（2014年）","https://tjj.fujian.gov.cn/tongjinianjian/dz2015/cn/html/2206.htm","fixed_asset_investment",,,,,,,,,,,,"73.58","19.8","70.52","23.1",,,,,,,,,,,,,,
"2014","泰宁县","泰宁县","22-1 地区生产总值（2014年）","https://tjj.fujian.gov.cn/tongjinianjian/dz2015/cn/html/2201.htm","gdp","76.93","14.34","35.47","27.12","26.34","9.13","69308",,,,,,,,,,,,,,,,,,,,,,
"2014","泰宁县","泰宁县","22-4 年末常住人口数（2014年）","https://tjj.fujian.gov.cn/tongjinianjian/dz2015/cn/html/2204.htm","population",,,,,,,,"11.1","5.14","5.96","46.3",,,,,,,,,,,,,,,,,,
"2014","泰宁县","泰宁县","22-20 社会消费品零售总额（2014年）","https://tjj.fujian.gov.cn/tongjinianjian/dz2015/cn/html/2220.htm","retail_sales",,,,,,,,,,,,,,,,,,,,,,,,,,,,"176099","12.3"
"2014","同安区","同安区","22-6 固定资产投资（不含农户）（2014年）","https://tjj.fujian.gov.cn/tongjinianjian/dz2015/cn/html/2206.htm","fixed_asset_investment",,,,,,,,,,,,"161.04","0.7","103.58","3",,,,,,,,,,,,,,
"2014","同安区","同安区","22-1 地区生产总值（2014年）","https://tjj.fujian.gov.cn/tongjinianjian/dz2015/cn/html/2201.htm","gdp","242.77","10.62","134.16","98","116.43","17.72","45849",,,,,,,,,,,,,,,,,,,,,,
"2014","同安区","同安区","22-4 年末常住人口数（2014年）","https://tjj.fujian.gov.cn/tongjinianjian/dz2015/cn/html/2204.htm","population",,,,,,,,"53.6","36.77","16.83","68.6",,,,,,,,,,,,,,,,,,
"2014","同安区","同安区","22-20 社会消费品零售总额（2014年）","https://tjj.fujian.gov.cn/tongjinianjian/dz2015/cn/html/2220.htm","retail_sales",,,,,,,,,,,,,,,,,,,,,,,,,,,,"670396","10.2"
"2014","武平县","武平县","22-6 固定资产投资（不含农户）（2014年）","https://tjj.fujian.gov.cn/tongjinianjian/dz2015/cn/html/2206.htm","fixed_asset_investment",,,,,,,,,,,,"179.99","25.3","166.54","27",,,,,,,,,,,,,,
"2014","武平县","武平县","22-1 地区生产总值（2014年）","https://tjj.fujian.gov.cn/tongjinianjian/dz2015/cn/html/2201.htm","gdp","134.61","29.17","57.9","47.54","41.44","16.46","49037",,,,,,,,,,,,,,,,,,,,,,
"2014","武平县","武平县","22-4 年末常住人口数（2014年）","https://tjj.fujian.gov.cn/tongjinianjian/dz2015/cn/html/2204.htm","population",,,,,,,,"27.4","12.08","15.32","44.1",,,,,,,,,,,,,,,,,,
"2014","武平县","武平县","22-20 社会消费品零售总额（2014年）","https://tjj.fujian.gov.cn/tongjinianjian/dz2015/cn/html/2220.htm","retail_sales",,,,,,,,,,,,,,,,,,,,,,,,,,,,"420661","19"
"2014","武夷山市","武夷山市","22-6 固定资产投资（不含农户）（2014年）","https://tjj.fujian.gov.cn/tongjinianjian/dz2015/cn/html/2206.htm","fixed_asset_investment",,,,,,,,,,,,"233.98","2","217.41","-1.2",,,,,,,,,,,,,,
"2014","武夷山市","武夷山市","22-1 地区生产总值（2014年）","https://tjj.fujian.gov.cn/tongjinianjian/dz2015/cn/html/2201.htm","gdp","123.77","23.44","48.2","52.12","29.68","18.52","53695",,,,,,,,,,,,,,,,,,,,,,
"2014","武夷山市","武夷山市","22-4 年末常住人口数（2014年）","https://tjj.fujian.gov.cn/tongjinianjian/dz2015/cn/html/2204.htm","population",,,,,,,,"23.1","12.73","10.37","55.1",,,,,,,,,,,,,,,,,,
"2014","武夷山市","武夷山市","22-20 社会消费品零售总额（2014年）","https://tjj.fujian.gov.cn/tongjinianjian/dz2015/cn/html/2220.htm","retail_sales",,,,,,,,,,,,,,,,,,,,,,,,,,,,"411480","14.9"
"2014","霞浦县","霞浦县","22-6 固定资产投资（不含农户）（2014年）","https://tjj.fujian.gov.cn/tongjinianjian/dz2015/cn/html/2206.htm","fixed_asset_investment",,,,,,,,,,,,"113.18","28.1","68.39","15.4",,,,,,,,,,,,,,
"2014","霞浦县","霞浦县","22-1 地区生产总值（2014年）","https://tjj.fujian.gov.cn/tongjinianjian/dz2015/cn/html/2201.htm","gdp","166.27","47.62","53.16","65.48","35.62","17.62","35949",,,,,,,,,,,,,,,,,,,,,,
"2014","霞浦县","霞浦县","22-4 年末常住人口数（2014年）","https://tjj.fujian.gov.cn/tongjinianjian/dz2015/cn/html/2204.htm","population",,,,,,,,"46.3","20.42","25.88","44.1",,,,,,,,,,,,,,,,,,
"2014","霞浦县","霞浦县","22-20 社会消费品零售总额（2014年）","https://tjj.fujian.gov.cn/tongjinianjian/dz2015/cn/html/2220.htm","retail_sales",,,,,,,,,,,,,,,,,,,,,,,,,,,,"610742","10.7"
"2014","仙游县","仙游县","22-6 固定资产投资（不含农户）（2014年）","https://tjj.fujian.gov.cn/tongjinianjian/dz2015/cn/html/2206.htm","fixed_asset_investment",,,,,,,,,,,,"221.57","16.2","137.86","8",,,,,,,,,,,,,,
"2014","仙游县","仙游县","22-1 地区生产总值（2014年）","https://tjj.fujian.gov.cn/tongjinianjian/dz2015/cn/html/2201.htm","gdp","275.92","29.04","138.31","108.57","118.24","22.04","32731",,,,,,,,,,,,,,,,,,,,,,
"2014","仙游县","仙游县","22-4 年末常住人口数（2014年）","https://tjj.fujian.gov.cn/tongjinianjian/dz2015/cn/html/2204.htm","population",,,,,,,,"84.6","33.68","50.92","39.8",,,,,,,,,,,,,,,,,,
"2014","仙游县","仙游县","22-20 社会消费品零售总额（2014年）","https://tjj.fujian.gov.cn/tongjinianjian/dz2015/cn/html/2220.htm","retail_sales",,,,,,,,,,,,,,,,,,,,,,,,,,,,"783867","11.9"
"2014","芗城区","芗城区","22-6 固定资产投资（不含农户）（2014年）","https://tjj.fujian.gov.cn/tongjinianjian/dz2015/cn/html/2206.htm","fixed_asset_investment",,,,,,,,,,,,"139.45","2","96.57","0.7",,,,,,,,,,,,,,
"2014","芗城区","芗城区","22-1 地区生产总值（2014年）","https://tjj.fujian.gov.cn/tongjinianjian/dz2015/cn/html/2201.htm","gdp","419.33","7.28","192.15","219.9","152.72","39.43","71902",,,,,,,,,,,,,,,,,,,,,,
"2014","芗城区","芗城区","22-4 年末常住人口数（2014年）","https://tjj.fujian.gov.cn/tongjinianjian/dz2015/cn/html/2204.htm","population",,,,,,,,"58.44","52.54","5.9","89.9",,,,,,,,,,,,,,,,,,
"2014","芗城区","芗城区","22-20 社会消费品零售总额（2014年）","https://tjj.fujian.gov.cn/tongjinianjian/dz2015/cn/html/2220.htm","retail_sales",,,,,,,,,,,,,,,,,,,,,,,,,,,,"1518142","7.5"
"2014","翔安区","翔安区","22-6 固定资产投资（不含农户）（2014年）","https://tjj.fujian.gov.cn/tongjinianjian/dz2015/cn/html/2206.htm","fixed_asset_investment",,,,,,,,,,,,"253.71","20","154.33","0.5",,,,,,,,,,,,,,
"2014","翔安区","翔安区","22-1 地区生产总值（2014年）","https://tjj.fujian.gov.cn/tongjinianjian/dz2015/cn/html/2201.htm","gdp","355.42","8.03","269.99","77.4","232.17","37.82","110038",,,,,,,,,,,,,,,,,,,,,,
"2014","翔安区","翔安区","22-4 年末常住人口数（2014年）","https://tjj.fujian.gov.cn/tongjinianjian/dz2015/cn/html/2204.htm","population",,,,,,,,"32.7","18.54","14.16","56.7",,,,,,,,,,,,,,,,,,
"2014","翔安区","翔安区","22-20 社会消费品零售总额（2014年）","https://tjj.fujian.gov.cn/tongjinianjian/dz2015/cn/html/2220.htm","retail_sales",,,,,,,,,,,,,,,,,,,,,,,,,,,,"401771","8.2"
"2014","新罗区","新罗区","22-6 固定资产投资（不含农户）（2014年）","https://tjj.fujian.gov.cn/tongjinianjian/dz2015/cn/html/2206.htm","fixed_asset_investment",,,,,,,,,,,,"580.57","22.1","425.19","19.8",,,,,,,,,,,,,,
"2014","新罗区","新罗区","22-1 地区生产总值（2014年）","https://tjj.fujian.gov.cn/tongjinianjian/dz2015/cn/html/2201.htm","gdp","607.66","23.47","370.84","213.34","307.3","63.54","86870",,,,,,,,,,,,,,,,,,,,,,
"2014","新罗区","新罗区","22-4 年末常住人口数（2014年）","https://tjj.fujian.gov.cn/tongjinianjian/dz2015/cn/html/2204.htm","population",,,,,,,,"70.6","49.7","20.9","70.4",,,,,,,,,,,,,,,,,,
"2014","新罗区","新罗区","22-20 社会消费品零售总额（2014年）","https://tjj.fujian.gov.cn/tongjinianjian/dz2015/cn/html/2220.htm","retail_sales",,,,,,,,,,,,,,,,,,,,,,,,,,,,"2385048","9.4"
"2014","秀屿区","秀屿区","22-6 固定资产投资（不含农户）（2014年）","https://tjj.fujian.gov.cn/tongjinianjian/dz2015/cn/html/2206.htm","fixed_asset_investment",,,,,,,,,,,,"489.03","30.8","467.73","28.5",,,,,,,,,,,,,,
"2014","秀屿区","秀屿区","22-1 地区生产总值（2014年）","https://tjj.fujian.gov.cn/tongjinianjian/dz2015/cn/html/2201.htm","gdp","302.79","38.02","179.12","85.66","134.5","46.87","52070",,,,,,,,,,,,,,,,,,,,,,
"2014","秀屿区","秀屿区","22-4 年末常住人口数（2014年）","https://tjj.fujian.gov.cn/tongjinianjian/dz2015/cn/html/2204.htm","population",,,,,,,,"58.4","22.14","36.26","37.9",,,,,,,,,,,,,,,,,,
"2014","秀屿区","秀屿区","22-20 社会消费品零售总额（2014年）","https://tjj.fujian.gov.cn/tongjinianjian/dz2015/cn/html/2220.htm","retail_sales",,,,,,,,,,,,,,,,,,,,,,,,,,,,"555814","6.8"
"2014","延平区","延平区","22-6 固定资产投资（不含农户）（2014年）","https://tjj.fujian.gov.cn/tongjinianjian/dz2015/cn/html/2206.htm","fixed_asset_investment",,,,,,,,,,,,"202.8","14.8","165.8","17.8",,,,,,,,,,,,,,
"2014","延平区","延平区","22-1 地区生产总值（2014年）","https://tjj.fujian.gov.cn/tongjinianjian/dz2015/cn/html/2201.htm","gdp","263.46","33.33","138.42","91.71","86.28","52.15","56115",,,,,,,,,,,,,,,,,,,,,,
"2014","延平区","延平区","22-4 年末常住人口数（2014年）","https://tjj.fujian.gov.cn/tongjinianjian/dz2015/cn/html/2204.htm","population",,,,,,,,"47","31.07","15.93","66.1",,,,,,,,,,,,,,,,,,
"2014","延平区","延平区","22-20 社会消费品零售总额（2014年）","https://tjj.fujian.gov.cn/tongjinianjian/dz2015/cn/html/2220.htm","retail_sales",,,,,,,,,,,,,,,,,,,,,,,,,,,,"1012441","11.6"
"2014","永安市","永安市","22-6 固定资产投资（不含农户）（2014年）","https://tjj.fujian.gov.cn/tongjinianjian/dz2015/cn/html/2206.htm","fixed_asset_investment",,,,,,,,,,,,"220.06","18.9","182.52","23.3",,,,,,,,,,,,,,
"2014","永安市","永安市","22-1 地区生产总值（2014年）","https://tjj.fujian.gov.cn/tongjinianjian/dz2015/cn/html/2201.htm","gdp","297.23","27.14","176.92","93.17","158.54","18.38","85410",,,,,,,,,,,,,,,,,,,,,,
"2014","永安市","永安市","22-4 年末常住人口数（2014年）","https://tjj.fujian.gov.cn/tongjinianjian/dz2015/cn/html/2204.htm","population",,,,,,,,"34.8","22.65","12.15","65.1",,,,,,,,,,,,,,,,,,
"2014","永安市","永安市","22-20 社会消费品零售总额（2014年）","https://tjj.fujian.gov.cn/tongjinianjian/dz2015/cn/html/2220.htm","retail_sales",,,,,,,,,,,,,,,,,,,,,,,,,,,,"724505","14.5"
"2014","永春县","永春县","22-6 固定资产投资（不含农户）（2014年）","https://tjj.fujian.gov.cn/tongjinianjian/dz2015/cn/html/2206.htm","fixed_asset_investment",,,,,,,,,,,,"91.96","29.6","71.95","19.2",,,,,,,,,,,,,,
"2014","永春县","永春县","22-1 地区生产总值（2014年）","https://tjj.fujian.gov.cn/tongjinianjian/dz2015/cn/html/2201.htm","gdp","290.25","21.84","167.83","100.58","150.64","17.19","63651",,,,,,,,,,,,,,,,,,,,,,
"2014","永春县","永春县","22-4 年末常住人口数（2014年）","https://tjj.fujian.gov.cn/tongjinianjian/dz2015/cn/html/2204.htm","population",,,,,,,,"45.5","26.07","19.43","57.3",,,,,,,,,,,,,,,,,,
"2014","永春县","永春县","22-20 社会消费品零售总额（2014年）","https://tjj.fujian.gov.cn/tongjinianjian/dz2015/cn/html/2220.htm","retail_sales",,,,,,,,,,,,,,,,,,,,,,,,,,,,"880457","12.1"
"2014","永定县","永定区","22-6 固定资产投资（不含农户）（2014年）","https://tjj.fujian.gov.cn/tongjinianjian/dz2015/cn/html/2206.htm","fixed_asset_investment",,,,,,,,,,,,"161.16","24","155.22","24.7",,,,,,,,,,,,,,
"2014","永定县","永定区","22-1 地区生产总值（2014年）","https://tjj.fujian.gov.cn/tongjinianjian/dz2015/cn/html/2201.htm","gdp","185.05","26.98","96.62","61.44","79.87","16.75","51473",,,,,,,,,,,,,,,,,,,,,,
"2014","永定县","永定区","22-4 年末常住人口数（2014年）","https://tjj.fujian.gov.cn/tongjinianjian/dz2015/cn/html/2204.htm","population",,,,,,,,"35.9","14.97","20.93","41.7",,,,,,,,,,,,,,,,,,
"2014","永定县","永定区","22-20 社会消费品零售总额（2014年）","https://tjj.fujian.gov.cn/tongjinianjian/dz2015/cn/html/2220.htm","retail_sales",,,,,,,,,,,,,,,,,,,,,,,,,,,,"614365","15.1"
"2014","永泰县","永泰县","22-6 固定资产投资（不含农户）（2014年）","https://tjj.fujian.gov.cn/tongjinianjian/dz2015/cn/html/2206.htm","fixed_asset_investment",,,,,,,,,,,,"77.95","24.8","26.4","-39.9",,,,,,,,,,,,,,
"2014","永泰县","永泰县","22-1 地区生产总值（2014年）","https://tjj.fujian.gov.cn/tongjinianjian/dz2015/cn/html/2201.htm","gdp","123.78","39.61","46.27","37.9","12.1","34.18","49812",,,,,,,,,,,,,,,,,,,,,,
"2014","永泰县","永泰县","22-4 年末常住人口数（2014年）","https://tjj.fujian.gov.cn/tongjinianjian/dz2015/cn/html/2204.htm","population",,,,,,,,"25","9.63","15.37","38.5",,,,,,,,,,,,,,,,,,
"2014","永泰县","永泰县","22-20 社会消费品零售总额（2014年）","https://tjj.fujian.gov.cn/tongjinianjian/dz2015/cn/html/2220.htm","retail_sales",,,,,,,,,,,,,,,,,,,,,,,,,,,,"442705","15.5"
"2014","尤溪县","尤溪县","22-6 固定资产投资（不含农户）（2014年）","https://tjj.fujian.gov.cn/tongjinianjian/dz2015/cn/html/2206.htm","fixed_asset_investment",,,,,,,,,,,,"161.19","19.5","144.5","21.2",,,,,,,,,,,,,,
"2014","尤溪县","尤溪县","22-1 地区生产总值（2014年）","https://tjj.fujian.gov.cn/tongjinianjian/dz2015/cn/html/2201.htm","gdp","176.68","46.63","79.43","50.62","59.95","19.48","50050",,,,,,,,,,,,,,,,,,,,,,
"2014","尤溪县","尤溪县","22-4 年末常住人口数（2014年）","https://tjj.fujian.gov.cn/tongjinianjian/dz2015/cn/html/2204.htm","population",,,,,,,,"35.3","14.3","21","40.5",,,,,,,,,,,,,,,,,,
"2014","尤溪县","尤溪县","22-20 社会消费品零售总额（2014年）","https://tjj.fujian.gov.cn/tongjinianjian/dz2015/cn/html/2220.htm","retail_sales",,,,,,,,,,,,,,,,,,,,,,,,,,,,"366259","13.9"
"2014","云霄县","云霄县","22-6 固定资产投资（不含农户）（2014年）","https://tjj.fujian.gov.cn/tongjinianjian/dz2015/cn/html/2206.htm","fixed_asset_investment",,,,,,,,,,,,"149.67","29.5","128.5","48.4",,,,,,,,,,,,,,
"2014","云霄县","云霄县","22-1 地区生产总值（2014年）","https://tjj.fujian.gov.cn/tongjinianjian/dz2015/cn/html/2201.htm","gdp","136.09","23.74","66.36","45.99","57.55","8.81","32848",,,,,,,,,,,,,,,,,,,,,,
"2014","云霄县","云霄县","22-4 年末常住人口数（2014年）","https://tjj.fujian.gov.cn/tongjinianjian/dz2015/cn/html/2204.htm","population",,,,,,,,"41.56","19.08","22.49","45.9",,,,,,,,,,,,,,,,,,
"2014","云霄县","云霄县","22-20 社会消费品零售总额（2014年）","https://tjj.fujian.gov.cn/tongjinianjian/dz2015/cn/html/2220.htm","retail_sales",,,,,,,,,,,,,,,,,,,,,,,,,,,,"459879","13.3"
"2014","漳平市","漳平市","22-6 固定资产投资（不含农户）（2014年）","https://tjj.fujian.gov.cn/tongjinianjian/dz2015/cn/html/2206.htm","fixed_asset_investment",,,,,,,,,,,,"143.91","17.6","133.27","13.4",,,,,,,,,,,,,,
"2014","漳平市","漳平市","22-1 地区生产总值（2014年）","https://tjj.fujian.gov.cn/tongjinianjian/dz2015/cn/html/2201.htm","gdp","172.07","24.56","78.67","68.84","60.55","18.11","71845",,,,,,,,,,,,,,,,,,,,,,
"2014","漳平市","漳平市","22-4 年末常住人口数（2014年）","https://tjj.fujian.gov.cn/tongjinianjian/dz2015/cn/html/2204.htm","population",,,,,,,,"23.9","12.69","11.21","53.1",,,,,,,,,,,,,,,,,,
"2014","漳平市","漳平市","22-20 社会消费品零售总额（2014年）","https://tjj.fujian.gov.cn/tongjinianjian/dz2015/cn/html/2220.htm","retail_sales",,,,,,,,,,,,,,,,,,,,,,,,,,,,"503396","13.5"
"2014","漳浦县","漳浦县","22-6 固定资产投资（不含农户）（2014年）","https://tjj.fujian.gov.cn/tongjinianjian/dz2015/cn/html/2206.htm","fixed_asset_investment",,,,,,,,,,,,"280","51","177.74","43",,,,,,,,,,,,,,
"2014","漳浦县","漳浦县","22-1 地区生产总值（2014年）","https://tjj.fujian.gov.cn/tongjinianjian/dz2015/cn/html/2201.htm","gdp","311.83","60.09","144.52","107.22","111.45","33.07","38517",,,,,,,,,,,,,,,,,,,,,,
"2014","漳浦县","漳浦县","22-4 年末常住人口数（2014年）","https://tjj.fujian.gov.cn/tongjinianjian/dz2015/cn/html/2204.htm","population",,,,,,,,"81.22","38.58","42.64","47.5",,,,,,,,,,,,,,,,,,
"2014","漳浦县","漳浦县","22-20 社会消费品零售总额（2014年）","https://tjj.fujian.gov.cn/tongjinianjian/dz2015/cn/html/2220.htm","retail_sales",,,,,,,,,,,,,,,,,,,,,,,,,,,,"858198","11.7"
"2014","长乐市","长乐市","22-6 固定资产投资（不含农户）（2014年）","https://tjj.fujian.gov.cn/tongjinianjian/dz2015/cn/html/2206.htm","fixed_asset_investment",,,,,,,,,,,,"394.84","17.6","310.41","18.4",,,,,,,,,,,,,,
"2014","长乐市","长乐市","22-1 地区生产总值（2014年）","https://tjj.fujian.gov.cn/tongjinianjian/dz2015/cn/html/2201.htm","gdp","533.08","42.72","359.22","131.14","335.53","23.78","75561",,,,,,,,,,,,,,,,,,,,,,
"2014","长乐市","长乐市","22-4 年末常住人口数（2014年）","https://tjj.fujian.gov.cn/tongjinianjian/dz2015/cn/html/2204.htm","population",,,,,,,,"70.9","32.97","37.93","46.5",,,,,,,,,,,,,,,,,,
"2014","长乐市","长乐市","22-20 社会消费品零售总额（2014年）","https://tjj.fujian.gov.cn/tongjinianjian/dz2015/cn/html/2220.htm","retail_sales",,,,,,,,,,,,,,,,,,,,,,,,,,,,"1516433","17.4"
"2014","长泰县","长泰县","22-6 固定资产投资（不含农户）（2014年）","https://tjj.fujian.gov.cn/tongjinianjian/dz2015/cn/html/2206.htm","fixed_asset_investment",,,,,,,,,,,,"238.28","18","207.06","18.2",,,,,,,,,,,,,,
"2014","长泰县","长泰县","22-1 地区生产总值（2014年）","https://tjj.fujian.gov.cn/tongjinianjian/dz2015/cn/html/2201.htm","gdp","167.15","15.87","104.32","46.96","99.89","4.43","77420",,,,,,,,,,,,,,,,,,,,,,
"2014","长泰县","长泰县","22-4 年末常住人口数（2014年）","https://tjj.fujian.gov.cn/tongjinianjian/dz2015/cn/html/2204.htm","population",,,,,,,,"21.68","11.01","10.66","50.8",,,,,,,,,,,,,,,,,,
"2014","长泰县","长泰县","22-20 社会消费品零售总额（2014年）","https://tjj.fujian.gov.cn/tongjinianjian/dz2015/cn/html/2220.htm","retail_sales",,,,,,,,,,,,,,,,,,,,,,,,,,,,"224553","15.3"
"2014","长汀县","长汀县","22-6 固定资产投资（不含农户）（2014年）","https://tjj.fujian.gov.cn/tongjinianjian/dz2015/cn/html/2206.htm","fixed_asset_investment",,,,,,,,,,,,"165.22","23.5","154.23","24.3",,,,,,,,,,,,,,
"2014","长汀县","长汀县","22-1 地区生产总值（2014年）","https://tjj.fujian.gov.cn/tongjinianjian/dz2015/cn/html/2201.htm","gdp","157.72","27.11","77.23","53.38","57.38","19.84","39727",,,,,,,,,,,,,,,,,,,,,,
"2014","长汀县","长汀县","22-4 年末常住人口数（2014年）","https://tjj.fujian.gov.cn/tongjinianjian/dz2015/cn/html/2204.htm","population",,,,,,,,"39.8","18.35","21.45","46.1",,,,,,,,,,,,,,,,,,
"2014","长汀县","长汀县","22-20 社会消费品零售总额（2014年）","https://tjj.fujian.gov.cn/tongjinianjian/dz2015/cn/html/2220.htm","retail_sales",,,,,,,,,,,,,,,,,,,,,,,,,,,,"534918","20.5"
"2014","诏安县","诏安县","22-6 固定资产投资（不含农户）（2014年）","https://tjj.fujian.gov.cn/tongjinianjian/dz2015/cn/html/2206.htm","fixed_asset_investment",,,,,,,,,,,,"148.27","33.3","137.34","27.9",,,,,,,,,,,,,,
"2014","诏安县","诏安县","22-1 地区生产总值（2014年）","https://tjj.fujian.gov.cn/tongjinianjian/dz2015/cn/html/2201.htm","gdp","166.29","35.65","74.21","56.43","63.85","10.36","27717",,,,,,,,,,,,,,,,,,,,,,
"2014","诏安县","诏安县","22-4 年末常住人口数（2014年）","https://tjj.fujian.gov.cn/tongjinianjian/dz2015/cn/html/2204.htm","population",,,,,,,,"60.19","24.38","35.81","40.5",,,,,,,,,,,,,,,,,,
"2014","诏安县","诏安县","22-20 社会消费品零售总额（2014年）","https://tjj.fujian.gov.cn/tongjinianjian/dz2015/cn/html/2220.htm","retail_sales",,,,,,,,,,,,,,,,,,,,,,,,,,,,"673081","12.9"
"2014","柘荣县","柘荣县","22-6 固定资产投资（不含农户）（2014年）","https://tjj.fujian.gov.cn/tongjinianjian/dz2015/cn/html/2206.htm","fixed_asset_investment",,,,,,,,,,,,"47.53","32.2","45.78","31.7",,,,,,,,,,,,,,
"2014","柘荣县","柘荣县","22-1 地区生产总值（2014年）","https://tjj.fujian.gov.cn/tongjinianjian/dz2015/cn/html/2201.htm","gdp","45.5","7.42","25.94","12.15","22.55","3.44","51412",,,,,,,,,,,,,,,,,,,,,,
"2014","柘荣县","柘荣县","22-4 年末常住人口数（2014年）","https://tjj.fujian.gov.cn/tongjinianjian/dz2015/cn/html/2204.htm","population",,,,,,,,"8.9","5.25","3.65","59",,,,,,,,,,,,,,,,,,
"2014","柘荣县","柘荣县","22-20 社会消费品零售总额（2014年）","https://tjj.fujian.gov.cn/tongjinianjian/dz2015/cn/html/2220.htm","retail_sales",,,,,,,,,,,,,,,,,,,,,,,,,,,,"94573","6.4"
"2014","政和县","政和县","22-6 固定资产投资（不含农户）（2014年）","https://tjj.fujian.gov.cn/tongjinianjian/dz2015/cn/html/2206.htm","fixed_asset_investment",,,,,,,,,,,,"55.67","39.6","43.73","21.2",,,,,,,,,,,,,,
"2014","政和县","政和县","22-1 地区生产总值（2014年）","https://tjj.fujian.gov.cn/tongjinianjian/dz2015/cn/html/2201.htm","gdp","43.4","12.85","15.96","14.6","13.76","2.2","26225",,,,,,,,,,,,,,,,,,,,,,
"2014","政和县","政和县","22-4 年末常住人口数（2014年）","https://tjj.fujian.gov.cn/tongjinianjian/dz2015/cn/html/2204.htm","population",,,,,,,,"16.5","7.13","9.37","43.2",,,,,,,,,,,,,,,,,,
"2014","政和县","政和县","22-20 社会消费品零售总额（2014年）","https://tjj.fujian.gov.cn/tongjinianjian/dz2015/cn/html/2220.htm","retail_sales",,,,,,,,,,,,,,,,,,,,,,,,,,,,"168738","15.3"
"2014","周宁县","周宁县","22-6 固定资产投资（不含农户）（2014年）","https://tjj.fujian.gov.cn/tongjinianjian/dz2015/cn/html/2206.htm","fixed_asset_investment",,,,,,,,,,,,"37.3","34.7","36.27","49.8",,,,,,,,,,,,,,
"2014","周宁县","周宁县","22-1 地区生产总值（2014年）","https://tjj.fujian.gov.cn/tongjinianjian/dz2015/cn/html/2201.htm","gdp","45.04","8.4","23.08","13.56","18.1","5.02","40228",,,,,,,,,,,,,,,,,,,,,,
"2014","周宁县","周宁县","22-4 年末常住人口数（2014年）","https://tjj.fujian.gov.cn/tongjinianjian/dz2015/cn/html/2204.htm","population",,,,,,,,"11.29","5.31","5.98","47",,,,,,,,,,,,,,,,,,
"2014","周宁县","周宁县","22-20 社会消费品零售总额（2014年）","https://tjj.fujian.gov.cn/tongjinianjian/dz2015/cn/html/2220.htm","retail_sales",,,,,,,,,,,,,,,,,,,,,,,,,,,,"128480","9.1"
"2015","安溪县","安溪县","22-10 一般公共预算支出（2015年）","https://tjj.fujian.gov.cn/tongjinianjian/dz2016/cn/html/2210.htm","budget_expenditure",,,,,,,,,,,,,,,,,,,,"516119","59774","149713","10058","84724",,,,,
"2015","安溪县","安溪县","22-9 地方一般公共预算收入（2015年）","https://tjj.fujian.gov.cn/tongjinianjian/dz2016/cn/html/2209.htm","budget_revenue",,,,,,,,,,,,,,,,"239888","19242","55268","30600",,,,,,,,,,
"2015","安溪县","安溪县","22-6 固定资产投资（不含农户）（2015年）","https://tjj.fujian.gov.cn/tongjinianjian/dz2016/cn/html/2206.htm","fixed_asset_investment",,,,,,,,,,,,"281.33","20.5","219.32","22.5",,,,,,,,,,,,,,
"2015","安溪县","安溪县","22-1 地区生产总值（2015年）","https://tjj.fujian.gov.cn/tongjinianjian/dz2016/cn/html/2201.htm","gdp","424.03","36.67","226.01","161.35","197.65","28.43","42339",,,,,,,,,,,,,,,,,,,,,,
"2015","安溪县","安溪县","22-14 规模以上工业增加值（2015年）","https://tjj.fujian.gov.cn/tongjinianjian/dz2016/cn/html/2214.htm","industrial_va_growth",,,,,,,,,,,,,,,,,,,,,,,,,"179.86","129.59","50.27",,
"2015","安溪县","安溪县","22-4 年末常住人口数（2015年）","https://tjj.fujian.gov.cn/tongjinianjian/dz2016/cn/html/2204.htm","population",,,,,,,,"100.5","42.77","57.73","42.6",,,,,,,,,,,,,,,,,,
"2015","安溪县","安溪县","22-19 社会消费品零售总额（2015年）","https://tjj.fujian.gov.cn/tongjinianjian/dz2016/cn/html/2219.htm","retail_sales",,,,,,,,,,,,,,,,,,,,,,,,,,,,"2052494","12.5"
"2015","仓山区","仓山区","22-10 一般公共预算支出（2015年）","https://tjj.fujian.gov.cn/tongjinianjian/dz2016/cn/html/2210.htm","budget_expenditure",,,,,,,,,,,,,,,,,,,,"267565","23819","74675","4155","8806",,,,,
"2015","仓山区","仓山区","22-9 地方一般公共预算收入（2015年）","https://tjj.fujian.gov.cn/tongjinianjian/dz2016/cn/html/2209.htm","budget_revenue",,,,,,,,,,,,,,,,"281609","27763","69025","50145",,,,,,,,,,
"2015","仓山区","仓山区","22-6 固定资产投资（不含农户）（2015年）","https://tjj.fujian.gov.cn/tongjinianjian/dz2016/cn/html/2206.htm","fixed_asset_investment",,,,,,,,,,,,"493.67","15.1","163.61","55.1",,,,,,,,,,,,,,
"2015","仓山区","仓山区","22-1 地区生产总值（2015年）","https://tjj.fujian.gov.cn/tongjinianjian/dz2016/cn/html/2201.htm","gdp","435.02","2.48","239.39","193.15","220.23","20.28","54378",,,,,,,,,,,,,,,,,,,,,,
"2015","仓山区","仓山区","22-14 规模以上工业增加值（2015年）","https://tjj.fujian.gov.cn/tongjinianjian/dz2016/cn/html/2214.htm","industrial_va_growth",,,,,,,,,,,,,,,,,,,,,,,,,"198.68","120.6","78.08",,
"2015","仓山区","仓山区","22-4 年末常住人口数（2015年）","https://tjj.fujian.gov.cn/tongjinianjian/dz2016/cn/html/2204.htm","population",,,,,,,,"80.3","80.3",,"100",,,,,,,,,,,,,,,,,,
"2015","仓山区","仓山区","22-19 社会消费品零售总额（2015年）","https://tjj.fujian.gov.cn/tongjinianjian/dz2016/cn/html/2219.htm","retail_sales",,,,,,,,,,,,,,,,,,,,,,,,,,,,"3803585","14"
"2015","城厢区","城厢区","22-10 一般公共预算支出（2015年）","https://tjj.fujian.gov.cn/tongjinianjian/dz2016/cn/html/2210.htm","budget_expenditure",,,,,,,,,,,,,,,,,,,,"218691","17325","62533","3853","19317",,,,,
"2015","城厢区","城厢区","22-9 地方一般公共预算收入（2015年）","https://tjj.fujian.gov.cn/tongjinianjian/dz2016/cn/html/2209.htm","budget_revenue",,,,,,,,,,,,,,,,"210148","15417","52212","18169",,,,,,,,,,
"2015","城厢区","城厢区","22-6 固定资产投资（不含农户）（2015年）","https://tjj.fujian.gov.cn/tongjinianjian/dz2016/cn/html/2206.htm","fixed_asset_investment",,,,,,,,,,,,"227.36","21.7","90.84","5.3",,,,,,,,,,,,,,
"2015","城厢区","城厢区","22-1 地区生产总值（2015年）","https://tjj.fujian.gov.cn/tongjinianjian/dz2016/cn/html/2201.htm","gdp","284.69","10.71","123.8","150.18","86.85","38.37","66594",,,,,,,,,,,,,,,,,,,,,,
"2015","城厢区","城厢区","22-14 规模以上工业增加值（2015年）","https://tjj.fujian.gov.cn/tongjinianjian/dz2016/cn/html/2214.htm","industrial_va_growth",,,,,,,,,,,,,,,,,,,,,,,,,"88.14","71.06","17.08",,
"2015","城厢区","城厢区","22-4 年末常住人口数（2015年）","https://tjj.fujian.gov.cn/tongjinianjian/dz2016/cn/html/2204.htm","population",,,,,,,,"42.9","29.5","13.4","68.8",,,,,,,,,,,,,,,,,,
"2015","城厢区","城厢区","22-19 社会消费品零售总额（2015年）","https://tjj.fujian.gov.cn/tongjinianjian/dz2016/cn/html/2219.htm","retail_sales",,,,,,,,,,,,,,,,,,,,,,,,,,,,"1673641","12.7"
"2015","大田县","大田县","22-10 一般公共预算支出（2015年）","https://tjj.fujian.gov.cn/tongjinianjian/dz2016/cn/html/2210.htm","budget_expenditure",,,,,,,,,,,,,,,,,,,,"202938","18077","54069","5031","39303",,,,,
"2015","大田县","大田县","22-9 地方一般公共预算收入（2015年）","https://tjj.fujian.gov.cn/tongjinianjian/dz2016/cn/html/2209.htm","budget_revenue",,,,,,,,,,,,,,,,"68685","8383","10812","5501",,,,,,,,,,
"2015","大田县","大田县","22-6 固定资产投资（不含农户）（2015年）","https://tjj.fujian.gov.cn/tongjinianjian/dz2016/cn/html/2206.htm","fixed_asset_investment",,,,,,,,,,,,"229.26","20.7","223.15","23.5",,,,,,,,,,,,,,
"2015","大田县","大田县","22-1 地区生产总值（2015年）","https://tjj.fujian.gov.cn/tongjinianjian/dz2016/cn/html/2201.htm","gdp","157.22","28.02","81.98","47.22","71.16","10.82","50391",,,,,,,,,,,,,,,,,,,,,,
"2015","大田县","大田县","22-14 规模以上工业增加值（2015年）","https://tjj.fujian.gov.cn/tongjinianjian/dz2016/cn/html/2214.htm","industrial_va_growth",,,,,,,,,,,,,,,,,,,,,,,,,"87.86","10.57","77.29",,
"2015","大田县","大田县","22-4 年末常住人口数（2015年）","https://tjj.fujian.gov.cn/tongjinianjian/dz2016/cn/html/2204.htm","population",,,,,,,,"31.3","14.83","16.47","47.4",,,,,,,,,,,,,,,,,,
"2015","大田县","大田县","22-19 社会消费品零售总额（2015年）","https://tjj.fujian.gov.cn/tongjinianjian/dz2016/cn/html/2219.htm","retail_sales",,,,,,,,,,,,,,,,,,,,,,,,,,,,"437043","12"
"2015","德化县","德化县","22-10 一般公共预算支出（2015年）","https://tjj.fujian.gov.cn/tongjinianjian/dz2016/cn/html/2210.htm","budget_expenditure",,,,,,,,,,,,,,,,,,,,"247394","16928","53008","3407","52540",,,,,
"2015","德化县","德化县","22-9 地方一般公共预算收入（2015年）","https://tjj.fujian.gov.cn/tongjinianjian/dz2016/cn/html/2209.htm","budget_revenue",,,,,,,,,,,,,,,,"107020","9956","26126","8973",,,,,,,,,,
"2015","德化县","德化县","22-6 固定资产投资（不含农户）（2015年）","https://tjj.fujian.gov.cn/tongjinianjian/dz2016/cn/html/2206.htm","fixed_asset_investment",,,,,,,,,,,,"97.84","14.9","76.39","24.1",,,,,,,,,,,,,,
"2015","德化县","德化县","22-1 地区生产总值（2015年）","https://tjj.fujian.gov.cn/tongjinianjian/dz2016/cn/html/2201.htm","gdp","182.36","9.55","109.22","63.59","85.54","23.68","64438",,,,,,,,,,,,,,,,,,,,,,
"2015","德化县","德化县","22-14 规模以上工业增加值（2015年）","https://tjj.fujian.gov.cn/tongjinianjian/dz2016/cn/html/2214.htm","industrial_va_growth",,,,,,,,,,,,,,,,,,,,,,,,,"63.48","54.59","8.89",,
"2015","德化县","德化县","22-4 年末常住人口数（2015年）","https://tjj.fujian.gov.cn/tongjinianjian/dz2016/cn/html/2204.htm","population",,,,,,,,"28.4","20.89","7.51","73.6",,,,,,,,,,,,,,,,,,
"2015","德化县","德化县","22-19 社会消费品零售总额（2015年）","https://tjj.fujian.gov.cn/tongjinianjian/dz2016/cn/html/2219.htm","retail_sales",,,,,,,,,,,,,,,,,,,,,,,,,,,,"495507","13.2"
"2015","东山县","东山县","22-10 一般公共预算支出（2015年）","https://tjj.fujian.gov.cn/tongjinianjian/dz2016/cn/html/2210.htm","budget_expenditure",,,,,,,,,,,,,,,,,,,,"276915","13771","33459","1952","76512",,,,,
"2015","东山县","东山县","22-9 地方一般公共预算收入（2015年）","https://tjj.fujian.gov.cn/tongjinianjian/dz2016/cn/html/2209.htm","budget_revenue",,,,,,,,,,,,,,,,"113099","20129","14061","6588",,,,,,,,,,
"2015","东山县","东山县","22-6 固定资产投资（不含农户）（2015年）","https://tjj.fujian.gov.cn/tongjinianjian/dz2016/cn/html/2206.htm","fixed_asset_investment",,,,,,,,,,,,"160.19","23.2","143.68","31.6",,,,,,,,,,,,,,
"2015","东山县","东山县","22-1 地区生产总值（2015年）","https://tjj.fujian.gov.cn/tongjinianjian/dz2016/cn/html/2201.htm","gdp","156.3","30.86","74.28","51.16","64.99","9.29","71582",,,,,,,,,,,,,,,,,,,,,,
"2015","东山县","东山县","22-14 规模以上工业增加值（2015年）","https://tjj.fujian.gov.cn/tongjinianjian/dz2016/cn/html/2214.htm","industrial_va_growth",,,,,,,,,,,,,,,,,,,,,,,,,"65.72","52.48","13.24",,
"2015","东山县","东山县","22-4 年末常住人口数（2015年）","https://tjj.fujian.gov.cn/tongjinianjian/dz2016/cn/html/2204.htm","population",,,,,,,,"21.9","12.15","9.75","55.5",,,,,,,,,,,,,,,,,,
"2015","东山县","东山县","22-19 社会消费品零售总额（2015年）","https://tjj.fujian.gov.cn/tongjinianjian/dz2016/cn/html/2219.htm","retail_sales",,,,,,,,,,,,,,,,,,,,,,,,,,,,"345825","9.2"
"2015","丰泽区","丰泽区","22-10 一般公共预算支出（2015年）","https://tjj.fujian.gov.cn/tongjinianjian/dz2016/cn/html/2210.htm","budget_expenditure",,,,,,,,,,,,,,,,,,,,"188550","14642","50297","3802","12200",,,,,
"2015","丰泽区","丰泽区","22-9 地方一般公共预算收入（2015年）","https://tjj.fujian.gov.cn/tongjinianjian/dz2016/cn/html/2209.htm","budget_revenue",,,,,,,,,,,,,,,,"223972","18251","66684","26434",,,,,,,,,,
"2015","丰泽区","丰泽区","22-6 固定资产投资（不含农户）（2015年）","https://tjj.fujian.gov.cn/tongjinianjian/dz2016/cn/html/2206.htm","fixed_asset_investment",,,,,,,,,,,,"276.83","15.1","81.46","-6.4",,,,,,,,,,,,,,
"2015","丰泽区","丰泽区","22-1 地区生产总值（2015年）","https://tjj.fujian.gov.cn/tongjinianjian/dz2016/cn/html/2201.htm","gdp","480.49","1.46","183.47","295.56","128.01","55.47","85725",,,,,,,,,,,,,,,,,,,,,,
"2015","丰泽区","丰泽区","22-14 规模以上工业增加值（2015年）","https://tjj.fujian.gov.cn/tongjinianjian/dz2016/cn/html/2214.htm","industrial_va_growth",,,,,,,,,,,,,,,,,,,,,,,,,"76.58","36.84","39.74",,
"2015","丰泽区","丰泽区","22-4 年末常住人口数（2015年）","https://tjj.fujian.gov.cn/tongjinianjian/dz2016/cn/html/2204.htm","population",,,,,,,,"56.5","56.5",,"100",,,,,,,,,,,,,,,,,,
"2015","丰泽区","丰泽区","22-19 社会消费品零售总额（2015年）","https://tjj.fujian.gov.cn/tongjinianjian/dz2016/cn/html/2219.htm","retail_sales",,,,,,,,,,,,,,,,,,,,,,,,,,,,"2124586","12.3"
"2015","福安市","福安市","22-10 一般公共预算支出（2015年）","https://tjj.fujian.gov.cn/tongjinianjian/dz2016/cn/html/2210.htm","budget_expenditure",,,,,,,,,,,,,,,,,,,,"419531","27861","85724","1798","65143",,,,,
"2015","福安市","福安市","22-9 地方一般公共预算收入（2015年）","https://tjj.fujian.gov.cn/tongjinianjian/dz2016/cn/html/2209.htm","budget_revenue",,,,,,,,,,,,,,,,"235026","24149","21341","25312",,,,,,,,,,
"2015","福安市","福安市","22-6 固定资产投资（不含农户）（2015年）","https://tjj.fujian.gov.cn/tongjinianjian/dz2016/cn/html/2206.htm","fixed_asset_investment",,,,,,,,,,,,"233.5","11.2","204.65","9.2",,,,,,,,,,,,,,
"2015","福安市","福安市","22-1 地区生产总值（2015年）","https://tjj.fujian.gov.cn/tongjinianjian/dz2016/cn/html/2201.htm","gdp","354.86","43.86","221.48","89.53","202.39","19.53","62174",,,,,,,,,,,,,,,,,,,,,,
"2015","福安市","福安市","22-14 规模以上工业增加值（2015年）","https://tjj.fujian.gov.cn/tongjinianjian/dz2016/cn/html/2214.htm","industrial_va_growth",,,,,,,,,,,,,,,,,,,,,,,,,"215.04","17.78","197.26",,
"2015","福安市","福安市","22-4 年末常住人口数（2015年）","https://tjj.fujian.gov.cn/tongjinianjian/dz2016/cn/html/2204.htm","population",,,,,,,,"57.2","35.44","21.76","62",,,,,,,,,,,,,,,,,,
"2015","福安市","福安市","22-19 社会消费品零售总额（2015年）","https://tjj.fujian.gov.cn/tongjinianjian/dz2016/cn/html/2219.htm","retail_sales",,,,,,,,,,,,,,,,,,,,,,,,,,,,"869508","12.8"
"2015","福鼎市","福鼎市","22-10 一般公共预算支出（2015年）","https://tjj.fujian.gov.cn/tongjinianjian/dz2016/cn/html/2210.htm","budget_expenditure",,,,,,,,,,,,,,,,,,,,"361391","21336","75590","1096","59517",,,,,
"2015","福鼎市","福鼎市","22-9 地方一般公共预算收入（2015年）","https://tjj.fujian.gov.cn/tongjinianjian/dz2016/cn/html/2209.htm","budget_revenue",,,,,,,,,,,,,,,,"203375","15970","30873","9529",,,,,,,,,,
"2015","福鼎市","福鼎市","22-6 固定资产投资（不含农户）（2015年）","https://tjj.fujian.gov.cn/tongjinianjian/dz2016/cn/html/2206.htm","fixed_asset_investment",,,,,,,,,,,,"266.63","24.8","213.28","32.3",,,,,,,,,,,,,,
"2015","福鼎市","福鼎市","22-1 地区生产总值（2015年）","https://tjj.fujian.gov.cn/tongjinianjian/dz2016/cn/html/2201.htm","gdp","305.83","41.27","186.63","77.93","171.25","15.78","57031",,,,,,,,,,,,,,,,,,,,,,
"2015","福鼎市","福鼎市","22-14 规模以上工业增加值（2015年）","https://tjj.fujian.gov.cn/tongjinianjian/dz2016/cn/html/2214.htm","industrial_va_growth",,,,,,,,,,,,,,,,,,,,,,,,,"195.22","58.29","136.93",,
"2015","福鼎市","福鼎市","22-4 年末常住人口数（2015年）","https://tjj.fujian.gov.cn/tongjinianjian/dz2016/cn/html/2204.htm","population",,,,,,,,"53.75","30.72","23.03","57.2",,,,,,,,,,,,,,,,,,
"2015","福鼎市","福鼎市","22-19 社会消费品零售总额（2015年）","https://tjj.fujian.gov.cn/tongjinianjian/dz2016/cn/html/2219.htm","retail_sales",,,,,,,,,,,,,,,,,,,,,,,,,,,,"853079","12.4"
"2015","福清市","福清市","22-10 一般公共预算支出（2015年）","https://tjj.fujian.gov.cn/tongjinianjian/dz2016/cn/html/2210.htm","budget_expenditure",,,,,,,,,,,,,,,,,,,,"704805","51594","209465","10933","56856",,,,,
"2015","福清市","福清市","22-9 地方一般公共预算收入（2015年）","https://tjj.fujian.gov.cn/tongjinianjian/dz2016/cn/html/2209.htm","budget_revenue",,,,,,,,,,,,,,,,"519517","58021","78624","73228",,,,,,,,,,
"2015","福清市","福清市","22-6 固定资产投资（不含农户）（2015年）","https://tjj.fujian.gov.cn/tongjinianjian/dz2016/cn/html/2206.htm","fixed_asset_investment",,,,,,,,,,,,"765.48","19.1","658.73","23",,,,,,,,,,,,,,
"2015","福清市","福清市","22-1 地区生产总值（2015年）","https://tjj.fujian.gov.cn/tongjinianjian/dz2016/cn/html/2201.htm","gdp","783.27","90.95","394.19","298.13","313.3","80.89","61169",,,,,,,,,,,,,,,,,,,,,,
"2015","福清市","福清市","22-14 规模以上工业增加值（2015年）","https://tjj.fujian.gov.cn/tongjinianjian/dz2016/cn/html/2214.htm","industrial_va_growth",,,,,,,,,,,,,,,,,,,,,,,,,"311.94","136.91","175.04",,
"2015","福清市","福清市","22-4 年末常住人口数（2015年）","https://tjj.fujian.gov.cn/tongjinianjian/dz2016/cn/html/2204.htm","population",,,,,,,,"128.6","62.31","66.29","48.5",,,,,,,,,,,,,,,,,,
"2015","福清市","福清市","22-19 社会消费品零售总额（2015年）","https://tjj.fujian.gov.cn/tongjinianjian/dz2016/cn/html/2219.htm","retail_sales",,,,,,,,,,,,,,,,,,,,,,,,,,,,"3316737","16.9"
"2015","古田县","古田县","22-10 一般公共预算支出（2015年）","https://tjj.fujian.gov.cn/tongjinianjian/dz2016/cn/html/2210.htm","budget_expenditure",,,,,,,,,,,,,,,,,,,,"235384","16509","54878","513","47530",,,,,
"2015","古田县","古田县","22-9 地方一般公共预算收入（2015年）","https://tjj.fujian.gov.cn/tongjinianjian/dz2016/cn/html/2209.htm","budget_revenue",,,,,,,,,,,,,,,,"76411","5283","16935","4774",,,,,,,,,,
"2015","古田县","古田县","22-6 固定资产投资（不含农户）（2015年）","https://tjj.fujian.gov.cn/tongjinianjian/dz2016/cn/html/2206.htm","fixed_asset_investment",,,,,,,,,,,,"70.24","10.5","59.28","15",,,,,,,,,,,,,,
"2015","古田县","古田县","22-1 地区生产总值（2015年）","https://tjj.fujian.gov.cn/tongjinianjian/dz2016/cn/html/2201.htm","gdp","150.12","37.47","62.77","49.89","53.92","8.96","45796",,,,,,,,,,,,,,,,,,,,,,
"2015","古田县","古田县","22-14 规模以上工业增加值（2015年）","https://tjj.fujian.gov.cn/tongjinianjian/dz2016/cn/html/2214.htm","industrial_va_growth",,,,,,,,,,,,,,,,,,,,,,,,,"39.87","15.87","24",,
"2015","古田县","古田县","22-4 年末常住人口数（2015年）","https://tjj.fujian.gov.cn/tongjinianjian/dz2016/cn/html/2204.htm","population",,,,,,,,"32.89","13.84","19.05","42.1",,,,,,,,,,,,,,,,,,
"2015","古田县","古田县","22-19 社会消费品零售总额（2015年）","https://tjj.fujian.gov.cn/tongjinianjian/dz2016/cn/html/2219.htm","retail_sales",,,,,,,,,,,,,,,,,,,,,,,,,,,,"540463","10.7"
"2015","鼓楼区","鼓楼区","22-10 一般公共预算支出（2015年）","https://tjj.fujian.gov.cn/tongjinianjian/dz2016/cn/html/2210.htm","budget_expenditure",,,,,,,,,,,,,,,,,,,,"342602","35199","89518","6121","1336",,,,,
"2015","鼓楼区","鼓楼区","22-9 地方一般公共预算收入（2015年）","https://tjj.fujian.gov.cn/tongjinianjian/dz2016/cn/html/2209.htm","budget_revenue",,,,,,,,,,,,,,,,"375105","54999","49552","108890",,,,,,,,,,
"2015","鼓楼区","鼓楼区","22-6 固定资产投资（不含农户）（2015年）","https://tjj.fujian.gov.cn/tongjinianjian/dz2016/cn/html/2206.htm","fixed_asset_investment",,,,,,,,,,,,"449.05","12.1","375.57","7.8",,,,,,,,,,,,,,
"2015","鼓楼区","鼓楼区","22-1 地区生产总值（2015年）","https://tjj.fujian.gov.cn/tongjinianjian/dz2016/cn/html/2201.htm","gdp","1132.57",,"232.69","899.88","71.83","161.79","157849",,,,,,,,,,,,,,,,,,,,,,
"2015","鼓楼区","鼓楼区","22-14 规模以上工业增加值（2015年）","https://tjj.fujian.gov.cn/tongjinianjian/dz2016/cn/html/2214.htm","industrial_va_growth",,,,,,,,,,,,,,,,,,,,,,,,,"70.73","21.23","49.49",,
"2015","鼓楼区","鼓楼区","22-4 年末常住人口数（2015年）","https://tjj.fujian.gov.cn/tongjinianjian/dz2016/cn/html/2204.htm","population",,,,,,,,"72","72",,"100",,,,,,,,,,,,,,,,,,
"2015","鼓楼区","鼓楼区","22-19 社会消费品零售总额（2015年）","https://tjj.fujian.gov.cn/tongjinianjian/dz2016/cn/html/2219.htm","retail_sales",,,,,,,,,,,,,,,,,,,,,,,,,,,,"9185501","14"
"2015","光泽县","光泽县","22-10 一般公共预算支出（2015年）","https://tjj.fujian.gov.cn/tongjinianjian/dz2016/cn/html/2210.htm","budget_expenditure",,,,,,,,,,,,,,,,,,,,"137226","8420","24935","1051","35220",,,,,
"2015","光泽县","光泽县","22-9 地方一般公共预算收入（2015年）","https://tjj.fujian.gov.cn/tongjinianjian/dz2016/cn/html/2209.htm","budget_revenue",,,,,,,,,,,,,,,,"39201","2966","13484","2531",,,,,,,,,,
"2015","光泽县","光泽县","22-6 固定资产投资（不含农户）（2015年）","https://tjj.fujian.gov.cn/tongjinianjian/dz2016/cn/html/2206.htm","fixed_asset_investment",,,,,,,,,,,,"48.71","30.4","43.64","43.3",,,,,,,,,,,,,,
"2015","光泽县","光泽县","22-1 地区生产总值（2015年）","https://tjj.fujian.gov.cn/tongjinianjian/dz2016/cn/html/2201.htm","gdp","78.46","36.89","23.85","17.72","21.2","2.65","58772",,,,,,,,,,,,,,,,,,,,,,
"2015","光泽县","光泽县","22-14 规模以上工业增加值（2015年）","https://tjj.fujian.gov.cn/tongjinianjian/dz2016/cn/html/2214.htm","industrial_va_growth",,,,,,,,,,,,,,,,,,,,,,,,,"11.03","8.05","2.97",,
"2015","光泽县","光泽县","22-4 年末常住人口数（2015年）","https://tjj.fujian.gov.cn/tongjinianjian/dz2016/cn/html/2204.htm","population",,,,,,,,"13.4","6","7.4","45",,,,,,,,,,,,,,,,,,
"2015","光泽县","光泽县","22-19 社会消费品零售总额（2015年）","https://tjj.fujian.gov.cn/tongjinianjian/dz2016/cn/html/2219.htm","retail_sales",,,,,,,,,,,,,,,,,,,,,,,,,,,,"178184","9.8"
"2015","海沧区","海沧区","22-10 一般公共预算支出（2015年）","https://tjj.fujian.gov.cn/tongjinianjian/dz2016/cn/html/2210.htm","budget_expenditure",,,,,,,,,,,,,,,,,,,,"536923","32940","123390","16089","15929",,,,,
"2015","海沧区","海沧区","22-9 地方一般公共预算收入（2015年）","https://tjj.fujian.gov.cn/tongjinianjian/dz2016/cn/html/2209.htm","budget_revenue",,,,,,,,,,,,,,,,"289028","32821","50617","40376",,,,,,,,,,
"2015","海沧区","海沧区","22-6 固定资产投资（不含农户）（2015年）","https://tjj.fujian.gov.cn/tongjinianjian/dz2016/cn/html/2206.htm","fixed_asset_investment",,,,,,,,,,,,"369.5","25.8","235.4","56.1",,,,,,,,,,,,,,
"2015","海沧区","海沧区","22-1 地区生产总值（2015年）","https://tjj.fujian.gov.cn/tongjinianjian/dz2016/cn/html/2201.htm","gdp","511.71","1.44","325.54","184.73","294.72","30.82","155772",,,,,,,,,,,,,,,,,,,,,,
"2015","海沧区","海沧区","22-14 规模以上工业增加值（2015年）","https://tjj.fujian.gov.cn/tongjinianjian/dz2016/cn/html/2214.htm","industrial_va_growth",,,,,,,,,,,,,,,,,,,,,,,,,"272.98","151.16","121.81",,
"2015","海沧区","海沧区","22-4 年末常住人口数（2015年）","https://tjj.fujian.gov.cn/tongjinianjian/dz2016/cn/html/2204.htm","population",,,,,,,,"33.2","30.2","3","91",,,,,,,,,,,,,,,,,,
"2015","海沧区","海沧区","22-19 社会消费品零售总额（2015年）","https://tjj.fujian.gov.cn/tongjinianjian/dz2016/cn/html/2219.htm","retail_sales",,,,,,,,,,,,,,,,,,,,,,,,,,,,"1415605","15.8"
"2015","涵江区","涵江区","22-10 一般公共预算支出（2015年）","https://tjj.fujian.gov.cn/tongjinianjian/dz2016/cn/html/2210.htm","budget_expenditure",,,,,,,,,,,,,,,,,,,,"262504","21799","69468","8005","19854",,,,,
"2015","涵江区","涵江区","22-9 地方一般公共预算收入（2015年）","https://tjj.fujian.gov.cn/tongjinianjian/dz2016/cn/html/2209.htm","budget_revenue",,,,,,,,,,,,,,,,"203230","27380","39095","25243",,,,,,,,,,
"2015","涵江区","涵江区","22-6 固定资产投资（不含农户）（2015年）","https://tjj.fujian.gov.cn/tongjinianjian/dz2016/cn/html/2206.htm","fixed_asset_investment",,,,,,,,,,,,"327.48","20","262.37","14.9",,,,,,,,,,,,,,
"2015","涵江区","涵江区","22-1 地区生产总值（2015年）","https://tjj.fujian.gov.cn/tongjinianjian/dz2016/cn/html/2201.htm","gdp","401.72","16.02","276.03","109.66","253.81","26.46","83258",,,,,,,,,,,,,,,,,,,,,,
"2015","涵江区","涵江区","22-14 规模以上工业增加值（2015年）","https://tjj.fujian.gov.cn/tongjinianjian/dz2016/cn/html/2214.htm","industrial_va_growth",,,,,,,,,,,,,,,,,,,,,,,,,"247.93","179.35","68.58",,
"2015","涵江区","涵江区","22-4 年末常住人口数（2015年）","https://tjj.fujian.gov.cn/tongjinianjian/dz2016/cn/html/2204.htm","population",,,,,,,,"48.4","37.88","10.52","78.3",,,,,,,,,,,,,,,,,,
"2015","涵江区","涵江区","22-19 社会消费品零售总额（2015年）","https://tjj.fujian.gov.cn/tongjinianjian/dz2016/cn/html/2219.htm","retail_sales",,,,,,,,,,,,,,,,,,,,,,,,,,,,"978696","10.8"
"2015","湖里区","湖里区","22-10 一般公共预算支出（2015年）","https://tjj.fujian.gov.cn/tongjinianjian/dz2016/cn/html/2210.htm","budget_expenditure",,,,,,,,,,,,,,,,,,,,"363844","41124","107938","3518","4140",,,,,
"2015","湖里区","湖里区","22-9 地方一般公共预算收入（2015年）","https://tjj.fujian.gov.cn/tongjinianjian/dz2016/cn/html/2209.htm","budget_revenue",,,,,,,,,,,,,,,,"423331","50963","95063","69126",,,,,,,,,,
"2015","湖里区","湖里区","22-6 固定资产投资（不含农户）（2015年）","https://tjj.fujian.gov.cn/tongjinianjian/dz2016/cn/html/2206.htm","fixed_asset_investment",,,,,,,,,,,,"315.35","-2","207.19","4.4",,,,,,,,,,,,,,
"2015","湖里区","湖里区","22-1 地区生产总值（2015年）","https://tjj.fujian.gov.cn/tongjinianjian/dz2016/cn/html/2201.htm","gdp","774.12","0.2","358.68","415.24","329.64","44.42","76608",,,,,,,,,,,,,,,,,,,,,,
"2015","湖里区","湖里区","22-14 规模以上工业增加值（2015年）","https://tjj.fujian.gov.cn/tongjinianjian/dz2016/cn/html/2214.htm","industrial_va_growth",,,,,,,,,,,,,,,,,,,,,,,,,"307.33","67","240.33",,
"2015","湖里区","湖里区","22-4 年末常住人口数（2015年）","https://tjj.fujian.gov.cn/tongjinianjian/dz2016/cn/html/2204.htm","population",,,,,,,,"101.5","101.5",,"100",,,,,,,,,,,,,,,,,,
"2015","湖里区","湖里区","22-19 社会消费品零售总额（2015年）","https://tjj.fujian.gov.cn/tongjinianjian/dz2016/cn/html/2219.htm","retail_sales",,,,,,,,,,,,,,,,,,,,,,,,,,,,"3505362","5.2"
"2015","华安县","华安县","22-10 一般公共预算支出（2015年）","https://tjj.fujian.gov.cn/tongjinianjian/dz2016/cn/html/2210.htm","budget_expenditure",,,,,,,,,,,,,,,,,,,,"132526","9013","21846","1259","35712",,,,,
"2015","华安县","华安县","22-9 地方一般公共预算收入（2015年）","https://tjj.fujian.gov.cn/tongjinianjian/dz2016/cn/html/2209.htm","budget_revenue",,,,,,,,,,,,,,,,"40199","5589","6951","2333",,,,,,,,,,
"2015","华安县","华安县","22-6 固定资产投资（不含农户）（2015年）","https://tjj.fujian.gov.cn/tongjinianjian/dz2016/cn/html/2206.htm","fixed_asset_investment",,,,,,,,,,,,"80.26","-20","76.38","-16.4",,,,,,,,,,,,,,
"2015","华安县","华安县","22-1 地区生产总值（2015年）","https://tjj.fujian.gov.cn/tongjinianjian/dz2016/cn/html/2201.htm","gdp","104.65","26.04","53.71","24.9","44.76","8.95","64380",,,,,,,,,,,,,,,,,,,,,,
"2015","华安县","华安县","22-14 规模以上工业增加值（2015年）","https://tjj.fujian.gov.cn/tongjinianjian/dz2016/cn/html/2214.htm","industrial_va_growth",,,,,,,,,,,,,,,,,,,,,,,,,"48.03","19.29","28.73",,
"2015","华安县","华安县","22-4 年末常住人口数（2015年）","https://tjj.fujian.gov.cn/tongjinianjian/dz2016/cn/html/2204.htm","population",,,,,,,,"16.3","8.1","8.2","49.7",,,,,,,,,,,,,,,,,,
"2015","华安县","华安县","22-19 社会消费品零售总额（2015年）","https://tjj.fujian.gov.cn/tongjinianjian/dz2016/cn/html/2219.htm","retail_sales",,,,,,,,,,,,,,,,,,,,,,,,,,,,"225679","17.3"
"2015","惠安县","惠安县","22-10 一般公共预算支出（2015年）","https://tjj.fujian.gov.cn/tongjinianjian/dz2016/cn/html/2210.htm","budget_expenditure",,,,,,,,,,,,,,,,,,,,"403344","34296","115058","7206","42728",,,,,
"2015","惠安县","惠安县","22-9 地方一般公共预算收入（2015年）","https://tjj.fujian.gov.cn/tongjinianjian/dz2016/cn/html/2209.htm","budget_revenue",,,,,,,,,,,,,,,,"252934","30388","49055","43535",,,,,,,,,,
"2015","惠安县","惠安县","22-6 固定资产投资（不含农户）（2015年）","https://tjj.fujian.gov.cn/tongjinianjian/dz2016/cn/html/2206.htm","fixed_asset_investment",,,,,,,,,,,,"434.5","20.3","386.87","34.2",,,,,,,,,,,,,,
"2015","惠安县","惠安县","22-1 地区生产总值（2015年）","https://tjj.fujian.gov.cn/tongjinianjian/dz2016/cn/html/2201.htm","gdp","749.7","28.97","502.52","218.21","431.06","71.52","75766",,,,,,,,,,,,,,,,,,,,,,
"2015","惠安县","惠安县","22-14 规模以上工业增加值（2015年）","https://tjj.fujian.gov.cn/tongjinianjian/dz2016/cn/html/2214.htm","industrial_va_growth",,,,,,,,,,,,,,,,,,,,,,,,,"411.09","223.1","187.98",,
"2015","惠安县","惠安县","22-4 年末常住人口数（2015年）","https://tjj.fujian.gov.cn/tongjinianjian/dz2016/cn/html/2204.htm","population",,,,,,,,"99.5","54.88","44.62","55.2",,,,,,,,,,,,,,,,,,
"2015","惠安县","惠安县","22-19 社会消费品零售总额（2015年）","https://tjj.fujian.gov.cn/tongjinianjian/dz2016/cn/html/2219.htm","retail_sales",,,,,,,,,,,,,,,,,,,,,,,,,,,,"2212322","11.1"
"2015","集美区","集美区","22-10 一般公共预算支出（2015年）","https://tjj.fujian.gov.cn/tongjinianjian/dz2016/cn/html/2210.htm","budget_expenditure",,,,,,,,,,,,,,,,,,,,"532335","30828","155633","17245","54246",,,,,
"2015","集美区","集美区","22-9 地方一般公共预算收入（2015年）","https://tjj.fujian.gov.cn/tongjinianjian/dz2016/cn/html/2209.htm","budget_revenue",,,,,,,,,,,,,,,,"284327","21061","79813","46343",,,,,,,,,,
"2015","集美区","集美区","22-6 固定资产投资（不含农户）（2015年）","https://tjj.fujian.gov.cn/tongjinianjian/dz2016/cn/html/2206.htm","fixed_asset_investment",,,,,,,,,,,,"383.25","28","170.91","16.6",,,,,,,,,,,,,,
"2015","集美区","集美区","22-1 地区生产总值（2015年）","https://tjj.fujian.gov.cn/tongjinianjian/dz2016/cn/html/2201.htm","gdp","494.11","2.26","251.43","240.42","206.74","44.68","77386",,,,,,,,,,,,,,,,,,,,,,
"2015","集美区","集美区","22-14 规模以上工业增加值（2015年）","https://tjj.fujian.gov.cn/tongjinianjian/dz2016/cn/html/2214.htm","industrial_va_growth",,,,,,,,,,,,,,,,,,,,,,,,,"188.82","63.89","124.93",,
"2015","集美区","集美区","22-4 年末常住人口数（2015年）","https://tjj.fujian.gov.cn/tongjinianjian/dz2016/cn/html/2204.htm","population",,,,,,,,"64.4","55.81","8.59","86.7",,,,,,,,,,,,,,,,,,
"2015","集美区","集美区","22-19 社会消费品零售总额（2015年）","https://tjj.fujian.gov.cn/tongjinianjian/dz2016/cn/html/2219.htm","retail_sales",,,,,,,,,,,,,,,,,,,,,,,,,,,,"1153204","17.5"
"2015","建宁县","建宁县","22-10 一般公共预算支出（2015年）","https://tjj.fujian.gov.cn/tongjinianjian/dz2016/cn/html/2210.htm","budget_expenditure",,,,,,,,,,,,,,,,,,,,"137143","9980","24816","2517","36762",,,,,
"2015","建宁县","建宁县","22-9 地方一般公共预算收入（2015年）","https://tjj.fujian.gov.cn/tongjinianjian/dz2016/cn/html/2209.htm","budget_revenue",,,,,,,,,,,,,,,,"28279","1595","5277","3172",,,,,,,,,,
"2015","建宁县","建宁县","22-6 固定资产投资（不含农户）（2015年）","https://tjj.fujian.gov.cn/tongjinianjian/dz2016/cn/html/2206.htm","fixed_asset_investment",,,,,,,,,,,,"95.44","21","92.33","20.6",,,,,,,,,,,,,,
"2015","建宁县","建宁县","22-1 地区生产总值（2015年）","https://tjj.fujian.gov.cn/tongjinianjian/dz2016/cn/html/2201.htm","gdp","80.09","17.69","40.92","21.48","20.28","20.64","65918",,,,,,,,,,,,,,,,,,,,,,
"2015","建宁县","建宁县","22-14 规模以上工业增加值（2015年）","https://tjj.fujian.gov.cn/tongjinianjian/dz2016/cn/html/2214.htm","industrial_va_growth",,,,,,,,,,,,,,,,,,,,,,,,,"28.06","15.01","13.04",,
"2015","建宁县","建宁县","22-4 年末常住人口数（2015年）","https://tjj.fujian.gov.cn/tongjinianjian/dz2016/cn/html/2204.htm","population",,,,,,,,"12.2","5.09","7.11","41.7",,,,,,,,,,,,,,,,,,
"2015","建宁县","建宁县","22-19 社会消费品零售总额（2015年）","https://tjj.fujian.gov.cn/tongjinianjian/dz2016/cn/html/2219.htm","retail_sales",,,,,,,,,,,,,,,,,,,,,,,,,,,,"186256","14.5"
"2015","建瓯市","建瓯市","22-10 一般公共预算支出（2015年）","https://tjj.fujian.gov.cn/tongjinianjian/dz2016/cn/html/2210.htm","budget_expenditure",,,,,,,,,,,,,,,,,,,,"261627","12973","57050","613","46215",,,,,
"2015","建瓯市","建瓯市","22-9 地方一般公共预算收入（2015年）","https://tjj.fujian.gov.cn/tongjinianjian/dz2016/cn/html/2209.htm","budget_revenue",,,,,,,,,,,,,,,,"89438","8268","19240","5701",,,,,,,,,,
"2015","建瓯市","建瓯市","22-6 固定资产投资（不含农户）（2015年）","https://tjj.fujian.gov.cn/tongjinianjian/dz2016/cn/html/2206.htm","fixed_asset_investment",,,,,,,,,,,,"253.32","20.6","226.78","19.7",,,,,,,,,,,,,,
"2015","建瓯市","建瓯市","22-1 地区生产总值（2015年）","https://tjj.fujian.gov.cn/tongjinianjian/dz2016/cn/html/2201.htm","gdp","198.67","51.27","77.89","69.51","58.3","19.59","44002",,,,,,,,,,,,,,,,,,,,,,
"2015","建瓯市","建瓯市","22-14 规模以上工业增加值（2015年）","https://tjj.fujian.gov.cn/tongjinianjian/dz2016/cn/html/2214.htm","industrial_va_growth",,,,,,,,,,,,,,,,,,,,,,,,,"50.43","29.09","21.34",,
"2015","建瓯市","建瓯市","22-4 年末常住人口数（2015年）","https://tjj.fujian.gov.cn/tongjinianjian/dz2016/cn/html/2204.htm","population",,,,,,,,"45.1","21.7","23.4","48.1",,,,,,,,,,,,,,,,,,
"2015","建瓯市","建瓯市","22-19 社会消费品零售总额（2015年）","https://tjj.fujian.gov.cn/tongjinianjian/dz2016/cn/html/2219.htm","retail_sales",,,,,,,,,,,,,,,,,,,,,,,,,,,,"700754","10"
"2015","建阳市","建阳区","22-10 一般公共预算支出（2015年）","https://tjj.fujian.gov.cn/tongjinianjian/dz2016/cn/html/2210.htm","budget_expenditure",,,,,,,,,,,,,,,,,,,,"245356","15903","46980","1744","56121",,,,,
"2015","建阳市","建阳区","22-9 地方一般公共预算收入（2015年）","https://tjj.fujian.gov.cn/tongjinianjian/dz2016/cn/html/2209.htm","budget_revenue",,,,,,,,,,,,,,,,"105075","6291","21808","8512",,,,,,,,,,
"2015","建阳市","建阳区","22-6 固定资产投资（不含农户）（2015年）","https://tjj.fujian.gov.cn/tongjinianjian/dz2016/cn/html/2206.htm","fixed_asset_investment",,,,,,,,,,,,"284.16","21.2","241.77","18.3",,,,,,,,,,,,,,
"2015","建阳市","建阳区","22-1 地区生产总值（2015年）","https://tjj.fujian.gov.cn/tongjinianjian/dz2016/cn/html/2201.htm","gdp","151.81","32.86","75.25","43.7","62.62","12.63","50603",,,,,,,,,,,,,,,,,,,,,,
"2015","建阳市","建阳区","22-14 规模以上工业增加值（2015年）","https://tjj.fujian.gov.cn/tongjinianjian/dz2016/cn/html/2214.htm","industrial_va_growth",,,,,,,,,,,,,,,,,,,,,,,,,"72.8","38.49","34.31",,
"2015","建阳市","建阳区","22-4 年末常住人口数（2015年）","https://tjj.fujian.gov.cn/tongjinianjian/dz2016/cn/html/2204.htm","population",,,,,,,,"30.8","17","13.8","55.3",,,,,,,,,,,,,,,,,,
"2015","建阳市","建阳区","22-19 社会消费品零售总额（2015年）","https://tjj.fujian.gov.cn/tongjinianjian/dz2016/cn/html/2219.htm","retail_sales",,,,,,,,,,,,,,,,,,,,,,,,,,,,"544174","14.2"
"2015","将乐县","将乐县","22-10 一般公共预算支出（2015年）","https://tjj.fujian.gov.cn/tongjinianjian/dz2016/cn/html/2210.htm","budget_expenditure",,,,,,,,,,,,,,,,,,,,"168689","16188","32135","3399","33965",,,,,
"2015","将乐县","将乐县","22-9 地方一般公共预算收入（2015年）","https://tjj.fujian.gov.cn/tongjinianjian/dz2016/cn/html/2209.htm","budget_revenue",,,,,,,,,,,,,,,,"60828","5197","11006","3413",,,,,,,,,,
"2015","将乐县","将乐县","22-6 固定资产投资（不含农户）（2015年）","https://tjj.fujian.gov.cn/tongjinianjian/dz2016/cn/html/2206.htm","fixed_asset_investment",,,,,,,,,,,,"108.34","19.8","94.07","23.6",,,,,,,,,,,,,,
"2015","将乐县","将乐县","22-1 地区生产总值（2015年）","https://tjj.fujian.gov.cn/tongjinianjian/dz2016/cn/html/2201.htm","gdp","101.88","16.64","53.98","31.25","38.8","15.19","68147",,,,,,,,,,,,,,,,,,,,,,
"2015","将乐县","将乐县","22-14 规模以上工业增加值（2015年）","https://tjj.fujian.gov.cn/tongjinianjian/dz2016/cn/html/2214.htm","industrial_va_growth",,,,,,,,,,,,,,,,,,,,,,,,,"49.44","13.14","36.3",,
"2015","将乐县","将乐县","22-4 年末常住人口数（2015年）","https://tjj.fujian.gov.cn/tongjinianjian/dz2016/cn/html/2204.htm","population",,,,,,,,"15","7.8","7.2","52",,,,,,,,,,,,,,,,,,
"2015","将乐县","将乐县","22-19 社会消费品零售总额（2015年）","https://tjj.fujian.gov.cn/tongjinianjian/dz2016/cn/html/2219.htm","retail_sales",,,,,,,,,,,,,,,,,,,,,,,,,,,,"204304","8.9"
"2015","蕉城区","蕉城区","22-10 一般公共预算支出（2015年）","https://tjj.fujian.gov.cn/tongjinianjian/dz2016/cn/html/2210.htm","budget_expenditure",,,,,,,,,,,,,,,,,,,,"253364","27047","53343","623","45015",,,,,
"2015","蕉城区","蕉城区","22-9 地方一般公共预算收入（2015年）","https://tjj.fujian.gov.cn/tongjinianjian/dz2016/cn/html/2209.htm","budget_revenue",,,,,,,,,,,,,,,,"108335","11676","23356","13692",,,,,,,,,,
"2015","蕉城区","蕉城区","22-6 固定资产投资（不含农户）（2015年）","https://tjj.fujian.gov.cn/tongjinianjian/dz2016/cn/html/2206.htm","fixed_asset_investment",,,,,,,,,,,,"337.11","7.5","228.56","25.4",,,,,,,,,,,,,,
"2015","蕉城区","蕉城区","22-1 地区生产总值（2015年）","https://tjj.fujian.gov.cn/tongjinianjian/dz2016/cn/html/2201.htm","gdp","267.16","33.09","122.4","111.68","72.43","50.14","60409",,,,,,,,,,,,,,,,,,,,,,
"2015","蕉城区","蕉城区","22-14 规模以上工业增加值（2015年）","https://tjj.fujian.gov.cn/tongjinianjian/dz2016/cn/html/2214.htm","industrial_va_growth",,,,,,,,,,,,,,,,,,,,,,,,,"64.47","49.68","14.8",,
"2015","蕉城区","蕉城区","22-4 年末常住人口数（2015年）","https://tjj.fujian.gov.cn/tongjinianjian/dz2016/cn/html/2204.htm","population",,,,,,,,"44.36","28.02","16.34","63.2",,,,,,,,,,,,,,,,,,
"2015","蕉城区","蕉城区","22-19 社会消费品零售总额（2015年）","https://tjj.fujian.gov.cn/tongjinianjian/dz2016/cn/html/2219.htm","retail_sales",,,,,,,,,,,,,,,,,,,,,,,,,,,,"1117951","12.5"
"2015","晋安区","晋安区","22-10 一般公共预算支出（2015年）","https://tjj.fujian.gov.cn/tongjinianjian/dz2016/cn/html/2210.htm","budget_expenditure",,,,,,,,,,,,,,,,,,,,"299836","18757","44570","3506","15055",,,,,
"2015","晋安区","晋安区","22-9 地方一般公共预算收入（2015年）","https://tjj.fujian.gov.cn/tongjinianjian/dz2016/cn/html/2209.htm","budget_revenue",,,,,,,,,,,,,,,,"231138","29004","50389","38722",,,,,,,,,,
"2015","晋安区","晋安区","22-6 固定资产投资（不含农户）（2015年）","https://tjj.fujian.gov.cn/tongjinianjian/dz2016/cn/html/2206.htm","fixed_asset_investment",,,,,,,,,,,,"484.32","16.5","358","42.1",,,,,,,,,,,,,,
"2015","晋安区","晋安区","22-1 地区生产总值（2015年）","https://tjj.fujian.gov.cn/tongjinianjian/dz2016/cn/html/2201.htm","gdp","499.75","4.05","177.01","318.69","113.08","64.33","59529",,,,,,,,,,,,,,,,,,,,,,
"2015","晋安区","晋安区","22-14 规模以上工业增加值（2015年）","https://tjj.fujian.gov.cn/tongjinianjian/dz2016/cn/html/2214.htm","industrial_va_growth",,,,,,,,,,,,,,,,,,,,,,,,,"104.94","57.07","47.87",,
"2015","晋安区","晋安区","22-4 年末常住人口数（2015年）","https://tjj.fujian.gov.cn/tongjinianjian/dz2016/cn/html/2204.htm","population",,,,,,,,"84.3","83.59","0.71","99.2",,,,,,,,,,,,,,,,,,
"2015","晋安区","晋安区","22-19 社会消费品零售总额（2015年）","https://tjj.fujian.gov.cn/tongjinianjian/dz2016/cn/html/2219.htm","retail_sales",,,,,,,,,,,,,,,,,,,,,,,,,,,,"5863142","13.8"
"2015","晋江市","晋江市","22-10 一般公共预算支出（2015年）","https://tjj.fujian.gov.cn/tongjinianjian/dz2016/cn/html/2210.htm","budget_expenditure",,,,,,,,,,,,,,,,,,,,"1297465","81810","253142","34605","156869",,,,,
"2015","晋江市","晋江市","22-9 地方一般公共预算收入（2015年）","https://tjj.fujian.gov.cn/tongjinianjian/dz2016/cn/html/2209.htm","budget_revenue",,,,,,,,,,,,,,,,"1172008","176688","232551","190326",,,,,,,,,,
"2015","晋江市","晋江市","22-6 固定资产投资（不含农户）（2015年）","https://tjj.fujian.gov.cn/tongjinianjian/dz2016/cn/html/2206.htm","fixed_asset_investment",,,,,,,,,,,,"886.56","18.3","711.2","23.9",,,,,,,,,,,,,,
"2015","晋江市","晋江市","22-1 地区生产总值（2015年）","https://tjj.fujian.gov.cn/tongjinianjian/dz2016/cn/html/2201.htm","gdp","1620.47","19.59","1032.44","568.43","971.45","62.25","78227",,,,,,,,,,,,,,,,,,,,,,
"2015","晋江市","晋江市","22-14 规模以上工业增加值（2015年）","https://tjj.fujian.gov.cn/tongjinianjian/dz2016/cn/html/2214.htm","industrial_va_growth",,,,,,,,,,,,,,,,,,,,,,,,,"825.16","664.26","160.9",,
"2015","晋江市","晋江市","22-4 年末常住人口数（2015年）","https://tjj.fujian.gov.cn/tongjinianjian/dz2016/cn/html/2204.htm","population",,,,,,,,"207.8","133.52","74.28","64.3",,,,,,,,,,,,,,,,,,
"2015","晋江市","晋江市","22-19 社会消费品零售总额（2015年）","https://tjj.fujian.gov.cn/tongjinianjian/dz2016/cn/html/2219.htm","retail_sales",,,,,,,,,,,,,,,,,,,,,,,,,,,,"5357099","12.6"
"2015","鲤城区","鲤城区","22-10 一般公共预算支出（2015年）","https://tjj.fujian.gov.cn/tongjinianjian/dz2016/cn/html/2210.htm","budget_expenditure",,,,,,,,,,,,,,,,,,,,"122172","12393","32630","2902","2436",,,,,
"2015","鲤城区","鲤城区","22-9 地方一般公共预算收入（2015年）","https://tjj.fujian.gov.cn/tongjinianjian/dz2016/cn/html/2209.htm","budget_revenue",,,,,,,,,,,,,,,,"114489","15170","24153","18610",,,,,,,,,,
"2015","鲤城区","鲤城区","22-6 固定资产投资（不含农户）（2015年）","https://tjj.fujian.gov.cn/tongjinianjian/dz2016/cn/html/2206.htm","fixed_asset_investment",,,,,,,,,,,,"130.2","12.4","96.33","27.1",,,,,,,,,,,,,,
"2015","鲤城区","鲤城区","22-1 地区生产总值（2015年）","https://tjj.fujian.gov.cn/tongjinianjian/dz2016/cn/html/2201.htm","gdp","376.55","0.11","219.59","156.86","201.74","18.13","87672",,,,,,,,,,,,,,,,,,,,,,
"2015","鲤城区","鲤城区","22-14 规模以上工业增加值（2015年）","https://tjj.fujian.gov.cn/tongjinianjian/dz2016/cn/html/2214.htm","industrial_va_growth",,,,,,,,,,,,,,,,,,,,,,,,,"195.84","170.1","25.74",,
"2015","鲤城区","鲤城区","22-4 年末常住人口数（2015年）","https://tjj.fujian.gov.cn/tongjinianjian/dz2016/cn/html/2204.htm","population",,,,,,,,"43.2","43.2",,"100",,,,,,,,,,,,,,,,,,
"2015","鲤城区","鲤城区","22-19 社会消费品零售总额（2015年）","https://tjj.fujian.gov.cn/tongjinianjian/dz2016/cn/html/2219.htm","retail_sales",,,,,,,,,,,,,,,,,,,,,,,,,,,,"3336056","9.3"
"2015","荔城区","荔城区","22-10 一般公共预算支出（2015年）","https://tjj.fujian.gov.cn/tongjinianjian/dz2016/cn/html/2210.htm","budget_expenditure",,,,,,,,,,,,,,,,,,,,"281051","18007","100375","3321","22875",,,,,
"2015","荔城区","荔城区","22-9 地方一般公共预算收入（2015年）","https://tjj.fujian.gov.cn/tongjinianjian/dz2016/cn/html/2209.htm","budget_revenue",,,,,,,,,,,,,,,,"227795","33456","58490","28331",,,,,,,,,,
"2015","荔城区","荔城区","22-6 固定资产投资（不含农户）（2015年）","https://tjj.fujian.gov.cn/tongjinianjian/dz2016/cn/html/2206.htm","fixed_asset_investment",,,,,,,,,,,,"281.76","15","155.96","5.2",,,,,,,,,,,,,,
"2015","荔城区","荔城区","22-1 地区生产总值（2015年）","https://tjj.fujian.gov.cn/tongjinianjian/dz2016/cn/html/2201.htm","gdp","330.38","17.11","197.55","115.71","161.27","38.88","64151",,,,,,,,,,,,,,,,,,,,,,
"2015","荔城区","荔城区","22-14 规模以上工业增加值（2015年）","https://tjj.fujian.gov.cn/tongjinianjian/dz2016/cn/html/2214.htm","industrial_va_growth",,,,,,,,,,,,,,,,,,,,,,,,,"155.73","141.33","14.41",,
"2015","荔城区","荔城区","22-4 年末常住人口数（2015年）","https://tjj.fujian.gov.cn/tongjinianjian/dz2016/cn/html/2204.htm","population",,,,,,,,"51.7","36.38","15.32","70.4",,,,,,,,,,,,,,,,,,
"2015","荔城区","荔城区","22-19 社会消费品零售总额（2015年）","https://tjj.fujian.gov.cn/tongjinianjian/dz2016/cn/html/2219.htm","retail_sales",,,,,,,,,,,,,,,,,,,,,,,,,,,,"1483582","14.2"
"2015","连城县","连城县","22-10 一般公共预算支出（2015年）","https://tjj.fujian.gov.cn/tongjinianjian/dz2016/cn/html/2210.htm","budget_expenditure",,,,,,,,,,,,,,,,,,,,"231803","15646","53316","3268","48698",,,,,
"2015","连城县","连城县","22-9 地方一般公共预算收入（2015年）","https://tjj.fujian.gov.cn/tongjinianjian/dz2016/cn/html/2209.htm","budget_revenue",,,,,,,,,,,,,,,,"38799","3795","7658","4590",,,,,,,,,,
"2015","连城县","连城县","22-6 固定资产投资（不含农户）（2015年）","https://tjj.fujian.gov.cn/tongjinianjian/dz2016/cn/html/2206.htm","fixed_asset_investment",,,,,,,,,,,,"200.81","25.8","190.36","28",,,,,,,,,,,,,,
"2015","连城县","连城县","22-1 地区生产总值（2015年）","https://tjj.fujian.gov.cn/tongjinianjian/dz2016/cn/html/2201.htm","gdp","148.86","28.97","64.93","54.96","54.98","9.95","60759",,,,,,,,,,,,,,,,,,,,,,
"2015","连城县","连城县","22-14 规模以上工业增加值（2015年）","https://tjj.fujian.gov.cn/tongjinianjian/dz2016/cn/html/2214.htm","industrial_va_growth",,,,,,,,,,,,,,,,,,,,,,,,,"31.19","18.32","12.88",,
"2015","连城县","连城县","22-4 年末常住人口数（2015年）","https://tjj.fujian.gov.cn/tongjinianjian/dz2016/cn/html/2204.htm","population",,,,,,,,"24.6","10.5","14.1","42.6",,,,,,,,,,,,,,,,,,
"2015","连城县","连城县","22-19 社会消费品零售总额（2015年）","https://tjj.fujian.gov.cn/tongjinianjian/dz2016/cn/html/2219.htm","retail_sales",,,,,,,,,,,,,,,,,,,,,,,,,,,,"501360","12.2"
"2015","连江县","连江县","22-10 一般公共预算支出（2015年）","https://tjj.fujian.gov.cn/tongjinianjian/dz2016/cn/html/2210.htm","budget_expenditure",,,,,,,,,,,,,,,,,,,,"460637","28769","128024","5201","77694",,,,,
"2015","连江县","连江县","22-9 地方一般公共预算收入（2015年）","https://tjj.fujian.gov.cn/tongjinianjian/dz2016/cn/html/2209.htm","budget_revenue",,,,,,,,,,,,,,,,"257358","17192","69544","43853",,,,,,,,,,
"2015","连江县","连江县","22-6 固定资产投资（不含农户）（2015年）","https://tjj.fujian.gov.cn/tongjinianjian/dz2016/cn/html/2206.htm","fixed_asset_investment",,,,,,,,,,,,"518.66","22.1","430.66","32.8",,,,,,,,,,,,,,
"2015","连江县","连江县","22-1 地区生产总值（2015年）","https://tjj.fujian.gov.cn/tongjinianjian/dz2016/cn/html/2201.htm","gdp","352.45","119.93","139.15","93.37","122.7","16.99","60925",,,,,,,,,,,,,,,,,,,,,,
"2015","连江县","连江县","22-14 规模以上工业增加值（2015年）","https://tjj.fujian.gov.cn/tongjinianjian/dz2016/cn/html/2214.htm","industrial_va_growth",,,,,,,,,,,,,,,,,,,,,,,,,"135.08","82.17","52.91",,
"2015","连江县","连江县","22-4 年末常住人口数（2015年）","https://tjj.fujian.gov.cn/tongjinianjian/dz2016/cn/html/2204.htm","population",,,,,,,,"58.1","25.54","32.56","44",,,,,,,,,,,,,,,,,,
"2015","连江县","连江县","22-19 社会消费品零售总额（2015年）","https://tjj.fujian.gov.cn/tongjinianjian/dz2016/cn/html/2219.htm","retail_sales",,,,,,,,,,,,,,,,,,,,,,,,,,,,"1146123","23.4"
"2015","龙海市","龙海市","22-10 一般公共预算支出（2015年）","https://tjj.fujian.gov.cn/tongjinianjian/dz2016/cn/html/2210.htm","budget_expenditure",,,,,,,,,,,,,,,,,,,,"409836","29299","85481","5787","68760",,,,,
"2015","龙海市","龙海市","22-9 地方一般公共预算收入（2015年）","https://tjj.fujian.gov.cn/tongjinianjian/dz2016/cn/html/2209.htm","budget_revenue",,,,,,,,,,,,,,,,"196595","25076","35723","42810",,,,,,,,,,
"2015","龙海市","龙海市","22-6 固定资产投资（不含农户）（2015年）","https://tjj.fujian.gov.cn/tongjinianjian/dz2016/cn/html/2206.htm","fixed_asset_investment",,,,,,,,,,,,"501.25","28.6","374.07","33.3",,,,,,,,,,,,,,
"2015","龙海市","龙海市","22-1 地区生产总值（2015年）","https://tjj.fujian.gov.cn/tongjinianjian/dz2016/cn/html/2201.htm","gdp","640.33","57.54","363.61","219.18","297.08","66.53","68938",,,,,,,,,,,,,,,,,,,,,,
"2015","龙海市","龙海市","22-14 规模以上工业增加值（2015年）","https://tjj.fujian.gov.cn/tongjinianjian/dz2016/cn/html/2214.htm","industrial_va_growth",,,,,,,,,,,,,,,,,,,,,,,,,"319.4","192.34","127.06",,
"2015","龙海市","龙海市","22-4 年末常住人口数（2015年）","https://tjj.fujian.gov.cn/tongjinianjian/dz2016/cn/html/2204.htm","population",,,,,,,,"93.3","50.34","42.96","54",,,,,,,,,,,,,,,,,,
"2015","龙海市","龙海市","22-19 社会消费品零售总额（2015年）","https://tjj.fujian.gov.cn/tongjinianjian/dz2016/cn/html/2219.htm","retail_sales",,,,,,,,,,,,,,,,,,,,,,,,,,,,"1126245","6.3"
"2015","龙文区","龙文区","22-10 一般公共预算支出（2015年）","https://tjj.fujian.gov.cn/tongjinianjian/dz2016/cn/html/2210.htm","budget_expenditure",,,,,,,,,,,,,,,,,,,,"124734","11931","29708","2789","7493",,,,,
"2015","龙文区","龙文区","22-9 地方一般公共预算收入（2015年）","https://tjj.fujian.gov.cn/tongjinianjian/dz2016/cn/html/2209.htm","budget_revenue",,,,,,,,,,,,,,,,"96449","8139","22906","11972",,,,,,,,,,
"2015","龙文区","龙文区","22-6 固定资产投资（不含农户）（2015年）","https://tjj.fujian.gov.cn/tongjinianjian/dz2016/cn/html/2206.htm","fixed_asset_investment",,,,,,,,,,,,"207.4","24.6","79.92","11.3",,,,,,,,,,,,,,
"2015","龙文区","龙文区","22-1 地区生产总值（2015年）","https://tjj.fujian.gov.cn/tongjinianjian/dz2016/cn/html/2201.htm","gdp","165.06","4.7","88.19","72.17","65.79","22.4","88582",,,,,,,,,,,,,,,,,,,,,,
"2015","龙文区","龙文区","22-14 规模以上工业增加值（2015年）","https://tjj.fujian.gov.cn/tongjinianjian/dz2016/cn/html/2214.htm","industrial_va_growth",,,,,,,,,,,,,,,,,,,,,,,,,"71.92","44.84","27.08",,
"2015","龙文区","龙文区","22-4 年末常住人口数（2015年）","https://tjj.fujian.gov.cn/tongjinianjian/dz2016/cn/html/2204.htm","population",,,,,,,,"18.7","16.12","2.58","86.2",,,,,,,,,,,,,,,,,,
"2015","龙文区","龙文区","22-19 社会消费品零售总额（2015年）","https://tjj.fujian.gov.cn/tongjinianjian/dz2016/cn/html/2219.htm","retail_sales",,,,,,,,,,,,,,,,,,,,,,,,,,,,"987916","20"
"2015","罗源县","罗源县","22-10 一般公共预算支出（2015年）","https://tjj.fujian.gov.cn/tongjinianjian/dz2016/cn/html/2210.htm","budget_expenditure",,,,,,,,,,,,,,,,,,,,"201685","18900","36301","1742","33318",,,,,
"2015","罗源县","罗源县","22-9 地方一般公共预算收入（2015年）","https://tjj.fujian.gov.cn/tongjinianjian/dz2016/cn/html/2209.htm","budget_revenue",,,,,,,,,,,,,,,,"108899","10366","41077","9393",,,,,,,,,,
"2015","罗源县","罗源县","22-6 固定资产投资（不含农户）（2015年）","https://tjj.fujian.gov.cn/tongjinianjian/dz2016/cn/html/2206.htm","fixed_asset_investment",,,,,,,,,,,,"137.34","-13.1","90.78","19.7",,,,,,,,,,,,,,
"2015","罗源县","罗源县","22-1 地区生产总值（2015年）","https://tjj.fujian.gov.cn/tongjinianjian/dz2016/cn/html/2201.htm","gdp","181.05","33.68","112.02","35.35","105.39","6.87","86835",,,,,,,,,,,,,,,,,,,,,,
"2015","罗源县","罗源县","22-14 规模以上工业增加值（2015年）","https://tjj.fujian.gov.cn/tongjinianjian/dz2016/cn/html/2214.htm","industrial_va_growth",,,,,,,,,,,,,,,,,,,,,,,,,"62.24","3.91","58.33",,
"2015","罗源县","罗源县","22-4 年末常住人口数（2015年）","https://tjj.fujian.gov.cn/tongjinianjian/dz2016/cn/html/2204.htm","population",,,,,,,,"20.9","9.07","11.83","43.4",,,,,,,,,,,,,,,,,,
"2015","罗源县","罗源县","22-19 社会消费品零售总额（2015年）","https://tjj.fujian.gov.cn/tongjinianjian/dz2016/cn/html/2219.htm","retail_sales",,,,,,,,,,,,,,,,,,,,,,,,,,,,"452234","7.4"
"2015","洛江区","洛江区","22-10 一般公共预算支出（2015年）","https://tjj.fujian.gov.cn/tongjinianjian/dz2016/cn/html/2210.htm","budget_expenditure",,,,,,,,,,,,,,,,,,,,"120800","16108","27478","3149","19927",,,,,
"2015","洛江区","洛江区","22-9 地方一般公共预算收入（2015年）","https://tjj.fujian.gov.cn/tongjinianjian/dz2016/cn/html/2209.htm","budget_revenue",,,,,,,,,,,,,,,,"93319","11110","23963","9667",,,,,,,,,,
"2015","洛江区","洛江区","22-6 固定资产投资（不含农户）（2015年）","https://tjj.fujian.gov.cn/tongjinianjian/dz2016/cn/html/2206.htm","fixed_asset_investment",,,,,,,,,,,,"85.45","15","65.65","55.3",,,,,,,,,,,,,,
"2015","洛江区","洛江区","22-1 地区生产总值（2015年）","https://tjj.fujian.gov.cn/tongjinianjian/dz2016/cn/html/2201.htm","gdp","141.58","3.86","104.73","33","93.71","11.01","67904",,,,,,,,,,,,,,,,,,,,,,
"2015","洛江区","洛江区","22-14 规模以上工业增加值（2015年）","https://tjj.fujian.gov.cn/tongjinianjian/dz2016/cn/html/2214.htm","industrial_va_growth",,,,,,,,,,,,,,,,,,,,,,,,,"85.2","67.74","17.46",,
"2015","洛江区","洛江区","22-4 年末常住人口数（2015年）","https://tjj.fujian.gov.cn/tongjinianjian/dz2016/cn/html/2204.htm","population",,,,,,,,"20.9","11.49","9.41","55",,,,,,,,,,,,,,,,,,
"2015","洛江区","洛江区","22-19 社会消费品零售总额（2015年）","https://tjj.fujian.gov.cn/tongjinianjian/dz2016/cn/html/2219.htm","retail_sales",,,,,,,,,,,,,,,,,,,,,,,,,,,,"278837","11"
"2015","马尾区","马尾区","22-10 一般公共预算支出（2015年）","https://tjj.fujian.gov.cn/tongjinianjian/dz2016/cn/html/2210.htm","budget_expenditure",,,,,,,,,,,,,,,,,,,,"377285","39482","61797","15064","20642",,,,,
"2015","马尾区","马尾区","22-9 地方一般公共预算收入（2015年）","https://tjj.fujian.gov.cn/tongjinianjian/dz2016/cn/html/2209.htm","budget_revenue",,,,,,,,,,,,,,,,"182892","32723","22386","48162",,,,,,,,,,
"2015","马尾区","马尾区","22-6 固定资产投资（不含农户）（2015年）","https://tjj.fujian.gov.cn/tongjinianjian/dz2016/cn/html/2206.htm","fixed_asset_investment",,,,,,,,,,,,"273.8","26.2","185.64","22.6",,,,,,,,,,,,,,
"2015","马尾区","马尾区","22-1 地区生产总值（2015年）","https://tjj.fujian.gov.cn/tongjinianjian/dz2016/cn/html/2201.htm","gdp","392.4","5.32","249.08","138","229.13","20.59","157275",,,,,,,,,,,,,,,,,,,,,,
"2015","马尾区","马尾区","22-14 规模以上工业增加值（2015年）","https://tjj.fujian.gov.cn/tongjinianjian/dz2016/cn/html/2214.htm","industrial_va_growth",,,,,,,,,,,,,,,,,,,,,,,,,"236.14","99.99","136.15",,
"2015","马尾区","马尾区","22-4 年末常住人口数（2015年）","https://tjj.fujian.gov.cn/tongjinianjian/dz2016/cn/html/2204.htm","population",,,,,,,,"25.1","18.09","7.01","72.1",,,,,,,,,,,,,,,,,,
"2015","马尾区","马尾区","22-19 社会消费品零售总额（2015年）","https://tjj.fujian.gov.cn/tongjinianjian/dz2016/cn/html/2219.htm","retail_sales",,,,,,,,,,,,,,,,,,,,,,,,,,,,"1711580","24"
"2015","梅列区","梅列区","22-10 一般公共预算支出（2015年）","https://tjj.fujian.gov.cn/tongjinianjian/dz2016/cn/html/2210.htm","budget_expenditure",,,,,,,,,,,,,,,,,,,,"104710","10339","21685","1867","18840",,,,,
"2015","梅列区","梅列区","22-9 地方一般公共预算收入（2015年）","https://tjj.fujian.gov.cn/tongjinianjian/dz2016/cn/html/2209.htm","budget_revenue",,,,,,,,,,,,,,,,"76207","4436","15574","3996",,,,,,,,,,
"2015","梅列区","梅列区","22-6 固定资产投资（不含农户）（2015年）","https://tjj.fujian.gov.cn/tongjinianjian/dz2016/cn/html/2206.htm","fixed_asset_investment",,,,,,,,,,,,"148.37","10.4","113.72","21.4",,,,,,,,,,,,,,
"2015","梅列区","梅列区","22-1 地区生产总值（2015年）","https://tjj.fujian.gov.cn/tongjinianjian/dz2016/cn/html/2201.htm","gdp","227.21","4.03","115.51","107.67","103.53","11.97","126935",,,,,,,,,,,,,,,,,,,,,,
"2015","梅列区","梅列区","22-14 规模以上工业增加值（2015年）","https://tjj.fujian.gov.cn/tongjinianjian/dz2016/cn/html/2214.htm","industrial_va_growth",,,,,,,,,,,,,,,,,,,,,,,,,"48.54","5.49","43.05",,
"2015","梅列区","梅列区","22-4 年末常住人口数（2015年）","https://tjj.fujian.gov.cn/tongjinianjian/dz2016/cn/html/2204.htm","population",,,,,,,,"17.9","17.48","0.42","97.7",,,,,,,,,,,,,,,,,,
"2015","梅列区","梅列区","22-19 社会消费品零售总额（2015年）","https://tjj.fujian.gov.cn/tongjinianjian/dz2016/cn/html/2219.htm","retail_sales",,,,,,,,,,,,,,,,,,,,,,,,,,,,"725525","7.4"
"2015","闽侯县","闽侯县","22-10 一般公共预算支出（2015年）","https://tjj.fujian.gov.cn/tongjinianjian/dz2016/cn/html/2210.htm","budget_expenditure",,,,,,,,,,,,,,,,,,,,"776807","42799","162050","11887","62046",,,,,
"2015","闽侯县","闽侯县","22-9 地方一般公共预算收入（2015年）","https://tjj.fujian.gov.cn/tongjinianjian/dz2016/cn/html/2209.htm","budget_revenue",,,,,,,,,,,,,,,,"652193","47016","123621","48216",,,,,,,,,,
"2015","闽侯县","闽侯县","22-6 固定资产投资（不含农户）（2015年）","https://tjj.fujian.gov.cn/tongjinianjian/dz2016/cn/html/2206.htm","fixed_asset_investment",,,,,,,,,,,,"383.4","-28.4","215.67","-30.5",,,,,,,,,,,,,,
"2015","闽侯县","闽侯县","22-1 地区生产总值（2015年）","https://tjj.fujian.gov.cn/tongjinianjian/dz2016/cn/html/2201.htm","gdp","438.73","33.96","269.12","135.66","238.53","31.68","62810",,,,,,,,,,,,,,,,,,,,,,
"2015","闽侯县","闽侯县","22-14 规模以上工业增加值（2015年）","https://tjj.fujian.gov.cn/tongjinianjian/dz2016/cn/html/2214.htm","industrial_va_growth",,,,,,,,,,,,,,,,,,,,,,,,,"194.52","73.98","120.54",,
"2015","闽侯县","闽侯县","22-4 年末常住人口数（2015年）","https://tjj.fujian.gov.cn/tongjinianjian/dz2016/cn/html/2204.htm","population",,,,,,,,"70.2","37.46","32.74","53.4",,,,,,,,,,,,,,,,,,
"2015","闽侯县","闽侯县","22-19 社会消费品零售总额（2015年）","https://tjj.fujian.gov.cn/tongjinianjian/dz2016/cn/html/2219.htm","retail_sales",,,,,,,,,,,,,,,,,,,,,,,,,,,,"1964508","7.6"
"2015","闽清县","闽清县","22-10 一般公共预算支出（2015年）","https://tjj.fujian.gov.cn/tongjinianjian/dz2016/cn/html/2210.htm","budget_expenditure",,,,,,,,,,,,,,,,,,,,"219885","15901","48170","2262","31824",,,,,
"2015","闽清县","闽清县","22-9 地方一般公共预算收入（2015年）","https://tjj.fujian.gov.cn/tongjinianjian/dz2016/cn/html/2209.htm","budget_revenue",,,,,,,,,,,,,,,,"81119","11809","17185","12163",,,,,,,,,,
"2015","闽清县","闽清县","22-6 固定资产投资（不含农户）（2015年）","https://tjj.fujian.gov.cn/tongjinianjian/dz2016/cn/html/2206.htm","fixed_asset_investment",,,,,,,,,,,,"62","25.5","42.85","20.6",,,,,,,,,,,,,,
"2015","闽清县","闽清县","22-1 地区生产总值（2015年）","https://tjj.fujian.gov.cn/tongjinianjian/dz2016/cn/html/2201.htm","gdp","141.2","25.49","77.9","37.8","65.39","12.58","59578",,,,,,,,,,,,,,,,,,,,,,
"2015","闽清县","闽清县","22-14 规模以上工业增加值（2015年）","https://tjj.fujian.gov.cn/tongjinianjian/dz2016/cn/html/2214.htm","industrial_va_growth",,,,,,,,,,,,,,,,,,,,,,,,,"54.29","8.35","45.94",,
"2015","闽清县","闽清县","22-4 年末常住人口数（2015年）","https://tjj.fujian.gov.cn/tongjinianjian/dz2016/cn/html/2204.htm","population",,,,,,,,"23.8","9.11","14.69","38.3",,,,,,,,,,,,,,,,,,
"2015","闽清县","闽清县","22-19 社会消费品零售总额（2015年）","https://tjj.fujian.gov.cn/tongjinianjian/dz2016/cn/html/2219.htm","retail_sales",,,,,,,,,,,,,,,,,,,,,,,,,,,,"437346","12.6"
"2015","明溪县","明溪县","22-10 一般公共预算支出（2015年）","https://tjj.fujian.gov.cn/tongjinianjian/dz2016/cn/html/2210.htm","budget_expenditure",,,,,,,,,,,,,,,,,,,,"126044","13850","27573","1729","29323",,,,,
"2015","明溪县","明溪县","22-9 地方一般公共预算收入（2015年）","https://tjj.fujian.gov.cn/tongjinianjian/dz2016/cn/html/2209.htm","budget_revenue",,,,,,,,,,,,,,,,"28286","3783","3834","2005",,,,,,,,,,
"2015","明溪县","明溪县","22-6 固定资产投资（不含农户）（2015年）","https://tjj.fujian.gov.cn/tongjinianjian/dz2016/cn/html/2206.htm","fixed_asset_investment",,,,,,,,,,,,"76.14","21.4","75.41","31.7",,,,,,,,,,,,,,
"2015","明溪县","明溪县","22-1 地区生产总值（2015年）","https://tjj.fujian.gov.cn/tongjinianjian/dz2016/cn/html/2201.htm","gdp","58.58","14","26.2","18.37","19.73","6.47","57714",,,,,,,,,,,,,,,,,,,,,,
"2015","明溪县","明溪县","22-14 规模以上工业增加值（2015年）","https://tjj.fujian.gov.cn/tongjinianjian/dz2016/cn/html/2214.htm","industrial_va_growth",,,,,,,,,,,,,,,,,,,,,,,,,"29.52","11.43","18.09",,
"2015","明溪县","明溪县","22-4 年末常住人口数（2015年）","https://tjj.fujian.gov.cn/tongjinianjian/dz2016/cn/html/2204.htm","population",,,,,,,,"10.2","5.07","5.13","49.7",,,,,,,,,,,,,,,,,,
"2015","明溪县","明溪县","22-19 社会消费品零售总额（2015年）","https://tjj.fujian.gov.cn/tongjinianjian/dz2016/cn/html/2219.htm","retail_sales",,,,,,,,,,,,,,,,,,,,,,,,,,,,"146826","7.9"
"2015","南安市","南安市","22-10 一般公共预算支出（2015年）","https://tjj.fujian.gov.cn/tongjinianjian/dz2016/cn/html/2210.htm","budget_expenditure",,,,,,,,,,,,,,,,,,,,"621394","36230","149425","12101","65135",,,,,
"2015","南安市","南安市","22-9 地方一般公共预算收入（2015年）","https://tjj.fujian.gov.cn/tongjinianjian/dz2016/cn/html/2209.htm","budget_revenue",,,,,,,,,,,,,,,,"365944","58928","62217","51005",,,,,,,,,,
"2015","南安市","南安市","22-6 固定资产投资（不含农户）（2015年）","https://tjj.fujian.gov.cn/tongjinianjian/dz2016/cn/html/2206.htm","fixed_asset_investment",,,,,,,,,,,,"498.35","19.8","460.49","31.1",,,,,,,,,,,,,,
"2015","南安市","南安市","22-1 地区生产总值（2015年）","https://tjj.fujian.gov.cn/tongjinianjian/dz2016/cn/html/2201.htm","gdp","843.38","24.72","518.02","300.65","478.58","39.62","57353",,,,,,,,,,,,,,,,,,,,,,
"2015","南安市","南安市","22-14 规模以上工业增加值（2015年）","https://tjj.fujian.gov.cn/tongjinianjian/dz2016/cn/html/2214.htm","industrial_va_growth",,,,,,,,,,,,,,,,,,,,,,,,,"334.86","106.92","227.94",,
"2015","南安市","南安市","22-4 年末常住人口数（2015年）","https://tjj.fujian.gov.cn/tongjinianjian/dz2016/cn/html/2204.htm","population",,,,,,,,"147.6","82.29","65.31","55.8",,,,,,,,,,,,,,,,,,
"2015","南安市","南安市","22-19 社会消费品零售总额（2015年）","https://tjj.fujian.gov.cn/tongjinianjian/dz2016/cn/html/2219.htm","retail_sales",,,,,,,,,,,,,,,,,,,,,,,,,,,,"3528935","15.4"
"2015","南靖县","南靖县","22-10 一般公共预算支出（2015年）","https://tjj.fujian.gov.cn/tongjinianjian/dz2016/cn/html/2210.htm","budget_expenditure",,,,,,,,,,,,,,,,,,,,"220356","12175","42409","2134","40882",,,,,
"2015","南靖县","南靖县","22-9 地方一般公共预算收入（2015年）","https://tjj.fujian.gov.cn/tongjinianjian/dz2016/cn/html/2209.htm","budget_revenue",,,,,,,,,,,,,,,,"83526","6752","13057","4009",,,,,,,,,,
"2015","南靖县","南靖县","22-6 固定资产投资（不含农户）（2015年）","https://tjj.fujian.gov.cn/tongjinianjian/dz2016/cn/html/2206.htm","fixed_asset_investment",,,,,,,,,,,,"206.39","20.7","188.46","21.7",,,,,,,,,,,,,,
"2015","南靖县","南靖县","22-1 地区生产总值（2015年）","https://tjj.fujian.gov.cn/tongjinianjian/dz2016/cn/html/2201.htm","gdp","212.21","44.57","104.15","63.49","93.91","10.24","62332",,,,,,,,,,,,,,,,,,,,,,
"2015","南靖县","南靖县","22-14 规模以上工业增加值（2015年）","https://tjj.fujian.gov.cn/tongjinianjian/dz2016/cn/html/2214.htm","industrial_va_growth",,,,,,,,,,,,,,,,,,,,,,,,,"102.55","50.85","51.7",,
"2015","南靖县","南靖县","22-4 年末常住人口数（2015年）","https://tjj.fujian.gov.cn/tongjinianjian/dz2016/cn/html/2204.htm","population",,,,,,,,"34.2","16.57","17.63","48.5",,,,,,,,,,,,,,,,,,
"2015","南靖县","南靖县","22-19 社会消费品零售总额（2015年）","https://tjj.fujian.gov.cn/tongjinianjian/dz2016/cn/html/2219.htm","retail_sales",,,,,,,,,,,,,,,,,,,,,,,,,,,,"381034","9.3"
"2015","宁化县","宁化县","22-10 一般公共预算支出（2015年）","https://tjj.fujian.gov.cn/tongjinianjian/dz2016/cn/html/2210.htm","budget_expenditure",,,,,,,,,,,,,,,,,,,,"212504","16561","41920","2796","50183",,,,,
"2015","宁化县","宁化县","22-9 地方一般公共预算收入（2015年）","https://tjj.fujian.gov.cn/tongjinianjian/dz2016/cn/html/2209.htm","budget_revenue",,,,,,,,,,,,,,,,"54688","2482","12980","3158",,,,,,,,,,
"2015","宁化县","宁化县","22-6 固定资产投资（不含农户）（2015年）","https://tjj.fujian.gov.cn/tongjinianjian/dz2016/cn/html/2206.htm","fixed_asset_investment",,,,,,,,,,,,"153.7","20.5","138.33","26.8",,,,,,,,,,,,,,
"2015","宁化县","宁化县","22-1 地区生产总值（2015年）","https://tjj.fujian.gov.cn/tongjinianjian/dz2016/cn/html/2201.htm","gdp","108.64","25.55","48.13","34.97","32.82","15.31","39079",,,,,,,,,,,,,,,,,,,,,,
"2015","宁化县","宁化县","22-14 规模以上工业增加值（2015年）","https://tjj.fujian.gov.cn/tongjinianjian/dz2016/cn/html/2214.htm","industrial_va_growth",,,,,,,,,,,,,,,,,,,,,,,,,"32.2","15.14","17.06",,
"2015","宁化县","宁化县","22-4 年末常住人口数（2015年）","https://tjj.fujian.gov.cn/tongjinianjian/dz2016/cn/html/2204.htm","population",,,,,,,,"28.1","11.43","16.67","40.7",,,,,,,,,,,,,,,,,,
"2015","宁化县","宁化县","22-19 社会消费品零售总额（2015年）","https://tjj.fujian.gov.cn/tongjinianjian/dz2016/cn/html/2219.htm","retail_sales",,,,,,,,,,,,,,,,,,,,,,,,,,,,"342836","13.5"
"2015","平和县","平和县","22-10 一般公共预算支出（2015年）","https://tjj.fujian.gov.cn/tongjinianjian/dz2016/cn/html/2210.htm","budget_expenditure",,,,,,,,,,,,,,,,,,,,"264659","16772","64669","3599","39791",,,,,
"2015","平和县","平和县","22-9 地方一般公共预算收入（2015年）","https://tjj.fujian.gov.cn/tongjinianjian/dz2016/cn/html/2209.htm","budget_revenue",,,,,,,,,,,,,,,,"56999","6184","8112","3674",,,,,,,,,,
"2015","平和县","平和县","22-6 固定资产投资（不含农户）（2015年）","https://tjj.fujian.gov.cn/tongjinianjian/dz2016/cn/html/2206.htm","fixed_asset_investment",,,,,,,,,,,,"151.37","22.3","134.17","22.2",,,,,,,,,,,,,,
"2015","平和县","平和县","22-1 地区生产总值（2015年）","https://tjj.fujian.gov.cn/tongjinianjian/dz2016/cn/html/2201.htm","gdp","172.72","51.74","53.25","67.74","40.47","12.78","34403",,,,,,,,,,,,,,,,,,,,,,
"2015","平和县","平和县","22-14 规模以上工业增加值（2015年）","https://tjj.fujian.gov.cn/tongjinianjian/dz2016/cn/html/2214.htm","industrial_va_growth",,,,,,,,,,,,,,,,,,,,,,,,,"46.45","21.66","24.8",,
"2015","平和县","平和县","22-4 年末常住人口数（2015年）","https://tjj.fujian.gov.cn/tongjinianjian/dz2016/cn/html/2204.htm","population",,,,,,,,"50.4","21.5","28.9","42.7",,,,,,,,,,,,,,,,,,
"2015","平和县","平和县","22-19 社会消费品零售总额（2015年）","https://tjj.fujian.gov.cn/tongjinianjian/dz2016/cn/html/2219.htm","retail_sales",,,,,,,,,,,,,,,,,,,,,,,,,,,,"491773","10.7"
"2015","平潭县","平潭县","22-10 一般公共预算支出（2015年）","https://tjj.fujian.gov.cn/tongjinianjian/dz2016/cn/html/2210.htm","budget_expenditure",,,,,,,,,,,,,,,,,,,,"920017","39144","61934","3218","72754",,,,,
"2015","平潭县","平潭县","22-9 地方一般公共预算收入（2015年）","https://tjj.fujian.gov.cn/tongjinianjian/dz2016/cn/html/2209.htm","budget_revenue",,,,,,,,,,,,,,,,"195421","13071","62638","21768",,,,,,,,,,
"2015","平潭县","平潭县","22-6 固定资产投资（不含农户）（2015年）","https://tjj.fujian.gov.cn/tongjinianjian/dz2016/cn/html/2206.htm","fixed_asset_investment",,,,,,,,,,,,"343.2","25.3","269.56","30",,,,,,,,,,,,,,
"2015","平潭县","平潭县","22-1 地区生产总值（2015年）","https://tjj.fujian.gov.cn/tongjinianjian/dz2016/cn/html/2201.htm","gdp","189.62","35.95","58.47","95.2","9.05","49.42","44616",,,,,,,,,,,,,,,,,,,,,,
"2015","平潭县","平潭县","22-14 规模以上工业增加值（2015年）","https://tjj.fujian.gov.cn/tongjinianjian/dz2016/cn/html/2214.htm","industrial_va_growth",,,,,,,,,,,,,,,,,,,,,,,,,"8.29","1.15","7.14",,
"2015","平潭县","平潭县","22-4 年末常住人口数（2015年）","https://tjj.fujian.gov.cn/tongjinianjian/dz2016/cn/html/2204.htm","population",,,,,,,,"43","19.03","23.97","44.3",,,,,,,,,,,,,,,,,,
"2015","平潭县","平潭县","22-19 社会消费品零售总额（2015年）","https://tjj.fujian.gov.cn/tongjinianjian/dz2016/cn/html/2219.htm","retail_sales",,,,,,,,,,,,,,,,,,,,,,,,,,,,"557281","9"
"2015","屏南县","屏南县","22-10 一般公共预算支出（2015年）","https://tjj.fujian.gov.cn/tongjinianjian/dz2016/cn/html/2210.htm","budget_expenditure",,,,,,,,,,,,,,,,,,,,"150059","10238","28277","974","33935",,,,,
"2015","屏南县","屏南县","22-9 地方一般公共预算收入（2015年）","https://tjj.fujian.gov.cn/tongjinianjian/dz2016/cn/html/2209.htm","budget_revenue",,,,,,,,,,,,,,,,"34500","2915","7202","2480",,,,,,,,,,
"2015","屏南县","屏南县","22-6 固定资产投资（不含农户）（2015年）","https://tjj.fujian.gov.cn/tongjinianjian/dz2016/cn/html/2206.htm","fixed_asset_investment",,,,,,,,,,,,"43.11","28.3","42.44","47.8",,,,,,,,,,,,,,
"2015","屏南县","屏南县","22-1 地区生产总值（2015年）","https://tjj.fujian.gov.cn/tongjinianjian/dz2016/cn/html/2201.htm","gdp","63.58","13.78","27.15","22.64","22.51","4.7","46290",,,,,,,,,,,,,,,,,,,,,,
"2015","屏南县","屏南县","22-14 规模以上工业增加值（2015年）","https://tjj.fujian.gov.cn/tongjinianjian/dz2016/cn/html/2214.htm","industrial_va_growth",,,,,,,,,,,,,,,,,,,,,,,,,"21.45","9.25","12.19",,
"2015","屏南县","屏南县","22-4 年末常住人口数（2015年）","https://tjj.fujian.gov.cn/tongjinianjian/dz2016/cn/html/2204.htm","population",,,,,,,,"13.8","5.75","8.05","41.7",,,,,,,,,,,,,,,,,,
"2015","屏南县","屏南县","22-19 社会消费品零售总额（2015年）","https://tjj.fujian.gov.cn/tongjinianjian/dz2016/cn/html/2219.htm","retail_sales",,,,,,,,,,,,,,,,,,,,,,,,,,,,"167587","11.7"
"2015","浦城县","浦城县","22-10 一般公共预算支出（2015年）","https://tjj.fujian.gov.cn/tongjinianjian/dz2016/cn/html/2210.htm","budget_expenditure",,,,,,,,,,,,,,,,,,,,"229495","11120","43394","1991","59901",,,,,
"2015","浦城县","浦城县","22-9 地方一般公共预算收入（2015年）","https://tjj.fujian.gov.cn/tongjinianjian/dz2016/cn/html/2209.htm","budget_revenue",,,,,,,,,,,,,,,,"62816","4990","12224","3610",,,,,,,,,,
"2015","浦城县","浦城县","22-6 固定资产投资（不含农户）（2015年）","https://tjj.fujian.gov.cn/tongjinianjian/dz2016/cn/html/2206.htm","fixed_asset_investment",,,,,,,,,,,,"130.15","4.3","123.05","2",,,,,,,,,,,,,,
"2015","浦城县","浦城县","22-1 地区生产总值（2015年）","https://tjj.fujian.gov.cn/tongjinianjian/dz2016/cn/html/2201.htm","gdp","118.84","31.33","45.83","41.68","36.09","9.75","39946",,,,,,,,,,,,,,,,,,,,,,
"2015","浦城县","浦城县","22-14 规模以上工业增加值（2015年）","https://tjj.fujian.gov.cn/tongjinianjian/dz2016/cn/html/2214.htm","industrial_va_growth",,,,,,,,,,,,,,,,,,,,,,,,,"35.33","16.5","18.83",,
"2015","浦城县","浦城县","22-4 年末常住人口数（2015年）","https://tjj.fujian.gov.cn/tongjinianjian/dz2016/cn/html/2204.htm","population",,,,,,,,"29.7","13.5","16.2","45.5",,,,,,,,,,,,,,,,,,
"2015","浦城县","浦城县","22-19 社会消费品零售总额（2015年）","https://tjj.fujian.gov.cn/tongjinianjian/dz2016/cn/html/2219.htm","retail_sales",,,,,,,,,,,,,,,,,,,,,,,,,,,,"393336","4.6"
"2015","清流县","清流县","22-10 一般公共预算支出（2015年）","https://tjj.fujian.gov.cn/tongjinianjian/dz2016/cn/html/2210.htm","budget_expenditure",,,,,,,,,,,,,,,,,,,,"149209","10545","24606","2004","41964",,,,,
"2015","清流县","清流县","22-9 地方一般公共预算收入（2015年）","https://tjj.fujian.gov.cn/tongjinianjian/dz2016/cn/html/2209.htm","budget_revenue",,,,,,,,,,,,,,,,"34401","3589","5123","2472",,,,,,,,,,
"2015","清流县","清流县","22-6 固定资产投资（不含农户）（2015年）","https://tjj.fujian.gov.cn/tongjinianjian/dz2016/cn/html/2206.htm","fixed_asset_investment",,,,,,,,,,,,"91.07","19","89.62","25.9",,,,,,,,,,,,,,
"2015","清流县","清流县","22-1 地区生产总值（2015年）","https://tjj.fujian.gov.cn/tongjinianjian/dz2016/cn/html/2201.htm","gdp","80.86","15.49","39.69","25.67","27.46","12.23","59675",,,,,,,,,,,,,,,,,,,,,,
"2015","清流县","清流县","22-14 规模以上工业增加值（2015年）","https://tjj.fujian.gov.cn/tongjinianjian/dz2016/cn/html/2214.htm","industrial_va_growth",,,,,,,,,,,,,,,,,,,,,,,,,"31.95","7.43","24.51",,
"2015","清流县","清流县","22-4 年末常住人口数（2015年）","https://tjj.fujian.gov.cn/tongjinianjian/dz2016/cn/html/2204.htm","population",,,,,,,,"13.6","6.12","7.48","45",,,,,,,,,,,,,,,,,,
"2015","清流县","清流县","22-19 社会消费品零售总额（2015年）","https://tjj.fujian.gov.cn/tongjinianjian/dz2016/cn/html/2219.htm","retail_sales",,,,,,,,,,,,,,,,,,,,,,,,,,,,"189413","1.9"
"2015","泉港区","泉港区","22-10 一般公共预算支出（2015年）","https://tjj.fujian.gov.cn/tongjinianjian/dz2016/cn/html/2210.htm","budget_expenditure",,,,,,,,,,,,,,,,,,,,"261713","20993","69595","6208","27018",,,,,
"2015","泉港区","泉港区","22-9 地方一般公共预算收入（2015年）","https://tjj.fujian.gov.cn/tongjinianjian/dz2016/cn/html/2209.htm","budget_revenue",,,,,,,,,,,,,,,,"216415","75883","16715","16812",,,,,,,,,,
"2015","泉港区","泉港区","22-6 固定资产投资（不含农户）（2015年）","https://tjj.fujian.gov.cn/tongjinianjian/dz2016/cn/html/2206.htm","fixed_asset_investment",,,,,,,,,,,,"196.12","18.3","181.18","21.2",,,,,,,,,,,,,,
"2015","泉港区","泉港区","22-1 地区生产总值（2015年）","https://tjj.fujian.gov.cn/tongjinianjian/dz2016/cn/html/2201.htm","gdp","333.4","10.52","230.8","92.08","195.26","35.54","102743",,,,,,,,,,,,,,,,,,,,,,
"2015","泉港区","泉港区","22-14 规模以上工业增加值（2015年）","https://tjj.fujian.gov.cn/tongjinianjian/dz2016/cn/html/2214.htm","industrial_va_growth",,,,,,,,,,,,,,,,,,,,,,,,,"303.78","50.42","253.35",,
"2015","泉港区","泉港区","22-4 年末常住人口数（2015年）","https://tjj.fujian.gov.cn/tongjinianjian/dz2016/cn/html/2204.htm","population",,,,,,,,"32.5","15.69","16.81","48.3",,,,,,,,,,,,,,,,,,
"2015","泉港区","泉港区","22-19 社会消费品零售总额（2015年）","https://tjj.fujian.gov.cn/tongjinianjian/dz2016/cn/html/2219.htm","retail_sales",,,,,,,,,,,,,,,,,,,,,,,,,,,,"702753","14.4"
"2015","三元区","三元区","22-10 一般公共预算支出（2015年）","https://tjj.fujian.gov.cn/tongjinianjian/dz2016/cn/html/2210.htm","budget_expenditure",,,,,,,,,,,,,,,,,,,,"92641","7454","18874","1244","13419",,,,,
"2015","三元区","三元区","22-9 地方一般公共预算收入（2015年）","https://tjj.fujian.gov.cn/tongjinianjian/dz2016/cn/html/2209.htm","budget_revenue",,,,,,,,,,,,,,,,"40619","4078","6873","2734",,,,,,,,,,
"2015","三元区","三元区","22-6 固定资产投资（不含农户）（2015年）","https://tjj.fujian.gov.cn/tongjinianjian/dz2016/cn/html/2206.htm","fixed_asset_investment",,,,,,,,,,,,"171.08","20","169.19","22.9",,,,,,,,,,,,,,
"2015","三元区","三元区","22-1 地区生产总值（2015年）","https://tjj.fujian.gov.cn/tongjinianjian/dz2016/cn/html/2201.htm","gdp","121.78","12.36","64.23","45.19","52.3","11.93","61044",,,,,,,,,,,,,,,,,,,,,,
"2015","三元区","三元区","22-14 规模以上工业增加值（2015年）","https://tjj.fujian.gov.cn/tongjinianjian/dz2016/cn/html/2214.htm","industrial_va_growth",,,,,,,,,,,,,,,,,,,,,,,,,"74.62","17.84","56.78",,
"2015","三元区","三元区","22-4 年末常住人口数（2015年）","https://tjj.fujian.gov.cn/tongjinianjian/dz2016/cn/html/2204.htm","population",,,,,,,,"20","16.95","3.05","84.7",,,,,,,,,,,,,,,,,,
"2015","三元区","三元区","22-19 社会消费品零售总额（2015年）","https://tjj.fujian.gov.cn/tongjinianjian/dz2016/cn/html/2219.htm","retail_sales",,,,,,,,,,,,,,,,,,,,,,,,,,,,"334843","8.9"
"2015","沙县","沙县","22-10 一般公共预算支出（2015年）","https://tjj.fujian.gov.cn/tongjinianjian/dz2016/cn/html/2210.htm","budget_expenditure",,,,,,,,,,,,,,,,,,,,"206186","32112","43540","2549","42848",,,,,
"2015","沙县","沙县","22-9 地方一般公共预算收入（2015年）","https://tjj.fujian.gov.cn/tongjinianjian/dz2016/cn/html/2209.htm","budget_revenue",,,,,,,,,,,,,,,,"95186","6443","18794","4936",,,,,,,,,,
"2015","沙县","沙县","22-6 固定资产投资（不含农户）（2015年）","https://tjj.fujian.gov.cn/tongjinianjian/dz2016/cn/html/2206.htm","fixed_asset_investment",,,,,,,,,,,,"206.76","20.2","192.66","25.5",,,,,,,,,,,,,,
"2015","沙县","沙县","22-1 地区生产总值（2015年）","https://tjj.fujian.gov.cn/tongjinianjian/dz2016/cn/html/2201.htm","gdp","191.16","27.09","102.73","61.34","87.22","15.51","83476",,,,,,,,,,,,,,,,,,,,,,
"2015","沙县","沙县","22-14 规模以上工业增加值（2015年）","https://tjj.fujian.gov.cn/tongjinianjian/dz2016/cn/html/2214.htm","industrial_va_growth",,,,,,,,,,,,,,,,,,,,,,,,,"95.86","41.66","54.21",,
"2015","沙县","沙县","22-4 年末常住人口数（2015年）","https://tjj.fujian.gov.cn/tongjinianjian/dz2016/cn/html/2204.htm","population",,,,,,,,"23","14.21","8.79","61.8",,,,,,,,,,,,,,,,,,
"2015","沙县","沙县","22-19 社会消费品零售总额（2015年）","https://tjj.fujian.gov.cn/tongjinianjian/dz2016/cn/html/2219.htm","retail_sales",,,,,,,,,,,,,,,,,,,,,,,,,,,,"476312","9.8"
"2015","上杭县","上杭县","22-10 一般公共预算支出（2015年）","https://tjj.fujian.gov.cn/tongjinianjian/dz2016/cn/html/2210.htm","budget_expenditure",,,,,,,,,,,,,,,,,,,,"411870","30011","90208","7965","84956",,,,,
"2015","上杭县","上杭县","22-9 地方一般公共预算收入（2015年）","https://tjj.fujian.gov.cn/tongjinianjian/dz2016/cn/html/2209.htm","budget_revenue",,,,,,,,,,,,,,,,"207902","10685","19130","40596",,,,,,,,,,
"2015","上杭县","上杭县","22-6 固定资产投资（不含农户）（2015年）","https://tjj.fujian.gov.cn/tongjinianjian/dz2016/cn/html/2206.htm","fixed_asset_investment",,,,,,,,,,,,"215.96","28.6","209.66","28.5",,,,,,,,,,,,,,
"2015","上杭县","上杭县","22-1 地区生产总值（2015年）","https://tjj.fujian.gov.cn/tongjinianjian/dz2016/cn/html/2201.htm","gdp","251.92","31.62","142.23","78.06","109.29","32.94","67903",,,,,,,,,,,,,,,,,,,,,,
"2015","上杭县","上杭县","22-14 规模以上工业增加值（2015年）","https://tjj.fujian.gov.cn/tongjinianjian/dz2016/cn/html/2214.htm","industrial_va_growth",,,,,,,,,,,,,,,,,,,,,,,,,"40.13","3.56","36.57",,
"2015","上杭县","上杭县","22-4 年末常住人口数（2015年）","https://tjj.fujian.gov.cn/tongjinianjian/dz2016/cn/html/2204.htm","population",,,,,,,,"37.2","16.3","20.9","43.9",,,,,,,,,,,,,,,,,,
"2015","上杭县","上杭县","22-19 社会消费品零售总额（2015年）","https://tjj.fujian.gov.cn/tongjinianjian/dz2016/cn/html/2219.htm","retail_sales",,,,,,,,,,,,,,,,,,,,,,,,,,,,"759440","20.9"
"2015","邵武市","邵武市","22-10 一般公共预算支出（2015年）","https://tjj.fujian.gov.cn/tongjinianjian/dz2016/cn/html/2210.htm","budget_expenditure",,,,,,,,,,,,,,,,,,,,"260822","18939","41719","1126","49469",,,,,
"2015","邵武市","邵武市","22-9 地方一般公共预算收入（2015年）","https://tjj.fujian.gov.cn/tongjinianjian/dz2016/cn/html/2209.htm","budget_revenue",,,,,,,,,,,,,,,,"132103","11295","26325","6621",,,,,,,,,,
"2015","邵武市","邵武市","22-6 固定资产投资（不含农户）（2015年）","https://tjj.fujian.gov.cn/tongjinianjian/dz2016/cn/html/2206.htm","fixed_asset_investment",,,,,,,,,,,,"344.7","30.5","321.48","30.5",,,,,,,,,,,,,,
"2015","邵武市","邵武市","22-1 地区生产总值（2015年）","https://tjj.fujian.gov.cn/tongjinianjian/dz2016/cn/html/2201.htm","gdp","191.98","30.9","92.34","68.74","78.78","13.56","70194",,,,,,,,,,,,,,,,,,,,,,
"2015","邵武市","邵武市","22-14 规模以上工业增加值（2015年）","https://tjj.fujian.gov.cn/tongjinianjian/dz2016/cn/html/2214.htm","industrial_va_growth",,,,,,,,,,,,,,,,,,,,,,,,,"88.81","46.16","42.65",,
"2015","邵武市","邵武市","22-4 年末常住人口数（2015年）","https://tjj.fujian.gov.cn/tongjinianjian/dz2016/cn/html/2204.htm","population",,,,,,,,"27.3","18.4","8.9","67.5",,,,,,,,,,,,,,,,,,
"2015","邵武市","邵武市","22-19 社会消费品零售总额（2015年）","https://tjj.fujian.gov.cn/tongjinianjian/dz2016/cn/html/2219.htm","retail_sales",,,,,,,,,,,,,,,,,,,,,,,,,,,,"924558","14.6"
"2015","石狮市","石狮市","22-10 一般公共预算支出（2015年）","https://tjj.fujian.gov.cn/tongjinianjian/dz2016/cn/html/2210.htm","budget_expenditure",,,,,,,,,,,,,,,,,,,,"484922","41010","70107","10441","65755",,,,,
"2015","石狮市","石狮市","22-9 地方一般公共预算收入（2015年）","https://tjj.fujian.gov.cn/tongjinianjian/dz2016/cn/html/2209.htm","budget_revenue",,,,,,,,,,,,,,,,"385015","44157","81330","52888",,,,,,,,,,
"2015","石狮市","石狮市","22-6 固定资产投资（不含农户）（2015年）","https://tjj.fujian.gov.cn/tongjinianjian/dz2016/cn/html/2206.htm","fixed_asset_investment",,,,,,,,,,,,"408.28","18.1","345.19","58.5",,,,,,,,,,,,,,
"2015","石狮市","石狮市","22-1 地区生产总值（2015年）","https://tjj.fujian.gov.cn/tongjinianjian/dz2016/cn/html/2201.htm","gdp","676.28","20.02","383.51","272.75","348.69","35.14","99526",,,,,,,,,,,,,,,,,,,,,,
"2015","石狮市","石狮市","22-14 规模以上工业增加值（2015年）","https://tjj.fujian.gov.cn/tongjinianjian/dz2016/cn/html/2214.htm","industrial_va_growth",,,,,,,,,,,,,,,,,,,,,,,,,"230.01","183.4","46.61",,
"2015","石狮市","石狮市","22-4 年末常住人口数（2015年）","https://tjj.fujian.gov.cn/tongjinianjian/dz2016/cn/html/2204.htm","population",,,,,,,,"68.3","53.24","15.06","78",,,,,,,,,,,,,,,,,,
"2015","石狮市","石狮市","22-19 社会消费品零售总额（2015年）","https://tjj.fujian.gov.cn/tongjinianjian/dz2016/cn/html/2219.htm","retail_sales",,,,,,,,,,,,,,,,,,,,,,,,,,,,"3571811","12.3"
"2015","寿宁县","寿宁县","22-10 一般公共预算支出（2015年）","https://tjj.fujian.gov.cn/tongjinianjian/dz2016/cn/html/2210.htm","budget_expenditure",,,,,,,,,,,,,,,,,,,,"178407","12390","41104","737","32382",,,,,
"2015","寿宁县","寿宁县","22-9 地方一般公共预算收入（2015年）","https://tjj.fujian.gov.cn/tongjinianjian/dz2016/cn/html/2209.htm","budget_revenue",,,,,,,,,,,,,,,,"42997","3040","5015","2731",,,,,,,,,,
"2015","寿宁县","寿宁县","22-6 固定资产投资（不含农户）（2015年）","https://tjj.fujian.gov.cn/tongjinianjian/dz2016/cn/html/2206.htm","fixed_asset_investment",,,,,,,,,,,,"63.47","17.6","59.78","18.1",,,,,,,,,,,,,,
"2015","寿宁县","寿宁县","22-1 地区生产总值（2015年）","https://tjj.fujian.gov.cn/tongjinianjian/dz2016/cn/html/2201.htm","gdp","68.88","15.71","32.25","20.92","22.63","9.67","38882",,,,,,,,,,,,,,,,,,,,,,
"2015","寿宁县","寿宁县","22-14 规模以上工业增加值（2015年）","https://tjj.fujian.gov.cn/tongjinianjian/dz2016/cn/html/2214.htm","industrial_va_growth",,,,,,,,,,,,,,,,,,,,,,,,,"20.61","8.36","12.25",,
"2015","寿宁县","寿宁县","22-4 年末常住人口数（2015年）","https://tjj.fujian.gov.cn/tongjinianjian/dz2016/cn/html/2204.htm","population",,,,,,,,"17.8","8.08","9.72","45.4",,,,,,,,,,,,,,,,,,
"2015","寿宁县","寿宁县","22-19 社会消费品零售总额（2015年）","https://tjj.fujian.gov.cn/tongjinianjian/dz2016/cn/html/2219.htm","retail_sales",,,,,,,,,,,,,,,,,,,,,,,,,,,,"195918","11.1"
"2015","顺昌县","顺昌县","22-10 一般公共预算支出（2015年）","https://tjj.fujian.gov.cn/tongjinianjian/dz2016/cn/html/2210.htm","budget_expenditure",,,,,,,,,,,,,,,,,,,,"181365","11261","34377","853","36198",,,,,
"2015","顺昌县","顺昌县","22-9 地方一般公共预算收入（2015年）","https://tjj.fujian.gov.cn/tongjinianjian/dz2016/cn/html/2209.htm","budget_revenue",,,,,,,,,,,,,,,,"39522","5542","8718","2166",,,,,,,,,,
"2015","顺昌县","顺昌县","22-6 固定资产投资（不含农户）（2015年）","https://tjj.fujian.gov.cn/tongjinianjian/dz2016/cn/html/2206.htm","fixed_asset_investment",,,,,,,,,,,,"61.03","32.3","57.04","32.2",,,,,,,,,,,,,,
"2015","顺昌县","顺昌县","22-1 地区生产总值（2015年）","https://tjj.fujian.gov.cn/tongjinianjian/dz2016/cn/html/2201.htm","gdp","90.91","19.86","34.03","37.02","27.79","6.24","48485",,,,,,,,,,,,,,,,,,,,,,
"2015","顺昌县","顺昌县","22-14 规模以上工业增加值（2015年）","https://tjj.fujian.gov.cn/tongjinianjian/dz2016/cn/html/2214.htm","industrial_va_growth",,,,,,,,,,,,,,,,,,,,,,,,,"22.99","5.75","17.24",,
"2015","顺昌县","顺昌县","22-4 年末常住人口数（2015年）","https://tjj.fujian.gov.cn/tongjinianjian/dz2016/cn/html/2204.htm","population",,,,,,,,"18.8","9.1","9.7","48.5",,,,,,,,,,,,,,,,,,
"2015","顺昌县","顺昌县","22-19 社会消费品零售总额（2015年）","https://tjj.fujian.gov.cn/tongjinianjian/dz2016/cn/html/2219.htm","retail_sales",,,,,,,,,,,,,,,,,,,,,,,,,,,,"280080","7.4"
"2015","思明区","思明区","22-10 一般公共预算支出（2015年）","https://tjj.fujian.gov.cn/tongjinianjian/dz2016/cn/html/2210.htm","budget_expenditure",,,,,,,,,,,,,,,,,,,,"576191","41349","183813","19671","803",,,,,
"2015","思明区","思明区","22-9 地方一般公共预算收入（2015年）","https://tjj.fujian.gov.cn/tongjinianjian/dz2016/cn/html/2209.htm","budget_revenue",,,,,,,,,,,,,,,,"515038","62506","112774","93804",,,,,,,,,,
"2015","思明区","思明区","22-6 固定资产投资（不含农户）（2015年）","https://tjj.fujian.gov.cn/tongjinianjian/dz2016/cn/html/2206.htm","fixed_asset_investment",,,,,,,,,,,,"236.24","2","111.59","8.2",,,,,,,,,,,,,,
"2015","思明区","思明区","22-1 地区生产总值（2015年）","https://tjj.fujian.gov.cn/tongjinianjian/dz2016/cn/html/2201.htm","gdp","1057.66","1.4","147.44","908.83","79.7","67.73","107159",,,,,,,,,,,,,,,,,,,,,,
"2015","思明区","思明区","22-14 规模以上工业增加值（2015年）","https://tjj.fujian.gov.cn/tongjinianjian/dz2016/cn/html/2214.htm","industrial_va_growth",,,,,,,,,,,,,,,,,,,,,,,,,"79.67","23.25","56.43",,
"2015","思明区","思明区","22-4 年末常住人口数（2015年）","https://tjj.fujian.gov.cn/tongjinianjian/dz2016/cn/html/2204.htm","population",,,,,,,,"99.1","99.1",,"100",,,,,,,,,,,,,,,,,,
"2015","思明区","思明区","22-19 社会消费品零售总额（2015年）","https://tjj.fujian.gov.cn/tongjinianjian/dz2016/cn/html/2219.htm","retail_sales",,,,,,,,,,,,,,,,,,,,,,,,,,,,"4439371","6.2"
"2015","松溪县","松溪县","22-10 一般公共预算支出（2015年）","https://tjj.fujian.gov.cn/tongjinianjian/dz2016/cn/html/2210.htm","budget_expenditure",,,,,,,,,,,,,,,,,,,,"135567","9047","26724","1767","27112",,,,,
"2015","松溪县","松溪县","22-9 地方一般公共预算收入（2015年）","https://tjj.fujian.gov.cn/tongjinianjian/dz2016/cn/html/2209.htm","budget_revenue",,,,,,,,,,,,,,,,"29452","1515","6825","1717",,,,,,,,,,
"2015","松溪县","松溪县","22-6 固定资产投资（不含农户）（2015年）","https://tjj.fujian.gov.cn/tongjinianjian/dz2016/cn/html/2206.htm","fixed_asset_investment",,,,,,,,,,,,"54.33","30.2","51.53","29.9",,,,,,,,,,,,,,
"2015","松溪县","松溪县","22-1 地区生产总值（2015年）","https://tjj.fujian.gov.cn/tongjinianjian/dz2016/cn/html/2201.htm","gdp","42.86","12.38","16.19","14.29","12.28","3.91","36169",,,,,,,,,,,,,,,,,,,,,,
"2015","松溪县","松溪县","22-14 规模以上工业增加值（2015年）","https://tjj.fujian.gov.cn/tongjinianjian/dz2016/cn/html/2214.htm","industrial_va_growth",,,,,,,,,,,,,,,,,,,,,,,,,"17.05","12.83","4.23",,
"2015","松溪县","松溪县","22-4 年末常住人口数（2015年）","https://tjj.fujian.gov.cn/tongjinianjian/dz2016/cn/html/2204.htm","population",,,,,,,,"11.9","5.3","6.6","44.2",,,,,,,,,,,,,,,,,,
"2015","松溪县","松溪县","22-19 社会消费品零售总额（2015年）","https://tjj.fujian.gov.cn/tongjinianjian/dz2016/cn/html/2219.htm","retail_sales",,,,,,,,,,,,,,,,,,,,,,,,,,,,"203433","12.3"
"2015","台江区","台江区","22-10 一般公共预算支出（2015年）","https://tjj.fujian.gov.cn/tongjinianjian/dz2016/cn/html/2210.htm","budget_expenditure",,,,,,,,,,,,,,,,,,,,"146033","17161","34682","2400","179",,,,,
"2015","台江区","台江区","22-9 地方一般公共预算收入（2015年）","https://tjj.fujian.gov.cn/tongjinianjian/dz2016/cn/html/2209.htm","budget_revenue",,,,,,,,,,,,,,,,"139694","17452","28601","32022",,,,,,,,,,
"2015","台江区","台江区","22-6 固定资产投资（不含农户）（2015年）","https://tjj.fujian.gov.cn/tongjinianjian/dz2016/cn/html/2206.htm","fixed_asset_investment",,,,,,,,,,,,"389.57","14.9","278.15","26",,,,,,,,,,,,,,
"2015","台江区","台江区","22-1 地区生产总值（2015年）","https://tjj.fujian.gov.cn/tongjinianjian/dz2016/cn/html/2201.htm","gdp","369.64",,"77.85","291.79","26.19","52.65","79067",,,,,,,,,,,,,,,,,,,,,,
"2015","台江区","台江区","22-14 规模以上工业增加值（2015年）","https://tjj.fujian.gov.cn/tongjinianjian/dz2016/cn/html/2214.htm","industrial_va_growth",,,,,,,,,,,,,,,,,,,,,,,,,"30.92","2.81","28.12",,
"2015","台江区","台江区","22-4 年末常住人口数（2015年）","https://tjj.fujian.gov.cn/tongjinianjian/dz2016/cn/html/2204.htm","population",,,,,,,,"47","47",,"100",,,,,,,,,,,,,,,,,,
"2015","台江区","台江区","22-19 社会消费品零售总额（2015年）","https://tjj.fujian.gov.cn/tongjinianjian/dz2016/cn/html/2219.htm","retail_sales",,,,,,,,,,,,,,,,,,,,,,,,,,,,"4003530","14.9"
"2015","泰宁县","泰宁县","22-10 一般公共预算支出（2015年）","https://tjj.fujian.gov.cn/tongjinianjian/dz2016/cn/html/2210.htm","budget_expenditure",,,,,,,,,,,,,,,,,,,,"127814","9043","22450","734","32694",,,,,
"2015","泰宁县","泰宁县","22-9 地方一般公共预算收入（2015年）","https://tjj.fujian.gov.cn/tongjinianjian/dz2016/cn/html/2209.htm","budget_revenue",,,,,,,,,,,,,,,,"30001","2156","6869","1803",,,,,,,,,,
"2015","泰宁县","泰宁县","22-6 固定资产投资（不含农户）（2015年）","https://tjj.fujian.gov.cn/tongjinianjian/dz2016/cn/html/2206.htm","fixed_asset_investment",,,,,,,,,,,,"87.35","18.7","83.68","18.6",,,,,,,,,,,,,,
"2015","泰宁县","泰宁县","22-1 地区生产总值（2015年）","https://tjj.fujian.gov.cn/tongjinianjian/dz2016/cn/html/2201.htm","gdp","82.98","15.76","36.66","30.55","26.5","10.16","74422",,,,,,,,,,,,,,,,,,,,,,
"2015","泰宁县","泰宁县","22-14 规模以上工业增加值（2015年）","https://tjj.fujian.gov.cn/tongjinianjian/dz2016/cn/html/2214.htm","industrial_va_growth",,,,,,,,,,,,,,,,,,,,,,,,,"23.84","10.32","13.53",,
"2015","泰宁县","泰宁县","22-4 年末常住人口数（2015年）","https://tjj.fujian.gov.cn/tongjinianjian/dz2016/cn/html/2204.htm","population",,,,,,,,"11.2","5.32","5.88","47.5",,,,,,,,,,,,,,,,,,
"2015","泰宁县","泰宁县","22-19 社会消费品零售总额（2015年）","https://tjj.fujian.gov.cn/tongjinianjian/dz2016/cn/html/2219.htm","retail_sales",,,,,,,,,,,,,,,,,,,,,,,,,,,,"199543","13.3"
"2015","同安区","同安区","22-10 一般公共预算支出（2015年）","https://tjj.fujian.gov.cn/tongjinianjian/dz2016/cn/html/2210.htm","budget_expenditure",,,,,,,,,,,,,,,,,,,,"361821","23540","96256","4868","28319",,,,,
"2015","同安区","同安区","22-9 地方一般公共预算收入（2015年）","https://tjj.fujian.gov.cn/tongjinianjian/dz2016/cn/html/2209.htm","budget_revenue",,,,,,,,,,,,,,,,"140486","18926","29804","14804",,,,,,,,,,
"2015","同安区","同安区","22-6 固定资产投资（不含农户）（2015年）","https://tjj.fujian.gov.cn/tongjinianjian/dz2016/cn/html/2206.htm","fixed_asset_investment",,,,,,,,,,,,"226.92","40.3","143.41","37.5",,,,,,,,,,,,,,
"2015","同安区","同安区","22-1 地区生产总值（2015年）","https://tjj.fujian.gov.cn/tongjinianjian/dz2016/cn/html/2201.htm","gdp","250.89","10.1","137.91","102.88","118.35","19.56","46461",,,,,,,,,,,,,,,,,,,,,,
"2015","同安区","同安区","22-14 规模以上工业增加值（2015年）","https://tjj.fujian.gov.cn/tongjinianjian/dz2016/cn/html/2214.htm","industrial_va_growth",,,,,,,,,,,,,,,,,,,,,,,,,"117.54","76.19","41.34",,
"2015","同安区","同安区","22-4 年末常住人口数（2015年）","https://tjj.fujian.gov.cn/tongjinianjian/dz2016/cn/html/2204.htm","population",,,,,,,,"54.4","37.51","16.89","69",,,,,,,,,,,,,,,,,,
"2015","同安区","同安区","22-19 社会消费品零售总额（2015年）","https://tjj.fujian.gov.cn/tongjinianjian/dz2016/cn/html/2219.htm","retail_sales",,,,,,,,,,,,,,,,,,,,,,,,,,,,"770075","20.3"
"2015","武平县","武平县","22-10 一般公共预算支出（2015年）","https://tjj.fujian.gov.cn/tongjinianjian/dz2016/cn/html/2210.htm","budget_expenditure",,,,,,,,,,,,,,,,,,,,"258790","16314","54407","16025","63777",,,,,
"2015","武平县","武平县","22-9 地方一般公共预算收入（2015年）","https://tjj.fujian.gov.cn/tongjinianjian/dz2016/cn/html/2209.htm","budget_revenue",,,,,,,,,,,,,,,,"73201","5681","11984","7163",,,,,,,,,,
"2015","武平县","武平县","22-6 固定资产投资（不含农户）（2015年）","https://tjj.fujian.gov.cn/tongjinianjian/dz2016/cn/html/2206.htm","fixed_asset_investment",,,,,,,,,,,,"226.82","26","217.83","30.8",,,,,,,,,,,,,,
"2015","武平县","武平县","22-1 地区生产总值（2015年）","https://tjj.fujian.gov.cn/tongjinianjian/dz2016/cn/html/2201.htm","gdp","146.65","31.32","61.89","53.45","43.97","17.92","53327",,,,,,,,,,,,,,,,,,,,,,
"2015","武平县","武平县","22-14 规模以上工业增加值（2015年）","https://tjj.fujian.gov.cn/tongjinianjian/dz2016/cn/html/2214.htm","industrial_va_growth",,,,,,,,,,,,,,,,,,,,,,,,,"38.2","13.32","24.88",,
"2015","武平县","武平县","22-4 年末常住人口数（2015年）","https://tjj.fujian.gov.cn/tongjinianjian/dz2016/cn/html/2204.htm","population",,,,,,,,"27.6","12.6","15","45.7",,,,,,,,,,,,,,,,,,
"2015","武平县","武平县","22-19 社会消费品零售总额（2015年）","https://tjj.fujian.gov.cn/tongjinianjian/dz2016/cn/html/2219.htm","retail_sales",,,,,,,,,,,,,,,,,,,,,,,,,,,,"551754","23.1"
"2015","武夷山市","武夷山市","22-10 一般公共预算支出（2015年）","https://tjj.fujian.gov.cn/tongjinianjian/dz2016/cn/html/2210.htm","budget_expenditure",,,,,,,,,,,,,,,,,,,,"219151","14244","36743","2365","44812",,,,,
"2015","武夷山市","武夷山市","22-9 地方一般公共预算收入（2015年）","https://tjj.fujian.gov.cn/tongjinianjian/dz2016/cn/html/2209.htm","budget_revenue",,,,,,,,,,,,,,,,"95866","4397","21305","4573",,,,,,,,,,
"2015","武夷山市","武夷山市","22-6 固定资产投资（不含农户）（2015年）","https://tjj.fujian.gov.cn/tongjinianjian/dz2016/cn/html/2206.htm","fixed_asset_investment",,,,,,,,,,,,"301.01","28.6","287.99","32.5",,,,,,,,,,,,,,
"2015","武夷山市","武夷山市","22-1 地区生产总值（2015年）","https://tjj.fujian.gov.cn/tongjinianjian/dz2016/cn/html/2201.htm","gdp","138.88","24.54","55.54","58.8","32.02","23.52","59991",,,,,,,,,,,,,,,,,,,,,,
"2015","武夷山市","武夷山市","22-14 规模以上工业增加值（2015年）","https://tjj.fujian.gov.cn/tongjinianjian/dz2016/cn/html/2214.htm","industrial_va_growth",,,,,,,,,,,,,,,,,,,,,,,,,"44.97","41.04","3.93",,
"2015","武夷山市","武夷山市","22-4 年末常住人口数（2015年）","https://tjj.fujian.gov.cn/tongjinianjian/dz2016/cn/html/2204.htm","population",,,,,,,,"23.2","12.9","10.3","55.5",,,,,,,,,,,,,,,,,,
"2015","武夷山市","武夷山市","22-19 社会消费品零售总额（2015年）","https://tjj.fujian.gov.cn/tongjinianjian/dz2016/cn/html/2219.htm","retail_sales",,,,,,,,,,,,,,,,,,,,,,,,,,,,"443382","10.4"
"2015","霞浦县","霞浦县","22-10 一般公共预算支出（2015年）","https://tjj.fujian.gov.cn/tongjinianjian/dz2016/cn/html/2210.htm","budget_expenditure",,,,,,,,,,,,,,,,,,,,"274111","19041","60082","924","61112",,,,,
"2015","霞浦县","霞浦县","22-9 地方一般公共预算收入（2015年）","https://tjj.fujian.gov.cn/tongjinianjian/dz2016/cn/html/2209.htm","budget_revenue",,,,,,,,,,,,,,,,"95134","4724","23432","4048",,,,,,,,,,
"2015","霞浦县","霞浦县","22-6 固定资产投资（不含农户）（2015年）","https://tjj.fujian.gov.cn/tongjinianjian/dz2016/cn/html/2206.htm","fixed_asset_investment",,,,,,,,,,,,"117.97","4.2","91.63","34",,,,,,,,,,,,,,
"2015","霞浦县","霞浦县","22-1 地区生产总值（2015年）","https://tjj.fujian.gov.cn/tongjinianjian/dz2016/cn/html/2201.htm","gdp","181.44","51.66","56.39","73.38","37.54","18.94","39125",,,,,,,,,,,,,,,,,,,,,,
"2015","霞浦县","霞浦县","22-14 规模以上工业增加值（2015年）","https://tjj.fujian.gov.cn/tongjinianjian/dz2016/cn/html/2214.htm","industrial_va_growth",,,,,,,,,,,,,,,,,,,,,,,,,"28.8","17.13","11.67",,
"2015","霞浦县","霞浦县","22-4 年末常住人口数（2015年）","https://tjj.fujian.gov.cn/tongjinianjian/dz2016/cn/html/2204.htm","population",,,,,,,,"46.45","20.84","25.61","44.9",,,,,,,,,,,,,,,,,,
"2015","霞浦县","霞浦县","22-19 社会消费品零售总额（2015年）","https://tjj.fujian.gov.cn/tongjinianjian/dz2016/cn/html/2219.htm","retail_sales",,,,,,,,,,,,,,,,,,,,,,,,,,,,"662336","12.8"
"2015","仙游县","仙游县","22-10 一般公共预算支出（2015年）","https://tjj.fujian.gov.cn/tongjinianjian/dz2016/cn/html/2210.htm","budget_expenditure",,,,,,,,,,,,,,,,,,,,"427466","29171","130993","4308","61419",,,,,
"2015","仙游县","仙游县","22-9 地方一般公共预算收入（2015年）","https://tjj.fujian.gov.cn/tongjinianjian/dz2016/cn/html/2209.htm","budget_revenue",,,,,,,,,,,,,,,,"183701","26844","34113","19026",,,,,,,,,,
"2015","仙游县","仙游县","22-6 固定资产投资（不含农户）（2015年）","https://tjj.fujian.gov.cn/tongjinianjian/dz2016/cn/html/2206.htm","fixed_asset_investment",,,,,,,,,,,,"279.8","26.3","211.29","53.3",,,,,,,,,,,,,,
"2015","仙游县","仙游县","22-1 地区生产总值（2015年）","https://tjj.fujian.gov.cn/tongjinianjian/dz2016/cn/html/2201.htm","gdp","309.74","30.56","159.01","120.18","137.81","23.5","36483",,,,,,,,,,,,,,,,,,,,,,
"2015","仙游县","仙游县","22-14 规模以上工业增加值（2015年）","https://tjj.fujian.gov.cn/tongjinianjian/dz2016/cn/html/2214.htm","industrial_va_growth",,,,,,,,,,,,,,,,,,,,,,,,,"127.38","97.72","29.66",,
"2015","仙游县","仙游县","22-4 年末常住人口数（2015年）","https://tjj.fujian.gov.cn/tongjinianjian/dz2016/cn/html/2204.htm","population",,,,,,,,"85.2","35.24","49.96","41.4",,,,,,,,,,,,,,,,,,
"2015","仙游县","仙游县","22-19 社会消费品零售总额（2015年）","https://tjj.fujian.gov.cn/tongjinianjian/dz2016/cn/html/2219.htm","retail_sales",,,,,,,,,,,,,,,,,,,,,,,,,,,,"840773","8.6"
"2015","芗城区","芗城区","22-10 一般公共预算支出（2015年）","https://tjj.fujian.gov.cn/tongjinianjian/dz2016/cn/html/2210.htm","budget_expenditure",,,,,,,,,,,,,,,,,,,,"187906","16167","33129","2582","8325",,,,,
"2015","芗城区","芗城区","22-9 地方一般公共预算收入（2015年）","https://tjj.fujian.gov.cn/tongjinianjian/dz2016/cn/html/2209.htm","budget_revenue",,,,,,,,,,,,,,,,"137639","17014","24931","16725",,,,,,,,,,
"2015","芗城区","芗城区","22-6 固定资产投资（不含农户）（2015年）","https://tjj.fujian.gov.cn/tongjinianjian/dz2016/cn/html/2206.htm","fixed_asset_investment",,,,,,,,,,,,"177.95","27.6","140.9","45.9",,,,,,,,,,,,,,
"2015","芗城区","芗城区","22-1 地区生产总值（2015年）","https://tjj.fujian.gov.cn/tongjinianjian/dz2016/cn/html/2201.htm","gdp","464.18","8.04","204.54","251.6","165.63","38.91","79179",,,,,,,,,,,,,,,,,,,,,,
"2015","芗城区","芗城区","22-14 规模以上工业增加值（2015年）","https://tjj.fujian.gov.cn/tongjinianjian/dz2016/cn/html/2214.htm","industrial_va_growth",,,,,,,,,,,,,,,,,,,,,,,,,"171.46","46.45","125.02",,
"2015","芗城区","芗城区","22-4 年末常住人口数（2015年）","https://tjj.fujian.gov.cn/tongjinianjian/dz2016/cn/html/2204.htm","population",,,,,,,,"58.8","53.01","5.79","90.2",,,,,,,,,,,,,,,,,,
"2015","芗城区","芗城区","22-19 社会消费品零售总额（2015年）","https://tjj.fujian.gov.cn/tongjinianjian/dz2016/cn/html/2219.htm","retail_sales",,,,,,,,,,,,,,,,,,,,,,,,,,,,"1670199","9.7"
"2015","翔安区","翔安区","22-10 一般公共预算支出（2015年）","https://tjj.fujian.gov.cn/tongjinianjian/dz2016/cn/html/2210.htm","budget_expenditure",,,,,,,,,,,,,,,,,,,,"334377","20383","93325","3900","27875",,,,,
"2015","翔安区","翔安区","22-9 地方一般公共预算收入（2015年）","https://tjj.fujian.gov.cn/tongjinianjian/dz2016/cn/html/2209.htm","budget_revenue",,,,,,,,,,,,,,,,"144102","12496","34091","16184",,,,,,,,,,
"2015","翔安区","翔安区","22-6 固定资产投资（不含农户）（2015年）","https://tjj.fujian.gov.cn/tongjinianjian/dz2016/cn/html/2206.htm","fixed_asset_investment",,,,,,,,,,,,"356.39","40.3","245.08","58.4",,,,,,,,,,,,,,
"2015","翔安区","翔安区","22-1 地区生产总值（2015年）","https://tjj.fujian.gov.cn/tongjinianjian/dz2016/cn/html/2201.htm","gdp","377.54","8.53","290.28","78.72","258.29","32","114233",,,,,,,,,,,,,,,,,,,,,,
"2015","翔安区","翔安区","22-14 规模以上工业增加值（2015年）","https://tjj.fujian.gov.cn/tongjinianjian/dz2016/cn/html/2214.htm","industrial_va_growth",,,,,,,,,,,,,,,,,,,,,,,,,"253.36","87.16","166.2",,
"2015","翔安区","翔安区","22-4 年末常住人口数（2015年）","https://tjj.fujian.gov.cn/tongjinianjian/dz2016/cn/html/2204.htm","population",,,,,,,,"33.4","18.99","14.41","56.9",,,,,,,,,,,,,,,,,,
"2015","翔安区","翔安区","22-19 社会消费品零售总额（2015年）","https://tjj.fujian.gov.cn/tongjinianjian/dz2016/cn/html/2219.htm","retail_sales",,,,,,,,,,,,,,,,,,,,,,,,,,,,"400611","6.5"
"2015","新罗区","新罗区","22-10 一般公共预算支出（2015年）","https://tjj.fujian.gov.cn/tongjinianjian/dz2016/cn/html/2210.htm","budget_expenditure",,,,,,,,,,,,,,,,,,,,"345799","26226","83952","9843","73810",,,,,
"2015","新罗区","新罗区","22-9 地方一般公共预算收入（2015年）","https://tjj.fujian.gov.cn/tongjinianjian/dz2016/cn/html/2209.htm","budget_revenue",,,,,,,,,,,,,,,,"199678","20329","44895","26157",,,,,,,,,,
"2015","新罗区","新罗区","22-6 固定资产投资（不含农户）（2015年）","https://tjj.fujian.gov.cn/tongjinianjian/dz2016/cn/html/2206.htm","fixed_asset_investment",,,,,,,,,,,,"675.97","16.4","528.66","24.3",,,,,,,,,,,,,,
"2015","新罗区","新罗区","22-1 地区生产总值（2015年）","https://tjj.fujian.gov.cn/tongjinianjian/dz2016/cn/html/2201.htm","gdp","637.73","25.51","379.55","232.67","311.34","68.21","89821",,,,,,,,,,,,,,,,,,,,,,
"2015","新罗区","新罗区","22-14 规模以上工业增加值（2015年）","https://tjj.fujian.gov.cn/tongjinianjian/dz2016/cn/html/2214.htm","industrial_va_growth",,,,,,,,,,,,,,,,,,,,,,,,,"274.55","153.62","120.94",,
"2015","新罗区","新罗区","22-4 年末常住人口数（2015年）","https://tjj.fujian.gov.cn/tongjinianjian/dz2016/cn/html/2204.htm","population",,,,,,,,"71.4","50.4","21","70.6",,,,,,,,,,,,,,,,,,
"2015","新罗区","新罗区","22-19 社会消费品零售总额（2015年）","https://tjj.fujian.gov.cn/tongjinianjian/dz2016/cn/html/2219.htm","retail_sales",,,,,,,,,,,,,,,,,,,,,,,,,,,,"2816363","11.7"
"2015","秀屿区","秀屿区","22-10 一般公共预算支出（2015年）","https://tjj.fujian.gov.cn/tongjinianjian/dz2016/cn/html/2210.htm","budget_expenditure",,,,,,,,,,,,,,,,,,,,"332810","24778","95719","1760","48145",,,,,
"2015","秀屿区","秀屿区","22-9 地方一般公共预算收入（2015年）","https://tjj.fujian.gov.cn/tongjinianjian/dz2016/cn/html/2209.htm","budget_revenue",,,,,,,,,,,,,,,,"194420","38221","33189","33611",,,,,,,,,,
"2015","秀屿区","秀屿区","22-6 固定资产投资（不含农户）（2015年）","https://tjj.fujian.gov.cn/tongjinianjian/dz2016/cn/html/2206.htm","fixed_asset_investment",,,,,,,,,,,,"605.95","23.9","585.93","25.3",,,,,,,,,,,,,,
"2015","秀屿区","秀屿区","22-1 地区生产总值（2015年）","https://tjj.fujian.gov.cn/tongjinianjian/dz2016/cn/html/2201.htm","gdp","329.07","40.71","192.9","95.47","143.04","52.25","56155",,,,,,,,,,,,,,,,,,,,,,
"2015","秀屿区","秀屿区","22-14 规模以上工业增加值（2015年）","https://tjj.fujian.gov.cn/tongjinianjian/dz2016/cn/html/2214.htm","industrial_va_growth",,,,,,,,,,,,,,,,,,,,,,,,,"133.81","51.8","82.01",,
"2015","秀屿区","秀屿区","22-4 年末常住人口数（2015年）","https://tjj.fujian.gov.cn/tongjinianjian/dz2016/cn/html/2204.htm","population",,,,,,,,"58.8","23.38","35.42","39.8",,,,,,,,,,,,,,,,,,
"2015","秀屿区","秀屿区","22-19 社会消费品零售总额（2015年）","https://tjj.fujian.gov.cn/tongjinianjian/dz2016/cn/html/2219.htm","retail_sales",,,,,,,,,,,,,,,,,,,,,,,,,,,,"611810","13.6"
"2015","延平区","延平区","22-10 一般公共预算支出（2015年）","https://tjj.fujian.gov.cn/tongjinianjian/dz2016/cn/html/2210.htm","budget_expenditure",,,,,,,,,,,,,,,,,,,,"208602","13916","40979","2260","45832",,,,,
"2015","延平区","延平区","22-9 地方一般公共预算收入（2015年）","https://tjj.fujian.gov.cn/tongjinianjian/dz2016/cn/html/2209.htm","budget_revenue",,,,,,,,,,,,,,,,"68828","5694","13367","9718",,,,,,,,,,
"2015","延平区","延平区","22-6 固定资产投资（不含农户）（2015年）","https://tjj.fujian.gov.cn/tongjinianjian/dz2016/cn/html/2206.htm","fixed_asset_investment",,,,,,,,,,,,"230.73","13.8","207.69","25.3",,,,,,,,,,,,,,
"2015","延平区","延平区","22-1 地区生产总值（2015年）","https://tjj.fujian.gov.cn/tongjinianjian/dz2016/cn/html/2201.htm","gdp","277.06","35.04","137.96","104.06","82.06","55.91","58824",,,,,,,,,,,,,,,,,,,,,,
"2015","延平区","延平区","22-14 规模以上工业增加值（2015年）","https://tjj.fujian.gov.cn/tongjinianjian/dz2016/cn/html/2214.htm","industrial_va_growth",,,,,,,,,,,,,,,,,,,,,,,,,"62.32","25.54","36.78",,
"2015","延平区","延平区","22-4 年末常住人口数（2015年）","https://tjj.fujian.gov.cn/tongjinianjian/dz2016/cn/html/2204.htm","population",,,,,,,,"47.2","31.4","15.8","66.5",,,,,,,,,,,,,,,,,,
"2015","延平区","延平区","22-19 社会消费品零售总额（2015年）","https://tjj.fujian.gov.cn/tongjinianjian/dz2016/cn/html/2219.htm","retail_sales",,,,,,,,,,,,,,,,,,,,,,,,,,,,"1177410","12.7"
"2015","永安市","永安市","22-10 一般公共预算支出（2015年）","https://tjj.fujian.gov.cn/tongjinianjian/dz2016/cn/html/2210.htm","budget_expenditure",,,,,,,,,,,,,,,,,,,,"250258","45485","58675","11877","34938",,,,,
"2015","永安市","永安市","22-9 地方一般公共预算收入（2015年）","https://tjj.fujian.gov.cn/tongjinianjian/dz2016/cn/html/2209.htm","budget_revenue",,,,,,,,,,,,,,,,"172142","17465","22610","12276",,,,,,,,,,
"2015","永安市","永安市","22-6 固定资产投资（不含农户）（2015年）","https://tjj.fujian.gov.cn/tongjinianjian/dz2016/cn/html/2206.htm","fixed_asset_investment",,,,,,,,,,,,"258.59","17.5","236.94","29.8",,,,,,,,,,,,,,
"2015","永安市","永安市","22-1 地区生产总值（2015年）","https://tjj.fujian.gov.cn/tongjinianjian/dz2016/cn/html/2201.htm","gdp","314.58","27.94","183.44","103.2","163.5","19.95","90138",,,,,,,,,,,,,,,,,,,,,,
"2015","永安市","永安市","22-14 规模以上工业增加值（2015年）","https://tjj.fujian.gov.cn/tongjinianjian/dz2016/cn/html/2214.htm","industrial_va_growth",,,,,,,,,,,,,,,,,,,,,,,,,"168.9","55.27","113.63",,
"2015","永安市","永安市","22-4 年末常住人口数（2015年）","https://tjj.fujian.gov.cn/tongjinianjian/dz2016/cn/html/2204.htm","population",,,,,,,,"35","23.23","11.77","66.4",,,,,,,,,,,,,,,,,,
"2015","永安市","永安市","22-19 社会消费品零售总额（2015年）","https://tjj.fujian.gov.cn/tongjinianjian/dz2016/cn/html/2219.htm","retail_sales",,,,,,,,,,,,,,,,,,,,,,,,,,,,"800345","10.5"
"2015","永春县","永春县","22-10 一般公共预算支出（2015年）","https://tjj.fujian.gov.cn/tongjinianjian/dz2016/cn/html/2210.htm","budget_expenditure",,,,,,,,,,,,,,,,,,,,"259549","20575","68786","2636","47695",,,,,
"2015","永春县","永春县","22-9 地方一般公共预算收入（2015年）","https://tjj.fujian.gov.cn/tongjinianjian/dz2016/cn/html/2209.htm","budget_revenue",,,,,,,,,,,,,,,,"106835","11866","20930","9857",,,,,,,,,,
"2015","永春县","永春县","22-6 固定资产投资（不含农户）（2015年）","https://tjj.fujian.gov.cn/tongjinianjian/dz2016/cn/html/2206.htm","fixed_asset_investment",,,,,,,,,,,,"110.79","19.8","100.58","39.8",,,,,,,,,,,,,,
"2015","永春县","永春县","22-1 地区生产总值（2015年）","https://tjj.fujian.gov.cn/tongjinianjian/dz2016/cn/html/2201.htm","gdp","306.02","22.99","172.48","110.56","153.99","18.49","67036",,,,,,,,,,,,,,,,,,,,,,
"2015","永春县","永春县","22-14 规模以上工业增加值（2015年）","https://tjj.fujian.gov.cn/tongjinianjian/dz2016/cn/html/2214.htm","industrial_va_growth",,,,,,,,,,,,,,,,,,,,,,,,,"134.46","103.24","31.22",,
"2015","永春县","永春县","22-4 年末常住人口数（2015年）","https://tjj.fujian.gov.cn/tongjinianjian/dz2016/cn/html/2204.htm","population",,,,,,,,"45.8","26.45","19.35","57.8",,,,,,,,,,,,,,,,,,
"2015","永春县","永春县","22-19 社会消费品零售总额（2015年）","https://tjj.fujian.gov.cn/tongjinianjian/dz2016/cn/html/2219.htm","retail_sales",,,,,,,,,,,,,,,,,,,,,,,,,,,,"935483","12.4"
"2015","永定县","永定区","22-10 一般公共预算支出（2015年）","https://tjj.fujian.gov.cn/tongjinianjian/dz2016/cn/html/2210.htm","budget_expenditure",,,,,,,,,,,,,,,,,,,,"268627","22760","76473","3031","45672",,,,,
"2015","永定县","永定区","22-9 地方一般公共预算收入（2015年）","https://tjj.fujian.gov.cn/tongjinianjian/dz2016/cn/html/2209.htm","budget_revenue",,,,,,,,,,,,,,,,"103204","14609","12919","6713",,,,,,,,,,
"2015","永定县","永定区","22-6 固定资产投资（不含农户）（2015年）","https://tjj.fujian.gov.cn/tongjinianjian/dz2016/cn/html/2206.htm","fixed_asset_investment",,,,,,,,,,,,"203.57","26.3","196.1","26.3",,,,,,,,,,,,,,
"2015","永定县","永定区","22-1 地区生产总值（2015年）","https://tjj.fujian.gov.cn/tongjinianjian/dz2016/cn/html/2201.htm","gdp","198.23","29.48","101.06","67.7","82.79","18.26","55064",,,,,,,,,,,,,,,,,,,,,,
"2015","永定县","永定区","22-14 规模以上工业增加值（2015年）","https://tjj.fujian.gov.cn/tongjinianjian/dz2016/cn/html/2214.htm","industrial_va_growth",,,,,,,,,,,,,,,,,,,,,,,,,"38.19","9.28","28.92",,
"2015","永定县","永定区","22-4 年末常住人口数（2015年）","https://tjj.fujian.gov.cn/tongjinianjian/dz2016/cn/html/2204.htm","population",,,,,,,,"36.1","16","20.1","44.3",,,,,,,,,,,,,,,,,,
"2015","永定县","永定区","22-19 社会消费品零售总额（2015年）","https://tjj.fujian.gov.cn/tongjinianjian/dz2016/cn/html/2219.htm","retail_sales",,,,,,,,,,,,,,,,,,,,,,,,,,,,"656862","14.9"
"2015","永泰县","永泰县","22-10 一般公共预算支出（2015年）","https://tjj.fujian.gov.cn/tongjinianjian/dz2016/cn/html/2210.htm","budget_expenditure",,,,,,,,,,,,,,,,,,,,"242065","14590","48809","493","49347",,,,,
"2015","永泰县","永泰县","22-9 地方一般公共预算收入（2015年）","https://tjj.fujian.gov.cn/tongjinianjian/dz2016/cn/html/2209.htm","budget_revenue",,,,,,,,,,,,,,,,"74827","4243","22282","9612",,,,,,,,,,
"2015","永泰县","永泰县","22-6 固定资产投资（不含农户）（2015年）","https://tjj.fujian.gov.cn/tongjinianjian/dz2016/cn/html/2206.htm","fixed_asset_investment",,,,,,,,,,,,"79.97","2.6","34.09","29.1",,,,,,,,,,,,,,
"2015","永泰县","永泰县","22-1 地区生产总值（2015年）","https://tjj.fujian.gov.cn/tongjinianjian/dz2016/cn/html/2201.htm","gdp","130.92","39.6","49.49","41.83","12.72","36.77","52159",,,,,,,,,,,,,,,,,,,,,,
"2015","永泰县","永泰县","22-14 规模以上工业增加值（2015年）","https://tjj.fujian.gov.cn/tongjinianjian/dz2016/cn/html/2214.htm","industrial_va_growth",,,,,,,,,,,,,,,,,,,,,,,,,"12.18","6.85","5.32",,
"2015","永泰县","永泰县","22-4 年末常住人口数（2015年）","https://tjj.fujian.gov.cn/tongjinianjian/dz2016/cn/html/2204.htm","population",,,,,,,,"25.2","9.88","15.32","39.2",,,,,,,,,,,,,,,,,,
"2015","永泰县","永泰县","22-19 社会消费品零售总额（2015年）","https://tjj.fujian.gov.cn/tongjinianjian/dz2016/cn/html/2219.htm","retail_sales",,,,,,,,,,,,,,,,,,,,,,,,,,,,"484242","15.6"
"2015","尤溪县","尤溪县","22-10 一般公共预算支出（2015年）","https://tjj.fujian.gov.cn/tongjinianjian/dz2016/cn/html/2210.htm","budget_expenditure",,,,,,,,,,,,,,,,,,,,"211093","16980","58174","2850","50582",,,,,
"2015","尤溪县","尤溪县","22-9 地方一般公共预算收入（2015年）","https://tjj.fujian.gov.cn/tongjinianjian/dz2016/cn/html/2209.htm","budget_revenue",,,,,,,,,,,,,,,,"73357","7752","12731","4116",,,,,,,,,,
"2015","尤溪县","尤溪县","22-6 固定资产投资（不含农户）（2015年）","https://tjj.fujian.gov.cn/tongjinianjian/dz2016/cn/html/2206.htm","fixed_asset_investment",,,,,,,,,,,,"192.54","19.4","179.35","24.1",,,,,,,,,,,,,,
"2015","尤溪县","尤溪县","22-1 地区生产总值（2015年）","https://tjj.fujian.gov.cn/tongjinianjian/dz2016/cn/html/2201.htm","gdp","188.07","47.51","81.68","58.88","61.93","19.75","53127",,,,,,,,,,,,,,,,,,,,,,
"2015","尤溪县","尤溪县","22-14 规模以上工业增加值（2015年）","https://tjj.fujian.gov.cn/tongjinianjian/dz2016/cn/html/2214.htm","industrial_va_growth",,,,,,,,,,,,,,,,,,,,,,,,,"65.23","42.95","22.28",,
"2015","尤溪县","尤溪县","22-4 年末常住人口数（2015年）","https://tjj.fujian.gov.cn/tongjinianjian/dz2016/cn/html/2204.htm","population",,,,,,,,"35.5","14.83","20.67","41.8",,,,,,,,,,,,,,,,,,
"2015","尤溪县","尤溪县","22-19 社会消费品零售总额（2015年）","https://tjj.fujian.gov.cn/tongjinianjian/dz2016/cn/html/2219.htm","retail_sales",,,,,,,,,,,,,,,,,,,,,,,,,,,,"401410","9.6"
"2015","云霄县","云霄县","22-10 一般公共预算支出（2015年）","https://tjj.fujian.gov.cn/tongjinianjian/dz2016/cn/html/2210.htm","budget_expenditure",,,,,,,,,,,,,,,,,,,,"230201","9124","53810","783","50608",,,,,
"2015","云霄县","云霄县","22-9 地方一般公共预算收入（2015年）","https://tjj.fujian.gov.cn/tongjinianjian/dz2016/cn/html/2209.htm","budget_revenue",,,,,,,,,,,,,,,,"55300","3821","16250","4552",,,,,,,,,,
"2015","云霄县","云霄县","22-6 固定资产投资（不含农户）（2015年）","https://tjj.fujian.gov.cn/tongjinianjian/dz2016/cn/html/2206.htm","fixed_asset_investment",,,,,,,,,,,,"196.12","31","171.14","33.2",,,,,,,,,,,,,,
"2015","云霄县","云霄县","22-1 地区生产总值（2015年）","https://tjj.fujian.gov.cn/tongjinianjian/dz2016/cn/html/2201.htm","gdp","157.56","28.99","74.41","54.16","64.12","10.29","37757",,,,,,,,,,,,,,,,,,,,,,
"2015","云霄县","云霄县","22-14 规模以上工业增加值（2015年）","https://tjj.fujian.gov.cn/tongjinianjian/dz2016/cn/html/2214.htm","industrial_va_growth",,,,,,,,,,,,,,,,,,,,,,,,,"73.07","39.64","33.44",,
"2015","云霄县","云霄县","22-4 年末常住人口数（2015年）","https://tjj.fujian.gov.cn/tongjinianjian/dz2016/cn/html/2204.htm","population",,,,,,,,"41.9","19.64","22.26","46.9",,,,,,,,,,,,,,,,,,
"2015","云霄县","云霄县","22-19 社会消费品零售总额（2015年）","https://tjj.fujian.gov.cn/tongjinianjian/dz2016/cn/html/2219.htm","retail_sales",,,,,,,,,,,,,,,,,,,,,,,,,,,,"536598","14.1"
"2015","漳平市","漳平市","22-10 一般公共预算支出（2015年）","https://tjj.fujian.gov.cn/tongjinianjian/dz2016/cn/html/2210.htm","budget_expenditure",,,,,,,,,,,,,,,,,,,,"197817","22507","44005","3146","39475",,,,,
"2015","漳平市","漳平市","22-9 地方一般公共预算收入（2015年）","https://tjj.fujian.gov.cn/tongjinianjian/dz2016/cn/html/2209.htm","budget_revenue",,,,,,,,,,,,,,,,"63826","8032","10909","8080",,,,,,,,,,
"2015","漳平市","漳平市","22-6 固定资产投资（不含农户）（2015年）","https://tjj.fujian.gov.cn/tongjinianjian/dz2016/cn/html/2206.htm","fixed_asset_investment",,,,,,,,,,,,"173.71","20.7","167.6","25.8",,,,,,,,,,,,,,
"2015","漳平市","漳平市","22-1 地区生产总值（2015年）","https://tjj.fujian.gov.cn/tongjinianjian/dz2016/cn/html/2201.htm","gdp","186.19","25.37","83.49","77.33","63.91","19.58","77579",,,,,,,,,,,,,,,,,,,,,,
"2015","漳平市","漳平市","22-14 规模以上工业增加值（2015年）","https://tjj.fujian.gov.cn/tongjinianjian/dz2016/cn/html/2214.htm","industrial_va_growth",,,,,,,,,,,,,,,,,,,,,,,,,"33.67","11.58","22.09",,
"2015","漳平市","漳平市","22-4 年末常住人口数（2015年）","https://tjj.fujian.gov.cn/tongjinianjian/dz2016/cn/html/2204.htm","population",,,,,,,,"24.1","12.9","11.2","53.7",,,,,,,,,,,,,,,,,,
"2015","漳平市","漳平市","22-19 社会消费品零售总额（2015年）","https://tjj.fujian.gov.cn/tongjinianjian/dz2016/cn/html/2219.htm","retail_sales",,,,,,,,,,,,,,,,,,,,,,,,,,,,"525292","12.1"
"2015","漳浦县","漳浦县","22-10 一般公共预算支出（2015年）","https://tjj.fujian.gov.cn/tongjinianjian/dz2016/cn/html/2210.htm","budget_expenditure",,,,,,,,,,,,,,,,,,,,"479862","20910","84192","7935","51692",,,,,
"2015","漳浦县","漳浦县","22-9 地方一般公共预算收入（2015年）","https://tjj.fujian.gov.cn/tongjinianjian/dz2016/cn/html/2209.htm","budget_revenue",,,,,,,,,,,,,,,,"219386","17387","72058","25447",,,,,,,,,,
"2015","漳浦县","漳浦县","22-6 固定资产投资（不含农户）（2015年）","https://tjj.fujian.gov.cn/tongjinianjian/dz2016/cn/html/2206.htm","fixed_asset_investment",,,,,,,,,,,,"324.06","15.7","235.25","32.4",,,,,,,,,,,,,,
"2015","漳浦县","漳浦县","22-1 地区生产总值（2015年）","https://tjj.fujian.gov.cn/tongjinianjian/dz2016/cn/html/2201.htm","gdp","318.76","62.3","129.12","127.34","101.39","27.74","39083",,,,,,,,,,,,,,,,,,,,,,
"2015","漳浦县","漳浦县","22-14 规模以上工业增加值（2015年）","https://tjj.fujian.gov.cn/tongjinianjian/dz2016/cn/html/2214.htm","industrial_va_growth",,,,,,,,,,,,,,,,,,,,,,,,,"113.95","68.95","45.01",,
"2015","漳浦县","漳浦县","22-4 年末常住人口数（2015年）","https://tjj.fujian.gov.cn/tongjinianjian/dz2016/cn/html/2204.htm","population",,,,,,,,"81.9","39.77","42.13","48.6",,,,,,,,,,,,,,,,,,
"2015","漳浦县","漳浦县","22-19 社会消费品零售总额（2015年）","https://tjj.fujian.gov.cn/tongjinianjian/dz2016/cn/html/2219.htm","retail_sales",,,,,,,,,,,,,,,,,,,,,,,,,,,,"926219","12.2"
"2015","长乐市","长乐市","22-10 一般公共预算支出（2015年）","https://tjj.fujian.gov.cn/tongjinianjian/dz2016/cn/html/2210.htm","budget_expenditure",,,,,,,,,,,,,,,,,,,,"473385","32010","97732","5072","54711",,,,,
"2015","长乐市","长乐市","22-9 地方一般公共预算收入（2015年）","https://tjj.fujian.gov.cn/tongjinianjian/dz2016/cn/html/2209.htm","budget_revenue",,,,,,,,,,,,,,,,"336452","36258","54434","27401",,,,,,,,,,
"2015","长乐市","长乐市","22-6 固定资产投资（不含农户）（2015年）","https://tjj.fujian.gov.cn/tongjinianjian/dz2016/cn/html/2206.htm","fixed_asset_investment",,,,,,,,,,,,"447.22","13.3","343.25","10.6",,,,,,,,,,,,,,
"2015","长乐市","长乐市","22-1 地区生产总值（2015年）","https://tjj.fujian.gov.cn/tongjinianjian/dz2016/cn/html/2201.htm","gdp","570.36","43.28","373.19","153.89","347.72","25.56","80107",,,,,,,,,,,,,,,,,,,,,,
"2015","长乐市","长乐市","22-14 规模以上工业增加值（2015年）","https://tjj.fujian.gov.cn/tongjinianjian/dz2016/cn/html/2214.htm","industrial_va_growth",,,,,,,,,,,,,,,,,,,,,,,,,"396.58","312.77","83.81",,
"2015","长乐市","长乐市","22-4 年末常住人口数（2015年）","https://tjj.fujian.gov.cn/tongjinianjian/dz2016/cn/html/2204.htm","population",,,,,,,,"71.5","34","37.5","47.6",,,,,,,,,,,,,,,,,,
"2015","长乐市","长乐市","22-19 社会消费品零售总额（2015年）","https://tjj.fujian.gov.cn/tongjinianjian/dz2016/cn/html/2219.htm","retail_sales",,,,,,,,,,,,,,,,,,,,,,,,,,,,"1806634","19.9"
"2015","长泰县","长泰县","22-10 一般公共预算支出（2015年）","https://tjj.fujian.gov.cn/tongjinianjian/dz2016/cn/html/2210.htm","budget_expenditure",,,,,,,,,,,,,,,,,,,,"237603","16878","37877","2591","52617",,,,,
"2015","长泰县","长泰县","22-9 地方一般公共预算收入（2015年）","https://tjj.fujian.gov.cn/tongjinianjian/dz2016/cn/html/2209.htm","budget_revenue",,,,,,,,,,,,,,,,"131392","15826","18295","11022",,,,,,,,,,
"2015","长泰县","长泰县","22-6 固定资产投资（不含农户）（2015年）","https://tjj.fujian.gov.cn/tongjinianjian/dz2016/cn/html/2206.htm","fixed_asset_investment",,,,,,,,,,,,"280.08","17.5","252.64","22",,,,,,,,,,,,,,
"2015","长泰县","长泰县","22-1 地区生产总值（2015年）","https://tjj.fujian.gov.cn/tongjinianjian/dz2016/cn/html/2201.htm","gdp","186.36","16.82","114.31","55.24","109.02","5.29","85525",,,,,,,,,,,,,,,,,,,,,,
"2015","长泰县","长泰县","22-14 规模以上工业增加值（2015年）","https://tjj.fujian.gov.cn/tongjinianjian/dz2016/cn/html/2214.htm","industrial_va_growth",,,,,,,,,,,,,,,,,,,,,,,,,"114.66","57.41","57.25",,
"2015","长泰县","长泰县","22-4 年末常住人口数（2015年）","https://tjj.fujian.gov.cn/tongjinianjian/dz2016/cn/html/2204.htm","population",,,,,,,,"21.9","11.43","10.47","52.2",,,,,,,,,,,,,,,,,,
"2015","长泰县","长泰县","22-19 社会消费品零售总额（2015年）","https://tjj.fujian.gov.cn/tongjinianjian/dz2016/cn/html/2219.htm","retail_sales",,,,,,,,,,,,,,,,,,,,,,,,,,,,"264030","19.4"
"2015","长汀县","长汀县","22-10 一般公共预算支出（2015年）","https://tjj.fujian.gov.cn/tongjinianjian/dz2016/cn/html/2210.htm","budget_expenditure",,,,,,,,,,,,,,,,,,,,"311672","17245","67119","2649","77843",,,,,
"2015","长汀县","长汀县","22-9 地方一般公共预算收入（2015年）","https://tjj.fujian.gov.cn/tongjinianjian/dz2016/cn/html/2209.htm","budget_revenue",,,,,,,,,,,,,,,,"62412","4921","11372","5630",,,,,,,,,,
"2015","长汀县","长汀县","22-6 固定资产投资（不含农户）（2015年）","https://tjj.fujian.gov.cn/tongjinianjian/dz2016/cn/html/2206.htm","fixed_asset_investment",,,,,,,,,,,,"203.22","23","196.56","27.5",,,,,,,,,,,,,,
"2015","长汀县","长汀县","22-1 地区生产总值（2015年）","https://tjj.fujian.gov.cn/tongjinianjian/dz2016/cn/html/2201.htm","gdp","168.87","28.34","81.67","58.86","60.29","21.38","42323",,,,,,,,,,,,,,,,,,,,,,
"2015","长汀县","长汀县","22-14 规模以上工业增加值（2015年）","https://tjj.fujian.gov.cn/tongjinianjian/dz2016/cn/html/2214.htm","industrial_va_growth",,,,,,,,,,,,,,,,,,,,,,,,,"51.01","28.79","22.22",,
"2015","长汀县","长汀县","22-4 年末常住人口数（2015年）","https://tjj.fujian.gov.cn/tongjinianjian/dz2016/cn/html/2204.htm","population",,,,,,,,"40","18.5","21.5","46.2",,,,,,,,,,,,,,,,,,
"2015","长汀县","长汀县","22-19 社会消费品零售总额（2015年）","https://tjj.fujian.gov.cn/tongjinianjian/dz2016/cn/html/2219.htm","retail_sales",,,,,,,,,,,,,,,,,,,,,,,,,,,,"584751","13.6"
"2015","诏安县","诏安县","22-10 一般公共预算支出（2015年）","https://tjj.fujian.gov.cn/tongjinianjian/dz2016/cn/html/2210.htm","budget_expenditure",,,,,,,,,,,,,,,,,,,,"271468","16879","44324","4445","69406",,,,,
"2015","诏安县","诏安县","22-9 地方一般公共预算收入（2015年）","https://tjj.fujian.gov.cn/tongjinianjian/dz2016/cn/html/2209.htm","budget_revenue",,,,,,,,,,,,,,,,"58796","4764","10773","4285",,,,,,,,,,
"2015","诏安县","诏安县","22-6 固定资产投资（不含农户）（2015年）","https://tjj.fujian.gov.cn/tongjinianjian/dz2016/cn/html/2206.htm","fixed_asset_investment",,,,,,,,,,,,"192.78","30","178.73","30.1",,,,,,,,,,,,,,
"2015","诏安县","诏安县","22-1 地区生产总值（2015年）","https://tjj.fujian.gov.cn/tongjinianjian/dz2016/cn/html/2201.htm","gdp","189.2","39.28","83.54","66.38","70.84","12.7","31301",,,,,,,,,,,,,,,,,,,,,,
"2015","诏安县","诏安县","22-14 规模以上工业增加值（2015年）","https://tjj.fujian.gov.cn/tongjinianjian/dz2016/cn/html/2214.htm","industrial_va_growth",,,,,,,,,,,,,,,,,,,,,,,,,"77.61","53.57","24.04",,
"2015","诏安县","诏安县","22-4 年末常住人口数（2015年）","https://tjj.fujian.gov.cn/tongjinianjian/dz2016/cn/html/2204.htm","population",,,,,,,,"60.7","25.17","35.53","41.5",,,,,,,,,,,,,,,,,,
"2015","诏安县","诏安县","22-19 社会消费品零售总额（2015年）","https://tjj.fujian.gov.cn/tongjinianjian/dz2016/cn/html/2219.htm","retail_sales",,,,,,,,,,,,,,,,,,,,,,,,,,,,"814379","16.7"
"2015","柘荣县","柘荣县","22-10 一般公共预算支出（2015年）","https://tjj.fujian.gov.cn/tongjinianjian/dz2016/cn/html/2210.htm","budget_expenditure",,,,,,,,,,,,,,,,,,,,"130737","12883","18746","1278","29390",,,,,
"2015","柘荣县","柘荣县","22-9 地方一般公共预算收入（2015年）","https://tjj.fujian.gov.cn/tongjinianjian/dz2016/cn/html/2209.htm","budget_revenue",,,,,,,,,,,,,,,,"28925","3158","3573","2065",,,,,,,,,,
"2015","柘荣县","柘荣县","22-6 固定资产投资（不含农户）（2015年）","https://tjj.fujian.gov.cn/tongjinianjian/dz2016/cn/html/2206.htm","fixed_asset_investment",,,,,,,,,,,,"57.99","22","53.82","17.6",,,,,,,,,,,,,,
"2015","柘荣县","柘荣县","22-1 地区生产总值（2015年）","https://tjj.fujian.gov.cn/tongjinianjian/dz2016/cn/html/2201.htm","gdp","46.79","7.48","25.57","13.74","21.94","3.68","52426",,,,,,,,,,,,,,,,,,,,,,
"2015","柘荣县","柘荣县","22-14 规模以上工业增加值（2015年）","https://tjj.fujian.gov.cn/tongjinianjian/dz2016/cn/html/2214.htm","industrial_va_growth",,,,,,,,,,,,,,,,,,,,,,,,,"15.15","7.8","7.34",,
"2015","柘荣县","柘荣县","22-4 年末常住人口数（2015年）","https://tjj.fujian.gov.cn/tongjinianjian/dz2016/cn/html/2204.htm","population",,,,,,,,"8.95","5.35","3.6","59.8",,,,,,,,,,,,,,,,,,
"2015","柘荣县","柘荣县","22-19 社会消费品零售总额（2015年）","https://tjj.fujian.gov.cn/tongjinianjian/dz2016/cn/html/2219.htm","retail_sales",,,,,,,,,,,,,,,,,,,,,,,,,,,,"105256","9.2"
"2015","政和县","政和县","22-10 一般公共预算支出（2015年）","https://tjj.fujian.gov.cn/tongjinianjian/dz2016/cn/html/2210.htm","budget_expenditure",,,,,,,,,,,,,,,,,,,,"175694","10033","28699","1332","68323",,,,,
"2015","政和县","政和县","22-9 地方一般公共预算收入（2015年）","https://tjj.fujian.gov.cn/tongjinianjian/dz2016/cn/html/2209.htm","budget_revenue",,,,,,,,,,,,,,,,"37190","2438","10192","2999",,,,,,,,,,
"2015","政和县","政和县","22-6 固定资产投资（不含农户）（2015年）","https://tjj.fujian.gov.cn/tongjinianjian/dz2016/cn/html/2206.htm","fixed_asset_investment",,,,,,,,,,,,"66.8","20","61.17","39.9",,,,,,,,,,,,,,
"2015","政和县","政和县","22-1 地区生产总值（2015年）","https://tjj.fujian.gov.cn/tongjinianjian/dz2016/cn/html/2201.htm","gdp","49.96","14.16","19.21","16.59","16.91","2.3","30187",,,,,,,,,,,,,,,,,,,,,,
"2015","政和县","政和县","22-14 规模以上工业增加值（2015年）","https://tjj.fujian.gov.cn/tongjinianjian/dz2016/cn/html/2214.htm","industrial_va_growth",,,,,,,,,,,,,,,,,,,,,,,,,"20.48","15.42","5.05",,
"2015","政和县","政和县","22-4 年末常住人口数（2015年）","https://tjj.fujian.gov.cn/tongjinianjian/dz2016/cn/html/2204.htm","population",,,,,,,,"16.6","7.2","9.4","43.6",,,,,,,,,,,,,,,,,,
"2015","政和县","政和县","22-19 社会消费品零售总额（2015年）","https://tjj.fujian.gov.cn/tongjinianjian/dz2016/cn/html/2219.htm","retail_sales",,,,,,,,,,,,,,,,,,,,,,,,,,,,"193154","11.9"
"2015","周宁县","周宁县","22-10 一般公共预算支出（2015年）","https://tjj.fujian.gov.cn/tongjinianjian/dz2016/cn/html/2210.htm","budget_expenditure",,,,,,,,,,,,,,,,,,,,"143006","12222","29063","1236","24349",,,,,
"2015","周宁县","周宁县","22-9 地方一般公共预算收入（2015年）","https://tjj.fujian.gov.cn/tongjinianjian/dz2016/cn/html/2209.htm","budget_revenue",,,,,,,,,,,,,,,,"34216","3572","5097","2703",,,,,,,,,,
"2015","周宁县","周宁县","22-6 固定资产投资（不含农户）（2015年）","https://tjj.fujian.gov.cn/tongjinianjian/dz2016/cn/html/2206.htm","fixed_asset_investment",,,,,,,,,,,,"45.95","23.2","44.5","22.7",,,,,,,,,,,,,,
"2015","周宁县","周宁县","22-1 地区生产总值（2015年）","https://tjj.fujian.gov.cn/tongjinianjian/dz2016/cn/html/2201.htm","gdp","48.69","8.78","25.32","14.59","19.55","5.81","42174",,,,,,,,,,,,,,,,,,,,,,
"2015","周宁县","周宁县","22-14 规模以上工业增加值（2015年）","https://tjj.fujian.gov.cn/tongjinianjian/dz2016/cn/html/2214.htm","industrial_va_growth",,,,,,,,,,,,,,,,,,,,,,,,,"15.05","2.54","12.51",,
"2015","周宁县","周宁县","22-4 年末常住人口数（2015年）","https://tjj.fujian.gov.cn/tongjinianjian/dz2016/cn/html/2204.htm","population",,,,,,,,"11.8","5.64","6.16","47.8",,,,,,,,,,,,,,,,,,
"2015","周宁县","周宁县","22-19 社会消费品零售总额（2015年）","https://tjj.fujian.gov.cn/tongjinianjian/dz2016/cn/html/2219.htm","retail_sales",,,,,,,,,,,,,,,,,,,,,,,,,,,,"142372","11.1"
"2016","安溪县","安溪县","22-10 一般公共预算支出（2016年）","https://tjj.fujian.gov.cn/tongjinianjian/dz2017/cn/html/2210.htm","budget_expenditure",,,,,,,,,,,,,,,,,,,,"540525","39592","157765","9910","73822",,,,,
"2016","安溪县","安溪县","22-9 地方一般公共预算收入（2016年）","https://tjj.fujian.gov.cn/tongjinianjian/dz2017/cn/html/2209.htm","budget_revenue",,,,,,,,,,,,,,,,"243142","50118","23508","33244",,,,,,,,,,
"2016","安溪县","安溪县","22-6 固定资产投资（2016年）","https://tjj.fujian.gov.cn/tongjinianjian/dz2017/cn/html/2206.htm","fixed_asset_investment",,,,,,,,,,,,"326.41","16","258.18","17.7",,,,,,,,,,,,,,
"2016","安溪县","安溪县","22-1 地区生产总值（2016年）","https://tjj.fujian.gov.cn/tongjinianjian/dz2017/cn/html/2201.htm","gdp","466.37","41.62","245.4","179.36","215.09","30.39","46244",,,,,,,,,,,,,,,,,,,,,,
"2016","安溪县","安溪县","22-4 年末常住人口数（2016年）","https://tjj.fujian.gov.cn/tongjinianjian/dz2017/cn/html/2204.htm","population",,,,,,,,"101.2","45.24","55.96","44.7",,,,,,,,,,,,,,,,,,
"2016","安溪县","安溪县","22-18 社会消费品零售总额（2016年）","https://tjj.fujian.gov.cn/tongjinianjian/dz2017/cn/html/2218.htm","retail_sales",,,,,,,,,,,,,,,,,,,,,,,,,,,,"2322600","10.6"
"2016","仓山区","仓山区","22-10 一般公共预算支出（2016年）","https://tjj.fujian.gov.cn/tongjinianjian/dz2017/cn/html/2210.htm","budget_expenditure",,,,,,,,,,,,,,,,,,,,"325687","30115","81328","5403","27251",,,,,
"2016","仓山区","仓山区","22-9 地方一般公共预算收入（2016年）","https://tjj.fujian.gov.cn/tongjinianjian/dz2017/cn/html/2209.htm","budget_revenue",,,,,,,,,,,,,,,,"306232","55781","28990","60152",,,,,,,,,,
"2016","仓山区","仓山区","22-6 固定资产投资（2016年）","https://tjj.fujian.gov.cn/tongjinianjian/dz2017/cn/html/2206.htm","fixed_asset_investment",,,,,,,,,,,,"558.34","13.1","162.66","-0.6",,,,,,,,,,,,,,
"2016","仓山区","仓山区","22-1 地区生产总值（2016年）","https://tjj.fujian.gov.cn/tongjinianjian/dz2017/cn/html/2201.htm","gdp","478.46","2.62","253.37","222.47","232.7","21.9","59179",,,,,,,,,,,,,,,,,,,,,,
"2016","仓山区","仓山区","22-4 年末常住人口数（2016年）","https://tjj.fujian.gov.cn/tongjinianjian/dz2017/cn/html/2204.htm","population",,,,,,,,"81.4","81.4",,"100",,,,,,,,,,,,,,,,,,
"2016","仓山区","仓山区","22-18 社会消费品零售总额（2016年）","https://tjj.fujian.gov.cn/tongjinianjian/dz2017/cn/html/2218.htm","retail_sales",,,,,,,,,,,,,,,,,,,,,,,,,,,,"4274584","12"
"2016","城厢区","城厢区","22-10 一般公共预算支出（2016年）","https://tjj.fujian.gov.cn/tongjinianjian/dz2017/cn/html/2210.htm","budget_expenditure",,,,,,,,,,,,,,,,,,,,"241753","20083","64890","4392","19319",,,,,
"2016","城厢区","城厢区","22-9 地方一般公共预算收入（2016年）","https://tjj.fujian.gov.cn/tongjinianjian/dz2017/cn/html/2209.htm","budget_revenue",,,,,,,,,,,,,,,,"197029","33842","31983","22945",,,,,,,,,,
"2016","城厢区","城厢区","22-6 固定资产投资（2016年）","https://tjj.fujian.gov.cn/tongjinianjian/dz2017/cn/html/2206.htm","fixed_asset_investment",,,,,,,,,,,,"211.11","-7.1","95.34","5",,,,,,,,,,,,,,
"2016","城厢区","城厢区","22-1 地区生产总值（2016年）","https://tjj.fujian.gov.cn/tongjinianjian/dz2017/cn/html/2201.htm","gdp","318.92","11.73","136.85","170.34","99.09","39.34","74081",,,,,,,,,,,,,,,,,,,,,,
"2016","城厢区","城厢区","22-4 年末常住人口数（2016年）","https://tjj.fujian.gov.cn/tongjinianjian/dz2017/cn/html/2204.htm","population",,,,,,,,"43.2","30.24","12.96","70",,,,,,,,,,,,,,,,,,
"2016","城厢区","城厢区","22-18 社会消费品零售总额（2016年）","https://tjj.fujian.gov.cn/tongjinianjian/dz2017/cn/html/2218.htm","retail_sales",,,,,,,,,,,,,,,,,,,,,,,,,,,,"1926604","14.9"
"2016","大田县","大田县","22-10 一般公共预算支出（2016年）","https://tjj.fujian.gov.cn/tongjinianjian/dz2017/cn/html/2210.htm","budget_expenditure",,,,,,,,,,,,,,,,,,,,"206750","18250","56311","4436","31576",,,,,
"2016","大田县","大田县","22-9 地方一般公共预算收入（2016年）","https://tjj.fujian.gov.cn/tongjinianjian/dz2017/cn/html/2209.htm","budget_revenue",,,,,,,,,,,,,,,,"69150","14323","4041","2301",,,,,,,,,,
"2016","大田县","大田县","22-6 固定资产投资（2016年）","https://tjj.fujian.gov.cn/tongjinianjian/dz2017/cn/html/2206.htm","fixed_asset_investment",,,,,,,,,,,,"272.04","18.7","267.64","19.9",,,,,,,,,,,,,,
"2016","大田县","大田县","22-1 地区生产总值（2016年）","https://tjj.fujian.gov.cn/tongjinianjian/dz2017/cn/html/2201.htm","gdp","174.52","32.56","87.52","54.44","76.34","11.18","55491",,,,,,,,,,,,,,,,,,,,,,
"2016","大田县","大田县","22-4 年末常住人口数（2016年）","https://tjj.fujian.gov.cn/tongjinianjian/dz2017/cn/html/2204.htm","population",,,,,,,,"31.6","15.39","16.21","48.7",,,,,,,,,,,,,,,,,,
"2016","大田县","大田县","22-18 社会消费品零售总额（2016年）","https://tjj.fujian.gov.cn/tongjinianjian/dz2017/cn/html/2218.htm","retail_sales",,,,,,,,,,,,,,,,,,,,,,,,,,,,"483867","10.7"
"2016","德化县","德化县","22-10 一般公共预算支出（2016年）","https://tjj.fujian.gov.cn/tongjinianjian/dz2017/cn/html/2210.htm","budget_expenditure",,,,,,,,,,,,,,,,,,,,"251719","17470","55306","3339","48867",,,,,
"2016","德化县","德化县","22-9 地方一般公共预算收入（2016年）","https://tjj.fujian.gov.cn/tongjinianjian/dz2017/cn/html/2209.htm","budget_revenue",,,,,,,,,,,,,,,,"109485","21189","9030","8630",,,,,,,,,,
"2016","德化县","德化县","22-6 固定资产投资（2016年）","https://tjj.fujian.gov.cn/tongjinianjian/dz2017/cn/html/2206.htm","fixed_asset_investment",,,,,,,,,,,,"111.65","14.1","96.98","26.9",,,,,,,,,,,,,,
"2016","德化县","德化县","22-1 地区生产总值（2016年）","https://tjj.fujian.gov.cn/tongjinianjian/dz2017/cn/html/2201.htm","gdp","194.31","10.28","112.56","71.46","87.23","25.34","68060",,,,,,,,,,,,,,,,,,,,,,
"2016","德化县","德化县","22-4 年末常住人口数（2016年）","https://tjj.fujian.gov.cn/tongjinianjian/dz2017/cn/html/2204.htm","population",,,,,,,,"28.7","21.27","7.43","74.1",,,,,,,,,,,,,,,,,,
"2016","德化县","德化县","22-18 社会消费品零售总额（2016年）","https://tjj.fujian.gov.cn/tongjinianjian/dz2017/cn/html/2218.htm","retail_sales",,,,,,,,,,,,,,,,,,,,,,,,,,,,"551849","10.8"
"2016","东山县","东山县","22-10 一般公共预算支出（2016年）","https://tjj.fujian.gov.cn/tongjinianjian/dz2017/cn/html/2210.htm","budget_expenditure",,,,,,,,,,,,,,,,,,,,"268947","15704","35230","1913","65490",,,,,
"2016","东山县","东山县","22-9 地方一般公共预算收入（2016年）","https://tjj.fujian.gov.cn/tongjinianjian/dz2017/cn/html/2209.htm","budget_revenue",,,,,,,,,,,,,,,,"116989","31625","6324","7652",,,,,,,,,,
"2016","东山县","东山县","22-6 固定资产投资（2016年）","https://tjj.fujian.gov.cn/tongjinianjian/dz2017/cn/html/2206.htm","fixed_asset_investment",,,,,,,,,,,,"176.12","9.9","166.79","16.1",,,,,,,,,,,,,,
"2016","东山县","东山县","22-1 地区生产总值（2016年）","https://tjj.fujian.gov.cn/tongjinianjian/dz2017/cn/html/2201.htm","gdp","175.9","33.66","82.37","59.87","72.38","9.98","79973",,,,,,,,,,,,,,,,,,,,,,
"2016","东山县","东山县","22-4 年末常住人口数（2016年）","https://tjj.fujian.gov.cn/tongjinianjian/dz2017/cn/html/2204.htm","population",,,,,,,,"22.09","12.53","9.56","56.7",,,,,,,,,,,,,,,,,,
"2016","东山县","东山县","22-18 社会消费品零售总额（2016年）","https://tjj.fujian.gov.cn/tongjinianjian/dz2017/cn/html/2218.htm","retail_sales",,,,,,,,,,,,,,,,,,,,,,,,,,,,"386382","10.9"
"2016","丰泽区","丰泽区","22-10 一般公共预算支出（2016年）","https://tjj.fujian.gov.cn/tongjinianjian/dz2017/cn/html/2210.htm","budget_expenditure",,,,,,,,,,,,,,,,,,,,"187039","17524","48909","3847","8770",,,,,
"2016","丰泽区","丰泽区","22-9 地方一般公共预算收入（2016年）","https://tjj.fujian.gov.cn/tongjinianjian/dz2017/cn/html/2209.htm","budget_revenue",,,,,,,,,,,,,,,,"216975","37375","31117","23913",,,,,,,,,,
"2016","丰泽区","丰泽区","22-6 固定资产投资（2016年）","https://tjj.fujian.gov.cn/tongjinianjian/dz2017/cn/html/2206.htm","fixed_asset_investment",,,,,,,,,,,,"295.33","6.7","115.11","41.3",,,,,,,,,,,,,,
"2016","丰泽区","丰泽区","22-1 地区生产总值（2016年）","https://tjj.fujian.gov.cn/tongjinianjian/dz2017/cn/html/2201.htm","gdp","518.18","1.47","180.03","336.68","120.85","59.19","91229",,,,,,,,,,,,,,,,,,,,,,
"2016","丰泽区","丰泽区","22-4 年末常住人口数（2016年）","https://tjj.fujian.gov.cn/tongjinianjian/dz2017/cn/html/2204.htm","population",,,,,,,,"57.1","57.1",,"100",,,,,,,,,,,,,,,,,,
"2016","丰泽区","丰泽区","22-18 社会消费品零售总额（2016年）","https://tjj.fujian.gov.cn/tongjinianjian/dz2017/cn/html/2218.htm","retail_sales",,,,,,,,,,,,,,,,,,,,,,,,,,,,"2468390","15.9"
"2016","福安市","福安市","22-10 一般公共预算支出（2016年）","https://tjj.fujian.gov.cn/tongjinianjian/dz2017/cn/html/2210.htm","budget_expenditure",,,,,,,,,,,,,,,,,,,,"406995","31608","83396","2240","56672",,,,,
"2016","福安市","福安市","22-9 地方一般公共预算收入（2016年）","https://tjj.fujian.gov.cn/tongjinianjian/dz2017/cn/html/2209.htm","budget_revenue",,,,,,,,,,,,,,,,"186314","54060","8555","20442",,,,,,,,,,
"2016","福安市","福安市","22-6 固定资产投资（2016年）","https://tjj.fujian.gov.cn/tongjinianjian/dz2017/cn/html/2206.htm","fixed_asset_investment",,,,,,,,,,,,"204.7","-12.3","159.36","-22.1",,,,,,,,,,,,,,
"2016","福安市","福安市","22-1 地区生产总值（2016年）","https://tjj.fujian.gov.cn/tongjinianjian/dz2017/cn/html/2201.htm","gdp","378.76","48.96","231.42","98.37","210.89","21","66072",,,,,,,,,,,,,,,,,,,,,,
"2016","福安市","福安市","22-4 年末常住人口数（2016年）","https://tjj.fujian.gov.cn/tongjinianjian/dz2017/cn/html/2204.htm","population",,,,,,,,"57.45","35.96","21.49","62.6",,,,,,,,,,,,,,,,,,
"2016","福安市","福安市","22-18 社会消费品零售总额（2016年）","https://tjj.fujian.gov.cn/tongjinianjian/dz2017/cn/html/2218.htm","retail_sales",,,,,,,,,,,,,,,,,,,,,,,,,,,,"884543","9.1"
"2016","福鼎市","福鼎市","22-10 一般公共预算支出（2016年）","https://tjj.fujian.gov.cn/tongjinianjian/dz2017/cn/html/2210.htm","budget_expenditure",,,,,,,,,,,,,,,,,,,,"386471","26217","76683","1179","53212",,,,,
"2016","福鼎市","福鼎市","22-9 地方一般公共预算收入（2016年）","https://tjj.fujian.gov.cn/tongjinianjian/dz2017/cn/html/2209.htm","budget_revenue",,,,,,,,,,,,,,,,"183960","36889","13120","10134",,,,,,,,,,
"2016","福鼎市","福鼎市","22-6 固定资产投资（2016年）","https://tjj.fujian.gov.cn/tongjinianjian/dz2017/cn/html/2206.htm","fixed_asset_investment",,,,,,,,,,,,"272.78","2.3","252.63","18.4",,,,,,,,,,,,,,
"2016","福鼎市","福鼎市","22-1 地区生产总值（2016年）","https://tjj.fujian.gov.cn/tongjinianjian/dz2017/cn/html/2201.htm","gdp","333.08","47.07","198.76","87.25","181.52","17.67","61825",,,,,,,,,,,,,,,,,,,,,,
"2016","福鼎市","福鼎市","22-4 年末常住人口数（2016年）","https://tjj.fujian.gov.cn/tongjinianjian/dz2017/cn/html/2204.htm","population",,,,,,,,"54","31.37","22.63","58.1",,,,,,,,,,,,,,,,,,
"2016","福鼎市","福鼎市","22-18 社会消费品零售总额（2016年）","https://tjj.fujian.gov.cn/tongjinianjian/dz2017/cn/html/2218.htm","retail_sales",,,,,,,,,,,,,,,,,,,,,,,,,,,,"982713","10.2"
"2016","福清市","福清市","22-10 一般公共预算支出（2016年）","https://tjj.fujian.gov.cn/tongjinianjian/dz2017/cn/html/2210.htm","budget_expenditure",,,,,,,,,,,,,,,,,,,,"791051","64185","200263","11979","61205",,,,,
"2016","福清市","福清市","22-9 地方一般公共预算收入（2016年）","https://tjj.fujian.gov.cn/tongjinianjian/dz2017/cn/html/2209.htm","budget_revenue",,,,,,,,,,,,,,,,"566306","111383","44961","60909",,,,,,,,,,
"2016","福清市","福清市","22-6 固定资产投资（2016年）","https://tjj.fujian.gov.cn/tongjinianjian/dz2017/cn/html/2206.htm","fixed_asset_investment",,,,,,,,,,,,"867.52","13.3","747.12","13.4",,,,,,,,,,,,,,
"2016","福清市","福清市","22-1 地区生产总值（2016年）","https://tjj.fujian.gov.cn/tongjinianjian/dz2017/cn/html/2201.htm","gdp","857.85","102.76","421.1","333.99","334.65","86.45","66526",,,,,,,,,,,,,,,,,,,,,,
"2016","福清市","福清市","22-4 年末常住人口数（2016年）","https://tjj.fujian.gov.cn/tongjinianjian/dz2017/cn/html/2204.htm","population",,,,,,,,"129.3","63.74","65.56","49.3",,,,,,,,,,,,,,,,,,
"2016","福清市","福清市","22-18 社会消费品零售总额（2016年）","https://tjj.fujian.gov.cn/tongjinianjian/dz2017/cn/html/2218.htm","retail_sales",,,,,,,,,,,,,,,,,,,,,,,,,,,,"3741673","13.5"
"2016","古田县","古田县","22-10 一般公共预算支出（2016年）","https://tjj.fujian.gov.cn/tongjinianjian/dz2017/cn/html/2210.htm","budget_expenditure",,,,,,,,,,,,,,,,,,,,"259815","21225","48187","332","47277",,,,,
"2016","古田县","古田县","22-9 地方一般公共预算收入（2016年）","https://tjj.fujian.gov.cn/tongjinianjian/dz2017/cn/html/2209.htm","budget_revenue",,,,,,,,,,,,,,,,"69093","14125","7264","5293",,,,,,,,,,
"2016","古田县","古田县","22-6 固定资产投资（2016年）","https://tjj.fujian.gov.cn/tongjinianjian/dz2017/cn/html/2206.htm","fixed_asset_investment",,,,,,,,,,,,"71.85","2.3","46.05","-22.3",,,,,,,,,,,,,,
"2016","古田县","古田县","22-1 地区生产总值（2016年）","https://tjj.fujian.gov.cn/tongjinianjian/dz2017/cn/html/2201.htm","gdp","161.27","41.54","63.62","56.1","54.5","9.24","48877",,,,,,,,,,,,,,,,,,,,,,
"2016","古田县","古田县","22-4 年末常住人口数（2016年）","https://tjj.fujian.gov.cn/tongjinianjian/dz2017/cn/html/2204.htm","population",,,,,,,,"33.1","14.27","18.83","43.1",,,,,,,,,,,,,,,,,,
"2016","古田县","古田县","22-18 社会消费品零售总额（2016年）","https://tjj.fujian.gov.cn/tongjinianjian/dz2017/cn/html/2218.htm","retail_sales",,,,,,,,,,,,,,,,,,,,,,,,,,,,"622417","10.6"
"2016","鼓楼区","鼓楼区","22-10 一般公共预算支出（2016年）","https://tjj.fujian.gov.cn/tongjinianjian/dz2017/cn/html/2210.htm","budget_expenditure",,,,,,,,,,,,,,,,,,,,"346042","33434","92374","6806","3544",,,,,
"2016","鼓楼区","鼓楼区","22-9 地方一般公共预算收入（2016年）","https://tjj.fujian.gov.cn/tongjinianjian/dz2017/cn/html/2209.htm","budget_revenue",,,,,,,,,,,,,,,,"402507","81996","16577","114088",,,,,,,,,,
"2016","鼓楼区","鼓楼区","22-6 固定资产投资（2016年）","https://tjj.fujian.gov.cn/tongjinianjian/dz2017/cn/html/2206.htm","fixed_asset_investment",,,,,,,,,,,,"459.18","2.3","379.06","0.9",,,,,,,,,,,,,,
"2016","鼓楼区","鼓楼区","22-1 地区生产总值（2016年）","https://tjj.fujian.gov.cn/tongjinianjian/dz2017/cn/html/2201.htm","gdp","1283.16",,"235.39","1047.77","66.62","172.94","177232",,,,,,,,,,,,,,,,,,,,,,
"2016","鼓楼区","鼓楼区","22-4 年末常住人口数（2016年）","https://tjj.fujian.gov.cn/tongjinianjian/dz2017/cn/html/2204.htm","population",,,,,,,,"72.8","72.8",,"100",,,,,,,,,,,,,,,,,,
"2016","鼓楼区","鼓楼区","22-18 社会消费品零售总额（2016年）","https://tjj.fujian.gov.cn/tongjinianjian/dz2017/cn/html/2218.htm","retail_sales",,,,,,,,,,,,,,,,,,,,,,,,,,,,"10178992","11.1"
"2016","光泽县","光泽县","22-10 一般公共预算支出（2016年）","https://tjj.fujian.gov.cn/tongjinianjian/dz2017/cn/html/2210.htm","budget_expenditure",,,,,,,,,,,,,,,,,,,,"149573","11013","25882","1136","30161",,,,,
"2016","光泽县","光泽县","22-9 地方一般公共预算收入（2016年）","https://tjj.fujian.gov.cn/tongjinianjian/dz2017/cn/html/2209.htm","budget_revenue",,,,,,,,,,,,,,,,"40631","4353","5797","4514",,,,,,,,,,
"2016","光泽县","光泽县","22-6 固定资产投资（2016年）","https://tjj.fujian.gov.cn/tongjinianjian/dz2017/cn/html/2206.htm","fixed_asset_investment",,,,,,,,,,,,"49.06","0.7","43.97","0.8",,,,,,,,,,,,,,
"2016","光泽县","光泽县","22-1 地区生产总值（2016年）","https://tjj.fujian.gov.cn/tongjinianjian/dz2017/cn/html/2201.htm","gdp","82.98","38.58","25.27","19.13","22.48","2.79","61695",,,,,,,,,,,,,,,,,,,,,,
"2016","光泽县","光泽县","22-4 年末常住人口数（2016年）","https://tjj.fujian.gov.cn/tongjinianjian/dz2017/cn/html/2204.htm","population",,,,,,,,"13.5","6.17","7.33","45.7",,,,,,,,,,,,,,,,,,
"2016","光泽县","光泽县","22-18 社会消费品零售总额（2016年）","https://tjj.fujian.gov.cn/tongjinianjian/dz2017/cn/html/2218.htm","retail_sales",,,,,,,,,,,,,,,,,,,,,,,,,,,,"191067","7.8"
"2016","海沧区","海沧区","22-10 一般公共预算支出（2016年）","https://tjj.fujian.gov.cn/tongjinianjian/dz2017/cn/html/2210.htm","budget_expenditure",,,,,,,,,,,,,,,,,,,,"526830","42217","121700","15014","13053",,,,,
"2016","海沧区","海沧区","22-9 地方一般公共预算收入（2016年）","https://tjj.fujian.gov.cn/tongjinianjian/dz2017/cn/html/2209.htm","budget_revenue",,,,,,,,,,,,,,,,"342008","75610","24699","43932",,,,,,,,,,
"2016","海沧区","海沧区","22-6 固定资产投资（2016年）","https://tjj.fujian.gov.cn/tongjinianjian/dz2017/cn/html/2206.htm","fixed_asset_investment",,,,,,,,,,,,"430.22","16.4","283.36","20.4",,,,,,,,,,,,,,
"2016","海沧区","海沧区","22-1 地区生产总值（2016年）","https://tjj.fujian.gov.cn/tongjinianjian/dz2017/cn/html/2201.htm","gdp","530.04","1.04","313.62","215.37","274.67","38.96","157375",,,,,,,,,,,,,,,,,,,,,,
"2016","海沧区","海沧区","22-4 年末常住人口数（2016年）","https://tjj.fujian.gov.cn/tongjinianjian/dz2017/cn/html/2204.htm","population",,,,,,,,"34.16","31.09","3.07","91",,,,,,,,,,,,,,,,,,
"2016","海沧区","海沧区","22-18 社会消费品零售总额（2016年）","https://tjj.fujian.gov.cn/tongjinianjian/dz2017/cn/html/2218.htm","retail_sales",,,,,,,,,,,,,,,,,,,,,,,,,,,,"1531147","6.2"
"2016","涵江区","涵江区","22-10 一般公共预算支出（2016年）","https://tjj.fujian.gov.cn/tongjinianjian/dz2017/cn/html/2210.htm","budget_expenditure",,,,,,,,,,,,,,,,,,,,"282575","28946","70971","4791","19585",,,,,
"2016","涵江区","涵江区","22-9 地方一般公共预算收入（2016年）","https://tjj.fujian.gov.cn/tongjinianjian/dz2017/cn/html/2209.htm","budget_revenue",,,,,,,,,,,,,,,,"202536","43023","26628","29168",,,,,,,,,,
"2016","涵江区","涵江区","22-6 固定资产投资（2016年）","https://tjj.fujian.gov.cn/tongjinianjian/dz2017/cn/html/2206.htm","fixed_asset_investment",,,,,,,,,,,,"387.63","18.4","325.7","24.1",,,,,,,,,,,,,,
"2016","涵江区","涵江区","22-1 地区生产总值（2016年）","https://tjj.fujian.gov.cn/tongjinianjian/dz2017/cn/html/2201.htm","gdp","428.72","17.67","288.7","122.35","265.67","27.26","88396",,,,,,,,,,,,,,,,,,,,,,
"2016","涵江区","涵江区","22-4 年末常住人口数（2016年）","https://tjj.fujian.gov.cn/tongjinianjian/dz2017/cn/html/2204.htm","population",,,,,,,,"48.6","38.15","10.45","78.5",,,,,,,,,,,,,,,,,,
"2016","涵江区","涵江区","22-18 社会消费品零售总额（2016年）","https://tjj.fujian.gov.cn/tongjinianjian/dz2017/cn/html/2218.htm","retail_sales",,,,,,,,,,,,,,,,,,,,,,,,,,,,"1080797","10.5"
"2016","湖里区","湖里区","22-10 一般公共预算支出（2016年）","https://tjj.fujian.gov.cn/tongjinianjian/dz2017/cn/html/2210.htm","budget_expenditure",,,,,,,,,,,,,,,,,,,,"415663","51382","115838","4282","2586",,,,,
"2016","湖里区","湖里区","22-9 地方一般公共预算收入（2016年）","https://tjj.fujian.gov.cn/tongjinianjian/dz2017/cn/html/2209.htm","budget_revenue",,,,,,,,,,,,,,,,"392347","94431","42540","98731",,,,,,,,,,
"2016","湖里区","湖里区","22-6 固定资产投资（2016年）","https://tjj.fujian.gov.cn/tongjinianjian/dz2017/cn/html/2206.htm","fixed_asset_investment",,,,,,,,,,,,"366.97","16.4","280.92","35.6",,,,,,,,,,,,,,
"2016","湖里区","湖里区","22-1 地区生产总值（2016年）","https://tjj.fujian.gov.cn/tongjinianjian/dz2017/cn/html/2201.htm","gdp","819.73",,"343.66","476.07","319.17","42.19","80405",,,,,,,,,,,,,,,,,,,,,,
"2016","湖里区","湖里区","22-4 年末常住人口数（2016年）","https://tjj.fujian.gov.cn/tongjinianjian/dz2017/cn/html/2204.htm","population",,,,,,,,"102.4","102.4",,"100",,,,,,,,,,,,,,,,,,
"2016","湖里区","湖里区","22-18 社会消费品零售总额（2016年）","https://tjj.fujian.gov.cn/tongjinianjian/dz2017/cn/html/2218.htm","retail_sales",,,,,,,,,,,,,,,,,,,,,,,,,,,,"3644909","5"
"2016","华安县","华安县","22-10 一般公共预算支出（2016年）","https://tjj.fujian.gov.cn/tongjinianjian/dz2017/cn/html/2210.htm","budget_expenditure",,,,,,,,,,,,,,,,,,,,"149286","12669","24297","1320","24973",,,,,
"2016","华安县","华安县","22-9 地方一般公共预算收入（2016年）","https://tjj.fujian.gov.cn/tongjinianjian/dz2017/cn/html/2209.htm","budget_revenue",,,,,,,,,,,,,,,,"43477","12036","1917","1982",,,,,,,,,,
"2016","华安县","华安县","22-6 固定资产投资（2016年）","https://tjj.fujian.gov.cn/tongjinianjian/dz2017/cn/html/2206.htm","fixed_asset_investment",,,,,,,,,,,,"100.49","25.2","96.4","26.2",,,,,,,,,,,,,,
"2016","华安县","华安县","22-1 地区生产总值（2016年）","https://tjj.fujian.gov.cn/tongjinianjian/dz2017/cn/html/2201.htm","gdp","119.18","28.99","60.22","29.97","50.41","9.81","72871",,,,,,,,,,,,,,,,,,,,,,
"2016","华安县","华安县","22-4 年末常住人口数（2016年）","https://tjj.fujian.gov.cn/tongjinianjian/dz2017/cn/html/2204.htm","population",,,,,,,,"16.41","8.33","8.08","50.8",,,,,,,,,,,,,,,,,,
"2016","华安县","华安县","22-18 社会消费品零售总额（2016年）","https://tjj.fujian.gov.cn/tongjinianjian/dz2017/cn/html/2218.htm","retail_sales",,,,,,,,,,,,,,,,,,,,,,,,,,,,"262457","17"
"2016","惠安县","惠安县","22-10 一般公共预算支出（2016年）","https://tjj.fujian.gov.cn/tongjinianjian/dz2017/cn/html/2210.htm","budget_expenditure",,,,,,,,,,,,,,,,,,,,"498766","33406","128923","7601","47937",,,,,
"2016","惠安县","惠安县","22-9 地方一般公共预算收入（2016年）","https://tjj.fujian.gov.cn/tongjinianjian/dz2017/cn/html/2209.htm","budget_revenue",,,,,,,,,,,,,,,,"340789","112690","17901","65022",,,,,,,,,,
"2016","惠安县","惠安县","22-6 固定资产投资（2016年）","https://tjj.fujian.gov.cn/tongjinianjian/dz2017/cn/html/2206.htm","fixed_asset_investment",,,,,,,,,,,,"490.27","12.8","429.37","11",,,,,,,,,,,,,,
"2016","惠安县","惠安县","22-1 地区生产总值（2016年）","https://tjj.fujian.gov.cn/tongjinianjian/dz2017/cn/html/2201.htm","gdp","819.23","30.29","548.97","239.97","472.73","76.31","82005",,,,,,,,,,,,,,,,,,,,,,
"2016","惠安县","惠安县","22-4 年末常住人口数（2016年）","https://tjj.fujian.gov.cn/tongjinianjian/dz2017/cn/html/2204.htm","population",,,,,,,,"100.3","56.54","43.76","56.4",,,,,,,,,,,,,,,,,,
"2016","惠安县","惠安县","22-18 社会消费品零售总额（2016年）","https://tjj.fujian.gov.cn/tongjinianjian/dz2017/cn/html/2218.htm","retail_sales",,,,,,,,,,,,,,,,,,,,,,,,,,,,"2496185","9.2"
"2016","集美区","集美区","22-10 一般公共预算支出（2016年）","https://tjj.fujian.gov.cn/tongjinianjian/dz2017/cn/html/2210.htm","budget_expenditure",,,,,,,,,,,,,,,,,,,,"544084","40102","153133","22003","33745",,,,,
"2016","集美区","集美区","22-9 地方一般公共预算收入（2016年）","https://tjj.fujian.gov.cn/tongjinianjian/dz2017/cn/html/2209.htm","budget_revenue",,,,,,,,,,,,,,,,"308165","54976","32010","45731",,,,,,,,,,
"2016","集美区","集美区","22-6 固定资产投资（2016年）","https://tjj.fujian.gov.cn/tongjinianjian/dz2017/cn/html/2206.htm","fixed_asset_investment",,,,,,,,,,,,"377.92","-1.4","178.01","4.2",,,,,,,,,,,,,,
"2016","集美区","集美区","22-1 地区生产总值（2016年）","https://tjj.fujian.gov.cn/tongjinianjian/dz2017/cn/html/2201.htm","gdp","547.5","1.81","262.74","282.95","217.11","45.64","84231",,,,,,,,,,,,,,,,,,,,,,
"2016","集美区","集美区","22-4 年末常住人口数（2016年）","https://tjj.fujian.gov.cn/tongjinianjian/dz2017/cn/html/2204.htm","population",,,,,,,,"65.6","57.07","8.53","87",,,,,,,,,,,,,,,,,,
"2016","集美区","集美区","22-18 社会消费品零售总额（2016年）","https://tjj.fujian.gov.cn/tongjinianjian/dz2017/cn/html/2218.htm","retail_sales",,,,,,,,,,,,,,,,,,,,,,,,,,,,"1241131","12"
"2016","建宁县","建宁县","22-10 一般公共预算支出（2016年）","https://tjj.fujian.gov.cn/tongjinianjian/dz2017/cn/html/2210.htm","budget_expenditure",,,,,,,,,,,,,,,,,,,,"146667","12903","24742","2215","34358",,,,,
"2016","建宁县","建宁县","22-9 地方一般公共预算收入（2016年）","https://tjj.fujian.gov.cn/tongjinianjian/dz2017/cn/html/2209.htm","budget_revenue",,,,,,,,,,,,,,,,"29985","3476","2216","2675",,,,,,,,,,
"2016","建宁县","建宁县","22-6 固定资产投资（2016年）","https://tjj.fujian.gov.cn/tongjinianjian/dz2017/cn/html/2206.htm","fixed_asset_investment",,,,,,,,,,,,"112.01","17.4","109.48","18.6",,,,,,,,,,,,,,
"2016","建宁县","建宁县","22-1 地区生产总值（2016年）","https://tjj.fujian.gov.cn/tongjinianjian/dz2017/cn/html/2201.htm","gdp","87.55","19.12","43.08","25.35","21.63","21.46","71616",,,,,,,,,,,,,,,,,,,,,,
"2016","建宁县","建宁县","22-4 年末常住人口数（2016年）","https://tjj.fujian.gov.cn/tongjinianjian/dz2017/cn/html/2204.htm","population",,,,,,,,"12.25","5.26","6.99","42.9",,,,,,,,,,,,,,,,,,
"2016","建宁县","建宁县","22-18 社会消费品零售总额（2016年）","https://tjj.fujian.gov.cn/tongjinianjian/dz2017/cn/html/2218.htm","retail_sales",,,,,,,,,,,,,,,,,,,,,,,,,,,,"215808","15.9"
"2016","建瓯市","建瓯市","22-10 一般公共预算支出（2016年）","https://tjj.fujian.gov.cn/tongjinianjian/dz2017/cn/html/2210.htm","budget_expenditure",,,,,,,,,,,,,,,,,,,,"283361","13747","57899","1339","46003",,,,,
"2016","建瓯市","建瓯市","22-9 地方一般公共预算收入（2016年）","https://tjj.fujian.gov.cn/tongjinianjian/dz2017/cn/html/2209.htm","budget_revenue",,,,,,,,,,,,,,,,"80596","13969","5267","4007",,,,,,,,,,
"2016","建瓯市","建瓯市","22-6 固定资产投资（2016年）","https://tjj.fujian.gov.cn/tongjinianjian/dz2017/cn/html/2206.htm","fixed_asset_investment",,,,,,,,,,,,"262.18","3.5","247.21","9",,,,,,,,,,,,,,
"2016","建瓯市","建瓯市","22-1 地区生产总值（2016年）","https://tjj.fujian.gov.cn/tongjinianjian/dz2017/cn/html/2201.htm","gdp","218.11","56.85","83.39","77.87","62.17","21.22","48254",,,,,,,,,,,,,,,,,,,,,,
"2016","建瓯市","建瓯市","22-4 年末常住人口数（2016年）","https://tjj.fujian.gov.cn/tongjinianjian/dz2017/cn/html/2204.htm","population",,,,,,,,"45.3","22.42","22.88","49.5",,,,,,,,,,,,,,,,,,
"2016","建瓯市","建瓯市","22-18 社会消费品零售总额（2016年）","https://tjj.fujian.gov.cn/tongjinianjian/dz2017/cn/html/2218.htm","retail_sales",,,,,,,,,,,,,,,,,,,,,,,,,,,,"785594","9.6"
"2016","建阳市","建阳区","22-10 一般公共预算支出（2016年）","https://tjj.fujian.gov.cn/tongjinianjian/dz2017/cn/html/2210.htm","budget_expenditure",,,,,,,,,,,,,,,,,,,,"260359","17665","48765","2093","43215",,,,,
"2016","建阳市","建阳区","22-9 地方一般公共预算收入（2016年）","https://tjj.fujian.gov.cn/tongjinianjian/dz2017/cn/html/2209.htm","budget_revenue",,,,,,,,,,,,,,,,"109293","16767","8181","4962",,,,,,,,,,
"2016","建阳市","建阳区","22-6 固定资产投资（2016年）","https://tjj.fujian.gov.cn/tongjinianjian/dz2017/cn/html/2206.htm","fixed_asset_investment",,,,,,,,,,,,"275.87","-2.9","224.42","-7.2",,,,,,,,,,,,,,
"2016","建阳市","建阳区","22-1 地区生产总值（2016年）","https://tjj.fujian.gov.cn/tongjinianjian/dz2017/cn/html/2201.htm","gdp","164.59","35.29","79.3","50","65.68","13.62","53094",,,,,,,,,,,,,,,,,,,,,,
"2016","建阳市","建阳区","22-4 年末常住人口数（2016年）","https://tjj.fujian.gov.cn/tongjinianjian/dz2017/cn/html/2204.htm","population",,,,,,,,"31.2","17.5","13.7","56.1",,,,,,,,,,,,,,,,,,
"2016","建阳市","建阳区","22-18 社会消费品零售总额（2016年）","https://tjj.fujian.gov.cn/tongjinianjian/dz2017/cn/html/2218.htm","retail_sales",,,,,,,,,,,,,,,,,,,,,,,,,,,,"532589","12"
"2016","将乐县","将乐县","22-10 一般公共预算支出（2016年）","https://tjj.fujian.gov.cn/tongjinianjian/dz2017/cn/html/2210.htm","budget_expenditure",,,,,,,,,,,,,,,,,,,,"182675","18913","33614","3991","33711",,,,,
"2016","将乐县","将乐县","22-9 地方一般公共预算收入（2016年）","https://tjj.fujian.gov.cn/tongjinianjian/dz2017/cn/html/2209.htm","budget_revenue",,,,,,,,,,,,,,,,"62006","9279","4477","2461",,,,,,,,,,
"2016","将乐县","将乐县","22-6 固定资产投资（2016年）","https://tjj.fujian.gov.cn/tongjinianjian/dz2017/cn/html/2206.htm","fixed_asset_investment",,,,,,,,,,,,"122.4","13","112.22","19.3",,,,,,,,,,,,,,
"2016","将乐县","将乐县","22-1 地区生产总值（2016年）","https://tjj.fujian.gov.cn/tongjinianjian/dz2017/cn/html/2201.htm","gdp","108.64","17.87","56.99","33.78","40.51","16.48","72138",,,,,,,,,,,,,,,,,,,,,,
"2016","将乐县","将乐县","22-4 年末常住人口数（2016年）","https://tjj.fujian.gov.cn/tongjinianjian/dz2017/cn/html/2204.htm","population",,,,,,,,"15.12","8.04","7.08","53.2",,,,,,,,,,,,,,,,,,
"2016","将乐县","将乐县","22-18 社会消费品零售总额（2016年）","https://tjj.fujian.gov.cn/tongjinianjian/dz2017/cn/html/2218.htm","retail_sales",,,,,,,,,,,,,,,,,,,,,,,,,,,,"226209","10.7"
"2016","蕉城区","蕉城区","22-10 一般公共预算支出（2016年）","https://tjj.fujian.gov.cn/tongjinianjian/dz2017/cn/html/2210.htm","budget_expenditure",,,,,,,,,,,,,,,,,,,,"276213","26853","67925","509","46924",,,,,
"2016","蕉城区","蕉城区","22-9 地方一般公共预算收入（2016年）","https://tjj.fujian.gov.cn/tongjinianjian/dz2017/cn/html/2209.htm","budget_revenue",,,,,,,,,,,,,,,,"120890","33533","11865","24756",,,,,,,,,,
"2016","蕉城区","蕉城区","22-6 固定资产投资（2016年）","https://tjj.fujian.gov.cn/tongjinianjian/dz2017/cn/html/2206.htm","fixed_asset_investment",,,,,,,,,,,,"296.55","-12","241.27","5.6",,,,,,,,,,,,,,
"2016","蕉城区","蕉城区","22-1 地区生产总值（2016年）","https://tjj.fujian.gov.cn/tongjinianjian/dz2017/cn/html/2201.htm","gdp","300.19","38.06","135.25","126.88","84.51","50.94","67489",,,,,,,,,,,,,,,,,,,,,,
"2016","蕉城区","蕉城区","22-4 年末常住人口数（2016年）","https://tjj.fujian.gov.cn/tongjinianjian/dz2017/cn/html/2204.htm","population",,,,,,,,"44.6","28.41","16.19","63.7",,,,,,,,,,,,,,,,,,
"2016","蕉城区","蕉城区","22-18 社会消费品零售总额（2016年）","https://tjj.fujian.gov.cn/tongjinianjian/dz2017/cn/html/2218.htm","retail_sales",,,,,,,,,,,,,,,,,,,,,,,,,,,,"1228592","12.4"
"2016","晋安区","晋安区","22-10 一般公共预算支出（2016年）","https://tjj.fujian.gov.cn/tongjinianjian/dz2017/cn/html/2210.htm","budget_expenditure",,,,,,,,,,,,,,,,,,,,"305409","23395","60997","4124","15215",,,,,
"2016","晋安区","晋安区","22-9 地方一般公共预算收入（2016年）","https://tjj.fujian.gov.cn/tongjinianjian/dz2017/cn/html/2209.htm","budget_revenue",,,,,,,,,,,,,,,,"250525","47569","18415","53540",,,,,,,,,,
"2016","晋安区","晋安区","22-6 固定资产投资（2016年）","https://tjj.fujian.gov.cn/tongjinianjian/dz2017/cn/html/2206.htm","fixed_asset_investment",,,,,,,,,,,,"560.62","15.8","348.32","-2.7",,,,,,,,,,,,,,
"2016","晋安区","晋安区","22-1 地区生产总值（2016年）","https://tjj.fujian.gov.cn/tongjinianjian/dz2017/cn/html/2201.htm","gdp","553.73","5.12","189.69","358.93","121.31","68.83","65221",,,,,,,,,,,,,,,,,,,,,,
"2016","晋安区","晋安区","22-4 年末常住人口数（2016年）","https://tjj.fujian.gov.cn/tongjinianjian/dz2017/cn/html/2204.htm","population",,,,,,,,"85.5","84.9","0.6","99.3",,,,,,,,,,,,,,,,,,
"2016","晋安区","晋安区","22-18 社会消费品零售总额（2016年）","https://tjj.fujian.gov.cn/tongjinianjian/dz2017/cn/html/2218.htm","retail_sales",,,,,,,,,,,,,,,,,,,,,,,,,,,,"6357812","13.6"
"2016","晋江市","晋江市","22-10 一般公共预算支出（2016年）","https://tjj.fujian.gov.cn/tongjinianjian/dz2017/cn/html/2210.htm","budget_expenditure",,,,,,,,,,,,,,,,,,,,"1374144","68887","258711","34373","155889",,,,,
"2016","晋江市","晋江市","22-9 地方一般公共预算收入（2016年）","https://tjj.fujian.gov.cn/tongjinianjian/dz2017/cn/html/2209.htm","budget_revenue",,,,,,,,,,,,,,,,"1206806","328786","81969","168315",,,,,,,,,,
"2016","晋江市","晋江市","22-6 固定资产投资（2016年）","https://tjj.fujian.gov.cn/tongjinianjian/dz2017/cn/html/2206.htm","fixed_asset_investment",,,,,,,,,,,,"914.9","3.2","720.03","1.2",,,,,,,,,,,,,,
"2016","晋江市","晋江市","22-1 地区生产总值（2016年）","https://tjj.fujian.gov.cn/tongjinianjian/dz2017/cn/html/2201.htm","gdp","1744.24","21.32","1060.03","662.89","997.83","66.42","83657",,,,,,,,,,,,,,,,,,,,,,
"2016","晋江市","晋江市","22-4 年末常住人口数（2016年）","https://tjj.fujian.gov.cn/tongjinianjian/dz2017/cn/html/2204.htm","population",,,,,,,,"209.2","135.77","73.43","64.9",,,,,,,,,,,,,,,,,,
"2016","晋江市","晋江市","22-18 社会消费品零售总额（2016年）","https://tjj.fujian.gov.cn/tongjinianjian/dz2017/cn/html/2218.htm","retail_sales",,,,,,,,,,,,,,,,,,,,,,,,,,,,"5882794","9.1"
"2016","鲤城区","鲤城区","22-10 一般公共预算支出（2016年）","https://tjj.fujian.gov.cn/tongjinianjian/dz2017/cn/html/2210.htm","budget_expenditure",,,,,,,,,,,,,,,,,,,,"122955","11393","37338","3040","2365",,,,,
"2016","鲤城区","鲤城区","22-9 地方一般公共预算收入（2016年）","https://tjj.fujian.gov.cn/tongjinianjian/dz2017/cn/html/2209.htm","budget_revenue",,,,,,,,,,,,,,,,"108996","28706","10288","14739",,,,,,,,,,
"2016","鲤城区","鲤城区","22-6 固定资产投资（2016年）","https://tjj.fujian.gov.cn/tongjinianjian/dz2017/cn/html/2206.htm","fixed_asset_investment",,,,,,,,,,,,"145.11","11.5","113.72","18",,,,,,,,,,,,,,
"2016","鲤城区","鲤城区","22-1 地区生产总值（2016年）","https://tjj.fujian.gov.cn/tongjinianjian/dz2017/cn/html/2201.htm","gdp","410.11","0.13","235.95","174.04","216.93","19.33","94387",,,,,,,,,,,,,,,,,,,,,,
"2016","鲤城区","鲤城区","22-4 年末常住人口数（2016年）","https://tjj.fujian.gov.cn/tongjinianjian/dz2017/cn/html/2204.htm","population",,,,,,,,"43.7","43.7",,"100",,,,,,,,,,,,,,,,,,
"2016","鲤城区","鲤城区","22-18 社会消费品零售总额（2016年）","https://tjj.fujian.gov.cn/tongjinianjian/dz2017/cn/html/2218.htm","retail_sales",,,,,,,,,,,,,,,,,,,,,,,,,,,,"3703620","9.9"
"2016","荔城区","荔城区","22-10 一般公共预算支出（2016年）","https://tjj.fujian.gov.cn/tongjinianjian/dz2017/cn/html/2210.htm","budget_expenditure",,,,,,,,,,,,,,,,,,,,"283191","15877","100481","3572","21311",,,,,
"2016","荔城区","荔城区","22-9 地方一般公共预算收入（2016年）","https://tjj.fujian.gov.cn/tongjinianjian/dz2017/cn/html/2209.htm","budget_revenue",,,,,,,,,,,,,,,,"224519","49771","31671","32217",,,,,,,,,,
"2016","荔城区","荔城区","22-6 固定资产投资（2016年）","https://tjj.fujian.gov.cn/tongjinianjian/dz2017/cn/html/2206.htm","fixed_asset_investment",,,,,,,,,,,,"296.97","5.4","190.26","22",,,,,,,,,,,,,,
"2016","荔城区","荔城区","22-1 地区生产总值（2016年）","https://tjj.fujian.gov.cn/tongjinianjian/dz2017/cn/html/2201.htm","gdp","367.61","18.66","215.61","133.34","178.85","39.61","70830",,,,,,,,,,,,,,,,,,,,,,
"2016","荔城区","荔城区","22-4 年末常住人口数（2016年）","https://tjj.fujian.gov.cn/tongjinianjian/dz2017/cn/html/2204.htm","population",,,,,,,,"52.1","37.3","14.8","71.6",,,,,,,,,,,,,,,,,,
"2016","荔城区","荔城区","22-18 社会消费品零售总额（2016年）","https://tjj.fujian.gov.cn/tongjinianjian/dz2017/cn/html/2218.htm","retail_sales",,,,,,,,,,,,,,,,,,,,,,,,,,,,"1660654","9.8"
"2016","连城县","连城县","22-10 一般公共预算支出（2016年）","https://tjj.fujian.gov.cn/tongjinianjian/dz2017/cn/html/2210.htm","budget_expenditure",,,,,,,,,,,,,,,,,,,,"247926","17098","60194","6361","52850",,,,,
"2016","连城县","连城县","22-9 地方一般公共预算收入（2016年）","https://tjj.fujian.gov.cn/tongjinianjian/dz2017/cn/html/2209.htm","budget_revenue",,,,,,,,,,,,,,,,"43127","8734","3875","4677",,,,,,,,,,
"2016","连城县","连城县","22-6 固定资产投资（2016年）","https://tjj.fujian.gov.cn/tongjinianjian/dz2017/cn/html/2206.htm","fixed_asset_investment",,,,,,,,,,,,"220.08","9.6","205.8","8.1",,,,,,,,,,,,,,
"2016","连城县","连城县","22-1 地区生产总值（2016年）","https://tjj.fujian.gov.cn/tongjinianjian/dz2017/cn/html/2201.htm","gdp","162.21","31.44","68.48","62.29","57.81","10.67","65805",,,,,,,,,,,,,,,,,,,,,,
"2016","连城县","连城县","22-4 年末常住人口数（2016年）","https://tjj.fujian.gov.cn/tongjinianjian/dz2017/cn/html/2204.htm","population",,,,,,,,"24.7","10.67","14.03","43.2",,,,,,,,,,,,,,,,,,
"2016","连城县","连城县","22-18 社会消费品零售总额（2016年）","https://tjj.fujian.gov.cn/tongjinianjian/dz2017/cn/html/2218.htm","retail_sales",,,,,,,,,,,,,,,,,,,,,,,,,,,,"535203","7.3"
"2016","连江县","连江县","22-10 一般公共预算支出（2016年）","https://tjj.fujian.gov.cn/tongjinianjian/dz2017/cn/html/2210.htm","budget_expenditure",,,,,,,,,,,,,,,,,,,,"546823","39075","140364","4877","72916",,,,,
"2016","连江县","连江县","22-9 地方一般公共预算收入（2016年）","https://tjj.fujian.gov.cn/tongjinianjian/dz2017/cn/html/2209.htm","budget_revenue",,,,,,,,,,,,,,,,"286431","42940","36769","50273",,,,,,,,,,
"2016","连江县","连江县","22-6 固定资产投资（2016年）","https://tjj.fujian.gov.cn/tongjinianjian/dz2017/cn/html/2206.htm","fixed_asset_investment",,,,,,,,,,,,"474.25","-8.6","391.58","-9.1",,,,,,,,,,,,,,
"2016","连江县","连江县","22-1 地区生产总值（2016年）","https://tjj.fujian.gov.cn/tongjinianjian/dz2017/cn/html/2201.htm","gdp","387.8","138.98","149.75","99.07","132.23","18.15","66690",,,,,,,,,,,,,,,,,,,,,,
"2016","连江县","连江县","22-4 年末常住人口数（2016年）","https://tjj.fujian.gov.cn/tongjinianjian/dz2017/cn/html/2204.htm","population",,,,,,,,"58.2","26.13","32.07","44.9",,,,,,,,,,,,,,,,,,
"2016","连江县","连江县","22-18 社会消费品零售总额（2016年）","https://tjj.fujian.gov.cn/tongjinianjian/dz2017/cn/html/2218.htm","retail_sales",,,,,,,,,,,,,,,,,,,,,,,,,,,,"1305959","16.5"
"2016","龙海市","龙海市","22-10 一般公共预算支出（2016年）","https://tjj.fujian.gov.cn/tongjinianjian/dz2017/cn/html/2210.htm","budget_expenditure",,,,,,,,,,,,,,,,,,,,"400562","35327","82006","1222","65540",,,,,
"2016","龙海市","龙海市","22-9 地方一般公共预算收入（2016年）","https://tjj.fujian.gov.cn/tongjinianjian/dz2017/cn/html/2209.htm","budget_revenue",,,,,,,,,,,,,,,,"199023","44052","19103","28172",,,,,,,,,,
"2016","龙海市","龙海市","22-6 固定资产投资（2016年）","https://tjj.fujian.gov.cn/tongjinianjian/dz2017/cn/html/2206.htm","fixed_asset_investment",,,,,,,,,,,,"571.5","14","427.94","14.4",,,,,,,,,,,,,,
"2016","龙海市","龙海市","22-1 地区生产总值（2016年）","https://tjj.fujian.gov.cn/tongjinianjian/dz2017/cn/html/2201.htm","gdp","723.24","64.42","393.84","264.98","324.92","68.92","77249",,,,,,,,,,,,,,,,,,,,,,
"2016","龙海市","龙海市","22-4 年末常住人口数（2016年）","https://tjj.fujian.gov.cn/tongjinianjian/dz2017/cn/html/2204.htm","population",,,,,,,,"93.95","52.71","41.24","56.1",,,,,,,,,,,,,,,,,,
"2016","龙海市","龙海市","22-18 社会消费品零售总额（2016年）","https://tjj.fujian.gov.cn/tongjinianjian/dz2017/cn/html/2218.htm","retail_sales",,,,,,,,,,,,,,,,,,,,,,,,,,,,"1260516","11.4"
"2016","龙文区","龙文区","22-10 一般公共预算支出（2016年）","https://tjj.fujian.gov.cn/tongjinianjian/dz2017/cn/html/2210.htm","budget_expenditure",,,,,,,,,,,,,,,,,,,,"168406","15526","32823","3520","7105",,,,,
"2016","龙文区","龙文区","22-9 地方一般公共预算收入（2016年）","https://tjj.fujian.gov.cn/tongjinianjian/dz2017/cn/html/2209.htm","budget_revenue",,,,,,,,,,,,,,,,"105394","20266","17408","13488",,,,,,,,,,
"2016","龙文区","龙文区","22-6 固定资产投资（2016年）","https://tjj.fujian.gov.cn/tongjinianjian/dz2017/cn/html/2206.htm","fixed_asset_investment",,,,,,,,,,,,"243.07","17.2","133.94","67.6",,,,,,,,,,,,,,
"2016","龙文区","龙文区","22-1 地区生产总值（2016年）","https://tjj.fujian.gov.cn/tongjinianjian/dz2017/cn/html/2201.htm","gdp","190.8","5.63","96.28","88.89","73.53","22.75","100952",,,,,,,,,,,,,,,,,,,,,,
"2016","龙文区","龙文区","22-4 年末常住人口数（2016年）","https://tjj.fujian.gov.cn/tongjinianjian/dz2017/cn/html/2204.htm","population",,,,,,,,"19.1","16.85","2.25","88.2",,,,,,,,,,,,,,,,,,
"2016","龙文区","龙文区","22-18 社会消费品零售总额（2016年）","https://tjj.fujian.gov.cn/tongjinianjian/dz2017/cn/html/2218.htm","retail_sales",,,,,,,,,,,,,,,,,,,,,,,,,,,,"1162837","18.2"
"2016","罗源县","罗源县","22-10 一般公共预算支出（2016年）","https://tjj.fujian.gov.cn/tongjinianjian/dz2017/cn/html/2210.htm","budget_expenditure",,,,,,,,,,,,,,,,,,,,"254358","22004","34097","1490","42267",,,,,
"2016","罗源县","罗源县","22-9 地方一般公共预算收入（2016年）","https://tjj.fujian.gov.cn/tongjinianjian/dz2017/cn/html/2209.htm","budget_revenue",,,,,,,,,,,,,,,,"88763","23361","11605","12623",,,,,,,,,,
"2016","罗源县","罗源县","22-6 固定资产投资（2016年）","https://tjj.fujian.gov.cn/tongjinianjian/dz2017/cn/html/2206.htm","fixed_asset_investment",,,,,,,,,,,,"137.82","0.4","130.65","43.9",,,,,,,,,,,,,,
"2016","罗源县","罗源县","22-1 地区生产总值（2016年）","https://tjj.fujian.gov.cn/tongjinianjian/dz2017/cn/html/2201.htm","gdp","195.54","38.81","117.56","39.18","110.46","7.36","93560",,,,,,,,,,,,,,,,,,,,,,
"2016","罗源县","罗源县","22-4 年末常住人口数（2016年）","https://tjj.fujian.gov.cn/tongjinianjian/dz2017/cn/html/2204.htm","population",,,,,,,,"20.9","9.25","11.65","44.3",,,,,,,,,,,,,,,,,,
"2016","罗源县","罗源县","22-18 社会消费品零售总额（2016年）","https://tjj.fujian.gov.cn/tongjinianjian/dz2017/cn/html/2218.htm","retail_sales",,,,,,,,,,,,,,,,,,,,,,,,,,,,"491690","8.9"
"2016","洛江区","洛江区","22-10 一般公共预算支出（2016年）","https://tjj.fujian.gov.cn/tongjinianjian/dz2017/cn/html/2210.htm","budget_expenditure",,,,,,,,,,,,,,,,,,,,"133165","15327","28851","3366","13355",,,,,
"2016","洛江区","洛江区","22-9 地方一般公共预算收入（2016年）","https://tjj.fujian.gov.cn/tongjinianjian/dz2017/cn/html/2209.htm","budget_revenue",,,,,,,,,,,,,,,,"94500","22711","8358","11008",,,,,,,,,,
"2016","洛江区","洛江区","22-6 固定资产投资（2016年）","https://tjj.fujian.gov.cn/tongjinianjian/dz2017/cn/html/2206.htm","fixed_asset_investment",,,,,,,,,,,,"100.35","17.4","80","21.9",,,,,,,,,,,,,,
"2016","洛江区","洛江区","22-1 地区生产总值（2016年）","https://tjj.fujian.gov.cn/tongjinianjian/dz2017/cn/html/2201.htm","gdp","154.59","4.33","113.88","36.39","102.1","11.77","73439",,,,,,,,,,,,,,,,,,,,,,
"2016","洛江区","洛江区","22-4 年末常住人口数（2016年）","https://tjj.fujian.gov.cn/tongjinianjian/dz2017/cn/html/2204.htm","population",,,,,,,,"21.2","11.98","9.22","56.5",,,,,,,,,,,,,,,,,,
"2016","洛江区","洛江区","22-18 社会消费品零售总额（2016年）","https://tjj.fujian.gov.cn/tongjinianjian/dz2017/cn/html/2218.htm","retail_sales",,,,,,,,,,,,,,,,,,,,,,,,,,,,"324635","15.8"
"2016","马尾区","马尾区","22-10 一般公共预算支出（2016年）","https://tjj.fujian.gov.cn/tongjinianjian/dz2017/cn/html/2210.htm","budget_expenditure",,,,,,,,,,,,,,,,,,,,"347846","43392","66000","10625","24354",,,,,
"2016","马尾区","马尾区","22-9 地方一般公共预算收入（2016年）","https://tjj.fujian.gov.cn/tongjinianjian/dz2017/cn/html/2209.htm","budget_revenue",,,,,,,,,,,,,,,,"214610","43093","11723","44642",,,,,,,,,,
"2016","马尾区","马尾区","22-6 固定资产投资（2016年）","https://tjj.fujian.gov.cn/tongjinianjian/dz2017/cn/html/2206.htm","fixed_asset_investment",,,,,,,,,,,,"309.74","13.1","155.68","-16.1",,,,,,,,,,,,,,
"2016","马尾区","马尾区","22-1 地区生产总值（2016年）","https://tjj.fujian.gov.cn/tongjinianjian/dz2017/cn/html/2201.htm","gdp","426.1","6.12","264.55","155.43","243.04","22.22","168419",,,,,,,,,,,,,,,,,,,,,,
"2016","马尾区","马尾区","22-4 年末常住人口数（2016年）","https://tjj.fujian.gov.cn/tongjinianjian/dz2017/cn/html/2204.htm","population",,,,,,,,"25.5","18.61","6.89","73",,,,,,,,,,,,,,,,,,
"2016","马尾区","马尾区","22-18 社会消费品零售总额（2016年）","https://tjj.fujian.gov.cn/tongjinianjian/dz2017/cn/html/2218.htm","retail_sales",,,,,,,,,,,,,,,,,,,,,,,,,,,,"1600050","16.5"
"2016","梅列区","梅列区","22-10 一般公共预算支出（2016年）","https://tjj.fujian.gov.cn/tongjinianjian/dz2017/cn/html/2210.htm","budget_expenditure",,,,,,,,,,,,,,,,,,,,"96741","11005","20128","766","19937",,,,,
"2016","梅列区","梅列区","22-9 地方一般公共预算收入（2016年）","https://tjj.fujian.gov.cn/tongjinianjian/dz2017/cn/html/2209.htm","budget_revenue",,,,,,,,,,,,,,,,"73663","8767","7239","4912",,,,,,,,,,
"2016","梅列区","梅列区","22-6 固定资产投资（2016年）","https://tjj.fujian.gov.cn/tongjinianjian/dz2017/cn/html/2206.htm","fixed_asset_investment",,,,,,,,,,,,"174.31","17.5","141.73","24.6",,,,,,,,,,,,,,
"2016","梅列区","梅列区","22-1 地区生产总值（2016年）","https://tjj.fujian.gov.cn/tongjinianjian/dz2017/cn/html/2201.htm","gdp","246.92","4.43","125.92","116.58","113.23","12.68","137026",,,,,,,,,,,,,,,,,,,,,,
"2016","梅列区","梅列区","22-4 年末常住人口数（2016年）","https://tjj.fujian.gov.cn/tongjinianjian/dz2017/cn/html/2204.htm","population",,,,,,,,"18.14","17.76","0.38","97.9",,,,,,,,,,,,,,,,,,
"2016","梅列区","梅列区","22-18 社会消费品零售总额（2016年）","https://tjj.fujian.gov.cn/tongjinianjian/dz2017/cn/html/2218.htm","retail_sales",,,,,,,,,,,,,,,,,,,,,,,,,,,,"748664","3.2"
"2016","闽侯县","闽侯县","22-10 一般公共预算支出（2016年）","https://tjj.fujian.gov.cn/tongjinianjian/dz2017/cn/html/2210.htm","budget_expenditure",,,,,,,,,,,,,,,,,,,,"905678","52557","217648","12082","61663",,,,,
"2016","闽侯县","闽侯县","22-9 地方一般公共预算收入（2016年）","https://tjj.fujian.gov.cn/tongjinianjian/dz2017/cn/html/2209.htm","budget_revenue",,,,,,,,,,,,,,,,"654903","127619","68882","69684",,,,,,,,,,
"2016","闽侯县","闽侯县","22-6 固定资产投资（2016年）","https://tjj.fujian.gov.cn/tongjinianjian/dz2017/cn/html/2206.htm","fixed_asset_investment",,,,,,,,,,,,"461.58","20.4","211.6","-1.9",,,,,,,,,,,,,,
"2016","闽侯县","闽侯县","22-1 地区生产总值（2016年）","https://tjj.fujian.gov.cn/tongjinianjian/dz2017/cn/html/2201.htm","gdp","484","38.65","288.71","156.63","255.96","33.98","68799",,,,,,,,,,,,,,,,,,,,,,
"2016","闽侯县","闽侯县","22-4 年末常住人口数（2016年）","https://tjj.fujian.gov.cn/tongjinianjian/dz2017/cn/html/2204.htm","population",,,,,,,,"70.5","38.28","32.22","54.3",,,,,,,,,,,,,,,,,,
"2016","闽侯县","闽侯县","22-18 社会消费品零售总额（2016年）","https://tjj.fujian.gov.cn/tongjinianjian/dz2017/cn/html/2218.htm","retail_sales",,,,,,,,,,,,,,,,,,,,,,,,,,,,"2301073","13.4"
"2016","闽清县","闽清县","22-10 一般公共预算支出（2016年）","https://tjj.fujian.gov.cn/tongjinianjian/dz2017/cn/html/2210.htm","budget_expenditure",,,,,,,,,,,,,,,,,,,,"286980","19147","50640","622","44758",,,,,
"2016","闽清县","闽清县","22-9 地方一般公共预算收入（2016年）","https://tjj.fujian.gov.cn/tongjinianjian/dz2017/cn/html/2209.htm","budget_revenue",,,,,,,,,,,,,,,,"88080","29571","7514","12014",,,,,,,,,,
"2016","闽清县","闽清县","22-6 固定资产投资（2016年）","https://tjj.fujian.gov.cn/tongjinianjian/dz2017/cn/html/2206.htm","fixed_asset_investment",,,,,,,,,,,,"77.61","25.2","60.34","40.8",,,,,,,,,,,,,,
"2016","闽清县","闽清县","22-1 地区生产总值（2016年）","https://tjj.fujian.gov.cn/tongjinianjian/dz2017/cn/html/2201.htm","gdp","148.16","27.68","78.49","41.99","64.84","13.72","62252",,,,,,,,,,,,,,,,,,,,,,
"2016","闽清县","闽清县","22-4 年末常住人口数（2016年）","https://tjj.fujian.gov.cn/tongjinianjian/dz2017/cn/html/2204.htm","population",,,,,,,,"23.8","9.33","14.47","39.2",,,,,,,,,,,,,,,,,,
"2016","闽清县","闽清县","22-18 社会消费品零售总额（2016年）","https://tjj.fujian.gov.cn/tongjinianjian/dz2017/cn/html/2218.htm","retail_sales",,,,,,,,,,,,,,,,,,,,,,,,,,,,"457992","3.4"
"2016","明溪县","明溪县","22-10 一般公共预算支出（2016年）","https://tjj.fujian.gov.cn/tongjinianjian/dz2017/cn/html/2210.htm","budget_expenditure",,,,,,,,,,,,,,,,,,,,"136276","13657","30303","2239","30679",,,,,
"2016","明溪县","明溪县","22-9 地方一般公共预算收入（2016年）","https://tjj.fujian.gov.cn/tongjinianjian/dz2017/cn/html/2209.htm","budget_revenue",,,,,,,,,,,,,,,,"28287","5565","1018","1953",,,,,,,,,,
"2016","明溪县","明溪县","22-6 固定资产投资（2016年）","https://tjj.fujian.gov.cn/tongjinianjian/dz2017/cn/html/2206.htm","fixed_asset_investment",,,,,,,,,,,,"91.05","19.6","89.1","18.2",,,,,,,,,,,,,,
"2016","明溪县","明溪县","22-1 地区生产总值（2016年）","https://tjj.fujian.gov.cn/tongjinianjian/dz2017/cn/html/2201.htm","gdp","64.53","15.49","27.96","21.08","20.95","7.01","63203",,,,,,,,,,,,,,,,,,,,,,
"2016","明溪县","明溪县","22-4 年末常住人口数（2016年）","https://tjj.fujian.gov.cn/tongjinianjian/dz2017/cn/html/2204.htm","population",,,,,,,,"10.22","5.21","5.01","51",,,,,,,,,,,,,,,,,,
"2016","明溪县","明溪县","22-18 社会消费品零售总额（2016年）","https://tjj.fujian.gov.cn/tongjinianjian/dz2017/cn/html/2218.htm","retail_sales",,,,,,,,,,,,,,,,,,,,,,,,,,,,"154297","5.1"
"2016","南安市","南安市","22-10 一般公共预算支出（2016年）","https://tjj.fujian.gov.cn/tongjinianjian/dz2017/cn/html/2210.htm","budget_expenditure",,,,,,,,,,,,,,,,,,,,"661270","42737","155763","12554","68806",,,,,
"2016","南安市","南安市","22-9 地方一般公共预算收入（2016年）","https://tjj.fujian.gov.cn/tongjinianjian/dz2017/cn/html/2209.htm","budget_revenue",,,,,,,,,,,,,,,,"384721","108518","22878","46951",,,,,,,,,,
"2016","南安市","南安市","22-6 固定资产投资（2016年）","https://tjj.fujian.gov.cn/tongjinianjian/dz2017/cn/html/2206.htm","fixed_asset_investment",,,,,,,,,,,,"558.17","12","516.1","12.1",,,,,,,,,,,,,,
"2016","南安市","南安市","22-1 地区生产总值（2016年）","https://tjj.fujian.gov.cn/tongjinianjian/dz2017/cn/html/2201.htm","gdp","898.14","28.17","541.28","328.69","499.31","42.16","60583",,,,,,,,,,,,,,,,,,,,,,
"2016","南安市","南安市","22-4 年末常住人口数（2016年）","https://tjj.fujian.gov.cn/tongjinianjian/dz2017/cn/html/2204.htm","population",,,,,,,,"148.9","84.58","64.32","56.8",,,,,,,,,,,,,,,,,,
"2016","南安市","南安市","22-18 社会消费品零售总额（2016年）","https://tjj.fujian.gov.cn/tongjinianjian/dz2017/cn/html/2218.htm","retail_sales",,,,,,,,,,,,,,,,,,,,,,,,,,,,"3854668","10.6"
"2016","南靖县","南靖县","22-10 一般公共预算支出（2016年）","https://tjj.fujian.gov.cn/tongjinianjian/dz2017/cn/html/2210.htm","budget_expenditure",,,,,,,,,,,,,,,,,,,,"230636","19507","39043","2471","31810",,,,,
"2016","南靖县","南靖县","22-9 地方一般公共预算收入（2016年）","https://tjj.fujian.gov.cn/tongjinianjian/dz2017/cn/html/2209.htm","budget_revenue",,,,,,,,,,,,,,,,"81850","15578","7025","5292",,,,,,,,,,
"2016","南靖县","南靖县","22-6 固定资产投资（2016年）","https://tjj.fujian.gov.cn/tongjinianjian/dz2017/cn/html/2206.htm","fixed_asset_investment",,,,,,,,,,,,"246.4","19.4","232.87","23.6",,,,,,,,,,,,,,
"2016","南靖县","南靖县","22-1 地区生产总值（2016年）","https://tjj.fujian.gov.cn/tongjinianjian/dz2017/cn/html/2201.htm","gdp","242.87","50.78","116.02","76.08","105.18","10.84","70705",,,,,,,,,,,,,,,,,,,,,,
"2016","南靖县","南靖县","22-4 年末常住人口数（2016年）","https://tjj.fujian.gov.cn/tongjinianjian/dz2017/cn/html/2204.htm","population",,,,,,,,"34.5","17.11","17.39","49.6",,,,,,,,,,,,,,,,,,
"2016","南靖县","南靖县","22-18 社会消费品零售总额（2016年）","https://tjj.fujian.gov.cn/tongjinianjian/dz2017/cn/html/2218.htm","retail_sales",,,,,,,,,,,,,,,,,,,,,,,,,,,,"423280","11.2"
"2016","宁化县","宁化县","22-10 一般公共预算支出（2016年）","https://tjj.fujian.gov.cn/tongjinianjian/dz2017/cn/html/2210.htm","budget_expenditure",,,,,,,,,,,,,,,,,,,,"246683","17892","46652","3023","49265",,,,,
"2016","宁化县","宁化县","22-9 地方一般公共预算收入（2016年）","https://tjj.fujian.gov.cn/tongjinianjian/dz2017/cn/html/2209.htm","budget_revenue",,,,,,,,,,,,,,,,"58051","6886","9619","3785",,,,,,,,,,
"2016","宁化县","宁化县","22-6 固定资产投资（2016年）","https://tjj.fujian.gov.cn/tongjinianjian/dz2017/cn/html/2206.htm","fixed_asset_investment",,,,,,,,,,,,"175.37","14.1","163.59","18.3",,,,,,,,,,,,,,
"2016","宁化县","宁化县","22-1 地区生产总值（2016年）","https://tjj.fujian.gov.cn/tongjinianjian/dz2017/cn/html/2201.htm","gdp","118.7","27.68","51.25","39.76","34.68","16.58","42018",,,,,,,,,,,,,,,,,,,,,,
"2016","宁化县","宁化县","22-4 年末常住人口数（2016年）","https://tjj.fujian.gov.cn/tongjinianjian/dz2017/cn/html/2204.htm","population",,,,,,,,"28.4","12.13","16.27","42.7",,,,,,,,,,,,,,,,,,
"2016","宁化县","宁化县","22-18 社会消费品零售总额（2016年）","https://tjj.fujian.gov.cn/tongjinianjian/dz2017/cn/html/2218.htm","retail_sales",,,,,,,,,,,,,,,,,,,,,,,,,,,,"352141","12.1"
"2016","平和县","平和县","22-10 一般公共预算支出（2016年）","https://tjj.fujian.gov.cn/tongjinianjian/dz2017/cn/html/2210.htm","budget_expenditure",,,,,,,,,,,,,,,,,,,,"299336","15842","61013","3993","52357",,,,,
"2016","平和县","平和县","22-9 地方一般公共预算收入（2016年）","https://tjj.fujian.gov.cn/tongjinianjian/dz2017/cn/html/2209.htm","budget_revenue",,,,,,,,,,,,,,,,"57961","9757","3993","3396",,,,,,,,,,
"2016","平和县","平和县","22-6 固定资产投资（2016年）","https://tjj.fujian.gov.cn/tongjinianjian/dz2017/cn/html/2206.htm","fixed_asset_investment",,,,,,,,,,,,"179.62","18.7","165.39","23.3",,,,,,,,,,,,,,
"2016","平和县","平和县","22-1 地区生产总值（2016年）","https://tjj.fujian.gov.cn/tongjinianjian/dz2017/cn/html/2201.htm","gdp","195.04","57.57","60.2","77.27","45.87","14.33","38333",,,,,,,,,,,,,,,,,,,,,,
"2016","平和县","平和县","22-4 年末常住人口数（2016年）","https://tjj.fujian.gov.cn/tongjinianjian/dz2017/cn/html/2204.htm","population",,,,,,,,"51.36","22.65","28.71","44.1",,,,,,,,,,,,,,,,,,
"2016","平和县","平和县","22-18 社会消费品零售总额（2016年）","https://tjj.fujian.gov.cn/tongjinianjian/dz2017/cn/html/2218.htm","retail_sales",,,,,,,,,,,,,,,,,,,,,,,,,,,,"526830","8.5"
"2016","平潭县","平潭县","22-10 一般公共预算支出（2016年）","https://tjj.fujian.gov.cn/tongjinianjian/dz2017/cn/html/2210.htm","budget_expenditure",,,,,,,,,,,,,,,,,,,,"918905","44892","80902","387","28239",,,,,
"2016","平潭县","平潭县","22-9 地方一般公共预算收入（2016年）","https://tjj.fujian.gov.cn/tongjinianjian/dz2017/cn/html/2209.htm","budget_revenue",,,,,,,,,,,,,,,,"264562","48489","33275","30661",,,,,,,,,,
"2016","平潭县","平潭县","22-6 固定资产投资（2016年）","https://tjj.fujian.gov.cn/tongjinianjian/dz2017/cn/html/2206.htm","fixed_asset_investment",,,,,,,,,,,,"396.81","15.6","296.03","9.8",,,,,,,,,,,,,,
"2016","平潭县","平潭县","22-1 地区生产总值（2016年）","https://tjj.fujian.gov.cn/tongjinianjian/dz2017/cn/html/2201.htm","gdp","205.76","35.82","59.81","110.13","7.45","52.37","47301",,,,,,,,,,,,,,,,,,,,,,
"2016","平潭县","平潭县","22-4 年末常住人口数（2016年）","https://tjj.fujian.gov.cn/tongjinianjian/dz2017/cn/html/2204.htm","population",,,,,,,,"44","20.41","23.59","46.4",,,,,,,,,,,,,,,,,,
"2016","平潭县","平潭县","22-18 社会消费品零售总额（2016年）","https://tjj.fujian.gov.cn/tongjinianjian/dz2017/cn/html/2218.htm","retail_sales",,,,,,,,,,,,,,,,,,,,,,,,,,,,"592980","4.2"
"2016","屏南县","屏南县","22-10 一般公共预算支出（2016年）","https://tjj.fujian.gov.cn/tongjinianjian/dz2017/cn/html/2210.htm","budget_expenditure",,,,,,,,,,,,,,,,,,,,"188835","12286","32917","1175","31706",,,,,
"2016","屏南县","屏南县","22-9 地方一般公共预算收入（2016年）","https://tjj.fujian.gov.cn/tongjinianjian/dz2017/cn/html/2209.htm","budget_revenue",,,,,,,,,,,,,,,,"36475","8307","2380","3335",,,,,,,,,,
"2016","屏南县","屏南县","22-6 固定资产投资（2016年）","https://tjj.fujian.gov.cn/tongjinianjian/dz2017/cn/html/2206.htm","fixed_asset_investment",,,,,,,,,,,,"48.6","12.7","44.19","4.1",,,,,,,,,,,,,,
"2016","屏南县","屏南县","22-1 地区生产总值（2016年）","https://tjj.fujian.gov.cn/tongjinianjian/dz2017/cn/html/2201.htm","gdp","69.74","15.38","29.12","25.24","23.84","5.33","50173",,,,,,,,,,,,,,,,,,,,,,
"2016","屏南县","屏南县","22-4 年末常住人口数（2016年）","https://tjj.fujian.gov.cn/tongjinianjian/dz2017/cn/html/2204.htm","population",,,,,,,,"14","5.98","8.02","42.7",,,,,,,,,,,,,,,,,,
"2016","屏南县","屏南县","22-18 社会消费品零售总额（2016年）","https://tjj.fujian.gov.cn/tongjinianjian/dz2017/cn/html/2218.htm","retail_sales",,,,,,,,,,,,,,,,,,,,,,,,,,,,"186168","9.7"
"2016","浦城县","浦城县","22-10 一般公共预算支出（2016年）","https://tjj.fujian.gov.cn/tongjinianjian/dz2017/cn/html/2210.htm","budget_expenditure",,,,,,,,,,,,,,,,,,,,"252236","16863","46149","1039","69232",,,,,
"2016","浦城县","浦城县","22-9 地方一般公共预算收入（2016年）","https://tjj.fujian.gov.cn/tongjinianjian/dz2017/cn/html/2209.htm","budget_revenue",,,,,,,,,,,,,,,,"53532","9354","5322","2688",,,,,,,,,,
"2016","浦城县","浦城县","22-6 固定资产投资（2016年）","https://tjj.fujian.gov.cn/tongjinianjian/dz2017/cn/html/2206.htm","fixed_asset_investment",,,,,,,,,,,,"133.9","2.9","130.77","6.3",,,,,,,,,,,,,,
"2016","浦城县","浦城县","22-1 地区生产总值（2016年）","https://tjj.fujian.gov.cn/tongjinianjian/dz2017/cn/html/2201.htm","gdp","135.03","40.6","48.73","45.7","38.58","10.15","45388",,,,,,,,,,,,,,,,,,,,,,
"2016","浦城县","浦城县","22-4 年末常住人口数（2016年）","https://tjj.fujian.gov.cn/tongjinianjian/dz2017/cn/html/2204.htm","population",,,,,,,,"29.8","13.77","16.03","46.2",,,,,,,,,,,,,,,,,,
"2016","浦城县","浦城县","22-18 社会消费品零售总额（2016年）","https://tjj.fujian.gov.cn/tongjinianjian/dz2017/cn/html/2218.htm","retail_sales",,,,,,,,,,,,,,,,,,,,,,,,,,,,"437884","9.9"
"2016","清流县","清流县","22-10 一般公共预算支出（2016年）","https://tjj.fujian.gov.cn/tongjinianjian/dz2017/cn/html/2210.htm","budget_expenditure",,,,,,,,,,,,,,,,,,,,"151591","9929","27798","2339","47342",,,,,
"2016","清流县","清流县","22-9 地方一般公共预算收入（2016年）","https://tjj.fujian.gov.cn/tongjinianjian/dz2017/cn/html/2209.htm","budget_revenue",,,,,,,,,,,,,,,,"33189","6656","1830","2119",,,,,,,,,,
"2016","清流县","清流县","22-6 固定资产投资（2016年）","https://tjj.fujian.gov.cn/tongjinianjian/dz2017/cn/html/2206.htm","fixed_asset_investment",,,,,,,,,,,,"98.83","8.5","98.14","9.5",,,,,,,,,,,,,,
"2016","清流县","清流县","22-1 地区生产总值（2016年）","https://tjj.fujian.gov.cn/tongjinianjian/dz2017/cn/html/2201.htm","gdp","89.02","17.26","42.31","29.44","29.12","13.2","65312",,,,,,,,,,,,,,,,,,,,,,
"2016","清流县","清流县","22-4 年末常住人口数（2016年）","https://tjj.fujian.gov.cn/tongjinianjian/dz2017/cn/html/2204.htm","population",,,,,,,,"13.66","6.34","7.32","46.4",,,,,,,,,,,,,,,,,,
"2016","清流县","清流县","22-18 社会消费品零售总额（2016年）","https://tjj.fujian.gov.cn/tongjinianjian/dz2017/cn/html/2218.htm","retail_sales",,,,,,,,,,,,,,,,,,,,,,,,,,,,"212000","11.9"
"2016","泉港区","泉港区","22-10 一般公共预算支出（2016年）","https://tjj.fujian.gov.cn/tongjinianjian/dz2017/cn/html/2210.htm","budget_expenditure",,,,,,,,,,,,,,,,,,,,"302151","22727","78094","9270","24282",,,,,
"2016","泉港区","泉港区","22-9 地方一般公共预算收入（2016年）","https://tjj.fujian.gov.cn/tongjinianjian/dz2017/cn/html/2209.htm","budget_revenue",,,,,,,,,,,,,,,,"299991","154193","7703","28789",,,,,,,,,,
"2016","泉港区","泉港区","22-6 固定资产投资（2016年）","https://tjj.fujian.gov.cn/tongjinianjian/dz2017/cn/html/2206.htm","fixed_asset_investment",,,,,,,,,,,,"227.64","16.1","208.21","14.9",,,,,,,,,,,,,,
"2016","泉港区","泉港区","22-1 地区生产总值（2016年）","https://tjj.fujian.gov.cn/tongjinianjian/dz2017/cn/html/2201.htm","gdp","407.39","11.6","294.91","100.88","257.02","37.89","124584",,,,,,,,,,,,,,,,,,,,,,
"2016","泉港区","泉港区","22-4 年末常住人口数（2016年）","https://tjj.fujian.gov.cn/tongjinianjian/dz2017/cn/html/2204.htm","population",,,,,,,,"32.9","16.38","16.52","49.8",,,,,,,,,,,,,,,,,,
"2016","泉港区","泉港区","22-18 社会消费品零售总额（2016年）","https://tjj.fujian.gov.cn/tongjinianjian/dz2017/cn/html/2218.htm","retail_sales",,,,,,,,,,,,,,,,,,,,,,,,,,,,"798598","13.1"
"2016","三元区","三元区","22-10 一般公共预算支出（2016年）","https://tjj.fujian.gov.cn/tongjinianjian/dz2017/cn/html/2210.htm","budget_expenditure",,,,,,,,,,,,,,,,,,,,"78660","7378","20074","1192","11752",,,,,
"2016","三元区","三元区","22-9 地方一般公共预算收入（2016年）","https://tjj.fujian.gov.cn/tongjinianjian/dz2017/cn/html/2209.htm","budget_revenue",,,,,,,,,,,,,,,,"38764","7247","2327","2485",,,,,,,,,,
"2016","三元区","三元区","22-6 固定资产投资（2016年）","https://tjj.fujian.gov.cn/tongjinianjian/dz2017/cn/html/2206.htm","fixed_asset_investment",,,,,,,,,,,,"199.27","16.5","194.65","15",,,,,,,,,,,,,,
"2016","三元区","三元区","22-1 地区生产总值（2016年）","https://tjj.fujian.gov.cn/tongjinianjian/dz2017/cn/html/2201.htm","gdp","131.75","13.33","68.82","49.61","56.11","12.71","65711",,,,,,,,,,,,,,,,,,,,,,
"2016","三元区","三元区","22-4 年末常住人口数（2016年）","https://tjj.fujian.gov.cn/tongjinianjian/dz2017/cn/html/2204.htm","population",,,,,,,,"20.1","17.15","2.95","85.3",,,,,,,,,,,,,,,,,,
"2016","三元区","三元区","22-18 社会消费品零售总额（2016年）","https://tjj.fujian.gov.cn/tongjinianjian/dz2017/cn/html/2218.htm","retail_sales",,,,,,,,,,,,,,,,,,,,,,,,,,,,"381257","13.9"
"2016","沙县","沙县","22-10 一般公共预算支出（2016年）","https://tjj.fujian.gov.cn/tongjinianjian/dz2017/cn/html/2210.htm","budget_expenditure",,,,,,,,,,,,,,,,,,,,"218292","22102","45962","1563","35121",,,,,
"2016","沙县","沙县","22-9 地方一般公共预算收入（2016年）","https://tjj.fujian.gov.cn/tongjinianjian/dz2017/cn/html/2209.htm","budget_revenue",,,,,,,,,,,,,,,,"90384","15436","11020","6476",,,,,,,,,,
"2016","沙县","沙县","22-6 固定资产投资（2016年）","https://tjj.fujian.gov.cn/tongjinianjian/dz2017/cn/html/2206.htm","fixed_asset_investment",,,,,,,,,,,,"229.09","10.8","214.38","11.3",,,,,,,,,,,,,,
"2016","沙县","沙县","22-1 地区生产总值（2016年）","https://tjj.fujian.gov.cn/tongjinianjian/dz2017/cn/html/2201.htm","gdp","205.9","29.06","109.94","66.9","93.33","16.61","89386",,,,,,,,,,,,,,,,,,,,,,
"2016","沙县","沙县","22-4 年末常住人口数（2016年）","https://tjj.fujian.gov.cn/tongjinianjian/dz2017/cn/html/2204.htm","population",,,,,,,,"23.07","14.54","8.53","63",,,,,,,,,,,,,,,,,,
"2016","沙县","沙县","22-18 社会消费品零售总额（2016年）","https://tjj.fujian.gov.cn/tongjinianjian/dz2017/cn/html/2218.htm","retail_sales",,,,,,,,,,,,,,,,,,,,,,,,,,,,"507687","6.6"
"2016","上杭县","上杭县","22-10 一般公共预算支出（2016年）","https://tjj.fujian.gov.cn/tongjinianjian/dz2017/cn/html/2210.htm","budget_expenditure",,,,,,,,,,,,,,,,,,,,"435973","35546","95497","8482","66417",,,,,
"2016","上杭县","上杭县","22-9 地方一般公共预算收入（2016年）","https://tjj.fujian.gov.cn/tongjinianjian/dz2017/cn/html/2209.htm","budget_revenue",,,,,,,,,,,,,,,,"229305","23280","8165","23238",,,,,,,,,,
"2016","上杭县","上杭县","22-6 固定资产投资（2016年）","https://tjj.fujian.gov.cn/tongjinianjian/dz2017/cn/html/2206.htm","fixed_asset_investment",,,,,,,,,,,,"257.31","17.8","253.69","19.6",,,,,,,,,,,,,,
"2016","上杭县","上杭县","22-1 地区生产总值（2016年）","https://tjj.fujian.gov.cn/tongjinianjian/dz2017/cn/html/2201.htm","gdp","276.33","35.54","151.52","89.27","116.41","35.1","74083",,,,,,,,,,,,,,,,,,,,,,
"2016","上杭县","上杭县","22-4 年末常住人口数（2016年）","https://tjj.fujian.gov.cn/tongjinianjian/dz2017/cn/html/2204.htm","population",,,,,,,,"37.4","17.13","20.27","45.8",,,,,,,,,,,,,,,,,,
"2016","上杭县","上杭县","22-18 社会消费品零售总额（2016年）","https://tjj.fujian.gov.cn/tongjinianjian/dz2017/cn/html/2218.htm","retail_sales",,,,,,,,,,,,,,,,,,,,,,,,,,,,"856934","15.8"
"2016","邵武市","邵武市","22-10 一般公共预算支出（2016年）","https://tjj.fujian.gov.cn/tongjinianjian/dz2017/cn/html/2210.htm","budget_expenditure",,,,,,,,,,,,,,,,,,,,"237194","20114","52454","551","37140",,,,,
"2016","邵武市","邵武市","22-9 地方一般公共预算收入（2016年）","https://tjj.fujian.gov.cn/tongjinianjian/dz2017/cn/html/2209.htm","budget_revenue",,,,,,,,,,,,,,,,"107426","18336","8340","6388",,,,,,,,,,
"2016","邵武市","邵武市","22-6 固定资产投资（2016年）","https://tjj.fujian.gov.cn/tongjinianjian/dz2017/cn/html/2206.htm","fixed_asset_investment",,,,,,,,,,,,"339.81","-1.4","325.12","1.1",,,,,,,,,,,,,,
"2016","邵武市","邵武市","22-1 地区生产总值（2016年）","https://tjj.fujian.gov.cn/tongjinianjian/dz2017/cn/html/2201.htm","gdp","205.96","31.79","98.39","75.78","83.86","14.53","75168",,,,,,,,,,,,,,,,,,,,,,
"2016","邵武市","邵武市","22-4 年末常住人口数（2016年）","https://tjj.fujian.gov.cn/tongjinianjian/dz2017/cn/html/2204.htm","population",,,,,,,,"27.5","18.65","8.85","67.8",,,,,,,,,,,,,,,,,,
"2016","邵武市","邵武市","22-18 社会消费品零售总额（2016年）","https://tjj.fujian.gov.cn/tongjinianjian/dz2017/cn/html/2218.htm","retail_sales",,,,,,,,,,,,,,,,,,,,,,,,,,,,"1068282","10"
"2016","石狮市","石狮市","22-10 一般公共预算支出（2016年）","https://tjj.fujian.gov.cn/tongjinianjian/dz2017/cn/html/2210.htm","budget_expenditure",,,,,,,,,,,,,,,,,,,,"488535","42611","76870","10727","46558",,,,,
"2016","石狮市","石狮市","22-9 地方一般公共预算收入（2016年）","https://tjj.fujian.gov.cn/tongjinianjian/dz2017/cn/html/2209.htm","budget_revenue",,,,,,,,,,,,,,,,"403359","78346","28346","47754",,,,,,,,,,
"2016","石狮市","石狮市","22-6 固定资产投资（2016年）","https://tjj.fujian.gov.cn/tongjinianjian/dz2017/cn/html/2206.htm","fixed_asset_investment",,,,,,,,,,,,"449.15","10","385.55","11.7",,,,,,,,,,,,,,
"2016","石狮市","石狮市","22-1 地区生产总值（2016年）","https://tjj.fujian.gov.cn/tongjinianjian/dz2017/cn/html/2201.htm","gdp","703.68","23.57","370.54","309.57","333.42","37.43","102652",,,,,,,,,,,,,,,,,,,,,,
"2016","石狮市","石狮市","22-4 年末常住人口数（2016年）","https://tjj.fujian.gov.cn/tongjinianjian/dz2017/cn/html/2204.htm","population",,,,,,,,"68.8","53.94","14.86","78.4",,,,,,,,,,,,,,,,,,
"2016","石狮市","石狮市","22-18 社会消费品零售总额（2016年）","https://tjj.fujian.gov.cn/tongjinianjian/dz2017/cn/html/2218.htm","retail_sales",,,,,,,,,,,,,,,,,,,,,,,,,,,,"4001134","11.3"
"2016","寿宁县","寿宁县","22-10 一般公共预算支出（2016年）","https://tjj.fujian.gov.cn/tongjinianjian/dz2017/cn/html/2210.htm","budget_expenditure",,,,,,,,,,,,,,,,,,,,"204378","11573","36694","471","37078",,,,,
"2016","寿宁县","寿宁县","22-9 地方一般公共预算收入（2016年）","https://tjj.fujian.gov.cn/tongjinianjian/dz2017/cn/html/2209.htm","budget_revenue",,,,,,,,,,,,,,,,"42287","6424","2255","2687",,,,,,,,,,
"2016","寿宁县","寿宁县","22-6 固定资产投资（2016年）","https://tjj.fujian.gov.cn/tongjinianjian/dz2017/cn/html/2206.htm","fixed_asset_investment",,,,,,,,,,,,"65.11","2.6","63.15","5.6",,,,,,,,,,,,,,
"2016","寿宁县","寿宁县","22-1 地区生产总值（2016年）","https://tjj.fujian.gov.cn/tongjinianjian/dz2017/cn/html/2201.htm","gdp","74.59","16.8","35.16","22.63","24.16","11.05","41670",,,,,,,,,,,,,,,,,,,,,,
"2016","寿宁县","寿宁县","22-4 年末常住人口数（2016年）","https://tjj.fujian.gov.cn/tongjinianjian/dz2017/cn/html/2204.htm","population",,,,,,,,"18","8.37","9.63","46.5",,,,,,,,,,,,,,,,,,
"2016","寿宁县","寿宁县","22-18 社会消费品零售总额（2016年）","https://tjj.fujian.gov.cn/tongjinianjian/dz2017/cn/html/2218.htm","retail_sales",,,,,,,,,,,,,,,,,,,,,,,,,,,,"212958","7.6"
"2016","顺昌县","顺昌县","22-10 一般公共预算支出（2016年）","https://tjj.fujian.gov.cn/tongjinianjian/dz2017/cn/html/2210.htm","budget_expenditure",,,,,,,,,,,,,,,,,,,,"187432","12047","38463","430","32678",,,,,
"2016","顺昌县","顺昌县","22-9 地方一般公共预算收入（2016年）","https://tjj.fujian.gov.cn/tongjinianjian/dz2017/cn/html/2209.htm","budget_revenue",,,,,,,,,,,,,,,,"42649","8961","3078","1782",,,,,,,,,,
"2016","顺昌县","顺昌县","22-6 固定资产投资（2016年）","https://tjj.fujian.gov.cn/tongjinianjian/dz2017/cn/html/2206.htm","fixed_asset_investment",,,,,,,,,,,,"71.89","17.8","67.84","18.9",,,,,,,,,,,,,,
"2016","顺昌县","顺昌县","22-1 地区生产总值（2016年）","https://tjj.fujian.gov.cn/tongjinianjian/dz2017/cn/html/2201.htm","gdp","98.67","21.48","36.32","40.87","29.6","6.72","52206",,,,,,,,,,,,,,,,,,,,,,
"2016","顺昌县","顺昌县","22-4 年末常住人口数（2016年）","https://tjj.fujian.gov.cn/tongjinianjian/dz2017/cn/html/2204.htm","population",,,,,,,,"19","9.35","9.65","49.2",,,,,,,,,,,,,,,,,,
"2016","顺昌县","顺昌县","22-18 社会消费品零售总额（2016年）","https://tjj.fujian.gov.cn/tongjinianjian/dz2017/cn/html/2218.htm","retail_sales",,,,,,,,,,,,,,,,,,,,,,,,,,,,"297530","7.8"
"2016","思明区","思明区","22-10 一般公共预算支出（2016年）","https://tjj.fujian.gov.cn/tongjinianjian/dz2017/cn/html/2210.htm","budget_expenditure",,,,,,,,,,,,,,,,,,,,"654540","47292","197075","20950","785",,,,,
"2016","思明区","思明区","22-9 地方一般公共预算收入（2016年）","https://tjj.fujian.gov.cn/tongjinianjian/dz2017/cn/html/2209.htm","budget_revenue",,,,,,,,,,,,,,,,"512000","110974","54214","94742",,,,,,,,,,
"2016","思明区","思明区","22-6 固定资产投资（2016年）","https://tjj.fujian.gov.cn/tongjinianjian/dz2017/cn/html/2206.htm","fixed_asset_investment",,,,,,,,,,,,"274.3","16.1","141.81","27.1",,,,,,,,,,,,,,
"2016","思明区","思明区","22-1 地区生产总值（2016年）","https://tjj.fujian.gov.cn/tongjinianjian/dz2017/cn/html/2201.htm","gdp","1174.35","1.51","147.22","1025.62","78.76","68.46","118025",,,,,,,,,,,,,,,,,,,,,,
"2016","思明区","思明区","22-4 年末常住人口数（2016年）","https://tjj.fujian.gov.cn/tongjinianjian/dz2017/cn/html/2204.htm","population",,,,,,,,"99.9","99.9",,"100",,,,,,,,,,,,,,,,,,
"2016","思明区","思明区","22-18 社会消费品零售总额（2016年）","https://tjj.fujian.gov.cn/tongjinianjian/dz2017/cn/html/2218.htm","retail_sales",,,,,,,,,,,,,,,,,,,,,,,,,,,,"4864002","11.1"
"2016","松溪县","松溪县","22-10 一般公共预算支出（2016年）","https://tjj.fujian.gov.cn/tongjinianjian/dz2017/cn/html/2210.htm","budget_expenditure",,,,,,,,,,,,,,,,,,,,"143444","11688","25046","1863","23501",,,,,
"2016","松溪县","松溪县","22-9 地方一般公共预算收入（2016年）","https://tjj.fujian.gov.cn/tongjinianjian/dz2017/cn/html/2209.htm","budget_revenue",,,,,,,,,,,,,,,,"21842","3350","1334","1036",,,,,,,,,,
"2016","松溪县","松溪县","22-6 固定资产投资（2016年）","https://tjj.fujian.gov.cn/tongjinianjian/dz2017/cn/html/2206.htm","fixed_asset_investment",,,,,,,,,,,,"54.88","1","44.32","-14",,,,,,,,,,,,,,
"2016","松溪县","松溪县","22-1 地区生产总值（2016年）","https://tjj.fujian.gov.cn/tongjinianjian/dz2017/cn/html/2201.htm","gdp","46.64","13.48","17.32","15.84","13.09","4.23","38867",,,,,,,,,,,,,,,,,,,,,,
"2016","松溪县","松溪县","22-4 年末常住人口数（2016年）","https://tjj.fujian.gov.cn/tongjinianjian/dz2017/cn/html/2204.htm","population",,,,,,,,"12.1","5.44","6.66","45",,,,,,,,,,,,,,,,,,
"2016","松溪县","松溪县","22-18 社会消费品零售总额（2016年）","https://tjj.fujian.gov.cn/tongjinianjian/dz2017/cn/html/2218.htm","retail_sales",,,,,,,,,,,,,,,,,,,,,,,,,,,,"242567","8.4"
"2016","台江区","台江区","22-10 一般公共预算支出（2016年）","https://tjj.fujian.gov.cn/tongjinianjian/dz2017/cn/html/2210.htm","budget_expenditure",,,,,,,,,,,,,,,,,,,,"147893","19924","36651","2950","2232",,,,,
"2016","台江区","台江区","22-9 地方一般公共预算收入（2016年）","https://tjj.fujian.gov.cn/tongjinianjian/dz2017/cn/html/2209.htm","budget_revenue",,,,,,,,,,,,,,,,"147439","34563","14243","34315",,,,,,,,,,
"2016","台江区","台江区","22-6 固定资产投资（2016年）","https://tjj.fujian.gov.cn/tongjinianjian/dz2017/cn/html/2206.htm","fixed_asset_investment",,,,,,,,,,,,"261.29","-32.9","156.5","-43.7",,,,,,,,,,,,,,
"2016","台江区","台江区","22-1 地区生产总值（2016年）","https://tjj.fujian.gov.cn/tongjinianjian/dz2017/cn/html/2201.htm","gdp","402.83",,"79.55","323.28","24.41","56.18","84985",,,,,,,,,,,,,,,,,,,,,,
"2016","台江区","台江区","22-4 年末常住人口数（2016年）","https://tjj.fujian.gov.cn/tongjinianjian/dz2017/cn/html/2204.htm","population",,,,,,,,"47.8","47.8",,"100",,,,,,,,,,,,,,,,,,
"2016","台江区","台江区","22-18 社会消费品零售总额（2016年）","https://tjj.fujian.gov.cn/tongjinianjian/dz2017/cn/html/2218.htm","retail_sales",,,,,,,,,,,,,,,,,,,,,,,,,,,,"3891391","9.5"
"2016","泰宁县","泰宁县","22-10 一般公共预算支出（2016年）","https://tjj.fujian.gov.cn/tongjinianjian/dz2017/cn/html/2210.htm","budget_expenditure",,,,,,,,,,,,,,,,,,,,"142051","11961","22576","436","27312",,,,,
"2016","泰宁县","泰宁县","22-9 地方一般公共预算收入（2016年）","https://tjj.fujian.gov.cn/tongjinianjian/dz2017/cn/html/2209.htm","budget_revenue",,,,,,,,,,,,,,,,"26500","4309","1958","1521",,,,,,,,,,
"2016","泰宁县","泰宁县","22-6 固定资产投资（2016年）","https://tjj.fujian.gov.cn/tongjinianjian/dz2017/cn/html/2206.htm","fixed_asset_investment",,,,,,,,,,,,"102.38","17.2","98.43","17.6",,,,,,,,,,,,,,
"2016","泰宁县","泰宁县","22-1 地区生产总值（2016年）","https://tjj.fujian.gov.cn/tongjinianjian/dz2017/cn/html/2201.htm","gdp","90.27","16.94","38.78","34.56","28.15","10.63","80204",,,,,,,,,,,,,,,,,,,,,,
"2016","泰宁县","泰宁县","22-4 年末常住人口数（2016年）","https://tjj.fujian.gov.cn/tongjinianjian/dz2017/cn/html/2204.htm","population",,,,,,,,"11.31","5.52","5.79","48.8",,,,,,,,,,,,,,,,,,
"2016","泰宁县","泰宁县","22-18 社会消费品零售总额（2016年）","https://tjj.fujian.gov.cn/tongjinianjian/dz2017/cn/html/2218.htm","retail_sales",,,,,,,,,,,,,,,,,,,,,,,,,,,,"220530","10.5"
"2016","同安区","同安区","22-10 一般公共预算支出（2016年）","https://tjj.fujian.gov.cn/tongjinianjian/dz2017/cn/html/2210.htm","budget_expenditure",,,,,,,,,,,,,,,,,,,,"478504","33684","113962","18493","33214",,,,,
"2016","同安区","同安区","22-9 地方一般公共预算收入（2016年）","https://tjj.fujian.gov.cn/tongjinianjian/dz2017/cn/html/2209.htm","budget_revenue",,,,,,,,,,,,,,,,"166384","45514","18221","21347",,,,,,,,,,
"2016","同安区","同安区","22-6 固定资产投资（2016年）","https://tjj.fujian.gov.cn/tongjinianjian/dz2017/cn/html/2206.htm","fixed_asset_investment",,,,,,,,,,,,"271.76","19.8","156.33","9",,,,,,,,,,,,,,
"2016","同安区","同安区","22-1 地区生产总值（2016年）","https://tjj.fujian.gov.cn/tongjinianjian/dz2017/cn/html/2201.htm","gdp","328.84","9.96","197.98","120.9","175.59","22.39","59822",,,,,,,,,,,,,,,,,,,,,,
"2016","同安区","同安区","22-4 年末常住人口数（2016年）","https://tjj.fujian.gov.cn/tongjinianjian/dz2017/cn/html/2204.htm","population",,,,,,,,"55.54","38.6","16.94","69.5",,,,,,,,,,,,,,,,,,
"2016","同安区","同安区","22-18 社会消费品零售总额（2016年）","https://tjj.fujian.gov.cn/tongjinianjian/dz2017/cn/html/2218.htm","retail_sales",,,,,,,,,,,,,,,,,,,,,,,,,,,,"1015037","23.1"
"2016","武平县","武平县","22-10 一般公共预算支出（2016年）","https://tjj.fujian.gov.cn/tongjinianjian/dz2017/cn/html/2210.htm","budget_expenditure",,,,,,,,,,,,,,,,,,,,"302287","23989","59552","18506","54501",,,,,
"2016","武平县","武平县","22-9 地方一般公共预算收入（2016年）","https://tjj.fujian.gov.cn/tongjinianjian/dz2017/cn/html/2209.htm","budget_revenue",,,,,,,,,,,,,,,,"73389","12760","6263","6269",,,,,,,,,,
"2016","武平县","武平县","22-6 固定资产投资（2016年）","https://tjj.fujian.gov.cn/tongjinianjian/dz2017/cn/html/2206.htm","fixed_asset_investment",,,,,,,,,,,,"259.32","13.6","250.6","14.2",,,,,,,,,,,,,,
"2016","武平县","武平县","22-1 地区生产总值（2016年）","https://tjj.fujian.gov.cn/tongjinianjian/dz2017/cn/html/2201.htm","gdp","161.66","35.03","66.15","60.48","46.83","19.33","58467",,,,,,,,,,,,,,,,,,,,,,
"2016","武平县","武平县","22-4 年末常住人口数（2016年）","https://tjj.fujian.gov.cn/tongjinianjian/dz2017/cn/html/2204.htm","population",,,,,,,,"27.7","13.13","14.57","47.4",,,,,,,,,,,,,,,,,,
"2016","武平县","武平县","22-18 社会消费品零售总额（2016年）","https://tjj.fujian.gov.cn/tongjinianjian/dz2017/cn/html/2218.htm","retail_sales",,,,,,,,,,,,,,,,,,,,,,,,,,,,"665293","19.1"
"2016","武夷山市","武夷山市","22-10 一般公共预算支出（2016年）","https://tjj.fujian.gov.cn/tongjinianjian/dz2017/cn/html/2210.htm","budget_expenditure",,,,,,,,,,,,,,,,,,,,"227430","16580","32198","1975","53801",,,,,
"2016","武夷山市","武夷山市","22-9 地方一般公共预算收入（2016年）","https://tjj.fujian.gov.cn/tongjinianjian/dz2017/cn/html/2209.htm","budget_revenue",,,,,,,,,,,,,,,,"86831","11501","6515","3337",,,,,,,,,,
"2016","武夷山市","武夷山市","22-6 固定资产投资（2016年）","https://tjj.fujian.gov.cn/tongjinianjian/dz2017/cn/html/2206.htm","fixed_asset_investment",,,,,,,,,,,,"259.61","-13.8","243.87","-15.3",,,,,,,,,,,,,,
"2016","武夷山市","武夷山市","22-1 地区生产总值（2016年）","https://tjj.fujian.gov.cn/tongjinianjian/dz2017/cn/html/2201.htm","gdp","150.33","27.27","58.68","64.38","34.2","24.48","64519",,,,,,,,,,,,,,,,,,,,,,
"2016","武夷山市","武夷山市","22-4 年末常住人口数（2016年）","https://tjj.fujian.gov.cn/tongjinianjian/dz2017/cn/html/2204.htm","population",,,,,,,,"23.4","13.15","10.25","56.2",,,,,,,,,,,,,,,,,,
"2016","武夷山市","武夷山市","22-18 社会消费品零售总额（2016年）","https://tjj.fujian.gov.cn/tongjinianjian/dz2017/cn/html/2218.htm","retail_sales",,,,,,,,,,,,,,,,,,,,,,,,,,,,"468896","10.9"
"2016","霞浦县","霞浦县","22-10 一般公共预算支出（2016年）","https://tjj.fujian.gov.cn/tongjinianjian/dz2017/cn/html/2210.htm","budget_expenditure",,,,,,,,,,,,,,,,,,,,"311210","21178","63012","255","65825",,,,,
"2016","霞浦县","霞浦县","22-9 地方一般公共预算收入（2016年）","https://tjj.fujian.gov.cn/tongjinianjian/dz2017/cn/html/2209.htm","budget_revenue",,,,,,,,,,,,,,,,"92471","12858","10963","4658",,,,,,,,,,
"2016","霞浦县","霞浦县","22-6 固定资产投资（2016年）","https://tjj.fujian.gov.cn/tongjinianjian/dz2017/cn/html/2206.htm","fixed_asset_investment",,,,,,,,,,,,"129.93","10.1","114.34","24.8",,,,,,,,,,,,,,
"2016","霞浦县","霞浦县","22-1 地区生产总值（2016年）","https://tjj.fujian.gov.cn/tongjinianjian/dz2017/cn/html/2201.htm","gdp","201.67","59.62","59.67","82.38","39.56","20.2","43323",,,,,,,,,,,,,,,,,,,,,,
"2016","霞浦县","霞浦县","22-4 年末常住人口数（2016年）","https://tjj.fujian.gov.cn/tongjinianjian/dz2017/cn/html/2204.htm","population",,,,,,,,"46.65","21.46","25.19","46",,,,,,,,,,,,,,,,,,
"2016","霞浦县","霞浦县","22-18 社会消费品零售总额（2016年）","https://tjj.fujian.gov.cn/tongjinianjian/dz2017/cn/html/2218.htm","retail_sales",,,,,,,,,,,,,,,,,,,,,,,,,,,,"733767","8.5"
"2016","仙游县","仙游县","22-10 一般公共预算支出（2016年）","https://tjj.fujian.gov.cn/tongjinianjian/dz2017/cn/html/2210.htm","budget_expenditure",,,,,,,,,,,,,,,,,,,,"473827","27111","135674","3228","57360",,,,,
"2016","仙游县","仙游县","22-9 地方一般公共预算收入（2016年）","https://tjj.fujian.gov.cn/tongjinianjian/dz2017/cn/html/2209.htm","budget_revenue",,,,,,,,,,,,,,,,"184580","35203","17228","13984",,,,,,,,,,
"2016","仙游县","仙游县","22-6 固定资产投资（2016年）","https://tjj.fujian.gov.cn/tongjinianjian/dz2017/cn/html/2206.htm","fixed_asset_investment",,,,,,,,,,,,"328.12","17.3","275.96","30.6",,,,,,,,,,,,,,
"2016","仙游县","仙游县","22-1 地区生产总值（2016年）","https://tjj.fujian.gov.cn/tongjinianjian/dz2017/cn/html/2201.htm","gdp","339.32","32.37","169.36","137.59","145.15","26.52","39663",,,,,,,,,,,,,,,,,,,,,,
"2016","仙游县","仙游县","22-4 年末常住人口数（2016年）","https://tjj.fujian.gov.cn/tongjinianjian/dz2017/cn/html/2204.htm","population",,,,,,,,"85.9","36.84","49.06","42.9",,,,,,,,,,,,,,,,,,
"2016","仙游县","仙游县","22-18 社会消费品零售总额（2016年）","https://tjj.fujian.gov.cn/tongjinianjian/dz2017/cn/html/2218.htm","retail_sales",,,,,,,,,,,,,,,,,,,,,,,,,,,,"881034","8.6"
"2016","芗城区","芗城区","22-10 一般公共预算支出（2016年）","https://tjj.fujian.gov.cn/tongjinianjian/dz2017/cn/html/2210.htm","budget_expenditure",,,,,,,,,,,,,,,,,,,,"182008","19093","34353","2737","7100",,,,,
"2016","芗城区","芗城区","22-9 地方一般公共预算收入（2016年）","https://tjj.fujian.gov.cn/tongjinianjian/dz2017/cn/html/2209.htm","budget_revenue",,,,,,,,,,,,,,,,"139302","31696","11264","16609",,,,,,,,,,
"2016","芗城区","芗城区","22-6 固定资产投资（2016年）","https://tjj.fujian.gov.cn/tongjinianjian/dz2017/cn/html/2206.htm","fixed_asset_investment",,,,,,,,,,,,"188.3","5.8","122.56","-13",,,,,,,,,,,,,,
"2016","芗城区","芗城区","22-1 地区生产总值（2016年）","https://tjj.fujian.gov.cn/tongjinianjian/dz2017/cn/html/2201.htm","gdp","526","9.18","227.08","289.74","184.46","42.67","89228",,,,,,,,,,,,,,,,,,,,,,
"2016","芗城区","芗城区","22-4 年末常住人口数（2016年）","https://tjj.fujian.gov.cn/tongjinianjian/dz2017/cn/html/2204.htm","population",,,,,,,,"59.1","53.66","5.44","90.8",,,,,,,,,,,,,,,,,,
"2016","芗城区","芗城区","22-18 社会消费品零售总额（2016年）","https://tjj.fujian.gov.cn/tongjinianjian/dz2017/cn/html/2218.htm","retail_sales",,,,,,,,,,,,,,,,,,,,,,,,,,,,"1838929","10.5"
"2016","翔安区","翔安区","22-10 一般公共预算支出（2016年）","https://tjj.fujian.gov.cn/tongjinianjian/dz2017/cn/html/2210.htm","budget_expenditure",,,,,,,,,,,,,,,,,,,,"347797","27785","101090","4109","27277",,,,,
"2016","翔安区","翔安区","22-9 地方一般公共预算收入（2016年）","https://tjj.fujian.gov.cn/tongjinianjian/dz2017/cn/html/2209.htm","budget_revenue",,,,,,,,,,,,,,,,"159048","28727","17579","22745",,,,,,,,,,
"2016","翔安区","翔安区","22-6 固定资产投资（2016年）","https://tjj.fujian.gov.cn/tongjinianjian/dz2017/cn/html/2206.htm","fixed_asset_investment",,,,,,,,,,,,"438.64","23.1","353.58","44.3",,,,,,,,,,,,,,
"2016","翔安区","翔安区","22-1 地区生产总值（2016年）","https://tjj.fujian.gov.cn/tongjinianjian/dz2017/cn/html/2201.htm","gdp","383.82","8.86","279.37","95.59","242.19","37.18","113221",,,,,,,,,,,,,,,,,,,,,,
"2016","翔安区","翔安区","22-4 年末常住人口数（2016年）","https://tjj.fujian.gov.cn/tongjinianjian/dz2017/cn/html/2204.htm","population",,,,,,,,"34.4","19.84","14.56","57.7",,,,,,,,,,,,,,,,,,
"2016","翔安区","翔安区","22-18 社会消费品零售总额（2016年）","https://tjj.fujian.gov.cn/tongjinianjian/dz2017/cn/html/2218.htm","retail_sales",,,,,,,,,,,,,,,,,,,,,,,,,,,,"538369","17.4"
"2016","新罗区","新罗区","22-10 一般公共预算支出（2016年）","https://tjj.fujian.gov.cn/tongjinianjian/dz2017/cn/html/2210.htm","budget_expenditure",,,,,,,,,,,,,,,,,,,,"320524","31396","72817","6274","53855",,,,,
"2016","新罗区","新罗区","22-9 地方一般公共预算收入（2016年）","https://tjj.fujian.gov.cn/tongjinianjian/dz2017/cn/html/2209.htm","budget_revenue",,,,,,,,,,,,,,,,"201915","38800","21340","17316",,,,,,,,,,
"2016","新罗区","新罗区","22-6 固定资产投资（2016年）","https://tjj.fujian.gov.cn/tongjinianjian/dz2017/cn/html/2206.htm","fixed_asset_investment",,,,,,,,,,,,"759.1","15","628.4","22.6",,,,,,,,,,,,,,
"2016","新罗区","新罗区","22-1 地区生产总值（2016年）","https://tjj.fujian.gov.cn/tongjinianjian/dz2017/cn/html/2201.htm","gdp","692.26","29.51","398.6","264.15","326.28","72.31","96214",,,,,,,,,,,,,,,,,,,,,,
"2016","新罗区","新罗区","22-4 年末常住人口数（2016年）","https://tjj.fujian.gov.cn/tongjinianjian/dz2017/cn/html/2204.htm","population",,,,,,,,"72.5","51.55","20.95","71.1",,,,,,,,,,,,,,,,,,
"2016","新罗区","新罗区","22-18 社会消费品零售总额（2016年）","https://tjj.fujian.gov.cn/tongjinianjian/dz2017/cn/html/2218.htm","retail_sales",,,,,,,,,,,,,,,,,,,,,,,,,,,,"3123218","13.9"
"2016","秀屿区","秀屿区","22-10 一般公共预算支出（2016年）","https://tjj.fujian.gov.cn/tongjinianjian/dz2017/cn/html/2210.htm","budget_expenditure",,,,,,,,,,,,,,,,,,,,"344296","24952","98403","2153","41547",,,,,
"2016","秀屿区","秀屿区","22-9 地方一般公共预算收入（2016年）","https://tjj.fujian.gov.cn/tongjinianjian/dz2017/cn/html/2209.htm","budget_revenue",,,,,,,,,,,,,,,,"178058","38434","17933","33043",,,,,,,,,,
"2016","秀屿区","秀屿区","22-6 固定资产投资（2016年）","https://tjj.fujian.gov.cn/tongjinianjian/dz2017/cn/html/2206.htm","fixed_asset_investment",,,,,,,,,,,,"705.9","16.5","689.15","17.6",,,,,,,,,,,,,,
"2016","秀屿区","秀屿区","22-1 地区生产总值（2016年）","https://tjj.fujian.gov.cn/tongjinianjian/dz2017/cn/html/2201.htm","gdp","368.86","46.02","211.93","110.91","154.45","59.93","62519",,,,,,,,,,,,,,,,,,,,,,
"2016","秀屿区","秀屿区","22-4 年末常住人口数（2016年）","https://tjj.fujian.gov.cn/tongjinianjian/dz2017/cn/html/2204.htm","population",,,,,,,,"59.2","25.38","33.82","42.9",,,,,,,,,,,,,,,,,,
"2016","秀屿区","秀屿区","22-18 社会消费品零售总额（2016年）","https://tjj.fujian.gov.cn/tongjinianjian/dz2017/cn/html/2218.htm","retail_sales",,,,,,,,,,,,,,,,,,,,,,,,,,,,"682212","11.8"
"2016","延平区","延平区","22-10 一般公共预算支出（2016年）","https://tjj.fujian.gov.cn/tongjinianjian/dz2017/cn/html/2210.htm","budget_expenditure",,,,,,,,,,,,,,,,,,,,"223322","16181","51578","2475","49465",,,,,
"2016","延平区","延平区","22-9 地方一般公共预算收入（2016年）","https://tjj.fujian.gov.cn/tongjinianjian/dz2017/cn/html/2209.htm","budget_revenue",,,,,,,,,,,,,,,,"68932","12262","6808","6702",,,,,,,,,,
"2016","延平区","延平区","22-6 固定资产投资（2016年）","https://tjj.fujian.gov.cn/tongjinianjian/dz2017/cn/html/2206.htm","fixed_asset_investment",,,,,,,,,,,,"152.36","-22.2","120.66","-31",,,,,,,,,,,,,,
"2016","延平区","延平区","22-1 地区生产总值（2016年）","https://tjj.fujian.gov.cn/tongjinianjian/dz2017/cn/html/2201.htm","gdp","298.66","38.72","146.36","113.58","87.99","58.37","63075",,,,,,,,,,,,,,,,,,,,,,
"2016","延平区","延平区","22-4 年末常住人口数（2016年）","https://tjj.fujian.gov.cn/tongjinianjian/dz2017/cn/html/2204.htm","population",,,,,,,,"47.5","31.92","15.58","67.2",,,,,,,,,,,,,,,,,,
"2016","延平区","延平区","22-18 社会消费品零售总额（2016年）","https://tjj.fujian.gov.cn/tongjinianjian/dz2017/cn/html/2218.htm","retail_sales",,,,,,,,,,,,,,,,,,,,,,,,,,,,"1331818","12.3"
"2016","永安市","永安市","22-10 一般公共预算支出（2016年）","https://tjj.fujian.gov.cn/tongjinianjian/dz2017/cn/html/2210.htm","budget_expenditure",,,,,,,,,,,,,,,,,,,,"276620","48439","62788","13315","37386",,,,,
"2016","永安市","永安市","22-9 地方一般公共预算收入（2016年）","https://tjj.fujian.gov.cn/tongjinianjian/dz2017/cn/html/2209.htm","budget_revenue",,,,,,,,,,,,,,,,"174391","34762","8798","8939",,,,,,,,,,
"2016","永安市","永安市","22-6 固定资产投资（2016年）","https://tjj.fujian.gov.cn/tongjinianjian/dz2017/cn/html/2206.htm","fixed_asset_investment",,,,,,,,,,,,"284.47","10","271.09","14.4",,,,,,,,,,,,,,
"2016","永安市","永安市","22-1 地区生产总值（2016年）","https://tjj.fujian.gov.cn/tongjinianjian/dz2017/cn/html/2201.htm","gdp","337.24","30.37","193.01","113.86","171.57","21.44","95916",,,,,,,,,,,,,,,,,,,,,,
"2016","永安市","永安市","22-4 年末常住人口数（2016年）","https://tjj.fujian.gov.cn/tongjinianjian/dz2017/cn/html/2204.htm","population",,,,,,,,"35.32","23.84","11.48","67.5",,,,,,,,,,,,,,,,,,
"2016","永安市","永安市","22-18 社会消费品零售总额（2016年）","https://tjj.fujian.gov.cn/tongjinianjian/dz2017/cn/html/2218.htm","retail_sales",,,,,,,,,,,,,,,,,,,,,,,,,,,,"857980","11.3"
"2016","永春县","永春县","22-10 一般公共预算支出（2016年）","https://tjj.fujian.gov.cn/tongjinianjian/dz2017/cn/html/2210.htm","budget_expenditure",,,,,,,,,,,,,,,,,,,,"315262","21049","71959","2712","46158",,,,,
"2016","永春县","永春县","22-9 地方一般公共预算收入（2016年）","https://tjj.fujian.gov.cn/tongjinianjian/dz2017/cn/html/2209.htm","budget_revenue",,,,,,,,,,,,,,,,"107501","22805","8371","12149",,,,,,,,,,
"2016","永春县","永春县","22-6 固定资产投资（2016年）","https://tjj.fujian.gov.cn/tongjinianjian/dz2017/cn/html/2206.htm","fixed_asset_investment",,,,,,,,,,,,"129.04","16.5","118.62","17.9",,,,,,,,,,,,,,
"2016","永春县","永春县","22-1 地区生产总值（2016年）","https://tjj.fujian.gov.cn/tongjinianjian/dz2017/cn/html/2201.htm","gdp","329.62","25.72","181","122.9","161.34","19.66","71813",,,,,,,,,,,,,,,,,,,,,,
"2016","永春县","永春县","22-4 年末常住人口数（2016年）","https://tjj.fujian.gov.cn/tongjinianjian/dz2017/cn/html/2204.htm","population",,,,,,,,"46","26.91","19.09","58.5",,,,,,,,,,,,,,,,,,
"2016","永春县","永春县","22-18 社会消费品零售总额（2016年）","https://tjj.fujian.gov.cn/tongjinianjian/dz2017/cn/html/2218.htm","retail_sales",,,,,,,,,,,,,,,,,,,,,,,,,,,,"842063","11.9"
"2016","永定县","永定区","22-10 一般公共预算支出（2016年）","https://tjj.fujian.gov.cn/tongjinianjian/dz2017/cn/html/2210.htm","budget_expenditure",,,,,,,,,,,,,,,,,,,,"251537","20878","58590","1750","41683",,,,,
"2016","永定县","永定区","22-9 地方一般公共预算收入（2016年）","https://tjj.fujian.gov.cn/tongjinianjian/dz2017/cn/html/2209.htm","budget_revenue",,,,,,,,,,,,,,,,"81749","21446","9269","5522",,,,,,,,,,
"2016","永定县","永定区","22-6 固定资产投资（2016年）","https://tjj.fujian.gov.cn/tongjinianjian/dz2017/cn/html/2206.htm","fixed_asset_investment",,,,,,,,,,,,"243.85","20.4","236.04","21",,,,,,,,,,,,,,
"2016","永定县","永定区","22-1 地区生产总值（2016年）","https://tjj.fujian.gov.cn/tongjinianjian/dz2017/cn/html/2201.htm","gdp","214.61","32.77","107.06","74.77","87.35","19.71","59285",,,,,,,,,,,,,,,,,,,,,,
"2016","永定县","永定区","22-4 年末常住人口数（2016年）","https://tjj.fujian.gov.cn/tongjinianjian/dz2017/cn/html/2204.htm","population",,,,,,,,"36.3","16.44","19.86","45.3",,,,,,,,,,,,,,,,,,
"2016","永定县","永定区","22-18 社会消费品零售总额（2016年）","https://tjj.fujian.gov.cn/tongjinianjian/dz2017/cn/html/2218.htm","retail_sales",,,,,,,,,,,,,,,,,,,,,,,,,,,,"762523","13.1"
"2016","永泰县","永泰县","22-10 一般公共预算支出（2016年）","https://tjj.fujian.gov.cn/tongjinianjian/dz2017/cn/html/2210.htm","budget_expenditure",,,,,,,,,,,,,,,,,,,,"280117","19424","52500","321","44580",,,,,
"2016","永泰县","永泰县","22-9 地方一般公共预算收入（2016年）","https://tjj.fujian.gov.cn/tongjinianjian/dz2017/cn/html/2209.htm","budget_revenue",,,,,,,,,,,,,,,,"80100","11918","12666","11116",,,,,,,,,,
"2016","永泰县","永泰县","22-6 固定资产投资（2016年）","https://tjj.fujian.gov.cn/tongjinianjian/dz2017/cn/html/2206.htm","fixed_asset_investment",,,,,,,,,,,,"89.1","11.4","43.31","27.1",,,,,,,,,,,,,,
"2016","永泰县","永泰县","22-1 地区生产总值（2016年）","https://tjj.fujian.gov.cn/tongjinianjian/dz2017/cn/html/2201.htm","gdp","143.8","44.26","53.33","46.2","13.59","39.75","57063",,,,,,,,,,,,,,,,,,,,,,
"2016","永泰县","永泰县","22-4 年末常住人口数（2016年）","https://tjj.fujian.gov.cn/tongjinianjian/dz2017/cn/html/2204.htm","population",,,,,,,,"25.2","10.1","15.1","40.1",,,,,,,,,,,,,,,,,,
"2016","永泰县","永泰县","22-18 社会消费品零售总额（2016年）","https://tjj.fujian.gov.cn/tongjinianjian/dz2017/cn/html/2218.htm","retail_sales",,,,,,,,,,,,,,,,,,,,,,,,,,,,"525623","9.7"
"2016","尤溪县","尤溪县","22-10 一般公共预算支出（2016年）","https://tjj.fujian.gov.cn/tongjinianjian/dz2017/cn/html/2210.htm","budget_expenditure",,,,,,,,,,,,,,,,,,,,"238454","20157","65803","3023","42542",,,,,
"2016","尤溪县","尤溪县","22-9 地方一般公共预算收入（2016年）","https://tjj.fujian.gov.cn/tongjinianjian/dz2017/cn/html/2209.htm","budget_revenue",,,,,,,,,,,,,,,,"73639","17611","5979","3744",,,,,,,,,,
"2016","尤溪县","尤溪县","22-6 固定资产投资（2016年）","https://tjj.fujian.gov.cn/tongjinianjian/dz2017/cn/html/2206.htm","fixed_asset_investment",,,,,,,,,,,,"220.85","14.7","217.25","21.1",,,,,,,,,,,,,,
"2016","尤溪县","尤溪县","22-1 地区生产总值（2016年）","https://tjj.fujian.gov.cn/tongjinianjian/dz2017/cn/html/2201.htm","gdp","205.78","51.48","86.63","67.67","66.21","20.42","57714",,,,,,,,,,,,,,,,,,,,,,
"2016","尤溪县","尤溪县","22-4 年末常住人口数（2016年）","https://tjj.fujian.gov.cn/tongjinianjian/dz2017/cn/html/2204.htm","population",,,,,,,,"35.81","15.44","20.37","43.1",,,,,,,,,,,,,,,,,,
"2016","尤溪县","尤溪县","22-18 社会消费品零售总额（2016年）","https://tjj.fujian.gov.cn/tongjinianjian/dz2017/cn/html/2218.htm","retail_sales",,,,,,,,,,,,,,,,,,,,,,,,,,,,"445900","11.1"
"2016","云霄县","云霄县","22-10 一般公共预算支出（2016年）","https://tjj.fujian.gov.cn/tongjinianjian/dz2017/cn/html/2210.htm","budget_expenditure",,,,,,,,,,,,,,,,,,,,"252406","11809","58597","879","38132",,,,,
"2016","云霄县","云霄县","22-9 地方一般公共预算收入（2016年）","https://tjj.fujian.gov.cn/tongjinianjian/dz2017/cn/html/2209.htm","budget_revenue",,,,,,,,,,,,,,,,"57556","10273","5973","4740",,,,,,,,,,
"2016","云霄县","云霄县","22-6 固定资产投资（2016年）","https://tjj.fujian.gov.cn/tongjinianjian/dz2017/cn/html/2206.htm","fixed_asset_investment",,,,,,,,,,,,"245.44","25.1","233.48","36.4",,,,,,,,,,,,,,
"2016","云霄县","云霄县","22-1 地区生产总值（2016年）","https://tjj.fujian.gov.cn/tongjinianjian/dz2017/cn/html/2201.htm","gdp","179.72","30.13","83.29","66.31","72.23","11.06","42841",,,,,,,,,,,,,,,,,,,,,,
"2016","云霄县","云霄县","22-4 年末常住人口数（2016年）","https://tjj.fujian.gov.cn/tongjinianjian/dz2017/cn/html/2204.htm","population",,,,,,,,"42","20.24","21.76","48.2",,,,,,,,,,,,,,,,,,
"2016","云霄县","云霄县","22-18 社会消费品零售总额（2016年）","https://tjj.fujian.gov.cn/tongjinianjian/dz2017/cn/html/2218.htm","retail_sales",,,,,,,,,,,,,,,,,,,,,,,,,,,,"618267","15.4"
"2016","漳平市","漳平市","22-10 一般公共预算支出（2016年）","https://tjj.fujian.gov.cn/tongjinianjian/dz2017/cn/html/2210.htm","budget_expenditure",,,,,,,,,,,,,,,,,,,,"210216","19623","45885","3650","40185",,,,,
"2016","漳平市","漳平市","22-9 地方一般公共预算收入（2016年）","https://tjj.fujian.gov.cn/tongjinianjian/dz2017/cn/html/2209.htm","budget_revenue",,,,,,,,,,,,,,,,"62044","13999","5392","5382",,,,,,,,,,
"2016","漳平市","漳平市","22-6 固定资产投资（2016年）","https://tjj.fujian.gov.cn/tongjinianjian/dz2017/cn/html/2206.htm","fixed_asset_investment",,,,,,,,,,,,"216.4","15.8","208.4","15.3",,,,,,,,,,,,,,
"2016","漳平市","漳平市","22-1 地区生产总值（2016年）","https://tjj.fujian.gov.cn/tongjinianjian/dz2017/cn/html/2201.htm","gdp","203.76","27.85","87.78","88.12","67.23","20.54","84373",,,,,,,,,,,,,,,,,,,,,,
"2016","漳平市","漳平市","22-4 年末常住人口数（2016年）","https://tjj.fujian.gov.cn/tongjinianjian/dz2017/cn/html/2204.htm","population",,,,,,,,"24.2","13.12","11.08","54.2",,,,,,,,,,,,,,,,,,
"2016","漳平市","漳平市","22-18 社会消费品零售总额（2016年）","https://tjj.fujian.gov.cn/tongjinianjian/dz2017/cn/html/2218.htm","retail_sales",,,,,,,,,,,,,,,,,,,,,,,,,,,,"655690","14.1"
"2016","漳浦县","漳浦县","22-10 一般公共预算支出（2016年）","https://tjj.fujian.gov.cn/tongjinianjian/dz2017/cn/html/2210.htm","budget_expenditure",,,,,,,,,,,,,,,,,,,,"507436","19796","93140","7023","64120",,,,,
"2016","漳浦县","漳浦县","22-9 地方一般公共预算收入（2016年）","https://tjj.fujian.gov.cn/tongjinianjian/dz2017/cn/html/2209.htm","budget_revenue",,,,,,,,,,,,,,,,"194856","30679","26492","17432",,,,,,,,,,
"2016","漳浦县","漳浦县","22-6 固定资产投资（2016年）","https://tjj.fujian.gov.cn/tongjinianjian/dz2017/cn/html/2206.htm","fixed_asset_investment",,,,,,,,,,,,"365.94","12.9","302.21","28.5",,,,,,,,,,,,,,
"2016","漳浦县","漳浦县","22-1 地区生产总值（2016年）","https://tjj.fujian.gov.cn/tongjinianjian/dz2017/cn/html/2201.htm","gdp","342.79","74.43","120.09","148.27","89.09","31","41634",,,,,,,,,,,,,,,,,,,,,,
"2016","漳浦县","漳浦县","22-4 年末常住人口数（2016年）","https://tjj.fujian.gov.cn/tongjinianjian/dz2017/cn/html/2204.htm","population",,,,,,,,"82.77","41.63","41.14","50.3",,,,,,,,,,,,,,,,,,
"2016","漳浦县","漳浦县","22-18 社会消费品零售总额（2016年）","https://tjj.fujian.gov.cn/tongjinianjian/dz2017/cn/html/2218.htm","retail_sales",,,,,,,,,,,,,,,,,,,,,,,,,,,,"1030874","11.4"
"2016","长乐市","长乐市","22-10 一般公共预算支出（2016年）","https://tjj.fujian.gov.cn/tongjinianjian/dz2017/cn/html/2210.htm","budget_expenditure",,,,,,,,,,,,,,,,,,,,"508420","32431","112870","12063","44132",,,,,
"2016","长乐市","长乐市","22-9 地方一般公共预算收入（2016年）","https://tjj.fujian.gov.cn/tongjinianjian/dz2017/cn/html/2209.htm","budget_revenue",,,,,,,,,,,,,,,,"387919","76115","32806","36062",,,,,,,,,,
"2016","长乐市","长乐市","22-6 固定资产投资（2016年）","https://tjj.fujian.gov.cn/tongjinianjian/dz2017/cn/html/2206.htm","fixed_asset_investment",,,,,,,,,,,,"497.68","11.3","389.27","13.4",,,,,,,,,,,,,,
"2016","长乐市","长乐市","22-1 地区生产总值（2016年）","https://tjj.fujian.gov.cn/tongjinianjian/dz2017/cn/html/2201.htm","gdp","630.46","51.37","399.11","179.97","371.59","27.62","87808",,,,,,,,,,,,,,,,,,,,,,
"2016","长乐市","长乐市","22-4 年末常住人口数（2016年）","https://tjj.fujian.gov.cn/tongjinianjian/dz2017/cn/html/2204.htm","population",,,,,,,,"72.1","36.05","36.05","50",,,,,,,,,,,,,,,,,,
"2016","长乐市","长乐市","22-18 社会消费品零售总额（2016年）","https://tjj.fujian.gov.cn/tongjinianjian/dz2017/cn/html/2218.htm","retail_sales",,,,,,,,,,,,,,,,,,,,,,,,,,,,"1911598","10"
"2016","长泰县","长泰县","22-10 一般公共预算支出（2016年）","https://tjj.fujian.gov.cn/tongjinianjian/dz2017/cn/html/2210.htm","budget_expenditure",,,,,,,,,,,,,,,,,,,,"222106","17671","44753","2858","36995",,,,,
"2016","长泰县","长泰县","22-9 地方一般公共预算收入（2016年）","https://tjj.fujian.gov.cn/tongjinianjian/dz2017/cn/html/2209.htm","budget_revenue",,,,,,,,,,,,,,,,"117901","29113","11525","11224",,,,,,,,,,
"2016","长泰县","长泰县","22-6 固定资产投资（2016年）","https://tjj.fujian.gov.cn/tongjinianjian/dz2017/cn/html/2206.htm","fixed_asset_investment",,,,,,,,,,,,"229.72","-18","213.34","-15.6",,,,,,,,,,,,,,
"2016","长泰县","长泰县","22-1 地区生产总值（2016年）","https://tjj.fujian.gov.cn/tongjinianjian/dz2017/cn/html/2201.htm","gdp","209.15","16.36","127.79","65","122.2","5.59","94617",,,,,,,,,,,,,,,,,,,,,,
"2016","长泰县","长泰县","22-4 年末常住人口数（2016年）","https://tjj.fujian.gov.cn/tongjinianjian/dz2017/cn/html/2204.htm","population",,,,,,,,"22.31","11.94","10.37","53.5",,,,,,,,,,,,,,,,,,
"2016","长泰县","长泰县","22-18 社会消费品零售总额（2016年）","https://tjj.fujian.gov.cn/tongjinianjian/dz2017/cn/html/2218.htm","retail_sales",,,,,,,,,,,,,,,,,,,,,,,,,,,,"305957","17"
"2016","长汀县","长汀县","22-10 一般公共预算支出（2016年）","https://tjj.fujian.gov.cn/tongjinianjian/dz2017/cn/html/2210.htm","budget_expenditure",,,,,,,,,,,,,,,,,,,,"330611","20603","71532","2801","71840",,,,,
"2016","长汀县","长汀县","22-9 地方一般公共预算收入（2016年）","https://tjj.fujian.gov.cn/tongjinianjian/dz2017/cn/html/2209.htm","budget_revenue",,,,,,,,,,,,,,,,"64802","11486","6354","6681",,,,,,,,,,
"2016","长汀县","长汀县","22-6 固定资产投资（2016年）","https://tjj.fujian.gov.cn/tongjinianjian/dz2017/cn/html/2206.htm","fixed_asset_investment",,,,,,,,,,,,"231.99","14.2","225.01","14.5",,,,,,,,,,,,,,
"2016","长汀县","长汀县","22-1 地区生产总值（2016年）","https://tjj.fujian.gov.cn/tongjinianjian/dz2017/cn/html/2201.htm","gdp","184.85","31.25","87.08","66.52","64.03","23.05","46097",,,,,,,,,,,,,,,,,,,,,,
"2016","长汀县","长汀县","22-4 年末常住人口数（2016年）","https://tjj.fujian.gov.cn/tongjinianjian/dz2017/cn/html/2204.htm","population",,,,,,,,"40.2","19.45","20.75","48.4",,,,,,,,,,,,,,,,,,
"2016","长汀县","长汀县","22-18 社会消费品零售总额（2016年）","https://tjj.fujian.gov.cn/tongjinianjian/dz2017/cn/html/2218.htm","retail_sales",,,,,,,,,,,,,,,,,,,,,,,,,,,,"691153","14.1"
"2016","诏安县","诏安县","22-10 一般公共预算支出（2016年）","https://tjj.fujian.gov.cn/tongjinianjian/dz2017/cn/html/2210.htm","budget_expenditure",,,,,,,,,,,,,,,,,,,,"275299","17491","47172","3057","63327",,,,,
"2016","诏安县","诏安县","22-9 地方一般公共预算收入（2016年）","https://tjj.fujian.gov.cn/tongjinianjian/dz2017/cn/html/2209.htm","budget_revenue",,,,,,,,,,,,,,,,"57364","11146","5725","4719",,,,,,,,,,
"2016","诏安县","诏安县","22-6 固定资产投资（2016年）","https://tjj.fujian.gov.cn/tongjinianjian/dz2017/cn/html/2206.htm","fixed_asset_investment",,,,,,,,,,,,"243.89","26.5","232.74","30.2",,,,,,,,,,,,,,
"2016","诏安县","诏安县","22-1 地区生产总值（2016年）","https://tjj.fujian.gov.cn/tongjinianjian/dz2017/cn/html/2201.htm","gdp","220.66","44.46","93.94","82.26","79.9","14.04","36141",,,,,,,,,,,,,,,,,,,,,,
"2016","诏安县","诏安县","22-4 年末常住人口数（2016年）","https://tjj.fujian.gov.cn/tongjinianjian/dz2017/cn/html/2204.htm","population",,,,,,,,"61.41","26.16","35.25","42.6",,,,,,,,,,,,,,,,,,
"2016","诏安县","诏安县","22-18 社会消费品零售总额（2016年）","https://tjj.fujian.gov.cn/tongjinianjian/dz2017/cn/html/2218.htm","retail_sales",,,,,,,,,,,,,,,,,,,,,,,,,,,,"939607","13.4"
"2016","柘荣县","柘荣县","22-10 一般公共预算支出（2016年）","https://tjj.fujian.gov.cn/tongjinianjian/dz2017/cn/html/2210.htm","budget_expenditure",,,,,,,,,,,,,,,,,,,,"135712","12027","20024","390","15518",,,,,
"2016","柘荣县","柘荣县","22-9 地方一般公共预算收入（2016年）","https://tjj.fujian.gov.cn/tongjinianjian/dz2017/cn/html/2209.htm","budget_revenue",,,,,,,,,,,,,,,,"25789","6798","1750","1860",,,,,,,,,,
"2016","柘荣县","柘荣县","22-6 固定资产投资（2016年）","https://tjj.fujian.gov.cn/tongjinianjian/dz2017/cn/html/2206.htm","fixed_asset_investment",,,,,,,,,,,,"45.03","-22.3","42.87","-20.3",,,,,,,,,,,,,,
"2016","柘荣县","柘荣县","22-1 地区生产总值（2016年）","https://tjj.fujian.gov.cn/tongjinianjian/dz2017/cn/html/2201.htm","gdp","50.94","8.96","26.81","15.17","23.12","3.74","56600",,,,,,,,,,,,,,,,,,,,,,
"2016","柘荣县","柘荣县","22-4 年末常住人口数（2016年）","https://tjj.fujian.gov.cn/tongjinianjian/dz2017/cn/html/2204.htm","population",,,,,,,,"9.05","5.46","3.59","60.3",,,,,,,,,,,,,,,,,,
"2016","柘荣县","柘荣县","22-18 社会消费品零售总额（2016年）","https://tjj.fujian.gov.cn/tongjinianjian/dz2017/cn/html/2218.htm","retail_sales",,,,,,,,,,,,,,,,,,,,,,,,,,,,"117018","8.5"
"2016","政和县","政和县","22-10 一般公共预算支出（2016年）","https://tjj.fujian.gov.cn/tongjinianjian/dz2017/cn/html/2210.htm","budget_expenditure",,,,,,,,,,,,,,,,,,,,"152249","9935","29590","982","44165",,,,,
"2016","政和县","政和县","22-9 地方一般公共预算收入（2016年）","https://tjj.fujian.gov.cn/tongjinianjian/dz2017/cn/html/2209.htm","budget_revenue",,,,,,,,,,,,,,,,"32233","4864","2870","2352",,,,,,,,,,
"2016","政和县","政和县","22-6 固定资产投资（2016年）","https://tjj.fujian.gov.cn/tongjinianjian/dz2017/cn/html/2206.htm","fixed_asset_investment",,,,,,,,,,,,"70.26","5.2","64.67","5.7",,,,,,,,,,,,,,
"2016","政和县","政和县","22-1 地区生产总值（2016年）","https://tjj.fujian.gov.cn/tongjinianjian/dz2017/cn/html/2201.htm","gdp","56.77","18.25","20.48","18.04","18.01","2.47","34096",,,,,,,,,,,,,,,,,,,,,,
"2016","政和县","政和县","22-4 年末常住人口数（2016年）","https://tjj.fujian.gov.cn/tongjinianjian/dz2017/cn/html/2204.htm","population",,,,,,,,"16.7","7.4","9.3","44.3",,,,,,,,,,,,,,,,,,
"2016","政和县","政和县","22-18 社会消费品零售总额（2016年）","https://tjj.fujian.gov.cn/tongjinianjian/dz2017/cn/html/2218.htm","retail_sales",,,,,,,,,,,,,,,,,,,,,,,,,,,,"210560","10.5"
"2016","周宁县","周宁县","22-10 一般公共预算支出（2016年）","https://tjj.fujian.gov.cn/tongjinianjian/dz2017/cn/html/2210.htm","budget_expenditure",,,,,,,,,,,,,,,,,,,,"160161","14191","29151","1575","29873",,,,,
"2016","周宁县","周宁县","22-9 地方一般公共预算收入（2016年）","https://tjj.fujian.gov.cn/tongjinianjian/dz2017/cn/html/2209.htm","budget_revenue",,,,,,,,,,,,,,,,"36844","9839","2394","3985",,,,,,,,,,
"2016","周宁县","周宁县","22-6 固定资产投资（2016年）","https://tjj.fujian.gov.cn/tongjinianjian/dz2017/cn/html/2206.htm","fixed_asset_investment",,,,,,,,,,,,"50.61","10.1","42.24","-5.1",,,,,,,,,,,,,,
"2016","周宁县","周宁县","22-1 地区生产总值（2016年）","https://tjj.fujian.gov.cn/tongjinianjian/dz2017/cn/html/2201.htm","gdp","52.86","9.58","26.88","16.41","21.06","5.86","44142",,,,,,,,,,,,,,,,,,,,,,
"2016","周宁县","周宁县","22-4 年末常住人口数（2016年）","https://tjj.fujian.gov.cn/tongjinianjian/dz2017/cn/html/2204.htm","population",,,,,,,,"12.15","5.94","6.21","48.9",,,,,,,,,,,,,,,,,,
"2016","周宁县","周宁县","22-18 社会消费品零售总额（2016年）","https://tjj.fujian.gov.cn/tongjinianjian/dz2017/cn/html/2218.htm","retail_sales",,,,,,,,,,,,,,,,,,,,,,,,,,,,"155296","7.4"
"2017","安溪县","安溪县","20-10 一般公共预算支出（2017年）","http://tjj.fujian.gov.cn/tongjinianjian/dz2018/cn/html/2010.htm","budget_expenditure",,,,,,,,,,,,,,,,,,,,"630659","44846","174511","15730","73409",,,,,
"2017","安溪县","安溪县","20-9 地方一般公共预算收入（2017年）","http://tjj.fujian.gov.cn/tongjinianjian/dz2018/cn/html/2009.htm","budget_revenue",,,,,,,,,,,,,,,,"265695","82591","30","29628",,,,,,,,,,
"2017","安溪县","安溪县","20-6 固定资产投资（2017年）","http://tjj.fujian.gov.cn/tongjinianjian/dz2018/cn/html/2006.htm","fixed_asset_investment",,,,,,,,,,,,"362.76","11.1","267.54","3.6",,,,,,,,,,,,,,
"2017","安溪县","安溪县","20-1 地区生产总值（2017年）","http://tjj.fujian.gov.cn/tongjinianjian/dz2018/cn/html/2001.htm","gdp","516.29","46.94","263.87","205.48","230.02","33.89","50841",,,,,,,,,,,,,,,,,,,,,,
"2017","安溪县","安溪县","20-12 规模以上工业增加值增速（2017年）","http://tjj.fujian.gov.cn/tongjinianjian/dz2018/cn/html/2012.htm","industrial_va_growth",,,,,,,,,,,,,,,,,,,,,,,,,"9.1","5.2","20.3",,
"2017","安溪县","安溪县","20-4 年末常住人口数（2017年）","http://tjj.fujian.gov.cn/tongjinianjian/dz2018/cn/html/2004.htm","population",,,,,,,,"101.9","47.38","54.52","46.5",,,,,,,,,,,,,,,,,,
"2017","安溪县","安溪县","20-17 社会消费品零售总额（2017年）","http://tjj.fujian.gov.cn/tongjinianjian/dz2018/cn/html/2017.htm","retail_sales",,,,,,,,,,,,,,,,,,,,,,,,,,,,"2624168","10.5"
"2017","仓山区","仓山区","20-10 一般公共预算支出（2017年）","http://tjj.fujian.gov.cn/tongjinianjian/dz2018/cn/html/2010.htm","budget_expenditure",,,,,,,,,,,,,,,,,,,,"368621","35496","88092","23820","6974",,,,,
"2017","仓山区","仓山区","20-9 地方一般公共预算收入（2017年）","http://tjj.fujian.gov.cn/tongjinianjian/dz2018/cn/html/2009.htm","budget_revenue",,,,,,,,,,,,,,,,"324859","73116","161","48660",,,,,,,,,,
"2017","仓山区","仓山区","20-6 固定资产投资（2017年）","http://tjj.fujian.gov.cn/tongjinianjian/dz2018/cn/html/2006.htm","fixed_asset_investment",,,,,,,,,,,,"658.41","17.9","311.11","91.3",,,,,,,,,,,,,,
"2017","仓山区","仓山区","20-1 地区生产总值（2017年）","http://tjj.fujian.gov.cn/tongjinianjian/dz2018/cn/html/2001.htm","gdp","559.35","1.22","289.92","268.21","266.78","24.54","68255",,,,,,,,,,,,,,,,,,,,,,
"2017","仓山区","仓山区","20-12 规模以上工业增加值增速（2017年）","http://tjj.fujian.gov.cn/tongjinianjian/dz2018/cn/html/2012.htm","industrial_va_growth",,,,,,,,,,,,,,,,,,,,,,,,,"6.8","8.5","4.4",,
"2017","仓山区","仓山区","20-4 年末常住人口数（2017年）","http://tjj.fujian.gov.cn/tongjinianjian/dz2018/cn/html/2004.htm","population",,,,,,,,"82.5","82.5",,"100",,,,,,,,,,,,,,,,,,
"2017","仓山区","仓山区","20-17 社会消费品零售总额（2017年）","http://tjj.fujian.gov.cn/tongjinianjian/dz2018/cn/html/2017.htm","retail_sales",,,,,,,,,,,,,,,,,,,,,,,,,,,,"5079496","16.1"
"2017","城厢区","城厢区","20-10 一般公共预算支出（2017年）","http://tjj.fujian.gov.cn/tongjinianjian/dz2018/cn/html/2010.htm","budget_expenditure",,,,,,,,,,,,,,,,,,,,"248452","19414","64157","3330","25836",,,,,
"2017","城厢区","城厢区","20-9 地方一般公共预算收入（2017年）","http://tjj.fujian.gov.cn/tongjinianjian/dz2018/cn/html/2009.htm","budget_revenue",,,,,,,,,,,,,,,,"212700","49363","1182","27370",,,,,,,,,,
"2017","城厢区","城厢区","20-6 固定资产投资（2017年）","http://tjj.fujian.gov.cn/tongjinianjian/dz2018/cn/html/2006.htm","fixed_asset_investment",,,,,,,,,,,,"250.56","18.7","146.03","53.2",,,,,,,,,,,,,,
"2017","城厢区","城厢区","20-1 地区生产总值（2017年）","http://tjj.fujian.gov.cn/tongjinianjian/dz2018/cn/html/2001.htm","gdp","356.36","8.46","146.38","201.52","101.69","45.66","82396",,,,,,,,,,,,,,,,,,,,,,
"2017","城厢区","城厢区","20-12 规模以上工业增加值增速（2017年）","http://tjj.fujian.gov.cn/tongjinianjian/dz2018/cn/html/2012.htm","industrial_va_growth",,,,,,,,,,,,,,,,,,,,,,,,,"8.3","9.4","3.3",,
"2017","城厢区","城厢区","20-4 年末常住人口数（2017年）","http://tjj.fujian.gov.cn/tongjinianjian/dz2018/cn/html/2004.htm","population",,,,,,,,"43.3","30.53","12.77","70.5",,,,,,,,,,,,,,,,,,
"2017","城厢区","城厢区","20-17 社会消费品零售总额（2017年）","http://tjj.fujian.gov.cn/tongjinianjian/dz2018/cn/html/2017.htm","retail_sales",,,,,,,,,,,,,,,,,,,,,,,,,,,,"2145575","13"
"2017","大田县","大田县","20-10 一般公共预算支出（2017年）","http://tjj.fujian.gov.cn/tongjinianjian/dz2018/cn/html/2010.htm","budget_expenditure",,,,,,,,,,,,,,,,,,,,"238702","17290","69372","7033","26571",,,,,
"2017","大田县","大田县","20-9 地方一般公共预算收入（2017年）","http://tjj.fujian.gov.cn/tongjinianjian/dz2018/cn/html/2009.htm","budget_revenue",,,,,,,,,,,,,,,,"74247","22866","323","3037",,,,,,,,,,
"2017","大田县","大田县","20-6 固定资产投资（2017年）","http://tjj.fujian.gov.cn/tongjinianjian/dz2018/cn/html/2006.htm","fixed_asset_investment",,,,,,,,,,,,"319.13","17.3","313.02","17",,,,,,,,,,,,,,
"2017","大田县","大田县","20-1 地区生产总值（2017年）","http://tjj.fujian.gov.cn/tongjinianjian/dz2018/cn/html/2001.htm","gdp","202.38","37.55","101.36","63.46","88.72","12.64","63741",,,,,,,,,,,,,,,,,,,,,,
"2017","大田县","大田县","20-12 规模以上工业增加值增速（2017年）","http://tjj.fujian.gov.cn/tongjinianjian/dz2018/cn/html/2012.htm","industrial_va_growth",,,,,,,,,,,,,,,,,,,,,,,,,"7.8","21.2","5",,
"2017","大田县","大田县","20-4 年末常住人口数（2017年）","http://tjj.fujian.gov.cn/tongjinianjian/dz2018/cn/html/2004.htm","population",,,,,,,,"31.9","16.11","15.79","50.5",,,,,,,,,,,,,,,,,,
"2017","大田县","大田县","20-17 社会消费品零售总额（2017年）","http://tjj.fujian.gov.cn/tongjinianjian/dz2018/cn/html/2017.htm","retail_sales",,,,,,,,,,,,,,,,,,,,,,,,,,,,"536851","11"
"2017","德化县","德化县","20-10 一般公共预算支出（2017年）","http://tjj.fujian.gov.cn/tongjinianjian/dz2018/cn/html/2010.htm","budget_expenditure",,,,,,,,,,,,,,,,,,,,"278854","20216","57793","4302","46050",,,,,
"2017","德化县","德化县","20-9 地方一般公共预算收入（2017年）","http://tjj.fujian.gov.cn/tongjinianjian/dz2018/cn/html/2009.htm","budget_revenue",,,,,,,,,,,,,,,,"110166","32852","632","9174",,,,,,,,,,
"2017","德化县","德化县","20-6 固定资产投资（2017年）","http://tjj.fujian.gov.cn/tongjinianjian/dz2018/cn/html/2006.htm","fixed_asset_investment",,,,,,,,,,,,"126.41","13.2","102.42","5.6",,,,,,,,,,,,,,
"2017","德化县","德化县","20-1 地区生产总值（2017年）","http://tjj.fujian.gov.cn/tongjinianjian/dz2018/cn/html/2001.htm","gdp","221.05","9.27","128.49","83.29","100.29","28.2","76224",,,,,,,,,,,,,,,,,,,,,,
"2017","德化县","德化县","20-12 规模以上工业增加值增速（2017年）","http://tjj.fujian.gov.cn/tongjinianjian/dz2018/cn/html/2012.htm","industrial_va_growth",,,,,,,,,,,,,,,,,,,,,,,,,"7.8","7.4","9.6",,
"2017","德化县","德化县","20-4 年末常住人口数（2017年）","http://tjj.fujian.gov.cn/tongjinianjian/dz2018/cn/html/2004.htm","population",,,,,,,,"29.3","21.92","7.38","74.8",,,,,,,,,,,,,,,,,,
"2017","德化县","德化县","20-17 社会消费品零售总额（2017年）","http://tjj.fujian.gov.cn/tongjinianjian/dz2018/cn/html/2017.htm","retail_sales",,,,,,,,,,,,,,,,,,,,,,,,,,,,"618211","10.9"
"2017","东山县","东山县","20-10 一般公共预算支出（2017年）","http://tjj.fujian.gov.cn/tongjinianjian/dz2018/cn/html/2010.htm","budget_expenditure",,,,,,,,,,,,,,,,,,,,"279392","18698","36848","1639","37268",,,,,
"2017","东山县","东山县","20-9 地方一般公共预算收入（2017年）","http://tjj.fujian.gov.cn/tongjinianjian/dz2018/cn/html/2009.htm","budget_revenue",,,,,,,,,,,,,,,,"114020","40390","-82","9081",,,,,,,,,,
"2017","东山县","东山县","20-6 固定资产投资（2017年）","http://tjj.fujian.gov.cn/tongjinianjian/dz2018/cn/html/2006.htm","fixed_asset_investment",,,,,,,,,,,,"223.94","27.2","214.6","28.7",,,,,,,,,,,,,,
"2017","东山县","东山县","20-1 地区生产总值（2017年）","http://tjj.fujian.gov.cn/tongjinianjian/dz2018/cn/html/2001.htm","gdp","202.7","34.08","94.92","73.7","84.37","10.55","91325",,,,,,,,,,,,,,,,,,,,,,
"2017","东山县","东山县","20-12 规模以上工业增加值增速（2017年）","http://tjj.fujian.gov.cn/tongjinianjian/dz2018/cn/html/2012.htm","industrial_va_growth",,,,,,,,,,,,,,,,,,,,,,,,,"8.6","12.8","-14",,
"2017","东山县","东山县","20-4 年末常住人口数（2017年）","http://tjj.fujian.gov.cn/tongjinianjian/dz2018/cn/html/2004.htm","population",,,,,,,,"22.3","12.93","9.37","58",,,,,,,,,,,,,,,,,,
"2017","东山县","东山县","20-17 社会消费品零售总额（2017年）","http://tjj.fujian.gov.cn/tongjinianjian/dz2018/cn/html/2017.htm","retail_sales",,,,,,,,,,,,,,,,,,,,,,,,,,,,"443105","13.7"
"2017","丰泽区","丰泽区","20-10 一般公共预算支出（2017年）","http://tjj.fujian.gov.cn/tongjinianjian/dz2018/cn/html/2010.htm","budget_expenditure",,,,,,,,,,,,,,,,,,,,"226010","24901","56537","4367","6600",,,,,
"2017","丰泽区","丰泽区","20-9 地方一般公共预算收入（2017年）","http://tjj.fujian.gov.cn/tongjinianjian/dz2018/cn/html/2009.htm","budget_revenue",,,,,,,,,,,,,,,,"207122","63057","152","30363",,,,,,,,,,
"2017","丰泽区","丰泽区","20-6 固定资产投资（2017年）","http://tjj.fujian.gov.cn/tongjinianjian/dz2018/cn/html/2006.htm","fixed_asset_investment",,,,,,,,,,,,"222.23","-24.7","111.45","-3.2",,,,,,,,,,,,,,
"2017","丰泽区","丰泽区","20-1 地区生产总值（2017年）","http://tjj.fujian.gov.cn/tongjinianjian/dz2018/cn/html/2001.htm","gdp","590.96","1.24","190.43","399.29","124.62","65.82","102775",,,,,,,,,,,,,,,,,,,,,,
"2017","丰泽区","丰泽区","20-12 规模以上工业增加值增速（2017年）","http://tjj.fujian.gov.cn/tongjinianjian/dz2018/cn/html/2012.htm","industrial_va_growth",,,,,,,,,,,,,,,,,,,,,,,,,"5.4","1.6","9.2",,
"2017","丰泽区","丰泽区","20-4 年末常住人口数（2017年）","http://tjj.fujian.gov.cn/tongjinianjian/dz2018/cn/html/2004.htm","population",,,,,,,,"57.9","57.9",,"100",,,,,,,,,,,,,,,,,,
"2017","丰泽区","丰泽区","20-17 社会消费品零售总额（2017年）","http://tjj.fujian.gov.cn/tongjinianjian/dz2018/cn/html/2017.htm","retail_sales",,,,,,,,,,,,,,,,,,,,,,,,,,,,"2487417","13.2"
"2017","福安市","福安市","20-10 一般公共预算支出（2017年）","http://tjj.fujian.gov.cn/tongjinianjian/dz2018/cn/html/2010.htm","budget_expenditure",,,,,,,,,,,,,,,,,,,,"432587","31059","94873","2438","65985",,,,,
"2017","福安市","福安市","20-9 地方一般公共预算收入（2017年）","http://tjj.fujian.gov.cn/tongjinianjian/dz2018/cn/html/2009.htm","budget_revenue",,,,,,,,,,,,,,,,"206674","101455","29","19407",,,,,,,,,,
"2017","福安市","福安市","20-6 固定资产投资（2017年）","http://tjj.fujian.gov.cn/tongjinianjian/dz2018/cn/html/2006.htm","fixed_asset_investment",,,,,,,,,,,,"231.99","13.3","210.6","32.2",,,,,,,,,,,,,,
"2017","福安市","福安市","20-1 地区生产总值（2017年）","http://tjj.fujian.gov.cn/tongjinianjian/dz2018/cn/html/2001.htm","gdp","414.86","46.36","251.16","117.34","229.36","22.07","72118",,,,,,,,,,,,,,,,,,,,,,
"2017","福安市","福安市","20-12 规模以上工业增加值增速（2017年）","http://tjj.fujian.gov.cn/tongjinianjian/dz2018/cn/html/2012.htm","industrial_va_growth",,,,,,,,,,,,,,,,,,,,,,,,,"6.6","-11.4","7.7",,
"2017","福安市","福安市","20-4 年末常住人口数（2017年）","http://tjj.fujian.gov.cn/tongjinianjian/dz2018/cn/html/2004.htm","population",,,,,,,,"57.6","36.46","21.14","63.3",,,,,,,,,,,,,,,,,,
"2017","福安市","福安市","20-17 社会消费品零售总额（2017年）","http://tjj.fujian.gov.cn/tongjinianjian/dz2018/cn/html/2017.htm","retail_sales",,,,,,,,,,,,,,,,,,,,,,,,,,,,"843366","8.8"
"2017","福鼎市","福鼎市","20-10 一般公共预算支出（2017年）","http://tjj.fujian.gov.cn/tongjinianjian/dz2018/cn/html/2010.htm","budget_expenditure",,,,,,,,,,,,,,,,,,,,"408002","25738","80570","1074","61386",,,,,
"2017","福鼎市","福鼎市","20-9 地方一般公共预算收入（2017年）","http://tjj.fujian.gov.cn/tongjinianjian/dz2018/cn/html/2009.htm","budget_revenue",,,,,,,,,,,,,,,,"176343","48893","209","12120",,,,,,,,,,
"2017","福鼎市","福鼎市","20-6 固定资产投资（2017年）","http://tjj.fujian.gov.cn/tongjinianjian/dz2018/cn/html/2006.htm","fixed_asset_investment",,,,,,,,,,,,"283.8","4","259.18","2.6",,,,,,,,,,,,,,
"2017","福鼎市","福鼎市","20-1 地区生产总值（2017年）","http://tjj.fujian.gov.cn/tongjinianjian/dz2018/cn/html/2001.htm","gdp","347.48","50.51","197.65","99.33","178.49","19.41","64289",,,,,,,,,,,,,,,,,,,,,,
"2017","福鼎市","福鼎市","20-12 规模以上工业增加值增速（2017年）","http://tjj.fujian.gov.cn/tongjinianjian/dz2018/cn/html/2012.htm","industrial_va_growth",,,,,,,,,,,,,,,,,,,,,,,,,"-2.6","1.5","-4.1",,
"2017","福鼎市","福鼎市","20-4 年末常住人口数（2017年）","http://tjj.fujian.gov.cn/tongjinianjian/dz2018/cn/html/2004.htm","population",,,,,,,,"54.1","31.97","22.13","59.1",,,,,,,,,,,,,,,,,,
"2017","福鼎市","福鼎市","20-17 社会消费品零售总额（2017年）","http://tjj.fujian.gov.cn/tongjinianjian/dz2018/cn/html/2017.htm","retail_sales",,,,,,,,,,,,,,,,,,,,,,,,,,,,"1148428","11.4"
"2017","福清市","福清市","20-10 一般公共预算支出（2017年）","http://tjj.fujian.gov.cn/tongjinianjian/dz2018/cn/html/2010.htm","budget_expenditure",,,,,,,,,,,,,,,,,,,,"880935","84791","207434","13631","80005",,,,,
"2017","福清市","福清市","20-9 地方一般公共预算收入（2017年）","http://tjj.fujian.gov.cn/tongjinianjian/dz2018/cn/html/2009.htm","budget_revenue",,,,,,,,,,,,,,,,"623074","166999","384","86927",,,,,,,,,,
"2017","福清市","福清市","20-6 固定资产投资（2017年）","http://tjj.fujian.gov.cn/tongjinianjian/dz2018/cn/html/2006.htm","fixed_asset_investment",,,,,,,,,,,,"1009.52","16.4","845.41","13.2",,,,,,,,,,,,,,
"2017","福清市","福清市","20-1 地区生产总值（2017年）","http://tjj.fujian.gov.cn/tongjinianjian/dz2018/cn/html/2001.htm","gdp","993.41","88.29","508.28","396.84","410.94","97.35","76475",,,,,,,,,,,,,,,,,,,,,,
"2017","福清市","福清市","20-12 规模以上工业增加值增速（2017年）","http://tjj.fujian.gov.cn/tongjinianjian/dz2018/cn/html/2012.htm","industrial_va_growth",,,,,,,,,,,,,,,,,,,,,,,,,"11.1","4.5","11.7",,
"2017","福清市","福清市","20-4 年末常住人口数（2017年）","http://tjj.fujian.gov.cn/tongjinianjian/dz2018/cn/html/2004.htm","population",,,,,,,,"130.5","66.16","64.34","50.7",,,,,,,,,,,,,,,,,,
"2017","福清市","福清市","20-17 社会消费品零售总额（2017年）","http://tjj.fujian.gov.cn/tongjinianjian/dz2018/cn/html/2017.htm","retail_sales",,,,,,,,,,,,,,,,,,,,,,,,,,,,"4274129","14.3"
"2017","古田县","古田县","20-10 一般公共预算支出（2017年）","http://tjj.fujian.gov.cn/tongjinianjian/dz2018/cn/html/2010.htm","budget_expenditure",,,,,,,,,,,,,,,,,,,,"288156","22271","54800","479","39322",,,,,
"2017","古田县","古田县","20-9 地方一般公共预算收入（2017年）","http://tjj.fujian.gov.cn/tongjinianjian/dz2018/cn/html/2009.htm","budget_revenue",,,,,,,,,,,,,,,,"73614","22945","-24","6284",,,,,,,,,,
"2017","古田县","古田县","20-6 固定资产投资（2017年）","http://tjj.fujian.gov.cn/tongjinianjian/dz2018/cn/html/2006.htm","fixed_asset_investment",,,,,,,,,,,,"66.27","-7.8","44.86","-2.6",,,,,,,,,,,,,,
"2017","古田县","古田县","20-1 地区生产总值（2017年）","http://tjj.fujian.gov.cn/tongjinianjian/dz2018/cn/html/2001.htm","gdp","162.98","39.94","56.41","66.63","45.48","10.99","49092",,,,,,,,,,,,,,,,,,,,,,
"2017","古田县","古田县","20-12 规模以上工业增加值增速（2017年）","http://tjj.fujian.gov.cn/tongjinianjian/dz2018/cn/html/2012.htm","industrial_va_growth",,,,,,,,,,,,,,,,,,,,,,,,,"-44.5","-26.3","-58.6",,
"2017","古田县","古田县","20-4 年末常住人口数（2017年）","http://tjj.fujian.gov.cn/tongjinianjian/dz2018/cn/html/2004.htm","population",,,,,,,,"33.3","15.65","17.65","47",,,,,,,,,,,,,,,,,,
"2017","古田县","古田县","20-17 社会消费品零售总额（2017年）","http://tjj.fujian.gov.cn/tongjinianjian/dz2018/cn/html/2017.htm","retail_sales",,,,,,,,,,,,,,,,,,,,,,,,,,,,"724470","10.1"
"2017","鼓楼区","鼓楼区","20-10 一般公共预算支出（2017年）","http://tjj.fujian.gov.cn/tongjinianjian/dz2018/cn/html/2010.htm","budget_expenditure",,,,,,,,,,,,,,,,,,,,"392872","42520","100990","10975","7026",,,,,
"2017","鼓楼区","鼓楼区","20-9 地方一般公共预算收入（2017年）","http://tjj.fujian.gov.cn/tongjinianjian/dz2018/cn/html/2009.htm","budget_revenue",,,,,,,,,,,,,,,,"413965","89813","768","105550",,,,,,,,,,
"2017","鼓楼区","鼓楼区","20-6 固定资产投资（2017年）","http://tjj.fujian.gov.cn/tongjinianjian/dz2018/cn/html/2006.htm","fixed_asset_investment",,,,,,,,,,,,"525.49","14.5","460.11","21.4",,,,,,,,,,,,,,
"2017","鼓楼区","鼓楼区","20-1 地区生产总值（2017年）","http://tjj.fujian.gov.cn/tongjinianjian/dz2018/cn/html/2001.htm","gdp","1433.42",,"229.82","1203.6","65.2","169.88","195957",,,,,,,,,,,,,,,,,,,,,,
"2017","鼓楼区","鼓楼区","20-12 规模以上工业增加值增速（2017年）","http://tjj.fujian.gov.cn/tongjinianjian/dz2018/cn/html/2012.htm","industrial_va_growth",,,,,,,,,,,,,,,,,,,,,,,,,"6.1","8.8","5.5",,
"2017","鼓楼区","鼓楼区","20-4 年末常住人口数（2017年）","http://tjj.fujian.gov.cn/tongjinianjian/dz2018/cn/html/2004.htm","population",,,,,,,,"73.5","73.5",,"100",,,,,,,,,,,,,,,,,,
"2017","鼓楼区","鼓楼区","20-17 社会消费品零售总额（2017年）","http://tjj.fujian.gov.cn/tongjinianjian/dz2018/cn/html/2017.htm","retail_sales",,,,,,,,,,,,,,,,,,,,,,,,,,,,"10676665","8.6"
"2017","光泽县","光泽县","20-10 一般公共预算支出（2017年）","http://tjj.fujian.gov.cn/tongjinianjian/dz2018/cn/html/2010.htm","budget_expenditure",,,,,,,,,,,,,,,,,,,,"174716","11651","26994","519","44972",,,,,
"2017","光泽县","光泽县","20-9 地方一般公共预算收入（2017年）","http://tjj.fujian.gov.cn/tongjinianjian/dz2018/cn/html/2009.htm","budget_revenue",,,,,,,,,,,,,,,,"43285","9032","324","3183",,,,,,,,,,
"2017","光泽县","光泽县","20-6 固定资产投资（2017年）","http://tjj.fujian.gov.cn/tongjinianjian/dz2018/cn/html/2006.htm","fixed_asset_investment",,,,,,,,,,,,"64.47","31.4","57.43","30.6",,,,,,,,,,,,,,
"2017","光泽县","光泽县","20-1 地区生产总值（2017年）","http://tjj.fujian.gov.cn/tongjinianjian/dz2018/cn/html/2001.htm","gdp","91.18","38.95","28.78","23.45","25.66","3.12","67293",,,,,,,,,,,,,,,,,,,,,,
"2017","光泽县","光泽县","20-12 规模以上工业增加值增速（2017年）","http://tjj.fujian.gov.cn/tongjinianjian/dz2018/cn/html/2012.htm","industrial_va_growth",,,,,,,,,,,,,,,,,,,,,,,,,"7.6","9.1","1.5",,
"2017","光泽县","光泽县","20-4 年末常住人口数（2017年）","http://tjj.fujian.gov.cn/tongjinianjian/dz2018/cn/html/2004.htm","population",,,,,,,,"13.6","6.32","7.28","46.5",,,,,,,,,,,,,,,,,,
"2017","光泽县","光泽县","20-17 社会消费品零售总额（2017年）","http://tjj.fujian.gov.cn/tongjinianjian/dz2018/cn/html/2017.htm","retail_sales",,,,,,,,,,,,,,,,,,,,,,,,,,,,"217937","9"
"2017","海沧区","海沧区","20-10 一般公共预算支出（2017年）","http://tjj.fujian.gov.cn/tongjinianjian/dz2018/cn/html/2010.htm","budget_expenditure",,,,,,,,,,,,,,,,,,,,"679123","54384","154168","20052","17449",,,,,
"2017","海沧区","海沧区","20-9 地方一般公共预算收入（2017年）","http://tjj.fujian.gov.cn/tongjinianjian/dz2018/cn/html/2009.htm","budget_revenue",,,,,,,,,,,,,,,,"388345","89591","69","59512",,,,,,,,,,
"2017","海沧区","海沧区","20-6 固定资产投资（2017年）","http://tjj.fujian.gov.cn/tongjinianjian/dz2018/cn/html/2006.htm","fixed_asset_investment",,,,,,,,,,,,"431.45","0.3","275.25","-2.9",,,,,,,,,,,,,,
"2017","海沧区","海沧区","20-1 地区生产总值（2017年）","http://tjj.fujian.gov.cn/tongjinianjian/dz2018/cn/html/2001.htm","gdp","602.28","1.95","358.3","242.03","314.79","43.51","172574",,,,,,,,,,,,,,,,,,,,,,
"2017","海沧区","海沧区","20-12 规模以上工业增加值增速（2017年）","http://tjj.fujian.gov.cn/tongjinianjian/dz2018/cn/html/2012.htm","industrial_va_growth",,,,,,,,,,,,,,,,,,,,,,,,,"5.2","7.9","2.3",,
"2017","海沧区","海沧区","20-4 年末常住人口数（2017年）","http://tjj.fujian.gov.cn/tongjinianjian/dz2018/cn/html/2004.htm","population",,,,,,,,"35.6","32.43","3.17","91.1",,,,,,,,,,,,,,,,,,
"2017","海沧区","海沧区","20-17 社会消费品零售总额（2017年）","http://tjj.fujian.gov.cn/tongjinianjian/dz2018/cn/html/2017.htm","retail_sales",,,,,,,,,,,,,,,,,,,,,,,,,,,,"1492508","-5.2"
"2017","涵江区","涵江区","20-10 一般公共预算支出（2017年）","http://tjj.fujian.gov.cn/tongjinianjian/dz2018/cn/html/2010.htm","budget_expenditure",,,,,,,,,,,,,,,,,,,,"270492","30656","74374","3538","17993",,,,,
"2017","涵江区","涵江区","20-9 地方一般公共预算收入（2017年）","http://tjj.fujian.gov.cn/tongjinianjian/dz2018/cn/html/2009.htm","budget_revenue",,,,,,,,,,,,,,,,"221174","63213","96","33969",,,,,,,,,,
"2017","涵江区","涵江区","20-6 固定资产投资（2017年）","http://tjj.fujian.gov.cn/tongjinianjian/dz2018/cn/html/2006.htm","fixed_asset_investment",,,,,,,,,,,,"485.73","25.3","402.15","23.5",,,,,,,,,,,,,,
"2017","涵江区","涵江区","20-1 地区生产总值（2017年）","http://tjj.fujian.gov.cn/tongjinianjian/dz2018/cn/html/2001.htm","gdp","477.22","13.35","289.97","173.89","261.56","31.04","98092",,,,,,,,,,,,,,,,,,,,,,
"2017","涵江区","涵江区","20-12 规模以上工业增加值增速（2017年）","http://tjj.fujian.gov.cn/tongjinianjian/dz2018/cn/html/2012.htm","industrial_va_growth",,,,,,,,,,,,,,,,,,,,,,,,,"8.2","9.3","5.6",,
"2017","涵江区","涵江区","20-4 年末常住人口数（2017年）","http://tjj.fujian.gov.cn/tongjinianjian/dz2018/cn/html/2004.htm","population",,,,,,,,"48.7","38.28","10.42","78.6",,,,,,,,,,,,,,,,,,
"2017","涵江区","涵江区","20-17 社会消费品零售总额（2017年）","http://tjj.fujian.gov.cn/tongjinianjian/dz2018/cn/html/2017.htm","retail_sales",,,,,,,,,,,,,,,,,,,,,,,,,,,,"1216156","10.3"
"2017","湖里区","湖里区","20-10 一般公共预算支出（2017年）","http://tjj.fujian.gov.cn/tongjinianjian/dz2018/cn/html/2010.htm","budget_expenditure",,,,,,,,,,,,,,,,,,,,"655546","60193","121044","5649","3394",,,,,
"2017","湖里区","湖里区","20-9 地方一般公共预算收入（2017年）","http://tjj.fujian.gov.cn/tongjinianjian/dz2018/cn/html/2009.htm","budget_revenue",,,,,,,,,,,,,,,,"438218","123275","81","102466",,,,,,,,,,
"2017","湖里区","湖里区","20-6 固定资产投资（2017年）","http://tjj.fujian.gov.cn/tongjinianjian/dz2018/cn/html/2006.htm","fixed_asset_investment",,,,,,,,,,,,"359.43","-2.1","308.18","9.7",,,,,,,,,,,,,,
"2017","湖里区","湖里区","20-1 地区生产总值（2017年）","http://tjj.fujian.gov.cn/tongjinianjian/dz2018/cn/html/2001.htm","gdp","956.25",,"408.56","547.7","378.19","50.61","92976",,,,,,,,,,,,,,,,,,,,,,
"2017","湖里区","湖里区","20-12 规模以上工业增加值增速（2017年）","http://tjj.fujian.gov.cn/tongjinianjian/dz2018/cn/html/2012.htm","industrial_va_growth",,,,,,,,,,,,,,,,,,,,,,,,,"8.3","2.8","9.5",,
"2017","湖里区","湖里区","20-4 年末常住人口数（2017年）","http://tjj.fujian.gov.cn/tongjinianjian/dz2018/cn/html/2004.htm","population",,,,,,,,"103.3","103.3",,"100",,,,,,,,,,,,,,,,,,
"2017","湖里区","湖里区","20-17 社会消费品零售总额（2017年）","http://tjj.fujian.gov.cn/tongjinianjian/dz2018/cn/html/2017.htm","retail_sales",,,,,,,,,,,,,,,,,,,,,,,,,,,,"3644176","-0.4"
"2017","华安县","华安县","20-10 一般公共预算支出（2017年）","http://tjj.fujian.gov.cn/tongjinianjian/dz2018/cn/html/2010.htm","budget_expenditure",,,,,,,,,,,,,,,,,,,,"173924","15455","25098","937","21482",,,,,
"2017","华安县","华安县","20-9 地方一般公共预算收入（2017年）","http://tjj.fujian.gov.cn/tongjinianjian/dz2018/cn/html/2009.htm","budget_revenue",,,,,,,,,,,,,,,,"45966","20490","2","2707",,,,,,,,,,
"2017","华安县","华安县","20-6 固定资产投资（2017年）","http://tjj.fujian.gov.cn/tongjinianjian/dz2018/cn/html/2006.htm","fixed_asset_investment",,,,,,,,,,,,"125.7","25.1","125","29.7",,,,,,,,,,,,,,
"2017","华安县","华安县","20-1 地区生产总值（2017年）","http://tjj.fujian.gov.cn/tongjinianjian/dz2018/cn/html/2001.htm","gdp","131.48","27.23","70.67","33.59","59.39","11.28","79662",,,,,,,,,,,,,,,,,,,,,,
"2017","华安县","华安县","20-12 规模以上工业增加值增速（2017年）","http://tjj.fujian.gov.cn/tongjinianjian/dz2018/cn/html/2012.htm","industrial_va_growth",,,,,,,,,,,,,,,,,,,,,,,,,"9.7","12","8.2",,
"2017","华安县","华安县","20-4 年末常住人口数（2017年）","http://tjj.fujian.gov.cn/tongjinianjian/dz2018/cn/html/2004.htm","population",,,,,,,,"16.6","8.7","7.9","52.4",,,,,,,,,,,,,,,,,,
"2017","华安县","华安县","20-17 社会消费品零售总额（2017年）","http://tjj.fujian.gov.cn/tongjinianjian/dz2018/cn/html/2017.htm","retail_sales",,,,,,,,,,,,,,,,,,,,,,,,,,,,"295478","13.1"
"2017","惠安县","惠安县","20-10 一般公共预算支出（2017年）","http://tjj.fujian.gov.cn/tongjinianjian/dz2018/cn/html/2010.htm","budget_expenditure",,,,,,,,,,,,,,,,,,,,"540869","35158","132912","10500","59974",,,,,
"2017","惠安县","惠安县","20-9 地方一般公共预算收入（2017年）","http://tjj.fujian.gov.cn/tongjinianjian/dz2018/cn/html/2009.htm","budget_revenue",,,,,,,,,,,,,,,,"352939","146668","134","71381",,,,,,,,,,
"2017","惠安县","惠安县","20-6 固定资产投资（2017年）","http://tjj.fujian.gov.cn/tongjinianjian/dz2018/cn/html/2006.htm","fixed_asset_investment",,,,,,,,,,,,"523.44","6.8","447.68","4.3",,,,,,,,,,,,,,
"2017","惠安县","惠安县","20-1 地区生产总值（2017年）","http://tjj.fujian.gov.cn/tongjinianjian/dz2018/cn/html/2001.htm","gdp","949.31","29.6","644.9","274.81","559.61","85.32","94177",,,,,,,,,,,,,,,,,,,,,,
"2017","惠安县","惠安县","20-12 规模以上工业增加值增速（2017年）","http://tjj.fujian.gov.cn/tongjinianjian/dz2018/cn/html/2012.htm","industrial_va_growth",,,,,,,,,,,,,,,,,,,,,,,,,"9.2","14.6","3.6",,
"2017","惠安县","惠安县","20-4 年末常住人口数（2017年）","http://tjj.fujian.gov.cn/tongjinianjian/dz2018/cn/html/2004.htm","population",,,,,,,,"101.3","58.55","42.75","57.8",,,,,,,,,,,,,,,,,,
"2017","惠安县","惠安县","20-17 社会消费品零售总额（2017年）","http://tjj.fujian.gov.cn/tongjinianjian/dz2018/cn/html/2017.htm","retail_sales",,,,,,,,,,,,,,,,,,,,,,,,,,,,"2737609","8.8"
"2017","集美区","集美区","20-10 一般公共预算支出（2017年）","http://tjj.fujian.gov.cn/tongjinianjian/dz2018/cn/html/2010.htm","budget_expenditure",,,,,,,,,,,,,,,,,,,,"564315","44840","159549","21457","41211",,,,,
"2017","集美区","集美区","20-9 地方一般公共预算收入（2017年）","http://tjj.fujian.gov.cn/tongjinianjian/dz2018/cn/html/2009.htm","budget_revenue",,,,,,,,,,,,,,,,"312708","76991","38","58491",,,,,,,,,,
"2017","集美区","集美区","20-6 固定资产投资（2017年）","http://tjj.fujian.gov.cn/tongjinianjian/dz2018/cn/html/2006.htm","fixed_asset_investment",,,,,,,,,,,,"375.53","-0.6","206.93","16.2",,,,,,,,,,,,,,
"2017","集美区","集美区","20-1 地区生产总值（2017年）","http://tjj.fujian.gov.cn/tongjinianjian/dz2018/cn/html/2001.htm","gdp","618.51","2.34","299.41","316.76","250.05","49.36","93008",,,,,,,,,,,,,,,,,,,,,,
"2017","集美区","集美区","20-12 规模以上工业增加值增速（2017年）","http://tjj.fujian.gov.cn/tongjinianjian/dz2018/cn/html/2012.htm","industrial_va_growth",,,,,,,,,,,,,,,,,,,,,,,,,"9.3","3.6","11.9",,
"2017","集美区","集美区","20-4 年末常住人口数（2017年）","http://tjj.fujian.gov.cn/tongjinianjian/dz2018/cn/html/2004.htm","population",,,,,,,,"67.4","58.84","8.56","87.3",,,,,,,,,,,,,,,,,,
"2017","集美区","集美区","20-17 社会消费品零售总额（2017年）","http://tjj.fujian.gov.cn/tongjinianjian/dz2018/cn/html/2017.htm","retail_sales",,,,,,,,,,,,,,,,,,,,,,,,,,,,"1293929","13.2"
"2017","建宁县","建宁县","20-10 一般公共预算支出（2017年）","http://tjj.fujian.gov.cn/tongjinianjian/dz2018/cn/html/2010.htm","budget_expenditure",,,,,,,,,,,,,,,,,,,,"186882","13348","24894","1758","34871",,,,,
"2017","建宁县","建宁县","20-9 地方一般公共预算收入（2017年）","http://tjj.fujian.gov.cn/tongjinianjian/dz2018/cn/html/2009.htm","budget_revenue",,,,,,,,,,,,,,,,"31813","6192",,"2407",,,,,,,,,,
"2017","建宁县","建宁县","20-6 固定资产投资（2017年）","http://tjj.fujian.gov.cn/tongjinianjian/dz2018/cn/html/2006.htm","fixed_asset_investment",,,,,,,,,,,,"131.52","17.4","129.07","17.9",,,,,,,,,,,,,,
"2017","建宁县","建宁县","20-1 地区生产总值（2017年）","http://tjj.fujian.gov.cn/tongjinianjian/dz2018/cn/html/2001.htm","gdp","95.31","15.15","48.67","31.49","25.49","23.18","77645",,,,,,,,,,,,,,,,,,,,,,
"2017","建宁县","建宁县","20-12 规模以上工业增加值增速（2017年）","http://tjj.fujian.gov.cn/tongjinianjian/dz2018/cn/html/2012.htm","industrial_va_growth",,,,,,,,,,,,,,,,,,,,,,,,,"8.5","8.2","8.9",,
"2017","建宁县","建宁县","20-4 年末常住人口数（2017年）","http://tjj.fujian.gov.cn/tongjinianjian/dz2018/cn/html/2004.htm","population",,,,,,,,"12.3","5.46","6.84","44.4",,,,,,,,,,,,,,,,,,
"2017","建宁县","建宁县","20-17 社会消费品零售总额（2017年）","http://tjj.fujian.gov.cn/tongjinianjian/dz2018/cn/html/2017.htm","retail_sales",,,,,,,,,,,,,,,,,,,,,,,,,,,,"241212","11.8"
"2017","建瓯市","建瓯市","20-10 一般公共预算支出（2017年）","http://tjj.fujian.gov.cn/tongjinianjian/dz2018/cn/html/2010.htm","budget_expenditure",,,,,,,,,,,,,,,,,,,,"323013","17310","62801","10368","45913",,,,,
"2017","建瓯市","建瓯市","20-9 地方一般公共预算收入（2017年）","http://tjj.fujian.gov.cn/tongjinianjian/dz2018/cn/html/2009.htm","budget_revenue",,,,,,,,,,,,,,,,"83040","23434","402","4949",,,,,,,,,,
"2017","建瓯市","建瓯市","20-6 固定资产投资（2017年）","http://tjj.fujian.gov.cn/tongjinianjian/dz2018/cn/html/2006.htm","fixed_asset_investment",,,,,,,,,,,,"313.95","19.7","295.51","19.5",,,,,,,,,,,,,,
"2017","建瓯市","建瓯市","20-1 地区生产总值（2017年）","http://tjj.fujian.gov.cn/tongjinianjian/dz2018/cn/html/2001.htm","gdp","237.2","44.33","97.06","95.81","71.83","25.23","52247",,,,,,,,,,,,,,,,,,,,,,
"2017","建瓯市","建瓯市","20-12 规模以上工业增加值增速（2017年）","http://tjj.fujian.gov.cn/tongjinianjian/dz2018/cn/html/2012.htm","industrial_va_growth",,,,,,,,,,,,,,,,,,,,,,,,,"7.9","9.6","5.6",,
"2017","建瓯市","建瓯市","20-4 年末常住人口数（2017年）","http://tjj.fujian.gov.cn/tongjinianjian/dz2018/cn/html/2004.htm","population",,,,,,,,"45.5","22.98","22.52","50.5",,,,,,,,,,,,,,,,,,
"2017","建瓯市","建瓯市","20-17 社会消费品零售总额（2017年）","http://tjj.fujian.gov.cn/tongjinianjian/dz2018/cn/html/2017.htm","retail_sales",,,,,,,,,,,,,,,,,,,,,,,,,,,,"860650","13.1"
"2017","建阳市","建阳区","20-10 一般公共预算支出（2017年）","http://tjj.fujian.gov.cn/tongjinianjian/dz2018/cn/html/2010.htm","budget_expenditure",,,,,,,,,,,,,,,,,,,,"293976","19626","57920","2454","48601",,,,,
"2017","建阳市","建阳区","20-9 地方一般公共预算收入（2017年）","http://tjj.fujian.gov.cn/tongjinianjian/dz2018/cn/html/2009.htm","budget_revenue",,,,,,,,,,,,,,,,"117092","25515","142","8242",,,,,,,,,,
"2017","建阳市","建阳区","20-6 固定资产投资（2017年）","http://tjj.fujian.gov.cn/tongjinianjian/dz2018/cn/html/2006.htm","fixed_asset_investment",,,,,,,,,,,,"344.17","24.8","292.67","30.4",,,,,,,,,,,,,,
"2017","建阳市","建阳区","20-1 地区生产总值（2017年）","http://tjj.fujian.gov.cn/tongjinianjian/dz2018/cn/html/2001.htm","gdp","186.92","34.46","91.22","61.24","75.6","15.61","59434",,,,,,,,,,,,,,,,,,,,,,
"2017","建阳市","建阳区","20-12 规模以上工业增加值增速（2017年）","http://tjj.fujian.gov.cn/tongjinianjian/dz2018/cn/html/2012.htm","industrial_va_growth",,,,,,,,,,,,,,,,,,,,,,,,,"6.8","8.8","4.2",,
"2017","建阳市","建阳区","20-4 年末常住人口数（2017年）","http://tjj.fujian.gov.cn/tongjinianjian/dz2018/cn/html/2004.htm","population",,,,,,,,"31.7","18.16","13.54","57.3",,,,,,,,,,,,,,,,,,
"2017","建阳市","建阳区","20-17 社会消费品零售总额（2017年）","http://tjj.fujian.gov.cn/tongjinianjian/dz2018/cn/html/2017.htm","retail_sales",,,,,,,,,,,,,,,,,,,,,,,,,,,,"601638","12.4"
"2017","将乐县","将乐县","20-10 一般公共预算支出（2017年）","http://tjj.fujian.gov.cn/tongjinianjian/dz2018/cn/html/2010.htm","budget_expenditure",,,,,,,,,,,,,,,,,,,,"206007","23477","39069","5042","34242",,,,,
"2017","将乐县","将乐县","20-9 地方一般公共预算收入（2017年）","http://tjj.fujian.gov.cn/tongjinianjian/dz2018/cn/html/2009.htm","budget_revenue",,,,,,,,,,,,,,,,"64493","14071","165","2754",,,,,,,,,,
"2017","将乐县","将乐县","20-6 固定资产投资（2017年）","http://tjj.fujian.gov.cn/tongjinianjian/dz2018/cn/html/2006.htm","fixed_asset_investment",,,,,,,,,,,,"142.99","16.8","132.76","18.3",,,,,,,,,,,,,,
"2017","将乐县","将乐县","20-1 地区生产总值（2017年）","http://tjj.fujian.gov.cn/tongjinianjian/dz2018/cn/html/2001.htm","gdp","121.22","16.11","66.46","38.65","48.16","18.3","79961",,,,,,,,,,,,,,,,,,,,,,
"2017","将乐县","将乐县","20-12 规模以上工业增加值增速（2017年）","http://tjj.fujian.gov.cn/tongjinianjian/dz2018/cn/html/2012.htm","industrial_va_growth",,,,,,,,,,,,,,,,,,,,,,,,,"8.7","25","1.3",,
"2017","将乐县","将乐县","20-4 年末常住人口数（2017年）","http://tjj.fujian.gov.cn/tongjinianjian/dz2018/cn/html/2004.htm","population",,,,,,,,"15.2","8.33","6.87","54.8",,,,,,,,,,,,,,,,,,
"2017","将乐县","将乐县","20-17 社会消费品零售总额（2017年）","http://tjj.fujian.gov.cn/tongjinianjian/dz2018/cn/html/2017.htm","retail_sales",,,,,,,,,,,,,,,,,,,,,,,,,,,,"252576","11.7"
"2017","蕉城区","蕉城区","20-10 一般公共预算支出（2017年）","http://tjj.fujian.gov.cn/tongjinianjian/dz2018/cn/html/2010.htm","budget_expenditure",,,,,,,,,,,,,,,,,,,,"326152","33913","67998","715","42811",,,,,
"2017","蕉城区","蕉城区","20-9 地方一般公共预算收入（2017年）","http://tjj.fujian.gov.cn/tongjinianjian/dz2018/cn/html/2009.htm","budget_revenue",,,,,,,,,,,,,,,,"141850","49073","207","27739",,,,,,,,,,
"2017","蕉城区","蕉城区","20-6 固定资产投资（2017年）","http://tjj.fujian.gov.cn/tongjinianjian/dz2018/cn/html/2006.htm","fixed_asset_investment",,,,,,,,,,,,"328.65","10.8","267.91","11",,,,,,,,,,,,,,
"2017","蕉城区","蕉城区","20-1 地区生产总值（2017年）","http://tjj.fujian.gov.cn/tongjinianjian/dz2018/cn/html/2001.htm","gdp","390.61","38.71","199.86","152.03","144.18","55.82","87385",,,,,,,,,,,,,,,,,,,,,,
"2017","蕉城区","蕉城区","20-12 规模以上工业增加值增速（2017年）","http://tjj.fujian.gov.cn/tongjinianjian/dz2018/cn/html/2012.htm","industrial_va_growth",,,,,,,,,,,,,,,,,,,,,,,,,"23.1","33.9","-9.2",,
"2017","蕉城区","蕉城区","20-4 年末常住人口数（2017年）","http://tjj.fujian.gov.cn/tongjinianjian/dz2018/cn/html/2004.htm","population",,,,,,,,"44.8","28.9","15.9","64.5",,,,,,,,,,,,,,,,,,
"2017","蕉城区","蕉城区","20-17 社会消费品零售总额（2017年）","http://tjj.fujian.gov.cn/tongjinianjian/dz2018/cn/html/2017.htm","retail_sales",,,,,,,,,,,,,,,,,,,,,,,,,,,,"1367272","12.4"
"2017","晋安区","晋安区","20-10 一般公共预算支出（2017年）","http://tjj.fujian.gov.cn/tongjinianjian/dz2018/cn/html/2010.htm","budget_expenditure",,,,,,,,,,,,,,,,,,,,"343262","29122","59076","3302","13550",,,,,
"2017","晋安区","晋安区","20-9 地方一般公共预算收入（2017年）","http://tjj.fujian.gov.cn/tongjinianjian/dz2018/cn/html/2009.htm","budget_revenue",,,,,,,,,,,,,,,,"281456","64933","94","49021",,,,,,,,,,
"2017","晋安区","晋安区","20-6 固定资产投资（2017年）","http://tjj.fujian.gov.cn/tongjinianjian/dz2018/cn/html/2006.htm","fixed_asset_investment",,,,,,,,,,,,"659.89","17.7","407.15","16.9",,,,,,,,,,,,,,
"2017","晋安区","晋安区","20-1 地区生产总值（2017年）","http://tjj.fujian.gov.cn/tongjinianjian/dz2018/cn/html/2001.htm","gdp","642.62","5.32","213.94","423.36","137.23","77.22","74680",,,,,,,,,,,,,,,,,,,,,,
"2017","晋安区","晋安区","20-12 规模以上工业增加值增速（2017年）","http://tjj.fujian.gov.cn/tongjinianjian/dz2018/cn/html/2012.htm","industrial_va_growth",,,,,,,,,,,,,,,,,,,,,,,,,"7.9","10","5.6",,
"2017","晋安区","晋安区","20-4 年末常住人口数（2017年）","http://tjj.fujian.gov.cn/tongjinianjian/dz2018/cn/html/2004.htm","population",,,,,,,,"86.6","86.17","0.43","99.5",,,,,,,,,,,,,,,,,,
"2017","晋安区","晋安区","20-17 社会消费品零售总额（2017年）","http://tjj.fujian.gov.cn/tongjinianjian/dz2018/cn/html/2017.htm","retail_sales",,,,,,,,,,,,,,,,,,,,,,,,,,,,"7200933","12"
"2017","晋江市","晋江市","20-10 一般公共预算支出（2017年）","http://tjj.fujian.gov.cn/tongjinianjian/dz2018/cn/html/2010.htm","budget_expenditure",,,,,,,,,,,,,,,,,,,,"1458274","75646","288511","35900","140961",,,,,
"2017","晋江市","晋江市","20-9 地方一般公共预算收入（2017年）","http://tjj.fujian.gov.cn/tongjinianjian/dz2018/cn/html/2009.htm","budget_revenue",,,,,,,,,,,,,,,,"1267697","457512","-96","182394",,,,,,,,,,
"2017","晋江市","晋江市","20-6 固定资产投资（2017年）","http://tjj.fujian.gov.cn/tongjinianjian/dz2018/cn/html/2006.htm","fixed_asset_investment",,,,,,,,,,,,"1028.86","12.5","863.8","20",,,,,,,,,,,,,,
"2017","晋江市","晋江市","20-1 地区生产总值（2017年）","http://tjj.fujian.gov.cn/tongjinianjian/dz2018/cn/html/2001.htm","gdp","1981.5","19.88","1195.33","766.29","1123.36","74.06","94470",,,,,,,,,,,,,,,,,,,,,,
"2017","晋江市","晋江市","20-12 规模以上工业增加值增速（2017年）","http://tjj.fujian.gov.cn/tongjinianjian/dz2018/cn/html/2012.htm","industrial_va_growth",,,,,,,,,,,,,,,,,,,,,,,,,"7.3","6.6","10.1",,
"2017","晋江市","晋江市","20-4 年末常住人口数（2017年）","http://tjj.fujian.gov.cn/tongjinianjian/dz2018/cn/html/2004.htm","population",,,,,,,,"210.3","139.01","71.29","66.1",,,,,,,,,,,,,,,,,,
"2017","晋江市","晋江市","20-17 社会消费品零售总额（2017年）","http://tjj.fujian.gov.cn/tongjinianjian/dz2018/cn/html/2017.htm","retail_sales",,,,,,,,,,,,,,,,,,,,,,,,,,,,"6672800","12.3"
"2017","鲤城区","鲤城区","20-10 一般公共预算支出（2017年）","http://tjj.fujian.gov.cn/tongjinianjian/dz2018/cn/html/2010.htm","budget_expenditure",,,,,,,,,,,,,,,,,,,,"127210","12210","40636","2919","2101",,,,,
"2017","鲤城区","鲤城区","20-9 地方一般公共预算收入（2017年）","http://tjj.fujian.gov.cn/tongjinianjian/dz2018/cn/html/2009.htm","budget_revenue",,,,,,,,,,,,,,,,"104270","42735","130","18416",,,,,,,,,,
"2017","鲤城区","鲤城区","20-6 固定资产投资（2017年）","http://tjj.fujian.gov.cn/tongjinianjian/dz2018/cn/html/2006.htm","fixed_asset_investment",,,,,,,,,,,,"156.87","8.1","112.91","-0.7",,,,,,,,,,,,,,
"2017","鲤城区","鲤城区","20-1 地区生产总值（2017年）","http://tjj.fujian.gov.cn/tongjinianjian/dz2018/cn/html/2001.htm","gdp","464.96","0.12","266.25","198.59","244.98","21.42","106582",,,,,,,,,,,,,,,,,,,,,,
"2017","鲤城区","鲤城区","20-12 规模以上工业增加值增速（2017年）","http://tjj.fujian.gov.cn/tongjinianjian/dz2018/cn/html/2012.htm","industrial_va_growth",,,,,,,,,,,,,,,,,,,,,,,,,"7.5","6.6","12.7",,
"2017","鲤城区","鲤城区","20-4 年末常住人口数（2017年）","http://tjj.fujian.gov.cn/tongjinianjian/dz2018/cn/html/2004.htm","population",,,,,,,,"43.9","43.9",,"100",,,,,,,,,,,,,,,,,,
"2017","鲤城区","鲤城区","20-17 社会消费品零售总额（2017年）","http://tjj.fujian.gov.cn/tongjinianjian/dz2018/cn/html/2017.htm","retail_sales",,,,,,,,,,,,,,,,,,,,,,,,,,,,"4172850","12.1"
"2017","荔城区","荔城区","20-10 一般公共预算支出（2017年）","http://tjj.fujian.gov.cn/tongjinianjian/dz2018/cn/html/2010.htm","budget_expenditure",,,,,,,,,,,,,,,,,,,,"304208","22588","89671","10325","22763",,,,,
"2017","荔城区","荔城区","20-9 地方一般公共预算收入（2017年）","http://tjj.fujian.gov.cn/tongjinianjian/dz2018/cn/html/2009.htm","budget_revenue",,,,,,,,,,,,,,,,"247326","74921","1561","37773",,,,,,,,,,
"2017","荔城区","荔城区","20-6 固定资产投资（2017年）","http://tjj.fujian.gov.cn/tongjinianjian/dz2018/cn/html/2006.htm","fixed_asset_investment",,,,,,,,,,,,"362.41","22","243.96","28.2",,,,,,,,,,,,,,
"2017","荔城区","荔城区","20-1 地区生产总值（2017年）","http://tjj.fujian.gov.cn/tongjinianjian/dz2018/cn/html/2001.htm","gdp","408.79","14.75","239.23","154.8","195.76","45.21","78313",,,,,,,,,,,,,,,,,,,,,,
"2017","荔城区","荔城区","20-12 规模以上工业增加值增速（2017年）","http://tjj.fujian.gov.cn/tongjinianjian/dz2018/cn/html/2012.htm","industrial_va_growth",,,,,,,,,,,,,,,,,,,,,,,,,"8.1","8.4","6.1",,
"2017","荔城区","荔城区","20-4 年末常住人口数（2017年）","http://tjj.fujian.gov.cn/tongjinianjian/dz2018/cn/html/2004.htm","population",,,,,,,,"52.3","37.97","14.33","72.6",,,,,,,,,,,,,,,,,,
"2017","荔城区","荔城区","20-17 社会消费品零售总额（2017年）","http://tjj.fujian.gov.cn/tongjinianjian/dz2018/cn/html/2017.htm","retail_sales",,,,,,,,,,,,,,,,,,,,,,,,,,,,"1886981","12.5"
"2017","连城县","连城县","20-10 一般公共预算支出（2017年）","http://tjj.fujian.gov.cn/tongjinianjian/dz2018/cn/html/2010.htm","budget_expenditure",,,,,,,,,,,,,,,,,,,,"258712","19469","56169","3202","51325",,,,,
"2017","连城县","连城县","20-9 地方一般公共预算收入（2017年）","http://tjj.fujian.gov.cn/tongjinianjian/dz2018/cn/html/2009.htm","budget_revenue",,,,,,,,,,,,,,,,"47794","14535","29","5603",,,,,,,,,,
"2017","连城县","连城县","20-6 固定资产投资（2017年）","http://tjj.fujian.gov.cn/tongjinianjian/dz2018/cn/html/2006.htm","fixed_asset_investment",,,,,,,,,,,,"263.09","19.5","251.38","22.1",,,,,,,,,,,,,,
"2017","连城县","连城县","20-1 地区生产总值（2017年）","http://tjj.fujian.gov.cn/tongjinianjian/dz2018/cn/html/2001.htm","gdp","183.36","31.17","75.82","76.36","63.88","11.94","74235",,,,,,,,,,,,,,,,,,,,,,
"2017","连城县","连城县","20-12 规模以上工业增加值增速（2017年）","http://tjj.fujian.gov.cn/tongjinianjian/dz2018/cn/html/2012.htm","industrial_va_growth",,,,,,,,,,,,,,,,,,,,,,,,,"9.5","8.9","10.8",,
"2017","连城县","连城县","20-4 年末常住人口数（2017年）","http://tjj.fujian.gov.cn/tongjinianjian/dz2018/cn/html/2004.htm","population",,,,,,,,"24.7","11.76","12.94","47.6",,,,,,,,,,,,,,,,,,
"2017","连城县","连城县","20-17 社会消费品零售总额（2017年）","http://tjj.fujian.gov.cn/tongjinianjian/dz2018/cn/html/2017.htm","retail_sales",,,,,,,,,,,,,,,,,,,,,,,,,,,,"603301","13.9"
"2017","连江县","连江县","20-10 一般公共预算支出（2017年）","http://tjj.fujian.gov.cn/tongjinianjian/dz2018/cn/html/2010.htm","budget_expenditure",,,,,,,,,,,,,,,,,,,,"653191","50110","150805","4258","101286",,,,,
"2017","连江县","连江县","20-9 地方一般公共预算收入（2017年）","http://tjj.fujian.gov.cn/tongjinianjian/dz2018/cn/html/2009.htm","budget_revenue",,,,,,,,,,,,,,,,"315343","75045","19","37251",,,,,,,,,,
"2017","连江县","连江县","20-6 固定资产投资（2017年）","http://tjj.fujian.gov.cn/tongjinianjian/dz2018/cn/html/2006.htm","fixed_asset_investment",,,,,,,,,,,,"441.96","-6.8","377.1","-3.7",,,,,,,,,,,,,,
"2017","连江县","连江县","20-1 地区生产总值（2017年）","http://tjj.fujian.gov.cn/tongjinianjian/dz2018/cn/html/2001.htm","gdp","430.36","127.19","186.44","116.73","166.67","20.35","73566",,,,,,,,,,,,,,,,,,,,,,
"2017","连江县","连江县","20-12 规模以上工业增加值增速（2017年）","http://tjj.fujian.gov.cn/tongjinianjian/dz2018/cn/html/2012.htm","industrial_va_growth",,,,,,,,,,,,,,,,,,,,,,,,,"7.2","8.4","6",,
"2017","连江县","连江县","20-4 年末常住人口数（2017年）","http://tjj.fujian.gov.cn/tongjinianjian/dz2018/cn/html/2004.htm","population",,,,,,,,"58.8","27.11","31.69","46.1",,,,,,,,,,,,,,,,,,
"2017","连江县","连江县","20-17 社会消费品零售总额（2017年）","http://tjj.fujian.gov.cn/tongjinianjian/dz2018/cn/html/2017.htm","retail_sales",,,,,,,,,,,,,,,,,,,,,,,,,,,,"1565511","14.5"
"2017","龙海市","龙海市","20-10 一般公共预算支出（2017年）","http://tjj.fujian.gov.cn/tongjinianjian/dz2018/cn/html/2010.htm","budget_expenditure",,,,,,,,,,,,,,,,,,,,"470071","42894","85850","2042","63585",,,,,
"2017","龙海市","龙海市","20-9 地方一般公共预算收入（2017年）","http://tjj.fujian.gov.cn/tongjinianjian/dz2018/cn/html/2009.htm","budget_revenue",,,,,,,,,,,,,,,,"225806","61649","439","25103",,,,,,,,,,
"2017","龙海市","龙海市","20-6 固定资产投资（2017年）","http://tjj.fujian.gov.cn/tongjinianjian/dz2018/cn/html/2006.htm","fixed_asset_investment",,,,,,,,,,,,"638.11","11.7","454.89","6.3",,,,,,,,,,,,,,
"2017","龙海市","龙海市","20-1 地区生产总值（2017年）","http://tjj.fujian.gov.cn/tongjinianjian/dz2018/cn/html/2001.htm","gdp","822.61","66.78","456.94","298.89","377.46","79.48","87118",,,,,,,,,,,,,,,,,,,,,,
"2017","龙海市","龙海市","20-12 规模以上工业增加值增速（2017年）","http://tjj.fujian.gov.cn/tongjinianjian/dz2018/cn/html/2012.htm","industrial_va_growth",,,,,,,,,,,,,,,,,,,,,,,,,"7.9","6.3","10.6",,
"2017","龙海市","龙海市","20-4 年末常住人口数（2017年）","http://tjj.fujian.gov.cn/tongjinianjian/dz2018/cn/html/2004.htm","population",,,,,,,,"94.9","55.23","39.67","58.2",,,,,,,,,,,,,,,,,,
"2017","龙海市","龙海市","20-17 社会消费品零售总额（2017年）","http://tjj.fujian.gov.cn/tongjinianjian/dz2018/cn/html/2017.htm","retail_sales",,,,,,,,,,,,,,,,,,,,,,,,,,,,"1411108","10.8"
"2017","龙文区","龙文区","20-10 一般公共预算支出（2017年）","http://tjj.fujian.gov.cn/tongjinianjian/dz2018/cn/html/2010.htm","budget_expenditure",,,,,,,,,,,,,,,,,,,,"174660","17390","30347","4634","8364",,,,,
"2017","龙文区","龙文区","20-9 地方一般公共预算收入（2017年）","http://tjj.fujian.gov.cn/tongjinianjian/dz2018/cn/html/2009.htm","budget_revenue",,,,,,,,,,,,,,,,"93265","31116","115","17102",,,,,,,,,,
"2017","龙文区","龙文区","20-6 固定资产投资（2017年）","http://tjj.fujian.gov.cn/tongjinianjian/dz2018/cn/html/2006.htm","fixed_asset_investment",,,,,,,,,,,,"261.25","7.5","127.68","-4.7",,,,,,,,,,,,,,
"2017","龙文区","龙文区","20-1 地区生产总值（2017年）","http://tjj.fujian.gov.cn/tongjinianjian/dz2018/cn/html/2001.htm","gdp","222.38","6.27","113.07","103.05","86.38","26.69","115825",,,,,,,,,,,,,,,,,,,,,,
"2017","龙文区","龙文区","20-12 规模以上工业增加值增速（2017年）","http://tjj.fujian.gov.cn/tongjinianjian/dz2018/cn/html/2012.htm","industrial_va_growth",,,,,,,,,,,,,,,,,,,,,,,,,"9.2","11.4","6.2",,
"2017","龙文区","龙文区","20-4 年末常住人口数（2017年）","http://tjj.fujian.gov.cn/tongjinianjian/dz2018/cn/html/2004.htm","population",,,,,,,,"19.3","17.18","2.12","89",,,,,,,,,,,,,,,,,,
"2017","龙文区","龙文区","20-17 社会消费品零售总额（2017年）","http://tjj.fujian.gov.cn/tongjinianjian/dz2018/cn/html/2017.htm","retail_sales",,,,,,,,,,,,,,,,,,,,,,,,,,,,"1338933","15.1"
"2017","罗源县","罗源县","20-10 一般公共预算支出（2017年）","http://tjj.fujian.gov.cn/tongjinianjian/dz2018/cn/html/2010.htm","budget_expenditure",,,,,,,,,,,,,,,,,,,,"317661","27414","39608","837","72353",,,,,
"2017","罗源县","罗源县","20-9 地方一般公共预算收入（2017年）","http://tjj.fujian.gov.cn/tongjinianjian/dz2018/cn/html/2009.htm","budget_revenue",,,,,,,,,,,,,,,,"127210","56821","176","11823",,,,,,,,,,
"2017","罗源县","罗源县","20-6 固定资产投资（2017年）","http://tjj.fujian.gov.cn/tongjinianjian/dz2018/cn/html/2006.htm","fixed_asset_investment",,,,,,,,,,,,"167.64","21.6","158.65","21.4",,,,,,,,,,,,,,
"2017","罗源县","罗源县","20-1 地区生产总值（2017年）","http://tjj.fujian.gov.cn/tongjinianjian/dz2018/cn/html/2001.htm","gdp","224.22","40.11","134.62","49.49","126.6","8.37","106769",,,,,,,,,,,,,,,,,,,,,,
"2017","罗源县","罗源县","20-12 规模以上工业增加值增速（2017年）","http://tjj.fujian.gov.cn/tongjinianjian/dz2018/cn/html/2012.htm","industrial_va_growth",,,,,,,,,,,,,,,,,,,,,,,,,"7.8","10.7","7",,
"2017","罗源县","罗源县","20-4 年末常住人口数（2017年）","http://tjj.fujian.gov.cn/tongjinianjian/dz2018/cn/html/2004.htm","population",,,,,,,,"21.1","9.6","11.5","45.5",,,,,,,,,,,,,,,,,,
"2017","罗源县","罗源县","20-17 社会消费品零售总额（2017年）","http://tjj.fujian.gov.cn/tongjinianjian/dz2018/cn/html/2017.htm","retail_sales",,,,,,,,,,,,,,,,,,,,,,,,,,,,"583209","12.5"
"2017","洛江区","洛江区","20-10 一般公共预算支出（2017年）","http://tjj.fujian.gov.cn/tongjinianjian/dz2018/cn/html/2010.htm","budget_expenditure",,,,,,,,,,,,,,,,,,,,"148118","14447","37228","4218","14443",,,,,
"2017","洛江区","洛江区","20-9 地方一般公共预算收入（2017年）","http://tjj.fujian.gov.cn/tongjinianjian/dz2018/cn/html/2009.htm","budget_revenue",,,,,,,,,,,,,,,,"101520","39145","53","15993",,,,,,,,,,
"2017","洛江区","洛江区","20-6 固定资产投资（2017年）","http://tjj.fujian.gov.cn/tongjinianjian/dz2018/cn/html/2006.htm","fixed_asset_investment",,,,,,,,,,,,"117.23","16.8","84.42","5.5",,,,,,,,,,,,,,
"2017","洛江区","洛江区","20-1 地区生产总值（2017年）","http://tjj.fujian.gov.cn/tongjinianjian/dz2018/cn/html/2001.htm","gdp","175.95","3.66","127.98","44.31","114.84","13.14","82411",,,,,,,,,,,,,,,,,,,,,,
"2017","洛江区","洛江区","20-12 规模以上工业增加值增速（2017年）","http://tjj.fujian.gov.cn/tongjinianjian/dz2018/cn/html/2012.htm","industrial_va_growth",,,,,,,,,,,,,,,,,,,,,,,,,"9.9","8.5","15.4",,
"2017","洛江区","洛江区","20-4 年末常住人口数（2017年）","http://tjj.fujian.gov.cn/tongjinianjian/dz2018/cn/html/2004.htm","population",,,,,,,,"21.5","12.38","9.12","57.6",,,,,,,,,,,,,,,,,,
"2017","洛江区","洛江区","20-17 社会消费品零售总额（2017年）","http://tjj.fujian.gov.cn/tongjinianjian/dz2018/cn/html/2017.htm","retail_sales",,,,,,,,,,,,,,,,,,,,,,,,,,,,"402451","22.3"
"2017","马尾区","马尾区","20-10 一般公共预算支出（2017年）","http://tjj.fujian.gov.cn/tongjinianjian/dz2018/cn/html/2010.htm","budget_expenditure",,,,,,,,,,,,,,,,,,,,"427875","41348","72496","11528","26871",,,,,
"2017","马尾区","马尾区","20-9 地方一般公共预算收入（2017年）","http://tjj.fujian.gov.cn/tongjinianjian/dz2018/cn/html/2009.htm","budget_revenue",,,,,,,,,,,,,,,,"239417","56170","5","35198",,,,,,,,,,
"2017","马尾区","马尾区","20-6 固定资产投资（2017年）","http://tjj.fujian.gov.cn/tongjinianjian/dz2018/cn/html/2006.htm","fixed_asset_investment",,,,,,,,,,,,"353.76","14.2","177.25","13.9",,,,,,,,,,,,,,
"2017","马尾区","马尾区","20-1 地区生产总值（2017年）","http://tjj.fujian.gov.cn/tongjinianjian/dz2018/cn/html/2001.htm","gdp","491.38","4.05","286.35","200.98","262.25","24.9","191199",,,,,,,,,,,,,,,,,,,,,,
"2017","马尾区","马尾区","20-12 规模以上工业增加值增速（2017年）","http://tjj.fujian.gov.cn/tongjinianjian/dz2018/cn/html/2012.htm","industrial_va_growth",,,,,,,,,,,,,,,,,,,,,,,,,"8","8.5","7.6",,
"2017","马尾区","马尾区","20-4 年末常住人口数（2017年）","http://tjj.fujian.gov.cn/tongjinianjian/dz2018/cn/html/2004.htm","population",,,,,,,,"25.9","19.37","6.53","74.8",,,,,,,,,,,,,,,,,,
"2017","马尾区","马尾区","20-17 社会消费品零售总额（2017年）","http://tjj.fujian.gov.cn/tongjinianjian/dz2018/cn/html/2017.htm","retail_sales",,,,,,,,,,,,,,,,,,,,,,,,,,,,"1846096","14.6"
"2017","梅列区","梅列区","20-10 一般公共预算支出（2017年）","http://tjj.fujian.gov.cn/tongjinianjian/dz2018/cn/html/2010.htm","budget_expenditure",,,,,,,,,,,,,,,,,,,,"144656","11389","25456","1964","29321",,,,,
"2017","梅列区","梅列区","20-9 地方一般公共预算收入（2017年）","http://tjj.fujian.gov.cn/tongjinianjian/dz2018/cn/html/2009.htm","budget_revenue",,,,,,,,,,,,,,,,"76561","13813","-13","3387",,,,,,,,,,
"2017","梅列区","梅列区","20-6 固定资产投资（2017年）","http://tjj.fujian.gov.cn/tongjinianjian/dz2018/cn/html/2006.htm","fixed_asset_investment",,,,,,,,,,,,"205.71","18","174.08","22.8",,,,,,,,,,,,,,
"2017","梅列区","梅列区","20-1 地区生产总值（2017年）","http://tjj.fujian.gov.cn/tongjinianjian/dz2018/cn/html/2001.htm","gdp","306.18","4.07","167.58","134.53","153.38","14.2","167588",,,,,,,,,,,,,,,,,,,,,,
"2017","梅列区","梅列区","20-12 规模以上工业增加值增速（2017年）","http://tjj.fujian.gov.cn/tongjinianjian/dz2018/cn/html/2012.htm","industrial_va_growth",,,,,,,,,,,,,,,,,,,,,,,,,"8.3","-5.8","9.4",,
"2017","梅列区","梅列区","20-4 年末常住人口数（2017年）","http://tjj.fujian.gov.cn/tongjinianjian/dz2018/cn/html/2004.htm","population",,,,,,,,"18.4","18.09","0.31","98.3",,,,,,,,,,,,,,,,,,
"2017","梅列区","梅列区","20-17 社会消费品零售总额（2017年）","http://tjj.fujian.gov.cn/tongjinianjian/dz2018/cn/html/2017.htm","retail_sales",,,,,,,,,,,,,,,,,,,,,,,,,,,,"833697","11.4"
"2017","闽侯县","闽侯县","20-10 一般公共预算支出（2017年）","http://tjj.fujian.gov.cn/tongjinianjian/dz2018/cn/html/2010.htm","budget_expenditure",,,,,,,,,,,,,,,,,,,,"945671","60969","126257","20535","65044",,,,,
"2017","闽侯县","闽侯县","20-9 地方一般公共预算收入（2017年）","http://tjj.fujian.gov.cn/tongjinianjian/dz2018/cn/html/2009.htm","budget_revenue",,,,,,,,,,,,,,,,"710941","183726","822","88809",,,,,,,,,,
"2017","闽侯县","闽侯县","20-6 固定资产投资（2017年）","http://tjj.fujian.gov.cn/tongjinianjian/dz2018/cn/html/2006.htm","fixed_asset_investment",,,,,,,,,,,,"561.42","21.6","277.39","31.1",,,,,,,,,,,,,,
"2017","闽侯县","闽侯县","20-1 地区生产总值（2017年）","http://tjj.fujian.gov.cn/tongjinianjian/dz2018/cn/html/2001.htm","gdp","560.07","34.86","325.09","200.12","288.33","38.19","78884",,,,,,,,,,,,,,,,,,,,,,
"2017","闽侯县","闽侯县","20-12 规模以上工业增加值增速（2017年）","http://tjj.fujian.gov.cn/tongjinianjian/dz2018/cn/html/2012.htm","industrial_va_growth",,,,,,,,,,,,,,,,,,,,,,,,,"11","5.2","14.4",,
"2017","闽侯县","闽侯县","20-4 年末常住人口数（2017年）","http://tjj.fujian.gov.cn/tongjinianjian/dz2018/cn/html/2004.htm","population",,,,,,,,"71.5","40.04","31.46","56",,,,,,,,,,,,,,,,,,
"2017","闽侯县","闽侯县","20-17 社会消费品零售总额（2017年）","http://tjj.fujian.gov.cn/tongjinianjian/dz2018/cn/html/2017.htm","retail_sales",,,,,,,,,,,,,,,,,,,,,,,,,,,,"2767415","16.1"
"2017","闽清县","闽清县","20-10 一般公共预算支出（2017年）","http://tjj.fujian.gov.cn/tongjinianjian/dz2018/cn/html/2010.htm","budget_expenditure",,,,,,,,,,,,,,,,,,,,"351524","21271","55504","889","58197",,,,,
"2017","闽清县","闽清县","20-9 地方一般公共预算收入（2017年）","http://tjj.fujian.gov.cn/tongjinianjian/dz2018/cn/html/2009.htm","budget_revenue",,,,,,,,,,,,,,,,"96860","44314","85","11929",,,,,,,,,,
"2017","闽清县","闽清县","20-6 固定资产投资（2017年）","http://tjj.fujian.gov.cn/tongjinianjian/dz2018/cn/html/2006.htm","fixed_asset_investment",,,,,,,,,,,,"91.97","18.5","73.78","22.3",,,,,,,,,,,,,,
"2017","闽清县","闽清县","20-1 地区生产总值（2017年）","http://tjj.fujian.gov.cn/tongjinianjian/dz2018/cn/html/2001.htm","gdp","166.23","28.26","75.68","62.29","60.17","15.6","69553",,,,,,,,,,,,,,,,,,,,,,
"2017","闽清县","闽清县","20-12 规模以上工业增加值增速（2017年）","http://tjj.fujian.gov.cn/tongjinianjian/dz2018/cn/html/2012.htm","industrial_va_growth",,,,,,,,,,,,,,,,,,,,,,,,,"7.3","9.5","6.6",,
"2017","闽清县","闽清县","20-4 年末常住人口数（2017年）","http://tjj.fujian.gov.cn/tongjinianjian/dz2018/cn/html/2004.htm","population",,,,,,,,"24","9.7","14.3","40.4",,,,,,,,,,,,,,,,,,
"2017","闽清县","闽清县","20-17 社会消费品零售总额（2017年）","http://tjj.fujian.gov.cn/tongjinianjian/dz2018/cn/html/2017.htm","retail_sales",,,,,,,,,,,,,,,,,,,,,,,,,,,,"512390","12.4"
"2017","明溪县","明溪县","20-10 一般公共预算支出（2017年）","http://tjj.fujian.gov.cn/tongjinianjian/dz2018/cn/html/2010.htm","budget_expenditure",,,,,,,,,,,,,,,,,,,,"156960","13272","23397","655","33162",,,,,
"2017","明溪县","明溪县","20-9 地方一般公共预算收入（2017年）","http://tjj.fujian.gov.cn/tongjinianjian/dz2018/cn/html/2009.htm","budget_revenue",,,,,,,,,,,,,,,,"30195","8998","24","1926",,,,,,,,,,
"2017","明溪县","明溪县","20-6 固定资产投资（2017年）","http://tjj.fujian.gov.cn/tongjinianjian/dz2018/cn/html/2006.htm","fixed_asset_investment",,,,,,,,,,,,"106.5","17","105","17.8",,,,,,,,,,,,,,
"2017","明溪县","明溪县","20-1 地区生产总值（2017年）","http://tjj.fujian.gov.cn/tongjinianjian/dz2018/cn/html/2001.htm","gdp","73.53","17.94","31.14","24.45","23.38","7.75","71669",,,,,,,,,,,,,,,,,,,,,,
"2017","明溪县","明溪县","20-12 规模以上工业增加值增速（2017年）","http://tjj.fujian.gov.cn/tongjinianjian/dz2018/cn/html/2012.htm","industrial_va_growth",,,,,,,,,,,,,,,,,,,,,,,,,"7.6","14.5","3.1",,
"2017","明溪县","明溪县","20-4 年末常住人口数（2017年）","http://tjj.fujian.gov.cn/tongjinianjian/dz2018/cn/html/2004.htm","population",,,,,,,,"10.3","5.4","4.9","52.4",,,,,,,,,,,,,,,,,,
"2017","明溪县","明溪县","20-17 社会消费品零售总额（2017年）","http://tjj.fujian.gov.cn/tongjinianjian/dz2018/cn/html/2017.htm","retail_sales",,,,,,,,,,,,,,,,,,,,,,,,,,,,"172026","11.5"
"2017","南安市","南安市","20-10 一般公共预算支出（2017年）","http://tjj.fujian.gov.cn/tongjinianjian/dz2018/cn/html/2010.htm","budget_expenditure",,,,,,,,,,,,,,,,,,,,"741801","46264","171031","14257","77613",,,,,
"2017","南安市","南安市","20-9 地方一般公共预算收入（2017年）","http://tjj.fujian.gov.cn/tongjinianjian/dz2018/cn/html/2009.htm","budget_revenue",,,,,,,,,,,,,,,,"410996","146104","217","44569",,,,,,,,,,
"2017","南安市","南安市","20-6 固定资产投资（2017年）","http://tjj.fujian.gov.cn/tongjinianjian/dz2018/cn/html/2006.htm","fixed_asset_investment",,,,,,,,,,,,"659.07","18.1","609","18",,,,,,,,,,,,,,
"2017","南安市","南安市","20-1 地区生产总值（2017年）","http://tjj.fujian.gov.cn/tongjinianjian/dz2018/cn/html/2001.htm","gdp","977.38","26.73","576.41","374.25","529.58","46.92","65421",,,,,,,,,,,,,,,,,,,,,,
"2017","南安市","南安市","20-12 规模以上工业增加值增速（2017年）","http://tjj.fujian.gov.cn/tongjinianjian/dz2018/cn/html/2012.htm","industrial_va_growth",,,,,,,,,,,,,,,,,,,,,,,,,"8.8","9.1","8.6",,
"2017","南安市","南安市","20-4 年末常住人口数（2017年）","http://tjj.fujian.gov.cn/tongjinianjian/dz2018/cn/html/2004.htm","population",,,,,,,,"149.9","87.84","62.06","58.6",,,,,,,,,,,,,,,,,,
"2017","南安市","南安市","20-17 社会消费品零售总额（2017年）","http://tjj.fujian.gov.cn/tongjinianjian/dz2018/cn/html/2017.htm","retail_sales",,,,,,,,,,,,,,,,,,,,,,,,,,,,"4403008","12.3"
"2017","南靖县","南靖县","20-10 一般公共预算支出（2017年）","http://tjj.fujian.gov.cn/tongjinianjian/dz2018/cn/html/2010.htm","budget_expenditure",,,,,,,,,,,,,,,,,,,,"267082","22733","56548","1229","42062",,,,,
"2017","南靖县","南靖县","20-9 地方一般公共预算收入（2017年）","http://tjj.fujian.gov.cn/tongjinianjian/dz2018/cn/html/2009.htm","budget_revenue",,,,,,,,,,,,,,,,"80213","26009","-10","5026",,,,,,,,,,
"2017","南靖县","南靖县","20-6 固定资产投资（2017年）","http://tjj.fujian.gov.cn/tongjinianjian/dz2018/cn/html/2006.htm","fixed_asset_investment",,,,,,,,,,,,"315.5","28","306.58","31.7",,,,,,,,,,,,,,
"2017","南靖县","南靖县","20-1 地区生产总值（2017年）","http://tjj.fujian.gov.cn/tongjinianjian/dz2018/cn/html/2001.htm","gdp","286.48","58.3","135.64","92.54","123.09","12.55","82677",,,,,,,,,,,,,,,,,,,,,,
"2017","南靖县","南靖县","20-12 规模以上工业增加值增速（2017年）","http://tjj.fujian.gov.cn/tongjinianjian/dz2018/cn/html/2012.htm","industrial_va_growth",,,,,,,,,,,,,,,,,,,,,,,,,"9.1","14.8","3",,
"2017","南靖县","南靖县","20-4 年末常住人口数（2017年）","http://tjj.fujian.gov.cn/tongjinianjian/dz2018/cn/html/2004.htm","population",,,,,,,,"34.8","17.68","17.12","50.8",,,,,,,,,,,,,,,,,,
"2017","南靖县","南靖县","20-17 社会消费品零售总额（2017年）","http://tjj.fujian.gov.cn/tongjinianjian/dz2018/cn/html/2017.htm","retail_sales",,,,,,,,,,,,,,,,,,,,,,,,,,,,"459634","13.3"
"2017","宁化县","宁化县","20-10 一般公共预算支出（2017年）","http://tjj.fujian.gov.cn/tongjinianjian/dz2018/cn/html/2010.htm","budget_expenditure",,,,,,,,,,,,,,,,,,,,"254661","17737","51433","3154","43151",,,,,
"2017","宁化县","宁化县","20-9 地方一般公共预算收入（2017年）","http://tjj.fujian.gov.cn/tongjinianjian/dz2018/cn/html/2009.htm","budget_revenue",,,,,,,,,,,,,,,,"62502","12957","39","3548",,,,,,,,,,
"2017","宁化县","宁化县","20-6 固定资产投资（2017年）","http://tjj.fujian.gov.cn/tongjinianjian/dz2018/cn/html/2006.htm","fixed_asset_investment",,,,,,,,,,,,"201.95","15.2","179.95","10",,,,,,,,,,,,,,
"2017","宁化县","宁化县","20-1 地区生产总值（2017年）","http://tjj.fujian.gov.cn/tongjinianjian/dz2018/cn/html/2001.htm","gdp","128.96","23.02","59.66","46.28","41.22","18.45","45249",,,,,,,,,,,,,,,,,,,,,,
"2017","宁化县","宁化县","20-12 规模以上工业增加值增速（2017年）","http://tjj.fujian.gov.cn/tongjinianjian/dz2018/cn/html/2012.htm","industrial_va_growth",,,,,,,,,,,,,,,,,,,,,,,,,"8.2","14.3","2.1",,
"2017","宁化县","宁化县","20-4 年末常住人口数（2017年）","http://tjj.fujian.gov.cn/tongjinianjian/dz2018/cn/html/2004.htm","population",,,,,,,,"28.6","12.67","15.93","44.3",,,,,,,,,,,,,,,,,,
"2017","宁化县","宁化县","20-17 社会消费品零售总额（2017年）","http://tjj.fujian.gov.cn/tongjinianjian/dz2018/cn/html/2017.htm","retail_sales",,,,,,,,,,,,,,,,,,,,,,,,,,,,"392869","11.6"
"2017","平和县","平和县","20-10 一般公共预算支出（2017年）","http://tjj.fujian.gov.cn/tongjinianjian/dz2018/cn/html/2010.htm","budget_expenditure",,,,,,,,,,,,,,,,,,,,"355690","20243","69366","2962","56283",,,,,
"2017","平和县","平和县","20-9 地方一般公共预算收入（2017年）","http://tjj.fujian.gov.cn/tongjinianjian/dz2018/cn/html/2009.htm","budget_revenue",,,,,,,,,,,,,,,,"59127","16225","3","4254",,,,,,,,,,
"2017","平和县","平和县","20-6 固定资产投资（2017年）","http://tjj.fujian.gov.cn/tongjinianjian/dz2018/cn/html/2006.htm","fixed_asset_investment",,,,,,,,,,,,"214.31","19.3","204.2","23.5",,,,,,,,,,,,,,
"2017","平和县","平和县","20-1 地区生产总值（2017年）","http://tjj.fujian.gov.cn/tongjinianjian/dz2018/cn/html/2001.htm","gdp","202.43","41.44","70.17","90.82","53.47","16.7","39247",,,,,,,,,,,,,,,,,,,,,,
"2017","平和县","平和县","20-12 规模以上工业增加值增速（2017年）","http://tjj.fujian.gov.cn/tongjinianjian/dz2018/cn/html/2012.htm","industrial_va_growth",,,,,,,,,,,,,,,,,,,,,,,,,"9","9.5","8.5",,
"2017","平和县","平和县","20-4 年末常住人口数（2017年）","http://tjj.fujian.gov.cn/tongjinianjian/dz2018/cn/html/2004.htm","population",,,,,,,,"51.8","23.62","28.18","45.6",,,,,,,,,,,,,,,,,,
"2017","平和县","平和县","20-17 社会消费品零售总额（2017年）","http://tjj.fujian.gov.cn/tongjinianjian/dz2018/cn/html/2017.htm","retail_sales",,,,,,,,,,,,,,,,,,,,,,,,,,,,"575697","10.1"
"2017","平潭县","平潭县","20-10 一般公共预算支出（2017年）","http://tjj.fujian.gov.cn/tongjinianjian/dz2018/cn/html/2010.htm","budget_expenditure",,,,,,,,,,,,,,,,,,,,"886147","56366","94555","44813","64934",,,,,
"2017","平潭县","平潭县","20-9 地方一般公共预算收入（2017年）","http://tjj.fujian.gov.cn/tongjinianjian/dz2018/cn/html/2009.htm","budget_revenue",,,,,,,,,,,,,,,,"296708","59465","82","38910",,,,,,,,,,
"2017","平潭县","平潭县","20-6 固定资产投资（2017年）","http://tjj.fujian.gov.cn/tongjinianjian/dz2018/cn/html/2006.htm","fixed_asset_investment",,,,,,,,,,,,"464.82","17.1","390.58","31.9",,,,,,,,,,,,,,
"2017","平潭县","平潭县","20-1 地区生产总值（2017年）","http://tjj.fujian.gov.cn/tongjinianjian/dz2018/cn/html/2001.htm","gdp","226.28","33.72","65.34","127.22","6.64","58.7","50850",,,,,,,,,,,,,,,,,,,,,,
"2017","平潭县","平潭县","20-12 规模以上工业增加值增速（2017年）","http://tjj.fujian.gov.cn/tongjinianjian/dz2018/cn/html/2012.htm","industrial_va_growth",,,,,,,,,,,,,,,,,,,,,,,,,"-20.1","-3.9","-21.2",,
"2017","平潭县","平潭县","20-4 年末常住人口数（2017年）","http://tjj.fujian.gov.cn/tongjinianjian/dz2018/cn/html/2004.htm","population",,,,,,,,"45","21.78","23.22","48.4",,,,,,,,,,,,,,,,,,
"2017","平潭县","平潭县","20-17 社会消费品零售总额（2017年）","http://tjj.fujian.gov.cn/tongjinianjian/dz2018/cn/html/2017.htm","retail_sales",,,,,,,,,,,,,,,,,,,,,,,,,,,,"644603","8.9"
"2017","屏南县","屏南县","20-10 一般公共预算支出（2017年）","http://tjj.fujian.gov.cn/tongjinianjian/dz2018/cn/html/2010.htm","budget_expenditure",,,,,,,,,,,,,,,,,,,,"206404","16484","41881","771","42247",,,,,
"2017","屏南县","屏南县","20-9 地方一般公共预算收入（2017年）","http://tjj.fujian.gov.cn/tongjinianjian/dz2018/cn/html/2009.htm","budget_revenue",,,,,,,,,,,,,,,,"40710","11793","46","4666",,,,,,,,,,
"2017","屏南县","屏南县","20-6 固定资产投资（2017年）","http://tjj.fujian.gov.cn/tongjinianjian/dz2018/cn/html/2006.htm","fixed_asset_investment",,,,,,,,,,,,"58.84","21.1","51.11","15.6",,,,,,,,,,,,,,
"2017","屏南县","屏南县","20-1 地区生产总值（2017年）","http://tjj.fujian.gov.cn/tongjinianjian/dz2018/cn/html/2001.htm","gdp","63.51","11.79","23.23","28.5","16.95","6.31","45205",,,,,,,,,,,,,,,,,,,,,,
"2017","屏南县","屏南县","20-12 规模以上工业增加值增速（2017年）","http://tjj.fujian.gov.cn/tongjinianjian/dz2018/cn/html/2012.htm","industrial_va_growth",,,,,,,,,,,,,,,,,,,,,,,,,"-13.8","-3.1","-23.9",,
"2017","屏南县","屏南县","20-4 年末常住人口数（2017年）","http://tjj.fujian.gov.cn/tongjinianjian/dz2018/cn/html/2004.htm","population",,,,,,,,"14.1","6.25","7.85","44.3",,,,,,,,,,,,,,,,,,
"2017","屏南县","屏南县","20-17 社会消费品零售总额（2017年）","http://tjj.fujian.gov.cn/tongjinianjian/dz2018/cn/html/2017.htm","retail_sales",,,,,,,,,,,,,,,,,,,,,,,,,,,,"211746","8.2"
"2017","浦城县","浦城县","20-10 一般公共预算支出（2017年）","http://tjj.fujian.gov.cn/tongjinianjian/dz2018/cn/html/2010.htm","budget_expenditure",,,,,,,,,,,,,,,,,,,,"279948","15221","48940","1599","59116",,,,,
"2017","浦城县","浦城县","20-9 地方一般公共预算收入（2017年）","http://tjj.fujian.gov.cn/tongjinianjian/dz2018/cn/html/2009.htm","budget_revenue",,,,,,,,,,,,,,,,"58271","12523","448","4020",,,,,,,,,,
"2017","浦城县","浦城县","20-6 固定资产投资（2017年）","http://tjj.fujian.gov.cn/tongjinianjian/dz2018/cn/html/2006.htm","fixed_asset_investment",,,,,,,,,,,,"165.85","23.9","163.88","25.3",,,,,,,,,,,,,,
"2017","浦城县","浦城县","20-1 地区生产总值（2017年）","http://tjj.fujian.gov.cn/tongjinianjian/dz2018/cn/html/2001.htm","gdp","144.26","32.35","54.51","57.39","44.14","10.37","48327",,,,,,,,,,,,,,,,,,,,,,
"2017","浦城县","浦城县","20-12 规模以上工业增加值增速（2017年）","http://tjj.fujian.gov.cn/tongjinianjian/dz2018/cn/html/2012.htm","industrial_va_growth",,,,,,,,,,,,,,,,,,,,,,,,,"7.6","9.2","6.4",,
"2017","浦城县","浦城县","20-4 年末常住人口数（2017年）","http://tjj.fujian.gov.cn/tongjinianjian/dz2018/cn/html/2004.htm","population",,,,,,,,"29.9","14.08","15.82","47.1",,,,,,,,,,,,,,,,,,
"2017","浦城县","浦城县","20-17 社会消费品零售总额（2017年）","http://tjj.fujian.gov.cn/tongjinianjian/dz2018/cn/html/2017.htm","retail_sales",,,,,,,,,,,,,,,,,,,,,,,,,,,,"486234","8.9"
"2017","清流县","清流县","20-10 一般公共预算支出（2017年）","http://tjj.fujian.gov.cn/tongjinianjian/dz2018/cn/html/2010.htm","budget_expenditure",,,,,,,,,,,,,,,,,,,,"173833","15917","33781","2494","45355",,,,,
"2017","清流县","清流县","20-9 地方一般公共预算收入（2017年）","http://tjj.fujian.gov.cn/tongjinianjian/dz2018/cn/html/2009.htm","budget_revenue",,,,,,,,,,,,,,,,"36169","14703","161","4180",,,,,,,,,,
"2017","清流县","清流县","20-6 固定资产投资（2017年）","http://tjj.fujian.gov.cn/tongjinianjian/dz2018/cn/html/2006.htm","fixed_asset_investment",,,,,,,,,,,,"115.58","16.9","114.6","16.8",,,,,,,,,,,,,,
"2017","清流县","清流县","20-1 地区生产总值（2017年）","http://tjj.fujian.gov.cn/tongjinianjian/dz2018/cn/html/2001.htm","gdp","104.95","20.75","49.84","34.37","34.99","14.84","76719",,,,,,,,,,,,,,,,,,,,,,
"2017","清流县","清流县","20-12 规模以上工业增加值增速（2017年）","http://tjj.fujian.gov.cn/tongjinianjian/dz2018/cn/html/2012.htm","industrial_va_growth",,,,,,,,,,,,,,,,,,,,,,,,,"8.5","19.1","4.2",,
"2017","清流县","清流县","20-4 年末常住人口数（2017年）","http://tjj.fujian.gov.cn/tongjinianjian/dz2018/cn/html/2004.htm","population",,,,,,,,"13.7","6.59","7.11","48.1",,,,,,,,,,,,,,,,,,
"2017","清流县","清流县","20-17 社会消费品零售总额（2017年）","http://tjj.fujian.gov.cn/tongjinianjian/dz2018/cn/html/2017.htm","retail_sales",,,,,,,,,,,,,,,,,,,,,,,,,,,,"239571","13"
"2017","泉港区","泉港区","20-10 一般公共预算支出（2017年）","http://tjj.fujian.gov.cn/tongjinianjian/dz2018/cn/html/2010.htm","budget_expenditure",,,,,,,,,,,,,,,,,,,,"350199","24988","75760","9621","32442",,,,,
"2017","泉港区","泉港区","20-9 地方一般公共预算收入（2017年）","http://tjj.fujian.gov.cn/tongjinianjian/dz2018/cn/html/2009.htm","budget_revenue",,,,,,,,,,,,,,,,"324303","189015","347","38534",,,,,,,,,,
"2017","泉港区","泉港区","20-6 固定资产投资（2017年）","http://tjj.fujian.gov.cn/tongjinianjian/dz2018/cn/html/2006.htm","fixed_asset_investment",,,,,,,,,,,,"264.62","16.2","239.2","14.9",,,,,,,,,,,,,,
"2017","泉港区","泉港区","20-1 地区生产总值（2017年）","http://tjj.fujian.gov.cn/tongjinianjian/dz2018/cn/html/2001.htm","gdp","526.89","9.29","402.79","114.81","360.77","42.02","158940",,,,,,,,,,,,,,,,,,,,,,
"2017","泉港区","泉港区","20-12 规模以上工业增加值增速（2017年）","http://tjj.fujian.gov.cn/tongjinianjian/dz2018/cn/html/2012.htm","industrial_va_growth",,,,,,,,,,,,,,,,,,,,,,,,,"9.5","12.9","8.5",,
"2017","泉港区","泉港区","20-4 年末常住人口数（2017年）","http://tjj.fujian.gov.cn/tongjinianjian/dz2018/cn/html/2004.htm","population",,,,,,,,"33.4","17.23","16.17","51.6",,,,,,,,,,,,,,,,,,
"2017","泉港区","泉港区","20-17 社会消费品零售总额（2017年）","http://tjj.fujian.gov.cn/tongjinianjian/dz2018/cn/html/2017.htm","retail_sales",,,,,,,,,,,,,,,,,,,,,,,,,,,,"894005","11.5"
"2017","三元区","三元区","20-10 一般公共预算支出（2017年）","http://tjj.fujian.gov.cn/tongjinianjian/dz2018/cn/html/2010.htm","budget_expenditure",,,,,,,,,,,,,,,,,,,,"88995","7771","23082","1226","9510",,,,,
"2017","三元区","三元区","20-9 地方一般公共预算收入（2017年）","http://tjj.fujian.gov.cn/tongjinianjian/dz2018/cn/html/2009.htm","budget_revenue",,,,,,,,,,,,,,,,"41181","10769","62","2931",,,,,,,,,,
"2017","三元区","三元区","20-6 固定资产投资（2017年）","http://tjj.fujian.gov.cn/tongjinianjian/dz2018/cn/html/2006.htm","fixed_asset_investment",,,,,,,,,,,,"234.8","17.8","228.17","17.2",,,,,,,,,,,,,,
"2017","三元区","三元区","20-1 地区生产总值（2017年）","http://tjj.fujian.gov.cn/tongjinianjian/dz2018/cn/html/2001.htm","gdp","147.08","9.38","78.83","58.87","64.79","14.03","72630",,,,,,,,,,,,,,,,,,,,,,
"2017","三元区","三元区","20-12 规模以上工业增加值增速（2017年）","http://tjj.fujian.gov.cn/tongjinianjian/dz2018/cn/html/2012.htm","industrial_va_growth",,,,,,,,,,,,,,,,,,,,,,,,,"7.7","7.2","7.9",,
"2017","三元区","三元区","20-4 年末常住人口数（2017年）","http://tjj.fujian.gov.cn/tongjinianjian/dz2018/cn/html/2004.htm","population",,,,,,,,"20.4","17.63","2.77","86.4",,,,,,,,,,,,,,,,,,
"2017","三元区","三元区","20-17 社会消费品零售总额（2017年）","http://tjj.fujian.gov.cn/tongjinianjian/dz2018/cn/html/2017.htm","retail_sales",,,,,,,,,,,,,,,,,,,,,,,,,,,,"426286","11.8"
"2017","沙县","沙县","20-10 一般公共预算支出（2017年）","http://tjj.fujian.gov.cn/tongjinianjian/dz2018/cn/html/2010.htm","budget_expenditure",,,,,,,,,,,,,,,,,,,,"248196","31688","48270","4746","36179",,,,,
"2017","沙县","沙县","20-9 地方一般公共预算收入（2017年）","http://tjj.fujian.gov.cn/tongjinianjian/dz2018/cn/html/2009.htm","budget_revenue",,,,,,,,,,,,,,,,"97123","22460","167","4656",,,,,,,,,,
"2017","沙县","沙县","20-6 固定资产投资（2017年）","http://tjj.fujian.gov.cn/tongjinianjian/dz2018/cn/html/2006.htm","fixed_asset_investment",,,,,,,,,,,,"269.49","17.6","260.43","21.5",,,,,,,,,,,,,,
"2017","沙县","沙县","20-1 地区生产总值（2017年）","http://tjj.fujian.gov.cn/tongjinianjian/dz2018/cn/html/2001.htm","gdp","228.01","25.09","126.15","76.77","107.74","18.41","98556",,,,,,,,,,,,,,,,,,,,,,
"2017","沙县","沙县","20-12 规模以上工业增加值增速（2017年）","http://tjj.fujian.gov.cn/tongjinianjian/dz2018/cn/html/2012.htm","industrial_va_growth",,,,,,,,,,,,,,,,,,,,,,,,,"8.4","9.8","7.3",,
"2017","沙县","沙县","20-4 年末常住人口数（2017年）","http://tjj.fujian.gov.cn/tongjinianjian/dz2018/cn/html/2004.htm","population",,,,,,,,"23.2","14.96","8.24","64.5",,,,,,,,,,,,,,,,,,
"2017","沙县","沙县","20-17 社会消费品零售总额（2017年）","http://tjj.fujian.gov.cn/tongjinianjian/dz2018/cn/html/2017.htm","retail_sales",,,,,,,,,,,,,,,,,,,,,,,,,,,,"546105","7.6"
"2017","上杭县","上杭县","20-10 一般公共预算支出（2017年）","http://tjj.fujian.gov.cn/tongjinianjian/dz2018/cn/html/2010.htm","budget_expenditure",,,,,,,,,,,,,,,,,,,,"474009","38984","89162","8687","61788",,,,,
"2017","上杭县","上杭县","20-9 地方一般公共预算收入（2017年）","http://tjj.fujian.gov.cn/tongjinianjian/dz2018/cn/html/2009.htm","budget_revenue",,,,,,,,,,,,,,,,"251308","44746","406","15597",,,,,,,,,,
"2017","上杭县","上杭县","20-6 固定资产投资（2017年）","http://tjj.fujian.gov.cn/tongjinianjian/dz2018/cn/html/2006.htm","fixed_asset_investment",,,,,,,,,,,,"312.15","21.3","307.46","21.2",,,,,,,,,,,,,,
"2017","上杭县","上杭县","20-1 地区生产总值（2017年）","http://tjj.fujian.gov.cn/tongjinianjian/dz2018/cn/html/2001.htm","gdp","316.8","41.82","147.6","127.39","108.14","39.46","84593",,,,,,,,,,,,,,,,,,,,,,
"2017","上杭县","上杭县","20-12 规模以上工业增加值增速（2017年）","http://tjj.fujian.gov.cn/tongjinianjian/dz2018/cn/html/2012.htm","industrial_va_growth",,,,,,,,,,,,,,,,,,,,,,,,,"9.6","1.7","10.1",,
"2017","上杭县","上杭县","20-4 年末常住人口数（2017年）","http://tjj.fujian.gov.cn/tongjinianjian/dz2018/cn/html/2004.htm","population",,,,,,,,"37.5","18.11","19.39","48.3",,,,,,,,,,,,,,,,,,
"2017","上杭县","上杭县","20-17 社会消费品零售总额（2017年）","http://tjj.fujian.gov.cn/tongjinianjian/dz2018/cn/html/2017.htm","retail_sales",,,,,,,,,,,,,,,,,,,,,,,,,,,,"855656","-0.8"
"2017","邵武市","邵武市","20-10 一般公共预算支出（2017年）","http://tjj.fujian.gov.cn/tongjinianjian/dz2018/cn/html/2010.htm","budget_expenditure",,,,,,,,,,,,,,,,,,,,"290450","19436","58779","515","50536",,,,,
"2017","邵武市","邵武市","20-9 地方一般公共预算收入（2017年）","http://tjj.fujian.gov.cn/tongjinianjian/dz2018/cn/html/2009.htm","budget_revenue",,,,,,,,,,,,,,,,"115456","30183","-25","5562",,,,,,,,,,
"2017","邵武市","邵武市","20-6 固定资产投资（2017年）","http://tjj.fujian.gov.cn/tongjinianjian/dz2018/cn/html/2006.htm","fixed_asset_investment",,,,,,,,,,,,"386.82","13.8","365.54","12.4",,,,,,,,,,,,,,
"2017","邵武市","邵武市","20-1 地区生产总值（2017年）","http://tjj.fujian.gov.cn/tongjinianjian/dz2018/cn/html/2001.htm","gdp","230.44","25.32","111.45","93.67","95.02","16.43","83494",,,,,,,,,,,,,,,,,,,,,,
"2017","邵武市","邵武市","20-12 规模以上工业增加值增速（2017年）","http://tjj.fujian.gov.cn/tongjinianjian/dz2018/cn/html/2012.htm","industrial_va_growth",,,,,,,,,,,,,,,,,,,,,,,,,"5","8","-4",,
"2017","邵武市","邵武市","20-4 年末常住人口数（2017年）","http://tjj.fujian.gov.cn/tongjinianjian/dz2018/cn/html/2004.htm","population",,,,,,,,"27.7","18.92","8.78","68.3",,,,,,,,,,,,,,,,,,
"2017","邵武市","邵武市","20-17 社会消费品零售总额（2017年）","http://tjj.fujian.gov.cn/tongjinianjian/dz2018/cn/html/2017.htm","retail_sales",,,,,,,,,,,,,,,,,,,,,,,,,,,,"1201791","11.7"
"2017","石狮市","石狮市","20-10 一般公共预算支出（2017年）","http://tjj.fujian.gov.cn/tongjinianjian/dz2018/cn/html/2010.htm","budget_expenditure",,,,,,,,,,,,,,,,,,,,"530581","43699","78494","10883","46753",,,,,
"2017","石狮市","石狮市","20-9 地方一般公共预算收入（2017年）","http://tjj.fujian.gov.cn/tongjinianjian/dz2018/cn/html/2009.htm","budget_revenue",,,,,,,,,,,,,,,,"415967","97004","326","37847",,,,,,,,,,
"2017","石狮市","石狮市","20-6 固定资产投资（2017年）","http://tjj.fujian.gov.cn/tongjinianjian/dz2018/cn/html/2006.htm","fixed_asset_investment",,,,,,,,,,,,"512.31","14.1","446.42","15.8",,,,,,,,,,,,,,
"2017","石狮市","石狮市","20-1 地区生产总值（2017年）","http://tjj.fujian.gov.cn/tongjinianjian/dz2018/cn/html/2001.htm","gdp","772.72","25.45","390.5","356.77","349.06","41.58","112070",,,,,,,,,,,,,,,,,,,,,,
"2017","石狮市","石狮市","20-12 规模以上工业增加值增速（2017年）","http://tjj.fujian.gov.cn/tongjinianjian/dz2018/cn/html/2012.htm","industrial_va_growth",,,,,,,,,,,,,,,,,,,,,,,,,"7.9","3.4","25.6",,
"2017","石狮市","石狮市","20-4 年末常住人口数（2017年）","http://tjj.fujian.gov.cn/tongjinianjian/dz2018/cn/html/2004.htm","population",,,,,,,,"69.1","54.66","14.44","79.1",,,,,,,,,,,,,,,,,,
"2017","石狮市","石狮市","20-17 社会消费品零售总额（2017年）","http://tjj.fujian.gov.cn/tongjinianjian/dz2018/cn/html/2017.htm","retail_sales",,,,,,,,,,,,,,,,,,,,,,,,,,,,"4452945","8.9"
"2017","寿宁县","寿宁县","20-10 一般公共预算支出（2017年）","http://tjj.fujian.gov.cn/tongjinianjian/dz2018/cn/html/2010.htm","budget_expenditure",,,,,,,,,,,,,,,,,,,,"208151","13835","37358","467","35232",,,,,
"2017","寿宁县","寿宁县","20-9 地方一般公共预算收入（2017年）","http://tjj.fujian.gov.cn/tongjinianjian/dz2018/cn/html/2009.htm","budget_revenue",,,,,,,,,,,,,,,,"36577","8464","70","3463",,,,,,,,,,
"2017","寿宁县","寿宁县","20-6 固定资产投资（2017年）","http://tjj.fujian.gov.cn/tongjinianjian/dz2018/cn/html/2006.htm","fixed_asset_investment",,,,,,,,,,,,"58.78","-9.7","58.69","-7.1",,,,,,,,,,,,,,
"2017","寿宁县","寿宁县","20-1 地区生产总值（2017年）","http://tjj.fujian.gov.cn/tongjinianjian/dz2018/cn/html/2001.htm","gdp","67.13","14.11","28.18","24.84","16.49","11.72","37191",,,,,,,,,,,,,,,,,,,,,,
"2017","寿宁县","寿宁县","20-12 规模以上工业增加值增速（2017年）","http://tjj.fujian.gov.cn/tongjinianjian/dz2018/cn/html/2012.htm","industrial_va_growth",,,,,,,,,,,,,,,,,,,,,,,,,"-22.1","-1.6","-34.7",,
"2017","寿宁县","寿宁县","20-4 年末常住人口数（2017年）","http://tjj.fujian.gov.cn/tongjinianjian/dz2018/cn/html/2004.htm","population",,,,,,,,"18.1","8.63","9.47","47.7",,,,,,,,,,,,,,,,,,
"2017","寿宁县","寿宁县","20-17 社会消费品零售总额（2017年）","http://tjj.fujian.gov.cn/tongjinianjian/dz2018/cn/html/2017.htm","retail_sales",,,,,,,,,,,,,,,,,,,,,,,,,,,,"245525","7.6"
"2017","顺昌县","顺昌县","20-10 一般公共预算支出（2017年）","http://tjj.fujian.gov.cn/tongjinianjian/dz2018/cn/html/2010.htm","budget_expenditure",,,,,,,,,,,,,,,,,,,,"207138","13171","38493","686","40385",,,,,
"2017","顺昌县","顺昌县","20-9 地方一般公共预算收入（2017年）","http://tjj.fujian.gov.cn/tongjinianjian/dz2018/cn/html/2009.htm","budget_revenue",,,,,,,,,,,,,,,,"46951","14265","373","2467",,,,,,,,,,
"2017","顺昌县","顺昌县","20-6 固定资产投资（2017年）","http://tjj.fujian.gov.cn/tongjinianjian/dz2018/cn/html/2006.htm","fixed_asset_investment",,,,,,,,,,,,"106.11","47.6","104.2","53.6",,,,,,,,,,,,,,
"2017","顺昌县","顺昌县","20-1 地区生产总值（2017年）","http://tjj.fujian.gov.cn/tongjinianjian/dz2018/cn/html/2001.htm","gdp","109.87","17.21","42.05","50.6","33.91","8.14","57672",,,,,,,,,,,,,,,,,,,,,,
"2017","顺昌县","顺昌县","20-12 规模以上工业增加值增速（2017年）","http://tjj.fujian.gov.cn/tongjinianjian/dz2018/cn/html/2012.htm","industrial_va_growth",,,,,,,,,,,,,,,,,,,,,,,,,"8.4","3.5","3.5",,
"2017","顺昌县","顺昌县","20-4 年末常住人口数（2017年）","http://tjj.fujian.gov.cn/tongjinianjian/dz2018/cn/html/2004.htm","population",,,,,,,,"19.1","9.45","9.65","49.5",,,,,,,,,,,,,,,,,,
"2017","顺昌县","顺昌县","20-17 社会消费品零售总额（2017年）","http://tjj.fujian.gov.cn/tongjinianjian/dz2018/cn/html/2017.htm","retail_sales",,,,,,,,,,,,,,,,,,,,,,,,,,,,"330223","7.9"
"2017","思明区","思明区","20-10 一般公共预算支出（2017年）","http://tjj.fujian.gov.cn/tongjinianjian/dz2018/cn/html/2010.htm","budget_expenditure",,,,,,,,,,,,,,,,,,,,"842450","51011","199763","20793","800",,,,,
"2017","思明区","思明区","20-9 地方一般公共预算收入（2017年）","http://tjj.fujian.gov.cn/tongjinianjian/dz2018/cn/html/2009.htm","budget_revenue",,,,,,,,,,,,,,,,"529680","143919","500","95728",,,,,,,,,,
"2017","思明区","思明区","20-6 固定资产投资（2017年）","http://tjj.fujian.gov.cn/tongjinianjian/dz2018/cn/html/2006.htm","fixed_asset_investment",,,,,,,,,,,,"294.4","7.3","209.54","47.8",,,,,,,,,,,,,,
"2017","思明区","思明区","20-1 地区生产总值（2017年）","http://tjj.fujian.gov.cn/tongjinianjian/dz2018/cn/html/2001.htm","gdp","1323.1","1.74","159.08","1162.28","83.01","76.07","131914",,,,,,,,,,,,,,,,,,,,,,
"2017","思明区","思明区","20-12 规模以上工业增加值增速（2017年）","http://tjj.fujian.gov.cn/tongjinianjian/dz2018/cn/html/2012.htm","industrial_va_growth",,,,,,,,,,,,,,,,,,,,,,,,,"8.6","7","9",,
"2017","思明区","思明区","20-4 年末常住人口数（2017年）","http://tjj.fujian.gov.cn/tongjinianjian/dz2018/cn/html/2004.htm","population",,,,,,,,"100.7","100.7",,"100",,,,,,,,,,,,,,,,,,
"2017","思明区","思明区","20-17 社会消费品零售总额（2017年）","http://tjj.fujian.gov.cn/tongjinianjian/dz2018/cn/html/2017.htm","retail_sales",,,,,,,,,,,,,,,,,,,,,,,,,,,,"5298558","8.3"
"2017","松溪县","松溪县","20-10 一般公共预算支出（2017年）","http://tjj.fujian.gov.cn/tongjinianjian/dz2018/cn/html/2010.htm","budget_expenditure",,,,,,,,,,,,,,,,,,,,"176802","16622","27643","2300","33582",,,,,
"2017","松溪县","松溪县","20-9 地方一般公共预算收入（2017年）","http://tjj.fujian.gov.cn/tongjinianjian/dz2018/cn/html/2009.htm","budget_revenue",,,,,,,,,,,,,,,,"24257","5946","78","1285",,,,,,,,,,
"2017","松溪县","松溪县","20-6 固定资产投资（2017年）","http://tjj.fujian.gov.cn/tongjinianjian/dz2018/cn/html/2006.htm","fixed_asset_investment",,,,,,,,,,,,"66","20.3","59.21","33.6",,,,,,,,,,,,,,
"2017","松溪县","松溪县","20-1 地区生产总值（2017年）","http://tjj.fujian.gov.cn/tongjinianjian/dz2018/cn/html/2001.htm","gdp","52.21","12.23","20.23","19.75","14.53","5.7","42969",,,,,,,,,,,,,,,,,,,,,,
"2017","松溪县","松溪县","20-12 规模以上工业增加值增速（2017年）","http://tjj.fujian.gov.cn/tongjinianjian/dz2018/cn/html/2012.htm","industrial_va_growth",,,,,,,,,,,,,,,,,,,,,,,,,"3.5","0.5","11",,
"2017","松溪县","松溪县","20-4 年末常住人口数（2017年）","http://tjj.fujian.gov.cn/tongjinianjian/dz2018/cn/html/2004.htm","population",,,,,,,,"12.2","5.71","6.49","46.8",,,,,,,,,,,,,,,,,,
"2017","松溪县","松溪县","20-17 社会消费品零售总额（2017年）","http://tjj.fujian.gov.cn/tongjinianjian/dz2018/cn/html/2017.htm","retail_sales",,,,,,,,,,,,,,,,,,,,,,,,,,,,"267286","10.6"
"2017","台江区","台江区","20-10 一般公共预算支出（2017年）","http://tjj.fujian.gov.cn/tongjinianjian/dz2018/cn/html/2010.htm","budget_expenditure",,,,,,,,,,,,,,,,,,,,"189943","26486","47843","3673","24",,,,,
"2017","台江区","台江区","20-9 地方一般公共预算收入（2017年）","http://tjj.fujian.gov.cn/tongjinianjian/dz2018/cn/html/2009.htm","budget_revenue",,,,,,,,,,,,,,,,"138636","45549","29","29629",,,,,,,,,,
"2017","台江区","台江区","20-6 固定资产投资（2017年）","http://tjj.fujian.gov.cn/tongjinianjian/dz2018/cn/html/2006.htm","fixed_asset_investment",,,,,,,,,,,,"171.27","-34.4","97.97","-37.4",,,,,,,,,,,,,,
"2017","台江区","台江区","20-1 地区生产总值（2017年）","http://tjj.fujian.gov.cn/tongjinianjian/dz2018/cn/html/2001.htm","gdp","433.47",,"87.06","346.41","25.23","62.38","90212",,,,,,,,,,,,,,,,,,,,,,
"2017","台江区","台江区","20-12 规模以上工业增加值增速（2017年）","http://tjj.fujian.gov.cn/tongjinianjian/dz2018/cn/html/2012.htm","industrial_va_growth",,,,,,,,,,,,,,,,,,,,,,,,,"6.2","5.4","7.5",,
"2017","台江区","台江区","20-4 年末常住人口数（2017年）","http://tjj.fujian.gov.cn/tongjinianjian/dz2018/cn/html/2004.htm","population",,,,,,,,"48.3","48.3",,"100",,,,,,,,,,,,,,,,,,
"2017","台江区","台江区","20-17 社会消费品零售总额（2017年）","http://tjj.fujian.gov.cn/tongjinianjian/dz2018/cn/html/2017.htm","retail_sales",,,,,,,,,,,,,,,,,,,,,,,,,,,,"4060302","6"
"2017","泰宁县","泰宁县","20-10 一般公共预算支出（2017年）","http://tjj.fujian.gov.cn/tongjinianjian/dz2018/cn/html/2010.htm","budget_expenditure",,,,,,,,,,,,,,,,,,,,"158815","12645","23757","409","30973",,,,,
"2017","泰宁县","泰宁县","20-9 地方一般公共预算收入（2017年）","http://tjj.fujian.gov.cn/tongjinianjian/dz2018/cn/html/2009.htm","budget_revenue",,,,,,,,,,,,,,,,"27568","5963","14","2075",,,,,,,,,,
"2017","泰宁县","泰宁县","20-6 固定资产投资（2017年）","http://tjj.fujian.gov.cn/tongjinianjian/dz2018/cn/html/2006.htm","fixed_asset_investment",,,,,,,,,,,,"121.06","18.2","118.58","20.5",,,,,,,,,,,,,,
"2017","泰宁县","泰宁县","20-1 地区生产总值（2017年）","http://tjj.fujian.gov.cn/tongjinianjian/dz2018/cn/html/2001.htm","gdp","94.45","11.7","43.13","39.62","31.44","11.69","83179",,,,,,,,,,,,,,,,,,,,,,
"2017","泰宁县","泰宁县","20-12 规模以上工业增加值增速（2017年）","http://tjj.fujian.gov.cn/tongjinianjian/dz2018/cn/html/2012.htm","industrial_va_growth",,,,,,,,,,,,,,,,,,,,,,,,,"7.9","10.7","5.1",,
"2017","泰宁县","泰宁县","20-4 年末常住人口数（2017年）","http://tjj.fujian.gov.cn/tongjinianjian/dz2018/cn/html/2004.htm","population",,,,,,,,"11.4","5.75","5.65","50.4",,,,,,,,,,,,,,,,,,
"2017","泰宁县","泰宁县","20-17 社会消费品零售总额（2017年）","http://tjj.fujian.gov.cn/tongjinianjian/dz2018/cn/html/2017.htm","retail_sales",,,,,,,,,,,,,,,,,,,,,,,,,,,,"240117","8.9"
"2017","同安区","同安区","20-10 一般公共预算支出（2017年）","http://tjj.fujian.gov.cn/tongjinianjian/dz2018/cn/html/2010.htm","budget_expenditure",,,,,,,,,,,,,,,,,,,,"548935","33680","136746","19928","51643",,,,,
"2017","同安区","同安区","20-9 地方一般公共预算收入（2017年）","http://tjj.fujian.gov.cn/tongjinianjian/dz2018/cn/html/2009.htm","budget_revenue",,,,,,,,,,,,,,,,"200286","63757","39","32907",,,,,,,,,,
"2017","同安区","同安区","20-6 固定资产投资（2017年）","http://tjj.fujian.gov.cn/tongjinianjian/dz2018/cn/html/2006.htm","fixed_asset_investment",,,,,,,,,,,,"334.29","23","168.71","7.9",,,,,,,,,,,,,,
"2017","同安区","同安区","20-1 地区生产总值（2017年）","http://tjj.fujian.gov.cn/tongjinianjian/dz2018/cn/html/2001.htm","gdp","399.06","9.78","252.29","136.98","229.5","22.79","70256",,,,,,,,,,,,,,,,,,,,,,
"2017","同安区","同安区","20-12 规模以上工业增加值增速（2017年）","http://tjj.fujian.gov.cn/tongjinianjian/dz2018/cn/html/2012.htm","industrial_va_growth",,,,,,,,,,,,,,,,,,,,,,,,,"11","4.2","21.1",,
"2017","同安区","同安区","20-4 年末常住人口数（2017年）","http://tjj.fujian.gov.cn/tongjinianjian/dz2018/cn/html/2004.htm","population",,,,,,,,"58.1","40.96","17.14","70.5",,,,,,,,,,,,,,,,,,
"2017","同安区","同安区","20-17 社会消费品零售总额（2017年）","http://tjj.fujian.gov.cn/tongjinianjian/dz2018/cn/html/2017.htm","retail_sales",,,,,,,,,,,,,,,,,,,,,,,,,,,,"2099352","109"
"2017","武平县","武平县","20-10 一般公共预算支出（2017年）","http://tjj.fujian.gov.cn/tongjinianjian/dz2018/cn/html/2010.htm","budget_expenditure",,,,,,,,,,,,,,,,,,,,"354123","22900","67392","18639","76550",,,,,
"2017","武平县","武平县","20-9 地方一般公共预算收入（2017年）","http://tjj.fujian.gov.cn/tongjinianjian/dz2018/cn/html/2009.htm","budget_revenue",,,,,,,,,,,,,,,,"79817","20520","194","7670",,,,,,,,,,
"2017","武平县","武平县","20-6 固定资产投资（2017年）","http://tjj.fujian.gov.cn/tongjinianjian/dz2018/cn/html/2006.htm","fixed_asset_investment",,,,,,,,,,,,"280.77","8.3","272.54","8.8",,,,,,,,,,,,,,
"2017","武平县","武平县","20-1 地区生产总值（2017年）","http://tjj.fujian.gov.cn/tongjinianjian/dz2018/cn/html/2001.htm","gdp","181.29","29.37","72.72","79.2","51.31","21.41","65448",,,,,,,,,,,,,,,,,,,,,,
"2017","武平县","武平县","20-12 规模以上工业增加值增速（2017年）","http://tjj.fujian.gov.cn/tongjinianjian/dz2018/cn/html/2012.htm","industrial_va_growth",,,,,,,,,,,,,,,,,,,,,,,,,"8.9","10.3","8.3",,
"2017","武平县","武平县","20-4 年末常住人口数（2017年）","http://tjj.fujian.gov.cn/tongjinianjian/dz2018/cn/html/2004.htm","population",,,,,,,,"27.7","13.43","14.27","48.5",,,,,,,,,,,,,,,,,,
"2017","武平县","武平县","20-17 社会消费品零售总额（2017年）","http://tjj.fujian.gov.cn/tongjinianjian/dz2018/cn/html/2017.htm","retail_sales",,,,,,,,,,,,,,,,,,,,,,,,,,,,"757833","12.3"
"2017","武夷山市","武夷山市","20-10 一般公共预算支出（2017年）","http://tjj.fujian.gov.cn/tongjinianjian/dz2018/cn/html/2010.htm","budget_expenditure",,,,,,,,,,,,,,,,,,,,"264683","16660","38945","2781","52857",,,,,
"2017","武夷山市","武夷山市","20-9 地方一般公共预算收入（2017年）","http://tjj.fujian.gov.cn/tongjinianjian/dz2018/cn/html/2009.htm","budget_revenue",,,,,,,,,,,,,,,,"80166","18183","377","4292",,,,,,,,,,
"2017","武夷山市","武夷山市","20-6 固定资产投资（2017年）","http://tjj.fujian.gov.cn/tongjinianjian/dz2018/cn/html/2006.htm","fixed_asset_investment",,,,,,,,,,,,"267.79","3.2","250.92","2.9",,,,,,,,,,,,,,
"2017","武夷山市","武夷山市","20-1 地区生产总值（2017年）","http://tjj.fujian.gov.cn/tongjinianjian/dz2018/cn/html/2001.htm","gdp","167.37","23.73","66.66","76.98","40.01","26.65","71068",,,,,,,,,,,,,,,,,,,,,,
"2017","武夷山市","武夷山市","20-12 规模以上工业增加值增速（2017年）","http://tjj.fujian.gov.cn/tongjinianjian/dz2018/cn/html/2012.htm","industrial_va_growth",,,,,,,,,,,,,,,,,,,,,,,,,"8.2","7.2","15.4",,
"2017","武夷山市","武夷山市","20-4 年末常住人口数（2017年）","http://tjj.fujian.gov.cn/tongjinianjian/dz2018/cn/html/2004.htm","population",,,,,,,,"23.7","13.58","10.12","57.3",,,,,,,,,,,,,,,,,,
"2017","武夷山市","武夷山市","20-17 社会消费品零售总额（2017年）","http://tjj.fujian.gov.cn/tongjinianjian/dz2018/cn/html/2017.htm","retail_sales",,,,,,,,,,,,,,,,,,,,,,,,,,,,"518333","10"
"2017","霞浦县","霞浦县","20-10 一般公共预算支出（2017年）","http://tjj.fujian.gov.cn/tongjinianjian/dz2018/cn/html/2010.htm","budget_expenditure",,,,,,,,,,,,,,,,,,,,"368761","24460","72366","441","82979",,,,,
"2017","霞浦县","霞浦县","20-9 地方一般公共预算收入（2017年）","http://tjj.fujian.gov.cn/tongjinianjian/dz2018/cn/html/2009.htm","budget_revenue",,,,,,,,,,,,,,,,"91102","23591","177","2585",,,,,,,,,,
"2017","霞浦县","霞浦县","20-6 固定资产投资（2017年）","http://tjj.fujian.gov.cn/tongjinianjian/dz2018/cn/html/2006.htm","fixed_asset_investment",,,,,,,,,,,,"149.49","15.1","123.88","8.3",,,,,,,,,,,,,,
"2017","霞浦县","霞浦县","20-1 地区生产总值（2017年）","http://tjj.fujian.gov.cn/tongjinianjian/dz2018/cn/html/2001.htm","gdp","212.51","57.37","63.57","91.58","42.16","21.46","45530",,,,,,,,,,,,,,,,,,,,,,
"2017","霞浦县","霞浦县","20-12 规模以上工业增加值增速（2017年）","http://tjj.fujian.gov.cn/tongjinianjian/dz2018/cn/html/2012.htm","industrial_va_growth",,,,,,,,,,,,,,,,,,,,,,,,,"-4.4","-8.8","3.4",,
"2017","霞浦县","霞浦县","20-4 年末常住人口数（2017年）","http://tjj.fujian.gov.cn/tongjinianjian/dz2018/cn/html/2004.htm","population",,,,,,,,"46.7","22.09","24.61","47.3",,,,,,,,,,,,,,,,,,
"2017","霞浦县","霞浦县","20-17 社会消费品零售总额（2017年）","http://tjj.fujian.gov.cn/tongjinianjian/dz2018/cn/html/2017.htm","retail_sales",,,,,,,,,,,,,,,,,,,,,,,,,,,,"787208","9"
"2017","仙游县","仙游县","20-10 一般公共预算支出（2017年）","http://tjj.fujian.gov.cn/tongjinianjian/dz2018/cn/html/2010.htm","budget_expenditure",,,,,,,,,,,,,,,,,,,,"535935","32810","140346","3158","73143",,,,,
"2017","仙游县","仙游县","20-9 地方一般公共预算收入（2017年）","http://tjj.fujian.gov.cn/tongjinianjian/dz2018/cn/html/2009.htm","budget_revenue",,,,,,,,,,,,,,,,"217748","50988","1387","22116",,,,,,,,,,
"2017","仙游县","仙游县","20-6 固定资产投资（2017年）","http://tjj.fujian.gov.cn/tongjinianjian/dz2018/cn/html/2006.htm","fixed_asset_investment",,,,,,,,,,,,"403.25","22.9","349.14","26.5",,,,,,,,,,,,,,
"2017","仙游县","仙游县","20-1 地区生产总值（2017年）","http://tjj.fujian.gov.cn/tongjinianjian/dz2018/cn/html/2001.htm","gdp","359.9","17.66","173.64","168.6","144.78","30.24","41800",,,,,,,,,,,,,,,,,,,,,,
"2017","仙游县","仙游县","20-12 规模以上工业增加值增速（2017年）","http://tjj.fujian.gov.cn/tongjinianjian/dz2018/cn/html/2012.htm","industrial_va_growth",,,,,,,,,,,,,,,,,,,,,,,,,"8.1","10.9","-0.6",,
"2017","仙游县","仙游县","20-4 年末常住人口数（2017年）","http://tjj.fujian.gov.cn/tongjinianjian/dz2018/cn/html/2004.htm","population",,,,,,,,"86.3","39.7","46.6","46",,,,,,,,,,,,,,,,,,
"2017","仙游县","仙游县","20-17 社会消费品零售总额（2017年）","http://tjj.fujian.gov.cn/tongjinianjian/dz2018/cn/html/2017.htm","retail_sales",,,,,,,,,,,,,,,,,,,,,,,,,,,,"950558","9.7"
"2017","芗城区","芗城区","20-10 一般公共预算支出（2017年）","http://tjj.fujian.gov.cn/tongjinianjian/dz2018/cn/html/2010.htm","budget_expenditure",,,,,,,,,,,,,,,,,,,,"220659","22166","38919","1386","5806",,,,,
"2017","芗城区","芗城区","20-9 地方一般公共预算收入（2017年）","http://tjj.fujian.gov.cn/tongjinianjian/dz2018/cn/html/2009.htm","budget_revenue",,,,,,,,,,,,,,,,"151367","53707","86","18804",,,,,,,,,,
"2017","芗城区","芗城区","20-6 固定资产投资（2017年）","http://tjj.fujian.gov.cn/tongjinianjian/dz2018/cn/html/2006.htm","fixed_asset_investment",,,,,,,,,,,,"236.21","25.4","147.64","20.5",,,,,,,,,,,,,,
"2017","芗城区","芗城区","20-1 地区生产总值（2017年）","http://tjj.fujian.gov.cn/tongjinianjian/dz2018/cn/html/2001.htm","gdp","592.44","8.02","257.43","326.99","214.56","42.87","99737",,,,,,,,,,,,,,,,,,,,,,
"2017","芗城区","芗城区","20-12 规模以上工业增加值增速（2017年）","http://tjj.fujian.gov.cn/tongjinianjian/dz2018/cn/html/2012.htm","industrial_va_growth",,,,,,,,,,,,,,,,,,,,,,,,,"7.7","9.9","6.9",,
"2017","芗城区","芗城区","20-4 年末常住人口数（2017年）","http://tjj.fujian.gov.cn/tongjinianjian/dz2018/cn/html/2004.htm","population",,,,,,,,"59.7","54.27","5.43","90.9",,,,,,,,,,,,,,,,,,
"2017","芗城区","芗城区","20-17 社会消费品零售总额（2017年）","http://tjj.fujian.gov.cn/tongjinianjian/dz2018/cn/html/2017.htm","retail_sales",,,,,,,,,,,,,,,,,,,,,,,,,,,,"2008466","9.3"
"2017","翔安区","翔安区","20-10 一般公共预算支出（2017年）","http://tjj.fujian.gov.cn/tongjinianjian/dz2018/cn/html/2010.htm","budget_expenditure",,,,,,,,,,,,,,,,,,,,"392714","44054","96885","4374","27618",,,,,
"2017","翔安区","翔安区","20-9 地方一般公共预算收入（2017年）","http://tjj.fujian.gov.cn/tongjinianjian/dz2018/cn/html/2009.htm","budget_revenue",,,,,,,,,,,,,,,,"179797","43919","96","20910",,,,,,,,,,
"2017","翔安区","翔安区","20-6 固定资产投资（2017年）","http://tjj.fujian.gov.cn/tongjinianjian/dz2018/cn/html/2006.htm","fixed_asset_investment",,,,,,,,,,,,"586.36","33.7","332.99","-5.8",,,,,,,,,,,,,,
"2017","翔安区","翔安区","20-1 地区生产总值（2017年）","http://tjj.fujian.gov.cn/tongjinianjian/dz2018/cn/html/2001.htm","gdp","452.52","7.65","334.6","110.27","291.8","42.8","128740",,,,,,,,,,,,,,,,,,,,,,
"2017","翔安区","翔安区","20-12 规模以上工业增加值增速（2017年）","http://tjj.fujian.gov.cn/tongjinianjian/dz2018/cn/html/2012.htm","industrial_va_growth",,,,,,,,,,,,,,,,,,,,,,,,,"8.2","5.2","9.3",,
"2017","翔安区","翔安区","20-4 年末常住人口数（2017年）","http://tjj.fujian.gov.cn/tongjinianjian/dz2018/cn/html/2004.htm","population",,,,,,,,"35.9","21.07","14.83","58.7",,,,,,,,,,,,,,,,,,
"2017","翔安区","翔安区","20-17 社会消费品零售总额（2017年）","http://tjj.fujian.gov.cn/tongjinianjian/dz2018/cn/html/2017.htm","retail_sales",,,,,,,,,,,,,,,,,,,,,,,,,,,,"638925","13.6"
"2017","新罗区","新罗区","20-10 一般公共预算支出（2017年）","http://tjj.fujian.gov.cn/tongjinianjian/dz2018/cn/html/2010.htm","budget_expenditure",,,,,,,,,,,,,,,,,,,,"406798","38062","97680","36326","58576",,,,,
"2017","新罗区","新罗区","20-9 地方一般公共预算收入（2017年）","http://tjj.fujian.gov.cn/tongjinianjian/dz2018/cn/html/2009.htm","budget_revenue",,,,,,,,,,,,,,,,"219365","60076","294","19927",,,,,,,,,,
"2017","新罗区","新罗区","20-6 固定资产投资（2017年）","http://tjj.fujian.gov.cn/tongjinianjian/dz2018/cn/html/2006.htm","fixed_asset_investment",,,,,,,,,,,,"845.98","11.4","711.13","13.2",,,,,,,,,,,,,,
"2017","新罗区","新罗区","20-1 地区生产总值（2017年）","http://tjj.fujian.gov.cn/tongjinianjian/dz2018/cn/html/2001.htm","gdp","790.65","37","429.75","323.9","349.56","80.19","108382",,,,,,,,,,,,,,,,,,,,,,
"2017","新罗区","新罗区","20-12 规模以上工业增加值增速（2017年）","http://tjj.fujian.gov.cn/tongjinianjian/dz2018/cn/html/2012.htm","industrial_va_growth",,,,,,,,,,,,,,,,,,,,,,,,,"7.3","5.1","9.6",,
"2017","新罗区","新罗区","20-4 年末常住人口数（2017年）","http://tjj.fujian.gov.cn/tongjinianjian/dz2018/cn/html/2004.htm","population",,,,,,,,"73.4","52.41","20.99","71.4",,,,,,,,,,,,,,,,,,
"2017","新罗区","新罗区","20-17 社会消费品零售总额（2017年）","http://tjj.fujian.gov.cn/tongjinianjian/dz2018/cn/html/2017.htm","retail_sales",,,,,,,,,,,,,,,,,,,,,,,,,,,,"3551392","13.4"
"2017","秀屿区","秀屿区","20-10 一般公共预算支出（2017年）","http://tjj.fujian.gov.cn/tongjinianjian/dz2018/cn/html/2010.htm","budget_expenditure",,,,,,,,,,,,,,,,,,,,"369438","32775","104883","1556","38252",,,,,
"2017","秀屿区","秀屿区","20-9 地方一般公共预算收入（2017年）","http://tjj.fujian.gov.cn/tongjinianjian/dz2018/cn/html/2009.htm","budget_revenue",,,,,,,,,,,,,,,,"222759","54785",,"22397",,,,,,,,,,
"2017","秀屿区","秀屿区","20-6 固定资产投资（2017年）","http://tjj.fujian.gov.cn/tongjinianjian/dz2018/cn/html/2006.htm","fixed_asset_investment",,,,,,,,,,,,"770.13","9.1","742","7.7",,,,,,,,,,,,,,
"2017","秀屿区","秀屿区","20-1 地区生产总值（2017年）","http://tjj.fujian.gov.cn/tongjinianjian/dz2018/cn/html/2001.htm","gdp","422.39","56","226.34","140.05","159.84","67.97","71229",,,,,,,,,,,,,,,,,,,,,,
"2017","秀屿区","秀屿区","20-12 规模以上工业增加值增速（2017年）","http://tjj.fujian.gov.cn/tongjinianjian/dz2018/cn/html/2012.htm","industrial_va_growth",,,,,,,,,,,,,,,,,,,,,,,,,"9.1","9.6","8.8",,
"2017","秀屿区","秀屿区","20-4 年末常住人口数（2017年）","http://tjj.fujian.gov.cn/tongjinianjian/dz2018/cn/html/2004.htm","population",,,,,,,,"59.4","26.37","33.03","44.4",,,,,,,,,,,,,,,,,,
"2017","秀屿区","秀屿区","20-17 社会消费品零售总额（2017年）","http://tjj.fujian.gov.cn/tongjinianjian/dz2018/cn/html/2017.htm","retail_sales",,,,,,,,,,,,,,,,,,,,,,,,,,,,"754838","10"
"2017","延平区","延平区","20-10 一般公共预算支出（2017年）","http://tjj.fujian.gov.cn/tongjinianjian/dz2018/cn/html/2010.htm","budget_expenditure",,,,,,,,,,,,,,,,,,,,"236838","15595","53048","3210","54082",,,,,
"2017","延平区","延平区","20-9 地方一般公共预算收入（2017年）","http://tjj.fujian.gov.cn/tongjinianjian/dz2018/cn/html/2009.htm","budget_revenue",,,,,,,,,,,,,,,,"71919","22936","257","7118",,,,,,,,,,
"2017","延平区","延平区","20-6 固定资产投资（2017年）","http://tjj.fujian.gov.cn/tongjinianjian/dz2018/cn/html/2006.htm","fixed_asset_investment",,,,,,,,,,,,"200.66","13.4","166.49","15.3",,,,,,,,,,,,,,
"2017","延平区","延平区","20-1 地区生产总值（2017年）","http://tjj.fujian.gov.cn/tongjinianjian/dz2018/cn/html/2001.htm","gdp","339.47","34.67","163.24","141.56","100.97","62.27","71241",,,,,,,,,,,,,,,,,,,,,,
"2017","延平区","延平区","20-12 规模以上工业增加值增速（2017年）","http://tjj.fujian.gov.cn/tongjinianjian/dz2018/cn/html/2012.htm","industrial_va_growth",,,,,,,,,,,,,,,,,,,,,,,,,"6.4","11.8","-0.2",,
"2017","延平区","延平区","20-4 年末常住人口数（2017年）","http://tjj.fujian.gov.cn/tongjinianjian/dz2018/cn/html/2004.htm","population",,,,,,,,"47.8","32.55","15.25","68.1",,,,,,,,,,,,,,,,,,
"2017","延平区","延平区","20-17 社会消费品零售总额（2017年）","http://tjj.fujian.gov.cn/tongjinianjian/dz2018/cn/html/2017.htm","retail_sales",,,,,,,,,,,,,,,,,,,,,,,,,,,,"1424480","8.8"
"2017","永安市","永安市","20-10 一般公共预算支出（2017年）","http://tjj.fujian.gov.cn/tongjinianjian/dz2018/cn/html/2010.htm","budget_expenditure",,,,,,,,,,,,,,,,,,,,"291511","51593","66490","13119","31888",,,,,
"2017","永安市","永安市","20-9 地方一般公共预算收入（2017年）","http://tjj.fujian.gov.cn/tongjinianjian/dz2018/cn/html/2009.htm","budget_revenue",,,,,,,,,,,,,,,,"176108","46211","196","11069",,,,,,,,,,
"2017","永安市","永安市","20-6 固定资产投资（2017年）","http://tjj.fujian.gov.cn/tongjinianjian/dz2018/cn/html/2006.htm","fixed_asset_investment",,,,,,,,,,,,"314.93","10.7","303.23","11.9",,,,,,,,,,,,,,
"2017","永安市","永安市","20-1 地区生产总值（2017年）","http://tjj.fujian.gov.cn/tongjinianjian/dz2018/cn/html/2001.htm","gdp","380.52","28.13","223.34","129.05","199.84","23.5","107460",,,,,,,,,,,,,,,,,,,,,,
"2017","永安市","永安市","20-12 规模以上工业增加值增速（2017年）","http://tjj.fujian.gov.cn/tongjinianjian/dz2018/cn/html/2012.htm","industrial_va_growth",,,,,,,,,,,,,,,,,,,,,,,,,"8.1","7.5","8.4",,
"2017","永安市","永安市","20-4 年末常住人口数（2017年）","http://tjj.fujian.gov.cn/tongjinianjian/dz2018/cn/html/2004.htm","population",,,,,,,,"35.5","24.57","10.93","69.2",,,,,,,,,,,,,,,,,,
"2017","永安市","永安市","20-17 社会消费品零售总额（2017年）","http://tjj.fujian.gov.cn/tongjinianjian/dz2018/cn/html/2017.htm","retail_sales",,,,,,,,,,,,,,,,,,,,,,,,,,,,"958987","11.8"
"2017","永春县","永春县","20-10 一般公共预算支出（2017年）","http://tjj.fujian.gov.cn/tongjinianjian/dz2018/cn/html/2010.htm","budget_expenditure",,,,,,,,,,,,,,,,,,,,"320637","28951","78149","2831","51379",,,,,
"2017","永春县","永春县","20-9 地方一般公共预算收入（2017年）","http://tjj.fujian.gov.cn/tongjinianjian/dz2018/cn/html/2009.htm","budget_revenue",,,,,,,,,,,,,,,,"111028","34300","125","9564",,,,,,,,,,
"2017","永春县","永春县","20-6 固定资产投资（2017年）","http://tjj.fujian.gov.cn/tongjinianjian/dz2018/cn/html/2006.htm","fixed_asset_investment",,,,,,,,,,,,"150.01","16.3","138.3","16.6",,,,,,,,,,,,,,
"2017","永春县","永春县","20-1 地区生产总值（2017年）","http://tjj.fujian.gov.cn/tongjinianjian/dz2018/cn/html/2001.htm","gdp","373.31","20.6","212.93","139.78","191.11","21.82","80716",,,,,,,,,,,,,,,,,,,,,,
"2017","永春县","永春县","20-12 规模以上工业增加值增速（2017年）","http://tjj.fujian.gov.cn/tongjinianjian/dz2018/cn/html/2012.htm","industrial_va_growth",,,,,,,,,,,,,,,,,,,,,,,,,"9","10.2","4.5",,
"2017","永春县","永春县","20-4 年末常住人口数（2017年）","http://tjj.fujian.gov.cn/tongjinianjian/dz2018/cn/html/2004.htm","population",,,,,,,,"46.5","27.48","19.02","59.1",,,,,,,,,,,,,,,,,,
"2017","永春县","永春县","20-17 社会消费品零售总额（2017年）","http://tjj.fujian.gov.cn/tongjinianjian/dz2018/cn/html/2017.htm","retail_sales",,,,,,,,,,,,,,,,,,,,,,,,,,,,"874051","10.4"
"2017","永定县","永定区","20-10 一般公共预算支出（2017年）","http://tjj.fujian.gov.cn/tongjinianjian/dz2018/cn/html/2010.htm","budget_expenditure",,,,,,,,,,,,,,,,,,,,"290544","26560","66295","5406","45375",,,,,
"2017","永定县","永定区","20-9 地方一般公共预算收入（2017年）","http://tjj.fujian.gov.cn/tongjinianjian/dz2018/cn/html/2009.htm","budget_revenue",,,,,,,,,,,,,,,,"91889","31437","63","6919",,,,,,,,,,
"2017","永定县","永定区","20-6 固定资产投资（2017年）","http://tjj.fujian.gov.cn/tongjinianjian/dz2018/cn/html/2006.htm","fixed_asset_investment",,,,,,,,,,,,"290.31","19.1","281.02","19.1",,,,,,,,,,,,,,
"2017","永定县","永定区","20-1 地区生产总值（2017年）","http://tjj.fujian.gov.cn/tongjinianjian/dz2018/cn/html/2001.htm","gdp","242.01","28.54","115.12","98.35","92.8","22.32","66669",,,,,,,,,,,,,,,,,,,,,,
"2017","永定县","永定区","20-12 规模以上工业增加值增速（2017年）","http://tjj.fujian.gov.cn/tongjinianjian/dz2018/cn/html/2012.htm","industrial_va_growth",,,,,,,,,,,,,,,,,,,,,,,,,"7.1","24","1.4",,
"2017","永定县","永定区","20-4 年末常住人口数（2017年）","http://tjj.fujian.gov.cn/tongjinianjian/dz2018/cn/html/2004.htm","population",,,,,,,,"36.3","17.46","18.84","48.1",,,,,,,,,,,,,,,,,,
"2017","永定县","永定区","20-17 社会消费品零售总额（2017年）","http://tjj.fujian.gov.cn/tongjinianjian/dz2018/cn/html/2017.htm","retail_sales",,,,,,,,,,,,,,,,,,,,,,,,,,,,"869611","12.3"
"2017","永泰县","永泰县","20-10 一般公共预算支出（2017年）","http://tjj.fujian.gov.cn/tongjinianjian/dz2018/cn/html/2010.htm","budget_expenditure",,,,,,,,,,,,,,,,,,,,"314271","24690","56096","8864","60494",,,,,
"2017","永泰县","永泰县","20-9 地方一般公共预算收入（2017年）","http://tjj.fujian.gov.cn/tongjinianjian/dz2018/cn/html/2009.htm","budget_revenue",,,,,,,,,,,,,,,,"91019","25382","-35","12110",,,,,,,,,,
"2017","永泰县","永泰县","20-6 固定资产投资（2017年）","http://tjj.fujian.gov.cn/tongjinianjian/dz2018/cn/html/2006.htm","fixed_asset_investment",,,,,,,,,,,,"111.63","25.3","83.8","93.5",,,,,,,,,,,,,,
"2017","永泰县","永泰县","20-1 地区生产总值（2017年）","http://tjj.fujian.gov.cn/tongjinianjian/dz2018/cn/html/2001.htm","gdp","165.86","44.41","66.01","55.44","21.04","44.98","65558",,,,,,,,,,,,,,,,,,,,,,
"2017","永泰县","永泰县","20-12 规模以上工业增加值增速（2017年）","http://tjj.fujian.gov.cn/tongjinianjian/dz2018/cn/html/2012.htm","industrial_va_growth",,,,,,,,,,,,,,,,,,,,,,,,,"7.5","7.9","7",,
"2017","永泰县","永泰县","20-4 年末常住人口数（2017年）","http://tjj.fujian.gov.cn/tongjinianjian/dz2018/cn/html/2004.htm","population",,,,,,,,"25.4","10.49","14.91","41.3",,,,,,,,,,,,,,,,,,
"2017","永泰县","永泰县","20-17 社会消费品零售总额（2017年）","http://tjj.fujian.gov.cn/tongjinianjian/dz2018/cn/html/2017.htm","retail_sales",,,,,,,,,,,,,,,,,,,,,,,,,,,,"601511","14.3"
"2017","尤溪县","尤溪县","20-10 一般公共预算支出（2017年）","http://tjj.fujian.gov.cn/tongjinianjian/dz2018/cn/html/2010.htm","budget_expenditure",,,,,,,,,,,,,,,,,,,,"288677","20274","71940","653","60760",,,,,
"2017","尤溪县","尤溪县","20-9 地方一般公共预算收入（2017年）","http://tjj.fujian.gov.cn/tongjinianjian/dz2018/cn/html/2009.htm","budget_revenue",,,,,,,,,,,,,,,,"78222","24958","57","5337",,,,,,,,,,
"2017","尤溪县","尤溪县","20-6 固定资产投资（2017年）","http://tjj.fujian.gov.cn/tongjinianjian/dz2018/cn/html/2006.htm","fixed_asset_investment",,,,,,,,,,,,"258.69","17.1","254.25","17",,,,,,,,,,,,,,
"2017","尤溪县","尤溪县","20-1 地区生产总值（2017年）","http://tjj.fujian.gov.cn/tongjinianjian/dz2018/cn/html/2001.htm","gdp","220.06","41.16","99","79.9","76.47","22.53","61204",,,,,,,,,,,,,,,,,,,,,,
"2017","尤溪县","尤溪县","20-12 规模以上工业增加值增速（2017年）","http://tjj.fujian.gov.cn/tongjinianjian/dz2018/cn/html/2012.htm","industrial_va_growth",,,,,,,,,,,,,,,,,,,,,,,,,"8","8.8","6.3",,
"2017","尤溪县","尤溪县","20-4 年末常住人口数（2017年）","http://tjj.fujian.gov.cn/tongjinianjian/dz2018/cn/html/2004.htm","population",,,,,,,,"36.1","16.17","19.93","44.8",,,,,,,,,,,,,,,,,,
"2017","尤溪县","尤溪县","20-17 社会消费品零售总额（2017年）","http://tjj.fujian.gov.cn/tongjinianjian/dz2018/cn/html/2017.htm","retail_sales",,,,,,,,,,,,,,,,,,,,,,,,,,,,"494041","10.8"
"2017","云霄县","云霄县","20-10 一般公共预算支出（2017年）","http://tjj.fujian.gov.cn/tongjinianjian/dz2018/cn/html/2010.htm","budget_expenditure",,,,,,,,,,,,,,,,,,,,"307561","19473","66075","979","40260",,,,,
"2017","云霄县","云霄县","20-9 地方一般公共预算收入（2017年）","http://tjj.fujian.gov.cn/tongjinianjian/dz2018/cn/html/2009.htm","budget_revenue",,,,,,,,,,,,,,,,"61800","16917","22","5248",,,,,,,,,,
"2017","云霄县","云霄县","20-6 固定资产投资（2017年）","http://tjj.fujian.gov.cn/tongjinianjian/dz2018/cn/html/2006.htm","fixed_asset_investment",,,,,,,,,,,,"309.72","26.2","303.04","29.8",,,,,,,,,,,,,,
"2017","云霄县","云霄县","20-1 地区生产总值（2017年）","http://tjj.fujian.gov.cn/tongjinianjian/dz2018/cn/html/2001.htm","gdp","200.46","26.81","97.79","75.87","84.99","12.8","47502",,,,,,,,,,,,,,,,,,,,,,
"2017","云霄县","云霄县","20-12 规模以上工业增加值增速（2017年）","http://tjj.fujian.gov.cn/tongjinianjian/dz2018/cn/html/2012.htm","industrial_va_growth",,,,,,,,,,,,,,,,,,,,,,,,,"9.6","15.7","3.1",,
"2017","云霄县","云霄县","20-4 年末常住人口数（2017年）","http://tjj.fujian.gov.cn/tongjinianjian/dz2018/cn/html/2004.htm","population",,,,,,,,"42.4","21.62","20.78","51",,,,,,,,,,,,,,,,,,
"2017","云霄县","云霄县","20-17 社会消费品零售总额（2017年）","http://tjj.fujian.gov.cn/tongjinianjian/dz2018/cn/html/2017.htm","retail_sales",,,,,,,,,,,,,,,,,,,,,,,,,,,,"709035","14.6"
"2017","漳平市","漳平市","20-10 一般公共预算支出（2017年）","http://tjj.fujian.gov.cn/tongjinianjian/dz2018/cn/html/2010.htm","budget_expenditure",,,,,,,,,,,,,,,,,,,,"239271","21960","50131","5418","49958",,,,,
"2017","漳平市","漳平市","20-9 地方一般公共预算收入（2017年）","http://tjj.fujian.gov.cn/tongjinianjian/dz2018/cn/html/2009.htm","budget_revenue",,,,,,,,,,,,,,,,"68075","23278","28","6006",,,,,,,,,,
"2017","漳平市","漳平市","20-6 固定资产投资（2017年）","http://tjj.fujian.gov.cn/tongjinianjian/dz2018/cn/html/2006.htm","fixed_asset_investment",,,,,,,,,,,,"253.88","17.3","246","18",,,,,,,,,,,,,,
"2017","漳平市","漳平市","20-1 地区生产总值（2017年）","http://tjj.fujian.gov.cn/tongjinianjian/dz2018/cn/html/2001.htm","gdp","231.02","29.73","93.66","107.62","70.77","22.9","95463",,,,,,,,,,,,,,,,,,,,,,
"2017","漳平市","漳平市","20-12 规模以上工业增加值增速（2017年）","http://tjj.fujian.gov.cn/tongjinianjian/dz2018/cn/html/2012.htm","industrial_va_growth",,,,,,,,,,,,,,,,,,,,,,,,,"9.3","10","8.9",,
"2017","漳平市","漳平市","20-4 年末常住人口数（2017年）","http://tjj.fujian.gov.cn/tongjinianjian/dz2018/cn/html/2004.htm","population",,,,,,,,"24.2","13.21","10.99","54.6",,,,,,,,,,,,,,,,,,
"2017","漳平市","漳平市","20-17 社会消费品零售总额（2017年）","http://tjj.fujian.gov.cn/tongjinianjian/dz2018/cn/html/2017.htm","retail_sales",,,,,,,,,,,,,,,,,,,,,,,,,,,,"706414","13.6"
"2017","漳浦县","漳浦县","20-10 一般公共预算支出（2017年）","http://tjj.fujian.gov.cn/tongjinianjian/dz2018/cn/html/2010.htm","budget_expenditure",,,,,,,,,,,,,,,,,,,,"571957","22124","96283","7580","54004",,,,,
"2017","漳浦县","漳浦县","20-9 地方一般公共预算收入（2017年）","http://tjj.fujian.gov.cn/tongjinianjian/dz2018/cn/html/2009.htm","budget_revenue",,,,,,,,,,,,,,,,"199737","49228","496","23115",,,,,,,,,,
"2017","漳浦县","漳浦县","20-6 固定资产投资（2017年）","http://tjj.fujian.gov.cn/tongjinianjian/dz2018/cn/html/2006.htm","fixed_asset_investment",,,,,,,,,,,,"379.28","3.6","352.07","16.5",,,,,,,,,,,,,,
"2017","漳浦县","漳浦县","20-1 地区生产总值（2017年）","http://tjj.fujian.gov.cn/tongjinianjian/dz2018/cn/html/2001.htm","gdp","376.51","69.8","140.44","166.26","105.08","35.4","45234",,,,,,,,,,,,,,,,,,,,,,
"2017","漳浦县","漳浦县","20-12 规模以上工业增加值增速（2017年）","http://tjj.fujian.gov.cn/tongjinianjian/dz2018/cn/html/2012.htm","industrial_va_growth",,,,,,,,,,,,,,,,,,,,,,,,,"9.9","11.3","7.2",,
"2017","漳浦县","漳浦县","20-4 年末常住人口数（2017年）","http://tjj.fujian.gov.cn/tongjinianjian/dz2018/cn/html/2004.htm","population",,,,,,,,"83.7","43.36","40.34","51.8",,,,,,,,,,,,,,,,,,
"2017","漳浦县","漳浦县","20-17 社会消费品零售总额（2017年）","http://tjj.fujian.gov.cn/tongjinianjian/dz2018/cn/html/2017.htm","retail_sales",,,,,,,,,,,,,,,,,,,,,,,,,,,,"1139894","12"
"2017","长乐市","长乐区","20-10 一般公共预算支出（2017年）","http://tjj.fujian.gov.cn/tongjinianjian/dz2018/cn/html/2010.htm","budget_expenditure",,,,,,,,,,,,,,,,,,,,"658720","42920","121330","6321","59695",,,,,
"2017","长乐市","长乐区","20-9 地方一般公共预算收入（2017年）","http://tjj.fujian.gov.cn/tongjinianjian/dz2018/cn/html/2009.htm","budget_revenue",,,,,,,,,,,,,,,,"424251","123109","47","34265",,,,,,,,,,
"2017","长乐市","长乐区","20-6 固定资产投资（2017年）","http://tjj.fujian.gov.cn/tongjinianjian/dz2018/cn/html/2006.htm","fixed_asset_investment",,,,,,,,,,,,"605.61","21.7","468.91","20.5",,,,,,,,,,,,,,
"2017","长乐市","长乐区","20-1 地区生产总值（2017年）","http://tjj.fujian.gov.cn/tongjinianjian/dz2018/cn/html/2001.htm","gdp","740.31","49.15","470.67","220.48","439.54","31.24","102112",,,,,,,,,,,,,,,,,,,,,,
"2017","长乐市","长乐区","20-12 规模以上工业增加值增速（2017年）","http://tjj.fujian.gov.cn/tongjinianjian/dz2018/cn/html/2012.htm","industrial_va_growth",,,,,,,,,,,,,,,,,,,,,,,,,"7.3","9.2","5.9",,
"2017","长乐市","长乐区","20-4 年末常住人口数（2017年）","http://tjj.fujian.gov.cn/tongjinianjian/dz2018/cn/html/2004.htm","population",,,,,,,,"72.9","37.62","35.28","51.6",,,,,,,,,,,,,,,,,,
"2017","长乐市","长乐区","20-17 社会消费品零售总额（2017年）","http://tjj.fujian.gov.cn/tongjinianjian/dz2018/cn/html/2017.htm","retail_sales",,,,,,,,,,,,,,,,,,,,,,,,,,,,"2126416","12.4"
"2017","长泰县","长泰县","20-10 一般公共预算支出（2017年）","http://tjj.fujian.gov.cn/tongjinianjian/dz2018/cn/html/2010.htm","budget_expenditure",,,,,,,,,,,,,,,,,,,,"236359","19935","43620","2591","24360",,,,,
"2017","长泰县","长泰县","20-9 地方一般公共预算收入（2017年）","http://tjj.fujian.gov.cn/tongjinianjian/dz2018/cn/html/2009.htm","budget_revenue",,,,,,,,,,,,,,,,"127488","45411","80","12161",,,,,,,,,,
"2017","长泰县","长泰县","20-6 固定资产投资（2017年）","http://tjj.fujian.gov.cn/tongjinianjian/dz2018/cn/html/2006.htm","fixed_asset_investment",,,,,,,,,,,,"270.16","17.6","245.88","15.3",,,,,,,,,,,,,,
"2017","长泰县","长泰县","20-1 地区生产总值（2017年）","http://tjj.fujian.gov.cn/tongjinianjian/dz2018/cn/html/2001.htm","gdp","241.5","13.8","150.11","77.59","143.52","6.59","107812",,,,,,,,,,,,,,,,,,,,,,
"2017","长泰县","长泰县","20-12 规模以上工业增加值增速（2017年）","http://tjj.fujian.gov.cn/tongjinianjian/dz2018/cn/html/2012.htm","industrial_va_growth",,,,,,,,,,,,,,,,,,,,,,,,,"9.5","6.4","11.9",,
"2017","长泰县","长泰县","20-4 年末常住人口数（2017年）","http://tjj.fujian.gov.cn/tongjinianjian/dz2018/cn/html/2004.htm","population",,,,,,,,"22.5","12.17","10.33","54.1",,,,,,,,,,,,,,,,,,
"2017","长泰县","长泰县","20-17 社会消费品零售总额（2017年）","http://tjj.fujian.gov.cn/tongjinianjian/dz2018/cn/html/2017.htm","retail_sales",,,,,,,,,,,,,,,,,,,,,,,,,,,,"350282","14.4"
"2017","长汀县","长汀县","20-10 一般公共预算支出（2017年）","http://tjj.fujian.gov.cn/tongjinianjian/dz2018/cn/html/2010.htm","budget_expenditure",,,,,,,,,,,,,,,,,,,,"371521","21389","80582","987","64905",,,,,
"2017","长汀县","长汀县","20-9 地方一般公共预算收入（2017年）","http://tjj.fujian.gov.cn/tongjinianjian/dz2018/cn/html/2009.htm","budget_revenue",,,,,,,,,,,,,,,,"72159","20170","27","8244",,,,,,,,,,
"2017","长汀县","长汀县","20-6 固定资产投资（2017年）","http://tjj.fujian.gov.cn/tongjinianjian/dz2018/cn/html/2006.htm","fixed_asset_investment",,,,,,,,,,,,"272.94","17.7","264.56","17.6",,,,,,,,,,,,,,
"2017","长汀县","长汀县","20-1 地区生产总值（2017年）","http://tjj.fujian.gov.cn/tongjinianjian/dz2018/cn/html/2001.htm","gdp","208","30.25","92","85.76","66.03","25.96","51741",,,,,,,,,,,,,,,,,,,,,,
"2017","长汀县","长汀县","20-12 规模以上工业增加值增速（2017年）","http://tjj.fujian.gov.cn/tongjinianjian/dz2018/cn/html/2012.htm","industrial_va_growth",,,,,,,,,,,,,,,,,,,,,,,,,"8.9","-5.6","27.3",,
"2017","长汀县","长汀县","20-4 年末常住人口数（2017年）","http://tjj.fujian.gov.cn/tongjinianjian/dz2018/cn/html/2004.htm","population",,,,,,,,"40.2","20.66","19.54","51.4",,,,,,,,,,,,,,,,,,
"2017","长汀县","长汀县","20-17 社会消费品零售总额（2017年）","http://tjj.fujian.gov.cn/tongjinianjian/dz2018/cn/html/2017.htm","retail_sales",,,,,,,,,,,,,,,,,,,,,,,,,,,,"787669","13.3"
"2017","诏安县","诏安县","20-10 一般公共预算支出（2017年）","http://tjj.fujian.gov.cn/tongjinianjian/dz2018/cn/html/2010.htm","budget_expenditure",,,,,,,,,,,,,,,,,,,,"327484","26447","64154","1245","52303",,,,,
"2017","诏安县","诏安县","20-9 地方一般公共预算收入（2017年）","http://tjj.fujian.gov.cn/tongjinianjian/dz2018/cn/html/2009.htm","budget_revenue",,,,,,,,,,,,,,,,"61589","18353","4","6370",,,,,,,,,,
"2017","诏安县","诏安县","20-6 固定资产投资（2017年）","http://tjj.fujian.gov.cn/tongjinianjian/dz2018/cn/html/2006.htm","fixed_asset_investment",,,,,,,,,,,,"312.21","28","300.28","29",,,,,,,,,,,,,,
"2017","诏安县","诏安县","20-1 地区生产总值（2017年）","http://tjj.fujian.gov.cn/tongjinianjian/dz2018/cn/html/2001.htm","gdp","249.55","45.37","108.7","95.48","92.87","15.83","40442",,,,,,,,,,,,,,,,,,,,,,
"2017","诏安县","诏安县","20-12 规模以上工业增加值增速（2017年）","http://tjj.fujian.gov.cn/tongjinianjian/dz2018/cn/html/2012.htm","industrial_va_growth",,,,,,,,,,,,,,,,,,,,,,,,,"8.6","13.4","-4.2",,
"2017","诏安县","诏安县","20-4 年末常住人口数（2017年）","http://tjj.fujian.gov.cn/tongjinianjian/dz2018/cn/html/2004.htm","population",,,,,,,,"62","27.53","34.47","44.4",,,,,,,,,,,,,,,,,,
"2017","诏安县","诏安县","20-17 社会消费品零售总额（2017年）","http://tjj.fujian.gov.cn/tongjinianjian/dz2018/cn/html/2017.htm","retail_sales",,,,,,,,,,,,,,,,,,,,,,,,,,,,"1092715","14.1"
"2017","柘荣县","柘荣县","20-10 一般公共预算支出（2017年）","http://tjj.fujian.gov.cn/tongjinianjian/dz2018/cn/html/2010.htm","budget_expenditure",,,,,,,,,,,,,,,,,,,,"144803","22152","20621","987","24635",,,,,
"2017","柘荣县","柘荣县","20-9 地方一般公共预算收入（2017年）","http://tjj.fujian.gov.cn/tongjinianjian/dz2018/cn/html/2009.htm","budget_revenue",,,,,,,,,,,,,,,,"24339","9402","4","1633",,,,,,,,,,
"2017","柘荣县","柘荣县","20-6 固定资产投资（2017年）","http://tjj.fujian.gov.cn/tongjinianjian/dz2018/cn/html/2006.htm","fixed_asset_investment",,,,,,,,,,,,"52.3","16.1","50.5","17.8",,,,,,,,,,,,,,
"2017","柘荣县","柘荣县","20-1 地区生产总值（2017年）","http://tjj.fujian.gov.cn/tongjinianjian/dz2018/cn/html/2001.htm","gdp","47.58","7.14","23.29","17.16","18.99","4.32","52435",,,,,,,,,,,,,,,,,,,,,,
"2017","柘荣县","柘荣县","20-12 规模以上工业增加值增速（2017年）","http://tjj.fujian.gov.cn/tongjinianjian/dz2018/cn/html/2012.htm","industrial_va_growth",,,,,,,,,,,,,,,,,,,,,,,,,"-11.4","-2.4","-18.1",,
"2017","柘荣县","柘荣县","20-4 年末常住人口数（2017年）","http://tjj.fujian.gov.cn/tongjinianjian/dz2018/cn/html/2004.htm","population",,,,,,,,"9.1","5.51","3.59","60.5",,,,,,,,,,,,,,,,,,
"2017","柘荣县","柘荣县","20-17 社会消费品零售总额（2017年）","http://tjj.fujian.gov.cn/tongjinianjian/dz2018/cn/html/2017.htm","retail_sales",,,,,,,,,,,,,,,,,,,,,,,,,,,,"136867","7.5"
"2017","政和县","政和县","20-10 一般公共预算支出（2017年）","http://tjj.fujian.gov.cn/tongjinianjian/dz2018/cn/html/2010.htm","budget_expenditure",,,,,,,,,,,,,,,,,,,,"159814","9439","28528","1067","36381",,,,,
"2017","政和县","政和县","20-9 地方一般公共预算收入（2017年）","http://tjj.fujian.gov.cn/tongjinianjian/dz2018/cn/html/2009.htm","budget_revenue",,,,,,,,,,,,,,,,"34747","7847",,"2281",,,,,,,,,,
"2017","政和县","政和县","20-6 固定资产投资（2017年）","http://tjj.fujian.gov.cn/tongjinianjian/dz2018/cn/html/2006.htm","fixed_asset_investment",,,,,,,,,,,,"74.33","5.8","72.04","11.4",,,,,,,,,,,,,,
"2017","政和县","政和县","20-1 地区生产总值（2017年）","http://tjj.fujian.gov.cn/tongjinianjian/dz2018/cn/html/2001.htm","gdp","61.63","15.73","23.93","21.97","20.57","3.35","36794",,,,,,,,,,,,,,,,,,,,,,
"2017","政和县","政和县","20-12 规模以上工业增加值增速（2017年）","http://tjj.fujian.gov.cn/tongjinianjian/dz2018/cn/html/2012.htm","industrial_va_growth",,,,,,,,,,,,,,,,,,,,,,,,,"7.7","7.8","7.5",,
"2017","政和县","政和县","20-4 年末常住人口数（2017年）","http://tjj.fujian.gov.cn/tongjinianjian/dz2018/cn/html/2004.htm","population",,,,,,,,"16.8","7.78","9.02","46.3",,,,,,,,,,,,,,,,,,
"2017","政和县","政和县","20-17 社会消费品零售总额（2017年）","http://tjj.fujian.gov.cn/tongjinianjian/dz2018/cn/html/2017.htm","retail_sales",,,,,,,,,,,,,,,,,,,,,,,,,,,,"241673","10"
"2017","周宁县","周宁县","20-10 一般公共预算支出（2017年）","http://tjj.fujian.gov.cn/tongjinianjian/dz2018/cn/html/2010.htm","budget_expenditure",,,,,,,,,,,,,,,,,,,,"174292","13938","30798","1258","26740",,,,,
"2017","周宁县","周宁县","20-9 地方一般公共预算收入（2017年）","http://tjj.fujian.gov.cn/tongjinianjian/dz2018/cn/html/2009.htm","budget_revenue",,,,,,,,,,,,,,,,"41716","9198","28","2918",,,,,,,,,,
"2017","周宁县","周宁县","20-6 固定资产投资（2017年）","http://tjj.fujian.gov.cn/tongjinianjian/dz2018/cn/html/2006.htm","fixed_asset_investment",,,,,,,,,,,,"57.31","13.2","51.05","20.8",,,,,,,,,,,,,,
"2017","周宁县","周宁县","20-1 地区生产总值（2017年）","http://tjj.fujian.gov.cn/tongjinianjian/dz2018/cn/html/2001.htm","gdp","49.59","6.72","24.04","18.82","17.33","6.73","40727",,,,,,,,,,,,,,,,,,,,,,
"2017","周宁县","周宁县","20-12 规模以上工业增加值增速（2017年）","http://tjj.fujian.gov.cn/tongjinianjian/dz2018/cn/html/2012.htm","industrial_va_growth",,,,,,,,,,,,,,,,,,,,,,,,,"-65.8","-25.8","-73",,
"2017","周宁县","周宁县","20-4 年末常住人口数（2017年）","http://tjj.fujian.gov.cn/tongjinianjian/dz2018/cn/html/2004.htm","population",,,,,,,,"12.2","6.08","6.12","49.8",,,,,,,,,,,,,,,,,,
"2017","周宁县","周宁县","20-17 社会消费品零售总额（2017年）","http://tjj.fujian.gov.cn/tongjinianjian/dz2018/cn/html/2017.htm","retail_sales",,,,,,,,,,,,,,,,,,,,,,,,,,,,"185988","9.4"
"2018","安溪县","安溪县","21-9 一般公共预算支出（2018年）","http://tjj.fujian.gov.cn/tongjinianjian/dz2019/cn-en/html/2109.htm","budget_expenditure",,,,,,,,,,,,,,,,,,,,"611468","55304","185354","11417","74621",,,,,
"2018","安溪县","安溪县","21-8 地方一般公共预算收入（2018年）","http://tjj.fujian.gov.cn/tongjinianjian/dz2019/cn-en/html/2108.htm","budget_revenue",,,,,,,,,,,,,,,,"304397","90180","-34","54596",,,,,,,,,,
"2018","安溪县","安溪县","21-1 地区生产总值（2018年）","http://tjj.fujian.gov.cn/tongjinianjian/dz2019/cn-en/html/2101.htm","gdp","574.38","44.41","286.29","243.68","247.79","38.53","56202",,,,,,,,,,,,,,,,,,,,,,
"2018","安溪县","安溪县","21-13 规模以上工业增加值增速（2018年）","http://tjj.fujian.gov.cn/tongjinianjian/dz2019/cn-en/html/2113.htm","industrial_va_growth",,,,,,,,,,,,,,,,,,,,,,,,,"9.6","9.2","10.4",,
"2018","安溪县","安溪县","21-4 年末常住人口数（2018年）","http://tjj.fujian.gov.cn/tongjinianjian/dz2019/cn-en/html/2104.htm","population",,,,,,,,"102.5","49.09","53.41","47.9",,,,,,,,,,,,,,,,,,
"2018","安溪县","安溪县","21-18 社会消费品零售总额（2018年）","http://tjj.fujian.gov.cn/tongjinianjian/dz2019/cn-en/html/2118.htm","retail_sales",,,,,,,,,,,,,,,,,,,,,,,,,,,,"3108110","16.3"
"2018","仓山区","仓山区","21-9 一般公共预算支出（2018年）","http://tjj.fujian.gov.cn/tongjinianjian/dz2019/cn-en/html/2109.htm","budget_expenditure",,,,,,,,,,,,,,,,,,,,"376957","44030","99986","16615","7806",,,,,
"2018","仓山区","仓山区","21-8 地方一般公共预算收入（2018年）","http://tjj.fujian.gov.cn/tongjinianjian/dz2019/cn-en/html/2108.htm","budget_revenue",,,,,,,,,,,,,,,,"283230","83623","29","41313",,,,,,,,,,
"2018","仓山区","仓山区","21-1 地区生产总值（2018年）","http://tjj.fujian.gov.cn/tongjinianjian/dz2019/cn-en/html/2101.htm","gdp","623.06","1.33","308.84","312.89","282.24","28.08","75022",,,,,,,,,,,,,,,,,,,,,,
"2018","仓山区","仓山区","21-13 规模以上工业增加值增速（2018年）","http://tjj.fujian.gov.cn/tongjinianjian/dz2019/cn-en/html/2113.htm","industrial_va_growth",,,,,,,,,,,,,,,,,,,,,,,,,"8.5","5.4","12.8",,
"2018","仓山区","仓山区","21-4 年末常住人口数（2018年）","http://tjj.fujian.gov.cn/tongjinianjian/dz2019/cn-en/html/2104.htm","population",,,,,,,,"83.6","83.6",,"100",,,,,,,,,,,,,,,,,,
"2018","仓山区","仓山区","21-18 社会消费品零售总额（2018年）","http://tjj.fujian.gov.cn/tongjinianjian/dz2019/cn-en/html/2118.htm","retail_sales",,,,,,,,,,,,,,,,,,,,,,,,,,,,"5746899","12.5"
"2018","城厢区","城厢区","21-9 一般公共预算支出（2018年）","http://tjj.fujian.gov.cn/tongjinianjian/dz2019/cn-en/html/2109.htm","budget_expenditure",,,,,,,,,,,,,,,,,,,,"256526","21669","76888","3401","20212",,,,,
"2018","城厢区","城厢区","21-8 地方一般公共预算收入（2018年）","http://tjj.fujian.gov.cn/tongjinianjian/dz2019/cn-en/html/2108.htm","budget_revenue",,,,,,,,,,,,,,,,"231741","59796","174","27636",,,,,,,,,,
"2018","城厢区","城厢区","21-1 地区生产总值（2018年）","http://tjj.fujian.gov.cn/tongjinianjian/dz2019/cn-en/html/2101.htm","gdp","397.3","8.25","153.68","235.37","101.6","52.71","91755",,,,,,,,,,,,,,,,,,,,,,
"2018","城厢区","城厢区","21-13 规模以上工业增加值增速（2018年）","http://tjj.fujian.gov.cn/tongjinianjian/dz2019/cn-en/html/2113.htm","industrial_va_growth",,,,,,,,,,,,,,,,,,,,,,,,,"9.1","8.3","11.5",,
"2018","城厢区","城厢区","21-4 年末常住人口数（2018年）","http://tjj.fujian.gov.cn/tongjinianjian/dz2019/cn-en/html/2104.htm","population",,,,,,,,"43.3","30.66","12.64","70.8",,,,,,,,,,,,,,,,,,
"2018","城厢区","城厢区","21-18 社会消费品零售总额（2018年）","http://tjj.fujian.gov.cn/tongjinianjian/dz2019/cn-en/html/2118.htm","retail_sales",,,,,,,,,,,,,,,,,,,,,,,,,,,,"2378479","10.9"
"2018","大田县","大田县","21-9 一般公共预算支出（2018年）","http://tjj.fujian.gov.cn/tongjinianjian/dz2019/cn-en/html/2109.htm","budget_expenditure",,,,,,,,,,,,,,,,,,,,"257766","20165","73580","1496","32414",,,,,
"2018","大田县","大田县","21-8 地方一般公共预算收入（2018年）","http://tjj.fujian.gov.cn/tongjinianjian/dz2019/cn-en/html/2108.htm","budget_revenue",,,,,,,,,,,,,,,,"75053","25061","10","5266",,,,,,,,,,
"2018","大田县","大田县","21-1 地区生产总值（2018年）","http://tjj.fujian.gov.cn/tongjinianjian/dz2019/cn-en/html/2101.htm","gdp","226.7","40.45","113.7","72.55","99.74","13.96","70842",,,,,,,,,,,,,,,,,,,,,,
"2018","大田县","大田县","21-13 规模以上工业增加值增速（2018年）","http://tjj.fujian.gov.cn/tongjinianjian/dz2019/cn-en/html/2113.htm","industrial_va_growth",,,,,,,,,,,,,,,,,,,,,,,,,"8.6","7.8","8.9",,
"2018","大田县","大田县","21-4 年末常住人口数（2018年）","http://tjj.fujian.gov.cn/tongjinianjian/dz2019/cn-en/html/2104.htm","population",,,,,,,,"32.1","16.7","15.4","52",,,,,,,,,,,,,,,,,,
"2018","大田县","大田县","21-18 社会消费品零售总额（2018年）","http://tjj.fujian.gov.cn/tongjinianjian/dz2019/cn-en/html/2118.htm","retail_sales",,,,,,,,,,,,,,,,,,,,,,,,,,,,"542420","1"
"2018","德化县","德化县","21-9 一般公共预算支出（2018年）","http://tjj.fujian.gov.cn/tongjinianjian/dz2019/cn-en/html/2109.htm","budget_expenditure",,,,,,,,,,,,,,,,,,,,"271066","23106","66574","4719","46628",,,,,
"2018","德化县","德化县","21-8 地方一般公共预算收入（2018年）","http://tjj.fujian.gov.cn/tongjinianjian/dz2019/cn-en/html/2108.htm","budget_revenue",,,,,,,,,,,,,,,,"118260","31687","152","13535",,,,,,,,,,
"2018","德化县","德化县","21-1 地区生产总值（2018年）","http://tjj.fujian.gov.cn/tongjinianjian/dz2019/cn-en/html/2101.htm","gdp","246.23","12.23","138.11","95.89","105.53","32.58","83610",,,,,,,,,,,,,,,,,,,,,,
"2018","德化县","德化县","21-13 规模以上工业增加值增速（2018年）","http://tjj.fujian.gov.cn/tongjinianjian/dz2019/cn-en/html/2113.htm","industrial_va_growth",,,,,,,,,,,,,,,,,,,,,,,,,"10.9","11.6","7.4",,
"2018","德化县","德化县","21-4 年末常住人口数（2018年）","http://tjj.fujian.gov.cn/tongjinianjian/dz2019/cn-en/html/2104.htm","population",,,,,,,,"29.6","22.32","7.28","75.4",,,,,,,,,,,,,,,,,,
"2018","德化县","德化县","21-18 社会消费品零售总额（2018年）","http://tjj.fujian.gov.cn/tongjinianjian/dz2019/cn-en/html/2118.htm","retail_sales",,,,,,,,,,,,,,,,,,,,,,,,,,,,"782437","13.3"
"2018","东山县","东山县","21-9 一般公共预算支出（2018年）","http://tjj.fujian.gov.cn/tongjinianjian/dz2019/cn-en/html/2109.htm","budget_expenditure",,,,,,,,,,,,,,,,,,,,"213402","29805","40914","554","33745",,,,,
"2018","东山县","东山县","21-8 地方一般公共预算收入（2018年）","http://tjj.fujian.gov.cn/tongjinianjian/dz2019/cn-en/html/2108.htm","budget_revenue",,,,,,,,,,,,,,,,"110807","41191","14","10259",,,,,,,,,,
"2018","东山县","东山县","21-1 地区生产总值（2018年）","http://tjj.fujian.gov.cn/tongjinianjian/dz2019/cn-en/html/2101.htm","gdp","230.7","38.04","107.11","85.56","94.6","12.51","103085",,,,,,,,,,,,,,,,,,,,,,
"2018","东山县","东山县","21-13 规模以上工业增加值增速（2018年）","http://tjj.fujian.gov.cn/tongjinianjian/dz2019/cn-en/html/2113.htm","industrial_va_growth",,,,,,,,,,,,,,,,,,,,,,,,,"9.6","9.2","11.8",,
"2018","东山县","东山县","21-4 年末常住人口数（2018年）","http://tjj.fujian.gov.cn/tongjinianjian/dz2019/cn-en/html/2104.htm","population",,,,,,,,"22.46","13.27","9.19","59.1",,,,,,,,,,,,,,,,,,
"2018","东山县","东山县","21-18 社会消费品零售总额（2018年）","http://tjj.fujian.gov.cn/tongjinianjian/dz2019/cn-en/html/2118.htm","retail_sales",,,,,,,,,,,,,,,,,,,,,,,,,,,,"499247","12.7"
"2018","丰泽区","丰泽区","21-9 一般公共预算支出（2018年）","http://tjj.fujian.gov.cn/tongjinianjian/dz2019/cn-en/html/2109.htm","budget_expenditure",,,,,,,,,,,,,,,,,,,,"223159","21141","59403","5068","11547",,,,,
"2018","丰泽区","丰泽区","21-8 地方一般公共预算收入（2018年）","http://tjj.fujian.gov.cn/tongjinianjian/dz2019/cn-en/html/2108.htm","budget_revenue",,,,,,,,,,,,,,,,"224014","62254","169","44050",,,,,,,,,,
"2018","丰泽区","丰泽区","21-1 地区生产总值（2018年）","http://tjj.fujian.gov.cn/tongjinianjian/dz2019/cn-en/html/2101.htm","gdp","659.97","1.78","196.73","461.45","123.69","73.04","113592",,,,,,,,,,,,,,,,,,,,,,
"2018","丰泽区","丰泽区","21-13 规模以上工业增加值增速（2018年）","http://tjj.fujian.gov.cn/tongjinianjian/dz2019/cn-en/html/2113.htm","industrial_va_growth",,,,,,,,,,,,,,,,,,,,,,,,,"3.2","-0.4","6.5",,
"2018","丰泽区","丰泽区","21-4 年末常住人口数（2018年）","http://tjj.fujian.gov.cn/tongjinianjian/dz2019/cn-en/html/2104.htm","population",,,,,,,,"58.3","58.3",,"100",,,,,,,,,,,,,,,,,,
"2018","丰泽区","丰泽区","21-18 社会消费品零售总额（2018年）","http://tjj.fujian.gov.cn/tongjinianjian/dz2019/cn-en/html/2118.htm","retail_sales",,,,,,,,,,,,,,,,,,,,,,,,,,,,"2773364","12.6"
"2018","福安市","福安市","21-9 一般公共预算支出（2018年）","http://tjj.fujian.gov.cn/tongjinianjian/dz2019/cn-en/html/2109.htm","budget_expenditure",,,,,,,,,,,,,,,,,,,,"423081","36568","99951","29203","62841",,,,,
"2018","福安市","福安市","21-8 地方一般公共预算收入（2018年）","http://tjj.fujian.gov.cn/tongjinianjian/dz2019/cn-en/html/2108.htm","budget_revenue",,,,,,,,,,,,,,,,"254727","123411","-781","39837",,,,,,,,,,
"2018","福安市","福安市","21-1 地区生产总值（2018年）","http://tjj.fujian.gov.cn/tongjinianjian/dz2019/cn-en/html/2101.htm","gdp","469.34","48.33","290.91","130.1","266.83","24.3","81412",,,,,,,,,,,,,,,,,,,,,,
"2018","福安市","福安市","21-13 规模以上工业增加值增速（2018年）","http://tjj.fujian.gov.cn/tongjinianjian/dz2019/cn-en/html/2113.htm","industrial_va_growth",,,,,,,,,,,,,,,,,,,,,,,,,"8.1","-19.5","9.1",,
"2018","福安市","福安市","21-4 年末常住人口数（2018年）","http://tjj.fujian.gov.cn/tongjinianjian/dz2019/cn-en/html/2104.htm","population",,,,,,,,"57.7","37.04","20.66","64.2",,,,,,,,,,,,,,,,,,
"2018","福安市","福安市","21-18 社会消费品零售总额（2018年）","http://tjj.fujian.gov.cn/tongjinianjian/dz2019/cn-en/html/2118.htm","retail_sales",,,,,,,,,,,,,,,,,,,,,,,,,,,,"920112","9.1"
"2018","福鼎市","福鼎市","21-9 一般公共预算支出（2018年）","http://tjj.fujian.gov.cn/tongjinianjian/dz2019/cn-en/html/2109.htm","budget_expenditure",,,,,,,,,,,,,,,,,,,,"388618","27758","86920","1083","71384",,,,,
"2018","福鼎市","福鼎市","21-8 地方一般公共预算收入（2018年）","http://tjj.fujian.gov.cn/tongjinianjian/dz2019/cn-en/html/2108.htm","budget_revenue",,,,,,,,,,,,,,,,"185715","54924","114","18415",,,,,,,,,,
"2018","福鼎市","福鼎市","21-1 地区生产总值（2018年）","http://tjj.fujian.gov.cn/tongjinianjian/dz2019/cn-en/html/2101.htm","gdp","366.44","55.17","204.79","106.47","183.55","21.42","67671",,,,,,,,,,,,,,,,,,,,,,
"2018","福鼎市","福鼎市","21-13 规模以上工业增加值增速（2018年）","http://tjj.fujian.gov.cn/tongjinianjian/dz2019/cn-en/html/2113.htm","industrial_va_growth",,,,,,,,,,,,,,,,,,,,,,,,,"2","0.2","3.2",,
"2018","福鼎市","福鼎市","21-4 年末常住人口数（2018年）","http://tjj.fujian.gov.cn/tongjinianjian/dz2019/cn-en/html/2104.htm","population",,,,,,,,"54.2","32.63","21.57","60.2",,,,,,,,,,,,,,,,,,
"2018","福鼎市","福鼎市","21-18 社会消费品零售总额（2018年）","http://tjj.fujian.gov.cn/tongjinianjian/dz2019/cn-en/html/2118.htm","retail_sales",,,,,,,,,,,,,,,,,,,,,,,,,,,,"1252747","9.1"
"2018","福清市","福清市","21-9 一般公共预算支出（2018年）","http://tjj.fujian.gov.cn/tongjinianjian/dz2019/cn-en/html/2109.htm","budget_expenditure",,,,,,,,,,,,,,,,,,,,"1003476","88379","213970","19086","81725",,,,,
"2018","福清市","福清市","21-8 地方一般公共预算收入（2018年）","http://tjj.fujian.gov.cn/tongjinianjian/dz2019/cn-en/html/2108.htm","budget_revenue",,,,,,,,,,,,,,,,"780093","224099","284","106336",,,,,,,,,,
"2018","福清市","福清市","21-1 地区生产总值（2018年）","http://tjj.fujian.gov.cn/tongjinianjian/dz2019/cn-en/html/2101.htm","gdp","1102.14","95.15","543.7","463.29","435.6","108.1","84101",,,,,,,,,,,,,,,,,,,,,,
"2018","福清市","福清市","21-13 规模以上工业增加值增速（2018年）","http://tjj.fujian.gov.cn/tongjinianjian/dz2019/cn-en/html/2113.htm","industrial_va_growth",,,,,,,,,,,,,,,,,,,,,,,,,"9","5.3","11.5",,
"2018","福清市","福清市","21-4 年末常住人口数（2018年）","http://tjj.fujian.gov.cn/tongjinianjian/dz2019/cn-en/html/2104.htm","population",,,,,,,,"131.6","68.16","63.44","51.8",,,,,,,,,,,,,,,,,,
"2018","福清市","福清市","21-18 社会消费品零售总额（2018年）","http://tjj.fujian.gov.cn/tongjinianjian/dz2019/cn-en/html/2118.htm","retail_sales",,,,,,,,,,,,,,,,,,,,,,,,,,,,"4695317","11.5"
"2018","古田县","古田县","21-9 一般公共预算支出（2018年）","http://tjj.fujian.gov.cn/tongjinianjian/dz2019/cn-en/html/2109.htm","budget_expenditure",,,,,,,,,,,,,,,,,,,,"271116","21839","57757","711","44233",,,,,
"2018","古田县","古田县","21-8 地方一般公共预算收入（2018年）","http://tjj.fujian.gov.cn/tongjinianjian/dz2019/cn-en/html/2108.htm","budget_revenue",,,,,,,,,,,,,,,,"77734","22050","-2","8704",,,,,,,,,,
"2018","古田县","古田县","21-1 地区生产总值（2018年）","http://tjj.fujian.gov.cn/tongjinianjian/dz2019/cn-en/html/2101.htm","gdp","167.5","43.93","52.56","71.02","39.85","12.74","50225",,,,,,,,,,,,,,,,,,,,,,
"2018","古田县","古田县","21-13 规模以上工业增加值增速（2018年）","http://tjj.fujian.gov.cn/tongjinianjian/dz2019/cn-en/html/2113.htm","industrial_va_growth",,,,,,,,,,,,,,,,,,,,,,,,,"0.4","4","-5.6",,
"2018","古田县","古田县","21-4 年末常住人口数（2018年）","http://tjj.fujian.gov.cn/tongjinianjian/dz2019/cn-en/html/2104.htm","population",,,,,,,,"33.4","16","17.4","47.9",,,,,,,,,,,,,,,,,,
"2018","古田县","古田县","21-18 社会消费品零售总额（2018年）","http://tjj.fujian.gov.cn/tongjinianjian/dz2019/cn-en/html/2118.htm","retail_sales",,,,,,,,,,,,,,,,,,,,,,,,,,,,"762724","5.3"
"2018","鼓楼区","鼓楼区","21-9 一般公共预算支出（2018年）","http://tjj.fujian.gov.cn/tongjinianjian/dz2019/cn-en/html/2109.htm","budget_expenditure",,,,,,,,,,,,,,,,,,,,"387929","39124","101163","16928","4478",,,,,
"2018","鼓楼区","鼓楼区","21-8 地方一般公共预算收入（2018年）","http://tjj.fujian.gov.cn/tongjinianjian/dz2019/cn-en/html/2108.htm","budget_revenue",,,,,,,,,,,,,,,,"345736","94286","138","89903",,,,,,,,,,
"2018","鼓楼区","鼓楼区","21-1 地区生产总值（2018年）","http://tjj.fujian.gov.cn/tongjinianjian/dz2019/cn-en/html/2101.htm","gdp","1613.3",,"257.7","1355.6","68.8","194.44","218753",,,,,,,,,,,,,,,,,,,,,,
"2018","鼓楼区","鼓楼区","21-13 规模以上工业增加值增速（2018年）","http://tjj.fujian.gov.cn/tongjinianjian/dz2019/cn-en/html/2113.htm","industrial_va_growth",,,,,,,,,,,,,,,,,,,,,,,,,"8.3","11","7.9",,
"2018","鼓楼区","鼓楼区","21-4 年末常住人口数（2018年）","http://tjj.fujian.gov.cn/tongjinianjian/dz2019/cn-en/html/2104.htm","population",,,,,,,,"74","74",,"100",,,,,,,,,,,,,,,,,,
"2018","鼓楼区","鼓楼区","21-18 社会消费品零售总额（2018年）","http://tjj.fujian.gov.cn/tongjinianjian/dz2019/cn-en/html/2118.htm","retail_sales",,,,,,,,,,,,,,,,,,,,,,,,,,,,"11358983","11.8"
"2018","光泽县","光泽县","21-9 一般公共预算支出（2018年）","http://tjj.fujian.gov.cn/tongjinianjian/dz2019/cn-en/html/2109.htm","budget_expenditure",,,,,,,,,,,,,,,,,,,,"162415","18004","42452","2642","30320",,,,,
"2018","光泽县","光泽县","21-8 地方一般公共预算收入（2018年）","http://tjj.fujian.gov.cn/tongjinianjian/dz2019/cn-en/html/2108.htm","budget_revenue",,,,,,,,,,,,,,,,"44901","9178","-10","3700",,,,,,,,,,
"2018","光泽县","光泽县","21-1 地区生产总值（2018年）","http://tjj.fujian.gov.cn/tongjinianjian/dz2019/cn-en/html/2101.htm","gdp","98.77","40.5","32.25","26.02","28.57","3.69","72362",,,,,,,,,,,,,,,,,,,,,,
"2018","光泽县","光泽县","21-13 规模以上工业增加值增速（2018年）","http://tjj.fujian.gov.cn/tongjinianjian/dz2019/cn-en/html/2113.htm","industrial_va_growth",,,,,,,,,,,,,,,,,,,,,,,,,"9.7","11.5","0.7",,
"2018","光泽县","光泽县","21-4 年末常住人口数（2018年）","http://tjj.fujian.gov.cn/tongjinianjian/dz2019/cn-en/html/2104.htm","population",,,,,,,,"13.7","6.48","7.22","47.3",,,,,,,,,,,,,,,,,,
"2018","光泽县","光泽县","21-18 社会消费品零售总额（2018年）","http://tjj.fujian.gov.cn/tongjinianjian/dz2019/cn-en/html/2118.htm","retail_sales",,,,,,,,,,,,,,,,,,,,,,,,,,,,"237686","9.1"
"2018","海沧区","海沧区","21-9 一般公共预算支出（2018年）","http://tjj.fujian.gov.cn/tongjinianjian/dz2019/cn-en/html/2109.htm","budget_expenditure",,,,,,,,,,,,,,,,,,,,"780596","66612","186908","20529","19842",,,,,
"2018","海沧区","海沧区","21-8 地方一般公共预算收入（2018年）","http://tjj.fujian.gov.cn/tongjinianjian/dz2019/cn-en/html/2108.htm","budget_revenue",,,,,,,,,,,,,,,,"391030","92996","144","63884",,,,,,,,,,
"2018","海沧区","海沧区","21-1 地区生产总值（2018年）","http://tjj.fujian.gov.cn/tongjinianjian/dz2019/cn-en/html/2101.htm","gdp","676.11","1.6","412.35","262.16","361.69","50.66","184982",,,,,,,,,,,,,,,,,,,,,,
"2018","海沧区","海沧区","21-13 规模以上工业增加值增速（2018年）","http://tjj.fujian.gov.cn/tongjinianjian/dz2019/cn-en/html/2113.htm","industrial_va_growth",,,,,,,,,,,,,,,,,,,,,,,,,"8.9","9","8.7",,
"2018","海沧区","海沧区","21-4 年末常住人口数（2018年）","http://tjj.fujian.gov.cn/tongjinianjian/dz2019/cn-en/html/2104.htm","population",,,,,,,,"37.5","34.16","3.34","91.1",,,,,,,,,,,,,,,,,,
"2018","海沧区","海沧区","21-18 社会消费品零售总额（2018年）","http://tjj.fujian.gov.cn/tongjinianjian/dz2019/cn-en/html/2118.htm","retail_sales",,,,,,,,,,,,,,,,,,,,,,,,,,,,"1498523","0.6"
"2018","涵江区","涵江区","21-9 一般公共预算支出（2018年）","http://tjj.fujian.gov.cn/tongjinianjian/dz2019/cn-en/html/2109.htm","budget_expenditure",,,,,,,,,,,,,,,,,,,,"290386","34666","79409","3515","21153",,,,,
"2018","涵江区","涵江区","21-8 地方一般公共预算收入（2018年）","http://tjj.fujian.gov.cn/tongjinianjian/dz2019/cn-en/html/2108.htm","budget_revenue",,,,,,,,,,,,,,,,"238079","74526","111","36409",,,,,,,,,,
"2018","涵江区","涵江区","21-1 地区生产总值（2018年）","http://tjj.fujian.gov.cn/tongjinianjian/dz2019/cn-en/html/2101.htm","gdp","524.54","14.22","330.84","179.48","295.92","36.77","107709",,,,,,,,,,,,,,,,,,,,,,
"2018","涵江区","涵江区","21-13 规模以上工业增加值增速（2018年）","http://tjj.fujian.gov.cn/tongjinianjian/dz2019/cn-en/html/2113.htm","industrial_va_growth",,,,,,,,,,,,,,,,,,,,,,,,,"8.8","6.5","14.3",,
"2018","涵江区","涵江区","21-4 年末常住人口数（2018年）","http://tjj.fujian.gov.cn/tongjinianjian/dz2019/cn-en/html/2104.htm","population",,,,,,,,"48.7","38.28","10.42","78.6",,,,,,,,,,,,,,,,,,
"2018","涵江区","涵江区","21-18 社会消费品零售总额（2018年）","http://tjj.fujian.gov.cn/tongjinianjian/dz2019/cn-en/html/2118.htm","retail_sales",,,,,,,,,,,,,,,,,,,,,,,,,,,,"1322737","8.8"
"2018","湖里区","湖里区","21-9 一般公共预算支出（2018年）","http://tjj.fujian.gov.cn/tongjinianjian/dz2019/cn-en/html/2109.htm","budget_expenditure",,,,,,,,,,,,,,,,,,,,"632292","68534","129171","8484","3883",,,,,
"2018","湖里区","湖里区","21-8 地方一般公共预算收入（2018年）","http://tjj.fujian.gov.cn/tongjinianjian/dz2019/cn-en/html/2108.htm","budget_revenue",,,,,,,,,,,,,,,,"474773","126475","95","80779",,,,,,,,,,
"2018","湖里区","湖里区","21-1 地区生产总值（2018年）","http://tjj.fujian.gov.cn/tongjinianjian/dz2019/cn-en/html/2101.htm","gdp","1035.84",,"452.9","582.94","407.91","59.4","100372",,,,,,,,,,,,,,,,,,,,,,
"2018","湖里区","湖里区","21-13 规模以上工业增加值增速（2018年）","http://tjj.fujian.gov.cn/tongjinianjian/dz2019/cn-en/html/2113.htm","industrial_va_growth",,,,,,,,,,,,,,,,,,,,,,,,,"10","-3.4","11.8",,
"2018","湖里区","湖里区","21-4 年末常住人口数（2018年）","http://tjj.fujian.gov.cn/tongjinianjian/dz2019/cn-en/html/2104.htm","population",,,,,,,,"103.1","103.1",,"100",,,,,,,,,,,,,,,,,,
"2018","湖里区","湖里区","21-18 社会消费品零售总额（2018年）","http://tjj.fujian.gov.cn/tongjinianjian/dz2019/cn-en/html/2118.htm","retail_sales",,,,,,,,,,,,,,,,,,,,,,,,,,,,"3332780","-4.8"
"2018","华安县","华安县","21-9 一般公共预算支出（2018年）","http://tjj.fujian.gov.cn/tongjinianjian/dz2019/cn-en/html/2109.htm","budget_expenditure",,,,,,,,,,,,,,,,,,,,"185315","17549","27942","897","21131",,,,,
"2018","华安县","华安县","21-8 地方一般公共预算收入（2018年）","http://tjj.fujian.gov.cn/tongjinianjian/dz2019/cn-en/html/2108.htm","budget_revenue",,,,,,,,,,,,,,,,"49036","23005","-1","2824",,,,,,,,,,
"2018","华安县","华安县","21-1 地区生产总值（2018年）","http://tjj.fujian.gov.cn/tongjinianjian/dz2019/cn-en/html/2101.htm","gdp","146.64","30.16","77.18","39.3","63.67","13.5","88072",,,,,,,,,,,,,,,,,,,,,,
"2018","华安县","华安县","21-13 规模以上工业增加值增速（2018年）","http://tjj.fujian.gov.cn/tongjinianjian/dz2019/cn-en/html/2113.htm","industrial_va_growth",,,,,,,,,,,,,,,,,,,,,,,,,"9.5","10.7","8.4",,
"2018","华安县","华安县","21-4 年末常住人口数（2018年）","http://tjj.fujian.gov.cn/tongjinianjian/dz2019/cn-en/html/2104.htm","population",,,,,,,,"16.7","8.8","7.9","52.7",,,,,,,,,,,,,,,,,,
"2018","华安县","华安县","21-18 社会消费品零售总额（2018年）","http://tjj.fujian.gov.cn/tongjinianjian/dz2019/cn-en/html/2118.htm","retail_sales",,,,,,,,,,,,,,,,,,,,,,,,,,,,"342380","15.9"
"2018","惠安县","惠安县","21-9 一般公共预算支出（2018年）","http://tjj.fujian.gov.cn/tongjinianjian/dz2019/cn-en/html/2109.htm","budget_expenditure",,,,,,,,,,,,,,,,,,,,"551949","46910","135350","10901","59999",,,,,
"2018","惠安县","惠安县","21-8 地方一般公共预算收入（2018年）","http://tjj.fujian.gov.cn/tongjinianjian/dz2019/cn-en/html/2108.htm","budget_revenue",,,,,,,,,,,,,,,,"394389","145947","89","84770",,,,,,,,,,
"2018","惠安县","惠安县","21-1 地区生产总值（2018年）","http://tjj.fujian.gov.cn/tongjinianjian/dz2019/cn-en/html/2101.htm","gdp","1094.53","30.38","744.24","319.91","644.93","99.34","107729",,,,,,,,,,,,,,,,,,,,,,
"2018","惠安县","惠安县","21-13 规模以上工业增加值增速（2018年）","http://tjj.fujian.gov.cn/tongjinianjian/dz2019/cn-en/html/2113.htm","industrial_va_growth",,,,,,,,,,,,,,,,,,,,,,,,,"10.7","10.1","11.4",,
"2018","惠安县","惠安县","21-4 年末常住人口数（2018年）","http://tjj.fujian.gov.cn/tongjinianjian/dz2019/cn-en/html/2104.htm","population",,,,,,,,"101.9","60.14","41.76","59",,,,,,,,,,,,,,,,,,
"2018","惠安县","惠安县","21-18 社会消费品零售总额（2018年）","http://tjj.fujian.gov.cn/tongjinianjian/dz2019/cn-en/html/2118.htm","retail_sales",,,,,,,,,,,,,,,,,,,,,,,,,,,,"3051069","12.9"
"2018","集美区","集美区","21-9 一般公共预算支出（2018年）","http://tjj.fujian.gov.cn/tongjinianjian/dz2019/cn-en/html/2109.htm","budget_expenditure",,,,,,,,,,,,,,,,,,,,"582867","47873","171223","24244","40746",,,,,
"2018","集美区","集美区","21-8 地方一般公共预算收入（2018年）","http://tjj.fujian.gov.cn/tongjinianjian/dz2019/cn-en/html/2108.htm","budget_revenue",,,,,,,,,,,,,,,,"345825","70597","-20","61306",,,,,,,,,,
"2018","集美区","集美区","21-1 地区生产总值（2018年）","http://tjj.fujian.gov.cn/tongjinianjian/dz2019/cn-en/html/2101.htm","gdp","686.22","2.77","324.25","359.19","268.64","55.62","99886",,,,,,,,,,,,,,,,,,,,,,
"2018","集美区","集美区","21-13 规模以上工业增加值增速（2018年）","http://tjj.fujian.gov.cn/tongjinianjian/dz2019/cn-en/html/2113.htm","industrial_va_growth",,,,,,,,,,,,,,,,,,,,,,,,,"8.1","11.6","5.9",,
"2018","集美区","集美区","21-4 年末常住人口数（2018年）","http://tjj.fujian.gov.cn/tongjinianjian/dz2019/cn-en/html/2104.htm","population",,,,,,,,"70","61.25","8.75","87.5",,,,,,,,,,,,,,,,,,
"2018","集美区","集美区","21-18 社会消费品零售总额（2018年）","http://tjj.fujian.gov.cn/tongjinianjian/dz2019/cn-en/html/2118.htm","retail_sales",,,,,,,,,,,,,,,,,,,,,,,,,,,,"1573433","13.5"
"2018","建宁县","建宁县","21-9 一般公共预算支出（2018年）","http://tjj.fujian.gov.cn/tongjinianjian/dz2019/cn-en/html/2109.htm","budget_expenditure",,,,,,,,,,,,,,,,,,,,"173620","11466","27006","2684","43356",,,,,
"2018","建宁县","建宁县","21-8 地方一般公共预算收入（2018年）","http://tjj.fujian.gov.cn/tongjinianjian/dz2019/cn-en/html/2108.htm","budget_revenue",,,,,,,,,,,,,,,,"32770","7153","4","2107",,,,,,,,,,
"2018","建宁县","建宁县","21-1 地区生产总值（2018年）","http://tjj.fujian.gov.cn/tongjinianjian/dz2019/cn-en/html/2101.htm","gdp","107.87","16.92","55.42","35.53","29.12","26.3","88420",,,,,,,,,,,,,,,,,,,,,,
"2018","建宁县","建宁县","21-13 规模以上工业增加值增速（2018年）","http://tjj.fujian.gov.cn/tongjinianjian/dz2019/cn-en/html/2113.htm","industrial_va_growth",,,,,,,,,,,,,,,,,,,,,,,,,"9","6.9","11.1",,
"2018","建宁县","建宁县","21-4 年末常住人口数（2018年）","http://tjj.fujian.gov.cn/tongjinianjian/dz2019/cn-en/html/2104.htm","population",,,,,,,,"12.1","5.6","6.5","46.3",,,,,,,,,,,,,,,,,,
"2018","建宁县","建宁县","21-18 社会消费品零售总额（2018年）","http://tjj.fujian.gov.cn/tongjinianjian/dz2019/cn-en/html/2118.htm","retail_sales",,,,,,,,,,,,,,,,,,,,,,,,,,,,"272714","13.1"
"2018","建瓯市","建瓯市","21-9 一般公共预算支出（2018年）","http://tjj.fujian.gov.cn/tongjinianjian/dz2019/cn-en/html/2109.htm","budget_expenditure",,,,,,,,,,,,,,,,,,,,"343950","18301","85200","7669","58751",,,,,
"2018","建瓯市","建瓯市","21-8 地方一般公共预算收入（2018年）","http://tjj.fujian.gov.cn/tongjinianjian/dz2019/cn-en/html/2108.htm","budget_revenue",,,,,,,,,,,,,,,,"95498","28806","23","8578",,,,,,,,,,
"2018","建瓯市","建瓯市","21-1 地区生产总值（2018年）","http://tjj.fujian.gov.cn/tongjinianjian/dz2019/cn-en/html/2101.htm","gdp","266.7","48.43","108.41","109.86","79.01","29.4","58552",,,,,,,,,,,,,,,,,,,,,,
"2018","建瓯市","建瓯市","21-13 规模以上工业增加值增速（2018年）","http://tjj.fujian.gov.cn/tongjinianjian/dz2019/cn-en/html/2113.htm","industrial_va_growth",,,,,,,,,,,,,,,,,,,,,,,,,"8.5","11.1","4.7",,
"2018","建瓯市","建瓯市","21-4 年末常住人口数（2018年）","http://tjj.fujian.gov.cn/tongjinianjian/dz2019/cn-en/html/2104.htm","population",,,,,,,,"45.6","23.53","22.07","51.6",,,,,,,,,,,,,,,,,,
"2018","建瓯市","建瓯市","21-18 社会消费品零售总额（2018年）","http://tjj.fujian.gov.cn/tongjinianjian/dz2019/cn-en/html/2118.htm","retail_sales",,,,,,,,,,,,,,,,,,,,,,,,,,,,"975462","13.3"
"2018","建阳市","建阳区","21-9 一般公共预算支出（2018年）","http://tjj.fujian.gov.cn/tongjinianjian/dz2019/cn-en/html/2109.htm","budget_expenditure",,,,,,,,,,,,,,,,,,,,"275036","23653","58618","3057","45776",,,,,
"2018","建阳市","建阳区","21-8 地方一般公共预算收入（2018年）","http://tjj.fujian.gov.cn/tongjinianjian/dz2019/cn-en/html/2108.htm","budget_revenue",,,,,,,,,,,,,,,,"128468","26039","24","12265",,,,,,,,,,
"2018","建阳市","建阳区","21-1 地区生产总值（2018年）","http://tjj.fujian.gov.cn/tongjinianjian/dz2019/cn-en/html/2101.htm","gdp","207.91","36.84","102.93","68.15","83.64","19.28","64871",,,,,,,,,,,,,,,,,,,,,,
"2018","建阳市","建阳区","21-13 规模以上工业增加值增速（2018年）","http://tjj.fujian.gov.cn/tongjinianjian/dz2019/cn-en/html/2113.htm","industrial_va_growth",,,,,,,,,,,,,,,,,,,,,,,,,"9.2","13.2","5",,
"2018","建阳市","建阳区","21-4 年末常住人口数（2018年）","http://tjj.fujian.gov.cn/tongjinianjian/dz2019/cn-en/html/2104.htm","population",,,,,,,,"32.4","19.21","13.19","59.3",,,,,,,,,,,,,,,,,,
"2018","建阳市","建阳区","21-18 社会消费品零售总额（2018年）","http://tjj.fujian.gov.cn/tongjinianjian/dz2019/cn-en/html/2118.htm","retail_sales",,,,,,,,,,,,,,,,,,,,,,,,,,,,"666921","10.9"
"2018","将乐县","将乐县","21-9 一般公共预算支出（2018年）","http://tjj.fujian.gov.cn/tongjinianjian/dz2019/cn-en/html/2109.htm","budget_expenditure",,,,,,,,,,,,,,,,,,,,"223014","24288","40173","5606","34285",,,,,
"2018","将乐县","将乐县","21-8 地方一般公共预算收入（2018年）","http://tjj.fujian.gov.cn/tongjinianjian/dz2019/cn-en/html/2108.htm","budget_revenue",,,,,,,,,,,,,,,,"64616","14376","280","3351",,,,,,,,,,
"2018","将乐县","将乐县","21-1 地区生产总值（2018年）","http://tjj.fujian.gov.cn/tongjinianjian/dz2019/cn-en/html/2101.htm","gdp","137.81","18.21","75.35","44.25","54.33","21.01","90369",,,,,,,,,,,,,,,,,,,,,,
"2018","将乐县","将乐县","21-13 规模以上工业增加值增速（2018年）","http://tjj.fujian.gov.cn/tongjinianjian/dz2019/cn-en/html/2113.htm","industrial_va_growth",,,,,,,,,,,,,,,,,,,,,,,,,"9.5","18.4","3.3",,
"2018","将乐县","将乐县","21-4 年末常住人口数（2018年）","http://tjj.fujian.gov.cn/tongjinianjian/dz2019/cn-en/html/2104.htm","population",,,,,,,,"15.3","8.5","6.8","55.6",,,,,,,,,,,,,,,,,,
"2018","将乐县","将乐县","21-18 社会消费品零售总额（2018年）","http://tjj.fujian.gov.cn/tongjinianjian/dz2019/cn-en/html/2118.htm","retail_sales",,,,,,,,,,,,,,,,,,,,,,,,,,,,"288470","14.2"
"2018","蕉城区","蕉城区","21-9 一般公共预算支出（2018年）","http://tjj.fujian.gov.cn/tongjinianjian/dz2019/cn-en/html/2109.htm","budget_expenditure",,,,,,,,,,,,,,,,,,,,"314800","40344","73754","2472","40972",,,,,
"2018","蕉城区","蕉城区","21-8 地方一般公共预算收入（2018年）","http://tjj.fujian.gov.cn/tongjinianjian/dz2019/cn-en/html/2108.htm","budget_revenue",,,,,,,,,,,,,,,,"179715","67166","892","33960",,,,,,,,,,
"2018","蕉城区","蕉城区","21-1 地区生产总值（2018年）","http://tjj.fujian.gov.cn/tongjinianjian/dz2019/cn-en/html/2101.htm","gdp","468.14","40.41","257.55","170.17","195.01","62.66","104263",,,,,,,,,,,,,,,,,,,,,,
"2018","蕉城区","蕉城区","21-13 规模以上工业增加值增速（2018年）","http://tjj.fujian.gov.cn/tongjinianjian/dz2019/cn-en/html/2113.htm","industrial_va_growth",,,,,,,,,,,,,,,,,,,,,,,,,"24.4","20.5","43.7",,
"2018","蕉城区","蕉城区","21-4 年末常住人口数（2018年）","http://tjj.fujian.gov.cn/tongjinianjian/dz2019/cn-en/html/2104.htm","population",,,,,,,,"45","29.52","15.48","65.6",,,,,,,,,,,,,,,,,,
"2018","蕉城区","蕉城区","21-18 社会消费品零售总额（2018年）","http://tjj.fujian.gov.cn/tongjinianjian/dz2019/cn-en/html/2118.htm","retail_sales",,,,,,,,,,,,,,,,,,,,,,,,,,,,"1493782","9.3"
"2018","晋安区","晋安区","21-9 一般公共预算支出（2018年）","http://tjj.fujian.gov.cn/tongjinianjian/dz2019/cn-en/html/2109.htm","budget_expenditure",,,,,,,,,,,,,,,,,,,,"368916","32551","61431","7092","14991",,,,,
"2018","晋安区","晋安区","21-8 地方一般公共预算收入（2018年）","http://tjj.fujian.gov.cn/tongjinianjian/dz2019/cn-en/html/2108.htm","budget_revenue",,,,,,,,,,,,,,,,"304565","71744","62","39146",,,,,,,,,,
"2018","晋安区","晋安区","21-1 地区生产总值（2018年）","http://tjj.fujian.gov.cn/tongjinianjian/dz2019/cn-en/html/2101.htm","gdp","717.72","5.75","233.32","478.65","145.28","88.58","82355",,,,,,,,,,,,,,,,,,,,,,
"2018","晋安区","晋安区","21-13 规模以上工业增加值增速（2018年）","http://tjj.fujian.gov.cn/tongjinianjian/dz2019/cn-en/html/2113.htm","industrial_va_growth",,,,,,,,,,,,,,,,,,,,,,,,,"8.6","9.7","6.9",,
"2018","晋安区","晋安区","21-4 年末常住人口数（2018年）","http://tjj.fujian.gov.cn/tongjinianjian/dz2019/cn-en/html/2104.htm","population",,,,,,,,"87.7","87.26","0.44","99.5",,,,,,,,,,,,,,,,,,
"2018","晋安区","晋安区","21-18 社会消费品零售总额（2018年）","http://tjj.fujian.gov.cn/tongjinianjian/dz2019/cn-en/html/2118.htm","retail_sales",,,,,,,,,,,,,,,,,,,,,,,,,,,,"1992880","11.4"
"2018","晋江市","晋江市","21-9 一般公共预算支出（2018年）","http://tjj.fujian.gov.cn/tongjinianjian/dz2019/cn-en/html/2109.htm","budget_expenditure",,,,,,,,,,,,,,,,,,,,"1355106","77545","313002","39049","141804",,,,,
"2018","晋江市","晋江市","21-8 地方一般公共预算收入（2018年）","http://tjj.fujian.gov.cn/tongjinianjian/dz2019/cn-en/html/2108.htm","budget_revenue",,,,,,,,,,,,,,,,"1351988","451316","108","204946",,,,,,,,,,
"2018","晋江市","晋江市","21-1 地区生产总值（2018年）","http://tjj.fujian.gov.cn/tongjinianjian/dz2019/cn-en/html/2101.htm","gdp","2229","20.3","1333.69","875.01","1250.26","85.06","105790",,,,,,,,,,,,,,,,,,,,,,
"2018","晋江市","晋江市","21-13 规模以上工业增加值增速（2018年）","http://tjj.fujian.gov.cn/tongjinianjian/dz2019/cn-en/html/2113.htm","industrial_va_growth",,,,,,,,,,,,,,,,,,,,,,,,,"8.1","7.4","10.7",,
"2018","晋江市","晋江市","21-4 年末常住人口数（2018年）","http://tjj.fujian.gov.cn/tongjinianjian/dz2019/cn-en/html/2104.htm","population",,,,,,,,"211.1","141.44","69.66","67",,,,,,,,,,,,,,,,,,
"2018","晋江市","晋江市","21-18 社会消费品零售总额（2018年）","http://tjj.fujian.gov.cn/tongjinianjian/dz2019/cn-en/html/2118.htm","retail_sales",,,,,,,,,,,,,,,,,,,,,,,,,,,,"7105294","9.7"
"2018","鲤城区","鲤城区","21-9 一般公共预算支出（2018年）","http://tjj.fujian.gov.cn/tongjinianjian/dz2019/cn-en/html/2109.htm","budget_expenditure",,,,,,,,,,,,,,,,,,,,"136873","12302","45400","3474","2380",,,,,
"2018","鲤城区","鲤城区","21-8 地方一般公共预算收入（2018年）","http://tjj.fujian.gov.cn/tongjinianjian/dz2019/cn-en/html/2108.htm","budget_revenue",,,,,,,,,,,,,,,,"106129","43818","78","18354",,,,,,,,,,
"2018","鲤城区","鲤城区","21-1 地区生产总值（2018年）","http://tjj.fujian.gov.cn/tongjinianjian/dz2019/cn-en/html/2101.htm","gdp","526.77","0.13","295.14","231.51","271.48","23.77","119450",,,,,,,,,,,,,,,,,,,,,,
"2018","鲤城区","鲤城区","21-13 规模以上工业增加值增速（2018年）","http://tjj.fujian.gov.cn/tongjinianjian/dz2019/cn-en/html/2113.htm","industrial_va_growth",,,,,,,,,,,,,,,,,,,,,,,,,"9.2","9.3","8.8",,
"2018","鲤城区","鲤城区","21-4 年末常住人口数（2018年）","http://tjj.fujian.gov.cn/tongjinianjian/dz2019/cn-en/html/2104.htm","population",,,,,,,,"44.3","44.3",,"100",,,,,,,,,,,,,,,,,,
"2018","鲤城区","鲤城区","21-18 社会消费品零售总额（2018年）","http://tjj.fujian.gov.cn/tongjinianjian/dz2019/cn-en/html/2118.htm","retail_sales",,,,,,,,,,,,,,,,,,,,,,,,,,,,"4560089","13.3"
"2018","荔城区","荔城区","21-9 一般公共预算支出（2018年）","http://tjj.fujian.gov.cn/tongjinianjian/dz2019/cn-en/html/2109.htm","budget_expenditure",,,,,,,,,,,,,,,,,,,,"306269","25100","91411","12709","23570",,,,,
"2018","荔城区","荔城区","21-8 地方一般公共预算收入（2018年）","http://tjj.fujian.gov.cn/tongjinianjian/dz2019/cn-en/html/2108.htm","budget_revenue",,,,,,,,,,,,,,,,"274676","87064","814","36984",,,,,,,,,,
"2018","荔城区","荔城区","21-1 地区生产总值（2018年）","http://tjj.fujian.gov.cn/tongjinianjian/dz2019/cn-en/html/2101.htm","gdp","445.08","15.88","244.22","184.98","197.41","48.04","85101",,,,,,,,,,,,,,,,,,,,,,
"2018","荔城区","荔城区","21-13 规模以上工业增加值增速（2018年）","http://tjj.fujian.gov.cn/tongjinianjian/dz2019/cn-en/html/2113.htm","industrial_va_growth",,,,,,,,,,,,,,,,,,,,,,,,,"8.8","12.6","-13",,
"2018","荔城区","荔城区","21-4 年末常住人口数（2018年）","http://tjj.fujian.gov.cn/tongjinianjian/dz2019/cn-en/html/2104.htm","population",,,,,,,,"52.3","38.28","14.02","73.2",,,,,,,,,,,,,,,,,,
"2018","荔城区","荔城区","21-18 社会消费品零售总额（2018年）","http://tjj.fujian.gov.cn/tongjinianjian/dz2019/cn-en/html/2118.htm","retail_sales",,,,,,,,,,,,,,,,,,,,,,,,,,,,"2042511","8.2"
"2018","连城县","连城县","21-9 一般公共预算支出（2018年）","http://tjj.fujian.gov.cn/tongjinianjian/dz2019/cn-en/html/2109.htm","budget_expenditure",,,,,,,,,,,,,,,,,,,,"259632","23767","64960","4282","49959",,,,,
"2018","连城县","连城县","21-8 地方一般公共预算收入（2018年）","http://tjj.fujian.gov.cn/tongjinianjian/dz2019/cn-en/html/2108.htm","budget_revenue",,,,,,,,,,,,,,,,"59012","18531","55","8857",,,,,,,,,,
"2018","连城县","连城县","21-1 地区生产总值（2018年）","http://tjj.fujian.gov.cn/tongjinianjian/dz2019/cn-en/html/2101.htm","gdp","203.96","33.3","85.5","85.15","71.75","13.75","82575",,,,,,,,,,,,,,,,,,,,,,
"2018","连城县","连城县","21-13 规模以上工业增加值增速（2018年）","http://tjj.fujian.gov.cn/tongjinianjian/dz2019/cn-en/html/2113.htm","industrial_va_growth",,,,,,,,,,,,,,,,,,,,,,,,,"10.2","4.9","18.3",,
"2018","连城县","连城县","21-4 年末常住人口数（2018年）","http://tjj.fujian.gov.cn/tongjinianjian/dz2019/cn-en/html/2104.htm","population",,,,,,,,"24.7","11.95","12.75","48.4",,,,,,,,,,,,,,,,,,
"2018","连城县","连城县","21-18 社会消费品零售总额（2018年）","http://tjj.fujian.gov.cn/tongjinianjian/dz2019/cn-en/html/2118.htm","retail_sales",,,,,,,,,,,,,,,,,,,,,,,,,,,,"694341","15.1"
"2018","连江县","连江县","21-9 一般公共预算支出（2018年）","http://tjj.fujian.gov.cn/tongjinianjian/dz2019/cn-en/html/2109.htm","budget_expenditure",,,,,,,,,,,,,,,,,,,,"706392","62613","155150","5428","94329",,,,,
"2018","连江县","连江县","21-8 地方一般公共预算收入（2018年）","http://tjj.fujian.gov.cn/tongjinianjian/dz2019/cn-en/html/2108.htm","budget_revenue",,,,,,,,,,,,,,,,"319304","90087","5","29290",,,,,,,,,,
"2018","连江县","连江县","21-1 地区生产总值（2018年）","http://tjj.fujian.gov.cn/tongjinianjian/dz2019/cn-en/html/2101.htm","gdp","469.48","135.87","203.92","129.69","177.08","27.44","79505",,,,,,,,,,,,,,,,,,,,,,
"2018","连江县","连江县","21-13 规模以上工业增加值增速（2018年）","http://tjj.fujian.gov.cn/tongjinianjian/dz2019/cn-en/html/2113.htm","industrial_va_growth",,,,,,,,,,,,,,,,,,,,,,,,,"9.1","5.1","19.6",,
"2018","连江县","连江县","21-4 年末常住人口数（2018年）","http://tjj.fujian.gov.cn/tongjinianjian/dz2019/cn-en/html/2104.htm","population",,,,,,,,"59.3","27.93","31.37","47.1",,,,,,,,,,,,,,,,,,
"2018","连江县","连江县","21-18 社会消费品零售总额（2018年）","http://tjj.fujian.gov.cn/tongjinianjian/dz2019/cn-en/html/2118.htm","retail_sales",,,,,,,,,,,,,,,,,,,,,,,,,,,,"1784850","13.5"
"2018","龙海市","龙海市","21-9 一般公共预算支出（2018年）","http://tjj.fujian.gov.cn/tongjinianjian/dz2019/cn-en/html/2109.htm","budget_expenditure",,,,,,,,,,,,,,,,,,,,"387684","43272","91195","2458","35978",,,,,
"2018","龙海市","龙海市","21-8 地方一般公共预算收入（2018年）","http://tjj.fujian.gov.cn/tongjinianjian/dz2019/cn-en/html/2108.htm","budget_revenue",,,,,,,,,,,,,,,,"213970","74375","-9","37741",,,,,,,,,,
"2018","龙海市","龙海市","21-1 地区生产总值（2018年）","http://tjj.fujian.gov.cn/tongjinianjian/dz2019/cn-en/html/2101.htm","gdp","908.35","73.26","489.07","346.03","401.36","87.71","95345",,,,,,,,,,,,,,,,,,,,,,
"2018","龙海市","龙海市","21-13 规模以上工业增加值增速（2018年）","http://tjj.fujian.gov.cn/tongjinianjian/dz2019/cn-en/html/2113.htm","industrial_va_growth",,,,,,,,,,,,,,,,,,,,,,,,,"8.9","7.8","10.4",,
"2018","龙海市","龙海市","21-4 年末常住人口数（2018年）","http://tjj.fujian.gov.cn/tongjinianjian/dz2019/cn-en/html/2104.htm","population",,,,,,,,"95.64","57.19","38.45","59.8",,,,,,,,,,,,,,,,,,
"2018","龙海市","龙海市","21-18 社会消费品零售总额（2018年）","http://tjj.fujian.gov.cn/tongjinianjian/dz2019/cn-en/html/2118.htm","retail_sales",,,,,,,,,,,,,,,,,,,,,,,,,,,,"1571750","11.3"
"2018","龙文区","龙文区","21-9 一般公共预算支出（2018年）","http://tjj.fujian.gov.cn/tongjinianjian/dz2019/cn-en/html/2109.htm","budget_expenditure",,,,,,,,,,,,,,,,,,,,"164137","16548","33838","7242","12424",,,,,
"2018","龙文区","龙文区","21-8 地方一般公共预算收入（2018年）","http://tjj.fujian.gov.cn/tongjinianjian/dz2019/cn-en/html/2108.htm","budget_revenue",,,,,,,,,,,,,,,,"102854","30784","36","18021",,,,,,,,,,
"2018","龙文区","龙文区","21-1 地区生产总值（2018年）","http://tjj.fujian.gov.cn/tongjinianjian/dz2019/cn-en/html/2101.htm","gdp","246.27","6.68","123.54","116.05","93.38","30.16","127010",,,,,,,,,,,,,,,,,,,,,,
"2018","龙文区","龙文区","21-13 规模以上工业增加值增速（2018年）","http://tjj.fujian.gov.cn/tongjinianjian/dz2019/cn-en/html/2113.htm","industrial_va_growth",,,,,,,,,,,,,,,,,,,,,,,,,"9.5","16.9","-3.2",,
"2018","龙文区","龙文区","21-4 年末常住人口数（2018年）","http://tjj.fujian.gov.cn/tongjinianjian/dz2019/cn-en/html/2104.htm","population",,,,,,,,"19.48","17.53","1.95","90",,,,,,,,,,,,,,,,,,
"2018","龙文区","龙文区","21-18 社会消费品零售总额（2018年）","http://tjj.fujian.gov.cn/tongjinianjian/dz2019/cn-en/html/2118.htm","retail_sales",,,,,,,,,,,,,,,,,,,,,,,,,,,,"1541992","15.1"
"2018","罗源县","罗源县","21-9 一般公共预算支出（2018年）","http://tjj.fujian.gov.cn/tongjinianjian/dz2019/cn-en/html/2109.htm","budget_expenditure",,,,,,,,,,,,,,,,,,,,"303730","32664","45011","2153","63736",,,,,
"2018","罗源县","罗源县","21-8 地方一般公共预算收入（2018年）","http://tjj.fujian.gov.cn/tongjinianjian/dz2019/cn-en/html/2108.htm","budget_revenue",,,,,,,,,,,,,,,,"149474","65330","-65","23613",,,,,,,,,,
"2018","罗源县","罗源县","21-1 地区生产总值（2018年）","http://tjj.fujian.gov.cn/tongjinianjian/dz2019/cn-en/html/2101.htm","gdp","242.82","43.99","143.34","55.49","134.23","9.48","114811",,,,,,,,,,,,,,,,,,,,,,
"2018","罗源县","罗源县","21-13 规模以上工业增加值增速（2018年）","http://tjj.fujian.gov.cn/tongjinianjian/dz2019/cn-en/html/2113.htm","industrial_va_growth",,,,,,,,,,,,,,,,,,,,,,,,,"9.1","14.4","8.4",,
"2018","罗源县","罗源县","21-4 年末常住人口数（2018年）","http://tjj.fujian.gov.cn/tongjinianjian/dz2019/cn-en/html/2104.htm","population",,,,,,,,"21.2","10.07","11.13","47.5",,,,,,,,,,,,,,,,,,
"2018","罗源县","罗源县","21-18 社会消费品零售总额（2018年）","http://tjj.fujian.gov.cn/tongjinianjian/dz2019/cn-en/html/2118.htm","retail_sales",,,,,,,,,,,,,,,,,,,,,,,,,,,,"560479","12.6"
"2018","洛江区","洛江区","21-9 一般公共预算支出（2018年）","http://tjj.fujian.gov.cn/tongjinianjian/dz2019/cn-en/html/2109.htm","budget_expenditure",,,,,,,,,,,,,,,,,,,,"158082","18030","40169","4243","14453",,,,,
"2018","洛江区","洛江区","21-8 地方一般公共预算收入（2018年）","http://tjj.fujian.gov.cn/tongjinianjian/dz2019/cn-en/html/2108.htm","budget_revenue",,,,,,,,,,,,,,,,"117009","43895","1072","18875",,,,,,,,,,
"2018","洛江区","洛江区","21-1 地区生产总值（2018年）","http://tjj.fujian.gov.cn/tongjinianjian/dz2019/cn-en/html/2101.htm","gdp","200.56","4.14","145.23","51.19","129.91","15.32","92639",,,,,,,,,,,,,,,,,,,,,,
"2018","洛江区","洛江区","21-13 规模以上工业增加值增速（2018年）","http://tjj.fujian.gov.cn/tongjinianjian/dz2019/cn-en/html/2113.htm","industrial_va_growth",,,,,,,,,,,,,,,,,,,,,,,,,"11","8","23.8",,
"2018","洛江区","洛江区","21-4 年末常住人口数（2018年）","http://tjj.fujian.gov.cn/tongjinianjian/dz2019/cn-en/html/2104.htm","population",,,,,,,,"21.8","12.77","9.03","58.6",,,,,,,,,,,,,,,,,,
"2018","洛江区","洛江区","21-18 社会消费品零售总额（2018年）","http://tjj.fujian.gov.cn/tongjinianjian/dz2019/cn-en/html/2118.htm","retail_sales",,,,,,,,,,,,,,,,,,,,,,,,,,,,"517048","13.3"
"2018","马尾区","马尾区","21-9 一般公共预算支出（2018年）","http://tjj.fujian.gov.cn/tongjinianjian/dz2019/cn-en/html/2109.htm","budget_expenditure",,,,,,,,,,,,,,,,,,,,"458225","43240","63668","16917","15947",,,,,
"2018","马尾区","马尾区","21-8 地方一般公共预算收入（2018年）","http://tjj.fujian.gov.cn/tongjinianjian/dz2019/cn-en/html/2108.htm","budget_revenue",,,,,,,,,,,,,,,,"240286","63738","-5","34297",,,,,,,,,,
"2018","马尾区","马尾区","21-1 地区生产总值（2018年）","http://tjj.fujian.gov.cn/tongjinianjian/dz2019/cn-en/html/2101.htm","gdp","536.96","4.35","311.99","220.63","278.31","34.3","206128",,,,,,,,,,,,,,,,,,,,,,
"2018","马尾区","马尾区","21-13 规模以上工业增加值增速（2018年）","http://tjj.fujian.gov.cn/tongjinianjian/dz2019/cn-en/html/2113.htm","industrial_va_growth",,,,,,,,,,,,,,,,,,,,,,,,,"8.9","10.8","7.1",,
"2018","马尾区","马尾区","21-4 年末常住人口数（2018年）","http://tjj.fujian.gov.cn/tongjinianjian/dz2019/cn-en/html/2104.htm","population",,,,,,,,"26.2","20.38","5.82","77.8",,,,,,,,,,,,,,,,,,
"2018","马尾区","马尾区","21-18 社会消费品零售总额（2018年）","http://tjj.fujian.gov.cn/tongjinianjian/dz2019/cn-en/html/2118.htm","retail_sales",,,,,,,,,,,,,,,,,,,,,,,,,,,,"8893508","12.8"
"2018","梅列区","梅列区","21-9 一般公共预算支出（2018年）","http://tjj.fujian.gov.cn/tongjinianjian/dz2019/cn-en/html/2109.htm","budget_expenditure",,,,,,,,,,,,,,,,,,,,"94718","8489","20437","360","13804",,,,,
"2018","梅列区","梅列区","21-8 地方一般公共预算收入（2018年）","http://tjj.fujian.gov.cn/tongjinianjian/dz2019/cn-en/html/2108.htm","budget_revenue",,,,,,,,,,,,,,,,"77737","16111","-52","4808",,,,,,,,,,
"2018","梅列区","梅列区","21-1 地区生产总值（2018年）","http://tjj.fujian.gov.cn/tongjinianjian/dz2019/cn-en/html/2101.htm","gdp","338.76","4.58","191.34","142.84","175.37","15.98","183114",,,,,,,,,,,,,,,,,,,,,,
"2018","梅列区","梅列区","21-13 规模以上工业增加值增速（2018年）","http://tjj.fujian.gov.cn/tongjinianjian/dz2019/cn-en/html/2113.htm","industrial_va_growth",,,,,,,,,,,,,,,,,,,,,,,,,"9.2","4.3","9.5",,
"2018","梅列区","梅列区","21-4 年末常住人口数（2018年）","http://tjj.fujian.gov.cn/tongjinianjian/dz2019/cn-en/html/2104.htm","population",,,,,,,,"18.6","18.3","0.3","98.4",,,,,,,,,,,,,,,,,,
"2018","梅列区","梅列区","21-18 社会消费品零售总额（2018年）","http://tjj.fujian.gov.cn/tongjinianjian/dz2019/cn-en/html/2118.htm","retail_sales",,,,,,,,,,,,,,,,,,,,,,,,,,,,"928933","11.4"
"2018","闽侯县","闽侯县","21-9 一般公共预算支出（2018年）","http://tjj.fujian.gov.cn/tongjinianjian/dz2019/cn-en/html/2109.htm","budget_expenditure",,,,,,,,,,,,,,,,,,,,"996962","71143","144857","28913","63199",,,,,
"2018","闽侯县","闽侯县","21-8 地方一般公共预算收入（2018年）","http://tjj.fujian.gov.cn/tongjinianjian/dz2019/cn-en/html/2108.htm","budget_revenue",,,,,,,,,,,,,,,,"800712","194964","486","100238",,,,,,,,,,
"2018","闽侯县","闽侯县","21-1 地区生产总值（2018年）","http://tjj.fujian.gov.cn/tongjinianjian/dz2019/cn-en/html/2101.htm","gdp","603.55","39.17","341.34","223.04","308.46","34.4","83827",,,,,,,,,,,,,,,,,,,,,,
"2018","闽侯县","闽侯县","21-13 规模以上工业增加值增速（2018年）","http://tjj.fujian.gov.cn/tongjinianjian/dz2019/cn-en/html/2113.htm","industrial_va_growth",,,,,,,,,,,,,,,,,,,,,,,,,"8.9","14.6","5.2",,
"2018","闽侯县","闽侯县","21-4 年末常住人口数（2018年）","http://tjj.fujian.gov.cn/tongjinianjian/dz2019/cn-en/html/2104.htm","population",,,,,,,,"72.5","41.32","31.18","57",,,,,,,,,,,,,,,,,,
"2018","闽侯县","闽侯县","21-18 社会消费品零售总额（2018年）","http://tjj.fujian.gov.cn/tongjinianjian/dz2019/cn-en/html/2118.htm","retail_sales",,,,,,,,,,,,,,,,,,,,,,,,,,,,"3173058","12"
"2018","闽清县","闽清县","21-9 一般公共预算支出（2018年）","http://tjj.fujian.gov.cn/tongjinianjian/dz2019/cn-en/html/2109.htm","budget_expenditure",,,,,,,,,,,,,,,,,,,,"264849","23358","55975","2597","41668",,,,,
"2018","闽清县","闽清县","21-8 地方一般公共预算收入（2018年）","http://tjj.fujian.gov.cn/tongjinianjian/dz2019/cn-en/html/2108.htm","budget_revenue",,,,,,,,,,,,,,,,"186888","117943","-2","14852",,,,,,,,,,
"2018","闽清县","闽清县","21-1 地区生产总值（2018年）","http://tjj.fujian.gov.cn/tongjinianjian/dz2019/cn-en/html/2101.htm","gdp","226.33","32.4","115.17","78.77","63.53","51.95","94305",,,,,,,,,,,,,,,,,,,,,,
"2018","闽清县","闽清县","21-13 规模以上工业增加值增速（2018年）","http://tjj.fujian.gov.cn/tongjinianjian/dz2019/cn-en/html/2113.htm","industrial_va_growth",,,,,,,,,,,,,,,,,,,,,,,,,"8.4","6.2","8.7",,
"2018","闽清县","闽清县","21-4 年末常住人口数（2018年）","http://tjj.fujian.gov.cn/tongjinianjian/dz2019/cn-en/html/2104.htm","population",,,,,,,,"24","9.72","14.28","40.5",,,,,,,,,,,,,,,,,,
"2018","闽清县","闽清县","21-18 社会消费品零售总额（2018年）","http://tjj.fujian.gov.cn/tongjinianjian/dz2019/cn-en/html/2118.htm","retail_sales",,,,,,,,,,,,,,,,,,,,,,,,,,,,"651724","12.4"
"2018","明溪县","明溪县","21-9 一般公共预算支出（2018年）","http://tjj.fujian.gov.cn/tongjinianjian/dz2019/cn-en/html/2109.htm","budget_expenditure",,,,,,,,,,,,,,,,,,,,"153719","15736","28947","1107","32021",,,,,
"2018","明溪县","明溪县","21-8 地方一般公共预算收入（2018年）","http://tjj.fujian.gov.cn/tongjinianjian/dz2019/cn-en/html/2108.htm","budget_revenue",,,,,,,,,,,,,,,,"32162","9954","1","2296",,,,,,,,,,
"2018","明溪县","明溪县","21-1 地区生产总值（2018年）","http://tjj.fujian.gov.cn/tongjinianjian/dz2019/cn-en/html/2101.htm","gdp","81.61","18.72","35.09","27.79","26.24","8.85","79229",,,,,,,,,,,,,,,,,,,,,,
"2018","明溪县","明溪县","21-13 规模以上工业增加值增速（2018年）","http://tjj.fujian.gov.cn/tongjinianjian/dz2019/cn-en/html/2113.htm","industrial_va_growth",,,,,,,,,,,,,,,,,,,,,,,,,"8.9","8","9.4",,
"2018","明溪县","明溪县","21-4 年末常住人口数（2018年）","http://tjj.fujian.gov.cn/tongjinianjian/dz2019/cn-en/html/2104.htm","population",,,,,,,,"10.3","5.5","4.8","53.4",,,,,,,,,,,,,,,,,,
"2018","明溪县","明溪县","21-18 社会消费品零售总额（2018年）","http://tjj.fujian.gov.cn/tongjinianjian/dz2019/cn-en/html/2118.htm","retail_sales",,,,,,,,,,,,,,,,,,,,,,,,,,,,"189321","10.1"
"2018","南安市","南安市","21-9 一般公共预算支出（2018年）","http://tjj.fujian.gov.cn/tongjinianjian/dz2019/cn-en/html/2109.htm","budget_expenditure",,,,,,,,,,,,,,,,,,,,"681769","48615","189293","16041","78435",,,,,
"2018","南安市","南安市","21-8 地方一般公共预算收入（2018年）","http://tjj.fujian.gov.cn/tongjinianjian/dz2019/cn-en/html/2108.htm","budget_revenue",,,,,,,,,,,,,,,,"459874","173841","1164","48146",,,,,,,,,,
"2018","南安市","南安市","21-1 地区生产总值（2018年）","http://tjj.fujian.gov.cn/tongjinianjian/dz2019/cn-en/html/2101.htm","gdp","1067.82","27.5","612.81","427.52","560.3","52.57","71022",,,,,,,,,,,,,,,,,,,,,,
"2018","南安市","南安市","21-13 规模以上工业增加值增速（2018年）","http://tjj.fujian.gov.cn/tongjinianjian/dz2019/cn-en/html/2113.htm","industrial_va_growth",,,,,,,,,,,,,,,,,,,,,,,,,"10","8.2","11",,
"2018","南安市","南安市","21-4 年末常住人口数（2018年）","http://tjj.fujian.gov.cn/tongjinianjian/dz2019/cn-en/html/2104.htm","population",,,,,,,,"150.8","90.18","60.62","59.8",,,,,,,,,,,,,,,,,,
"2018","南安市","南安市","21-18 社会消费品零售总额（2018年）","http://tjj.fujian.gov.cn/tongjinianjian/dz2019/cn-en/html/2118.htm","retail_sales",,,,,,,,,,,,,,,,,,,,,,,,,,,,"5142052","12.4"
"2018","南靖县","南靖县","21-9 一般公共预算支出（2018年）","http://tjj.fujian.gov.cn/tongjinianjian/dz2019/cn-en/html/2109.htm","budget_expenditure",,,,,,,,,,,,,,,,,,,,"273161","24486","53762","1405","35977",,,,,
"2018","南靖县","南靖县","21-8 地方一般公共预算收入（2018年）","http://tjj.fujian.gov.cn/tongjinianjian/dz2019/cn-en/html/2108.htm","budget_revenue",,,,,,,,,,,,,,,,"83657","32318","-7","5906",,,,,,,,,,
"2018","南靖县","南靖县","21-1 地区生产总值（2018年）","http://tjj.fujian.gov.cn/tongjinianjian/dz2019/cn-en/html/2101.htm","gdp","314.79","59.79","150.29","104.71","134.64","15.65","90094",,,,,,,,,,,,,,,,,,,,,,
"2018","南靖县","南靖县","21-13 规模以上工业增加值增速（2018年）","http://tjj.fujian.gov.cn/tongjinianjian/dz2019/cn-en/html/2113.htm","industrial_va_growth",,,,,,,,,,,,,,,,,,,,,,,,,"9.3","9.5","9.1",,
"2018","南靖县","南靖县","21-4 年末常住人口数（2018年）","http://tjj.fujian.gov.cn/tongjinianjian/dz2019/cn-en/html/2104.htm","population",,,,,,,,"35.08","18.24","16.84","52",,,,,,,,,,,,,,,,,,
"2018","南靖县","南靖县","21-18 社会消费品零售总额（2018年）","http://tjj.fujian.gov.cn/tongjinianjian/dz2019/cn-en/html/2118.htm","retail_sales",,,,,,,,,,,,,,,,,,,,,,,,,,,,"531701","15.7"
"2018","宁化县","宁化县","21-9 一般公共预算支出（2018年）","http://tjj.fujian.gov.cn/tongjinianjian/dz2019/cn-en/html/2109.htm","budget_expenditure",,,,,,,,,,,,,,,,,,,,"293841","23632","59173","3852","54459",,,,,
"2018","宁化县","宁化县","21-8 地方一般公共预算收入（2018年）","http://tjj.fujian.gov.cn/tongjinianjian/dz2019/cn-en/html/2108.htm","budget_revenue",,,,,,,,,,,,,,,,"66258","16809","7","5517",,,,,,,,,,
"2018","宁化县","宁化县","21-1 地区生产总值（2018年）","http://tjj.fujian.gov.cn/tongjinianjian/dz2019/cn-en/html/2101.htm","gdp","145.16","25.58","67.82","51.76","46.98","20.84","50666",,,,,,,,,,,,,,,,,,,,,,
"2018","宁化县","宁化县","21-13 规模以上工业增加值增速（2018年）","http://tjj.fujian.gov.cn/tongjinianjian/dz2019/cn-en/html/2113.htm","industrial_va_growth",,,,,,,,,,,,,,,,,,,,,,,,,"9.3","15.6","1.9",,
"2018","宁化县","宁化县","21-4 年末常住人口数（2018年）","http://tjj.fujian.gov.cn/tongjinianjian/dz2019/cn-en/html/2104.htm","population",,,,,,,,"28.7","13.1","15.6","45.6",,,,,,,,,,,,,,,,,,
"2018","宁化县","宁化县","21-18 社会消费品零售总额（2018年）","http://tjj.fujian.gov.cn/tongjinianjian/dz2019/cn-en/html/2118.htm","retail_sales",,,,,,,,,,,,,,,,,,,,,,,,,,,,"441723","12.4"
"2018","平和县","平和县","21-9 一般公共预算支出（2018年）","http://tjj.fujian.gov.cn/tongjinianjian/dz2019/cn-en/html/2109.htm","budget_expenditure",,,,,,,,,,,,,,,,,,,,"341767","25533","60883","1405","56547",,,,,
"2018","平和县","平和县","21-8 地方一般公共预算收入（2018年）","http://tjj.fujian.gov.cn/tongjinianjian/dz2019/cn-en/html/2108.htm","budget_revenue",,,,,,,,,,,,,,,,"61551","18501","-1","5954",,,,,,,,,,
"2018","平和县","平和县","21-1 地区生产总值（2018年）","http://tjj.fujian.gov.cn/tongjinianjian/dz2019/cn-en/html/2101.htm","gdp","226.46","45.43","76.38","104.64","57.62","18.77","43558",,,,,,,,,,,,,,,,,,,,,,
"2018","平和县","平和县","21-13 规模以上工业增加值增速（2018年）","http://tjj.fujian.gov.cn/tongjinianjian/dz2019/cn-en/html/2113.htm","industrial_va_growth",,,,,,,,,,,,,,,,,,,,,,,,,"9.4","9.2","9.6",,
"2018","平和县","平和县","21-4 年末常住人口数（2018年）","http://tjj.fujian.gov.cn/tongjinianjian/dz2019/cn-en/html/2104.htm","population",,,,,,,,"52.18","24.52","27.66","47",,,,,,,,,,,,,,,,,,
"2018","平和县","平和县","21-18 社会消费品零售总额（2018年）","http://tjj.fujian.gov.cn/tongjinianjian/dz2019/cn-en/html/2118.htm","retail_sales",,,,,,,,,,,,,,,,,,,,,,,,,,,,"644291","11.9"
"2018","平潭县","平潭县","21-9 一般公共预算支出（2018年）","http://tjj.fujian.gov.cn/tongjinianjian/dz2019/cn-en/html/2109.htm","budget_expenditure",,,,,,,,,,,,,,,,,,,,"898550","67475","95836","88632","51128",,,,,
"2018","平潭县","平潭县","21-8 地方一般公共预算收入（2018年）","http://tjj.fujian.gov.cn/tongjinianjian/dz2019/cn-en/html/2108.htm","budget_revenue",,,,,,,,,,,,,,,,"384430","75725","-2","57491",,,,,,,,,,
"2018","平潭县","平潭县","21-1 地区生产总值（2018年）","http://tjj.fujian.gov.cn/tongjinianjian/dz2019/cn-en/html/2101.htm","gdp","254.28","34.55","71.85","147.88","6.9","64.95","55885",,,,,,,,,,,,,,,,,,,,,,
"2018","平潭县","平潭县","21-13 规模以上工业增加值增速（2018年）","http://tjj.fujian.gov.cn/tongjinianjian/dz2019/cn-en/html/2113.htm","industrial_va_growth",,,,,,,,,,,,,,,,,,,,,,,,,"3.9","2.9","4.1",,
"2018","平潭县","平潭县","21-4 年末常住人口数（2018年）","http://tjj.fujian.gov.cn/tongjinianjian/dz2019/cn-en/html/2104.htm","population",,,,,,,,"46","23.09","22.91","50.2",,,,,,,,,,,,,,,,,,
"2018","平潭县","平潭县","21-18 社会消费品零售总额（2018年）","http://tjj.fujian.gov.cn/tongjinianjian/dz2019/cn-en/html/2118.htm","retail_sales",,,,,,,,,,,,,,,,,,,,,,,,,,,,"685447","9.7"
"2018","屏南县","屏南县","21-9 一般公共预算支出（2018年）","http://tjj.fujian.gov.cn/tongjinianjian/dz2019/cn-en/html/2109.htm","budget_expenditure",,,,,,,,,,,,,,,,,,,,"200206","16146","40614","847","34453",,,,,
"2018","屏南县","屏南县","21-8 地方一般公共预算收入（2018年）","http://tjj.fujian.gov.cn/tongjinianjian/dz2019/cn-en/html/2108.htm","budget_revenue",,,,,,,,,,,,,,,,"44405","10906","-1","3312",,,,,,,,,,
"2018","屏南县","屏南县","21-1 地区生产总值（2018年）","http://tjj.fujian.gov.cn/tongjinianjian/dz2019/cn-en/html/2101.htm","gdp","65.9","12.95","21.7","31.26","14.75","6.96","46572",,,,,,,,,,,,,,,,,,,,,,
"2018","屏南县","屏南县","21-13 规模以上工业增加值增速（2018年）","http://tjj.fujian.gov.cn/tongjinianjian/dz2019/cn-en/html/2113.htm","industrial_va_growth",,,,,,,,,,,,,,,,,,,,,,,,,"-52","-57.8","-42.1",,
"2018","屏南县","屏南县","21-4 年末常住人口数（2018年）","http://tjj.fujian.gov.cn/tongjinianjian/dz2019/cn-en/html/2104.htm","population",,,,,,,,"14.2","6.42","7.78","45.2",,,,,,,,,,,,,,,,,,
"2018","屏南县","屏南县","21-18 社会消费品零售总额（2018年）","http://tjj.fujian.gov.cn/tongjinianjian/dz2019/cn-en/html/2118.htm","retail_sales",,,,,,,,,,,,,,,,,,,,,,,,,,,,"225844","6.7"
"2018","浦城县","浦城县","21-9 一般公共预算支出（2018年）","http://tjj.fujian.gov.cn/tongjinianjian/dz2019/cn-en/html/2109.htm","budget_expenditure",,,,,,,,,,,,,,,,,,,,"310569","19836","52986","2519","63468",,,,,
"2018","浦城县","浦城县","21-8 地方一般公共预算收入（2018年）","http://tjj.fujian.gov.cn/tongjinianjian/dz2019/cn-en/html/2108.htm","budget_revenue",,,,,,,,,,,,,,,,"66122","17608","250","5412",,,,,,,,,,
"2018","浦城县","浦城县","21-1 地区生产总值（2018年）","http://tjj.fujian.gov.cn/tongjinianjian/dz2019/cn-en/html/2101.htm","gdp","157.54","33.87","57.25","66.42","47.09","10.16","52601",,,,,,,,,,,,,,,,,,,,,,
"2018","浦城县","浦城县","21-13 规模以上工业增加值增速（2018年）","http://tjj.fujian.gov.cn/tongjinianjian/dz2019/cn-en/html/2113.htm","industrial_va_growth",,,,,,,,,,,,,,,,,,,,,,,,,"3.4","6.8","2.5",,
"2018","浦城县","浦城县","21-4 年末常住人口数（2018年）","http://tjj.fujian.gov.cn/tongjinianjian/dz2019/cn-en/html/2104.htm","population",,,,,,,,"30","14.43","15.57","48.1",,,,,,,,,,,,,,,,,,
"2018","浦城县","浦城县","21-18 社会消费品零售总额（2018年）","http://tjj.fujian.gov.cn/tongjinianjian/dz2019/cn-en/html/2118.htm","retail_sales",,,,,,,,,,,,,,,,,,,,,,,,,,,,"524964","8"
"2018","清流县","清流县","21-9 一般公共预算支出（2018年）","http://tjj.fujian.gov.cn/tongjinianjian/dz2019/cn-en/html/2109.htm","budget_expenditure",,,,,,,,,,,,,,,,,,,,"184330","16363","35710","2812","37252",,,,,
"2018","清流县","清流县","21-8 地方一般公共预算收入（2018年）","http://tjj.fujian.gov.cn/tongjinianjian/dz2019/cn-en/html/2108.htm","budget_revenue",,,,,,,,,,,,,,,,"39199","15188","25","7226",,,,,,,,,,
"2018","清流县","清流县","21-1 地区生产总值（2018年）","http://tjj.fujian.gov.cn/tongjinianjian/dz2019/cn-en/html/2101.htm","gdp","117.76","20.91","57.24","39.61","40.11","17.13","85955",,,,,,,,,,,,,,,,,,,,,,
"2018","清流县","清流县","21-13 规模以上工业增加值增速（2018年）","http://tjj.fujian.gov.cn/tongjinianjian/dz2019/cn-en/html/2113.htm","industrial_va_growth",,,,,,,,,,,,,,,,,,,,,,,,,"9.4","15.2","6.6",,
"2018","清流县","清流县","21-4 年末常住人口数（2018年）","http://tjj.fujian.gov.cn/tongjinianjian/dz2019/cn-en/html/2104.htm","population",,,,,,,,"13.7","6.8","6.9","49.6",,,,,,,,,,,,,,,,,,
"2018","清流县","清流县","21-18 社会消费品零售总额（2018年）","http://tjj.fujian.gov.cn/tongjinianjian/dz2019/cn-en/html/2118.htm","retail_sales",,,,,,,,,,,,,,,,,,,,,,,,,,,,"267463","11.6"
"2018","泉港区","泉港区","21-9 一般公共预算支出（2018年）","http://tjj.fujian.gov.cn/tongjinianjian/dz2019/cn-en/html/2109.htm","budget_expenditure",,,,,,,,,,,,,,,,,,,,"357334","27630","82175","9662","28636",,,,,
"2018","泉港区","泉港区","21-8 地方一般公共预算收入（2018年）","http://tjj.fujian.gov.cn/tongjinianjian/dz2019/cn-en/html/2108.htm","budget_revenue",,,,,,,,,,,,,,,,"351635","141063","77","85675",,,,,,,,,,
"2018","泉港区","泉港区","21-1 地区生产总值（2018年）","http://tjj.fujian.gov.cn/tongjinianjian/dz2019/cn-en/html/2101.htm","gdp","654.11","11.46","511.19","131.46","461.96","49.23","195257",,,,,,,,,,,,,,,,,,,,,,
"2018","泉港区","泉港区","21-13 规模以上工业增加值增速（2018年）","http://tjj.fujian.gov.cn/tongjinianjian/dz2019/cn-en/html/2113.htm","industrial_va_growth",,,,,,,,,,,,,,,,,,,,,,,,,"7.9","20.6","4.6",,
"2018","泉港区","泉港区","21-4 年末常住人口数（2018年）","http://tjj.fujian.gov.cn/tongjinianjian/dz2019/cn-en/html/2104.htm","population",,,,,,,,"33.6","17.64","15.96","52.5",,,,,,,,,,,,,,,,,,
"2018","泉港区","泉港区","21-18 社会消费品零售总额（2018年）","http://tjj.fujian.gov.cn/tongjinianjian/dz2019/cn-en/html/2118.htm","retail_sales",,,,,,,,,,,,,,,,,,,,,,,,,,,,"1070804","14"
"2018","三元区","三元区","21-9 一般公共预算支出（2018年）","http://tjj.fujian.gov.cn/tongjinianjian/dz2019/cn-en/html/2109.htm","budget_expenditure",,,,,,,,,,,,,,,,,,,,"98245","9453","25787","1261","12790",,,,,
"2018","三元区","三元区","21-8 地方一般公共预算收入（2018年）","http://tjj.fujian.gov.cn/tongjinianjian/dz2019/cn-en/html/2108.htm","budget_revenue",,,,,,,,,,,,,,,,"43817","12579","13","3621",,,,,,,,,,
"2018","三元区","三元区","21-1 地区生产总值（2018年）","http://tjj.fujian.gov.cn/tongjinianjian/dz2019/cn-en/html/2101.htm","gdp","164.5","10.69","88.75","65.06","72.64","16.11","80440",,,,,,,,,,,,,,,,,,,,,,
"2018","三元区","三元区","21-13 规模以上工业增加值增速（2018年）","http://tjj.fujian.gov.cn/tongjinianjian/dz2019/cn-en/html/2113.htm","industrial_va_growth",,,,,,,,,,,,,,,,,,,,,,,,,"8.5","12.5","7",,
"2018","三元区","三元区","21-4 年末常住人口数（2018年）","http://tjj.fujian.gov.cn/tongjinianjian/dz2019/cn-en/html/2104.htm","population",,,,,,,,"20.5","17.9","2.6","87.3",,,,,,,,,,,,,,,,,,
"2018","三元区","三元区","21-18 社会消费品零售总额（2018年）","http://tjj.fujian.gov.cn/tongjinianjian/dz2019/cn-en/html/2118.htm","retail_sales",,,,,,,,,,,,,,,,,,,,,,,,,,,,"491559","15.3"
"2018","沙县","沙县","21-9 一般公共预算支出（2018年）","http://tjj.fujian.gov.cn/tongjinianjian/dz2019/cn-en/html/2109.htm","budget_expenditure",,,,,,,,,,,,,,,,,,,,"261818","22695","54881","4633","44987",,,,,
"2018","沙县","沙县","21-8 地方一般公共预算收入（2018年）","http://tjj.fujian.gov.cn/tongjinianjian/dz2019/cn-en/html/2108.htm","budget_revenue",,,,,,,,,,,,,,,,"102182","24641","828","6269",,,,,,,,,,
"2018","沙县","沙县","21-1 地区生产总值（2018年）","http://tjj.fujian.gov.cn/tongjinianjian/dz2019/cn-en/html/2101.htm","gdp","254.21","27.63","141.28","85.3","120.43","20.85","109336",,,,,,,,,,,,,,,,,,,,,,
"2018","沙县","沙县","21-13 规模以上工业增加值增速（2018年）","http://tjj.fujian.gov.cn/tongjinianjian/dz2019/cn-en/html/2113.htm","industrial_va_growth",,,,,,,,,,,,,,,,,,,,,,,,,"9.1","2.6","14.3",,
"2018","沙县","沙县","21-4 年末常住人口数（2018年）","http://tjj.fujian.gov.cn/tongjinianjian/dz2019/cn-en/html/2104.htm","population",,,,,,,,"23.3","15.3","8","65.7",,,,,,,,,,,,,,,,,,
"2018","沙县","沙县","21-18 社会消费品零售总额（2018年）","http://tjj.fujian.gov.cn/tongjinianjian/dz2019/cn-en/html/2118.htm","retail_sales",,,,,,,,,,,,,,,,,,,,,,,,,,,,"598091","9.5"
"2018","上杭县","上杭县","21-9 一般公共预算支出（2018年）","http://tjj.fujian.gov.cn/tongjinianjian/dz2019/cn-en/html/2109.htm","budget_expenditure",,,,,,,,,,,,,,,,,,,,"457973","37232","96988","23975","67870",,,,,
"2018","上杭县","上杭县","21-8 地方一般公共预算收入（2018年）","http://tjj.fujian.gov.cn/tongjinianjian/dz2019/cn-en/html/2108.htm","budget_revenue",,,,,,,,,,,,,,,,"262577","52779","7","26407",,,,,,,,,,
"2018","上杭县","上杭县","21-1 地区生产总值（2018年）","http://tjj.fujian.gov.cn/tongjinianjian/dz2019/cn-en/html/2101.htm","gdp","354.45","43.85","167.05","143.55","121.55","45.49","94520",,,,,,,,,,,,,,,,,,,,,,
"2018","上杭县","上杭县","21-13 规模以上工业增加值增速（2018年）","http://tjj.fujian.gov.cn/tongjinianjian/dz2019/cn-en/html/2113.htm","industrial_va_growth",,,,,,,,,,,,,,,,,,,,,,,,,"10.3","-21.8","11.2",,
"2018","上杭县","上杭县","21-4 年末常住人口数（2018年）","http://tjj.fujian.gov.cn/tongjinianjian/dz2019/cn-en/html/2104.htm","population",,,,,,,,"37.5","18.38","19.12","49",,,,,,,,,,,,,,,,,,
"2018","上杭县","上杭县","21-18 社会消费品零售总额（2018年）","http://tjj.fujian.gov.cn/tongjinianjian/dz2019/cn-en/html/2118.htm","retail_sales",,,,,,,,,,,,,,,,,,,,,,,,,,,,"936593","9.5"
"2018","邵武市","邵武市","21-9 一般公共预算支出（2018年）","http://tjj.fujian.gov.cn/tongjinianjian/dz2019/cn-en/html/2109.htm","budget_expenditure",,,,,,,,,,,,,,,,,,,,"282422","22416","59984","1629","47757",,,,,
"2018","邵武市","邵武市","21-8 地方一般公共预算收入（2018年）","http://tjj.fujian.gov.cn/tongjinianjian/dz2019/cn-en/html/2108.htm","budget_revenue",,,,,,,,,,,,,,,,"124972","40332","79","10445",,,,,,,,,,
"2018","邵武市","邵武市","21-1 地区生产总值（2018年）","http://tjj.fujian.gov.cn/tongjinianjian/dz2019/cn-en/html/2101.htm","gdp","257.72","27.5","124.65","105.57","102.95","21.7","92872",,,,,,,,,,,,,,,,,,,,,,
"2018","邵武市","邵武市","21-13 规模以上工业增加值增速（2018年）","http://tjj.fujian.gov.cn/tongjinianjian/dz2019/cn-en/html/2113.htm","industrial_va_growth",,,,,,,,,,,,,,,,,,,,,,,,,"7.1","11.1","1.9",,
"2018","邵武市","邵武市","21-4 年末常住人口数（2018年）","http://tjj.fujian.gov.cn/tongjinianjian/dz2019/cn-en/html/2104.htm","population",,,,,,,,"27.8","19.15","8.65","68.9",,,,,,,,,,,,,,,,,,
"2018","邵武市","邵武市","21-18 社会消费品零售总额（2018年）","http://tjj.fujian.gov.cn/tongjinianjian/dz2019/cn-en/html/2118.htm","retail_sales",,,,,,,,,,,,,,,,,,,,,,,,,,,,"1360188","13.2"
"2018","石狮市","石狮市","21-9 一般公共预算支出（2018年）","http://tjj.fujian.gov.cn/tongjinianjian/dz2019/cn-en/html/2109.htm","budget_expenditure",,,,,,,,,,,,,,,,,,,,"542909","44133","84493","13565","54575",,,,,
"2018","石狮市","石狮市","21-8 地方一般公共预算收入（2018年）","http://tjj.fujian.gov.cn/tongjinianjian/dz2019/cn-en/html/2108.htm","budget_revenue",,,,,,,,,,,,,,,,"418213","114596","-61","45220",,,,,,,,,,
"2018","石狮市","石狮市","21-1 地区生产总值（2018年）","http://tjj.fujian.gov.cn/tongjinianjian/dz2019/cn-en/html/2101.htm","gdp","836.03","25.5","412.56","397.97","365.52","47.12","120813",,,,,,,,,,,,,,,,,,,,,,
"2018","石狮市","石狮市","21-13 规模以上工业增加值增速（2018年）","http://tjj.fujian.gov.cn/tongjinianjian/dz2019/cn-en/html/2113.htm","industrial_va_growth",,,,,,,,,,,,,,,,,,,,,,,,,"9.7","8.1","14.8",,
"2018","石狮市","石狮市","21-4 年末常住人口数（2018年）","http://tjj.fujian.gov.cn/tongjinianjian/dz2019/cn-en/html/2104.htm","population",,,,,,,,"69.3","55.3","14","79.8",,,,,,,,,,,,,,,,,,
"2018","石狮市","石狮市","21-18 社会消费品零售总额（2018年）","http://tjj.fujian.gov.cn/tongjinianjian/dz2019/cn-en/html/2118.htm","retail_sales",,,,,,,,,,,,,,,,,,,,,,,,,,,,"4947963","11.6"
"2018","寿宁县","寿宁县","21-9 一般公共预算支出（2018年）","http://tjj.fujian.gov.cn/tongjinianjian/dz2019/cn-en/html/2109.htm","budget_expenditure",,,,,,,,,,,,,,,,,,,,"193102","15458","38186","784","36523",,,,,
"2018","寿宁县","寿宁县","21-8 地方一般公共预算收入（2018年）","http://tjj.fujian.gov.cn/tongjinianjian/dz2019/cn-en/html/2108.htm","budget_revenue",,,,,,,,,,,,,,,,"32809","9620","58","3798",,,,,,,,,,
"2018","寿宁县","寿宁县","21-1 地区生产总值（2018年）","http://tjj.fujian.gov.cn/tongjinianjian/dz2019/cn-en/html/2101.htm","gdp","74.4","15.54","30.19","28.66","17","13.21","40992",,,,,,,,,,,,,,,,,,,,,,
"2018","寿宁县","寿宁县","21-13 规模以上工业增加值增速（2018年）","http://tjj.fujian.gov.cn/tongjinianjian/dz2019/cn-en/html/2113.htm","industrial_va_growth",,,,,,,,,,,,,,,,,,,,,,,,,"0.5","-6.2","5.1",,
"2018","寿宁县","寿宁县","21-4 年末常住人口数（2018年）","http://tjj.fujian.gov.cn/tongjinianjian/dz2019/cn-en/html/2104.htm","population",,,,,,,,"18.2","8.87","9.33","48.7",,,,,,,,,,,,,,,,,,
"2018","寿宁县","寿宁县","21-18 社会消费品零售总额（2018年）","http://tjj.fujian.gov.cn/tongjinianjian/dz2019/cn-en/html/2118.htm","retail_sales",,,,,,,,,,,,,,,,,,,,,,,,,,,,"264672","7.8"
"2018","顺昌县","顺昌县","21-9 一般公共预算支出（2018年）","http://tjj.fujian.gov.cn/tongjinianjian/dz2019/cn-en/html/2109.htm","budget_expenditure",,,,,,,,,,,,,,,,,,,,"206250","20336","38771","1559","41683",,,,,
"2018","顺昌县","顺昌县","21-8 地方一般公共预算收入（2018年）","http://tjj.fujian.gov.cn/tongjinianjian/dz2019/cn-en/html/2108.htm","budget_revenue",,,,,,,,,,,,,,,,"52699","20336","49","1843",,,,,,,,,,
"2018","顺昌县","顺昌县","21-1 地区生产总值（2018年）","http://tjj.fujian.gov.cn/tongjinianjian/dz2019/cn-en/html/2101.htm","gdp","127.88","19.17","47.92","60.79","37.58","10.33","66776",,,,,,,,,,,,,,,,,,,,,,
"2018","顺昌县","顺昌县","21-13 规模以上工业增加值增速（2018年）","http://tjj.fujian.gov.cn/tongjinianjian/dz2019/cn-en/html/2113.htm","industrial_va_growth",,,,,,,,,,,,,,,,,,,,,,,,,"10.4","11","10.1",,
"2018","顺昌县","顺昌县","21-4 年末常住人口数（2018年）","http://tjj.fujian.gov.cn/tongjinianjian/dz2019/cn-en/html/2104.htm","population",,,,,,,,"19.2","9.7","9.5","50.5",,,,,,,,,,,,,,,,,,
"2018","顺昌县","顺昌县","21-18 社会消费品零售总额（2018年）","http://tjj.fujian.gov.cn/tongjinianjian/dz2019/cn-en/html/2118.htm","retail_sales",,,,,,,,,,,,,,,,,,,,,,,,,,,,"366222","10.9"
"2018","思明区","思明区","21-9 一般公共预算支出（2018年）","http://tjj.fujian.gov.cn/tongjinianjian/dz2019/cn-en/html/2109.htm","budget_expenditure",,,,,,,,,,,,,,,,,,,,"886380","62096","205621","19279","918",,,,,
"2018","思明区","思明区","21-8 地方一般公共预算收入（2018年）","http://tjj.fujian.gov.cn/tongjinianjian/dz2019/cn-en/html/2108.htm","budget_revenue",,,,,,,,,,,,,,,,"557177","162445","282","97335",,,,,,,,,,
"2018","思明区","思明区","21-1 地区生产总值（2018年）","http://tjj.fujian.gov.cn/tongjinianjian/dz2019/cn-en/html/2101.htm","gdp","1449.93","2.35","159.21","1288.36","75.37","83.84","143415",,,,,,,,,,,,,,,,,,,,,,
"2018","思明区","思明区","21-13 规模以上工业增加值增速（2018年）","http://tjj.fujian.gov.cn/tongjinianjian/dz2019/cn-en/html/2113.htm","industrial_va_growth",,,,,,,,,,,,,,,,,,,,,,,,,"8","1.9","9.6",,
"2018","思明区","思明区","21-4 年末常住人口数（2018年）","http://tjj.fujian.gov.cn/tongjinianjian/dz2019/cn-en/html/2104.htm","population",,,,,,,,"101.5","101.5",,"100",,,,,,,,,,,,,,,,,,
"2018","思明区","思明区","21-18 社会消费品零售总额（2018年）","http://tjj.fujian.gov.cn/tongjinianjian/dz2019/cn-en/html/2118.htm","retail_sales",,,,,,,,,,,,,,,,,,,,,,,,,,,,"5794274","10.8"
"2018","松溪县","松溪县","21-9 一般公共预算支出（2018年）","http://tjj.fujian.gov.cn/tongjinianjian/dz2019/cn-en/html/2109.htm","budget_expenditure",,,,,,,,,,,,,,,,,,,,"179055","15983","29069","2957","33258",,,,,
"2018","松溪县","松溪县","21-8 地方一般公共预算收入（2018年）","http://tjj.fujian.gov.cn/tongjinianjian/dz2019/cn-en/html/2108.htm","budget_revenue",,,,,,,,,,,,,,,,"27174","7791","21","1622",,,,,,,,,,
"2018","松溪县","松溪县","21-1 地区生产总值（2018年）","http://tjj.fujian.gov.cn/tongjinianjian/dz2019/cn-en/html/2101.htm","gdp","59.72","13.05","23.74","22.94","16.15","7.59","48755",,,,,,,,,,,,,,,,,,,,,,
"2018","松溪县","松溪县","21-13 规模以上工业增加值增速（2018年）","http://tjj.fujian.gov.cn/tongjinianjian/dz2019/cn-en/html/2113.htm","industrial_va_growth",,,,,,,,,,,,,,,,,,,,,,,,,"9.7","8.9","11.3",,
"2018","松溪县","松溪县","21-4 年末常住人口数（2018年）","http://tjj.fujian.gov.cn/tongjinianjian/dz2019/cn-en/html/2104.htm","population",,,,,,,,"12.3","5.87","6.43","47.7",,,,,,,,,,,,,,,,,,
"2018","松溪县","松溪县","21-18 社会消费品零售总额（2018年）","http://tjj.fujian.gov.cn/tongjinianjian/dz2019/cn-en/html/2118.htm","retail_sales",,,,,,,,,,,,,,,,,,,,,,,,,,,,"292040","9.3"
"2018","台江区","台江区","21-9 一般公共预算支出（2018年）","http://tjj.fujian.gov.cn/tongjinianjian/dz2019/cn-en/html/2109.htm","budget_expenditure",,,,,,,,,,,,,,,,,,,,"180487","25796","50620","4131","120",,,,,
"2018","台江区","台江区","21-8 地方一般公共预算收入（2018年）","http://tjj.fujian.gov.cn/tongjinianjian/dz2019/cn-en/html/2108.htm","budget_revenue",,,,,,,,,,,,,,,,"152600","48259","98","23342",,,,,,,,,,
"2018","台江区","台江区","21-1 地区生产总值（2018年）","http://tjj.fujian.gov.cn/tongjinianjian/dz2019/cn-en/html/2101.htm","gdp","475.63",,"94.3","381.33","26.65","68.23","98170",,,,,,,,,,,,,,,,,,,,,,
"2018","台江区","台江区","21-13 规模以上工业增加值增速（2018年）","http://tjj.fujian.gov.cn/tongjinianjian/dz2019/cn-en/html/2113.htm","industrial_va_growth",,,,,,,,,,,,,,,,,,,,,,,,,"8.5","-26.9","10.9",,
"2018","台江区","台江区","21-4 年末常住人口数（2018年）","http://tjj.fujian.gov.cn/tongjinianjian/dz2019/cn-en/html/2104.htm","population",,,,,,,,"48.6","48.6",,"100",,,,,,,,,,,,,,,,,,
"2018","台江区","台江区","21-18 社会消费品零售总额（2018年）","http://tjj.fujian.gov.cn/tongjinianjian/dz2019/cn-en/html/2118.htm","retail_sales",,,,,,,,,,,,,,,,,,,,,,,,,,,,"4131748","4.1"
"2018","泰宁县","泰宁县","21-9 一般公共预算支出（2018年）","http://tjj.fujian.gov.cn/tongjinianjian/dz2019/cn-en/html/2109.htm","budget_expenditure",,,,,,,,,,,,,,,,,,,,"160400","13390","24544","826","32635",,,,,
"2018","泰宁县","泰宁县","21-8 地方一般公共预算收入（2018年）","http://tjj.fujian.gov.cn/tongjinianjian/dz2019/cn-en/html/2108.htm","budget_revenue",,,,,,,,,,,,,,,,"28046","6116","-5","1515",,,,,,,,,,
"2018","泰宁县","泰宁县","21-1 地区生产总值（2018年）","http://tjj.fujian.gov.cn/tongjinianjian/dz2019/cn-en/html/2101.htm","gdp","105.15","13.24","48","43.91","34.63","13.36","91830",,,,,,,,,,,,,,,,,,,,,,
"2018","泰宁县","泰宁县","21-13 规模以上工业增加值增速（2018年）","http://tjj.fujian.gov.cn/tongjinianjian/dz2019/cn-en/html/2113.htm","industrial_va_growth",,,,,,,,,,,,,,,,,,,,,,,,,"8.7","16.7","-0.2",,
"2018","泰宁县","泰宁县","21-4 年末常住人口数（2018年）","http://tjj.fujian.gov.cn/tongjinianjian/dz2019/cn-en/html/2104.htm","population",,,,,,,,"11.5","5.9","5.6","51.3",,,,,,,,,,,,,,,,,,
"2018","泰宁县","泰宁县","21-18 社会消费品零售总额（2018年）","http://tjj.fujian.gov.cn/tongjinianjian/dz2019/cn-en/html/2118.htm","retail_sales",,,,,,,,,,,,,,,,,,,,,,,,,,,,"264518","10.2"
"2018","同安区","同安区","21-9 一般公共预算支出（2018年）","http://tjj.fujian.gov.cn/tongjinianjian/dz2019/cn-en/html/2109.htm","budget_expenditure",,,,,,,,,,,,,,,,,,,,"569154","41948","150746","31499","37726",,,,,
"2018","同安区","同安区","21-8 地方一般公共预算收入（2018年）","http://tjj.fujian.gov.cn/tongjinianjian/dz2019/cn-en/html/2108.htm","budget_revenue",,,,,,,,,,,,,,,,"230038","78040","141","41789",,,,,,,,,,
"2018","同安区","同安区","21-1 地区生产总值（2018年）","http://tjj.fujian.gov.cn/tongjinianjian/dz2019/cn-en/html/2101.htm","gdp","422.65","9.61","250.67","162.37","226.27","24.4","70914",,,,,,,,,,,,,,,,,,,,,,
"2018","同安区","同安区","21-13 规模以上工业增加值增速（2018年）","http://tjj.fujian.gov.cn/tongjinianjian/dz2019/cn-en/html/2113.htm","industrial_va_growth",,,,,,,,,,,,,,,,,,,,,,,,,"8.1","7.6","8.7",,
"2018","同安区","同安区","21-4 年末常住人口数（2018年）","http://tjj.fujian.gov.cn/tongjinianjian/dz2019/cn-en/html/2104.htm","population",,,,,,,,"61.1","43.62","17.48","71.4",,,,,,,,,,,,,,,,,,
"2018","同安区","同安区","21-18 社会消费品零售总额（2018年）","http://tjj.fujian.gov.cn/tongjinianjian/dz2019/cn-en/html/2118.htm","retail_sales",,,,,,,,,,,,,,,,,,,,,,,,,,,,"2455397","12"
"2018","武平县","武平县","21-9 一般公共预算支出（2018年）","http://tjj.fujian.gov.cn/tongjinianjian/dz2019/cn-en/html/2109.htm","budget_expenditure",,,,,,,,,,,,,,,,,,,,"351499","34700","70727","20763","76127",,,,,
"2018","武平县","武平县","21-8 地方一般公共预算收入（2018年）","http://tjj.fujian.gov.cn/tongjinianjian/dz2019/cn-en/html/2108.htm","budget_revenue",,,,,,,,,,,,,,,,"89764","24588","382","10841",,,,,,,,,,
"2018","武平县","武平县","21-1 地区生产总值（2018年）","http://tjj.fujian.gov.cn/tongjinianjian/dz2019/cn-en/html/2101.htm","gdp","202.35","31.97","81.9","88.48","57.3","24.61","73051",,,,,,,,,,,,,,,,,,,,,,
"2018","武平县","武平县","21-13 规模以上工业增加值增速（2018年）","http://tjj.fujian.gov.cn/tongjinianjian/dz2019/cn-en/html/2113.htm","industrial_va_growth",,,,,,,,,,,,,,,,,,,,,,,,,"9.4","8.5","9.9",,
"2018","武平县","武平县","21-4 年末常住人口数（2018年）","http://tjj.fujian.gov.cn/tongjinianjian/dz2019/cn-en/html/2104.htm","population",,,,,,,,"27.7","13.6","14.1","49.1",,,,,,,,,,,,,,,,,,
"2018","武平县","武平县","21-18 社会消费品零售总额（2018年）","http://tjj.fujian.gov.cn/tongjinianjian/dz2019/cn-en/html/2118.htm","retail_sales",,,,,,,,,,,,,,,,,,,,,,,,,,,,"865272","14.2"
"2018","武夷山市","武夷山市","21-9 一般公共预算支出（2018年）","http://tjj.fujian.gov.cn/tongjinianjian/dz2019/cn-en/html/2109.htm","budget_expenditure",,,,,,,,,,,,,,,,,,,,"275124","21343","39819","3604","56053",,,,,
"2018","武夷山市","武夷山市","21-8 地方一般公共预算收入（2018年）","http://tjj.fujian.gov.cn/tongjinianjian/dz2019/cn-en/html/2108.htm","budget_revenue",,,,,,,,,,,,,,,,"86816","18616","191","6187",,,,,,,,,,
"2018","武夷山市","武夷山市","21-1 地区生产总值（2018年）","http://tjj.fujian.gov.cn/tongjinianjian/dz2019/cn-en/html/2101.htm","gdp","186.68","25.6","72.82","88.26","44.68","28.14","78602",,,,,,,,,,,,,,,,,,,,,,
"2018","武夷山市","武夷山市","21-13 规模以上工业增加值增速（2018年）","http://tjj.fujian.gov.cn/tongjinianjian/dz2019/cn-en/html/2113.htm","industrial_va_growth",,,,,,,,,,,,,,,,,,,,,,,,,"10","10.1","9",,
"2018","武夷山市","武夷山市","21-4 年末常住人口数（2018年）","http://tjj.fujian.gov.cn/tongjinianjian/dz2019/cn-en/html/2104.htm","population",,,,,,,,"23.8","13.85","9.95","58.2",,,,,,,,,,,,,,,,,,
"2018","武夷山市","武夷山市","21-18 社会消费品零售总额（2018年）","http://tjj.fujian.gov.cn/tongjinianjian/dz2019/cn-en/html/2118.htm","retail_sales",,,,,,,,,,,,,,,,,,,,,,,,,,,,"577034","11.3"
"2018","霞浦县","霞浦县","21-9 一般公共预算支出（2018年）","http://tjj.fujian.gov.cn/tongjinianjian/dz2019/cn-en/html/2109.htm","budget_expenditure",,,,,,,,,,,,,,,,,,,,"359466","27825","77037","732","96444",,,,,
"2018","霞浦县","霞浦县","21-8 地方一般公共预算收入（2018年）","http://tjj.fujian.gov.cn/tongjinianjian/dz2019/cn-en/html/2108.htm","budget_revenue",,,,,,,,,,,,,,,,"89698","23530","233","7332",,,,,,,,,,
"2018","霞浦县","霞浦县","21-1 地区生产总值（2018年）","http://tjj.fujian.gov.cn/tongjinianjian/dz2019/cn-en/html/2101.htm","gdp","231.59","63.94","66.42","101.23","41.9","24.55","49538",,,,,,,,,,,,,,,,,,,,,,
"2018","霞浦县","霞浦县","21-13 规模以上工业增加值增速（2018年）","http://tjj.fujian.gov.cn/tongjinianjian/dz2019/cn-en/html/2113.htm","industrial_va_growth",,,,,,,,,,,,,,,,,,,,,,,,,"2.7","3.9","0.2",,
"2018","霞浦县","霞浦县","21-4 年末常住人口数（2018年）","http://tjj.fujian.gov.cn/tongjinianjian/dz2019/cn-en/html/2104.htm","population",,,,,,,,"46.8","22.61","24.19","48.3",,,,,,,,,,,,,,,,,,
"2018","霞浦县","霞浦县","21-18 社会消费品零售总额（2018年）","http://tjj.fujian.gov.cn/tongjinianjian/dz2019/cn-en/html/2118.htm","retail_sales",,,,,,,,,,,,,,,,,,,,,,,,,,,,"849780","7.9"
"2018","仙游县","仙游县","21-9 一般公共预算支出（2018年）","http://tjj.fujian.gov.cn/tongjinianjian/dz2019/cn-en/html/2109.htm","budget_expenditure",,,,,,,,,,,,,,,,,,,,"497477","34356","145941","1263","66772",,,,,
"2018","仙游县","仙游县","21-8 地方一般公共预算收入（2018年）","http://tjj.fujian.gov.cn/tongjinianjian/dz2019/cn-en/html/2108.htm","budget_revenue",,,,,,,,,,,,,,,,"244605","62725","180","21466",,,,,,,,,,
"2018","仙游县","仙游县","21-1 地区生产总值（2018年）","http://tjj.fujian.gov.cn/tongjinianjian/dz2019/cn-en/html/2101.htm","gdp","411.58","18.92","201.63","191.02","166.22","36.45","47691",,,,,,,,,,,,,,,,,,,,,,
"2018","仙游县","仙游县","21-13 规模以上工业增加值增速（2018年）","http://tjj.fujian.gov.cn/tongjinianjian/dz2019/cn-en/html/2113.htm","industrial_va_growth",,,,,,,,,,,,,,,,,,,,,,,,,"8.3","3.1","28",,
"2018","仙游县","仙游县","21-4 年末常住人口数（2018年）","http://tjj.fujian.gov.cn/tongjinianjian/dz2019/cn-en/html/2104.htm","population",,,,,,,,"86.3","42.2","44.1","48.9",,,,,,,,,,,,,,,,,,
"2018","仙游县","仙游县","21-18 社会消费品零售总额（2018年）","http://tjj.fujian.gov.cn/tongjinianjian/dz2019/cn-en/html/2118.htm","retail_sales",,,,,,,,,,,,,,,,,,,,,,,,,,,,"1063337","11.9"
"2018","芗城区","芗城区","21-9 一般公共预算支出（2018年）","http://tjj.fujian.gov.cn/tongjinianjian/dz2019/cn-en/html/2109.htm","budget_expenditure",,,,,,,,,,,,,,,,,,,,"238147","25658","45878","4145","8747",,,,,
"2018","芗城区","芗城区","21-8 地方一般公共预算收入（2018年）","http://tjj.fujian.gov.cn/tongjinianjian/dz2019/cn-en/html/2108.htm","budget_revenue",,,,,,,,,,,,,,,,"168249","64298","4","20573",,,,,,,,,,
"2018","芗城区","芗城区","21-1 地区生产总值（2018年）","http://tjj.fujian.gov.cn/tongjinianjian/dz2019/cn-en/html/2101.htm","gdp","642.63","9.41","282.11","351.11","232.51","49.6","107337",,,,,,,,,,,,,,,,,,,,,,
"2018","芗城区","芗城区","21-13 规模以上工业增加值增速（2018年）","http://tjj.fujian.gov.cn/tongjinianjian/dz2019/cn-en/html/2113.htm","industrial_va_growth",,,,,,,,,,,,,,,,,,,,,,,,,"9.3","8.3","10.6",,
"2018","芗城区","芗城区","21-4 年末常住人口数（2018年）","http://tjj.fujian.gov.cn/tongjinianjian/dz2019/cn-en/html/2104.htm","population",,,,,,,,"60.04","54.64","5.4","91",,,,,,,,,,,,,,,,,,
"2018","芗城区","芗城区","21-18 社会消费品零售总额（2018年）","http://tjj.fujian.gov.cn/tongjinianjian/dz2019/cn-en/html/2118.htm","retail_sales",,,,,,,,,,,,,,,,,,,,,,,,,,,,"2236622","11.4"
"2018","翔安区","翔安区","21-9 一般公共预算支出（2018年）","http://tjj.fujian.gov.cn/tongjinianjian/dz2019/cn-en/html/2109.htm","budget_expenditure",,,,,,,,,,,,,,,,,,,,"417449","51144","118387","4264","23361",,,,,
"2018","翔安区","翔安区","21-8 地方一般公共预算收入（2018年）","http://tjj.fujian.gov.cn/tongjinianjian/dz2019/cn-en/html/2108.htm","budget_revenue",,,,,,,,,,,,,,,,"197939","54790","42","21797",,,,,,,,,,
"2018","翔安区","翔安区","21-1 地区生产总值（2018年）","http://tjj.fujian.gov.cn/tongjinianjian/dz2019/cn-en/html/2101.htm","gdp","520.66","8.07","380.77","131.83","332.36","48.41","141293",,,,,,,,,,,,,,,,,,,,,,
"2018","翔安区","翔安区","21-13 规模以上工业增加值增速（2018年）","http://tjj.fujian.gov.cn/tongjinianjian/dz2019/cn-en/html/2113.htm","industrial_va_growth",,,,,,,,,,,,,,,,,,,,,,,,,"8.4","7.5","8.6",,
"2018","翔安区","翔安区","21-4 年末常住人口数（2018年）","http://tjj.fujian.gov.cn/tongjinianjian/dz2019/cn-en/html/2104.htm","population",,,,,,,,"37.8","22.57","15.23","59.7",,,,,,,,,,,,,,,,,,
"2018","翔安区","翔安区","21-18 社会消费品零售总额（2018年）","http://tjj.fujian.gov.cn/tongjinianjian/dz2019/cn-en/html/2118.htm","retail_sales",,,,,,,,,,,,,,,,,,,,,,,,,,,,"769816","15.1"
"2018","新罗区","新罗区","21-9 一般公共预算支出（2018年）","http://tjj.fujian.gov.cn/tongjinianjian/dz2019/cn-en/html/2109.htm","budget_expenditure",,,,,,,,,,,,,,,,,,,,"406172","41863","94027","13268","66760",,,,,
"2018","新罗区","新罗区","21-8 地方一般公共预算收入（2018年）","http://tjj.fujian.gov.cn/tongjinianjian/dz2019/cn-en/html/2108.htm","budget_revenue",,,,,,,,,,,,,,,,"239636","69893","24","25545",,,,,,,,,,
"2018","新罗区","新罗区","21-1 地区生产总值（2018年）","http://tjj.fujian.gov.cn/tongjinianjian/dz2019/cn-en/html/2101.htm","gdp","878.83","39.87","479.2","359.77","388.6","90.6","119650",,,,,,,,,,,,,,,,,,,,,,
"2018","新罗区","新罗区","21-13 规模以上工业增加值增速（2018年）","http://tjj.fujian.gov.cn/tongjinianjian/dz2019/cn-en/html/2113.htm","industrial_va_growth",,,,,,,,,,,,,,,,,,,,,,,,,"8.7","6.2","11",,
"2018","新罗区","新罗区","21-4 年末常住人口数（2018年）","http://tjj.fujian.gov.cn/tongjinianjian/dz2019/cn-en/html/2104.htm","population",,,,,,,,"73.5","54.24","19.26","73.8",,,,,,,,,,,,,,,,,,
"2018","新罗区","新罗区","21-18 社会消费品零售总额（2018年）","http://tjj.fujian.gov.cn/tongjinianjian/dz2019/cn-en/html/2118.htm","retail_sales",,,,,,,,,,,,,,,,,,,,,,,,,,,,"3900983","9.8"
"2018","秀屿区","秀屿区","21-9 一般公共预算支出（2018年）","http://tjj.fujian.gov.cn/tongjinianjian/dz2019/cn-en/html/2109.htm","budget_expenditure",,,,,,,,,,,,,,,,,,,,"336942","34924","107316","1177","34674",,,,,
"2018","秀屿区","秀屿区","21-8 地方一般公共预算收入（2018年）","http://tjj.fujian.gov.cn/tongjinianjian/dz2019/cn-en/html/2108.htm","budget_revenue",,,,,,,,,,,,,,,,"206142","66518","49","33820",,,,,,,,,,
"2018","秀屿区","秀屿区","21-1 地区生产总值（2018年）","http://tjj.fujian.gov.cn/tongjinianjian/dz2019/cn-en/html/2101.htm","gdp","463.92","59","249.55","155.38","173.81","76.82","78101",,,,,,,,,,,,,,,,,,,,,,
"2018","秀屿区","秀屿区","21-13 规模以上工业增加值增速（2018年）","http://tjj.fujian.gov.cn/tongjinianjian/dz2019/cn-en/html/2113.htm","industrial_va_growth",,,,,,,,,,,,,,,,,,,,,,,,,"11.3","8","14.2",,
"2018","秀屿区","秀屿区","21-4 年末常住人口数（2018年）","http://tjj.fujian.gov.cn/tongjinianjian/dz2019/cn-en/html/2104.htm","population",,,,,,,,"59.4","27.5","31.9","46.3",,,,,,,,,,,,,,,,,,
"2018","秀屿区","秀屿区","21-18 社会消费品零售总额（2018年）","http://tjj.fujian.gov.cn/tongjinianjian/dz2019/cn-en/html/2118.htm","retail_sales",,,,,,,,,,,,,,,,,,,,,,,,,,,,"827155","9.6"
"2018","延平区","延平区","21-9 一般公共预算支出（2018年）","http://tjj.fujian.gov.cn/tongjinianjian/dz2019/cn-en/html/2109.htm","budget_expenditure",,,,,,,,,,,,,,,,,,,,"225113","17402","53110","3778","46098",,,,,
"2018","延平区","延平区","21-8 地方一般公共预算收入（2018年）","http://tjj.fujian.gov.cn/tongjinianjian/dz2019/cn-en/html/2108.htm","budget_revenue",,,,,,,,,,,,,,,,"76118","27775","84","7526",,,,,,,,,,
"2018","延平区","延平区","21-1 地区生产总值（2018年）","http://tjj.fujian.gov.cn/tongjinianjian/dz2019/cn-en/html/2101.htm","gdp","359.71","29.63","178.31","151.77","110.84","67.46","75649",,,,,,,,,,,,,,,,,,,,,,
"2018","延平区","延平区","21-13 规模以上工业增加值增速（2018年）","http://tjj.fujian.gov.cn/tongjinianjian/dz2019/cn-en/html/2113.htm","industrial_va_growth",,,,,,,,,,,,,,,,,,,,,,,,,"6.2","8.7","4.8",,
"2018","延平区","延平区","21-4 年末常住人口数（2018年）","http://tjj.fujian.gov.cn/tongjinianjian/dz2019/cn-en/html/2104.htm","population",,,,,,,,"47.3","32.35","14.95","68.4",,,,,,,,,,,,,,,,,,
"2018","延平区","延平区","21-18 社会消费品零售总额（2018年）","http://tjj.fujian.gov.cn/tongjinianjian/dz2019/cn-en/html/2118.htm","retail_sales",,,,,,,,,,,,,,,,,,,,,,,,,,,,"1480508","3.9"
"2018","永安市","永安市","21-9 一般公共预算支出（2018年）","http://tjj.fujian.gov.cn/tongjinianjian/dz2019/cn-en/html/2109.htm","budget_expenditure",,,,,,,,,,,,,,,,,,,,"309236","46101","71409","2967","40385",,,,,
"2018","永安市","永安市","21-8 地方一般公共预算收入（2018年）","http://tjj.fujian.gov.cn/tongjinianjian/dz2019/cn-en/html/2108.htm","budget_revenue",,,,,,,,,,,,,,,,"180391","52156","189","12297",,,,,,,,,,
"2018","永安市","永安市","21-1 地区生产总值（2018年）","http://tjj.fujian.gov.cn/tongjinianjian/dz2019/cn-en/html/2101.htm","gdp","427.76","32.6","253.41","141.75","227","26.42","120156",,,,,,,,,,,,,,,,,,,,,,
"2018","永安市","永安市","21-13 规模以上工业增加值增速（2018年）","http://tjj.fujian.gov.cn/tongjinianjian/dz2019/cn-en/html/2113.htm","industrial_va_growth",,,,,,,,,,,,,,,,,,,,,,,,,"8.8","6.2","10",,
"2018","永安市","永安市","21-4 年末常住人口数（2018年）","http://tjj.fujian.gov.cn/tongjinianjian/dz2019/cn-en/html/2104.htm","population",,,,,,,,"35.7","25","10.7","70",,,,,,,,,,,,,,,,,,
"2018","永安市","永安市","21-18 社会消费品零售总额（2018年）","http://tjj.fujian.gov.cn/tongjinianjian/dz2019/cn-en/html/2118.htm","retail_sales",,,,,,,,,,,,,,,,,,,,,,,,,,,,"1075069","12.1"
"2018","永春县","永春县","21-9 一般公共预算支出（2018年）","http://tjj.fujian.gov.cn/tongjinianjian/dz2019/cn-en/html/2109.htm","budget_expenditure",,,,,,,,,,,,,,,,,,,,"329954","28985","85838","3225","52197",,,,,
"2018","永春县","永春县","21-8 地方一般公共预算收入（2018年）","http://tjj.fujian.gov.cn/tongjinianjian/dz2019/cn-en/html/2108.htm","budget_revenue",,,,,,,,,,,,,,,,"122670","43931","40","16748",,,,,,,,,,
"2018","永春县","永春县","21-1 地区生产总值（2018年）","http://tjj.fujian.gov.cn/tongjinianjian/dz2019/cn-en/html/2101.htm","gdp","419.46","23.97","237.43","158.06","213.63","23.8","89916",,,,,,,,,,,,,,,,,,,,,,
"2018","永春县","永春县","21-13 规模以上工业增加值增速（2018年）","http://tjj.fujian.gov.cn/tongjinianjian/dz2019/cn-en/html/2113.htm","industrial_va_growth",,,,,,,,,,,,,,,,,,,,,,,,,"10.3","10.7","8.5",,
"2018","永春县","永春县","21-4 年末常住人口数（2018年）","http://tjj.fujian.gov.cn/tongjinianjian/dz2019/cn-en/html/2104.htm","population",,,,,,,,"46.8","27.94","18.86","59.7",,,,,,,,,,,,,,,,,,
"2018","永春县","永春县","21-18 社会消费品零售总额（2018年）","http://tjj.fujian.gov.cn/tongjinianjian/dz2019/cn-en/html/2118.htm","retail_sales",,,,,,,,,,,,,,,,,,,,,,,,,,,,"1020655","13.2"
"2018","永定县","永定区","21-9 一般公共预算支出（2018年）","http://tjj.fujian.gov.cn/tongjinianjian/dz2019/cn-en/html/2109.htm","budget_expenditure",,,,,,,,,,,,,,,,,,,,"294481","24523","78605","2324","54372",,,,,
"2018","永定县","永定区","21-8 地方一般公共预算收入（2018年）","http://tjj.fujian.gov.cn/tongjinianjian/dz2019/cn-en/html/2108.htm","budget_revenue",,,,,,,,,,,,,,,,"104246","34013","-232","11275",,,,,,,,,,
"2018","永定县","永定区","21-1 地区生产总值（2018年）","http://tjj.fujian.gov.cn/tongjinianjian/dz2019/cn-en/html/2101.htm","gdp","266.23","30.75","125.4","110.08","99.8","25.6","73443",,,,,,,,,,,,,,,,,,,,,,
"2018","永定县","永定区","21-13 规模以上工业增加值增速（2018年）","http://tjj.fujian.gov.cn/tongjinianjian/dz2019/cn-en/html/2113.htm","industrial_va_growth",,,,,,,,,,,,,,,,,,,,,,,,,"5","-7.9","8.6",,
"2018","永定县","永定区","21-4 年末常住人口数（2018年）","http://tjj.fujian.gov.cn/tongjinianjian/dz2019/cn-en/html/2104.htm","population",,,,,,,,"36.2","17.67","18.53","48.8",,,,,,,,,,,,,,,,,,
"2018","永定县","永定区","21-18 社会消费品零售总额（2018年）","http://tjj.fujian.gov.cn/tongjinianjian/dz2019/cn-en/html/2118.htm","retail_sales",,,,,,,,,,,,,,,,,,,,,,,,,,,,"985407","13.3"
"2018","永泰县","永泰县","21-9 一般公共预算支出（2018年）","http://tjj.fujian.gov.cn/tongjinianjian/dz2019/cn-en/html/2109.htm","budget_expenditure",,,,,,,,,,,,,,,,,,,,"305629","31282","63756","883","51293",,,,,
"2018","永泰县","永泰县","21-8 地方一般公共预算收入（2018年）","http://tjj.fujian.gov.cn/tongjinianjian/dz2019/cn-en/html/2108.htm","budget_revenue",,,,,,,,,,,,,,,,"110338","35667","259","20501",,,,,,,,,,
"2018","永泰县","永泰县","21-1 地区生产总值（2018年）","http://tjj.fujian.gov.cn/tongjinianjian/dz2019/cn-en/html/2101.htm","gdp","184.61","46.46","73.7","64.45","22.17","51.53","72680",,,,,,,,,,,,,,,,,,,,,,
"2018","永泰县","永泰县","21-13 规模以上工业增加值增速（2018年）","http://tjj.fujian.gov.cn/tongjinianjian/dz2019/cn-en/html/2113.htm","industrial_va_growth",,,,,,,,,,,,,,,,,,,,,,,,,"8.4","6.3","11.3",,
"2018","永泰县","永泰县","21-4 年末常住人口数（2018年）","http://tjj.fujian.gov.cn/tongjinianjian/dz2019/cn-en/html/2104.htm","population",,,,,,,,"25.4","10.61","14.79","41.8",,,,,,,,,,,,,,,,,,
"2018","永泰县","永泰县","21-18 社会消费品零售总额（2018年）","http://tjj.fujian.gov.cn/tongjinianjian/dz2019/cn-en/html/2118.htm","retail_sales",,,,,,,,,,,,,,,,,,,,,,,,,,,,"666504","12.1"
"2018","尤溪县","尤溪县","21-9 一般公共预算支出（2018年）","http://tjj.fujian.gov.cn/tongjinianjian/dz2019/cn-en/html/2109.htm","budget_expenditure",,,,,,,,,,,,,,,,,,,,"294682","22332","74127","680","60891",,,,,
"2018","尤溪县","尤溪县","21-8 地方一般公共预算收入（2018年）","http://tjj.fujian.gov.cn/tongjinianjian/dz2019/cn-en/html/2108.htm","budget_revenue",,,,,,,,,,,,,,,,"80590","24088","41","6872",,,,,,,,,,
"2018","尤溪县","尤溪县","21-1 地区生产总值（2018年）","http://tjj.fujian.gov.cn/tongjinianjian/dz2019/cn-en/html/2101.htm","gdp","246.44","44.45","110.51","91.49","85.51","25","68173",,,,,,,,,,,,,,,,,,,,,,
"2018","尤溪县","尤溪县","21-13 规模以上工业增加值增速（2018年）","http://tjj.fujian.gov.cn/tongjinianjian/dz2019/cn-en/html/2113.htm","industrial_va_growth",,,,,,,,,,,,,,,,,,,,,,,,,"8.3","8.7","7.2",,
"2018","尤溪县","尤溪县","21-4 年末常住人口数（2018年）","http://tjj.fujian.gov.cn/tongjinianjian/dz2019/cn-en/html/2104.htm","population",,,,,,,,"36.2","16.8","19.4","46.4",,,,,,,,,,,,,,,,,,
"2018","尤溪县","尤溪县","21-18 社会消费品零售总额（2018年）","http://tjj.fujian.gov.cn/tongjinianjian/dz2019/cn-en/html/2118.htm","retail_sales",,,,,,,,,,,,,,,,,,,,,,,,,,,,"524682","6.2"
"2018","云霄县","云霄县","21-9 一般公共预算支出（2018年）","http://tjj.fujian.gov.cn/tongjinianjian/dz2019/cn-en/html/2109.htm","budget_expenditure",,,,,,,,,,,,,,,,,,,,"260909","20412","69721","1065","31377",,,,,
"2018","云霄县","云霄县","21-8 地方一般公共预算收入（2018年）","http://tjj.fujian.gov.cn/tongjinianjian/dz2019/cn-en/html/2108.htm","budget_revenue",,,,,,,,,,,,,,,,"66418","17473","10","6167",,,,,,,,,,
"2018","云霄县","云霄县","21-1 地区生产总值（2018年）","http://tjj.fujian.gov.cn/tongjinianjian/dz2019/cn-en/html/2101.htm","gdp","230.11","37.32","105.66","87.12","91.88","13.78","54028",,,,,,,,,,,,,,,,,,,,,,
"2018","云霄县","云霄县","21-13 规模以上工业增加值增速（2018年）","http://tjj.fujian.gov.cn/tongjinianjian/dz2019/cn-en/html/2113.htm","industrial_va_growth",,,,,,,,,,,,,,,,,,,,,,,,,"9.5","14.3","3.2",,
"2018","云霄县","云霄县","21-4 年末常住人口数（2018年）","http://tjj.fujian.gov.cn/tongjinianjian/dz2019/cn-en/html/2104.htm","population",,,,,,,,"42.78","22.29","20.49","52.1",,,,,,,,,,,,,,,,,,
"2018","云霄县","云霄县","21-18 社会消费品零售总额（2018年）","http://tjj.fujian.gov.cn/tongjinianjian/dz2019/cn-en/html/2118.htm","retail_sales",,,,,,,,,,,,,,,,,,,,,,,,,,,,"812572","14.6"
"2018","漳平市","漳平市","21-9 一般公共预算支出（2018年）","http://tjj.fujian.gov.cn/tongjinianjian/dz2019/cn-en/html/2109.htm","budget_expenditure",,,,,,,,,,,,,,,,,,,,"224536","24207","55918","3707","46496",,,,,
"2018","漳平市","漳平市","21-8 地方一般公共预算收入（2018年）","http://tjj.fujian.gov.cn/tongjinianjian/dz2019/cn-en/html/2108.htm","budget_revenue",,,,,,,,,,,,,,,,"82537","27966","-9","7443",,,,,,,,,,
"2018","漳平市","漳平市","21-1 地区生产总值（2018年）","http://tjj.fujian.gov.cn/tongjinianjian/dz2019/cn-en/html/2101.htm","gdp","255.74","31.88","105.17","118.68","78.98","26.19","105678",,,,,,,,,,,,,,,,,,,,,,
"2018","漳平市","漳平市","21-13 规模以上工业增加值增速（2018年）","http://tjj.fujian.gov.cn/tongjinianjian/dz2019/cn-en/html/2113.htm","industrial_va_growth",,,,,,,,,,,,,,,,,,,,,,,,,"9.4","7.1","10.7",,
"2018","漳平市","漳平市","21-4 年末常住人口数（2018年）","http://tjj.fujian.gov.cn/tongjinianjian/dz2019/cn-en/html/2104.htm","population",,,,,,,,"24.2","13.58","10.62","56.1",,,,,,,,,,,,,,,,,,
"2018","漳平市","漳平市","21-18 社会消费品零售总额（2018年）","http://tjj.fujian.gov.cn/tongjinianjian/dz2019/cn-en/html/2118.htm","retail_sales",,,,,,,,,,,,,,,,,,,,,,,,,,,,"789102","11.7"
"2018","漳浦县","漳浦县","21-9 一般公共预算支出（2018年）","http://tjj.fujian.gov.cn/tongjinianjian/dz2019/cn-en/html/2109.htm","budget_expenditure",,,,,,,,,,,,,,,,,,,,"494110","39839","103042","7611","52049",,,,,
"2018","漳浦县","漳浦县","21-8 地方一般公共预算收入（2018年）","http://tjj.fujian.gov.cn/tongjinianjian/dz2019/cn-en/html/2108.htm","budget_revenue",,,,,,,,,,,,,,,,"212871","51097","58","31724",,,,,,,,,,
"2018","漳浦县","漳浦县","21-1 地区生产总值（2018年）","http://tjj.fujian.gov.cn/tongjinianjian/dz2019/cn-en/html/2101.htm","gdp","438.13","75.85","174.79","187.49","134.78","40.03","52136",,,,,,,,,,,,,,,,,,,,,,
"2018","漳浦县","漳浦县","21-13 规模以上工业增加值增速（2018年）","http://tjj.fujian.gov.cn/tongjinianjian/dz2019/cn-en/html/2113.htm","industrial_va_growth",,,,,,,,,,,,,,,,,,,,,,,,,"9.7","2.6","24.7",,
"2018","漳浦县","漳浦县","21-4 年末常住人口数（2018年）","http://tjj.fujian.gov.cn/tongjinianjian/dz2019/cn-en/html/2104.htm","population",,,,,,,,"84.37","45.14","39.23","53.5",,,,,,,,,,,,,,,,,,
"2018","漳浦县","漳浦县","21-18 社会消费品零售总额（2018年）","http://tjj.fujian.gov.cn/tongjinianjian/dz2019/cn-en/html/2118.htm","retail_sales",,,,,,,,,,,,,,,,,,,,,,,,,,,,"1303431","14.3"
"2018","长乐市","长乐区","21-9 一般公共预算支出（2018年）","http://tjj.fujian.gov.cn/tongjinianjian/dz2019/cn-en/html/2109.htm","budget_expenditure",,,,,,,,,,,,,,,,,,,,"617038","44491","136692","6103","53010",,,,,
"2018","长乐市","长乐区","21-8 地方一般公共预算收入（2018年）","http://tjj.fujian.gov.cn/tongjinianjian/dz2019/cn-en/html/2108.htm","budget_revenue",,,,,,,,,,,,,,,,"473603","149936","444","54024",,,,,,,,,,
"2018","长乐市","长乐区","21-1 地区生产总值（2018年）","http://tjj.fujian.gov.cn/tongjinianjian/dz2019/cn-en/html/2101.htm","gdp","811.79","53.81","501.53","256.45","465.88","35.77","110599",,,,,,,,,,,,,,,,,,,,,,
"2018","长乐市","长乐区","21-13 规模以上工业增加值增速（2018年）","http://tjj.fujian.gov.cn/tongjinianjian/dz2019/cn-en/html/2113.htm","industrial_va_growth",,,,,,,,,,,,,,,,,,,,,,,,,"8.9","7.3","16.1",,
"2018","长乐市","长乐区","21-4 年末常住人口数（2018年）","http://tjj.fujian.gov.cn/tongjinianjian/dz2019/cn-en/html/2104.htm","population",,,,,,,,"73.9","39.61","34.29","53.6",,,,,,,,,,,,,,,,,,
"2018","长乐市","长乐区","21-18 社会消费品零售总额（2018年）","http://tjj.fujian.gov.cn/tongjinianjian/dz2019/cn-en/html/2118.htm","retail_sales",,,,,,,,,,,,,,,,,,,,,,,,,,,,"2323210","10"
"2018","长泰县","长泰县","21-9 一般公共预算支出（2018年）","http://tjj.fujian.gov.cn/tongjinianjian/dz2019/cn-en/html/2109.htm","budget_expenditure",,,,,,,,,,,,,,,,,,,,"206077","19800","46678","3890","21205",,,,,
"2018","长泰县","长泰县","21-8 地方一般公共预算收入（2018年）","http://tjj.fujian.gov.cn/tongjinianjian/dz2019/cn-en/html/2108.htm","budget_revenue",,,,,,,,,,,,,,,,"137024","48840","-16","14613",,,,,,,,,,
"2018","长泰县","长泰县","21-1 地区生产总值（2018年）","http://tjj.fujian.gov.cn/tongjinianjian/dz2019/cn-en/html/2101.htm","gdp","284.99","14.71","180.76","89.52","170.97","9.78","126016",,,,,,,,,,,,,,,,,,,,,,
"2018","长泰县","长泰县","21-13 规模以上工业增加值增速（2018年）","http://tjj.fujian.gov.cn/tongjinianjian/dz2019/cn-en/html/2113.htm","industrial_va_growth",,,,,,,,,,,,,,,,,,,,,,,,,"8.8","7.4","10.2",,
"2018","长泰县","长泰县","21-4 年末常住人口数（2018年）","http://tjj.fujian.gov.cn/tongjinianjian/dz2019/cn-en/html/2104.htm","population",,,,,,,,"22.73","12.68","10.05","55.8",,,,,,,,,,,,,,,,,,
"2018","长泰县","长泰县","21-18 社会消费品零售总额（2018年）","http://tjj.fujian.gov.cn/tongjinianjian/dz2019/cn-en/html/2118.htm","retail_sales",,,,,,,,,,,,,,,,,,,,,,,,,,,,"404561","15.5"
"2018","长汀县","长汀县","21-9 一般公共预算支出（2018年）","http://tjj.fujian.gov.cn/tongjinianjian/dz2019/cn-en/html/2109.htm","budget_expenditure",,,,,,,,,,,,,,,,,,,,"346826","24042","84126","15151","66856",,,,,
"2018","长汀县","长汀县","21-8 地方一般公共预算收入（2018年）","http://tjj.fujian.gov.cn/tongjinianjian/dz2019/cn-en/html/2108.htm","budget_revenue",,,,,,,,,,,,,,,,"89821","26639","64","9345",,,,,,,,,,
"2018","长汀县","长汀县","21-1 地区生产总值（2018年）","http://tjj.fujian.gov.cn/tongjinianjian/dz2019/cn-en/html/2101.htm","gdp","231.74","32.46","103.05","96.24","73.69","29.35","57647",,,,,,,,,,,,,,,,,,,,,,
"2018","长汀县","长汀县","21-13 规模以上工业增加值增速（2018年）","http://tjj.fujian.gov.cn/tongjinianjian/dz2019/cn-en/html/2113.htm","industrial_va_growth",,,,,,,,,,,,,,,,,,,,,,,,,"9.5","4.8","13.4",,
"2018","长汀县","长汀县","21-4 年末常住人口数（2018年）","http://tjj.fujian.gov.cn/tongjinianjian/dz2019/cn-en/html/2104.htm","population",,,,,,,,"40.2","21.06","19.14","52.4",,,,,,,,,,,,,,,,,,
"2018","长汀县","长汀县","21-18 社会消费品零售总额（2018年）","http://tjj.fujian.gov.cn/tongjinianjian/dz2019/cn-en/html/2118.htm","retail_sales",,,,,,,,,,,,,,,,,,,,,,,,,,,,"902494","14.6"
"2018","诏安县","诏安县","21-9 一般公共预算支出（2018年）","http://tjj.fujian.gov.cn/tongjinianjian/dz2019/cn-en/html/2109.htm","budget_expenditure",,,,,,,,,,,,,,,,,,,,"370069","29531","75103","3150","58390",,,,,
"2018","诏安县","诏安县","21-8 地方一般公共预算收入（2018年）","http://tjj.fujian.gov.cn/tongjinianjian/dz2019/cn-en/html/2108.htm","budget_revenue",,,,,,,,,,,,,,,,"71244","21901",,"8449",,,,,,,,,,
"2018","诏安县","诏安县","21-1 地区生产总值（2018年）","http://tjj.fujian.gov.cn/tongjinianjian/dz2019/cn-en/html/2101.htm","gdp","278.58","47.93","120.34","110.31","102.46","17.88","44737",,,,,,,,,,,,,,,,,,,,,,
"2018","诏安县","诏安县","21-13 规模以上工业增加值增速（2018年）","http://tjj.fujian.gov.cn/tongjinianjian/dz2019/cn-en/html/2113.htm","industrial_va_growth",,,,,,,,,,,,,,,,,,,,,,,,,"9.5","10","8.1",,
"2018","诏安县","诏安县","21-4 年末常住人口数（2018年）","http://tjj.fujian.gov.cn/tongjinianjian/dz2019/cn-en/html/2104.htm","population",,,,,,,,"62.54","28.96","33.58","46.3",,,,,,,,,,,,,,,,,,
"2018","诏安县","诏安县","21-18 社会消费品零售总额（2018年）","http://tjj.fujian.gov.cn/tongjinianjian/dz2019/cn-en/html/2118.htm","retail_sales",,,,,,,,,,,,,,,,,,,,,,,,,,,,"1227486","12.3"
"2018","柘荣县","柘荣县","21-9 一般公共预算支出（2018年）","http://tjj.fujian.gov.cn/tongjinianjian/dz2019/cn-en/html/2109.htm","budget_expenditure",,,,,,,,,,,,,,,,,,,,"131464","13747","19186","1185","27943",,,,,
"2018","柘荣县","柘荣县","21-8 地方一般公共预算收入（2018年）","http://tjj.fujian.gov.cn/tongjinianjian/dz2019/cn-en/html/2108.htm","budget_revenue",,,,,,,,,,,,,,,,"27845","12952","3","1711",,,,,,,,,,
"2018","柘荣县","柘荣县","21-1 地区生产总值（2018年）","http://tjj.fujian.gov.cn/tongjinianjian/dz2019/cn-en/html/2101.htm","gdp","48.6","7.65","22.43","18.52","17.75","4.7","53115",,,,,,,,,,,,,,,,,,,,,,
"2018","柘荣县","柘荣县","21-13 规模以上工业增加值增速（2018年）","http://tjj.fujian.gov.cn/tongjinianjian/dz2019/cn-en/html/2113.htm","industrial_va_growth",,,,,,,,,,,,,,,,,,,,,,,,,"-3.8","-7","0.6",,
"2018","柘荣县","柘荣县","21-4 年末常住人口数（2018年）","http://tjj.fujian.gov.cn/tongjinianjian/dz2019/cn-en/html/2104.htm","population",,,,,,,,"9.2","5.64","3.56","61.3",,,,,,,,,,,,,,,,,,
"2018","柘荣县","柘荣县","21-18 社会消费品零售总额（2018年）","http://tjj.fujian.gov.cn/tongjinianjian/dz2019/cn-en/html/2118.htm","retail_sales",,,,,,,,,,,,,,,,,,,,,,,,,,,,"145574","6.4"
"2018","政和县","政和县","21-9 一般公共预算支出（2018年）","http://tjj.fujian.gov.cn/tongjinianjian/dz2019/cn-en/html/2109.htm","budget_expenditure",,,,,,,,,,,,,,,,,,,,"167040","12723","30100","1815","41959",,,,,
"2018","政和县","政和县","21-8 地方一般公共预算收入（2018年）","http://tjj.fujian.gov.cn/tongjinianjian/dz2019/cn-en/html/2108.htm","budget_revenue",,,,,,,,,,,,,,,,"36990","8991",,"2994",,,,,,,,,,
"2018","政和县","政和县","21-1 地区生产总值（2018年）","http://tjj.fujian.gov.cn/tongjinianjian/dz2019/cn-en/html/2101.htm","gdp","69.87","16.47","27.53","25.87","23.22","4.31","41468",,,,,,,,,,,,,,,,,,,,,,
"2018","政和县","政和县","21-13 规模以上工业增加值增速（2018年）","http://tjj.fujian.gov.cn/tongjinianjian/dz2019/cn-en/html/2113.htm","industrial_va_growth",,,,,,,,,,,,,,,,,,,,,,,,,"9.5","9.2","10.1",,
"2018","政和县","政和县","21-4 年末常住人口数（2018年）","http://tjj.fujian.gov.cn/tongjinianjian/dz2019/cn-en/html/2104.htm","population",,,,,,,,"16.9","7.95","8.95","47",,,,,,,,,,,,,,,,,,
"2018","政和县","政和县","21-18 社会消费品零售总额（2018年）","http://tjj.fujian.gov.cn/tongjinianjian/dz2019/cn-en/html/2118.htm","retail_sales",,,,,,,,,,,,,,,,,,,,,,,,,,,,"269851","11.7"
"2018","周宁县","周宁县","21-9 一般公共预算支出（2018年）","http://tjj.fujian.gov.cn/tongjinianjian/dz2019/cn-en/html/2109.htm","budget_expenditure",,,,,,,,,,,,,,,,,,,,"168225","18996","30852","1000","27612",,,,,
"2018","周宁县","周宁县","21-8 地方一般公共预算收入（2018年）","http://tjj.fujian.gov.cn/tongjinianjian/dz2019/cn-en/html/2108.htm","budget_revenue",,,,,,,,,,,,,,,,"40382","9597","-25","3502",,,,,,,,,,
"2018","周宁县","周宁县","21-1 地区生产总值（2018年）","http://tjj.fujian.gov.cn/tongjinianjian/dz2019/cn-en/html/2101.htm","gdp","50.9","7.09","22.39","21.42","13.85","8.55","41551",,,,,,,,,,,,,,,,,,,,,,
"2018","周宁县","周宁县","21-13 规模以上工业增加值增速（2018年）","http://tjj.fujian.gov.cn/tongjinianjian/dz2019/cn-en/html/2113.htm","industrial_va_growth",,,,,,,,,,,,,,,,,,,,,,,,,"-7.2","0.6","-11.7",,
"2018","周宁县","周宁县","21-4 年末常住人口数（2018年）","http://tjj.fujian.gov.cn/tongjinianjian/dz2019/cn-en/html/2104.htm","population",,,,,,,,"12.3","6.27","6.03","51",,,,,,,,,,,,,,,,,,
"2018","周宁县","周宁县","21-18 社会消费品零售总额（2018年）","http://tjj.fujian.gov.cn/tongjinianjian/dz2019/cn-en/html/2118.htm","retail_sales",,,,,,,,,,,,,,,,,,,,,,,,,,,,"195874","5.3"
"2019","安溪县","安溪县","21-9 一般公共预算支出（2019年）","http://tjj.fujian.gov.cn/tongjinianjian/dz2020/cn-en/html/2109.htm","budget_expenditure",,,,,,,,,,,,,,,,,,,,"723848","56806","190066","7643","75235",,,,,
"2019","安溪县","安溪县","21-8 地方一般公共预算收入（2019年）","http://tjj.fujian.gov.cn/tongjinianjian/dz2020/cn-en/html/2108.htm","budget_revenue",,,,,,,,,,,,,,,,"310195","78311","67858","4146",,,,,,,,,,
"2019","安溪县","安溪县","21-1 地区生产总值（2019年）","http://tjj.fujian.gov.cn/tongjinianjian/dz2020/cn-en/html/2101.htm","gdp","731.49","52.58","377.38","301.53","311.62","65.94","71296",,,,,,,,,,,,,,,,,,,,,,
"2019","安溪县","安溪县","21-13 规模以上工业增加值增速（2019年）","http://tjj.fujian.gov.cn/tongjinianjian/dz2020/cn-en/html/2113.htm","industrial_va_growth",,,,,,,,,,,,,,,,,,,,,,,,,"9","7.6","11.5",,
"2019","安溪县","安溪县","21-4 年末常住人口数（2019年）","http://tjj.fujian.gov.cn/tongjinianjian/dz2020/cn-en/html/2104.htm","population",,,,,,,,"102.7","50.32","52.38","49",,,,,,,,,,,,,,,,,,
"2019","安溪县","安溪县","21-18 社会消费品零售总额（2019年）","http://tjj.fujian.gov.cn/tongjinianjian/dz2020/cn-en/html/2118.htm","retail_sales",,,,,,,,,,,,,,,,,,,,,,,,,,,,"5631972","14"
"2019","仓山区","仓山区","21-9 一般公共预算支出（2019年）","http://tjj.fujian.gov.cn/tongjinianjian/dz2020/cn-en/html/2109.htm","budget_expenditure",,,,,,,,,,,,,,,,,,,,"409674","61152","112591","11219","10008",,,,,
"2019","仓山区","仓山区","21-8 地方一般公共预算收入（2019年）","http://tjj.fujian.gov.cn/tongjinianjian/dz2020/cn-en/html/2108.htm","budget_revenue",,,,,,,,,,,,,,,,"285059","88610","43202",,,,,,,,,,,
"2019","仓山区","仓山区","21-1 地区生产总值（2019年）","http://tjj.fujian.gov.cn/tongjinianjian/dz2020/cn-en/html/2101.htm","gdp","824.87","1.65","333.79","489.43","272.94","62.37","97387",,,,,,,,,,,,,,,,,,,,,,
"2019","仓山区","仓山区","21-13 规模以上工业增加值增速（2019年）","http://tjj.fujian.gov.cn/tongjinianjian/dz2020/cn-en/html/2113.htm","industrial_va_growth",,,,,,,,,,,,,,,,,,,,,,,,,"8.7","10.6","6.2",,
"2019","仓山区","仓山区","21-4 年末常住人口数（2019年）","http://tjj.fujian.gov.cn/tongjinianjian/dz2020/cn-en/html/2104.htm","population",,,,,,,,"85.8","85.8",,"100",,,,,,,,,,,,,,,,,,
"2019","仓山区","仓山区","21-18 社会消费品零售总额（2019年）","http://tjj.fujian.gov.cn/tongjinianjian/dz2020/cn-en/html/2118.htm","retail_sales",,,,,,,,,,,,,,,,,,,,,,,,,,,,"4894360","11"
"2019","城厢区","城厢区","21-9 一般公共预算支出（2019年）","http://tjj.fujian.gov.cn/tongjinianjian/dz2020/cn-en/html/2109.htm","budget_expenditure",,,,,,,,,,,,,,,,,,,,"272430","21457","78980","3410","21323",,,,,
"2019","城厢区","城厢区","21-8 地方一般公共预算收入（2019年）","http://tjj.fujian.gov.cn/tongjinianjian/dz2020/cn-en/html/2108.htm","budget_revenue",,,,,,,,,,,,,,,,"243619","55021","29630","4322",,,,,,,,,,
"2019","城厢区","城厢区","21-1 地区生产总值（2019年）","http://tjj.fujian.gov.cn/tongjinianjian/dz2020/cn-en/html/2101.htm","gdp","475.64","9.86","180.92","284.85","114.5","66.7","109720",,,,,,,,,,,,,,,,,,,,,,
"2019","城厢区","城厢区","21-13 规模以上工业增加值增速（2019年）","http://tjj.fujian.gov.cn/tongjinianjian/dz2020/cn-en/html/2113.htm","industrial_va_growth",,,,,,,,,,,,,,,,,,,,,,,,,"9.9","9.2","12.1",,
"2019","城厢区","城厢区","21-4 年末常住人口数（2019年）","http://tjj.fujian.gov.cn/tongjinianjian/dz2020/cn-en/html/2104.htm","population",,,,,,,,"43.4","30.81","12.59","71",,,,,,,,,,,,,,,,,,
"2019","城厢区","城厢区","21-18 社会消费品零售总额（2019年）","http://tjj.fujian.gov.cn/tongjinianjian/dz2020/cn-en/html/2118.htm","retail_sales",,,,,,,,,,,,,,,,,,,,,,,,,,,,"5184315","15.5"
"2019","大田县","大田县","21-9 一般公共预算支出（2019年）","http://tjj.fujian.gov.cn/tongjinianjian/dz2020/cn-en/html/2109.htm","budget_expenditure",,,,,,,,,,,,,,,,,,,,"280108","21455","81628","569","34517",,,,,
"2019","大田县","大田县","21-8 地方一般公共预算收入（2019年）","http://tjj.fujian.gov.cn/tongjinianjian/dz2020/cn-en/html/2108.htm","budget_revenue",,,,,,,,,,,,,,,,"72148","26209","5524","1468",,,,,,,,,,
"2019","大田县","大田县","21-1 地区生产总值（2019年）","http://tjj.fujian.gov.cn/tongjinianjian/dz2020/cn-en/html/2101.htm","gdp","217.81","43.39","115.62","58.79","103.61","12.38","67747",,,,,,,,,,,,,,,,,,,,,,
"2019","大田县","大田县","21-13 规模以上工业增加值增速（2019年）","http://tjj.fujian.gov.cn/tongjinianjian/dz2020/cn-en/html/2113.htm","industrial_va_growth",,,,,,,,,,,,,,,,,,,,,,,,,"8.3","9.2","4.8",,
"2019","大田县","大田县","21-4 年末常住人口数（2019年）","http://tjj.fujian.gov.cn/tongjinianjian/dz2020/cn-en/html/2104.htm","population",,,,,,,,"32.2","17","15.2","52.8",,,,,,,,,,,,,,,,,,
"2019","大田县","大田县","21-18 社会消费品零售总额（2019年）","http://tjj.fujian.gov.cn/tongjinianjian/dz2020/cn-en/html/2118.htm","retail_sales",,,,,,,,,,,,,,,,,,,,,,,,,,,,"532738","6.8"
"2019","德化县","德化县","21-9 一般公共预算支出（2019年）","http://tjj.fujian.gov.cn/tongjinianjian/dz2020/cn-en/html/2109.htm","budget_expenditure",,,,,,,,,,,,,,,,,,,,"282641","25461","70242","5197","47267",,,,,
"2019","德化县","德化县","21-8 地方一般公共预算收入（2019年）","http://tjj.fujian.gov.cn/tongjinianjian/dz2020/cn-en/html/2108.htm","budget_revenue",,,,,,,,,,,,,,,,"119735","39824","12122","3459",,,,,,,,,,
"2019","德化县","德化县","21-1 地区生产总值（2019年）","http://tjj.fujian.gov.cn/tongjinianjian/dz2020/cn-en/html/2101.htm","gdp","278.15","13.62","166.83","97.69","129.77","37.07","93810",,,,,,,,,,,,,,,,,,,,,,
"2019","德化县","德化县","21-13 规模以上工业增加值增速（2019年）","http://tjj.fujian.gov.cn/tongjinianjian/dz2020/cn-en/html/2113.htm","industrial_va_growth",,,,,,,,,,,,,,,,,,,,,,,,,"9.1","7.3","17.9",,
"2019","德化县","德化县","21-4 年末常住人口数（2019年）","http://tjj.fujian.gov.cn/tongjinianjian/dz2020/cn-en/html/2104.htm","population",,,,,,,,"29.7","22.45","7.25","75.6",,,,,,,,,,,,,,,,,,
"2019","德化县","德化县","21-18 社会消费品零售总额（2019年）","http://tjj.fujian.gov.cn/tongjinianjian/dz2020/cn-en/html/2118.htm","retail_sales",,,,,,,,,,,,,,,,,,,,,,,,,,,,"1279192","12.1"
"2019","东山县","东山县","21-9 一般公共预算支出（2019年）","http://tjj.fujian.gov.cn/tongjinianjian/dz2020/cn-en/html/2109.htm","budget_expenditure",,,,,,,,,,,,,,,,,,,,"229187","32336","37734","1844","39629",,,,,
"2019","东山县","东山县","21-8 地方一般公共预算收入（2019年）","http://tjj.fujian.gov.cn/tongjinianjian/dz2020/cn-en/html/2108.htm","budget_revenue",,,,,,,,,,,,,,,,"104443","34530","8344","2328",,,,,,,,,,
"2019","东山县","东山县","21-1 地区生产总值（2019年）","http://tjj.fujian.gov.cn/tongjinianjian/dz2020/cn-en/html/2101.htm","gdp","257.68","38.03","132.3","87.35","105.21","27.09","114372",,,,,,,,,,,,,,,,,,,,,,
"2019","东山县","东山县","21-13 规模以上工业增加值增速（2019年）","http://tjj.fujian.gov.cn/tongjinianjian/dz2020/cn-en/html/2113.htm","industrial_va_growth",,,,,,,,,,,,,,,,,,,,,,,,,"9.5","10.6","4.1",,
"2019","东山县","东山县","21-4 年末常住人口数（2019年）","http://tjj.fujian.gov.cn/tongjinianjian/dz2020/cn-en/html/2104.htm","population",,,,,,,,"22.6","13.58","9.02","60.1",,,,,,,,,,,,,,,,,,
"2019","东山县","东山县","21-18 社会消费品零售总额（2019年）","http://tjj.fujian.gov.cn/tongjinianjian/dz2020/cn-en/html/2118.htm","retail_sales",,,,,,,,,,,,,,,,,,,,,,,,,,,,"872445","12.1"
"2019","丰泽区","丰泽区","21-9 一般公共预算支出（2019年）","http://tjj.fujian.gov.cn/tongjinianjian/dz2020/cn-en/html/2109.htm","budget_expenditure",,,,,,,,,,,,,,,,,,,,"235792","21866","61568","10065","7735",,,,,
"2019","丰泽区","丰泽区","21-8 地方一般公共预算收入（2019年）","http://tjj.fujian.gov.cn/tongjinianjian/dz2020/cn-en/html/2108.htm","budget_revenue",,,,,,,,,,,,,,,,"200597","62315","26915","8808",,,,,,,,,,
"2019","丰泽区","丰泽区","21-1 地区生产总值（2019年）","http://tjj.fujian.gov.cn/tongjinianjian/dz2020/cn-en/html/2101.htm","gdp","723.85","1.84","155.34","566.67","90.53","64.96","122065",,,,,,,,,,,,,,,,,,,,,,
"2019","丰泽区","丰泽区","21-13 规模以上工业增加值增速（2019年）","http://tjj.fujian.gov.cn/tongjinianjian/dz2020/cn-en/html/2113.htm","industrial_va_growth",,,,,,,,,,,,,,,,,,,,,,,,,"-2.3","-4.2","0.9",,
"2019","丰泽区","丰泽区","21-4 年末常住人口数（2019年）","http://tjj.fujian.gov.cn/tongjinianjian/dz2020/cn-en/html/2104.htm","population",,,,,,,,"60.3","60.3",,"100",,,,,,,,,,,,,,,,,,
"2019","丰泽区","丰泽区","21-18 社会消费品零售总额（2019年）","http://tjj.fujian.gov.cn/tongjinianjian/dz2020/cn-en/html/2118.htm","retail_sales",,,,,,,,,,,,,,,,,,,,,,,,,,,,"5293524","11.4"
"2019","福安市","福安市","21-9 一般公共预算支出（2019年）","http://tjj.fujian.gov.cn/tongjinianjian/dz2020/cn-en/html/2109.htm","budget_expenditure",,,,,,,,,,,,,,,,,,,,"470453","59365","113353","29788","68833",,,,,
"2019","福安市","福安市","21-8 地方一般公共预算收入（2019年）","http://tjj.fujian.gov.cn/tongjinianjian/dz2020/cn-en/html/2108.htm","budget_revenue",,,,,,,,,,,,,,,,"267124","112910","72103","4416",,,,,,,,,,
"2019","福安市","福安市","21-1 地区生产总值（2019年）","http://tjj.fujian.gov.cn/tongjinianjian/dz2020/cn-en/html/2101.htm","gdp","569.01","51.65","361.97","155.4","316.89","45.5","98616",,,,,,,,,,,,,,,,,,,,,,
"2019","福安市","福安市","21-13 规模以上工业增加值增速（2019年）","http://tjj.fujian.gov.cn/tongjinianjian/dz2020/cn-en/html/2113.htm","industrial_va_growth",,,,,,,,,,,,,,,,,,,,,,,,,"12.3","-28.7","14.4",,
"2019","福安市","福安市","21-4 年末常住人口数（2019年）","http://tjj.fujian.gov.cn/tongjinianjian/dz2020/cn-en/html/2104.htm","population",,,,,,,,"57.7","37.45","20.25","64.9",,,,,,,,,,,,,,,,,,
"2019","福安市","福安市","21-18 社会消费品零售总额（2019年）","http://tjj.fujian.gov.cn/tongjinianjian/dz2020/cn-en/html/2118.htm","retail_sales",,,,,,,,,,,,,,,,,,,,,,,,,,,,"1460828","11"
"2019","福鼎市","福鼎市","21-9 一般公共预算支出（2019年）","http://tjj.fujian.gov.cn/tongjinianjian/dz2020/cn-en/html/2109.htm","budget_expenditure",,,,,,,,,,,,,,,,,,,,"404935","29748","88536","1123","75742",,,,,
"2019","福鼎市","福鼎市","21-8 地方一般公共预算收入（2019年）","http://tjj.fujian.gov.cn/tongjinianjian/dz2020/cn-en/html/2108.htm","budget_revenue",,,,,,,,,,,,,,,,"185988","69373","18181","7156",,,,,,,,,,
"2019","福鼎市","福鼎市","21-1 地区生产总值（2019年）","http://tjj.fujian.gov.cn/tongjinianjian/dz2020/cn-en/html/2101.htm","gdp","418.04","58.46","229.66","129.91","194.93","35.17","77128",,,,,,,,,,,,,,,,,,,,,,
"2019","福鼎市","福鼎市","21-13 规模以上工业增加值增速（2019年）","http://tjj.fujian.gov.cn/tongjinianjian/dz2020/cn-en/html/2113.htm","industrial_va_growth",,,,,,,,,,,,,,,,,,,,,,,,,"-19","-23.3","-18.3",,
"2019","福鼎市","福鼎市","21-4 年末常住人口数（2019年）","http://tjj.fujian.gov.cn/tongjinianjian/dz2020/cn-en/html/2104.htm","population",,,,,,,,"54.2","33.06","21.14","61",,,,,,,,,,,,,,,,,,
"2019","福鼎市","福鼎市","21-18 社会消费品零售总额（2019年）","http://tjj.fujian.gov.cn/tongjinianjian/dz2020/cn-en/html/2118.htm","retail_sales",,,,,,,,,,,,,,,,,,,,,,,,,,,,"2040801","11"
"2019","福清市","福清市","21-9 一般公共预算支出（2019年）","http://tjj.fujian.gov.cn/tongjinianjian/dz2020/cn-en/html/2109.htm","budget_expenditure",,,,,,,,,,,,,,,,,,,,"1170408","78607","232567","15442","82179",,,,,
"2019","福清市","福清市","21-8 地方一般公共预算收入（2019年）","http://tjj.fujian.gov.cn/tongjinianjian/dz2020/cn-en/html/2108.htm","budget_revenue",,,,,,,,,,,,,,,,"850410","215953","115782","85031",,,,,,,,,,
"2019","福清市","福清市","21-1 地区生产总值（2019年）","http://tjj.fujian.gov.cn/tongjinianjian/dz2020/cn-en/html/2101.htm","gdp","1150.15","100.55","604.25","445.35","477.77","126.76","86935",,,,,,,,,,,,,,,,,,,,,,
"2019","福清市","福清市","21-13 规模以上工业增加值增速（2019年）","http://tjj.fujian.gov.cn/tongjinianjian/dz2020/cn-en/html/2113.htm","industrial_va_growth",,,,,,,,,,,,,,,,,,,,,,,,,"8.7","12.6","6.4",,
"2019","福清市","福清市","21-4 年末常住人口数（2019年）","http://tjj.fujian.gov.cn/tongjinianjian/dz2020/cn-en/html/2104.htm","population",,,,,,,,"133","69.16","63.84","52",,,,,,,,,,,,,,,,,,
"2019","福清市","福清市","21-18 社会消费品零售总额（2019年）","http://tjj.fujian.gov.cn/tongjinianjian/dz2020/cn-en/html/2118.htm","retail_sales",,,,,,,,,,,,,,,,,,,,,,,,,,,,"3079752","10.4"
"2019","古田县","古田县","21-9 一般公共预算支出（2019年）","http://tjj.fujian.gov.cn/tongjinianjian/dz2020/cn-en/html/2109.htm","budget_expenditure",,,,,,,,,,,,,,,,,,,,"285567","24265","57904","794","45965",,,,,
"2019","古田县","古田县","21-8 地方一般公共预算收入（2019年）","http://tjj.fujian.gov.cn/tongjinianjian/dz2020/cn-en/html/2108.htm","budget_revenue",,,,,,,,,,,,,,,,"80385","23449","7971","1629",,,,,,,,,,
"2019","古田县","古田县","21-1 地区生产总值（2019年）","http://tjj.fujian.gov.cn/tongjinianjian/dz2020/cn-en/html/2101.htm","gdp","196.8","46.85","52.05","97.89","38.29","13.78","59277",,,,,,,,,,,,,,,,,,,,,,
"2019","古田县","古田县","21-13 规模以上工业增加值增速（2019年）","http://tjj.fujian.gov.cn/tongjinianjian/dz2020/cn-en/html/2113.htm","industrial_va_growth",,,,,,,,,,,,,,,,,,,,,,,,,"14","17.4","10.5",,
"2019","古田县","古田县","21-4 年末常住人口数（2019年）","http://tjj.fujian.gov.cn/tongjinianjian/dz2020/cn-en/html/2104.htm","population",,,,,,,,"33","16.1","16.9","48.8",,,,,,,,,,,,,,,,,,
"2019","古田县","古田县","21-18 社会消费品零售总额（2019年）","http://tjj.fujian.gov.cn/tongjinianjian/dz2020/cn-en/html/2118.htm","retail_sales",,,,,,,,,,,,,,,,,,,,,,,,,,,,"943913","9.7"
"2019","鼓楼区","鼓楼区","21-9 一般公共预算支出（2019年）","http://tjj.fujian.gov.cn/tongjinianjian/dz2020/cn-en/html/2109.htm","budget_expenditure",,,,,,,,,,,,,,,,,,,,"379484","48641","101196","12776","5243",,,,,
"2019","鼓楼区","鼓楼区","21-8 地方一般公共预算收入（2019年）","http://tjj.fujian.gov.cn/tongjinianjian/dz2020/cn-en/html/2108.htm","budget_revenue",,,,,,,,,,,,,,,,"300739","86845","81008",,,,,,,,,,,
"2019","鼓楼区","鼓楼区","21-1 地区生产总值（2019年）","http://tjj.fujian.gov.cn/tongjinianjian/dz2020/cn-en/html/2101.htm","gdp","1916.75",,"373.84","1542.91","110.5","263.51","260782",,,,,,,,,,,,,,,,,,,,,,
"2019","鼓楼区","鼓楼区","21-13 规模以上工业增加值增速（2019年）","http://tjj.fujian.gov.cn/tongjinianjian/dz2020/cn-en/html/2113.htm","industrial_va_growth",,,,,,,,,,,,,,,,,,,,,,,,,"8.8","5.6","9.4",,
"2019","鼓楼区","鼓楼区","21-4 年末常住人口数（2019年）","http://tjj.fujian.gov.cn/tongjinianjian/dz2020/cn-en/html/2104.htm","population",,,,,,,,"73","73",,"100",,,,,,,,,,,,,,,,,,
"2019","鼓楼区","鼓楼区","21-18 社会消费品零售总额（2019年）","http://tjj.fujian.gov.cn/tongjinianjian/dz2020/cn-en/html/2118.htm","retail_sales",,,,,,,,,,,,,,,,,,,,,,,,,,,,"12802198","6.9"
"2019","光泽县","光泽县","21-9 一般公共预算支出（2019年）","http://tjj.fujian.gov.cn/tongjinianjian/dz2020/cn-en/html/2109.htm","budget_expenditure",,,,,,,,,,,,,,,,,,,,"187604","16540","42812","1792","37450",,,,,
"2019","光泽县","光泽县","21-8 地方一般公共预算收入（2019年）","http://tjj.fujian.gov.cn/tongjinianjian/dz2020/cn-en/html/2108.htm","budget_revenue",,,,,,,,,,,,,,,,"45291","8550","5694","3036",,,,,,,,,,
"2019","光泽县","光泽县","21-1 地区生产总值（2019年）","http://tjj.fujian.gov.cn/tongjinianjian/dz2020/cn-en/html/2101.htm","gdp","114.53","43.14","38.67","32.72","32.88","5.8","83294",,,,,,,,,,,,,,,,,,,,,,
"2019","光泽县","光泽县","21-13 规模以上工业增加值增速（2019年）","http://tjj.fujian.gov.cn/tongjinianjian/dz2020/cn-en/html/2113.htm","industrial_va_growth",,,,,,,,,,,,,,,,,,,,,,,,,"7","7.1","5.6",,
"2019","光泽县","光泽县","21-4 年末常住人口数（2019年）","http://tjj.fujian.gov.cn/tongjinianjian/dz2020/cn-en/html/2104.htm","population",,,,,,,,"13.8","6.62","7.18","48",,,,,,,,,,,,,,,,,,
"2019","光泽县","光泽县","21-18 社会消费品零售总额（2019年）","http://tjj.fujian.gov.cn/tongjinianjian/dz2020/cn-en/html/2118.htm","retail_sales",,,,,,,,,,,,,,,,,,,,,,,,,,,,"217370","10.7"
"2019","海沧区","海沧区","21-9 一般公共预算支出（2019年）","http://tjj.fujian.gov.cn/tongjinianjian/dz2020/cn-en/html/2109.htm","budget_expenditure",,,,,,,,,,,,,,,,,,,,"809526","66942","189620","20951","24553",,,,,
"2019","海沧区","海沧区","21-8 地方一般公共预算收入（2019年）","http://tjj.fujian.gov.cn/tongjinianjian/dz2020/cn-en/html/2108.htm","budget_revenue",,,,,,,,,,,,,,,,"398351","83419","45082","13041",,,,,,,,,,
"2019","海沧区","海沧区","21-1 地区生产总值（2019年）","http://tjj.fujian.gov.cn/tongjinianjian/dz2020/cn-en/html/2101.htm","gdp","796.87","1.64","480.7","314.53","400.77","79.93","201483",,,,,,,,,,,,,,,,,,,,,,
"2019","海沧区","海沧区","21-13 规模以上工业增加值增速（2019年）","http://tjj.fujian.gov.cn/tongjinianjian/dz2020/cn-en/html/2113.htm","industrial_va_growth",,,,,,,,,,,,,,,,,,,,,,,,,"8.5","8.5","8.5",,
"2019","海沧区","海沧区","21-4 年末常住人口数（2019年）","http://tjj.fujian.gov.cn/tongjinianjian/dz2020/cn-en/html/2104.htm","population",,,,,,,,"41.6","37.9","3.7","91.1",,,,,,,,,,,,,,,,,,
"2019","海沧区","海沧区","21-18 社会消费品零售总额（2019年）","http://tjj.fujian.gov.cn/tongjinianjian/dz2020/cn-en/html/2118.htm","retail_sales",,,,,,,,,,,,,,,,,,,,,,,,,,,,"2940909","10.1"
"2019","涵江区","涵江区","21-9 一般公共预算支出（2019年）","http://tjj.fujian.gov.cn/tongjinianjian/dz2020/cn-en/html/2109.htm","budget_expenditure",,,,,,,,,,,,,,,,,,,,"296786","42878","79664","6662","28633",,,,,
"2019","涵江区","涵江区","21-8 地方一般公共预算收入（2019年）","http://tjj.fujian.gov.cn/tongjinianjian/dz2020/cn-en/html/2108.htm","budget_revenue",,,,,,,,,,,,,,,,"234420","77443","37679","3992",,,,,,,,,,
"2019","涵江区","涵江区","21-1 地区生产总值（2019年）","http://tjj.fujian.gov.cn/tongjinianjian/dz2020/cn-en/html/2101.htm","gdp","545.22","15.44","356.31","173.46","295.58","61.46","111840",,,,,,,,,,,,,,,,,,,,,,
"2019","涵江区","涵江区","21-13 规模以上工业增加值增速（2019年）","http://tjj.fujian.gov.cn/tongjinianjian/dz2020/cn-en/html/2113.htm","industrial_va_growth",,,,,,,,,,,,,,,,,,,,,,,,,"6.9","5","11.2",,
"2019","涵江区","涵江区","21-4 年末常住人口数（2019年）","http://tjj.fujian.gov.cn/tongjinianjian/dz2020/cn-en/html/2104.htm","population",,,,,,,,"48.8","38.36","10.44","78.6",,,,,,,,,,,,,,,,,,
"2019","涵江区","涵江区","21-18 社会消费品零售总额（2019年）","http://tjj.fujian.gov.cn/tongjinianjian/dz2020/cn-en/html/2118.htm","retail_sales",,,,,,,,,,,,,,,,,,,,,,,,,,,,"1732933","11.7"
"2019","湖里区","湖里区","21-9 一般公共预算支出（2019年）","http://tjj.fujian.gov.cn/tongjinianjian/dz2020/cn-en/html/2109.htm","budget_expenditure",,,,,,,,,,,,,,,,,,,,"584885","72660","137383","8830","3960",,,,,
"2019","湖里区","湖里区","21-8 地方一般公共预算收入（2019年）","http://tjj.fujian.gov.cn/tongjinianjian/dz2020/cn-en/html/2108.htm","budget_revenue",,,,,,,,,,,,,,,,"495977","119230","93677","89901",,,,,,,,,,
"2019","湖里区","湖里区","21-1 地区生产总值（2019年）","http://tjj.fujian.gov.cn/tongjinianjian/dz2020/cn-en/html/2101.htm","gdp","1297.29",,"549.52","747.77","419.19","159.27","126134",,,,,,,,,,,,,,,,,,,,,,
"2019","湖里区","湖里区","21-13 规模以上工业增加值增速（2019年）","http://tjj.fujian.gov.cn/tongjinianjian/dz2020/cn-en/html/2113.htm","industrial_va_growth",,,,,,,,,,,,,,,,,,,,,,,,,"10.5","3.6","11.4",,
"2019","湖里区","湖里区","21-4 年末常住人口数（2019年）","http://tjj.fujian.gov.cn/tongjinianjian/dz2020/cn-en/html/2104.htm","population",,,,,,,,"102.6","102.6",,"100",,,,,,,,,,,,,,,,,,
"2019","湖里区","湖里区","21-18 社会消费品零售总额（2019年）","http://tjj.fujian.gov.cn/tongjinianjian/dz2020/cn-en/html/2118.htm","retail_sales",,,,,,,,,,,,,,,,,,,,,,,,,,,,"4720654","14"
"2019","华安县","华安县","21-9 一般公共预算支出（2019年）","http://tjj.fujian.gov.cn/tongjinianjian/dz2020/cn-en/html/2109.htm","budget_expenditure",,,,,,,,,,,,,,,,,,,,"160840","21050","24841","785","21164",,,,,
"2019","华安县","华安县","21-8 地方一般公共预算收入（2019年）","http://tjj.fujian.gov.cn/tongjinianjian/dz2020/cn-en/html/2108.htm","budget_revenue",,,,,,,,,,,,,,,,"49299","22565","3170","651",,,,,,,,,,
"2019","华安县","华安县","21-1 地区生产总值（2019年）","http://tjj.fujian.gov.cn/tongjinianjian/dz2020/cn-en/html/2101.htm","gdp","175.83","33.67","94.29","47.87","83.57","10.71","105573",,,,,,,,,,,,,,,,,,,,,,
"2019","华安县","华安县","21-13 规模以上工业增加值增速（2019年）","http://tjj.fujian.gov.cn/tongjinianjian/dz2020/cn-en/html/2113.htm","industrial_va_growth",,,,,,,,,,,,,,,,,,,,,,,,,"9.2","12.5","6.6",,
"2019","华安县","华安县","21-4 年末常住人口数（2019年）","http://tjj.fujian.gov.cn/tongjinianjian/dz2020/cn-en/html/2104.htm","population",,,,,,,,"16.61","8.89","7.72","53.5",,,,,,,,,,,,,,,,,,
"2019","华安县","华安县","21-18 社会消费品零售总额（2019年）","http://tjj.fujian.gov.cn/tongjinianjian/dz2020/cn-en/html/2118.htm","retail_sales",,,,,,,,,,,,,,,,,,,,,,,,,,,,"435971","13.9"
"2019","惠安县","惠安县","21-9 一般公共预算支出（2019年）","http://tjj.fujian.gov.cn/tongjinianjian/dz2020/cn-en/html/2109.htm","budget_expenditure",,,,,,,,,,,,,,,,,,,,"552158","41791","135696","10930","60315",,,,,
"2019","惠安县","惠安县","21-8 地方一般公共预算收入（2019年）","http://tjj.fujian.gov.cn/tongjinianjian/dz2020/cn-en/html/2108.htm","budget_revenue",,,,,,,,,,,,,,,,"379288","156377","56094","23632",,,,,,,,,,
"2019","惠安县","惠安县","21-1 地区生产总值（2019年）","http://tjj.fujian.gov.cn/tongjinianjian/dz2020/cn-en/html/2101.htm","gdp","1318.11","32.88","961.22","324","783.77","177.77","129163",,,,,,,,,,,,,,,,,,,,,,
"2019","惠安县","惠安县","21-13 规模以上工业增加值增速（2019年）","http://tjj.fujian.gov.cn/tongjinianjian/dz2020/cn-en/html/2113.htm","industrial_va_growth",,,,,,,,,,,,,,,,,,,,,,,,,"11.4","14.6","7.5",,
"2019","惠安县","惠安县","21-4 年末常住人口数（2019年）","http://tjj.fujian.gov.cn/tongjinianjian/dz2020/cn-en/html/2104.htm","population",,,,,,,,"102.2","60.86","41.34","59.6",,,,,,,,,,,,,,,,,,
"2019","惠安县","惠安县","21-18 社会消费品零售总额（2019年）","http://tjj.fujian.gov.cn/tongjinianjian/dz2020/cn-en/html/2118.htm","retail_sales",,,,,,,,,,,,,,,,,,,,,,,,,,,,"5201542","13.8"
"2019","集美区","集美区","21-9 一般公共预算支出（2019年）","http://tjj.fujian.gov.cn/tongjinianjian/dz2020/cn-en/html/2109.htm","budget_expenditure",,,,,,,,,,,,,,,,,,,,"679858","54656","183657","26317","45668",,,,,
"2019","集美区","集美区","21-8 地方一般公共预算收入（2019年）","http://tjj.fujian.gov.cn/tongjinianjian/dz2020/cn-en/html/2108.htm","budget_revenue",,,,,,,,,,,,,,,,"378859","77117","42024","21779",,,,,,,,,,
"2019","集美区","集美区","21-1 地区生产总值（2019年）","http://tjj.fujian.gov.cn/tongjinianjian/dz2020/cn-en/html/2101.htm","gdp","789.37","2.99","386.31","400.06","320.91","65.41","109029",,,,,,,,,,,,,,,,,,,,,,
"2019","集美区","集美区","21-13 规模以上工业增加值增速（2019年）","http://tjj.fujian.gov.cn/tongjinianjian/dz2020/cn-en/html/2113.htm","industrial_va_growth",,,,,,,,,,,,,,,,,,,,,,,,,"6.8","0.3","10.9",,
"2019","集美区","集美区","21-4 年末常住人口数（2019年）","http://tjj.fujian.gov.cn/tongjinianjian/dz2020/cn-en/html/2104.htm","population",,,,,,,,"74.8","65.82","8.98","88",,,,,,,,,,,,,,,,,,
"2019","集美区","集美区","21-18 社会消费品零售总额（2019年）","http://tjj.fujian.gov.cn/tongjinianjian/dz2020/cn-en/html/2118.htm","retail_sales",,,,,,,,,,,,,,,,,,,,,,,,,,,,"1901865","12.1"
"2019","建宁县","建宁县","21-9 一般公共预算支出（2019年）","http://tjj.fujian.gov.cn/tongjinianjian/dz2020/cn-en/html/2109.htm","budget_expenditure",,,,,,,,,,,,,,,,,,,,"177346","11942","27770","797","39377",,,,,
"2019","建宁县","建宁县","21-8 地方一般公共预算收入（2019年）","http://tjj.fujian.gov.cn/tongjinianjian/dz2020/cn-en/html/2108.htm","budget_revenue",,,,,,,,,,,,,,,,"33185","8609","3267","584",,,,,,,,,,
"2019","建宁县","建宁县","21-1 地区生产总值（2019年）","http://tjj.fujian.gov.cn/tongjinianjian/dz2020/cn-en/html/2101.htm","gdp","132.97","18.56","77.49","36.92","40.44","37.29","109890",,,,,,,,,,,,,,,,,,,,,,
"2019","建宁县","建宁县","21-13 规模以上工业增加值增速（2019年）","http://tjj.fujian.gov.cn/tongjinianjian/dz2020/cn-en/html/2113.htm","industrial_va_growth",,,,,,,,,,,,,,,,,,,,,,,,,"8.6","8.2","9",,
"2019","建宁县","建宁县","21-4 年末常住人口数（2019年）","http://tjj.fujian.gov.cn/tongjinianjian/dz2020/cn-en/html/2104.htm","population",,,,,,,,"12.1","5.7","6.4","47.1",,,,,,,,,,,,,,,,,,
"2019","建宁县","建宁县","21-18 社会消费品零售总额（2019年）","http://tjj.fujian.gov.cn/tongjinianjian/dz2020/cn-en/html/2118.htm","retail_sales",,,,,,,,,,,,,,,,,,,,,,,,,,,,"360840","12.4"
"2019","建瓯市","建瓯市","21-9 一般公共预算支出（2019年）","http://tjj.fujian.gov.cn/tongjinianjian/dz2020/cn-en/html/2109.htm","budget_expenditure",,,,,,,,,,,,,,,,,,,,"355301","22885","85231","6978","55533",,,,,
"2019","建瓯市","建瓯市","21-8 地方一般公共预算收入（2019年）","http://tjj.fujian.gov.cn/tongjinianjian/dz2020/cn-en/html/2108.htm","budget_revenue",,,,,,,,,,,,,,,,"99908","27621","6714","2390",,,,,,,,,,
"2019","建瓯市","建瓯市","21-1 地区生产总值（2019年）","http://tjj.fujian.gov.cn/tongjinianjian/dz2020/cn-en/html/2101.htm","gdp","291.72","51.72","120.14","119.86","96.97","23.24","64044",,,,,,,,,,,,,,,,,,,,,,
"2019","建瓯市","建瓯市","21-13 规模以上工业增加值增速（2019年）","http://tjj.fujian.gov.cn/tongjinianjian/dz2020/cn-en/html/2113.htm","industrial_va_growth",,,,,,,,,,,,,,,,,,,,,,,,,"8","8.9","6.6",,
"2019","建瓯市","建瓯市","21-4 年末常住人口数（2019年）","http://tjj.fujian.gov.cn/tongjinianjian/dz2020/cn-en/html/2104.htm","population",,,,,,,,"45.5","23.89","21.61","52.5",,,,,,,,,,,,,,,,,,
"2019","建瓯市","建瓯市","21-18 社会消费品零售总额（2019年）","http://tjj.fujian.gov.cn/tongjinianjian/dz2020/cn-en/html/2118.htm","retail_sales",,,,,,,,,,,,,,,,,,,,,,,,,,,,"1526617","11.6"
"2019","建阳市","建阳区","21-9 一般公共预算支出（2019年）","http://tjj.fujian.gov.cn/tongjinianjian/dz2020/cn-en/html/2109.htm","budget_expenditure",,,,,,,,,,,,,,,,,,,,"290176","24958","60662","3194","46057",,,,,
"2019","建阳市","建阳区","21-8 地方一般公共预算收入（2019年）","http://tjj.fujian.gov.cn/tongjinianjian/dz2020/cn-en/html/2108.htm","budget_revenue",,,,,,,,,,,,,,,,"131769","34744","15194","2339",,,,,,,,,,
"2019","建阳市","建阳区","21-1 地区生产总值（2019年）","http://tjj.fujian.gov.cn/tongjinianjian/dz2020/cn-en/html/2101.htm","gdp","248.52","39.73","108.23","100.56","86.45","21.83","76232",,,,,,,,,,,,,,,,,,,,,,
"2019","建阳市","建阳区","21-13 规模以上工业增加值增速（2019年）","http://tjj.fujian.gov.cn/tongjinianjian/dz2020/cn-en/html/2113.htm","industrial_va_growth",,,,,,,,,,,,,,,,,,,,,,,,,"2.1","7.1","-3.5",,
"2019","建阳市","建阳区","21-4 年末常住人口数（2019年）","http://tjj.fujian.gov.cn/tongjinianjian/dz2020/cn-en/html/2104.htm","population",,,,,,,,"32.8","19.81","12.99","60.4",,,,,,,,,,,,,,,,,,
"2019","建阳市","建阳区","21-18 社会消费品零售总额（2019年）","http://tjj.fujian.gov.cn/tongjinianjian/dz2020/cn-en/html/2118.htm","retail_sales",,,,,,,,,,,,,,,,,,,,,,,,,,,,"923727","5.6"
"2019","将乐县","将乐县","21-9 一般公共预算支出（2019年）","http://tjj.fujian.gov.cn/tongjinianjian/dz2020/cn-en/html/2109.htm","budget_expenditure",,,,,,,,,,,,,,,,,,,,"214377","17861","42464","2587","36481",,,,,
"2019","将乐县","将乐县","21-8 地方一般公共预算收入（2019年）","http://tjj.fujian.gov.cn/tongjinianjian/dz2020/cn-en/html/2108.htm","budget_revenue",,,,,,,,,,,,,,,,"64629","15939","5983","11330",,,,,,,,,,
"2019","将乐县","将乐县","21-1 地区生产总值（2019年）","http://tjj.fujian.gov.cn/tongjinianjian/dz2020/cn-en/html/2101.htm","gdp","157.96","19.64","80.92","57.4","59.54","21.66","102905",,,,,,,,,,,,,,,,,,,,,,
"2019","将乐县","将乐县","21-13 规模以上工业增加值增速（2019年）","http://tjj.fujian.gov.cn/tongjinianjian/dz2020/cn-en/html/2113.htm","industrial_va_growth",,,,,,,,,,,,,,,,,,,,,,,,,"9.7","10.2","9",,
"2019","将乐县","将乐县","21-4 年末常住人口数（2019年）","http://tjj.fujian.gov.cn/tongjinianjian/dz2020/cn-en/html/2104.htm","population",,,,,,,,"15.4","8.7","6.7","56.5",,,,,,,,,,,,,,,,,,
"2019","将乐县","将乐县","21-18 社会消费品零售总额（2019年）","http://tjj.fujian.gov.cn/tongjinianjian/dz2020/cn-en/html/2118.htm","retail_sales",,,,,,,,,,,,,,,,,,,,,,,,,,,,"513835","12.8"
"2019","蕉城区","蕉城区","21-9 一般公共预算支出（2019年）","http://tjj.fujian.gov.cn/tongjinianjian/dz2020/cn-en/html/2109.htm","budget_expenditure",,,,,,,,,,,,,,,,,,,,"392411","42354","76608","30598","79465",,,,,
"2019","蕉城区","蕉城区","21-8 地方一般公共预算收入（2019年）","http://tjj.fujian.gov.cn/tongjinianjian/dz2020/cn-en/html/2108.htm","budget_revenue",,,,,,,,,,,,,,,,"221848","82540","57480","8075",,,,,,,,,,
"2019","蕉城区","蕉城区","21-1 地区生产总值（2019年）","http://tjj.fujian.gov.cn/tongjinianjian/dz2020/cn-en/html/2101.htm","gdp","679.37","41.29","418.52","219.56","349.8","69.06","149312",,,,,,,,,,,,,,,,,,,,,,
"2019","蕉城区","蕉城区","21-13 规模以上工业增加值增速（2019年）","http://tjj.fujian.gov.cn/tongjinianjian/dz2020/cn-en/html/2113.htm","industrial_va_growth",,,,,,,,,,,,,,,,,,,,,,,,,"53.8","37.6","147.5",,
"2019","蕉城区","蕉城区","21-4 年末常住人口数（2019年）","http://tjj.fujian.gov.cn/tongjinianjian/dz2020/cn-en/html/2104.htm","population",,,,,,,,"46","30.64","15.36","66.6",,,,,,,,,,,,,,,,,,
"2019","蕉城区","蕉城区","21-18 社会消费品零售总额（2019年）","http://tjj.fujian.gov.cn/tongjinianjian/dz2020/cn-en/html/2118.htm","retail_sales",,,,,,,,,,,,,,,,,,,,,,,,,,,,"1733106","8.8"
"2019","晋安区","晋安区","21-9 一般公共预算支出（2019年）","http://tjj.fujian.gov.cn/tongjinianjian/dz2020/cn-en/html/2109.htm","budget_expenditure",,,,,,,,,,,,,,,,,,,,"315252","33467","64786","7371","16006",,,,,
"2019","晋安区","晋安区","21-8 地方一般公共预算收入（2019年）","http://tjj.fujian.gov.cn/tongjinianjian/dz2020/cn-en/html/2108.htm","budget_revenue",,,,,,,,,,,,,,,,"242515","73764","45911",,,,,,,,,,,
"2019","晋安区","晋安区","21-1 地区生产总值（2019年）","http://tjj.fujian.gov.cn/tongjinianjian/dz2020/cn-en/html/2101.htm","gdp","884.8","7.38","261.76","615.67","171.64","90.42","101294",,,,,,,,,,,,,,,,,,,,,,
"2019","晋安区","晋安区","21-13 规模以上工业增加值增速（2019年）","http://tjj.fujian.gov.cn/tongjinianjian/dz2020/cn-en/html/2113.htm","industrial_va_growth",,,,,,,,,,,,,,,,,,,,,,,,,"8.7","8.3","9.4",,
"2019","晋安区","晋安区","21-4 年末常住人口数（2019年）","http://tjj.fujian.gov.cn/tongjinianjian/dz2020/cn-en/html/2104.htm","population",,,,,,,,"87","86.39","0.61","99.3",,,,,,,,,,,,,,,,,,
"2019","晋安区","晋安区","21-18 社会消费品零售总额（2019年）","http://tjj.fujian.gov.cn/tongjinianjian/dz2020/cn-en/html/2118.htm","retail_sales",,,,,,,,,,,,,,,,,,,,,,,,,,,,"8944672","11.7"
"2019","晋江市","晋江市","21-9 一般公共预算支出（2019年）","http://tjj.fujian.gov.cn/tongjinianjian/dz2020/cn-en/html/2109.htm","budget_expenditure",,,,,,,,,,,,,,,,,,,,"1387888","77325","311067","42984","139629",,,,,
"2019","晋江市","晋江市","21-8 地方一般公共预算收入（2019年）","http://tjj.fujian.gov.cn/tongjinianjian/dz2020/cn-en/html/2108.htm","budget_revenue",,,,,,,,,,,,,,,,"1379111","369559","174873","98924",,,,,,,,,,
"2019","晋江市","晋江市","21-1 地区生产总值（2019年）","http://tjj.fujian.gov.cn/tongjinianjian/dz2020/cn-en/html/2101.htm","gdp","2546.18","20.43","1586.89","938.86","1511.75","81.97","120387",,,,,,,,,,,,,,,,,,,,,,
"2019","晋江市","晋江市","21-13 规模以上工业增加值增速（2019年）","http://tjj.fujian.gov.cn/tongjinianjian/dz2020/cn-en/html/2113.htm","industrial_va_growth",,,,,,,,,,,,,,,,,,,,,,,,,"8.6","8","11",,
"2019","晋江市","晋江市","21-4 年末常住人口数（2019年）","http://tjj.fujian.gov.cn/tongjinianjian/dz2020/cn-en/html/2104.htm","population",,,,,,,,"211.9","142.82","69.08","67.4",,,,,,,,,,,,,,,,,,
"2019","晋江市","晋江市","21-18 社会消费品零售总额（2019年）","http://tjj.fujian.gov.cn/tongjinianjian/dz2020/cn-en/html/2118.htm","retail_sales",,,,,,,,,,,,,,,,,,,,,,,,,,,,"15115615","8"
"2019","鲤城区","鲤城区","21-9 一般公共预算支出（2019年）","http://tjj.fujian.gov.cn/tongjinianjian/dz2020/cn-en/html/2109.htm","budget_expenditure",,,,,,,,,,,,,,,,,,,,"155154","14499","48182","7363","2536",,,,,
"2019","鲤城区","鲤城区","21-8 地方一般公共预算收入（2019年）","http://tjj.fujian.gov.cn/tongjinianjian/dz2020/cn-en/html/2108.htm","budget_revenue",,,,,,,,,,,,,,,,"112443","42308","12898","3212",,,,,,,,,,
"2019","鲤城区","鲤城区","21-1 地区生产总值（2019年）","http://tjj.fujian.gov.cn/tongjinianjian/dz2020/cn-en/html/2101.htm","gdp","648.41","0.19","341.88","306.34","314.86","27.14","146038",,,,,,,,,,,,,,,,,,,,,,
"2019","鲤城区","鲤城区","21-13 规模以上工业增加值增速（2019年）","http://tjj.fujian.gov.cn/tongjinianjian/dz2020/cn-en/html/2113.htm","industrial_va_growth",,,,,,,,,,,,,,,,,,,,,,,,,"8.1","7.3","11.9",,
"2019","鲤城区","鲤城区","21-4 年末常住人口数（2019年）","http://tjj.fujian.gov.cn/tongjinianjian/dz2020/cn-en/html/2104.htm","population",,,,,,,,"44.5","44.5",,"100",,,,,,,,,,,,,,,,,,
"2019","鲤城区","鲤城区","21-18 社会消费品零售总额（2019年）","http://tjj.fujian.gov.cn/tongjinianjian/dz2020/cn-en/html/2118.htm","retail_sales",,,,,,,,,,,,,,,,,,,,,,,,,,,,"3686149","5.1"
"2019","荔城区","荔城区","21-9 一般公共预算支出（2019年）","http://tjj.fujian.gov.cn/tongjinianjian/dz2020/cn-en/html/2109.htm","budget_expenditure",,,,,,,,,,,,,,,,,,,,"331825","27198","92088","3453","24687",,,,,
"2019","荔城区","荔城区","21-8 地方一般公共预算收入（2019年）","http://tjj.fujian.gov.cn/tongjinianjian/dz2020/cn-en/html/2108.htm","budget_revenue",,,,,,,,,,,,,,,,"283776","94747","30782","5350",,,,,,,,,,
"2019","荔城区","荔城区","21-1 地区生产总值（2019年）","http://tjj.fujian.gov.cn/tongjinianjian/dz2020/cn-en/html/2101.htm","gdp","565.79","17.58","309.21","239","242.76","67.06","107975",,,,,,,,,,,,,,,,,,,,,,
"2019","荔城区","荔城区","21-13 规模以上工业增加值增速（2019年）","http://tjj.fujian.gov.cn/tongjinianjian/dz2020/cn-en/html/2113.htm","industrial_va_growth",,,,,,,,,,,,,,,,,,,,,,,,,"9.8","8.7","17.5",,
"2019","荔城区","荔城区","21-4 年末常住人口数（2019年）","http://tjj.fujian.gov.cn/tongjinianjian/dz2020/cn-en/html/2104.htm","population",,,,,,,,"52.5","38.75","13.75","73.8",,,,,,,,,,,,,,,,,,
"2019","荔城区","荔城区","21-18 社会消费品零售总额（2019年）","http://tjj.fujian.gov.cn/tongjinianjian/dz2020/cn-en/html/2118.htm","retail_sales",,,,,,,,,,,,,,,,,,,,,,,,,,,,"4497416","1.1"
"2019","连城县","连城县","21-9 一般公共预算支出（2019年）","http://tjj.fujian.gov.cn/tongjinianjian/dz2020/cn-en/html/2109.htm","budget_expenditure",,,,,,,,,,,,,,,,,,,,"296182","27008","65168","3843","67218",,,,,
"2019","连城县","连城县","21-8 地方一般公共预算收入（2019年）","http://tjj.fujian.gov.cn/tongjinianjian/dz2020/cn-en/html/2108.htm","budget_revenue",,,,,,,,,,,,,,,,"65285","19414","7399","1996",,,,,,,,,,
"2019","连城县","连城县","21-1 地区生产总值（2019年）","http://tjj.fujian.gov.cn/tongjinianjian/dz2020/cn-en/html/2101.htm","gdp","258.66","37.85","118.03","102.78","82.76","35.27","104932",,,,,,,,,,,,,,,,,,,,,,
"2019","连城县","连城县","21-13 规模以上工业增加值增速（2019年）","http://tjj.fujian.gov.cn/tongjinianjian/dz2020/cn-en/html/2113.htm","industrial_va_growth",,,,,,,,,,,,,,,,,,,,,,,,,"11.2","9.4","13.2",,
"2019","连城县","连城县","21-4 年末常住人口数（2019年）","http://tjj.fujian.gov.cn/tongjinianjian/dz2020/cn-en/html/2104.htm","population",,,,,,,,"24.6","11.96","12.64","48.6",,,,,,,,,,,,,,,,,,
"2019","连城县","连城县","21-18 社会消费品零售总额（2019年）","http://tjj.fujian.gov.cn/tongjinianjian/dz2020/cn-en/html/2118.htm","retail_sales",,,,,,,,,,,,,,,,,,,,,,,,,,,,"1219900","12"
"2019","连江县","连江县","21-9 一般公共预算支出（2019年）","http://tjj.fujian.gov.cn/tongjinianjian/dz2020/cn-en/html/2109.htm","budget_expenditure",,,,,,,,,,,,,,,,,,,,"714604","119069","162617","6488","90412",,,,,
"2019","连江县","连江县","21-8 地方一般公共预算收入（2019年）","http://tjj.fujian.gov.cn/tongjinianjian/dz2020/cn-en/html/2108.htm","budget_revenue",,,,,,,,,,,,,,,,"334057","121063","27916","18444",,,,,,,,,,
"2019","连江县","连江县","21-1 地区生产总值（2019年）","http://tjj.fujian.gov.cn/tongjinianjian/dz2020/cn-en/html/2101.htm","gdp","591.56","137.64","249.05","204.87","190.04","70.83","99171",,,,,,,,,,,,,,,,,,,,,,
"2019","连江县","连江县","21-13 规模以上工业增加值增速（2019年）","http://tjj.fujian.gov.cn/tongjinianjian/dz2020/cn-en/html/2113.htm","industrial_va_growth",,,,,,,,,,,,,,,,,,,,,,,,,"8.3","4.5","16.8",,
"2019","连江县","连江县","21-4 年末常住人口数（2019年）","http://tjj.fujian.gov.cn/tongjinianjian/dz2020/cn-en/html/2104.htm","population",,,,,,,,"60","28.8","31.2","48",,,,,,,,,,,,,,,,,,
"2019","连江县","连江县","21-18 社会消费品零售总额（2019年）","http://tjj.fujian.gov.cn/tongjinianjian/dz2020/cn-en/html/2118.htm","retail_sales",,,,,,,,,,,,,,,,,,,,,,,,,,,,"1296801","12.5"
"2019","龙海市","龙海市","21-9 一般公共预算支出（2019年）","http://tjj.fujian.gov.cn/tongjinianjian/dz2020/cn-en/html/2109.htm","budget_expenditure",,,,,,,,,,,,,,,,,,,,"421745","41667","98219","4889","40868",,,,,
"2019","龙海市","龙海市","21-8 地方一般公共预算收入（2019年）","http://tjj.fujian.gov.cn/tongjinianjian/dz2020/cn-en/html/2108.htm","budget_revenue",,,,,,,,,,,,,,,,"240225","76167","47741","3289",,,,,,,,,,
"2019","龙海市","龙海市","21-1 地区生产总值（2019年）","http://tjj.fujian.gov.cn/tongjinianjian/dz2020/cn-en/html/2101.htm","gdp","1100.46","79.22","641.77","379.47","486.51","155.26","114661",,,,,,,,,,,,,,,,,,,,,,
"2019","龙海市","龙海市","21-13 规模以上工业增加值增速（2019年）","http://tjj.fujian.gov.cn/tongjinianjian/dz2020/cn-en/html/2113.htm","industrial_va_growth",,,,,,,,,,,,,,,,,,,,,,,,,"9.3","7.2","12.6",,
"2019","龙海市","龙海市","21-4 年末常住人口数（2019年）","http://tjj.fujian.gov.cn/tongjinianjian/dz2020/cn-en/html/2104.htm","population",,,,,,,,"96.31","58.27","38.04","60.5",,,,,,,,,,,,,,,,,,
"2019","龙海市","龙海市","21-18 社会消费品零售总额（2019年）","http://tjj.fujian.gov.cn/tongjinianjian/dz2020/cn-en/html/2118.htm","retail_sales",,,,,,,,,,,,,,,,,,,,,,,,,,,,"2791215","9.3"
"2019","龙文区","龙文区","21-9 一般公共预算支出（2019年）","http://tjj.fujian.gov.cn/tongjinianjian/dz2020/cn-en/html/2109.htm","budget_expenditure",,,,,,,,,,,,,,,,,,,,"153401","21626","37713","5208","5123",,,,,
"2019","龙文区","龙文区","21-8 地方一般公共预算收入（2019年）","http://tjj.fujian.gov.cn/tongjinianjian/dz2020/cn-en/html/2108.htm","budget_revenue",,,,,,,,,,,,,,,,"115252","32633","14956","3869",,,,,,,,,,
"2019","龙文区","龙文区","21-1 地区生产总值（2019年）","http://tjj.fujian.gov.cn/tongjinianjian/dz2020/cn-en/html/2101.htm","gdp","361.36","6","138.3","217.05","100.8","37.5","185121",,,,,,,,,,,,,,,,,,,,,,
"2019","龙文区","龙文区","21-13 规模以上工业增加值增速（2019年）","http://tjj.fujian.gov.cn/tongjinianjian/dz2020/cn-en/html/2113.htm","industrial_va_growth",,,,,,,,,,,,,,,,,,,,,,,,,"9.7","7.4","13.9",,
"2019","龙文区","龙文区","21-4 年末常住人口数（2019年）","http://tjj.fujian.gov.cn/tongjinianjian/dz2020/cn-en/html/2104.htm","population",,,,,,,,"19.56","17.62","1.94","90.1",,,,,,,,,,,,,,,,,,
"2019","龙文区","龙文区","21-18 社会消费品零售总额（2019年）","http://tjj.fujian.gov.cn/tongjinianjian/dz2020/cn-en/html/2118.htm","retail_sales",,,,,,,,,,,,,,,,,,,,,,,,,,,,"2341258","4.7"
"2019","罗源县","罗源县","21-9 一般公共预算支出（2019年）","http://tjj.fujian.gov.cn/tongjinianjian/dz2020/cn-en/html/2109.htm","budget_expenditure",,,,,,,,,,,,,,,,,,,,"323621","34110","50746","2475","66373",,,,,
"2019","罗源县","罗源县","21-8 地方一般公共预算收入（2019年）","http://tjj.fujian.gov.cn/tongjinianjian/dz2020/cn-en/html/2108.htm","budget_revenue",,,,,,,,,,,,,,,,"112775","35058","24358","2798",,,,,,,,,,
"2019","罗源县","罗源县","21-1 地区生产总值（2019年）","http://tjj.fujian.gov.cn/tongjinianjian/dz2020/cn-en/html/2101.htm","gdp","303.4","46.18","170.28","86.94","151.31","19.22","140463",,,,,,,,,,,,,,,,,,,,,,
"2019","罗源县","罗源县","21-13 规模以上工业增加值增速（2019年）","http://tjj.fujian.gov.cn/tongjinianjian/dz2020/cn-en/html/2113.htm","industrial_va_growth",,,,,,,,,,,,,,,,,,,,,,,,,"8.8","-2.5","10.1",,
"2019","罗源县","罗源县","21-4 年末常住人口数（2019年）","http://tjj.fujian.gov.cn/tongjinianjian/dz2020/cn-en/html/2104.htm","population",,,,,,,,"22","10.82","11.18","49.2",,,,,,,,,,,,,,,,,,
"2019","罗源县","罗源县","21-18 社会消费品零售总额（2019年）","http://tjj.fujian.gov.cn/tongjinianjian/dz2020/cn-en/html/2118.htm","retail_sales",,,,,,,,,,,,,,,,,,,,,,,,,,,,"488660","13.8"
"2019","洛江区","洛江区","21-9 一般公共预算支出（2019年）","http://tjj.fujian.gov.cn/tongjinianjian/dz2020/cn-en/html/2109.htm","budget_expenditure",,,,,,,,,,,,,,,,,,,,"173601","21587","40686","4437","15576",,,,,
"2019","洛江区","洛江区","21-8 地方一般公共预算收入（2019年）","http://tjj.fujian.gov.cn/tongjinianjian/dz2020/cn-en/html/2108.htm","budget_revenue",,,,,,,,,,,,,,,,"119918","46366","16042","2715",,,,,,,,,,
"2019","洛江区","洛江区","21-1 地区生产总值（2019年）","http://tjj.fujian.gov.cn/tongjinianjian/dz2020/cn-en/html/2101.htm","gdp","282.1","5.2","183.47","93.43","154.78","28.69","129109",,,,,,,,,,,,,,,,,,,,,,
"2019","洛江区","洛江区","21-13 规模以上工业增加值增速（2019年）","http://tjj.fujian.gov.cn/tongjinianjian/dz2020/cn-en/html/2113.htm","industrial_va_growth",,,,,,,,,,,,,,,,,,,,,,,,,"12.9","13.3","11.6",,
"2019","洛江区","洛江区","21-4 年末常住人口数（2019年）","http://tjj.fujian.gov.cn/tongjinianjian/dz2020/cn-en/html/2104.htm","population",,,,,,,,"21.9","13.05","8.85","59.6",,,,,,,,,,,,,,,,,,
"2019","洛江区","洛江区","21-18 社会消费品零售总额（2019年）","http://tjj.fujian.gov.cn/tongjinianjian/dz2020/cn-en/html/2118.htm","retail_sales",,,,,,,,,,,,,,,,,,,,,,,,,,,,"658180","14.1"
"2019","马尾区","马尾区","21-9 一般公共预算支出（2019年）","http://tjj.fujian.gov.cn/tongjinianjian/dz2020/cn-en/html/2109.htm","budget_expenditure",,,,,,,,,,,,,,,,,,,,"346398","47033","81770","22741","12915",,,,,
"2019","马尾区","马尾区","21-8 地方一般公共预算收入（2019年）","http://tjj.fujian.gov.cn/tongjinianjian/dz2020/cn-en/html/2108.htm","budget_revenue",,,,,,,,,,,,,,,,"228435","63307","36604","1573",,,,,,,,,,
"2019","马尾区","马尾区","21-1 地区生产总值（2019年）","http://tjj.fujian.gov.cn/tongjinianjian/dz2020/cn-en/html/2101.htm","gdp","576.26","5.76","339.14","231.36","230.05","109.53","219946",,,,,,,,,,,,,,,,,,,,,,
"2019","马尾区","马尾区","21-13 规模以上工业增加值增速（2019年）","http://tjj.fujian.gov.cn/tongjinianjian/dz2020/cn-en/html/2113.htm","industrial_va_growth",,,,,,,,,,,,,,,,,,,,,,,,,"5.2","4.1","13",,
"2019","马尾区","马尾区","21-4 年末常住人口数（2019年）","http://tjj.fujian.gov.cn/tongjinianjian/dz2020/cn-en/html/2104.htm","population",,,,,,,,"26.2","20.54","5.66","78.4",,,,,,,,,,,,,,,,,,
"2019","马尾区","马尾区","21-18 社会消费品零售总额（2019年）","http://tjj.fujian.gov.cn/tongjinianjian/dz2020/cn-en/html/2118.htm","retail_sales",,,,,,,,,,,,,,,,,,,,,,,,,,,,"1892825","11.6"
"2019","梅列区","梅列区","21-9 一般公共预算支出（2019年）","http://tjj.fujian.gov.cn/tongjinianjian/dz2020/cn-en/html/2109.htm","budget_expenditure",,,,,,,,,,,,,,,,,,,,"112054","9312","22348","374","14239",,,,,
"2019","梅列区","梅列区","21-8 地方一般公共预算收入（2019年）","http://tjj.fujian.gov.cn/tongjinianjian/dz2020/cn-en/html/2108.htm","budget_revenue",,,,,,,,,,,,,,,,"76620","18052","4802","1879",,,,,,,,,,
"2019","梅列区","梅列区","21-1 地区生产总值（2019年）","http://tjj.fujian.gov.cn/tongjinianjian/dz2020/cn-en/html/2101.htm","gdp","343.94","5.35","168.35","170.24","145.76","22.66","183434",,,,,,,,,,,,,,,,,,,,,,
"2019","梅列区","梅列区","21-13 规模以上工业增加值增速（2019年）","http://tjj.fujian.gov.cn/tongjinianjian/dz2020/cn-en/html/2113.htm","industrial_va_growth",,,,,,,,,,,,,,,,,,,,,,,,,"8.2","12.3","4.7",,
"2019","梅列区","梅列区","21-4 年末常住人口数（2019年）","http://tjj.fujian.gov.cn/tongjinianjian/dz2020/cn-en/html/2104.htm","population",,,,,,,,"18.9","18.64","0.26","98.6",,,,,,,,,,,,,,,,,,
"2019","梅列区","梅列区","21-18 社会消费品零售总额（2019年）","http://tjj.fujian.gov.cn/tongjinianjian/dz2020/cn-en/html/2118.htm","retail_sales",,,,,,,,,,,,,,,,,,,,,,,,,,,,"1114761","11.9"
"2019","闽侯县","闽侯县","21-9 一般公共预算支出（2019年）","http://tjj.fujian.gov.cn/tongjinianjian/dz2020/cn-en/html/2109.htm","budget_expenditure",,,,,,,,,,,,,,,,,,,,"1062951","87277","193972","38041","66322",,,,,
"2019","闽侯县","闽侯县","21-8 地方一般公共预算收入（2019年）","http://tjj.fujian.gov.cn/tongjinianjian/dz2020/cn-en/html/2108.htm","budget_revenue",,,,,,,,,,,,,,,,"732343","197697","85701","11879",,,,,,,,,,
"2019","闽侯县","闽侯县","21-1 地区生产总值（2019年）","http://tjj.fujian.gov.cn/tongjinianjian/dz2020/cn-en/html/2101.htm","gdp","740.22","45.71","394.53","299.98","317.41","77.4","101053",,,,,,,,,,,,,,,,,,,,,,
"2019","闽侯县","闽侯县","21-13 规模以上工业增加值增速（2019年）","http://tjj.fujian.gov.cn/tongjinianjian/dz2020/cn-en/html/2113.htm","industrial_va_growth",,,,,,,,,,,,,,,,,,,,,,,,,"8.7","16.2","3.8",,
"2019","闽侯县","闽侯县","21-4 年末常住人口数（2019年）","http://tjj.fujian.gov.cn/tongjinianjian/dz2020/cn-en/html/2104.htm","population",,,,,,,,"74","42.48","31.52","57.4",,,,,,,,,,,,,,,,,,
"2019","闽侯县","闽侯县","21-18 社会消费品零售总额（2019年）","http://tjj.fujian.gov.cn/tongjinianjian/dz2020/cn-en/html/2118.htm","retail_sales",,,,,,,,,,,,,,,,,,,,,,,,,,,,"3093994","10.2"
"2019","闽清县","闽清县","21-9 一般公共预算支出（2019年）","http://tjj.fujian.gov.cn/tongjinianjian/dz2020/cn-en/html/2109.htm","budget_expenditure",,,,,,,,,,,,,,,,,,,,"322649","25775","61921","2793","44179",,,,,
"2019","闽清县","闽清县","21-8 地方一般公共预算收入（2019年）","http://tjj.fujian.gov.cn/tongjinianjian/dz2020/cn-en/html/2108.htm","budget_revenue",,,,,,,,,,,,,,,,"157736","100605","14958","4625",,,,,,,,,,
"2019","闽清县","闽清县","21-1 地区生产总值（2019年）","http://tjj.fujian.gov.cn/tongjinianjian/dz2020/cn-en/html/2101.htm","gdp","329.17","34.31","180.78","114.07","79.38","103.84","135739",,,,,,,,,,,,,,,,,,,,,,
"2019","闽清县","闽清县","21-13 规模以上工业增加值增速（2019年）","http://tjj.fujian.gov.cn/tongjinianjian/dz2020/cn-en/html/2113.htm","industrial_va_growth",,,,,,,,,,,,,,,,,,,,,,,,,"8.8","15.3","7.9",,
"2019","闽清县","闽清县","21-4 年末常住人口数（2019年）","http://tjj.fujian.gov.cn/tongjinianjian/dz2020/cn-en/html/2104.htm","population",,,,,,,,"24.5","10.05","14.45","41",,,,,,,,,,,,,,,,,,
"2019","闽清县","闽清县","21-18 社会消费品零售总额（2019年）","http://tjj.fujian.gov.cn/tongjinianjian/dz2020/cn-en/html/2118.htm","retail_sales",,,,,,,,,,,,,,,,,,,,,,,,,,,,"439114","13.8"
"2019","明溪县","明溪县","21-9 一般公共预算支出（2019年）","http://tjj.fujian.gov.cn/tongjinianjian/dz2020/cn-en/html/2109.htm","budget_expenditure",,,,,,,,,,,,,,,,,,,,"161976","17358","29493","1928","36329",,,,,
"2019","明溪县","明溪县","21-8 地方一般公共预算收入（2019年）","http://tjj.fujian.gov.cn/tongjinianjian/dz2020/cn-en/html/2108.htm","budget_revenue",,,,,,,,,,,,,,,,"32774","12047","3710","1028",,,,,,,,,,
"2019","明溪县","明溪县","21-1 地区生产总值（2019年）","http://tjj.fujian.gov.cn/tongjinianjian/dz2020/cn-en/html/2101.htm","gdp","107.34","20.04","53.6","33.7","35.68","18","104212",,,,,,,,,,,,,,,,,,,,,,
"2019","明溪县","明溪县","21-13 规模以上工业增加值增速（2019年）","http://tjj.fujian.gov.cn/tongjinianjian/dz2020/cn-en/html/2113.htm","industrial_va_growth",,,,,,,,,,,,,,,,,,,,,,,,,"8.9","9.1","8.4",,
"2019","明溪县","明溪县","21-4 年末常住人口数（2019年）","http://tjj.fujian.gov.cn/tongjinianjian/dz2020/cn-en/html/2104.htm","population",,,,,,,,"10.3","5.6","4.7","54.4",,,,,,,,,,,,,,,,,,
"2019","明溪县","明溪县","21-18 社会消费品零售总额（2019年）","http://tjj.fujian.gov.cn/tongjinianjian/dz2020/cn-en/html/2118.htm","retail_sales",,,,,,,,,,,,,,,,,,,,,,,,,,,,"239745","8.2"
"2019","南安市","南安市","21-9 一般公共预算支出（2019年）","http://tjj.fujian.gov.cn/tongjinianjian/dz2020/cn-en/html/2109.htm","budget_expenditure",,,,,,,,,,,,,,,,,,,,"793271","60864","203612","17989","81150",,,,,
"2019","南安市","南安市","21-8 地方一般公共预算收入（2019年）","http://tjj.fujian.gov.cn/tongjinianjian/dz2020/cn-en/html/2108.htm","budget_revenue",,,,,,,,,,,,,,,,"500506","196356","54787","46983",,,,,,,,,,
"2019","南安市","南安市","21-1 地区生产总值（2019年）","http://tjj.fujian.gov.cn/tongjinianjian/dz2020/cn-en/html/2101.htm","gdp","1295.44","30.55","770.36","494.53","711.44","59.56","85847",,,,,,,,,,,,,,,,,,,,,,
"2019","南安市","南安市","21-13 规模以上工业增加值增速（2019年）","http://tjj.fujian.gov.cn/tongjinianjian/dz2020/cn-en/html/2113.htm","industrial_va_growth",,,,,,,,,,,,,,,,,,,,,,,,,"6.3","4.9","7.2",,
"2019","南安市","南安市","21-4 年末常住人口数（2019年）","http://tjj.fujian.gov.cn/tongjinianjian/dz2020/cn-en/html/2104.htm","population",,,,,,,,"151","91.36","59.64","60.5",,,,,,,,,,,,,,,,,,
"2019","南安市","南安市","21-18 社会消费品零售总额（2019年）","http://tjj.fujian.gov.cn/tongjinianjian/dz2020/cn-en/html/2118.htm","retail_sales",,,,,,,,,,,,,,,,,,,,,,,,,,,,"7733795","9.6"
"2019","南靖县","南靖县","21-9 一般公共预算支出（2019年）","http://tjj.fujian.gov.cn/tongjinianjian/dz2020/cn-en/html/2109.htm","budget_expenditure",,,,,,,,,,,,,,,,,,,,"277625","29629","46895","2649","45678",,,,,
"2019","南靖县","南靖县","21-8 地方一般公共预算收入（2019年）","http://tjj.fujian.gov.cn/tongjinianjian/dz2020/cn-en/html/2108.htm","budget_revenue",,,,,,,,,,,,,,,,"89769","33838","12328","2176",,,,,,,,,,
"2019","南靖县","南靖县","21-1 地区生产总值（2019年）","http://tjj.fujian.gov.cn/tongjinianjian/dz2020/cn-en/html/2101.htm","gdp","374.84","69.6","185.13","120.11","161.99","23.14","106459",,,,,,,,,,,,,,,,,,,,,,
"2019","南靖县","南靖县","21-13 规模以上工业增加值增速（2019年）","http://tjj.fujian.gov.cn/tongjinianjian/dz2020/cn-en/html/2113.htm","industrial_va_growth",,,,,,,,,,,,,,,,,,,,,,,,,"9.6","7.4","11.4",,
"2019","南靖县","南靖县","21-4 年末常住人口数（2019年）","http://tjj.fujian.gov.cn/tongjinianjian/dz2020/cn-en/html/2104.htm","population",,,,,,,,"35.34","19.26","16.08","54.5",,,,,,,,,,,,,,,,,,
"2019","南靖县","南靖县","21-18 社会消费品零售总额（2019年）","http://tjj.fujian.gov.cn/tongjinianjian/dz2020/cn-en/html/2118.htm","retail_sales",,,,,,,,,,,,,,,,,,,,,,,,,,,,"1355039","12.2"
"2019","宁化县","宁化县","21-9 一般公共预算支出（2019年）","http://tjj.fujian.gov.cn/tongjinianjian/dz2020/cn-en/html/2109.htm","budget_expenditure",,,,,,,,,,,,,,,,,,,,"315575","29124","65429","4051","54843",,,,,
"2019","宁化县","宁化县","21-8 地方一般公共预算收入（2019年）","http://tjj.fujian.gov.cn/tongjinianjian/dz2020/cn-en/html/2108.htm","budget_revenue",,,,,,,,,,,,,,,,"67141","16219","6241","1156",,,,,,,,,,
"2019","宁化县","宁化县","21-1 地区生产总值（2019年）","http://tjj.fujian.gov.cn/tongjinianjian/dz2020/cn-en/html/2101.htm","gdp","195.14","28.24","89.11","77.79","49.04","40.56","67876",,,,,,,,,,,,,,,,,,,,,,
"2019","宁化县","宁化县","21-13 规模以上工业增加值增速（2019年）","http://tjj.fujian.gov.cn/tongjinianjian/dz2020/cn-en/html/2113.htm","industrial_va_growth",,,,,,,,,,,,,,,,,,,,,,,,,"9.5","10.3","8.9",,
"2019","宁化县","宁化县","21-4 年末常住人口数（2019年）","http://tjj.fujian.gov.cn/tongjinianjian/dz2020/cn-en/html/2104.htm","population",,,,,,,,"28.8","13.3","15.5","46.2",,,,,,,,,,,,,,,,,,
"2019","宁化县","宁化县","21-18 社会消费品零售总额（2019年）","http://tjj.fujian.gov.cn/tongjinianjian/dz2020/cn-en/html/2118.htm","retail_sales",,,,,,,,,,,,,,,,,,,,,,,,,,,,"612128","12"
"2019","平和县","平和县","21-9 一般公共预算支出（2019年）","http://tjj.fujian.gov.cn/tongjinianjian/dz2020/cn-en/html/2109.htm","budget_expenditure",,,,,,,,,,,,,,,,,,,,"354841","28397","65281","1338","58542",,,,,
"2019","平和县","平和县","21-8 地方一般公共预算收入（2019年）","http://tjj.fujian.gov.cn/tongjinianjian/dz2020/cn-en/html/2108.htm","budget_revenue",,,,,,,,,,,,,,,,"63191","19837","5352","1414",,,,,,,,,,
"2019","平和县","平和县","21-1 地区生产总值（2019年）","http://tjj.fujian.gov.cn/tongjinianjian/dz2020/cn-en/html/2101.htm","gdp","276.68","52.37","89.31","135","73.83","15.47","52913",,,,,,,,,,,,,,,,,,,,,,
"2019","平和县","平和县","21-13 规模以上工业增加值增速（2019年）","http://tjj.fujian.gov.cn/tongjinianjian/dz2020/cn-en/html/2113.htm","industrial_va_growth",,,,,,,,,,,,,,,,,,,,,,,,,"9.4","4.1","15.1",,
"2019","平和县","平和县","21-4 年末常住人口数（2019年）","http://tjj.fujian.gov.cn/tongjinianjian/dz2020/cn-en/html/2104.htm","population",,,,,,,,"52.4","25.94","26.46","49.5",,,,,,,,,,,,,,,,,,
"2019","平和县","平和县","21-18 社会消费品零售总额（2019年）","http://tjj.fujian.gov.cn/tongjinianjian/dz2020/cn-en/html/2118.htm","retail_sales",,,,,,,,,,,,,,,,,,,,,,,,,,,,"1064475","7"
"2019","平潭县","平潭县","21-9 一般公共预算支出（2019年）","http://tjj.fujian.gov.cn/tongjinianjian/dz2020/cn-en/html/2109.htm","budget_expenditure",,,,,,,,,,,,,,,,,,,,"953051","80476","102355","92130","57081",,,,,
"2019","平潭县","平潭县","21-8 地方一般公共预算收入（2019年）","http://tjj.fujian.gov.cn/tongjinianjian/dz2020/cn-en/html/2108.htm","budget_revenue",,,,,,,,,,,,,,,,"455138","121520","48395","32357",,,,,,,,,,
"2019","平潭县","平潭县","21-1 地区生产总值（2019年）","http://tjj.fujian.gov.cn/tongjinianjian/dz2020/cn-en/html/2101.htm","gdp","282.85","35.9","80.64","166.31","7.65","73.18","61489",,,,,,,,,,,,,,,,,,,,,,
"2019","平潭县","平潭县","21-13 规模以上工业增加值增速（2019年）","http://tjj.fujian.gov.cn/tongjinianjian/dz2020/cn-en/html/2113.htm","industrial_va_growth",,,,,,,,,,,,,,,,,,,,,,,,,"3.1","-51.2","16.8",,
"2019","平潭县","平潭县","21-4 年末常住人口数（2019年）","http://tjj.fujian.gov.cn/tongjinianjian/dz2020/cn-en/html/2104.htm","population",,,,,,,,"46","23.69","22.31","51.5",,,,,,,,,,,,,,,,,,
"2019","平潭县","平潭县","21-18 社会消费品零售总额（2019年）","http://tjj.fujian.gov.cn/tongjinianjian/dz2020/cn-en/html/2118.htm","retail_sales",,,,,,,,,,,,,,,,,,,,,,,,,,,,"659147","4.7"
"2019","屏南县","屏南县","21-9 一般公共预算支出（2019年）","http://tjj.fujian.gov.cn/tongjinianjian/dz2020/cn-en/html/2109.htm","budget_expenditure",,,,,,,,,,,,,,,,,,,,"214035","16887","43932","898","40906",,,,,
"2019","屏南县","屏南县","21-8 地方一般公共预算收入（2019年）","http://tjj.fujian.gov.cn/tongjinianjian/dz2020/cn-en/html/2108.htm","budget_revenue",,,,,,,,,,,,,,,,"43296","14727","3826","1280",,,,,,,,,,
"2019","屏南县","屏南县","21-1 地区生产总值（2019年）","http://tjj.fujian.gov.cn/tongjinianjian/dz2020/cn-en/html/2101.htm","gdp","89.45","14.5","24.73","50.22","17.1","7.66","62995",,,,,,,,,,,,,,,,,,,,,,
"2019","屏南县","屏南县","21-13 规模以上工业增加值增速（2019年）","http://tjj.fujian.gov.cn/tongjinianjian/dz2020/cn-en/html/2113.htm","industrial_va_growth",,,,,,,,,,,,,,,,,,,,,,,,,"21.3","27.1","19.4",,
"2019","屏南县","屏南县","21-4 年末常住人口数（2019年）","http://tjj.fujian.gov.cn/tongjinianjian/dz2020/cn-en/html/2104.htm","population",,,,,,,,"14.2","6.55","7.65","46.1",,,,,,,,,,,,,,,,,,
"2019","屏南县","屏南县","21-18 社会消费品零售总额（2019年）","http://tjj.fujian.gov.cn/tongjinianjian/dz2020/cn-en/html/2118.htm","retail_sales",,,,,,,,,,,,,,,,,,,,,,,,,,,,"384180","11.4"
"2019","浦城县","浦城县","21-9 一般公共预算支出（2019年）","http://tjj.fujian.gov.cn/tongjinianjian/dz2020/cn-en/html/2109.htm","budget_expenditure",,,,,,,,,,,,,,,,,,,,"333055","23109","60103","2580","68023",,,,,
"2019","浦城县","浦城县","21-8 地方一般公共预算收入（2019年）","http://tjj.fujian.gov.cn/tongjinianjian/dz2020/cn-en/html/2108.htm","budget_revenue",,,,,,,,,,,,,,,,"67912","18409","6328","1133",,,,,,,,,,
"2019","浦城县","浦城县","21-1 地区生产总值（2019年）","http://tjj.fujian.gov.cn/tongjinianjian/dz2020/cn-en/html/2101.htm","gdp","166.62","35.65","60.22","70.74","47.74","12.51","55540",,,,,,,,,,,,,,,,,,,,,,
"2019","浦城县","浦城县","21-13 规模以上工业增加值增速（2019年）","http://tjj.fujian.gov.cn/tongjinianjian/dz2020/cn-en/html/2113.htm","industrial_va_growth",,,,,,,,,,,,,,,,,,,,,,,,,"8.5","7.3","15.3",,
"2019","浦城县","浦城县","21-4 年末常住人口数（2019年）","http://tjj.fujian.gov.cn/tongjinianjian/dz2020/cn-en/html/2104.htm","population",,,,,,,,"30","14.7","15.3","49",,,,,,,,,,,,,,,,,,
"2019","浦城县","浦城县","21-18 社会消费品零售总额（2019年）","http://tjj.fujian.gov.cn/tongjinianjian/dz2020/cn-en/html/2118.htm","retail_sales",,,,,,,,,,,,,,,,,,,,,,,,,,,,"445467","11.8"
"2019","清流县","清流县","21-9 一般公共预算支出（2019年）","http://tjj.fujian.gov.cn/tongjinianjian/dz2020/cn-en/html/2109.htm","budget_expenditure",,,,,,,,,,,,,,,,,,,,"213200","17477","40486","3097","43184",,,,,
"2019","清流县","清流县","21-8 地方一般公共预算收入（2019年）","http://tjj.fujian.gov.cn/tongjinianjian/dz2020/cn-en/html/2108.htm","budget_revenue",,,,,,,,,,,,,,,,"41239","14705","9877","1029",,,,,,,,,,
"2019","清流县","清流县","21-1 地区生产总值（2019年）","http://tjj.fujian.gov.cn/tongjinianjian/dz2020/cn-en/html/2101.htm","gdp","147.18","23.19","81.16","42.83","42.85","38.52","107823",,,,,,,,,,,,,,,,,,,,,,
"2019","清流县","清流县","21-13 规模以上工业增加值增速（2019年）","http://tjj.fujian.gov.cn/tongjinianjian/dz2020/cn-en/html/2113.htm","industrial_va_growth",,,,,,,,,,,,,,,,,,,,,,,,,"9.3","10.3","7.1",,
"2019","清流县","清流县","21-4 年末常住人口数（2019年）","http://tjj.fujian.gov.cn/tongjinianjian/dz2020/cn-en/html/2104.htm","population",,,,,,,,"13.6","6.8","6.8","50",,,,,,,,,,,,,,,,,,
"2019","清流县","清流县","21-18 社会消费品零售总额（2019年）","http://tjj.fujian.gov.cn/tongjinianjian/dz2020/cn-en/html/2118.htm","retail_sales",,,,,,,,,,,,,,,,,,,,,,,,,,,,"486936","11.5"
"2019","泉港区","泉港区","21-9 一般公共预算支出（2019年）","http://tjj.fujian.gov.cn/tongjinianjian/dz2020/cn-en/html/2109.htm","budget_expenditure",,,,,,,,,,,,,,,,,,,,"329826","28968","82313","6696","29505",,,,,
"2019","泉港区","泉港区","21-8 地方一般公共预算收入（2019年）","http://tjj.fujian.gov.cn/tongjinianjian/dz2020/cn-en/html/2108.htm","budget_revenue",,,,,,,,,,,,,,,,"253158","116842","19542","4158",,,,,,,,,,
"2019","泉港区","泉港区","21-1 地区生产总值（2019年）","http://tjj.fujian.gov.cn/tongjinianjian/dz2020/cn-en/html/2101.htm","gdp","720.99","11.08","576.54","133.37","510.66","66.02","214581",,,,,,,,,,,,,,,,,,,,,,
"2019","泉港区","泉港区","21-13 规模以上工业增加值增速（2019年）","http://tjj.fujian.gov.cn/tongjinianjian/dz2020/cn-en/html/2113.htm","industrial_va_growth",,,,,,,,,,,,,,,,,,,,,,,,,"7.8","-1.4","10.3",,
"2019","泉港区","泉港区","21-4 年末常住人口数（2019年）","http://tjj.fujian.gov.cn/tongjinianjian/dz2020/cn-en/html/2104.htm","population",,,,,,,,"33.6","18.04","15.56","53.7",,,,,,,,,,,,,,,,,,
"2019","泉港区","泉港区","21-18 社会消费品零售总额（2019年）","http://tjj.fujian.gov.cn/tongjinianjian/dz2020/cn-en/html/2118.htm","retail_sales",,,,,,,,,,,,,,,,,,,,,,,,,,,,"1588846","11.9"
"2019","三元区","三元区","21-9 一般公共预算支出（2019年）","http://tjj.fujian.gov.cn/tongjinianjian/dz2020/cn-en/html/2109.htm","budget_expenditure",,,,,,,,,,,,,,,,,,,,"112573","11099","28368","2049","16080",,,,,
"2019","三元区","三元区","21-8 地方一般公共预算收入（2019年）","http://tjj.fujian.gov.cn/tongjinianjian/dz2020/cn-en/html/2108.htm","budget_revenue",,,,,,,,,,,,,,,,"45925","16287","4604","879",,,,,,,,,,
"2019","三元区","三元区","21-1 地区生产总值（2019年）","http://tjj.fujian.gov.cn/tongjinianjian/dz2020/cn-en/html/2101.htm","gdp","238.96","12.67","146.57","79.72","105.47","41.37","116284",,,,,,,,,,,,,,,,,,,,,,
"2019","三元区","三元区","21-13 规模以上工业增加值增速（2019年）","http://tjj.fujian.gov.cn/tongjinianjian/dz2020/cn-en/html/2113.htm","industrial_va_growth",,,,,,,,,,,,,,,,,,,,,,,,,"8.7","10.4","5.1",,
"2019","三元区","三元区","21-4 年末常住人口数（2019年）","http://tjj.fujian.gov.cn/tongjinianjian/dz2020/cn-en/html/2104.htm","population",,,,,,,,"20.6","18.11","2.49","87.9",,,,,,,,,,,,,,,,,,
"2019","三元区","三元区","21-18 社会消费品零售总额（2019年）","http://tjj.fujian.gov.cn/tongjinianjian/dz2020/cn-en/html/2118.htm","retail_sales",,,,,,,,,,,,,,,,,,,,,,,,,,,,"808324","12.5"
"2019","沙县","沙县","21-9 一般公共预算支出（2019年）","http://tjj.fujian.gov.cn/tongjinianjian/dz2020/cn-en/html/2109.htm","budget_expenditure",,,,,,,,,,,,,,,,,,,,"275426","47759","58671","1449","45482",,,,,
"2019","沙县","沙县","21-8 地方一般公共预算收入（2019年）","http://tjj.fujian.gov.cn/tongjinianjian/dz2020/cn-en/html/2108.htm","budget_revenue",,,,,,,,,,,,,,,,"99156","24158","6022","2482",,,,,,,,,,
"2019","沙县","沙县","21-1 地区生产总值（2019年）","http://tjj.fujian.gov.cn/tongjinianjian/dz2020/cn-en/html/2101.htm","gdp","314.04","31.42","190.98","91.65","139.53","52.54","134495",,,,,,,,,,,,,,,,,,,,,,
"2019","沙县","沙县","21-13 规模以上工业增加值增速（2019年）","http://tjj.fujian.gov.cn/tongjinianjian/dz2020/cn-en/html/2113.htm","industrial_va_growth",,,,,,,,,,,,,,,,,,,,,,,,,"8.8","9","8.5",,
"2019","沙县","沙县","21-4 年末常住人口数（2019年）","http://tjj.fujian.gov.cn/tongjinianjian/dz2020/cn-en/html/2104.htm","population",,,,,,,,"23.4","15.5","7.9","66.2",,,,,,,,,,,,,,,,,,
"2019","沙县","沙县","21-18 社会消费品零售总额（2019年）","http://tjj.fujian.gov.cn/tongjinianjian/dz2020/cn-en/html/2118.htm","retail_sales",,,,,,,,,,,,,,,,,,,,,,,,,,,,"948211","10.2"
"2019","上杭县","上杭县","21-9 一般公共预算支出（2019年）","http://tjj.fujian.gov.cn/tongjinianjian/dz2020/cn-en/html/2109.htm","budget_expenditure",,,,,,,,,,,,,,,,,,,,"503896","40061","97185","41478","72066",,,,,
"2019","上杭县","上杭县","21-8 地方一般公共预算收入（2019年）","http://tjj.fujian.gov.cn/tongjinianjian/dz2020/cn-en/html/2108.htm","budget_revenue",,,,,,,,,,,,,,,,"273774","51625","35152","7226",,,,,,,,,,
"2019","上杭县","上杭县","21-1 地区生产总值（2019年）","http://tjj.fujian.gov.cn/tongjinianjian/dz2020/cn-en/html/2101.htm","gdp","402.46","55.2","171.7","175.56","94.73","76.97","107467",,,,,,,,,,,,,,,,,,,,,,
"2019","上杭县","上杭县","21-13 规模以上工业增加值增速（2019年）","http://tjj.fujian.gov.cn/tongjinianjian/dz2020/cn-en/html/2113.htm","industrial_va_growth",,,,,,,,,,,,,,,,,,,,,,,,,"10.9","-11.6","11.6",,
"2019","上杭县","上杭县","21-4 年末常住人口数（2019年）","http://tjj.fujian.gov.cn/tongjinianjian/dz2020/cn-en/html/2104.htm","population",,,,,,,,"37.4","18.4","19","49.2",,,,,,,,,,,,,,,,,,
"2019","上杭县","上杭县","21-18 社会消费品零售总额（2019年）","http://tjj.fujian.gov.cn/tongjinianjian/dz2020/cn-en/html/2118.htm","retail_sales",,,,,,,,,,,,,,,,,,,,,,,,,,,,"1619807","9.4"
"2019","邵武市","邵武市","21-9 一般公共预算支出（2019年）","http://tjj.fujian.gov.cn/tongjinianjian/dz2020/cn-en/html/2109.htm","budget_expenditure",,,,,,,,,,,,,,,,,,,,"288934","24614","60111","1710","43560",,,,,
"2019","邵武市","邵武市","21-8 地方一般公共预算收入（2019年）","http://tjj.fujian.gov.cn/tongjinianjian/dz2020/cn-en/html/2108.htm","budget_revenue",,,,,,,,,,,,,,,,"127802","37638","10460","2738",,,,,,,,,,
"2019","邵武市","邵武市","21-1 地区生产总值（2019年）","http://tjj.fujian.gov.cn/tongjinianjian/dz2020/cn-en/html/2101.htm","gdp","244.25","30.18","117.66","96.4","94.88","22.83","88018",,,,,,,,,,,,,,,,,,,,,,
"2019","邵武市","邵武市","21-13 规模以上工业增加值增速（2019年）","http://tjj.fujian.gov.cn/tongjinianjian/dz2020/cn-en/html/2113.htm","industrial_va_growth",,,,,,,,,,,,,,,,,,,,,,,,,"0.8","8.7","-9.1",,
"2019","邵武市","邵武市","21-4 年末常住人口数（2019年）","http://tjj.fujian.gov.cn/tongjinianjian/dz2020/cn-en/html/2104.htm","population",,,,,,,,"27.7","19.28","8.42","69.6",,,,,,,,,,,,,,,,,,
"2019","邵武市","邵武市","21-18 社会消费品零售总额（2019年）","http://tjj.fujian.gov.cn/tongjinianjian/dz2020/cn-en/html/2118.htm","retail_sales",,,,,,,,,,,,,,,,,,,,,,,,,,,,"1176940","11.9"
"2019","石狮市","石狮市","21-9 一般公共预算支出（2019年）","http://tjj.fujian.gov.cn/tongjinianjian/dz2020/cn-en/html/2109.htm","budget_expenditure",,,,,,,,,,,,,,,,,,,,"432758","38450","86346","10204","41988",,,,,
"2019","石狮市","石狮市","21-8 地方一般公共预算收入（2019年）","http://tjj.fujian.gov.cn/tongjinianjian/dz2020/cn-en/html/2108.htm","budget_revenue",,,,,,,,,,,,,,,,"367535","125622","36940","14080",,,,,,,,,,
"2019","石狮市","石狮市","21-1 地区生产总值（2019年）","http://tjj.fujian.gov.cn/tongjinianjian/dz2020/cn-en/html/2101.htm","gdp","917.84","25.06","429.78","463","379.63","50.31","132349",,,,,,,,,,,,,,,,,,,,,,
"2019","石狮市","石狮市","21-13 规模以上工业增加值增速（2019年）","http://tjj.fujian.gov.cn/tongjinianjian/dz2020/cn-en/html/2113.htm","industrial_va_growth",,,,,,,,,,,,,,,,,,,,,,,,,"4.7","-0.6","20.1",,
"2019","石狮市","石狮市","21-4 年末常住人口数（2019年）","http://tjj.fujian.gov.cn/tongjinianjian/dz2020/cn-en/html/2104.htm","population",,,,,,,,"69.4","55.45","13.95","79.9",,,,,,,,,,,,,,,,,,
"2019","石狮市","石狮市","21-18 社会消费品零售总额（2019年）","http://tjj.fujian.gov.cn/tongjinianjian/dz2020/cn-en/html/2118.htm","retail_sales",,,,,,,,,,,,,,,,,,,,,,,,,,,,"5594823","11.6"
"2019","寿宁县","寿宁县","21-9 一般公共预算支出（2019年）","http://tjj.fujian.gov.cn/tongjinianjian/dz2020/cn-en/html/2109.htm","budget_expenditure",,,,,,,,,,,,,,,,,,,,"209307","17070","39311","1144","35111",,,,,
"2019","寿宁县","寿宁县","21-8 地方一般公共预算收入（2019年）","http://tjj.fujian.gov.cn/tongjinianjian/dz2020/cn-en/html/2108.htm","budget_revenue",,,,,,,,,,,,,,,,"31086","12271","3845","988",,,,,,,,,,
"2019","寿宁县","寿宁县","21-1 地区生产总值（2019年）","http://tjj.fujian.gov.cn/tongjinianjian/dz2020/cn-en/html/2101.htm","gdp","100.57","16.73","40.05","43.79","24.71","15.35","55718",,,,,,,,,,,,,,,,,,,,,,
"2019","寿宁县","寿宁县","21-13 规模以上工业增加值增速（2019年）","http://tjj.fujian.gov.cn/tongjinianjian/dz2020/cn-en/html/2113.htm","industrial_va_growth",,,,,,,,,,,,,,,,,,,,,,,,,"12.3","-4","25",,
"2019","寿宁县","寿宁县","21-4 年末常住人口数（2019年）","http://tjj.fujian.gov.cn/tongjinianjian/dz2020/cn-en/html/2104.htm","population",,,,,,,,"17.9","8.88","9.02","49.6",,,,,,,,,,,,,,,,,,
"2019","寿宁县","寿宁县","21-18 社会消费品零售总额（2019年）","http://tjj.fujian.gov.cn/tongjinianjian/dz2020/cn-en/html/2118.htm","retail_sales",,,,,,,,,,,,,,,,,,,,,,,,,,,,"313579","11.4"
"2019","顺昌县","顺昌县","21-9 一般公共预算支出（2019年）","http://tjj.fujian.gov.cn/tongjinianjian/dz2020/cn-en/html/2109.htm","budget_expenditure",,,,,,,,,,,,,,,,,,,,"218210","22051","39098","2147","38060",,,,,
"2019","顺昌县","顺昌县","21-8 地方一般公共预算收入（2019年）","http://tjj.fujian.gov.cn/tongjinianjian/dz2020/cn-en/html/2108.htm","budget_revenue",,,,,,,,,,,,,,,,"54930","22134","3669","722",,,,,,,,,,
"2019","顺昌县","顺昌县","21-1 地区生产总值（2019年）","http://tjj.fujian.gov.cn/tongjinianjian/dz2020/cn-en/html/2101.htm","gdp","133.18","20.74","56.74","55.7","48.49","8.28","69362",,,,,,,,,,,,,,,,,,,,,,
"2019","顺昌县","顺昌县","21-13 规模以上工业增加值增速（2019年）","http://tjj.fujian.gov.cn/tongjinianjian/dz2020/cn-en/html/2113.htm","industrial_va_growth",,,,,,,,,,,,,,,,,,,,,,,,,"8.1","13.2","5.7",,
"2019","顺昌县","顺昌县","21-4 年末常住人口数（2019年）","http://tjj.fujian.gov.cn/tongjinianjian/dz2020/cn-en/html/2104.htm","population",,,,,,,,"19.2","9.85","9.35","51.3",,,,,,,,,,,,,,,,,,
"2019","顺昌县","顺昌县","21-18 社会消费品零售总额（2019年）","http://tjj.fujian.gov.cn/tongjinianjian/dz2020/cn-en/html/2118.htm","retail_sales",,,,,,,,,,,,,,,,,,,,,,,,,,,,"328050","10.3"
"2019","思明区","思明区","21-9 一般公共预算支出（2019年）","http://tjj.fujian.gov.cn/tongjinianjian/dz2020/cn-en/html/2109.htm","budget_expenditure",,,,,,,,,,,,,,,,,,,,"1003757","78536","229409","38100","1378",,,,,
"2019","思明区","思明区","21-8 地方一般公共预算收入（2019年）","http://tjj.fujian.gov.cn/tongjinianjian/dz2020/cn-en/html/2108.htm","budget_revenue",,,,,,,,,,,,,,,,"586246","154760","99934","124777",,,,,,,,,,
"2019","思明区","思明区","21-1 地区生产总值（2019年）","http://tjj.fujian.gov.cn/tongjinianjian/dz2020/cn-en/html/2101.htm","gdp","1896.46","2.69","313.5","1580.27","82.01","231.49","186110",,,,,,,,,,,,,,,,,,,,,,
"2019","思明区","思明区","21-13 规模以上工业增加值增速（2019年）","http://tjj.fujian.gov.cn/tongjinianjian/dz2020/cn-en/html/2113.htm","industrial_va_growth",,,,,,,,,,,,,,,,,,,,,,,,,"5.1","-0.4","6.2",,
"2019","思明区","思明区","21-4 年末常住人口数（2019年）","http://tjj.fujian.gov.cn/tongjinianjian/dz2020/cn-en/html/2104.htm","population",,,,,,,,"102.3","102.3",,"100",,,,,,,,,,,,,,,,,,
"2019","思明区","思明区","21-18 社会消费品零售总额（2019年）","http://tjj.fujian.gov.cn/tongjinianjian/dz2020/cn-en/html/2118.htm","retail_sales",,,,,,,,,,,,,,,,,,,,,,,,,,,,"8179500","13.5"
"2019","松溪县","松溪县","21-9 一般公共预算支出（2019年）","http://tjj.fujian.gov.cn/tongjinianjian/dz2020/cn-en/html/2109.htm","budget_expenditure",,,,,,,,,,,,,,,,,,,,"156810","15000","29147","1998","24472",,,,,
"2019","松溪县","松溪县","21-8 地方一般公共预算收入（2019年）","http://tjj.fujian.gov.cn/tongjinianjian/dz2020/cn-en/html/2108.htm","budget_revenue",,,,,,,,,,,,,,,,"27441","8038","1870","452",,,,,,,,,,
"2019","松溪县","松溪县","21-1 地区生产总值（2019年）","http://tjj.fujian.gov.cn/tongjinianjian/dz2020/cn-en/html/2101.htm","gdp","81.54","14.11","33","34.43","22.18","10.83","66292",,,,,,,,,,,,,,,,,,,,,,
"2019","松溪县","松溪县","21-13 规模以上工业增加值增速（2019年）","http://tjj.fujian.gov.cn/tongjinianjian/dz2020/cn-en/html/2113.htm","industrial_va_growth",,,,,,,,,,,,,,,,,,,,,,,,,"7.8","7.3","9",,
"2019","松溪县","松溪县","21-4 年末常住人口数（2019年）","http://tjj.fujian.gov.cn/tongjinianjian/dz2020/cn-en/html/2104.htm","population",,,,,,,,"12.3","5.99","6.31","48.7",,,,,,,,,,,,,,,,,,
"2019","松溪县","松溪县","21-18 社会消费品零售总额（2019年）","http://tjj.fujian.gov.cn/tongjinianjian/dz2020/cn-en/html/2118.htm","retail_sales",,,,,,,,,,,,,,,,,,,,,,,,,,,,"352764","11.7"
"2019","台江区","台江区","21-9 一般公共预算支出（2019年）","http://tjj.fujian.gov.cn/tongjinianjian/dz2020/cn-en/html/2109.htm","budget_expenditure",,,,,,,,,,,,,,,,,,,,"211978","29419","61532","5280","3865",,,,,
"2019","台江区","台江区","21-8 地方一般公共预算收入（2019年）","http://tjj.fujian.gov.cn/tongjinianjian/dz2020/cn-en/html/2108.htm","budget_revenue",,,,,,,,,,,,,,,,"170946","47451","34437",,,,,,,,,,,
"2019","台江区","台江区","21-1 地区生产总值（2019年）","http://tjj.fujian.gov.cn/tongjinianjian/dz2020/cn-en/html/2101.htm","gdp","538.6",,"87.55","451.05","5.82","81.96","111511",,,,,,,,,,,,,,,,,,,,,,
"2019","台江区","台江区","21-13 规模以上工业增加值增速（2019年）","http://tjj.fujian.gov.cn/tongjinianjian/dz2020/cn-en/html/2113.htm","industrial_va_growth",,,,,,,,,,,,,,,,,,,,,,,,,"5","2.2","8.2",,
"2019","台江区","台江区","21-4 年末常住人口数（2019年）","http://tjj.fujian.gov.cn/tongjinianjian/dz2020/cn-en/html/2104.htm","population",,,,,,,,"48","48",,"100",,,,,,,,,,,,,,,,,,
"2019","台江区","台江区","21-18 社会消费品零售总额（2019年）","http://tjj.fujian.gov.cn/tongjinianjian/dz2020/cn-en/html/2118.htm","retail_sales",,,,,,,,,,,,,,,,,,,,,,,,,,,,"2369600","12.1"
"2019","泰宁县","泰宁县","21-9 一般公共预算支出（2019年）","http://tjj.fujian.gov.cn/tongjinianjian/dz2020/cn-en/html/2109.htm","budget_expenditure",,,,,,,,,,,,,,,,,,,,"170666","14990","26683","793","34216",,,,,
"2019","泰宁县","泰宁县","21-8 地方一般公共预算收入（2019年）","http://tjj.fujian.gov.cn/tongjinianjian/dz2020/cn-en/html/2108.htm","budget_revenue",,,,,,,,,,,,,,,,"27052","6102","2199","460",,,,,,,,,,
"2019","泰宁县","泰宁县","21-1 地区生产总值（2019年）","http://tjj.fujian.gov.cn/tongjinianjian/dz2020/cn-en/html/2101.htm","gdp","99.51","14.51","49.75","35.26","30.4","19.47","86160",,,,,,,,,,,,,,,,,,,,,,
"2019","泰宁县","泰宁县","21-13 规模以上工业增加值增速（2019年）","http://tjj.fujian.gov.cn/tongjinianjian/dz2020/cn-en/html/2113.htm","industrial_va_growth",,,,,,,,,,,,,,,,,,,,,,,,,"8.5","9.2","7.9",,
"2019","泰宁县","泰宁县","21-4 年末常住人口数（2019年）","http://tjj.fujian.gov.cn/tongjinianjian/dz2020/cn-en/html/2104.htm","population",,,,,,,,"11.6","6.07","5.53","52.3",,,,,,,,,,,,,,,,,,
"2019","泰宁县","泰宁县","21-18 社会消费品零售总额（2019年）","http://tjj.fujian.gov.cn/tongjinianjian/dz2020/cn-en/html/2118.htm","retail_sales",,,,,,,,,,,,,,,,,,,,,,,,,,,,"312017","4.8"
"2019","同安区","同安区","21-9 一般公共预算支出（2019年）","http://tjj.fujian.gov.cn/tongjinianjian/dz2020/cn-en/html/2109.htm","budget_expenditure",,,,,,,,,,,,,,,,,,,,"646202","41757","173373","62283","42642",,,,,
"2019","同安区","同安区","21-8 地方一般公共预算收入（2019年）","http://tjj.fujian.gov.cn/tongjinianjian/dz2020/cn-en/html/2108.htm","budget_revenue",,,,,,,,,,,,,,,,"256692","77109","42781","13791",,,,,,,,,,
"2019","同安区","同安区","21-1 地区生产总值（2019年）","http://tjj.fujian.gov.cn/tongjinianjian/dz2020/cn-en/html/2101.htm","gdp","551.23","10.46","298.72","242.05","279.72","19","86535",,,,,,,,,,,,,,,,,,,,,,
"2019","同安区","同安区","21-13 规模以上工业增加值增速（2019年）","http://tjj.fujian.gov.cn/tongjinianjian/dz2020/cn-en/html/2113.htm","industrial_va_growth",,,,,,,,,,,,,,,,,,,,,,,,,"6","10",,,
"2019","同安区","同安区","21-4 年末常住人口数（2019年）","http://tjj.fujian.gov.cn/tongjinianjian/dz2020/cn-en/html/2104.htm","population",,,,,,,,"66.3","47.87","18.43","72.2",,,,,,,,,,,,,,,,,,
"2019","同安区","同安区","21-18 社会消费品零售总额（2019年）","http://tjj.fujian.gov.cn/tongjinianjian/dz2020/cn-en/html/2118.htm","retail_sales",,,,,,,,,,,,,,,,,,,,,,,,,,,,"3650540","8.7"
"2019","武平县","武平县","21-9 一般公共预算支出（2019年）","http://tjj.fujian.gov.cn/tongjinianjian/dz2020/cn-en/html/2109.htm","budget_expenditure",,,,,,,,,,,,,,,,,,,,"329565","32455","71530","17264","70689",,,,,
"2019","武平县","武平县","21-8 地方一般公共预算收入（2019年）","http://tjj.fujian.gov.cn/tongjinianjian/dz2020/cn-en/html/2108.htm","budget_revenue",,,,,,,,,,,,,,,,"96033","23077","11858","1980",,,,,,,,,,
"2019","武平县","武平县","21-1 地区生产总值（2019年）","http://tjj.fujian.gov.cn/tongjinianjian/dz2020/cn-en/html/2101.htm","gdp","255.49","37.08","110.75","107.66","71.32","39.43","92400",,,,,,,,,,,,,,,,,,,,,,
"2019","武平县","武平县","21-13 规模以上工业增加值增速（2019年）","http://tjj.fujian.gov.cn/tongjinianjian/dz2020/cn-en/html/2113.htm","industrial_va_growth",,,,,,,,,,,,,,,,,,,,,,,,,"9.3","6.8","10.5",,
"2019","武平县","武平县","21-4 年末常住人口数（2019年）","http://tjj.fujian.gov.cn/tongjinianjian/dz2020/cn-en/html/2104.htm","population",,,,,,,,"27.6","14.13","13.47","51.2",,,,,,,,,,,,,,,,,,
"2019","武平县","武平县","21-18 社会消费品零售总额（2019年）","http://tjj.fujian.gov.cn/tongjinianjian/dz2020/cn-en/html/2118.htm","retail_sales",,,,,,,,,,,,,,,,,,,,,,,,,,,,"1380257","13.8"
"2019","武夷山市","武夷山市","21-9 一般公共预算支出（2019年）","http://tjj.fujian.gov.cn/tongjinianjian/dz2020/cn-en/html/2109.htm","budget_expenditure",,,,,,,,,,,,,,,,,,,,"277761","21642","42666","2341","60690",,,,,
"2019","武夷山市","武夷山市","21-8 地方一般公共预算收入（2019年）","http://tjj.fujian.gov.cn/tongjinianjian/dz2020/cn-en/html/2108.htm","budget_revenue",,,,,,,,,,,,,,,,"90399","23952","4944","3264",,,,,,,,,,
"2019","武夷山市","武夷山市","21-1 地区生产总值（2019年）","http://tjj.fujian.gov.cn/tongjinianjian/dz2020/cn-en/html/2101.htm","gdp","207.12","27.76","82.09","97.26","64.78","17.32","87024",,,,,,,,,,,,,,,,,,,,,,
"2019","武夷山市","武夷山市","21-13 规模以上工业增加值增速（2019年）","http://tjj.fujian.gov.cn/tongjinianjian/dz2020/cn-en/html/2113.htm","industrial_va_growth",,,,,,,,,,,,,,,,,,,,,,,,,"7.6","8.2","0.1",,
"2019","武夷山市","武夷山市","21-4 年末常住人口数（2019年）","http://tjj.fujian.gov.cn/tongjinianjian/dz2020/cn-en/html/2104.htm","population",,,,,,,,"23.8","14.04","9.76","59",,,,,,,,,,,,,,,,,,
"2019","武夷山市","武夷山市","21-18 社会消费品零售总额（2019年）","http://tjj.fujian.gov.cn/tongjinianjian/dz2020/cn-en/html/2118.htm","retail_sales",,,,,,,,,,,,,,,,,,,,,,,,,,,,"668428","10.1"
"2019","霞浦县","霞浦县","21-9 一般公共预算支出（2019年）","http://tjj.fujian.gov.cn/tongjinianjian/dz2020/cn-en/html/2109.htm","budget_expenditure",,,,,,,,,,,,,,,,,,,,"378853","31333","78568","738","83623",,,,,
"2019","霞浦县","霞浦县","21-8 地方一般公共预算收入（2019年）","http://tjj.fujian.gov.cn/tongjinianjian/dz2020/cn-en/html/2108.htm","budget_revenue",,,,,,,,,,,,,,,,"87113","25482","7610","1915",,,,,,,,,,
"2019","霞浦县","霞浦县","21-1 地区生产总值（2019年）","http://tjj.fujian.gov.cn/tongjinianjian/dz2020/cn-en/html/2101.htm","gdp","254.61","67.44","70.11","117.06","52.71","17.64","54462",,,,,,,,,,,,,,,,,,,,,,
"2019","霞浦县","霞浦县","21-13 规模以上工业增加值增速（2019年）","http://tjj.fujian.gov.cn/tongjinianjian/dz2020/cn-en/html/2113.htm","industrial_va_growth",,,,,,,,,,,,,,,,,,,,,,,,,"-13","-16.4","-3",,
"2019","霞浦县","霞浦县","21-4 年末常住人口数（2019年）","http://tjj.fujian.gov.cn/tongjinianjian/dz2020/cn-en/html/2104.htm","population",,,,,,,,"46.7","23.02","23.68","49.3",,,,,,,,,,,,,,,,,,
"2019","霞浦县","霞浦县","21-18 社会消费品零售总额（2019年）","http://tjj.fujian.gov.cn/tongjinianjian/dz2020/cn-en/html/2118.htm","retail_sales",,,,,,,,,,,,,,,,,,,,,,,,,,,,"992497","10.6"
"2019","仙游县","仙游县","21-9 一般公共预算支出（2019年）","http://tjj.fujian.gov.cn/tongjinianjian/dz2020/cn-en/html/2109.htm","budget_expenditure",,,,,,,,,,,,,,,,,,,,"566535","42724","146494","1069","81505",,,,,
"2019","仙游县","仙游县","21-8 地方一般公共预算收入（2019年）","http://tjj.fujian.gov.cn/tongjinianjian/dz2020/cn-en/html/2108.htm","budget_revenue",,,,,,,,,,,,,,,,"262014","79053","18956","17196",,,,,,,,,,
"2019","仙游县","仙游县","21-1 地区生产总值（2019年）","http://tjj.fujian.gov.cn/tongjinianjian/dz2020/cn-en/html/2101.htm","gdp","533.52","20.83","288.85","223.85","248.62","40.83","61679",,,,,,,,,,,,,,,,,,,,,,
"2019","仙游县","仙游县","21-13 规模以上工业增加值增速（2019年）","http://tjj.fujian.gov.cn/tongjinianjian/dz2020/cn-en/html/2113.htm","industrial_va_growth",,,,,,,,,,,,,,,,,,,,,,,,,"8.2","4.4","19.5",,
"2019","仙游县","仙游县","21-4 年末常住人口数（2019年）","http://tjj.fujian.gov.cn/tongjinianjian/dz2020/cn-en/html/2104.htm","population",,,,,,,,"86.7","43.44","43.26","50.1",,,,,,,,,,,,,,,,,,
"2019","仙游县","仙游县","21-18 社会消费品零售总额（2019年）","http://tjj.fujian.gov.cn/tongjinianjian/dz2020/cn-en/html/2118.htm","retail_sales",,,,,,,,,,,,,,,,,,,,,,,,,,,,"3619775","10.2"
"2019","芗城区","芗城区","21-9 一般公共预算支出（2019年）","http://tjj.fujian.gov.cn/tongjinianjian/dz2020/cn-en/html/2109.htm","budget_expenditure",,,,,,,,,,,,,,,,,,,,"259006","31574","48351","5521","12541",,,,,
"2019","芗城区","芗城区","21-8 地方一般公共预算收入（2019年）","http://tjj.fujian.gov.cn/tongjinianjian/dz2020/cn-en/html/2108.htm","budget_revenue",,,,,,,,,,,,,,,,"160635","61862","18330","7541",,,,,,,,,,
"2019","芗城区","芗城区","21-1 地区生产总值（2019年）","http://tjj.fujian.gov.cn/tongjinianjian/dz2020/cn-en/html/2101.htm","gdp","771.36","11.21","335.27","424.87","250.04","85.23","128271",,,,,,,,,,,,,,,,,,,,,,
"2019","芗城区","芗城区","21-13 规模以上工业增加值增速（2019年）","http://tjj.fujian.gov.cn/tongjinianjian/dz2020/cn-en/html/2113.htm","industrial_va_growth",,,,,,,,,,,,,,,,,,,,,,,,,"9.1","-7.8","15.5",,
"2019","芗城区","芗城区","21-4 年末常住人口数（2019年）","http://tjj.fujian.gov.cn/tongjinianjian/dz2020/cn-en/html/2104.htm","population",,,,,,,,"60.23","54.93","5.3","91.2",,,,,,,,,,,,,,,,,,
"2019","芗城区","芗城区","21-18 社会消费品零售总额（2019年）","http://tjj.fujian.gov.cn/tongjinianjian/dz2020/cn-en/html/2118.htm","retail_sales",,,,,,,,,,,,,,,,,,,,,,,,,,,,"3244944","10"
"2019","翔安区","翔安区","21-9 一般公共预算支出（2019年）","http://tjj.fujian.gov.cn/tongjinianjian/dz2020/cn-en/html/2109.htm","budget_expenditure",,,,,,,,,,,,,,,,,,,,"519428","59250","139766","5619","20365",,,,,
"2019","翔安区","翔安区","21-8 地方一般公共预算收入（2019年）","http://tjj.fujian.gov.cn/tongjinianjian/dz2020/cn-en/html/2108.htm","budget_revenue",,,,,,,,,,,,,,,,"208952","50634","29224","6284",,,,,,,,,,
"2019","翔安区","翔安区","21-1 地区生产总值（2019年）","http://tjj.fujian.gov.cn/tongjinianjian/dz2020/cn-en/html/2101.htm","gdp","663.83","8.71","465.23","189.89","406.34","58.89","167634",,,,,,,,,,,,,,,,,,,,,,
"2019","翔安区","翔安区","21-13 规模以上工业增加值增速（2019年）","http://tjj.fujian.gov.cn/tongjinianjian/dz2020/cn-en/html/2113.htm","industrial_va_growth",,,,,,,,,,,,,,,,,,,,,,,,,"10.4","11.5","10.2",,
"2019","翔安区","翔安区","21-4 年末常住人口数（2019年）","http://tjj.fujian.gov.cn/tongjinianjian/dz2020/cn-en/html/2104.htm","population",,,,,,,,"41.4","26.16","15.24","63.2",,,,,,,,,,,,,,,,,,
"2019","翔安区","翔安区","21-18 社会消费品零售总额（2019年）","http://tjj.fujian.gov.cn/tongjinianjian/dz2020/cn-en/html/2118.htm","retail_sales",,,,,,,,,,,,,,,,,,,,,,,,,,,,"1185697","12.5"
"2019","新罗区","新罗区","21-9 一般公共预算支出（2019年）","http://tjj.fujian.gov.cn/tongjinianjian/dz2020/cn-en/html/2109.htm","budget_expenditure",,,,,,,,,,,,,,,,,,,,"458178","44820","125746","32211","61089",,,,,
"2019","新罗区","新罗区","21-8 地方一般公共预算收入（2019年）","http://tjj.fujian.gov.cn/tongjinianjian/dz2020/cn-en/html/2108.htm","budget_revenue",,,,,,,,,,,,,,,,"243513","69475","23499","5490",,,,,,,,,,
"2019","新罗区","新罗区","21-1 地区生产总值（2019年）","http://tjj.fujian.gov.cn/tongjinianjian/dz2020/cn-en/html/2101.htm","gdp","946.5","49.05","463.18","434.27","356.94","106.24","128165",,,,,,,,,,,,,,,,,,,,,,
"2019","新罗区","新罗区","21-13 规模以上工业增加值增速（2019年）","http://tjj.fujian.gov.cn/tongjinianjian/dz2020/cn-en/html/2113.htm","industrial_va_growth",,,,,,,,,,,,,,,,,,,,,,,,,"7.6","7.2","7.9",,
"2019","新罗区","新罗区","21-4 年末常住人口数（2019年）","http://tjj.fujian.gov.cn/tongjinianjian/dz2020/cn-en/html/2104.htm","population",,,,,,,,"74.2","56.39","17.81","76",,,,,,,,,,,,,,,,,,
"2019","新罗区","新罗区","21-18 社会消费品零售总额（2019年）","http://tjj.fujian.gov.cn/tongjinianjian/dz2020/cn-en/html/2118.htm","retail_sales",,,,,,,,,,,,,,,,,,,,,,,,,,,,"4988982","3.9"
"2019","秀屿区","秀屿区","21-9 一般公共预算支出（2019年）","http://tjj.fujian.gov.cn/tongjinianjian/dz2020/cn-en/html/2109.htm","budget_expenditure",,,,,,,,,,,,,,,,,,,,"321349","45246","103435","1132","36551",,,,,
"2019","秀屿区","秀屿区","21-8 地方一般公共预算收入（2019年）","http://tjj.fujian.gov.cn/tongjinianjian/dz2020/cn-en/html/2108.htm","budget_revenue",,,,,,,,,,,,,,,,"209746","78143","23457","2879",,,,,,,,,,
"2019","秀屿区","秀屿区","21-1 地区生产总值（2019年）","http://tjj.fujian.gov.cn/tongjinianjian/dz2020/cn-en/html/2101.htm","gdp","475.22","59.94","242.69","172.59","193.07","50.05","79869",,,,,,,,,,,,,,,,,,,,,,
"2019","秀屿区","秀屿区","21-13 规模以上工业增加值增速（2019年）","http://tjj.fujian.gov.cn/tongjinianjian/dz2020/cn-en/html/2113.htm","industrial_va_growth",,,,,,,,,,,,,,,,,,,,,,,,,"10.9","9.4","12.1",,
"2019","秀屿区","秀屿区","21-4 年末常住人口数（2019年）","http://tjj.fujian.gov.cn/tongjinianjian/dz2020/cn-en/html/2104.htm","population",,,,,,,,"59.6","28.19","31.41","47.3",,,,,,,,,,,,,,,,,,
"2019","秀屿区","秀屿区","21-18 社会消费品零售总额（2019年）","http://tjj.fujian.gov.cn/tongjinianjian/dz2020/cn-en/html/2118.htm","retail_sales",,,,,,,,,,,,,,,,,,,,,,,,,,,,"1221254","7.3"
"2019","延平区","延平区","21-9 一般公共预算支出（2019年）","http://tjj.fujian.gov.cn/tongjinianjian/dz2020/cn-en/html/2109.htm","budget_expenditure",,,,,,,,,,,,,,,,,,,,"247210","18412","53166","2793","46423",,,,,
"2019","延平区","延平区","21-8 地方一般公共预算收入（2019年）","http://tjj.fujian.gov.cn/tongjinianjian/dz2020/cn-en/html/2108.htm","budget_revenue",,,,,,,,,,,,,,,,"72854","26254","9354","1993",,,,,,,,,,
"2019","延平区","延平区","21-1 地区生产总值（2019年）","http://tjj.fujian.gov.cn/tongjinianjian/dz2020/cn-en/html/2101.htm","gdp","405.83","34.6","173.9","197.33","82.84","91.15","86072",,,,,,,,,,,,,,,,,,,,,,
"2019","延平区","延平区","21-13 规模以上工业增加值增速（2019年）","http://tjj.fujian.gov.cn/tongjinianjian/dz2020/cn-en/html/2113.htm","industrial_va_growth",,,,,,,,,,,,,,,,,,,,,,,,,"6.7","14.9","2.1",,
"2019","延平区","延平区","21-4 年末常住人口数（2019年）","http://tjj.fujian.gov.cn/tongjinianjian/dz2020/cn-en/html/2104.htm","population",,,,,,,,"47","32.38","14.62","68.9",,,,,,,,,,,,,,,,,,
"2019","延平区","延平区","21-18 社会消费品零售总额（2019年）","http://tjj.fujian.gov.cn/tongjinianjian/dz2020/cn-en/html/2118.htm","retail_sales",,,,,,,,,,,,,,,,,,,,,,,,,,,,"1090231","11.6"
"2019","永安市","永安市","21-9 一般公共预算支出（2019年）","http://tjj.fujian.gov.cn/tongjinianjian/dz2020/cn-en/html/2109.htm","budget_expenditure",,,,,,,,,,,,,,,,,,,,"325338","57105","72152","6115","41131",,,,,
"2019","永安市","永安市","21-8 地方一般公共预算收入（2019年）","http://tjj.fujian.gov.cn/tongjinianjian/dz2020/cn-en/html/2108.htm","budget_revenue",,,,,,,,,,,,,,,,"182449","51799","19378","2676",,,,,,,,,,
"2019","永安市","永安市","21-1 地区生产总值（2019年）","http://tjj.fujian.gov.cn/tongjinianjian/dz2020/cn-en/html/2101.htm","gdp","431.65","35.93","264.93","130.8","220.67","44.75","120742",,,,,,,,,,,,,,,,,,,,,,
"2019","永安市","永安市","21-13 规模以上工业增加值增速（2019年）","http://tjj.fujian.gov.cn/tongjinianjian/dz2020/cn-en/html/2113.htm","industrial_va_growth",,,,,,,,,,,,,,,,,,,,,,,,,"9.1","11.1","4.3",,
"2019","永安市","永安市","21-4 年末常住人口数（2019年）","http://tjj.fujian.gov.cn/tongjinianjian/dz2020/cn-en/html/2104.htm","population",,,,,,,,"35.8","25.2","10.6","70.4",,,,,,,,,,,,,,,,,,
"2019","永安市","永安市","21-18 社会消费品零售总额（2019年）","http://tjj.fujian.gov.cn/tongjinianjian/dz2020/cn-en/html/2118.htm","retail_sales",,,,,,,,,,,,,,,,,,,,,,,,,,,,"1256195","7.8"
"2019","永春县","永春县","21-9 一般公共预算支出（2019年）","http://tjj.fujian.gov.cn/tongjinianjian/dz2020/cn-en/html/2109.htm","budget_expenditure",,,,,,,,,,,,,,,,,,,,"333014","31379","87048","3488","47093",,,,,
"2019","永春县","永春县","21-8 地方一般公共预算收入（2019年）","http://tjj.fujian.gov.cn/tongjinianjian/dz2020/cn-en/html/2108.htm","budget_revenue",,,,,,,,,,,,,,,,"122700","45199","11206","2152",,,,,,,,,,
"2019","永春县","永春县","21-1 地区生产总值（2019年）","http://tjj.fujian.gov.cn/tongjinianjian/dz2020/cn-en/html/2101.htm","gdp","484.1","25.17","305.58","153.35","269.18","36.49","103439",,,,,,,,,,,,,,,,,,,,,,
"2019","永春县","永春县","21-13 规模以上工业增加值增速（2019年）","http://tjj.fujian.gov.cn/tongjinianjian/dz2020/cn-en/html/2113.htm","industrial_va_growth",,,,,,,,,,,,,,,,,,,,,,,,,"11","10.9","11.2",,
"2019","永春县","永春县","21-4 年末常住人口数（2019年）","http://tjj.fujian.gov.cn/tongjinianjian/dz2020/cn-en/html/2104.htm","population",,,,,,,,"46.8","28.17","18.63","60.2",,,,,,,,,,,,,,,,,,
"2019","永春县","永春县","21-18 社会消费品零售总额（2019年）","http://tjj.fujian.gov.cn/tongjinianjian/dz2020/cn-en/html/2118.htm","retail_sales",,,,,,,,,,,,,,,,,,,,,,,,,,,,"1735040","10"
"2019","永定县","永定区","21-9 一般公共预算支出（2019年）","http://tjj.fujian.gov.cn/tongjinianjian/dz2020/cn-en/html/2109.htm","budget_expenditure",,,,,,,,,,,,,,,,,,,,"291505","23985","76213","4186","50466",,,,,
"2019","永定县","永定区","21-8 地方一般公共预算收入（2019年）","http://tjj.fujian.gov.cn/tongjinianjian/dz2020/cn-en/html/2108.htm","budget_revenue",,,,,,,,,,,,,,,,"108694","30049","11987","2521",,,,,,,,,,
"2019","永定县","永定区","21-1 地区生产总值（2019年）","http://tjj.fujian.gov.cn/tongjinianjian/dz2020/cn-en/html/2101.htm","gdp","267.05","35.78","108.88","122.39","60.71","48.17","73975",,,,,,,,,,,,,,,,,,,,,,
"2019","永定县","永定区","21-13 规模以上工业增加值增速（2019年）","http://tjj.fujian.gov.cn/tongjinianjian/dz2020/cn-en/html/2113.htm","industrial_va_growth",,,,,,,,,,,,,,,,,,,,,,,,,"3.5","-12.7","8.4",,
"2019","永定县","永定区","21-4 年末常住人口数（2019年）","http://tjj.fujian.gov.cn/tongjinianjian/dz2020/cn-en/html/2104.htm","population",,,,,,,,"36","17.6","18.4","48.9",,,,,,,,,,,,,,,,,,
"2019","永定县","永定区","21-18 社会消费品零售总额（2019年）","http://tjj.fujian.gov.cn/tongjinianjian/dz2020/cn-en/html/2118.htm","retail_sales",,,,,,,,,,,,,,,,,,,,,,,,,,,,"1312656","9.5"
"2019","永泰县","永泰县","21-9 一般公共预算支出（2019年）","http://tjj.fujian.gov.cn/tongjinianjian/dz2020/cn-en/html/2109.htm","budget_expenditure",,,,,,,,,,,,,,,,,,,,"316190","35011","66830","1305","61410",,,,,
"2019","永泰县","永泰县","21-8 地方一般公共预算收入（2019年）","http://tjj.fujian.gov.cn/tongjinianjian/dz2020/cn-en/html/2108.htm","budget_revenue",,,,,,,,,,,,,,,,"122908","37940","21687","6013",,,,,,,,,,
"2019","永泰县","永泰县","21-1 地区生产总值（2019年）","http://tjj.fujian.gov.cn/tongjinianjian/dz2020/cn-en/html/2101.htm","gdp","282.62","52.94","134.43","95.25","21.69","112.8","111048",,,,,,,,,,,,,,,,,,,,,,
"2019","永泰县","永泰县","21-13 规模以上工业增加值增速（2019年）","http://tjj.fujian.gov.cn/tongjinianjian/dz2020/cn-en/html/2113.htm","industrial_va_growth",,,,,,,,,,,,,,,,,,,,,,,,,"8","10.2","4.8",,
"2019","永泰县","永泰县","21-4 年末常住人口数（2019年）","http://tjj.fujian.gov.cn/tongjinianjian/dz2020/cn-en/html/2104.htm","population",,,,,,,,"25.5","10.74","14.76","42.1",,,,,,,,,,,,,,,,,,
"2019","永泰县","永泰县","21-18 社会消费品零售总额（2019年）","http://tjj.fujian.gov.cn/tongjinianjian/dz2020/cn-en/html/2118.htm","retail_sales",,,,,,,,,,,,,,,,,,,,,,,,,,,,"427797","11.5"
"2019","尤溪县","尤溪县","21-9 一般公共预算支出（2019年）","http://tjj.fujian.gov.cn/tongjinianjian/dz2020/cn-en/html/2109.htm","budget_expenditure",,,,,,,,,,,,,,,,,,,,"303687","22048","75358","821","61263",,,,,
"2019","尤溪县","尤溪县","21-8 地方一般公共预算收入（2019年）","http://tjj.fujian.gov.cn/tongjinianjian/dz2020/cn-en/html/2108.htm","budget_revenue",,,,,,,,,,,,,,,,"81209","26024","5237","2052",,,,,,,,,,
"2019","尤溪县","尤溪县","21-1 地区生产总值（2019年）","http://tjj.fujian.gov.cn/tongjinianjian/dz2020/cn-en/html/2101.htm","gdp","215.05","50.19","84.45","80.42","71.39","13.36","59325",,,,,,,,,,,,,,,,,,,,,,
"2019","尤溪县","尤溪县","21-13 规模以上工业增加值增速（2019年）","http://tjj.fujian.gov.cn/tongjinianjian/dz2020/cn-en/html/2113.htm","industrial_va_growth",,,,,,,,,,,,,,,,,,,,,,,,,"8.5","15.5","6.1",,
"2019","尤溪县","尤溪县","21-4 年末常住人口数（2019年）","http://tjj.fujian.gov.cn/tongjinianjian/dz2020/cn-en/html/2104.htm","population",,,,,,,,"36.3","17.2","19.1","47.4",,,,,,,,,,,,,,,,,,
"2019","尤溪县","尤溪县","21-18 社会消费品零售总额（2019年）","http://tjj.fujian.gov.cn/tongjinianjian/dz2020/cn-en/html/2118.htm","retail_sales",,,,,,,,,,,,,,,,,,,,,,,,,,,,"655118","9.5"
"2019","云霄县","云霄县","21-9 一般公共预算支出（2019年）","http://tjj.fujian.gov.cn/tongjinianjian/dz2020/cn-en/html/2109.htm","budget_expenditure",,,,,,,,,,,,,,,,,,,,"264443","22482","70165","1565","35521",,,,,
"2019","云霄县","云霄县","21-8 地方一般公共预算收入（2019年）","http://tjj.fujian.gov.cn/tongjinianjian/dz2020/cn-en/html/2108.htm","budget_revenue",,,,,,,,,,,,,,,,"67748","15376","7321","2176",,,,,,,,,,
"2019","云霄县","云霄县","21-1 地区生产总值（2019年）","http://tjj.fujian.gov.cn/tongjinianjian/dz2020/cn-en/html/2101.htm","gdp","260.72","37.32","124.3","99.09","109.52","14.78","62068",,,,,,,,,,,,,,,,,,,,,,
"2019","云霄县","云霄县","21-13 规模以上工业增加值增速（2019年）","http://tjj.fujian.gov.cn/tongjinianjian/dz2020/cn-en/html/2113.htm","industrial_va_growth",,,,,,,,,,,,,,,,,,,,,,,,,"5.2","1","10.3",,
"2019","云霄县","云霄县","21-4 年末常住人口数（2019年）","http://tjj.fujian.gov.cn/tongjinianjian/dz2020/cn-en/html/2104.htm","population",,,,,,,,"41.23","21.73","19.5","52.7",,,,,,,,,,,,,,,,,,
"2019","云霄县","云霄县","21-18 社会消费品零售总额（2019年）","http://tjj.fujian.gov.cn/tongjinianjian/dz2020/cn-en/html/2118.htm","retail_sales",,,,,,,,,,,,,,,,,,,,,,,,,,,,"1317119","11.4"
"2019","漳平市","漳平市","21-9 一般公共预算支出（2019年）","http://tjj.fujian.gov.cn/tongjinianjian/dz2020/cn-en/html/2109.htm","budget_expenditure",,,,,,,,,,,,,,,,,,,,"246869","26462","61556","5506","40750",,,,,
"2019","漳平市","漳平市","21-8 地方一般公共预算收入（2019年）","http://tjj.fujian.gov.cn/tongjinianjian/dz2020/cn-en/html/2108.htm","budget_revenue",,,,,,,,,,,,,,,,"90804","32719","10148","2144",,,,,,,,,,
"2019","漳平市","漳平市","21-1 地区生产总值（2019年）","http://tjj.fujian.gov.cn/tongjinianjian/dz2020/cn-en/html/2101.htm","gdp","259.05","35.22","113.36","110.47","80.75","32.61","107269",,,,,,,,,,,,,,,,,,,,,,
"2019","漳平市","漳平市","21-13 规模以上工业增加值增速（2019年）","http://tjj.fujian.gov.cn/tongjinianjian/dz2020/cn-en/html/2113.htm","industrial_va_growth",,,,,,,,,,,,,,,,,,,,,,,,,"7.7","5.7","9",,
"2019","漳平市","漳平市","21-4 年末常住人口数（2019年）","http://tjj.fujian.gov.cn/tongjinianjian/dz2020/cn-en/html/2104.htm","population",,,,,,,,"24.1","13.54","10.56","56.2",,,,,,,,,,,,,,,,,,
"2019","漳平市","漳平市","21-18 社会消费品零售总额（2019年）","http://tjj.fujian.gov.cn/tongjinianjian/dz2020/cn-en/html/2118.htm","retail_sales",,,,,,,,,,,,,,,,,,,,,,,,,,,,"1040156","7.4"
"2019","漳浦县","漳浦县","21-9 一般公共预算支出（2019年）","http://tjj.fujian.gov.cn/tongjinianjian/dz2020/cn-en/html/2109.htm","budget_expenditure",,,,,,,,,,,,,,,,,,,,"573275","38275","116910","8244","60876",,,,,
"2019","漳浦县","漳浦县","21-8 地方一般公共预算收入（2019年）","http://tjj.fujian.gov.cn/tongjinianjian/dz2020/cn-en/html/2108.htm","budget_revenue",,,,,,,,,,,,,,,,"260106","60927","29382","4134",,,,,,,,,,
"2019","漳浦县","漳浦县","21-1 地区生产总值（2019年）","http://tjj.fujian.gov.cn/tongjinianjian/dz2020/cn-en/html/2101.htm","gdp","520.3","83.68","188.57","248.05","158.35","34.3","61061",,,,,,,,,,,,,,,,,,,,,,
"2019","漳浦县","漳浦县","21-13 规模以上工业增加值增速（2019年）","http://tjj.fujian.gov.cn/tongjinianjian/dz2020/cn-en/html/2113.htm","industrial_va_growth",,,,,,,,,,,,,,,,,,,,,,,,,"10.6","2","19.5",,
"2019","漳浦县","漳浦县","21-4 年末常住人口数（2019年）","http://tjj.fujian.gov.cn/tongjinianjian/dz2020/cn-en/html/2104.htm","population",,,,,,,,"86.05","46.98","39.07","54.6",,,,,,,,,,,,,,,,,,
"2019","漳浦县","漳浦县","21-18 社会消费品零售总额（2019年）","http://tjj.fujian.gov.cn/tongjinianjian/dz2020/cn-en/html/2118.htm","retail_sales",,,,,,,,,,,,,,,,,,,,,,,,,,,,"2491007","12.3"
"2019","长乐市","长乐区","21-9 一般公共预算支出（2019年）","http://tjj.fujian.gov.cn/tongjinianjian/dz2020/cn-en/html/2109.htm","budget_expenditure",,,,,,,,,,,,,,,,,,,,"649809","54803","140277","12632","50764",,,,,
"2019","长乐市","长乐区","21-8 地方一般公共预算收入（2019年）","http://tjj.fujian.gov.cn/tongjinianjian/dz2020/cn-en/html/2108.htm","budget_revenue",,,,,,,,,,,,,,,,"494172","168427","36971","41065",,,,,,,,,,
"2019","长乐市","长乐区","21-1 地区生产总值（2019年）","http://tjj.fujian.gov.cn/tongjinianjian/dz2020/cn-en/html/2101.htm","gdp","951.52","58.44","605.93","287.15","560.91","45.19","127806",,,,,,,,,,,,,,,,,,,,,,
"2019","长乐市","长乐区","21-13 规模以上工业增加值增速（2019年）","http://tjj.fujian.gov.cn/tongjinianjian/dz2020/cn-en/html/2113.htm","industrial_va_growth",,,,,,,,,,,,,,,,,,,,,,,,,"8.9","7.2","16.6",,
"2019","长乐市","长乐区","21-4 年末常住人口数（2019年）","http://tjj.fujian.gov.cn/tongjinianjian/dz2020/cn-en/html/2104.htm","population",,,,,,,,"75","40.5","34.5","54",,,,,,,,,,,,,,,,,,
"2019","长乐市","长乐区","21-18 社会消费品零售总额（2019年）","http://tjj.fujian.gov.cn/tongjinianjian/dz2020/cn-en/html/2118.htm","retail_sales",,,,,,,,,,,,,,,,,,,,,,,,,,,,"1600436","5.1"
"2019","长泰县","长泰县","21-9 一般公共预算支出（2019年）","http://tjj.fujian.gov.cn/tongjinianjian/dz2020/cn-en/html/2109.htm","budget_expenditure",,,,,,,,,,,,,,,,,,,,"225755","22294","46339","10847","27215",,,,,
"2019","长泰县","长泰县","21-8 地方一般公共预算收入（2019年）","http://tjj.fujian.gov.cn/tongjinianjian/dz2020/cn-en/html/2108.htm","budget_revenue",,,,,,,,,,,,,,,,"127798","54095","14920","4153",,,,,,,,,,
"2019","长泰县","长泰县","21-1 地区生产总值（2019年）","http://tjj.fujian.gov.cn/tongjinianjian/dz2020/cn-en/html/2101.htm","gdp","357.74","18.14","247.81","91.79","208.84","38.97","156903",,,,,,,,,,,,,,,,,,,,,,
"2019","长泰县","长泰县","21-13 规模以上工业增加值增速（2019年）","http://tjj.fujian.gov.cn/tongjinianjian/dz2020/cn-en/html/2113.htm","industrial_va_growth",,,,,,,,,,,,,,,,,,,,,,,,,"8.4","11","6.2",,
"2019","长泰县","长泰县","21-4 年末常住人口数（2019年）","http://tjj.fujian.gov.cn/tongjinianjian/dz2020/cn-en/html/2104.htm","population",,,,,,,,"22.87","12.88","9.99","56.3",,,,,,,,,,,,,,,,,,
"2019","长泰县","长泰县","21-18 社会消费品零售总额（2019年）","http://tjj.fujian.gov.cn/tongjinianjian/dz2020/cn-en/html/2118.htm","retail_sales",,,,,,,,,,,,,,,,,,,,,,,,,,,,"894321","10.9"
"2019","长汀县","长汀县","21-9 一般公共预算支出（2019年）","http://tjj.fujian.gov.cn/tongjinianjian/dz2020/cn-en/html/2109.htm","budget_expenditure",,,,,,,,,,,,,,,,,,,,"381248","26477","84697","20889","77016",,,,,
"2019","长汀县","长汀县","21-8 地方一般公共预算收入（2019年）","http://tjj.fujian.gov.cn/tongjinianjian/dz2020/cn-en/html/2108.htm","budget_revenue",,,,,,,,,,,,,,,,"95600","27190","10435","2252",,,,,,,,,,
"2019","长汀县","长汀县","21-1 地区生产总值（2019年）","http://tjj.fujian.gov.cn/tongjinianjian/dz2020/cn-en/html/2101.htm","gdp","289.75","38.05","132.1","119.6","91.18","40.92","72167",,,,,,,,,,,,,,,,,,,,,,
"2019","长汀县","长汀县","21-13 规模以上工业增加值增速（2019年）","http://tjj.fujian.gov.cn/tongjinianjian/dz2020/cn-en/html/2113.htm","industrial_va_growth",,,,,,,,,,,,,,,,,,,,,,,,,"9.2","5","12.5",,
"2019","长汀县","长汀县","21-4 年末常住人口数（2019年）","http://tjj.fujian.gov.cn/tongjinianjian/dz2020/cn-en/html/2104.htm","population",,,,,,,,"40.1","21.09","19.01","52.6",,,,,,,,,,,,,,,,,,
"2019","长汀县","长汀县","21-18 社会消费品零售总额（2019年）","http://tjj.fujian.gov.cn/tongjinianjian/dz2020/cn-en/html/2118.htm","retail_sales",,,,,,,,,,,,,,,,,,,,,,,,,,,,"1567875","8.5"
"2019","诏安县","诏安县","21-9 一般公共预算支出（2019年）","http://tjj.fujian.gov.cn/tongjinianjian/dz2020/cn-en/html/2109.htm","budget_expenditure",,,,,,,,,,,,,,,,,,,,"282448","25437","61876","1435","51503",,,,,
"2019","诏安县","诏安县","21-8 地方一般公共预算收入（2019年）","http://tjj.fujian.gov.cn/tongjinianjian/dz2020/cn-en/html/2108.htm","budget_revenue",,,,,,,,,,,,,,,,"63580","23694","7531","1611",,,,,,,,,,
"2019","诏安县","诏安县","21-1 地区生产总值（2019年）","http://tjj.fujian.gov.cn/tongjinianjian/dz2020/cn-en/html/2101.htm","gdp","284.87","51.66","138.21","95.01","123.57","14.64","45456",,,,,,,,,,,,,,,,,,,,,,
"2019","诏安县","诏安县","21-13 规模以上工业增加值增速（2019年）","http://tjj.fujian.gov.cn/tongjinianjian/dz2020/cn-en/html/2113.htm","industrial_va_growth",,,,,,,,,,,,,,,,,,,,,,,,,"9.4","9.5","9",,
"2019","诏安县","诏安县","21-4 年末常住人口数（2019年）","http://tjj.fujian.gov.cn/tongjinianjian/dz2020/cn-en/html/2104.htm","population",,,,,,,,"62.8","29.52","33.28","47",,,,,,,,,,,,,,,,,,
"2019","诏安县","诏安县","21-18 社会消费品零售总额（2019年）","http://tjj.fujian.gov.cn/tongjinianjian/dz2020/cn-en/html/2118.htm","retail_sales",,,,,,,,,,,,,,,,,,,,,,,,,,,,"1055675","9.6"
"2019","柘荣县","柘荣县","21-9 一般公共预算支出（2019年）","http://tjj.fujian.gov.cn/tongjinianjian/dz2020/cn-en/html/2109.htm","budget_expenditure",,,,,,,,,,,,,,,,,,,,"134025","13458","26119","1276","26621",,,,,
"2019","柘荣县","柘荣县","21-8 地方一般公共预算收入（2019年）","http://tjj.fujian.gov.cn/tongjinianjian/dz2020/cn-en/html/2108.htm","budget_revenue",,,,,,,,,,,,,,,,"25810","12798","2266","656",,,,,,,,,,
"2019","柘荣县","柘荣县","21-1 地区生产总值（2019年）","http://tjj.fujian.gov.cn/tongjinianjian/dz2020/cn-en/html/2101.htm","gdp","71.42","8.53","32.44","30.45","23.15","9.32","78483",,,,,,,,,,,,,,,,,,,,,,
"2019","柘荣县","柘荣县","21-13 规模以上工业增加值增速（2019年）","http://tjj.fujian.gov.cn/tongjinianjian/dz2020/cn-en/html/2113.htm","industrial_va_growth",,,,,,,,,,,,,,,,,,,,,,,,,"10","8.9","11.7",,
"2019","柘荣县","柘荣县","21-4 年末常住人口数（2019年）","http://tjj.fujian.gov.cn/tongjinianjian/dz2020/cn-en/html/2104.htm","population",,,,,,,,"9","5.56","3.44","61.8",,,,,,,,,,,,,,,,,,
"2019","柘荣县","柘荣县","21-18 社会消费品零售总额（2019年）","http://tjj.fujian.gov.cn/tongjinianjian/dz2020/cn-en/html/2118.htm","retail_sales",,,,,,,,,,,,,,,,,,,,,,,,,,,,"339588","11.2"
"2019","政和县","政和县","21-9 一般公共预算支出（2019年）","http://tjj.fujian.gov.cn/tongjinianjian/dz2020/cn-en/html/2109.htm","budget_expenditure",,,,,,,,,,,,,,,,,,,,"182068","15071","30772","2187","41911",,,,,
"2019","政和县","政和县","21-8 地方一般公共预算收入（2019年）","http://tjj.fujian.gov.cn/tongjinianjian/dz2020/cn-en/html/2108.htm","budget_revenue",,,,,,,,,,,,,,,,"37456","11302","3352","870",,,,,,,,,,
"2019","政和县","政和县","21-1 地区生产总值（2019年）","http://tjj.fujian.gov.cn/tongjinianjian/dz2020/cn-en/html/2101.htm","gdp","98.27","17.79","40.66","39.82","34.33","6.34","58146",,,,,,,,,,,,,,,,,,,,,,
"2019","政和县","政和县","21-13 规模以上工业增加值增速（2019年）","http://tjj.fujian.gov.cn/tongjinianjian/dz2020/cn-en/html/2113.htm","industrial_va_growth",,,,,,,,,,,,,,,,,,,,,,,,,"8.2","6","13.2",,
"2019","政和县","政和县","21-4 年末常住人口数（2019年）","http://tjj.fujian.gov.cn/tongjinianjian/dz2020/cn-en/html/2104.htm","population",,,,,,,,"16.9","8.11","8.79","48",,,,,,,,,,,,,,,,,,
"2019","政和县","政和县","21-18 社会消费品零售总额（2019年）","http://tjj.fujian.gov.cn/tongjinianjian/dz2020/cn-en/html/2118.htm","retail_sales",,,,,,,,,,,,,,,,,,,,,,,,,,,,"576631","11.7"
"2019","周宁县","周宁县","21-9 一般公共预算支出（2019年）","http://tjj.fujian.gov.cn/tongjinianjian/dz2020/cn-en/html/2109.htm","budget_expenditure",,,,,,,,,,,,,,,,,,,,"176942","14070","30954","2702","26698",,,,,
"2019","周宁县","周宁县","21-8 地方一般公共预算收入（2019年）","http://tjj.fujian.gov.cn/tongjinianjian/dz2020/cn-en/html/2108.htm","budget_revenue",,,,,,,,,,,,,,,,"37037","11798","3472","460",,,,,,,,,,
"2019","周宁县","周宁县","21-1 地区生产总值（2019年）","http://tjj.fujian.gov.cn/tongjinianjian/dz2020/cn-en/html/2101.htm","gdp","72.44","7.88","26.48","38.08","14.54","11.93","58891",,,,,,,,,,,,,,,,,,,,,,
"2019","周宁县","周宁县","21-13 规模以上工业增加值增速（2019年）","http://tjj.fujian.gov.cn/tongjinianjian/dz2020/cn-en/html/2113.htm","industrial_va_growth",,,,,,,,,,,,,,,,,,,,,,,,,"16.4","-10.8","42",,
"2019","周宁县","周宁县","21-4 年末常住人口数（2019年）","http://tjj.fujian.gov.cn/tongjinianjian/dz2020/cn-en/html/2104.htm","population",,,,,,,,"12.3","6.36","5.94","51.7",,,,,,,,,,,,,,,,,,
"2019","周宁县","周宁县","21-18 社会消费品零售总额（2019年）","http://tjj.fujian.gov.cn/tongjinianjian/dz2020/cn-en/html/2118.htm","retail_sales",,,,,,,,,,,,,,,,,,,,,,,,,,,,"276783","10.9"
"2020","安溪县","安溪县","21-10 一般公共预算支出（2020年）","http://tjj.fujian.gov.cn/tongjinianjian/dz2021/cn-en/html/2110.htm","budget_expenditure",,,,,,,,,,,,,,,,,,,,"685881","64463","209419","5655","75695",,,,,
"2020","安溪县","安溪县","21-9 地方一般公共预算收入（2020年）","http://tjj.fujian.gov.cn/tongjinianjian/dz2021/cn-en/html/2109.htm","budget_revenue",,,,,,,,,,,,,,,,"286542","70407","31975","13354",,,,,,,,,,
"2020","安溪县","安溪县","21-1 地区生产总值（2020年）","http://tjj.fujian.gov.cn/tongjinianjian/dz2021/cn-en/html/2101.htm","gdp","747.63","56.24","379.5","311.89","307.99","71.68","74391",,,,,,,,,,,,,,,,,,,,,,
"2020","安溪县","安溪县","21-14 规模以上工业增加值增速（2020年）","http://tjj.fujian.gov.cn/tongjinianjian/dz2021/cn-en/html/2114.htm","industrial_va_growth",,,,,,,,,,,,,,,,,,,,,,,,,"4.5","3.4","6.8",,
"2020","安溪县","安溪县","21-4 年末常住人口数（2020年）","http://tjj.fujian.gov.cn/tongjinianjian/dz2021/cn-en/html/2104.htm","population",,,,,,,,"100.4","49.83","50.57","49.6",,,,,,,,,,,,,,,,,,
"2020","安溪县","安溪县","21-19 社会消费品零售总额（2020年）","http://tjj.fujian.gov.cn/tongjinianjian/dz2021/cn-en/html/2119.htm","retail_sales",,,,,,,,,,,,,,,,,,,,,,,,,,,,"5684176","0.9"
"2020","仓山区","仓山区","21-10 一般公共预算支出（2020年）","http://tjj.fujian.gov.cn/tongjinianjian/dz2021/cn-en/html/2110.htm","budget_expenditure",,,,,,,,,,,,,,,,,,,,"361315","53462","100875","10162","11497",,,,,
"2020","仓山区","仓山区","21-9 地方一般公共预算收入（2020年）","http://tjj.fujian.gov.cn/tongjinianjian/dz2021/cn-en/html/2109.htm","budget_revenue",,,,,,,,,,,,,,,,"271630","86350","34905",,,,,,,,,,,
"2020","仓山区","仓山区","21-1 地区生产总值（2020年）","http://tjj.fujian.gov.cn/tongjinianjian/dz2021/cn-en/html/2101.htm","gdp","902.27","1.76","344.79","555.73","278.83","67.69","79741",,,,,,,,,,,,,,,,,,,,,,
"2020","仓山区","仓山区","21-14 规模以上工业增加值增速（2020年）","http://tjj.fujian.gov.cn/tongjinianjian/dz2021/cn-en/html/2114.htm","industrial_va_growth",,,,,,,,,,,,,,,,,,,,,,,,,"5.3","9.8","3.3",,
"2020","仓山区","仓山区","21-4 年末常住人口数（2020年）","http://tjj.fujian.gov.cn/tongjinianjian/dz2021/cn-en/html/2104.htm","population",,,,,,,,"115","115",,"100",,,,,,,,,,,,,,,,,,
"2020","仓山区","仓山区","21-19 社会消费品零售总额（2020年）","http://tjj.fujian.gov.cn/tongjinianjian/dz2021/cn-en/html/2119.htm","retail_sales",,,,,,,,,,,,,,,,,,,,,,,,,,,,"4887906",
"2020","城厢区","城厢区","21-10 一般公共预算支出（2020年）","http://tjj.fujian.gov.cn/tongjinianjian/dz2021/cn-en/html/2110.htm","budget_expenditure",,,,,,,,,,,,,,,,,,,,"287440","25649","84470","4702","22730",,,,,
"2020","城厢区","城厢区","21-9 地方一般公共预算收入（2020年）","http://tjj.fujian.gov.cn/tongjinianjian/dz2021/cn-en/html/2109.htm","budget_revenue",,,,,,,,,,,,,,,,"250154","57406","18777","4497",,,,,,,,,,
"2020","城厢区","城厢区","21-1 地区生产总值（2020年）","http://tjj.fujian.gov.cn/tongjinianjian/dz2021/cn-en/html/2101.htm","gdp","485.85","11.16","170.7","303.99","113.76","57.22","89723",,,,,,,,,,,,,,,,,,,,,,
"2020","城厢区","城厢区","21-14 规模以上工业增加值增速（2020年）","http://tjj.fujian.gov.cn/tongjinianjian/dz2021/cn-en/html/2114.htm","industrial_va_growth",,,,,,,,,,,,,,,,,,,,,,,,,"3.6","4.8","0.2",,
"2020","城厢区","城厢区","21-4 年末常住人口数（2020年）","http://tjj.fujian.gov.cn/tongjinianjian/dz2021/cn-en/html/2104.htm","population",,,,,,,,"54.7","39.35","15.35","71.9",,,,,,,,,,,,,,,,,,
"2020","城厢区","城厢区","21-19 社会消费品零售总额（2020年）","http://tjj.fujian.gov.cn/tongjinianjian/dz2021/cn-en/html/2119.htm","retail_sales",,,,,,,,,,,,,,,,,,,,,,,,,,,,"5451448","5.2"
"2020","大田县","大田县","21-10 一般公共预算支出（2020年）","http://tjj.fujian.gov.cn/tongjinianjian/dz2021/cn-en/html/2110.htm","budget_expenditure",,,,,,,,,,,,,,,,,,,,"300492","24544","84916","604","35576",,,,,
"2020","大田县","大田县","21-9 地方一般公共预算收入（2020年）","http://tjj.fujian.gov.cn/tongjinianjian/dz2021/cn-en/html/2109.htm","budget_revenue",,,,,,,,,,,,,,,,"75617","23885","7974","1259",,,,,,,,,,
"2020","大田县","大田县","21-1 地区生产总值（2020年）","http://tjj.fujian.gov.cn/tongjinianjian/dz2021/cn-en/html/2101.htm","gdp","228.72","45.11","115.26","68.35","102.41","13.23","76112",,,,,,,,,,,,,,,,,,,,,,
"2020","大田县","大田县","21-14 规模以上工业增加值增速（2020年）","http://tjj.fujian.gov.cn/tongjinianjian/dz2021/cn-en/html/2114.htm","industrial_va_growth",,,,,,,,,,,,,,,,,,,,,,,,,"4","-2.1","5.6",,
"2020","大田县","大田县","21-4 年末常住人口数（2020年）","http://tjj.fujian.gov.cn/tongjinianjian/dz2021/cn-en/html/2104.htm","population",,,,,,,,"30","16.21","13.79","54",,,,,,,,,,,,,,,,,,
"2020","大田县","大田县","21-19 社会消费品零售总额（2020年）","http://tjj.fujian.gov.cn/tongjinianjian/dz2021/cn-en/html/2119.htm","retail_sales",,,,,,,,,,,,,,,,,,,,,,,,,,,,"545726","2.4"
"2020","德化县","德化县","21-10 一般公共预算支出（2020年）","http://tjj.fujian.gov.cn/tongjinianjian/dz2021/cn-en/html/2110.htm","budget_expenditure",,,,,,,,,,,,,,,,,,,,"309381","27214","72429","5167","50665",,,,,
"2020","德化县","德化县","21-9 地方一般公共预算收入（2020年）","http://tjj.fujian.gov.cn/tongjinianjian/dz2021/cn-en/html/2109.htm","budget_revenue",,,,,,,,,,,,,,,,"128626","41403","9398","3483",,,,,,,,,,
"2020","德化县","德化县","21-1 地区生产总值（2020年）","http://tjj.fujian.gov.cn/tongjinianjian/dz2021/cn-en/html/2101.htm","gdp","287.66","12.75","170.08","104.83","130.26","39.83","86775",,,,,,,,,,,,,,,,,,,,,,
"2020","德化县","德化县","21-14 规模以上工业增加值增速（2020年）","http://tjj.fujian.gov.cn/tongjinianjian/dz2021/cn-en/html/2114.htm","industrial_va_growth",,,,,,,,,,,,,,,,,,,,,,,,,"5","5.3","4.1",,
"2020","德化县","德化县","21-4 年末常住人口数（2020年）","http://tjj.fujian.gov.cn/tongjinianjian/dz2021/cn-en/html/2104.htm","population",,,,,,,,"33.3","26.02","7.28","78.1",,,,,,,,,,,,,,,,,,
"2020","德化县","德化县","21-19 社会消费品零售总额（2020年）","http://tjj.fujian.gov.cn/tongjinianjian/dz2021/cn-en/html/2119.htm","retail_sales",,,,,,,,,,,,,,,,,,,,,,,,,,,,"1256711","-1.8"
"2020","东山县","东山县","21-10 一般公共预算支出（2020年）","http://tjj.fujian.gov.cn/tongjinianjian/dz2021/cn-en/html/2110.htm","budget_expenditure",,,,,,,,,,,,,,,,,,,,"217493","34321","43536","646","24917",,,,,
"2020","东山县","东山县","21-9 地方一般公共预算收入（2020年）","http://tjj.fujian.gov.cn/tongjinianjian/dz2021/cn-en/html/2109.htm","budget_revenue",,,,,,,,,,,,,,,,"104685","31239","9205","1945",,,,,,,,,,
"2020","东山县","东山县","21-1 地区生产总值（2020年）","http://tjj.fujian.gov.cn/tongjinianjian/dz2021/cn-en/html/2101.htm","gdp","198.25","38.03","70.83","89.39","51.04","19.86","90318",,,,,,,,,,,,,,,,,,,,,,
"2020","东山县","东山县","21-14 规模以上工业增加值增速（2020年）","http://tjj.fujian.gov.cn/tongjinianjian/dz2021/cn-en/html/2114.htm","industrial_va_growth",,,,,,,,,,,,,,,,,,,,,,,,,"-56.5","-65","-2.7",,
"2020","东山县","东山县","21-4 年末常住人口数（2020年）","http://tjj.fujian.gov.cn/tongjinianjian/dz2021/cn-en/html/2104.htm","population",,,,,,,,"22","14.12","7.88","64.2",,,,,,,,,,,,,,,,,,
"2020","东山县","东山县","21-19 社会消费品零售总额（2020年）","http://tjj.fujian.gov.cn/tongjinianjian/dz2021/cn-en/html/2119.htm","retail_sales",,,,,,,,,,,,,,,,,,,,,,,,,,,,"827428","-5.2"
"2020","丰泽区","丰泽区","21-10 一般公共预算支出（2020年）","http://tjj.fujian.gov.cn/tongjinianjian/dz2021/cn-en/html/2110.htm","budget_expenditure",,,,,,,,,,,,,,,,,,,,"270333","23872","62763","10969","5864",,,,,
"2020","丰泽区","丰泽区","21-9 地方一般公共预算收入（2020年）","http://tjj.fujian.gov.cn/tongjinianjian/dz2021/cn-en/html/2109.htm","budget_revenue",,,,,,,,,,,,,,,,"160809","45183","21661","7115",,,,,,,,,,
"2020","丰泽区","丰泽区","21-1 地区生产总值（2020年）","http://tjj.fujian.gov.cn/tongjinianjian/dz2021/cn-en/html/2101.htm","gdp","763.92","1.69","148.76","613.47","83.65","65.24","109837",,,,,,,,,,,,,,,,,,,,,,
"2020","丰泽区","丰泽区","21-14 规模以上工业增加值增速（2020年）","http://tjj.fujian.gov.cn/tongjinianjian/dz2021/cn-en/html/2114.htm","industrial_va_growth",,,,,,,,,,,,,,,,,,,,,,,,,"-4.3","-11.8","3.8",,
"2020","丰泽区","丰泽区","21-4 年末常住人口数（2020年）","http://tjj.fujian.gov.cn/tongjinianjian/dz2021/cn-en/html/2104.htm","population",,,,,,,,"70.1","70.1",,"100",,,,,,,,,,,,,,,,,,
"2020","丰泽区","丰泽区","21-19 社会消费品零售总额（2020年）","http://tjj.fujian.gov.cn/tongjinianjian/dz2021/cn-en/html/2119.htm","retail_sales",,,,,,,,,,,,,,,,,,,,,,,,,,,,"5239187","-1"
"2020","福安市","福安市","21-10 一般公共预算支出（2020年）","http://tjj.fujian.gov.cn/tongjinianjian/dz2021/cn-en/html/2110.htm","budget_expenditure",,,,,,,,,,,,,,,,,,,,"460951","61740","100777","22290","57251",,,,,
"2020","福安市","福安市","21-9 地方一般公共预算收入（2020年）","http://tjj.fujian.gov.cn/tongjinianjian/dz2021/cn-en/html/2109.htm","budget_revenue",,,,,,,,,,,,,,,,"278833","131993","61450","3809",,,,,,,,,,
"2020","福安市","福安市","21-1 地区生产总值（2020年）","http://tjj.fujian.gov.cn/tongjinianjian/dz2021/cn-en/html/2101.htm","gdp","600.16","53.43","371.14","175.59","323.4","48.18","98630",,,,,,,,,,,,,,,,,,,,,,
"2020","福安市","福安市","21-14 规模以上工业增加值增速（2020年）","http://tjj.fujian.gov.cn/tongjinianjian/dz2021/cn-en/html/2114.htm","industrial_va_growth",,,,,,,,,,,,,,,,,,,,,,,,,"5.8","-26.6","6.9",,
"2020","福安市","福安市","21-4 年末常住人口数（2020年）","http://tjj.fujian.gov.cn/tongjinianjian/dz2021/cn-en/html/2104.htm","population",,,,,,,,"61","39.72","21.28","65.1",,,,,,,,,,,,,,,,,,
"2020","福安市","福安市","21-19 社会消费品零售总额（2020年）","http://tjj.fujian.gov.cn/tongjinianjian/dz2021/cn-en/html/2119.htm","retail_sales",,,,,,,,,,,,,,,,,,,,,,,,,,,,"1496106","2.4"
"2020","福鼎市","福鼎市","21-10 一般公共预算支出（2020年）","http://tjj.fujian.gov.cn/tongjinianjian/dz2021/cn-en/html/2110.htm","budget_expenditure",,,,,,,,,,,,,,,,,,,,"419015","30263","89071","1140","84845",,,,,
"2020","福鼎市","福鼎市","21-9 地方一般公共预算收入（2020年）","http://tjj.fujian.gov.cn/tongjinianjian/dz2021/cn-en/html/2109.htm","budget_revenue",,,,,,,,,,,,,,,,"181507","54392","24605","4724",,,,,,,,,,
"2020","福鼎市","福鼎市","21-1 地区生产总值（2020年）","http://tjj.fujian.gov.cn/tongjinianjian/dz2021/cn-en/html/2101.htm","gdp","418.69","60.7","219.04","138.94","184","35.44","75849",,,,,,,,,,,,,,,,,,,,,,
"2020","福鼎市","福鼎市","21-14 规模以上工业增加值增速（2020年）","http://tjj.fujian.gov.cn/tongjinianjian/dz2021/cn-en/html/2114.htm","industrial_va_growth",,,,,,,,,,,,,,,,,,,,,,,,,"-7.5","-20.9","1",,
"2020","福鼎市","福鼎市","21-4 年末常住人口数（2020年）","http://tjj.fujian.gov.cn/tongjinianjian/dz2021/cn-en/html/2104.htm","population",,,,,,,,"55.3","35.13","20.17","63.5",,,,,,,,,,,,,,,,,,
"2020","福鼎市","福鼎市","21-19 社会消费品零售总额（2020年）","http://tjj.fujian.gov.cn/tongjinianjian/dz2021/cn-en/html/2119.htm","retail_sales",,,,,,,,,,,,,,,,,,,,,,,,,,,,"1969638","-3.5"
"2020","福清市","福清市","21-10 一般公共预算支出（2020年）","http://tjj.fujian.gov.cn/tongjinianjian/dz2021/cn-en/html/2110.htm","budget_expenditure",,,,,,,,,,,,,,,,,,,,"1190642","81266","269253","19001","87086",,,,,
"2020","福清市","福清市","21-9 地方一般公共预算收入（2020年）","http://tjj.fujian.gov.cn/tongjinianjian/dz2021/cn-en/html/2109.htm","budget_revenue",,,,,,,,,,,,,,,,"912635","252898","93666","149648",,,,,,,,,,
"2020","福清市","福清市","21-1 地区生产总值（2020年）","http://tjj.fujian.gov.cn/tongjinianjian/dz2021/cn-en/html/2101.htm","gdp","1228.54","110","619.4","499.15","486.48","133.23","88352",,,,,,,,,,,,,,,,,,,,,,
"2020","福清市","福清市","21-14 规模以上工业增加值增速（2020年）","http://tjj.fujian.gov.cn/tongjinianjian/dz2021/cn-en/html/2114.htm","industrial_va_growth",,,,,,,,,,,,,,,,,,,,,,,,,"8.4","8.2","8.8",,
"2020","福清市","福清市","21-4 年末常住人口数（2020年）","http://tjj.fujian.gov.cn/tongjinianjian/dz2021/cn-en/html/2104.htm","population",,,,,,,,"139.4","74.66","64.74","53.6",,,,,,,,,,,,,,,,,,
"2020","福清市","福清市","21-19 社会消费品零售总额（2020年）","http://tjj.fujian.gov.cn/tongjinianjian/dz2021/cn-en/html/2119.htm","retail_sales",,,,,,,,,,,,,,,,,,,,,,,,,,,,"3180779","3.3"
"2020","古田县","古田县","21-10 一般公共预算支出（2020年）","http://tjj.fujian.gov.cn/tongjinianjian/dz2021/cn-en/html/2110.htm","budget_expenditure",,,,,,,,,,,,,,,,,,,,"303618","24035","58689","973","48079",,,,,
"2020","古田县","古田县","21-9 地方一般公共预算收入（2020年）","http://tjj.fujian.gov.cn/tongjinianjian/dz2021/cn-en/html/2109.htm","budget_revenue",,,,,,,,,,,,,,,,"74769","21936","5330","1732",,,,,,,,,,
"2020","古田县","古田县","21-1 地区生产总值（2020年）","http://tjj.fujian.gov.cn/tongjinianjian/dz2021/cn-en/html/2101.htm","gdp","204.97","49.03","52.12","103.82","38.33","13.81","63166",,,,,,,,,,,,,,,,,,,,,,
"2020","古田县","古田县","21-14 规模以上工业增加值增速（2020年）","http://tjj.fujian.gov.cn/tongjinianjian/dz2021/cn-en/html/2114.htm","industrial_va_growth",,,,,,,,,,,,,,,,,,,,,,,,,"0.2","-18.6","55.1",,
"2020","古田县","古田县","21-4 年末常住人口数（2020年）","http://tjj.fujian.gov.cn/tongjinianjian/dz2021/cn-en/html/2104.htm","population",,,,,,,,"32.4","16.06","16.34","49.6",,,,,,,,,,,,,,,,,,
"2020","古田县","古田县","21-19 社会消费品零售总额（2020年）","http://tjj.fujian.gov.cn/tongjinianjian/dz2021/cn-en/html/2119.htm","retail_sales",,,,,,,,,,,,,,,,,,,,,,,,,,,,"880814","-6.7"
"2020","鼓楼区","鼓楼区","21-10 一般公共预算支出（2020年）","http://tjj.fujian.gov.cn/tongjinianjian/dz2021/cn-en/html/2110.htm","budget_expenditure",,,,,,,,,,,,,,,,,,,,"354892","45834","101475","14278","6475",,,,,
"2020","鼓楼区","鼓楼区","21-9 地方一般公共预算收入（2020年）","http://tjj.fujian.gov.cn/tongjinianjian/dz2021/cn-en/html/2109.htm","budget_revenue",,,,,,,,,,,,,,,,"308384","90274","77973",,,,,,,,,,,
"2020","鼓楼区","鼓楼区","21-1 地区生产总值（2020年）","http://tjj.fujian.gov.cn/tongjinianjian/dz2021/cn-en/html/2101.htm","gdp","2069.86",,"311.62","1758.24","42.13","269.57","307557",,,,,,,,,,,,,,,,,,,,,,
"2020","鼓楼区","鼓楼区","21-14 规模以上工业增加值增速（2020年）","http://tjj.fujian.gov.cn/tongjinianjian/dz2021/cn-en/html/2114.htm","industrial_va_growth",,,,,,,,,,,,,,,,,,,,,,,,,"2.5","2.7","1.1",,
"2020","鼓楼区","鼓楼区","21-4 年末常住人口数（2020年）","http://tjj.fujian.gov.cn/tongjinianjian/dz2021/cn-en/html/2104.htm","population",,,,,,,,"67","67",,"100",,,,,,,,,,,,,,,,,,
"2020","鼓楼区","鼓楼区","21-19 社会消费品零售总额（2020年）","http://tjj.fujian.gov.cn/tongjinianjian/dz2021/cn-en/html/2119.htm","retail_sales",,,,,,,,,,,,,,,,,,,,,,,,,,,,"13050714","1.9"
"2020","光泽县","光泽县","21-10 一般公共预算支出（2020年）","http://tjj.fujian.gov.cn/tongjinianjian/dz2021/cn-en/html/2110.htm","budget_expenditure",,,,,,,,,,,,,,,,,,,,"193527","16251","33790","1484","42989",,,,,
"2020","光泽县","光泽县","21-9 地方一般公共预算收入（2020年）","http://tjj.fujian.gov.cn/tongjinianjian/dz2021/cn-en/html/2109.htm","budget_revenue",,,,,,,,,,,,,,,,"45564","9636","5833","3760",,,,,,,,,,
"2020","光泽县","光泽县","21-1 地区生产总值（2020年）","http://tjj.fujian.gov.cn/tongjinianjian/dz2021/cn-en/html/2101.htm","gdp","117.29","44.04","37.43","35.81","31.6","5.83","87854",,,,,,,,,,,,,,,,,,,,,,
"2020","光泽县","光泽县","21-14 规模以上工业增加值增速（2020年）","http://tjj.fujian.gov.cn/tongjinianjian/dz2021/cn-en/html/2114.htm","industrial_va_growth",,,,,,,,,,,,,,,,,,,,,,,,,"3","5.3","-22.5",,
"2020","光泽县","光泽县","21-4 年末常住人口数（2020年）","http://tjj.fujian.gov.cn/tongjinianjian/dz2021/cn-en/html/2104.htm","population",,,,,,,,"13","6.55","6.45","50.4",,,,,,,,,,,,,,,,,,
"2020","光泽县","光泽县","21-19 社会消费品零售总额（2020年）","http://tjj.fujian.gov.cn/tongjinianjian/dz2021/cn-en/html/2119.htm","retail_sales",,,,,,,,,,,,,,,,,,,,,,,,,,,,"201697","-7.2"
"2020","海沧区","海沧区","21-10 一般公共预算支出（2020年）","http://tjj.fujian.gov.cn/tongjinianjian/dz2021/cn-en/html/2110.htm","budget_expenditure",,,,,,,,,,,,,,,,,,,,"722945","73498","175625","21120","21722",,,,,
"2020","海沧区","海沧区","21-9 地方一般公共预算收入（2020年）","http://tjj.fujian.gov.cn/tongjinianjian/dz2021/cn-en/html/2109.htm","budget_revenue",,,,,,,,,,,,,,,,"339814","89287","49484","13092",,,,,,,,,,
"2020","海沧区","海沧区","21-1 地区生产总值（2020年）","http://tjj.fujian.gov.cn/tongjinianjian/dz2021/cn-en/html/2101.htm","gdp","815.75","1.75","458.59","355.41","403.08","55.83","140163",,,,,,,,,,,,,,,,,,,,,,
"2020","海沧区","海沧区","21-14 规模以上工业增加值增速（2020年）","http://tjj.fujian.gov.cn/tongjinianjian/dz2021/cn-en/html/2114.htm","industrial_va_growth",,,,,,,,,,,,,,,,,,,,,,,,,"8.4","13.2","1.3",,
"2020","海沧区","海沧区","21-4 年末常住人口数（2020年）","http://tjj.fujian.gov.cn/tongjinianjian/dz2021/cn-en/html/2104.htm","population",,,,,,,,"58.6","57.25","1.35","97.7",,,,,,,,,,,,,,,,,,
"2020","海沧区","海沧区","21-19 社会消费品零售总额（2020年）","http://tjj.fujian.gov.cn/tongjinianjian/dz2021/cn-en/html/2119.htm","retail_sales",,,,,,,,,,,,,,,,,,,,,,,,,,,,"2892921","-1.6"
"2020","涵江区","涵江区","21-10 一般公共预算支出（2020年）","http://tjj.fujian.gov.cn/tongjinianjian/dz2021/cn-en/html/2110.htm","budget_expenditure",,,,,,,,,,,,,,,,,,,,"315526","43182","80507","6884","29542",,,,,
"2020","涵江区","涵江区","21-9 地方一般公共预算收入（2020年）","http://tjj.fujian.gov.cn/tongjinianjian/dz2021/cn-en/html/2109.htm","budget_revenue",,,,,,,,,,,,,,,,"236016","80700","32598","4331",,,,,,,,,,
"2020","涵江区","涵江区","21-1 地区生产总值（2020年）","http://tjj.fujian.gov.cn/tongjinianjian/dz2021/cn-en/html/2101.htm","gdp","595.12","17.22","391.51","186.39","328.73","63.58","123854",,,,,,,,,,,,,,,,,,,,,,
"2020","涵江区","涵江区","21-14 规模以上工业增加值增速（2020年）","http://tjj.fujian.gov.cn/tongjinianjian/dz2021/cn-en/html/2114.htm","industrial_va_growth",,,,,,,,,,,,,,,,,,,,,,,,,"3.3","-2.3","14.5",,
"2020","涵江区","涵江区","21-4 年末常住人口数（2020年）","http://tjj.fujian.gov.cn/tongjinianjian/dz2021/cn-en/html/2104.htm","population",,,,,,,,"48","38.09","9.91","79.4",,,,,,,,,,,,,,,,,,
"2020","涵江区","涵江区","21-19 社会消费品零售总额（2020年）","http://tjj.fujian.gov.cn/tongjinianjian/dz2021/cn-en/html/2119.htm","retail_sales",,,,,,,,,,,,,,,,,,,,,,,,,,,,"1630204","-5.9"
"2020","湖里区","湖里区","21-10 一般公共预算支出（2020年）","http://tjj.fujian.gov.cn/tongjinianjian/dz2021/cn-en/html/2110.htm","budget_expenditure",,,,,,,,,,,,,,,,,,,,"891574","70971","146787","4388","5551",,,,,
"2020","湖里区","湖里区","21-9 地方一般公共预算收入（2020年）","http://tjj.fujian.gov.cn/tongjinianjian/dz2021/cn-en/html/2109.htm","budget_revenue",,,,,,,,,,,,,,,,"510503","138851","72859","143288",,,,,,,,,,
"2020","湖里区","湖里区","21-1 地区生产总值（2020年）","http://tjj.fujian.gov.cn/tongjinianjian/dz2021/cn-en/html/2101.htm","gdp","1395.75",,"545.65","850.09","398.96","173.23","134855",,,,,,,,,,,,,,,,,,,,,,
"2020","湖里区","湖里区","21-14 规模以上工业增加值增速（2020年）","http://tjj.fujian.gov.cn/tongjinianjian/dz2021/cn-en/html/2114.htm","industrial_va_growth",,,,,,,,,,,,,,,,,,,,,,,,,"1.3","-11.6","3",,
"2020","湖里区","湖里区","21-4 年末常住人口数（2020年）","http://tjj.fujian.gov.cn/tongjinianjian/dz2021/cn-en/html/2104.htm","population",,,,,,,,"103.9","103.9",,"100",,,,,,,,,,,,,,,,,,
"2020","湖里区","湖里区","21-19 社会消费品零售总额（2020年）","http://tjj.fujian.gov.cn/tongjinianjian/dz2021/cn-en/html/2119.htm","retail_sales",,,,,,,,,,,,,,,,,,,,,,,,,,,,"4729376","0.2"
"2020","华安县","华安县","21-10 一般公共预算支出（2020年）","http://tjj.fujian.gov.cn/tongjinianjian/dz2021/cn-en/html/2110.htm","budget_expenditure",,,,,,,,,,,,,,,,,,,,"147034","16517","23767","484","21452",,,,,
"2020","华安县","华安县","21-9 地方一般公共预算收入（2020年）","http://tjj.fujian.gov.cn/tongjinianjian/dz2021/cn-en/html/2109.htm","budget_revenue",,,,,,,,,,,,,,,,"54008","17960","4060","572",,,,,,,,,,
"2020","华安县","华安县","21-1 地区生产总值（2020年）","http://tjj.fujian.gov.cn/tongjinianjian/dz2021/cn-en/html/2101.htm","gdp","170.76","35.73","87.87","47.16","77.9","9.97","126021",,,,,,,,,,,,,,,,,,,,,,
"2020","华安县","华安县","21-14 规模以上工业增加值增速（2020年）","http://tjj.fujian.gov.cn/tongjinianjian/dz2021/cn-en/html/2114.htm","industrial_va_growth",,,,,,,,,,,,,,,,,,,,,,,,,"-6","-26.3","3.7",,
"2020","华安县","华安县","21-4 年末常住人口数（2020年）","http://tjj.fujian.gov.cn/tongjinianjian/dz2021/cn-en/html/2104.htm","population",,,,,,,,"13.4","7.14","6.26","53.3",,,,,,,,,,,,,,,,,,
"2020","华安县","华安县","21-19 社会消费品零售总额（2020年）","http://tjj.fujian.gov.cn/tongjinianjian/dz2021/cn-en/html/2119.htm","retail_sales",,,,,,,,,,,,,,,,,,,,,,,,,,,,"411765","-5.6"
"2020","惠安县","惠安县","21-10 一般公共预算支出（2020年）","http://tjj.fujian.gov.cn/tongjinianjian/dz2021/cn-en/html/2110.htm","budget_expenditure",,,,,,,,,,,,,,,,,,,,"555520","41906","136117","10960","60544",,,,,
"2020","惠安县","惠安县","21-9 地方一般公共预算收入（2020年）","http://tjj.fujian.gov.cn/tongjinianjian/dz2021/cn-en/html/2109.htm","budget_revenue",,,,,,,,,,,,,,,,"346232","157270","47606","10090",,,,,,,,,,
"2020","惠安县","惠安县","21-1 地区生产总值（2020年）","http://tjj.fujian.gov.cn/tongjinianjian/dz2021/cn-en/html/2101.htm","gdp","1317.71","31.95","936.41","349.36","761.98","174.73","128058",,,,,,,,,,,,,,,,,,,,,,
"2020","惠安县","惠安县","21-14 规模以上工业增加值增速（2020年）","http://tjj.fujian.gov.cn/tongjinianjian/dz2021/cn-en/html/2114.htm","industrial_va_growth",,,,,,,,,,,,,,,,,,,,,,,,,"-1.2","-9","6.1",,
"2020","惠安县","惠安县","21-4 年末常住人口数（2020年）","http://tjj.fujian.gov.cn/tongjinianjian/dz2021/cn-en/html/2104.htm","population",,,,,,,,"103.2","58.48","44.72","56.7",,,,,,,,,,,,,,,,,,
"2020","惠安县","惠安县","21-19 社会消费品零售总额（2020年）","http://tjj.fujian.gov.cn/tongjinianjian/dz2021/cn-en/html/2119.htm","retail_sales",,,,,,,,,,,,,,,,,,,,,,,,,,,,"5052932","-2.9"
"2020","集美区","集美区","21-10 一般公共预算支出（2020年）","http://tjj.fujian.gov.cn/tongjinianjian/dz2021/cn-en/html/2110.htm","budget_expenditure",,,,,,,,,,,,,,,,,,,,"782300","55530","213221","27547","53317",,,,,
"2020","集美区","集美区","21-9 地方一般公共预算收入（2020年）","http://tjj.fujian.gov.cn/tongjinianjian/dz2021/cn-en/html/2109.htm","budget_revenue",,,,,,,,,,,,,,,,"401568","79993","41989","27930",,,,,,,,,,
"2020","集美区","集美区","21-1 地区生产总值（2020年）","http://tjj.fujian.gov.cn/tongjinianjian/dz2021/cn-en/html/2101.htm","gdp","822.41","3.08","400.1","419.23","321.81","78.96","79768",,,,,,,,,,,,,,,,,,,,,,
"2020","集美区","集美区","21-14 规模以上工业增加值增速（2020年）","http://tjj.fujian.gov.cn/tongjinianjian/dz2021/cn-en/html/2114.htm","industrial_va_growth",,,,,,,,,,,,,,,,,,,,,,,,,"6.9","2.1","9.9",,
"2020","集美区","集美区","21-4 年末常住人口数（2020年）","http://tjj.fujian.gov.cn/tongjinianjian/dz2021/cn-en/html/2104.htm","population",,,,,,,,"104","93.95","10.05","90.3",,,,,,,,,,,,,,,,,,
"2020","集美区","集美区","21-19 社会消费品零售总额（2020年）","http://tjj.fujian.gov.cn/tongjinianjian/dz2021/cn-en/html/2119.htm","retail_sales",,,,,,,,,,,,,,,,,,,,,,,,,,,,"1928215","1.4"
"2020","建宁县","建宁县","21-10 一般公共预算支出（2020年）","http://tjj.fujian.gov.cn/tongjinianjian/dz2021/cn-en/html/2110.htm","budget_expenditure",,,,,,,,,,,,,,,,,,,,"186647","13447","32052","757","42574",,,,,
"2020","建宁县","建宁县","21-9 地方一般公共预算收入（2020年）","http://tjj.fujian.gov.cn/tongjinianjian/dz2021/cn-en/html/2109.htm","budget_revenue",,,,,,,,,,,,,,,,"33999","9250","2425","610",,,,,,,,,,
"2020","建宁县","建宁县","21-1 地区生产总值（2020年）","http://tjj.fujian.gov.cn/tongjinianjian/dz2021/cn-en/html/2101.htm","gdp","140.29","18.92","79.22","42.15","39.77","39.7","121992",,,,,,,,,,,,,,,,,,,,,,
"2020","建宁县","建宁县","21-14 规模以上工业增加值增速（2020年）","http://tjj.fujian.gov.cn/tongjinianjian/dz2021/cn-en/html/2114.htm","industrial_va_growth",,,,,,,,,,,,,,,,,,,,,,,,,"3.5","1.9","4.9",,
"2020","建宁县","建宁县","21-4 年末常住人口数（2020年）","http://tjj.fujian.gov.cn/tongjinianjian/dz2021/cn-en/html/2104.htm","population",,,,,,,,"11.5","5.7","5.8","49.6",,,,,,,,,,,,,,,,,,
"2020","建宁县","建宁县","21-19 社会消费品零售总额（2020年）","http://tjj.fujian.gov.cn/tongjinianjian/dz2021/cn-en/html/2119.htm","retail_sales",,,,,,,,,,,,,,,,,,,,,,,,,,,,"359870","-0.3"
"2020","建瓯市","建瓯市","21-10 一般公共预算支出（2020年）","http://tjj.fujian.gov.cn/tongjinianjian/dz2021/cn-en/html/2110.htm","budget_expenditure",,,,,,,,,,,,,,,,,,,,"357177","25460","85265","4112","61934",,,,,
"2020","建瓯市","建瓯市","21-9 地方一般公共预算收入（2020年）","http://tjj.fujian.gov.cn/tongjinianjian/dz2021/cn-en/html/2109.htm","budget_revenue",,,,,,,,,,,,,,,,"105758","21617","5862","3502",,,,,,,,,,
"2020","建瓯市","建瓯市","21-1 地区生产总值（2020年）","http://tjj.fujian.gov.cn/tongjinianjian/dz2021/cn-en/html/2101.htm","gdp","280.29","53.03","99.42","127.84","76.36","23.1","63200",,,,,,,,,,,,,,,,,,,,,,
"2020","建瓯市","建瓯市","21-14 规模以上工业增加值增速（2020年）","http://tjj.fujian.gov.cn/tongjinianjian/dz2021/cn-en/html/2114.htm","industrial_va_growth",,,,,,,,,,,,,,,,,,,,,,,,,"-18.8","-16.3","-22.5",,
"2020","建瓯市","建瓯市","21-4 年末常住人口数（2020年）","http://tjj.fujian.gov.cn/tongjinianjian/dz2021/cn-en/html/2104.htm","population",,,,,,,,"43.4","22.59","20.81","52",,,,,,,,,,,,,,,,,,
"2020","建瓯市","建瓯市","21-19 社会消费品零售总额（2020年）","http://tjj.fujian.gov.cn/tongjinianjian/dz2021/cn-en/html/2119.htm","retail_sales",,,,,,,,,,,,,,,,,,,,,,,,,,,,"1456807","-4.6"
"2020","建阳市","建阳区","21-10 一般公共预算支出（2020年）","http://tjj.fujian.gov.cn/tongjinianjian/dz2021/cn-en/html/2110.htm","budget_expenditure",,,,,,,,,,,,,,,,,,,,"318329","26849","64880","4352","55616",,,,,
"2020","建阳市","建阳区","21-9 地方一般公共预算收入（2020年）","http://tjj.fujian.gov.cn/tongjinianjian/dz2021/cn-en/html/2109.htm","budget_revenue",,,,,,,,,,,,,,,,"133646","30225","8289","3185",,,,,,,,,,
"2020","建阳市","建阳区","21-1 地区生产总值（2020年）","http://tjj.fujian.gov.cn/tongjinianjian/dz2021/cn-en/html/2101.htm","gdp","261.94","39.38","106.37","116.2","80.15","26.27","78426",,,,,,,,,,,,,,,,,,,,,,
"2020","建阳市","建阳区","21-14 规模以上工业增加值增速（2020年）","http://tjj.fujian.gov.cn/tongjinianjian/dz2021/cn-en/html/2114.htm","industrial_va_growth",,,,,,,,,,,,,,,,,,,,,,,,,"-1.9","-2.8","-0.8",,
"2020","建阳市","建阳区","21-4 年末常住人口数（2020年）","http://tjj.fujian.gov.cn/tongjinianjian/dz2021/cn-en/html/2104.htm","population",,,,,,,,"34.1","21","13.1","61.6",,,,,,,,,,,,,,,,,,
"2020","建阳市","建阳区","21-19 社会消费品零售总额（2020年）","http://tjj.fujian.gov.cn/tongjinianjian/dz2021/cn-en/html/2119.htm","retail_sales",,,,,,,,,,,,,,,,,,,,,,,,,,,,"891928","-3.4"
"2020","将乐县","将乐县","21-10 一般公共预算支出（2020年）","http://tjj.fujian.gov.cn/tongjinianjian/dz2021/cn-en/html/2110.htm","budget_expenditure",,,,,,,,,,,,,,,,,,,,"226844","18974","42871","2607","36948",,,,,
"2020","将乐县","将乐县","21-9 地方一般公共预算收入（2020年）","http://tjj.fujian.gov.cn/tongjinianjian/dz2021/cn-en/html/2109.htm","budget_revenue",,,,,,,,,,,,,,,,"66380","17396","6569","9687",,,,,,,,,,
"2020","将乐县","将乐县","21-1 地区生产总值（2020年）","http://tjj.fujian.gov.cn/tongjinianjian/dz2021/cn-en/html/2101.htm","gdp","165.31","20.47","81.66","63.18","58.76","23.18","113615",,,,,,,,,,,,,,,,,,,,,,
"2020","将乐县","将乐县","21-14 规模以上工业增加值增速（2020年）","http://tjj.fujian.gov.cn/tongjinianjian/dz2021/cn-en/html/2114.htm","industrial_va_growth",,,,,,,,,,,,,,,,,,,,,,,,,"3.9","0.5","6.5",,
"2020","将乐县","将乐县","21-4 年末常住人口数（2020年）","http://tjj.fujian.gov.cn/tongjinianjian/dz2021/cn-en/html/2104.htm","population",,,,,,,,"14.5","8.51","5.99","58.7",,,,,,,,,,,,,,,,,,
"2020","将乐县","将乐县","21-19 社会消费品零售总额（2020年）","http://tjj.fujian.gov.cn/tongjinianjian/dz2021/cn-en/html/2119.htm","retail_sales",,,,,,,,,,,,,,,,,,,,,,,,,,,,"528242","2.8"
"2020","蕉城区","蕉城区","21-10 一般公共预算支出（2020年）","http://tjj.fujian.gov.cn/tongjinianjian/dz2021/cn-en/html/2110.htm","budget_expenditure",,,,,,,,,,,,,,,,,,,,"433970","57398","98924","40541","59053",,,,,
"2020","蕉城区","蕉城区","21-9 地方一般公共预算收入（2020年）","http://tjj.fujian.gov.cn/tongjinianjian/dz2021/cn-en/html/2109.htm","budget_revenue",,,,,,,,,,,,,,,,"230416","74224","58098","10332",,,,,,,,,,
"2020","蕉城区","蕉城区","21-1 地区生产总值（2020年）","http://tjj.fujian.gov.cn/tongjinianjian/dz2021/cn-en/html/2101.htm","gdp","782.81","42.32","494.64","245.84","421.02","74.01","127182",,,,,,,,,,,,,,,,,,,,,,
"2020","蕉城区","蕉城区","21-14 规模以上工业增加值增速（2020年）","http://tjj.fujian.gov.cn/tongjinianjian/dz2021/cn-en/html/2114.htm","industrial_va_growth",,,,,,,,,,,,,,,,,,,,,,,,,"21","16.1","37.4",,
"2020","蕉城区","蕉城区","21-4 年末常住人口数（2020年）","http://tjj.fujian.gov.cn/tongjinianjian/dz2021/cn-en/html/2104.htm","population",,,,,,,,"62.6","42.7","19.9","68.2",,,,,,,,,,,,,,,,,,
"2020","蕉城区","蕉城区","21-19 社会消费品零售总额（2020年）","http://tjj.fujian.gov.cn/tongjinianjian/dz2021/cn-en/html/2119.htm","retail_sales",,,,,,,,,,,,,,,,,,,,,,,,,,,,"1597766","-7.8"
"2020","晋安区","晋安区","21-10 一般公共预算支出（2020年）","http://tjj.fujian.gov.cn/tongjinianjian/dz2021/cn-en/html/2110.htm","budget_expenditure",,,,,,,,,,,,,,,,,,,,"346721","32925","71193","8881","22278",,,,,
"2020","晋安区","晋安区","21-9 地方一般公共预算收入（2020年）","http://tjj.fujian.gov.cn/tongjinianjian/dz2021/cn-en/html/2109.htm","budget_revenue",,,,,,,,,,,,,,,,"228809","69052","25308",,,,,,,,,,,
"2020","晋安区","晋安区","21-1 地区生产总值（2020年）","http://tjj.fujian.gov.cn/tongjinianjian/dz2021/cn-en/html/2101.htm","gdp","959.05","7.99","253.98","697.08","139.98","114.28","121016",,,,,,,,,,,,,,,,,,,,,,
"2020","晋安区","晋安区","21-14 规模以上工业增加值增速（2020年）","http://tjj.fujian.gov.cn/tongjinianjian/dz2021/cn-en/html/2114.htm","industrial_va_growth",,,,,,,,,,,,,,,,,,,,,,,,,"5.3","7.1","4.4",,
"2020","晋安区","晋安区","21-4 年末常住人口数（2020年）","http://tjj.fujian.gov.cn/tongjinianjian/dz2021/cn-en/html/2104.htm","population",,,,,,,,"79","77.01","1.99","97.5",,,,,,,,,,,,,,,,,,
"2020","晋安区","晋安区","21-19 社会消费品零售总额（2020年）","http://tjj.fujian.gov.cn/tongjinianjian/dz2021/cn-en/html/2119.htm","retail_sales",,,,,,,,,,,,,,,,,,,,,,,,,,,,"9065109","1.3"
"2020","晋江市","晋江市","21-10 一般公共预算支出（2020年）","http://tjj.fujian.gov.cn/tongjinianjian/dz2021/cn-en/html/2110.htm","budget_expenditure",,,,,,,,,,,,,,,,,,,,"1509088","83028","342263","51604","141282",,,,,
"2020","晋江市","晋江市","21-9 地方一般公共预算收入（2020年）","http://tjj.fujian.gov.cn/tongjinianjian/dz2021/cn-en/html/2109.htm","budget_revenue",,,,,,,,,,,,,,,,"1392800","420630","167075","107686",,,,,,,,,,
"2020","晋江市","晋江市","21-1 地区生产总值（2020年）","http://tjj.fujian.gov.cn/tongjinianjian/dz2021/cn-en/html/2101.htm","gdp","2616.11","20.26","1577.32","1018.52","1510.84","73.16","126872",,,,,,,,,,,,,,,,,,,,,,
"2020","晋江市","晋江市","21-14 规模以上工业增加值增速（2020年）","http://tjj.fujian.gov.cn/tongjinianjian/dz2021/cn-en/html/2114.htm","industrial_va_growth",,,,,,,,,,,,,,,,,,,,,,,,,"5","5.9","2.1",,
"2020","晋江市","晋江市","21-4 年末常住人口数（2020年）","http://tjj.fujian.gov.cn/tongjinianjian/dz2021/cn-en/html/2104.htm","population",,,,,,,,"206.2","141.64","64.56","68.7",,,,,,,,,,,,,,,,,,
"2020","晋江市","晋江市","21-19 社会消费品零售总额（2020年）","http://tjj.fujian.gov.cn/tongjinianjian/dz2021/cn-en/html/2119.htm","retail_sales",,,,,,,,,,,,,,,,,,,,,,,,,,,,"15135428","0.1"
"2020","鲤城区","鲤城区","21-10 一般公共预算支出（2020年）","http://tjj.fujian.gov.cn/tongjinianjian/dz2021/cn-en/html/2110.htm","budget_expenditure",,,,,,,,,,,,,,,,,,,,"146419","15520","49564","3551","2636",,,,,
"2020","鲤城区","鲤城区","21-9 地方一般公共预算收入（2020年）","http://tjj.fujian.gov.cn/tongjinianjian/dz2021/cn-en/html/2109.htm","budget_revenue",,,,,,,,,,,,,,,,"122752","41314","11976","3616",,,,,,,,,,
"2020","鲤城区","鲤城区","21-1 地区生产总值（2020年）","http://tjj.fujian.gov.cn/tongjinianjian/dz2021/cn-en/html/2101.htm","gdp","621.85","0.21","304.07","317.57","277.61","26.56","145293",,,,,,,,,,,,,,,,,,,,,,
"2020","鲤城区","鲤城区","21-14 规模以上工业增加值增速（2020年）","http://tjj.fujian.gov.cn/tongjinianjian/dz2021/cn-en/html/2114.htm","industrial_va_growth",,,,,,,,,,,,,,,,,,,,,,,,,"-8","-7.9","-8.1",,
"2020","鲤城区","鲤城区","21-4 年末常住人口数（2020年）","http://tjj.fujian.gov.cn/tongjinianjian/dz2021/cn-en/html/2104.htm","population",,,,,,,,"42.8","42.8",,"100",,,,,,,,,,,,,,,,,,
"2020","鲤城区","鲤城区","21-19 社会消费品零售总额（2020年）","http://tjj.fujian.gov.cn/tongjinianjian/dz2021/cn-en/html/2119.htm","retail_sales",,,,,,,,,,,,,,,,,,,,,,,,,,,,"3397741","-7.8"
"2020","荔城区","荔城区","21-10 一般公共预算支出（2020年）","http://tjj.fujian.gov.cn/tongjinianjian/dz2021/cn-en/html/2110.htm","budget_expenditure",,,,,,,,,,,,,,,,,,,,"341611","32543","94429","4724","27044",,,,,
"2020","荔城区","荔城区","21-9 地方一般公共预算收入（2020年）","http://tjj.fujian.gov.cn/tongjinianjian/dz2021/cn-en/html/2109.htm","budget_revenue",,,,,,,,,,,,,,,,"275534","94412","27880","5664",,,,,,,,,,
"2020","荔城区","荔城区","21-1 地区生产总值（2020年）","http://tjj.fujian.gov.cn/tongjinianjian/dz2021/cn-en/html/2101.htm","gdp","548.01","16.52","285.92","245.57","224.18","62.28","82223",,,,,,,,,,,,,,,,,,,,,,
"2020","荔城区","荔城区","21-14 规模以上工业增加值增速（2020年）","http://tjj.fujian.gov.cn/tongjinianjian/dz2021/cn-en/html/2114.htm","industrial_va_growth",,,,,,,,,,,,,,,,,,,,,,,,,"3.3","2.7","7.6",,
"2020","荔城区","荔城区","21-4 年末常住人口数（2020年）","http://tjj.fujian.gov.cn/tongjinianjian/dz2021/cn-en/html/2104.htm","population",,,,,,,,"67.4","49.98","17.42","74.2",,,,,,,,,,,,,,,,,,
"2020","荔城区","荔城区","21-19 社会消费品零售总额（2020年）","http://tjj.fujian.gov.cn/tongjinianjian/dz2021/cn-en/html/2119.htm","retail_sales",,,,,,,,,,,,,,,,,,,,,,,,,,,,"4386086","-2.5"
"2020","连城县","连城县","21-10 一般公共预算支出（2020年）","http://tjj.fujian.gov.cn/tongjinianjian/dz2021/cn-en/html/2110.htm","budget_expenditure",,,,,,,,,,,,,,,,,,,,"308047","27985","68611","9240","66803",,,,,
"2020","连城县","连城县","21-9 地方一般公共预算收入（2020年）","http://tjj.fujian.gov.cn/tongjinianjian/dz2021/cn-en/html/2109.htm","budget_revenue",,,,,,,,,,,,,,,,"70153","16727","5951","3400",,,,,,,,,,
"2020","连城县","连城县","21-1 地区生产总值（2020年）","http://tjj.fujian.gov.cn/tongjinianjian/dz2021/cn-en/html/2101.htm","gdp","276.55","40.77","123.03","112.74","85.67","37.36","110399",,,,,,,,,,,,,,,,,,,,,,
"2020","连城县","连城县","21-14 规模以上工业增加值增速（2020年）","http://tjj.fujian.gov.cn/tongjinianjian/dz2021/cn-en/html/2114.htm","industrial_va_growth",,,,,,,,,,,,,,,,,,,,,,,,,"6.6","6","7.4",,
"2020","连城县","连城县","21-4 年末常住人口数（2020年）","http://tjj.fujian.gov.cn/tongjinianjian/dz2021/cn-en/html/2104.htm","population",,,,,,,,"25.1","12.48","12.62","49.7",,,,,,,,,,,,,,,,,,
"2020","连城县","连城县","21-19 社会消费品零售总额（2020年）","http://tjj.fujian.gov.cn/tongjinianjian/dz2021/cn-en/html/2119.htm","retail_sales",,,,,,,,,,,,,,,,,,,,,,,,,,,,"1214131","-0.5"
"2020","连江县","连江县","21-10 一般公共预算支出（2020年）","http://tjj.fujian.gov.cn/tongjinianjian/dz2021/cn-en/html/2110.htm","budget_expenditure",,,,,,,,,,,,,,,,,,,,"787115","57956","164616","7446","92069",,,,,
"2020","连江县","连江县","21-9 地方一般公共预算收入（2020年）","http://tjj.fujian.gov.cn/tongjinianjian/dz2021/cn-en/html/2109.htm","budget_revenue",,,,,,,,,,,,,,,,"347596","112871","31783","37287",,,,,,,,,,
"2020","连江县","连江县","21-1 地区生产总值（2020年）","http://tjj.fujian.gov.cn/tongjinianjian/dz2021/cn-en/html/2101.htm","gdp","594.85","147.07","221.8","225.98","164.99","69.8","93091",,,,,,,,,,,,,,,,,,,,,,
"2020","连江县","连江县","21-14 规模以上工业增加值增速（2020年）","http://tjj.fujian.gov.cn/tongjinianjian/dz2021/cn-en/html/2114.htm","industrial_va_growth",,,,,,,,,,,,,,,,,,,,,,,,,"-9.5","-6.6","-13.5",,
"2020","连江县","连江县","21-4 年末常住人口数（2020年）","http://tjj.fujian.gov.cn/tongjinianjian/dz2021/cn-en/html/2104.htm","population",,,,,,,,"64.1","32.47","31.63","50.7",,,,,,,,,,,,,,,,,,
"2020","连江县","连江县","21-19 社会消费品零售总额（2020年）","http://tjj.fujian.gov.cn/tongjinianjian/dz2021/cn-en/html/2119.htm","retail_sales",,,,,,,,,,,,,,,,,,,,,,,,,,,,"1273625","-1.8"
"2020","龙海市","龙海市","21-10 一般公共预算支出（2020年）","http://tjj.fujian.gov.cn/tongjinianjian/dz2021/cn-en/html/2110.htm","budget_expenditure",,,,,,,,,,,,,,,,,,,,"437226","36735","95031","2579","45127",,,,,
"2020","龙海市","龙海市","21-9 地方一般公共预算收入（2020年）","http://tjj.fujian.gov.cn/tongjinianjian/dz2021/cn-en/html/2109.htm","budget_revenue",,,,,,,,,,,,,,,,"248331","76322","43110","3893",,,,,,,,,,
"2020","龙海市","龙海市","21-1 地区生产总值（2020年）","http://tjj.fujian.gov.cn/tongjinianjian/dz2021/cn-en/html/2101.htm","gdp","1115.75","79.99","634.95","400.81","486.54","151.01","117139",,,,,,,,,,,,,,,,,,,,,,
"2020","龙海市","龙海市","21-14 规模以上工业增加值增速（2020年）","http://tjj.fujian.gov.cn/tongjinianjian/dz2021/cn-en/html/2114.htm","industrial_va_growth",,,,,,,,,,,,,,,,,,,,,,,,,"3.8","2.6","16.5",,
"2020","龙海市","龙海市","21-4 年末常住人口数（2020年）","http://tjj.fujian.gov.cn/tongjinianjian/dz2021/cn-en/html/2104.htm","population",,,,,,,,"95.3","58.37","36.93","61.3",,,,,,,,,,,,,,,,,,
"2020","龙海市","龙海市","21-19 社会消费品零售总额（2020年）","http://tjj.fujian.gov.cn/tongjinianjian/dz2021/cn-en/html/2119.htm","retail_sales",,,,,,,,,,,,,,,,,,,,,,,,,,,,"2476063","-0.9"
"2020","龙文区","龙文区","21-10 一般公共预算支出（2020年）","http://tjj.fujian.gov.cn/tongjinianjian/dz2021/cn-en/html/2110.htm","budget_expenditure",,,,,,,,,,,,,,,,,,,,"158341","20130","44514","5072","9288",,,,,
"2020","龙文区","龙文区","21-9 地方一般公共预算收入（2020年）","http://tjj.fujian.gov.cn/tongjinianjian/dz2021/cn-en/html/2109.htm","budget_revenue",,,,,,,,,,,,,,,,"114745","34581","11796","2759",,,,,,,,,,
"2020","龙文区","龙文区","21-1 地区生产总值（2020年）","http://tjj.fujian.gov.cn/tongjinianjian/dz2021/cn-en/html/2101.htm","gdp","349.07","5.95","116.42","226.7","76.73","40.01","117729",,,,,,,,,,,,,,,,,,,,,,
"2020","龙文区","龙文区","21-14 规模以上工业增加值增速（2020年）","http://tjj.fujian.gov.cn/tongjinianjian/dz2021/cn-en/html/2114.htm","industrial_va_growth",,,,,,,,,,,,,,,,,,,,,,,,,"-23.8","-14.6","-39.7",,
"2020","龙文区","龙文区","21-4 年末常住人口数（2020年）","http://tjj.fujian.gov.cn/tongjinianjian/dz2021/cn-en/html/2104.htm","population",,,,,,,,"30.5","27.73","2.77","90.9",,,,,,,,,,,,,,,,,,
"2020","龙文区","龙文区","21-19 社会消费品零售总额（2020年）","http://tjj.fujian.gov.cn/tongjinianjian/dz2021/cn-en/html/2119.htm","retail_sales",,,,,,,,,,,,,,,,,,,,,,,,,,,,"2211338","-5.5"
"2020","罗源县","罗源县","21-10 一般公共预算支出（2020年）","http://tjj.fujian.gov.cn/tongjinianjian/dz2021/cn-en/html/2110.htm","budget_expenditure",,,,,,,,,,,,,,,,,,,,"281661","31969","51017","2196","57038",,,,,
"2020","罗源县","罗源县","21-9 地方一般公共预算收入（2020年）","http://tjj.fujian.gov.cn/tongjinianjian/dz2021/cn-en/html/2109.htm","budget_revenue",,,,,,,,,,,,,,,,"96769","23743","17514","3968",,,,,,,,,,
"2020","罗源县","罗源县","21-1 地区生产总值（2020年）","http://tjj.fujian.gov.cn/tongjinianjian/dz2021/cn-en/html/2101.htm","gdp","316.61","49.02","171.63","95.96","151.58","20.33","124407",,,,,,,,,,,,,,,,,,,,,,
"2020","罗源县","罗源县","21-14 规模以上工业增加值增速（2020年）","http://tjj.fujian.gov.cn/tongjinianjian/dz2021/cn-en/html/2114.htm","industrial_va_growth",,,,,,,,,,,,,,,,,,,,,,,,,"7.6","8.5","-2.5",,
"2020","罗源县","罗源县","21-4 年末常住人口数（2020年）","http://tjj.fujian.gov.cn/tongjinianjian/dz2021/cn-en/html/2104.htm","population",,,,,,,,"25.6","18.32","7.28","71.6",,,,,,,,,,,,,,,,,,
"2020","罗源县","罗源县","21-19 社会消费品零售总额（2020年）","http://tjj.fujian.gov.cn/tongjinianjian/dz2021/cn-en/html/2119.htm","retail_sales",,,,,,,,,,,,,,,,,,,,,,,,,,,,"513063","5"
"2020","洛江区","洛江区","21-10 一般公共预算支出（2020年）","http://tjj.fujian.gov.cn/tongjinianjian/dz2021/cn-en/html/2110.htm","budget_expenditure",,,,,,,,,,,,,,,,,,,,"169800","22418","43900","4777","14171",,,,,
"2020","洛江区","洛江区","21-9 地方一般公共预算收入（2020年）","http://tjj.fujian.gov.cn/tongjinianjian/dz2021/cn-en/html/2109.htm","budget_revenue",,,,,,,,,,,,,,,,"128161","48996","13022","2557",,,,,,,,,,
"2020","洛江区","洛江区","21-1 地区生产总值（2020年）","http://tjj.fujian.gov.cn/tongjinianjian/dz2021/cn-en/html/2101.htm","gdp","284.94","5.41","183.6","95.94","155.12","28.48","115830",,,,,,,,,,,,,,,,,,,,,,
"2020","洛江区","洛江区","21-14 规模以上工业增加值增速（2020年）","http://tjj.fujian.gov.cn/tongjinianjian/dz2021/cn-en/html/2114.htm","industrial_va_growth",,,,,,,,,,,,,,,,,,,,,,,,,"3.4","5.4","-2.5",,
"2020","洛江区","洛江区","21-4 年末常住人口数（2020年）","http://tjj.fujian.gov.cn/tongjinianjian/dz2021/cn-en/html/2104.htm","population",,,,,,,,"24.8","14.55","10.25","58.7",,,,,,,,,,,,,,,,,,
"2020","洛江区","洛江区","21-19 社会消费品零售总额（2020年）","http://tjj.fujian.gov.cn/tongjinianjian/dz2021/cn-en/html/2119.htm","retail_sales",,,,,,,,,,,,,,,,,,,,,,,,,,,,"682666","3.7"
"2020","马尾区","马尾区","21-10 一般公共预算支出（2020年）","http://tjj.fujian.gov.cn/tongjinianjian/dz2021/cn-en/html/2110.htm","budget_expenditure",,,,,,,,,,,,,,,,,,,,"401156","48490","73797","17105","13774",,,,,
"2020","马尾区","马尾区","21-9 地方一般公共预算收入（2020年）","http://tjj.fujian.gov.cn/tongjinianjian/dz2021/cn-en/html/2109.htm","budget_revenue",,,,,,,,,,,,,,,,"209996","57735","30359","1555",,,,,,,,,,
"2020","马尾区","马尾区","21-1 地区生产总值（2020年）","http://tjj.fujian.gov.cn/tongjinianjian/dz2021/cn-en/html/2101.htm","gdp","604.96","9.89","354.87","240.19","226.44","128.92","208966",,,,,,,,,,,,,,,,,,,,,,
"2020","马尾区","马尾区","21-14 规模以上工业增加值增速（2020年）","http://tjj.fujian.gov.cn/tongjinianjian/dz2021/cn-en/html/2114.htm","industrial_va_growth",,,,,,,,,,,,,,,,,,,,,,,,,"6.2","6.5","5.9",,
"2020","马尾区","马尾区","21-4 年末常住人口数（2020年）","http://tjj.fujian.gov.cn/tongjinianjian/dz2021/cn-en/html/2104.htm","population",,,,,,,,"29.2","25.67","3.53","87.9",,,,,,,,,,,,,,,,,,
"2020","马尾区","马尾区","21-19 社会消费品零售总额（2020年）","http://tjj.fujian.gov.cn/tongjinianjian/dz2021/cn-en/html/2119.htm","retail_sales",,,,,,,,,,,,,,,,,,,,,,,,,,,,"1827604","-3.4"
"2020","梅列区","梅列区","21-10 一般公共预算支出（2020年）","http://tjj.fujian.gov.cn/tongjinianjian/dz2021/cn-en/html/2110.htm","budget_expenditure",,,,,,,,,,,,,,,,,,,,"131080","11625","25308","419","14193",,,,,
"2020","梅列区","梅列区","21-9 地方一般公共预算收入（2020年）","http://tjj.fujian.gov.cn/tongjinianjian/dz2021/cn-en/html/2109.htm","budget_revenue",,,,,,,,,,,,,,,,"77312","16159","3579","1927",,,,,,,,,,
"2020","梅列区","梅列区","21-1 地区生产总值（2020年）","http://tjj.fujian.gov.cn/tongjinianjian/dz2021/cn-en/html/2101.htm","gdp","355.83","5.51","163.04","187.27","139.31","23.79","162850",,,,,,,,,,,,,,,,,,,,,,
"2020","梅列区","梅列区","21-14 规模以上工业增加值增速（2020年）","http://tjj.fujian.gov.cn/tongjinianjian/dz2021/cn-en/html/2114.htm","industrial_va_growth",,,,,,,,,,,,,,,,,,,,,,,,,"0.5","4.3","0.4",,
"2020","梅列区","梅列区","21-4 年末常住人口数（2020年）","http://tjj.fujian.gov.cn/tongjinianjian/dz2021/cn-en/html/2104.htm","population",,,,,,,,"22","21.45","0.55","97.5",,,,,,,,,,,,,,,,,,
"2020","梅列区","梅列区","21-19 社会消费品零售总额（2020年）","http://tjj.fujian.gov.cn/tongjinianjian/dz2021/cn-en/html/2119.htm","retail_sales",,,,,,,,,,,,,,,,,,,,,,,,,,,,"1108120","-0.6"
"2020","闽侯县","闽侯县","21-10 一般公共预算支出（2020年）","http://tjj.fujian.gov.cn/tongjinianjian/dz2021/cn-en/html/2110.htm","budget_expenditure",,,,,,,,,,,,,,,,,,,,"987956","79434","194008","37742","69182",,,,,
"2020","闽侯县","闽侯县","21-9 地方一般公共预算收入（2020年）","http://tjj.fujian.gov.cn/tongjinianjian/dz2021/cn-en/html/2109.htm","budget_revenue",,,,,,,,,,,,,,,,"781411","236258","76294","27534",,,,,,,,,,
"2020","闽侯县","闽侯县","21-1 地区生产总值（2020年）","http://tjj.fujian.gov.cn/tongjinianjian/dz2021/cn-en/html/2101.htm","gdp","793.04","48.52","413.42","331.1","327.32","86.41","81171",,,,,,,,,,,,,,,,,,,,,,
"2020","闽侯县","闽侯县","21-14 规模以上工业增加值增速（2020年）","http://tjj.fujian.gov.cn/tongjinianjian/dz2021/cn-en/html/2114.htm","industrial_va_growth",,,,,,,,,,,,,,,,,,,,,,,,,"3.5","6.8","-1.1",,
"2020","闽侯县","闽侯县","21-4 年末常住人口数（2020年）","http://tjj.fujian.gov.cn/tongjinianjian/dz2021/cn-en/html/2104.htm","population",,,,,,,,"99.3","59.69","39.61","60.1",,,,,,,,,,,,,,,,,,
"2020","闽侯县","闽侯县","21-19 社会消费品零售总额（2020年）","http://tjj.fujian.gov.cn/tongjinianjian/dz2021/cn-en/html/2119.htm","retail_sales",,,,,,,,,,,,,,,,,,,,,,,,,,,,"2972032","-3.9"
"2020","闽清县","闽清县","21-10 一般公共预算支出（2020年）","http://tjj.fujian.gov.cn/tongjinianjian/dz2021/cn-en/html/2110.htm","budget_expenditure",,,,,,,,,,,,,,,,,,,,"351683","28100","65668","1208","45203",,,,,
"2020","闽清县","闽清县","21-9 地方一般公共预算收入（2020年）","http://tjj.fujian.gov.cn/tongjinianjian/dz2021/cn-en/html/2109.htm","budget_revenue",,,,,,,,,,,,,,,,"160106","93413","14051","9492",,,,,,,,,,
"2020","闽清县","闽清县","21-1 地区生产总值（2020年）","http://tjj.fujian.gov.cn/tongjinianjian/dz2021/cn-en/html/2101.htm","gdp","344.88","36.19","184.9","123.79","74.53","112.92","134195",,,,,,,,,,,,,,,,,,,,,,
"2020","闽清县","闽清县","21-14 规模以上工业增加值增速（2020年）","http://tjj.fujian.gov.cn/tongjinianjian/dz2021/cn-en/html/2114.htm","industrial_va_growth",,,,,,,,,,,,,,,,,,,,,,,,,"5.3","1.9","25.3",,
"2020","闽清县","闽清县","21-4 年末常住人口数（2020年）","http://tjj.fujian.gov.cn/tongjinianjian/dz2021/cn-en/html/2104.htm","population",,,,,,,,"25.7","11.26","14.44","43.8",,,,,,,,,,,,,,,,,,
"2020","闽清县","闽清县","21-19 社会消费品零售总额（2020年）","http://tjj.fujian.gov.cn/tongjinianjian/dz2021/cn-en/html/2119.htm","retail_sales",,,,,,,,,,,,,,,,,,,,,,,,,,,,"454980","3.6"
"2020","明溪县","明溪县","21-10 一般公共预算支出（2020年）","http://tjj.fujian.gov.cn/tongjinianjian/dz2021/cn-en/html/2110.htm","budget_expenditure",,,,,,,,,,,,,,,,,,,,"174410","14829","33456","1354","37160",,,,,
"2020","明溪县","明溪县","21-9 地方一般公共预算收入（2020年）","http://tjj.fujian.gov.cn/tongjinianjian/dz2021/cn-en/html/2109.htm","budget_revenue",,,,,,,,,,,,,,,,"34713","11683","3340","1517",,,,,,,,,,
"2020","明溪县","明溪县","21-1 地区生产总值（2020年）","http://tjj.fujian.gov.cn/tongjinianjian/dz2021/cn-en/html/2101.htm","gdp","111","20.92","53.79","36.29","35.12","18.76","111003",,,,,,,,,,,,,,,,,,,,,,
"2020","明溪县","明溪县","21-14 规模以上工业增加值增速（2020年）","http://tjj.fujian.gov.cn/tongjinianjian/dz2021/cn-en/html/2114.htm","industrial_va_growth",,,,,,,,,,,,,,,,,,,,,,,,,"3.6","8.2","1.3",,
"2020","明溪县","明溪县","21-4 年末常住人口数（2020年）","http://tjj.fujian.gov.cn/tongjinianjian/dz2021/cn-en/html/2104.htm","population",,,,,,,,"9.9","5.18","4.72","52.4",,,,,,,,,,,,,,,,,,
"2020","明溪县","明溪县","21-19 社会消费品零售总额（2020年）","http://tjj.fujian.gov.cn/tongjinianjian/dz2021/cn-en/html/2119.htm","retail_sales",,,,,,,,,,,,,,,,,,,,,,,,,,,,"235980","-1.6"
"2020","南安市","南安市","21-10 一般公共预算支出（2020年）","http://tjj.fujian.gov.cn/tongjinianjian/dz2021/cn-en/html/2110.htm","budget_expenditure",,,,,,,,,,,,,,,,,,,,"895042","66106","221647","19721","93636",,,,,
"2020","南安市","南安市","21-9 地方一般公共预算收入（2020年）","http://tjj.fujian.gov.cn/tongjinianjian/dz2021/cn-en/html/2109.htm","budget_revenue",,,,,,,,,,,,,,,,"530451","174381","51484","53708",,,,,,,,,,
"2020","南安市","南安市","21-1 地区生产总值（2020年）","http://tjj.fujian.gov.cn/tongjinianjian/dz2021/cn-en/html/2101.htm","gdp","1352.72","36.49","791.4","524.84","730.38","61.65","89171",,,,,,,,,,,,,,,,,,,,,,
"2020","南安市","南安市","21-14 规模以上工业增加值增速（2020年）","http://tjj.fujian.gov.cn/tongjinianjian/dz2021/cn-en/html/2114.htm","industrial_va_growth",,,,,,,,,,,,,,,,,,,,,,,,,"6.2","0.7","9.2",,
"2020","南安市","南安市","21-4 年末常住人口数（2020年）","http://tjj.fujian.gov.cn/tongjinianjian/dz2021/cn-en/html/2104.htm","population",,,,,,,,"151.9","93.78","58.12","61.7",,,,,,,,,,,,,,,,,,
"2020","南安市","南安市","21-19 社会消费品零售总额（2020年）","http://tjj.fujian.gov.cn/tongjinianjian/dz2021/cn-en/html/2119.htm","retail_sales",,,,,,,,,,,,,,,,,,,,,,,,,,,,"7383970","-4.5"
"2020","南靖县","南靖县","21-10 一般公共预算支出（2020年）","http://tjj.fujian.gov.cn/tongjinianjian/dz2021/cn-en/html/2110.htm","budget_expenditure",,,,,,,,,,,,,,,,,,,,"287982","32130","60174","1307","36866",,,,,
"2020","南靖县","南靖县","21-9 地方一般公共预算收入（2020年）","http://tjj.fujian.gov.cn/tongjinianjian/dz2021/cn-en/html/2109.htm","budget_revenue",,,,,,,,,,,,,,,,"82004","28055","6602","2520",,,,,,,,,,
"2020","南靖县","南靖县","21-1 地区生产总值（2020年）","http://tjj.fujian.gov.cn/tongjinianjian/dz2021/cn-en/html/2101.htm","gdp","345.33","75.29","154.65","115.39","131.57","23.13","112120",,,,,,,,,,,,,,,,,,,,,,
"2020","南靖县","南靖县","21-14 规模以上工业增加值增速（2020年）","http://tjj.fujian.gov.cn/tongjinianjian/dz2021/cn-en/html/2114.htm","industrial_va_growth",,,,,,,,,,,,,,,,,,,,,,,,,"-15","-20.4","-10.9",,
"2020","南靖县","南靖县","21-4 年末常住人口数（2020年）","http://tjj.fujian.gov.cn/tongjinianjian/dz2021/cn-en/html/2104.htm","population",,,,,,,,"30.5","16.13","14.37","52.9",,,,,,,,,,,,,,,,,,
"2020","南靖县","南靖县","21-19 社会消费品零售总额（2020年）","http://tjj.fujian.gov.cn/tongjinianjian/dz2021/cn-en/html/2119.htm","retail_sales",,,,,,,,,,,,,,,,,,,,,,,,,,,,"1038237","-8.4"
"2020","宁化县","宁化县","21-10 一般公共预算支出（2020年）","http://tjj.fujian.gov.cn/tongjinianjian/dz2021/cn-en/html/2110.htm","budget_expenditure",,,,,,,,,,,,,,,,,,,,"318960","26146","68255","4136","62707",,,,,
"2020","宁化县","宁化县","21-9 地方一般公共预算收入（2020年）","http://tjj.fujian.gov.cn/tongjinianjian/dz2021/cn-en/html/2109.htm","budget_revenue",,,,,,,,,,,,,,,,"67315","15107","3789","1029",,,,,,,,,,
"2020","宁化县","宁化县","21-1 地区生产总值（2020年）","http://tjj.fujian.gov.cn/tongjinianjian/dz2021/cn-en/html/2101.htm","gdp","201.97","29.22","91","81.75","48.33","43.16","76941",,,,,,,,,,,,,,,,,,,,,,
"2020","宁化县","宁化县","21-14 规模以上工业增加值增速（2020年）","http://tjj.fujian.gov.cn/tongjinianjian/dz2021/cn-en/html/2114.htm","industrial_va_growth",,,,,,,,,,,,,,,,,,,,,,,,,"3.8","0.6","8.1",,
"2020","宁化县","宁化县","21-4 年末常住人口数（2020年）","http://tjj.fujian.gov.cn/tongjinianjian/dz2021/cn-en/html/2104.htm","population",,,,,,,,"26.2","12.62","13.58","48.2",,,,,,,,,,,,,,,,,,
"2020","宁化县","宁化县","21-19 社会消费品零售总额（2020年）","http://tjj.fujian.gov.cn/tongjinianjian/dz2021/cn-en/html/2119.htm","retail_sales",,,,,,,,,,,,,,,,,,,,,,,,,,,,"604673","-1.2"
"2020","平和县","平和县","21-10 一般公共预算支出（2020年）","http://tjj.fujian.gov.cn/tongjinianjian/dz2021/cn-en/html/2110.htm","budget_expenditure",,,,,,,,,,,,,,,,,,,,"335089","23796","61956","839","55031",,,,,
"2020","平和县","平和县","21-9 地方一般公共预算收入（2020年）","http://tjj.fujian.gov.cn/tongjinianjian/dz2021/cn-en/html/2109.htm","budget_revenue",,,,,,,,,,,,,,,,"63393","16530","4484","1088",,,,,,,,,,
"2020","平和县","平和县","21-1 地区生产总值（2020年）","http://tjj.fujian.gov.cn/tongjinianjian/dz2021/cn-en/html/2101.htm","gdp","254.57","48.5","67.17","138.9","54.2","12.97","55582",,,,,,,,,,,,,,,,,,,,,,
"2020","平和县","平和县","21-14 规模以上工业增加值增速（2020年）","http://tjj.fujian.gov.cn/tongjinianjian/dz2021/cn-en/html/2114.htm","industrial_va_growth",,,,,,,,,,,,,,,,,,,,,,,,,"-28.8","-38.2","-24.1",,
"2020","平和县","平和县","21-4 年末常住人口数（2020年）","http://tjj.fujian.gov.cn/tongjinianjian/dz2021/cn-en/html/2104.htm","population",,,,,,,,"45.4","21.55","23.85","47.5",,,,,,,,,,,,,,,,,,
"2020","平和县","平和县","21-19 社会消费品零售总额（2020年）","http://tjj.fujian.gov.cn/tongjinianjian/dz2021/cn-en/html/2119.htm","retail_sales",,,,,,,,,,,,,,,,,,,,,,,,,,,,"995804","-6.5"
"2020","平潭县","平潭县","21-10 一般公共预算支出（2020年）","http://tjj.fujian.gov.cn/tongjinianjian/dz2021/cn-en/html/2110.htm","budget_expenditure",,,,,,,,,,,,,,,,,,,,"960534","88640","89581","214246","32294",,,,,
"2020","平潭县","平潭县","21-9 地方一般公共预算收入（2020年）","http://tjj.fujian.gov.cn/tongjinianjian/dz2021/cn-en/html/2109.htm","budget_revenue",,,,,,,,,,,,,,,,"546036","116505","57124","99640",,,,,,,,,,
"2020","平潭县","平潭县","21-1 地区生产总值（2020年）","http://tjj.fujian.gov.cn/tongjinianjian/dz2021/cn-en/html/2101.htm","gdp","301.43","36.03","84.44","180.96","6.56","78.04","77289",,,,,,,,,,,,,,,,,,,,,,
"2020","平潭县","平潭县","21-14 规模以上工业增加值增速（2020年）","http://tjj.fujian.gov.cn/tongjinianjian/dz2021/cn-en/html/2114.htm","industrial_va_growth",,,,,,,,,,,,,,,,,,,,,,,,,"-23.8","-30.2","-23.2",,
"2020","平潭县","平潭县","21-4 年末常住人口数（2020年）","http://tjj.fujian.gov.cn/tongjinianjian/dz2021/cn-en/html/2104.htm","population",,,,,,,,"39","20.96","18.04","53.7",,,,,,,,,,,,,,,,,,
"2020","平潭县","平潭县","21-19 社会消费品零售总额（2020年）","http://tjj.fujian.gov.cn/tongjinianjian/dz2021/cn-en/html/2119.htm","retail_sales",,,,,,,,,,,,,,,,,,,,,,,,,,,,"588158","-10.8"
"2020","屏南县","屏南县","21-10 一般公共预算支出（2020年）","http://tjj.fujian.gov.cn/tongjinianjian/dz2021/cn-en/html/2110.htm","budget_expenditure",,,,,,,,,,,,,,,,,,,,"200959","17594","44239","371","31995",,,,,
"2020","屏南县","屏南县","21-9 地方一般公共预算收入（2020年）","http://tjj.fujian.gov.cn/tongjinianjian/dz2021/cn-en/html/2109.htm","budget_revenue",,,,,,,,,,,,,,,,"39436","14256","3123","1044",,,,,,,,,,
"2020","屏南县","屏南县","21-1 地区生产总值（2020年）","http://tjj.fujian.gov.cn/tongjinianjian/dz2021/cn-en/html/2101.htm","gdp","91.84","16.37","23.6","51.87","15.48","8.14","65598",,,,,,,,,,,,,,,,,,,,,,
"2020","屏南县","屏南县","21-14 规模以上工业增加值增速（2020年）","http://tjj.fujian.gov.cn/tongjinianjian/dz2021/cn-en/html/2114.htm","industrial_va_growth",,,,,,,,,,,,,,,,,,,,,,,,,"-32.1","-13.8","-41.4",,
"2020","屏南县","屏南县","21-4 年末常住人口数（2020年）","http://tjj.fujian.gov.cn/tongjinianjian/dz2021/cn-en/html/2104.htm","population",,,,,,,,"14","6.91","7.09","49.3",,,,,,,,,,,,,,,,,,
"2020","屏南县","屏南县","21-19 社会消费品零售总额（2020年）","http://tjj.fujian.gov.cn/tongjinianjian/dz2021/cn-en/html/2119.htm","retail_sales",,,,,,,,,,,,,,,,,,,,,,,,,,,,"388609","1.2"
"2020","浦城县","浦城县","21-10 一般公共预算支出（2020年）","http://tjj.fujian.gov.cn/tongjinianjian/dz2021/cn-en/html/2110.htm","budget_expenditure",,,,,,,,,,,,,,,,,,,,"336923","22238","61524","3133","67749",,,,,
"2020","浦城县","浦城县","21-9 地方一般公共预算收入（2020年）","http://tjj.fujian.gov.cn/tongjinianjian/dz2021/cn-en/html/2109.htm","budget_revenue",,,,,,,,,,,,,,,,"67973","17539","4911","985",,,,,,,,,,
"2020","浦城县","浦城县","21-1 地区生产总值（2020年）","http://tjj.fujian.gov.cn/tongjinianjian/dz2021/cn-en/html/2101.htm","gdp","175.54","39.72","58.49","77.32","44.28","14.23","58807",,,,,,,,,,,,,,,,,,,,,,
"2020","浦城县","浦城县","21-14 规模以上工业增加值增速（2020年）","http://tjj.fujian.gov.cn/tongjinianjian/dz2021/cn-en/html/2114.htm","industrial_va_growth",,,,,,,,,,,,,,,,,,,,,,,,,"-2.7","-2.6","-3.2",,
"2020","浦城县","浦城县","21-4 年末常住人口数（2020年）","http://tjj.fujian.gov.cn/tongjinianjian/dz2021/cn-en/html/2104.htm","population",,,,,,,,"29.8","14.34","15.46","48.1",,,,,,,,,,,,,,,,,,
"2020","浦城县","浦城县","21-19 社会消费品零售总额（2020年）","http://tjj.fujian.gov.cn/tongjinianjian/dz2021/cn-en/html/2119.htm","retail_sales",,,,,,,,,,,,,,,,,,,,,,,,,,,,"415963","-6.6"
"2020","清流县","清流县","21-10 一般公共预算支出（2020年）","http://tjj.fujian.gov.cn/tongjinianjian/dz2021/cn-en/html/2110.htm","budget_expenditure",,,,,,,,,,,,,,,,,,,,"203249","16320","40848","1036","43917",,,,,
"2020","清流县","清流县","21-9 地方一般公共预算收入（2020年）","http://tjj.fujian.gov.cn/tongjinianjian/dz2021/cn-en/html/2109.htm","budget_revenue",,,,,,,,,,,,,,,,"43495","13227","6241","991",,,,,,,,,,
"2020","清流县","清流县","21-1 地区生产总值（2020年）","http://tjj.fujian.gov.cn/tongjinianjian/dz2021/cn-en/html/2101.htm","gdp","154.58","24.33","82.8","47.45","42.06","40.96","128280",,,,,,,,,,,,,,,,,,,,,,
"2020","清流县","清流县","21-14 规模以上工业增加值增速（2020年）","http://tjj.fujian.gov.cn/tongjinianjian/dz2021/cn-en/html/2114.htm","industrial_va_growth",,,,,,,,,,,,,,,,,,,,,,,,,"3.2","-8.5","8.2",,
"2020","清流县","清流县","21-4 年末常住人口数（2020年）","http://tjj.fujian.gov.cn/tongjinianjian/dz2021/cn-en/html/2104.htm","population",,,,,,,,"11.8","5.99","5.81","50.8",,,,,,,,,,,,,,,,,,
"2020","清流县","清流县","21-19 社会消费品零售总额（2020年）","http://tjj.fujian.gov.cn/tongjinianjian/dz2021/cn-en/html/2119.htm","retail_sales",,,,,,,,,,,,,,,,,,,,,,,,,,,,"488151","0.2"
"2020","泉港区","泉港区","21-10 一般公共预算支出（2020年）","http://tjj.fujian.gov.cn/tongjinianjian/dz2021/cn-en/html/2110.htm","budget_expenditure",,,,,,,,,,,,,,,,,,,,"359112","28072","86352","21854","34338",,,,,
"2020","泉港区","泉港区","21-9 地方一般公共预算收入（2020年）","http://tjj.fujian.gov.cn/tongjinianjian/dz2021/cn-en/html/2109.htm","budget_revenue",,,,,,,,,,,,,,,,"255767","120493","21557","3920",,,,,,,,,,
"2020","泉港区","泉港区","21-1 地区生产总值（2020年）","http://tjj.fujian.gov.cn/tongjinianjian/dz2021/cn-en/html/2101.htm","gdp","734.44","10.85","587.19","136.41","517.75","69.58","208057",,,,,,,,,,,,,,,,,,,,,,
"2020","泉港区","泉港区","21-14 规模以上工业增加值增速（2020年）","http://tjj.fujian.gov.cn/tongjinianjian/dz2021/cn-en/html/2114.htm","industrial_va_growth",,,,,,,,,,,,,,,,,,,,,,,,,"5.1","-58.4","23.3",,
"2020","泉港区","泉港区","21-4 年末常住人口数（2020年）","http://tjj.fujian.gov.cn/tongjinianjian/dz2021/cn-en/html/2104.htm","population",,,,,,,,"35.5","19.76","15.74","55.7",,,,,,,,,,,,,,,,,,
"2020","泉港区","泉港区","21-19 社会消费品零售总额（2020年）","http://tjj.fujian.gov.cn/tongjinianjian/dz2021/cn-en/html/2119.htm","retail_sales",,,,,,,,,,,,,,,,,,,,,,,,,,,,"1338702","-15.7"
"2020","三元区","三元区","21-10 一般公共预算支出（2020年）","http://tjj.fujian.gov.cn/tongjinianjian/dz2021/cn-en/html/2110.htm","budget_expenditure",,,,,,,,,,,,,,,,,,,,"115672","11490","34043","608","11892",,,,,
"2020","三元区","三元区","21-9 地方一般公共预算收入（2020年）","http://tjj.fujian.gov.cn/tongjinianjian/dz2021/cn-en/html/2109.htm","budget_revenue",,,,,,,,,,,,,,,,"51374","16150","3880","961",,,,,,,,,,
"2020","三元区","三元区","21-1 地区生产总值（2020年）","http://tjj.fujian.gov.cn/tongjinianjian/dz2021/cn-en/html/2101.htm","gdp","247.43","13.15","147.56","86.72","103.47","44.37","130917",,,,,,,,,,,,,,,,,,,,,,
"2020","三元区","三元区","21-14 规模以上工业增加值增速（2020年）","http://tjj.fujian.gov.cn/tongjinianjian/dz2021/cn-en/html/2114.htm","industrial_va_growth",,,,,,,,,,,,,,,,,,,,,,,,,"3.3","4.8","2.6",,
"2020","三元区","三元区","21-4 年末常住人口数（2020年）","http://tjj.fujian.gov.cn/tongjinianjian/dz2021/cn-en/html/2104.htm","population",,,,,,,,"18.8","16.45","2.35","87.5",,,,,,,,,,,,,,,,,,
"2020","三元区","三元区","21-19 社会消费品零售总额（2020年）","http://tjj.fujian.gov.cn/tongjinianjian/dz2021/cn-en/html/2119.htm","retail_sales",,,,,,,,,,,,,,,,,,,,,,,,,,,,"765140","-5.3"
"2020","沙县","沙县","21-10 一般公共预算支出（2020年）","http://tjj.fujian.gov.cn/tongjinianjian/dz2021/cn-en/html/2110.htm","budget_expenditure",,,,,,,,,,,,,,,,,,,,"279755","19498","61223","929","45672",,,,,
"2020","沙县","沙县","21-9 地方一般公共预算收入（2020年）","http://tjj.fujian.gov.cn/tongjinianjian/dz2021/cn-en/html/2109.htm","budget_revenue",,,,,,,,,,,,,,,,"104640","28394","6689","3942",,,,,,,,,,
"2020","沙县","沙县","21-1 地区生产总值（2020年）","http://tjj.fujian.gov.cn/tongjinianjian/dz2021/cn-en/html/2101.htm","gdp","323.87","32.41","190.36","101.09","136.59","54.87","129289",,,,,,,,,,,,,,,,,,,,,,
"2020","沙县","沙县","21-14 规模以上工业增加值增速（2020年）","http://tjj.fujian.gov.cn/tongjinianjian/dz2021/cn-en/html/2114.htm","industrial_va_growth",,,,,,,,,,,,,,,,,,,,,,,,,"3","5.3","1.7",,
"2020","沙县","沙县","21-4 年末常住人口数（2020年）","http://tjj.fujian.gov.cn/tongjinianjian/dz2021/cn-en/html/2104.htm","population",,,,,,,,"25.1","17.62","7.48","70.2",,,,,,,,,,,,,,,,,,
"2020","沙县","沙县","21-19 社会消费品零售总额（2020年）","http://tjj.fujian.gov.cn/tongjinianjian/dz2021/cn-en/html/2119.htm","retail_sales",,,,,,,,,,,,,,,,,,,,,,,,,,,,"951798","0.4"
"2020","上杭县","上杭县","21-10 一般公共预算支出（2020年）","http://tjj.fujian.gov.cn/tongjinianjian/dz2021/cn-en/html/2110.htm","budget_expenditure",,,,,,,,,,,,,,,,,,,,"513188","45537","105964","41067","70593",,,,,
"2020","上杭县","上杭县","21-9 地方一般公共预算收入（2020年）","http://tjj.fujian.gov.cn/tongjinianjian/dz2021/cn-en/html/2109.htm","budget_revenue",,,,,,,,,,,,,,,,"282121","55483","30097","8886",,,,,,,,,,
"2020","上杭县","上杭县","21-1 地区生产总值（2020年）","http://tjj.fujian.gov.cn/tongjinianjian/dz2021/cn-en/html/2101.htm","gdp","431.87","60.46","179.38","192.02","98.44","80.94","115164",,,,,,,,,,,,,,,,,,,,,,
"2020","上杭县","上杭县","21-14 规模以上工业增加值增速（2020年）","http://tjj.fujian.gov.cn/tongjinianjian/dz2021/cn-en/html/2114.htm","industrial_va_growth",,,,,,,,,,,,,,,,,,,,,,,,,"7.3","-28.1","8.4",,
"2020","上杭县","上杭县","21-4 年末常住人口数（2020年）","http://tjj.fujian.gov.cn/tongjinianjian/dz2021/cn-en/html/2104.htm","population",,,,,,,,"37.6","19.35","18.25","51.5",,,,,,,,,,,,,,,,,,
"2020","上杭县","上杭县","21-19 社会消费品零售总额（2020年）","http://tjj.fujian.gov.cn/tongjinianjian/dz2021/cn-en/html/2119.htm","retail_sales",,,,,,,,,,,,,,,,,,,,,,,,,,,,"1527573","-5.7"
"2020","邵武市","邵武市","21-10 一般公共预算支出（2020年）","http://tjj.fujian.gov.cn/tongjinianjian/dz2021/cn-en/html/2110.htm","budget_expenditure",,,,,,,,,,,,,,,,,,,,"310303","18373","60323","1766","46513",,,,,
"2020","邵武市","邵武市","21-9 地方一般公共预算收入（2020年）","http://tjj.fujian.gov.cn/tongjinianjian/dz2021/cn-en/html/2109.htm","budget_revenue",,,,,,,,,,,,,,,,"132057","26482","7947","2534",,,,,,,,,,
"2020","邵武市","邵武市","21-1 地区生产总值（2020年）","http://tjj.fujian.gov.cn/tongjinianjian/dz2021/cn-en/html/2101.htm","gdp","241.66","29.37","107.27","105.03","83.13","24.19","87878",,,,,,,,,,,,,,,,,,,,,,
"2020","邵武市","邵武市","21-14 规模以上工业增加值增速（2020年）","http://tjj.fujian.gov.cn/tongjinianjian/dz2021/cn-en/html/2114.htm","industrial_va_growth",,,,,,,,,,,,,,,,,,,,,,,,,"-7.4","-11.2","-1.1",,
"2020","邵武市","邵武市","21-4 年末常住人口数（2020年）","http://tjj.fujian.gov.cn/tongjinianjian/dz2021/cn-en/html/2104.htm","population",,,,,,,,"27.4","21.8","5.6","79.6",,,,,,,,,,,,,,,,,,
"2020","邵武市","邵武市","21-19 社会消费品零售总额（2020年）","http://tjj.fujian.gov.cn/tongjinianjian/dz2021/cn-en/html/2119.htm","retail_sales",,,,,,,,,,,,,,,,,,,,,,,,,,,,"1154432","-1.9"
"2020","石狮市","石狮市","21-10 一般公共预算支出（2020年）","http://tjj.fujian.gov.cn/tongjinianjian/dz2021/cn-en/html/2110.htm","budget_expenditure",,,,,,,,,,,,,,,,,,,,"615289","41087","96868","11766","53280",,,,,
"2020","石狮市","石狮市","21-9 地方一般公共预算收入（2020年）","http://tjj.fujian.gov.cn/tongjinianjian/dz2021/cn-en/html/2109.htm","budget_revenue",,,,,,,,,,,,,,,,"360278","103244","46172","13911",,,,,,,,,,
"2020","石狮市","石狮市","21-1 地区生产总值（2020年）","http://tjj.fujian.gov.cn/tongjinianjian/dz2021/cn-en/html/2101.htm","gdp","937.16","24.29","423.05","489.82","374.97","48.23","136911",,,,,,,,,,,,,,,,,,,,,,
"2020","石狮市","石狮市","21-14 规模以上工业增加值增速（2020年）","http://tjj.fujian.gov.cn/tongjinianjian/dz2021/cn-en/html/2114.htm","industrial_va_growth",,,,,,,,,,,,,,,,,,,,,,,,,"3","2.4","4.2",,
"2020","石狮市","石狮市","21-4 年末常住人口数（2020年）","http://tjj.fujian.gov.cn/tongjinianjian/dz2021/cn-en/html/2104.htm","population",,,,,,,,"68.6","59","9.6","86",,,,,,,,,,,,,,,,,,
"2020","石狮市","石狮市","21-19 社会消费品零售总额（2020年）","http://tjj.fujian.gov.cn/tongjinianjian/dz2021/cn-en/html/2119.htm","retail_sales",,,,,,,,,,,,,,,,,,,,,,,,,,,,"5434006","-2.9"
"2020","寿宁县","寿宁县","21-10 一般公共预算支出（2020年）","http://tjj.fujian.gov.cn/tongjinianjian/dz2021/cn-en/html/2110.htm","budget_expenditure",,,,,,,,,,,,,,,,,,,,"216448","16010","41215","666","37958",,,,,
"2020","寿宁县","寿宁县","21-9 地方一般公共预算收入（2020年）","http://tjj.fujian.gov.cn/tongjinianjian/dz2021/cn-en/html/2109.htm","budget_revenue",,,,,,,,,,,,,,,,"33617","11021","3381","1069",,,,,,,,,,
"2020","寿宁县","寿宁县","21-1 地区生产总值（2020年）","http://tjj.fujian.gov.cn/tongjinianjian/dz2021/cn-en/html/2101.htm","gdp","104.68","17.39","38.11","49.18","23.48","14.64","58807",,,,,,,,,,,,,,,,,,,,,,
"2020","寿宁县","寿宁县","21-14 规模以上工业增加值增速（2020年）","http://tjj.fujian.gov.cn/tongjinianjian/dz2021/cn-en/html/2114.htm","industrial_va_growth",,,,,,,,,,,,,,,,,,,,,,,,,"-2.9","-5.7","-1.4",,
"2020","寿宁县","寿宁县","21-4 年末常住人口数（2020年）","http://tjj.fujian.gov.cn/tongjinianjian/dz2021/cn-en/html/2104.htm","population",,,,,,,,"17.8","8.86","8.94","49.8",,,,,,,,,,,,,,,,,,
"2020","寿宁县","寿宁县","21-19 社会消费品零售总额（2020年）","http://tjj.fujian.gov.cn/tongjinianjian/dz2021/cn-en/html/2119.htm","retail_sales",,,,,,,,,,,,,,,,,,,,,,,,,,,,"320233","2.1"
"2020","顺昌县","顺昌县","21-10 一般公共预算支出（2020年）","http://tjj.fujian.gov.cn/tongjinianjian/dz2021/cn-en/html/2110.htm","budget_expenditure",,,,,,,,,,,,,,,,,,,,"249849","20208","39512","2166","38089",,,,,
"2020","顺昌县","顺昌县","21-9 地方一般公共预算收入（2020年）","http://tjj.fujian.gov.cn/tongjinianjian/dz2021/cn-en/html/2109.htm","budget_revenue",,,,,,,,,,,,,,,,"55718","19269","3170","2880",,,,,,,,,,
"2020","顺昌县","顺昌县","21-1 地区生产总值（2020年）","http://tjj.fujian.gov.cn/tongjinianjian/dz2021/cn-en/html/2101.htm","gdp","128.33","22.21","45.24","60.88","36.87","8.39","69367",,,,,,,,,,,,,,,,,,,,,,
"2020","顺昌县","顺昌县","21-14 规模以上工业增加值增速（2020年）","http://tjj.fujian.gov.cn/tongjinianjian/dz2021/cn-en/html/2114.htm","industrial_va_growth",,,,,,,,,,,,,,,,,,,,,,,,,"-21","-17.7","-23",,
"2020","顺昌县","顺昌县","21-4 年末常住人口数（2020年）","http://tjj.fujian.gov.cn/tongjinianjian/dz2021/cn-en/html/2104.htm","population",,,,,,,,"17.9","9.2","8.7","51.4",,,,,,,,,,,,,,,,,,
"2020","顺昌县","顺昌县","21-19 社会消费品零售总额（2020年）","http://tjj.fujian.gov.cn/tongjinianjian/dz2021/cn-en/html/2119.htm","retail_sales",,,,,,,,,,,,,,,,,,,,,,,,,,,,"316999","-3.4"
"2020","思明区","思明区","21-10 一般公共预算支出（2020年）","http://tjj.fujian.gov.cn/tongjinianjian/dz2021/cn-en/html/2110.htm","budget_expenditure",,,,,,,,,,,,,,,,,,,,"1097800","82492","256170","39035","1103",,,,,
"2020","思明区","思明区","21-9 地方一般公共预算收入（2020年）","http://tjj.fujian.gov.cn/tongjinianjian/dz2021/cn-en/html/2109.htm","budget_revenue",,,,,,,,,,,,,,,,"630119","154722","102555","147391",,,,,,,,,,
"2020","思明区","思明区","21-1 地区生产总值（2020年）","http://tjj.fujian.gov.cn/tongjinianjian/dz2021/cn-en/html/2101.htm","gdp","2053.04","2.99","327.15","1722.9","82.03","245.36","191963",,,,,,,,,,,,,,,,,,,,,,
"2020","思明区","思明区","21-14 规模以上工业增加值增速（2020年）","http://tjj.fujian.gov.cn/tongjinianjian/dz2021/cn-en/html/2114.htm","industrial_va_growth",,,,,,,,,,,,,,,,,,,,,,,,,"4.4","-9.6","7.6",,
"2020","思明区","思明区","21-4 年末常住人口数（2020年）","http://tjj.fujian.gov.cn/tongjinianjian/dz2021/cn-en/html/2104.htm","population",,,,,,,,"107.4","107.4",,"100",,,,,,,,,,,,,,,,,,
"2020","思明区","思明区","21-19 社会消费品零售总额（2020年）","http://tjj.fujian.gov.cn/tongjinianjian/dz2021/cn-en/html/2119.htm","retail_sales",,,,,,,,,,,,,,,,,,,,,,,,,,,,"8236833","0.7"
"2020","松溪县","松溪县","21-10 一般公共预算支出（2020年）","http://tjj.fujian.gov.cn/tongjinianjian/dz2021/cn-en/html/2110.htm","budget_expenditure",,,,,,,,,,,,,,,,,,,,"170885","15378","29213","2363","28607",,,,,
"2020","松溪县","松溪县","21-9 地方一般公共预算收入（2020年）","http://tjj.fujian.gov.cn/tongjinianjian/dz2021/cn-en/html/2109.htm","budget_revenue",,,,,,,,,,,,,,,,"27494","6832","2035","710",,,,,,,,,,
"2020","松溪县","松溪县","21-1 地区生产总值（2020年）","http://tjj.fujian.gov.cn/tongjinianjian/dz2021/cn-en/html/2101.htm","gdp","80.16","14.2","29.15","36.82","18.49","10.67","63121",,,,,,,,,,,,,,,,,,,,,,
"2020","松溪县","松溪县","21-14 规模以上工业增加值增速（2020年）","http://tjj.fujian.gov.cn/tongjinianjian/dz2021/cn-en/html/2114.htm","industrial_va_growth",,,,,,,,,,,,,,,,,,,,,,,,,"-18.1","-17.4","-19.6",,
"2020","松溪县","松溪县","21-4 年末常住人口数（2020年）","http://tjj.fujian.gov.cn/tongjinianjian/dz2021/cn-en/html/2104.htm","population",,,,,,,,"13.1","6.45","6.65","49.2",,,,,,,,,,,,,,,,,,
"2020","松溪县","松溪县","21-19 社会消费品零售总额（2020年）","http://tjj.fujian.gov.cn/tongjinianjian/dz2021/cn-en/html/2119.htm","retail_sales",,,,,,,,,,,,,,,,,,,,,,,,,,,,"341065","-3.3"
"2020","台江区","台江区","21-10 一般公共预算支出（2020年）","http://tjj.fujian.gov.cn/tongjinianjian/dz2021/cn-en/html/2110.htm","budget_expenditure",,,,,,,,,,,,,,,,,,,,"224692","32542","63206","5773","5600",,,,,
"2020","台江区","台江区","21-9 地方一般公共预算收入（2020年）","http://tjj.fujian.gov.cn/tongjinianjian/dz2021/cn-en/html/2109.htm","budget_revenue",,,,,,,,,,,,,,,,"161929","44443","29005",,,,,,,,,,,
"2020","台江区","台江区","21-1 地区生产总值（2020年）","http://tjj.fujian.gov.cn/tongjinianjian/dz2021/cn-en/html/2101.htm","gdp","600.81",,"88.03","512.78","3.56","84.63","144773",,,,,,,,,,,,,,,,,,,,,,
"2020","台江区","台江区","21-14 规模以上工业增加值增速（2020年）","http://tjj.fujian.gov.cn/tongjinianjian/dz2021/cn-en/html/2114.htm","industrial_va_growth",,,,,,,,,,,,,,,,,,,,,,,,,"3.9","18.8","-12",,
"2020","台江区","台江区","21-4 年末常住人口数（2020年）","http://tjj.fujian.gov.cn/tongjinianjian/dz2021/cn-en/html/2104.htm","population",,,,,,,,"41.2","41.2",,"100",,,,,,,,,,,,,,,,,,
"2020","台江区","台江区","21-19 社会消费品零售总额（2020年）","http://tjj.fujian.gov.cn/tongjinianjian/dz2021/cn-en/html/2119.htm","retail_sales",,,,,,,,,,,,,,,,,,,,,,,,,,,,"2453216","3.5"
"2020","泰宁县","泰宁县","21-10 一般公共预算支出（2020年）","http://tjj.fujian.gov.cn/tongjinianjian/dz2021/cn-en/html/2110.htm","budget_expenditure",,,,,,,,,,,,,,,,,,,,"176438","15736","28458","915","35350",,,,,
"2020","泰宁县","泰宁县","21-9 地方一般公共预算收入（2020年）","http://tjj.fujian.gov.cn/tongjinianjian/dz2021/cn-en/html/2109.htm","budget_revenue",,,,,,,,,,,,,,,,"28596","8240","2050","555",,,,,,,,,,
"2020","泰宁县","泰宁县","21-1 地区生产总值（2020年）","http://tjj.fujian.gov.cn/tongjinianjian/dz2021/cn-en/html/2101.htm","gdp","103.07","14.9","50.21","37.96","29.71","20.62","97692",,,,,,,,,,,,,,,,,,,,,,
"2020","泰宁县","泰宁县","21-14 规模以上工业增加值增速（2020年）","http://tjj.fujian.gov.cn/tongjinianjian/dz2021/cn-en/html/2114.htm","industrial_va_growth",,,,,,,,,,,,,,,,,,,,,,,,,"2.8","3.8","1.5",,
"2020","泰宁县","泰宁县","21-4 年末常住人口数（2020年）","http://tjj.fujian.gov.cn/tongjinianjian/dz2021/cn-en/html/2104.htm","population",,,,,,,,"10.5","6.1","4.4","58.1",,,,,,,,,,,,,,,,,,
"2020","泰宁县","泰宁县","21-19 社会消费品零售总额（2020年）","http://tjj.fujian.gov.cn/tongjinianjian/dz2021/cn-en/html/2119.htm","retail_sales",,,,,,,,,,,,,,,,,,,,,,,,,,,,"304180","-2.5"
"2020","同安区","同安区","21-10 一般公共预算支出（2020年）","http://tjj.fujian.gov.cn/tongjinianjian/dz2021/cn-en/html/2110.htm","budget_expenditure",,,,,,,,,,,,,,,,,,,,"717475","46759","201438","55112","40273",,,,,
"2020","同安区","同安区","21-9 地方一般公共预算收入（2020年）","http://tjj.fujian.gov.cn/tongjinianjian/dz2021/cn-en/html/2109.htm","budget_revenue",,,,,,,,,,,,,,,,"262568","78243","30325","34243",,,,,,,,,,
"2020","同安区","同安区","21-1 地区生产总值（2020年）","http://tjj.fujian.gov.cn/tongjinianjian/dz2021/cn-en/html/2101.htm","gdp","591.21","11.42","309.41","270.38","283.01","26.66","69107",,,,,,,,,,,,,,,,,,,,,,
"2020","同安区","同安区","21-14 规模以上工业增加值增速（2020年）","http://tjj.fujian.gov.cn/tongjinianjian/dz2021/cn-en/html/2114.htm","industrial_va_growth",,,,,,,,,,,,,,,,,,,,,,,,,"8.5","12.4","2.5",,
"2020","同安区","同安区","21-4 年末常住人口数（2020年）","http://tjj.fujian.gov.cn/tongjinianjian/dz2021/cn-en/html/2104.htm","population",,,,,,,,"85.9","64.52","21.38","75.1",,,,,,,,,,,,,,,,,,
"2020","同安区","同安区","21-19 社会消费品零售总额（2020年）","http://tjj.fujian.gov.cn/tongjinianjian/dz2021/cn-en/html/2119.htm","retail_sales",,,,,,,,,,,,,,,,,,,,,,,,,,,,"3946416","8.1"
"2020","武平县","武平县","21-10 一般公共预算支出（2020年）","http://tjj.fujian.gov.cn/tongjinianjian/dz2021/cn-en/html/2110.htm","budget_expenditure",,,,,,,,,,,,,,,,,,,,"339690","29270","75886","6308","71015",,,,,
"2020","武平县","武平县","21-9 地方一般公共预算收入（2020年）","http://tjj.fujian.gov.cn/tongjinianjian/dz2021/cn-en/html/2109.htm","budget_revenue",,,,,,,,,,,,,,,,"101397","22161","13367","2062",,,,,,,,,,
"2020","武平县","武平县","21-1 地区生产总值（2020年）","http://tjj.fujian.gov.cn/tongjinianjian/dz2021/cn-en/html/2101.htm","gdp","273.38","41.01","114.47","117.89","72.67","41.8","98337",,,,,,,,,,,,,,,,,,,,,,
"2020","武平县","武平县","21-14 规模以上工业增加值增速（2020年）","http://tjj.fujian.gov.cn/tongjinianjian/dz2021/cn-en/html/2114.htm","industrial_va_growth",,,,,,,,,,,,,,,,,,,,,,,,,"4.4","13.9","-0.2",,
"2020","武平县","武平县","21-4 年末常住人口数（2020年）","http://tjj.fujian.gov.cn/tongjinianjian/dz2021/cn-en/html/2104.htm","population",,,,,,,,"27.8","14.79","13.01","53.2",,,,,,,,,,,,,,,,,,
"2020","武平县","武平县","21-19 社会消费品零售总额（2020年）","http://tjj.fujian.gov.cn/tongjinianjian/dz2021/cn-en/html/2119.htm","retail_sales",,,,,,,,,,,,,,,,,,,,,,,,,,,,"1390012","0.7"
"2020","武夷山市","武夷山市","21-10 一般公共预算支出（2020年）","http://tjj.fujian.gov.cn/tongjinianjian/dz2021/cn-en/html/2110.htm","budget_expenditure",,,,,,,,,,,,,,,,,,,,"295957","22024","46163","3262","65783",,,,,
"2020","武夷山市","武夷山市","21-9 地方一般公共预算收入（2020年）","http://tjj.fujian.gov.cn/tongjinianjian/dz2021/cn-en/html/2109.htm","budget_revenue",,,,,,,,,,,,,,,,"93467","22528","3959","3836",,,,,,,,,,
"2020","武夷山市","武夷山市","21-1 地区生产总值（2020年）","http://tjj.fujian.gov.cn/tongjinianjian/dz2021/cn-en/html/2101.htm","gdp","208.05","28.51","74.65","104.89","53.01","21.65","83722",,,,,,,,,,,,,,,,,,,,,,
"2020","武夷山市","武夷山市","21-14 规模以上工业增加值增速（2020年）","http://tjj.fujian.gov.cn/tongjinianjian/dz2021/cn-en/html/2114.htm","industrial_va_growth",,,,,,,,,,,,,,,,,,,,,,,,,"-18.1","-18.9","-6",,
"2020","武夷山市","武夷山市","21-4 年末常住人口数（2020年）","http://tjj.fujian.gov.cn/tongjinianjian/dz2021/cn-en/html/2104.htm","population",,,,,,,,"26","15.95","10.05","61.4",,,,,,,,,,,,,,,,,,
"2020","武夷山市","武夷山市","21-19 社会消费品零售总额（2020年）","http://tjj.fujian.gov.cn/tongjinianjian/dz2021/cn-en/html/2119.htm","retail_sales",,,,,,,,,,,,,,,,,,,,,,,,,,,,"657131","-1.7"
"2020","霞浦县","霞浦县","21-10 一般公共预算支出（2020年）","http://tjj.fujian.gov.cn/tongjinianjian/dz2021/cn-en/html/2110.htm","budget_expenditure",,,,,,,,,,,,,,,,,,,,"410244","42157","87024","775","73160",,,,,
"2020","霞浦县","霞浦县","21-9 地方一般公共预算收入（2020年）","http://tjj.fujian.gov.cn/tongjinianjian/dz2021/cn-en/html/2109.htm","budget_revenue",,,,,,,,,,,,,,,,"107673","27383","6310","1774",,,,,,,,,,
"2020","霞浦县","霞浦县","21-1 地区生产总值（2020年）","http://tjj.fujian.gov.cn/tongjinianjian/dz2021/cn-en/html/2101.htm","gdp","264.48","69.35","65.36","129.77","48","17.62","55621",,,,,,,,,,,,,,,,,,,,,,
"2020","霞浦县","霞浦县","21-14 规模以上工业增加值增速（2020年）","http://tjj.fujian.gov.cn/tongjinianjian/dz2021/cn-en/html/2114.htm","industrial_va_growth",,,,,,,,,,,,,,,,,,,,,,,,,"-16","-21.8","-3.2",,
"2020","霞浦县","霞浦县","21-4 年末常住人口数（2020年）","http://tjj.fujian.gov.cn/tongjinianjian/dz2021/cn-en/html/2104.htm","population",,,,,,,,"47.6","28.96","18.64","60.9",,,,,,,,,,,,,,,,,,
"2020","霞浦县","霞浦县","21-19 社会消费品零售总额（2020年）","http://tjj.fujian.gov.cn/tongjinianjian/dz2021/cn-en/html/2119.htm","retail_sales",,,,,,,,,,,,,,,,,,,,,,,,,,,,"979959","-1.3"
"2020","仙游县","仙游县","21-10 一般公共预算支出（2020年）","http://tjj.fujian.gov.cn/tongjinianjian/dz2021/cn-en/html/2110.htm","budget_expenditure",,,,,,,,,,,,,,,,,,,,"576593","38487","147345","3149","73608",,,,,
"2020","仙游县","仙游县","21-9 地方一般公共预算收入（2020年）","http://tjj.fujian.gov.cn/tongjinianjian/dz2021/cn-en/html/2109.htm","budget_revenue",,,,,,,,,,,,,,,,"272420","72049","17444","21554",,,,,,,,,,
"2020","仙游县","仙游县","21-1 地区生产总值（2020年）","http://tjj.fujian.gov.cn/tongjinianjian/dz2021/cn-en/html/2101.htm","gdp","521.49","22.29","257.08","242.11","215.26","42.34","57782",,,,,,,,,,,,,,,,,,,,,,
"2020","仙游县","仙游县","21-14 规模以上工业增加值增速（2020年）","http://tjj.fujian.gov.cn/tongjinianjian/dz2021/cn-en/html/2114.htm","industrial_va_growth",,,,,,,,,,,,,,,,,,,,,,,,,"-0.3","2.3","-6.7",,
"2020","仙游县","仙游县","21-4 年末常住人口数（2020年）","http://tjj.fujian.gov.cn/tongjinianjian/dz2021/cn-en/html/2104.htm","population",,,,,,,,"90.5","47.39","43.11","52.4",,,,,,,,,,,,,,,,,,
"2020","仙游县","仙游县","21-19 社会消费品零售总额（2020年）","http://tjj.fujian.gov.cn/tongjinianjian/dz2021/cn-en/html/2119.htm","retail_sales",,,,,,,,,,,,,,,,,,,,,,,,,,,,"3489238","-3.6"
"2020","芗城区","芗城区","21-10 一般公共预算支出（2020年）","http://tjj.fujian.gov.cn/tongjinianjian/dz2021/cn-en/html/2110.htm","budget_expenditure",,,,,,,,,,,,,,,,,,,,"270931","24453","52467","4659","11069",,,,,
"2020","芗城区","芗城区","21-9 地方一般公共预算收入（2020年）","http://tjj.fujian.gov.cn/tongjinianjian/dz2021/cn-en/html/2109.htm","budget_revenue",,,,,,,,,,,,,,,,"154088","57037","17570","5785",,,,,,,,,,
"2020","芗城区","芗城区","21-1 地区生产总值（2020年）","http://tjj.fujian.gov.cn/tongjinianjian/dz2021/cn-en/html/2101.htm","gdp","752.46","11.82","307.54","433.1","214.38","93.29","118312",,,,,,,,,,,,,,,,,,,,,,
"2020","芗城区","芗城区","21-14 规模以上工业增加值增速（2020年）","http://tjj.fujian.gov.cn/tongjinianjian/dz2021/cn-en/html/2114.htm","industrial_va_growth",,,,,,,,,,,,,,,,,,,,,,,,,"-12.2","1.8","-20.5",,
"2020","芗城区","芗城区","21-4 年末常住人口数（2020年）","http://tjj.fujian.gov.cn/tongjinianjian/dz2021/cn-en/html/2104.htm","population",,,,,,,,"64","57.22","6.78","89.4",,,,,,,,,,,,,,,,,,
"2020","芗城区","芗城区","21-19 社会消费品零售总额（2020年）","http://tjj.fujian.gov.cn/tongjinianjian/dz2021/cn-en/html/2119.htm","retail_sales",,,,,,,,,,,,,,,,,,,,,,,,,,,,"2964609","-5.3"
"2020","翔安区","翔安区","21-10 一般公共预算支出（2020年）","http://tjj.fujian.gov.cn/tongjinianjian/dz2021/cn-en/html/2110.htm","budget_expenditure",,,,,,,,,,,,,,,,,,,,"498259","61222","143449","5178","25692",,,,,
"2020","翔安区","翔安区","21-9 地方一般公共预算收入（2020年）","http://tjj.fujian.gov.cn/tongjinianjian/dz2021/cn-en/html/2109.htm","budget_revenue",,,,,,,,,,,,,,,,"224646","50611","26640","29311",,,,,,,,,,
"2020","翔安区","翔安区","21-1 地区生产总值（2020年）","http://tjj.fujian.gov.cn/tongjinianjian/dz2021/cn-en/html/2101.htm","gdp","705.87","9.66","478.93","217.27","403.28","75.87","122334",,,,,,,,,,,,,,,,,,,,,,
"2020","翔安区","翔安区","21-14 规模以上工业增加值增速（2020年）","http://tjj.fujian.gov.cn/tongjinianjian/dz2021/cn-en/html/2114.htm","industrial_va_growth",,,,,,,,,,,,,,,,,,,,,,,,,"6.9","24.4","3.3",,
"2020","翔安区","翔安区","21-4 年末常住人口数（2020年）","http://tjj.fujian.gov.cn/tongjinianjian/dz2021/cn-en/html/2104.htm","population",,,,,,,,"58.2","36.04","22.16","61.9",,,,,,,,,,,,,,,,,,
"2020","翔安区","翔安区","21-19 社会消费品零售总额（2020年）","http://tjj.fujian.gov.cn/tongjinianjian/dz2021/cn-en/html/2119.htm","retail_sales",,,,,,,,,,,,,,,,,,,,,,,,,,,,"1204941","1.6"
"2020","新罗区","新罗区","21-10 一般公共预算支出（2020年）","http://tjj.fujian.gov.cn/tongjinianjian/dz2021/cn-en/html/2110.htm","budget_expenditure",,,,,,,,,,,,,,,,,,,,"488687","51318","133816","12810","70282",,,,,
"2020","新罗区","新罗区","21-9 地方一般公共预算收入（2020年）","http://tjj.fujian.gov.cn/tongjinianjian/dz2021/cn-en/html/2109.htm","budget_revenue",,,,,,,,,,,,,,,,"242907","61284","24764","5639",,,,,,,,,,
"2020","新罗区","新罗区","21-1 地区生产总值（2020年）","http://tjj.fujian.gov.cn/tongjinianjian/dz2021/cn-en/html/2101.htm","gdp","1018.81","59.23","479.04","480.55","366.29","112.75","121577",,,,,,,,,,,,,,,,,,,,,,
"2020","新罗区","新罗区","21-14 规模以上工业增加值增速（2020年）","http://tjj.fujian.gov.cn/tongjinianjian/dz2021/cn-en/html/2114.htm","industrial_va_growth",,,,,,,,,,,,,,,,,,,,,,,,,"4.5","6.2","2.8",,
"2020","新罗区","新罗区","21-4 年末常住人口数（2020年）","http://tjj.fujian.gov.cn/tongjinianjian/dz2021/cn-en/html/2104.htm","population",,,,,,,,"84.8","72.77","12.03","85.8",,,,,,,,,,,,,,,,,,
"2020","新罗区","新罗区","21-19 社会消费品零售总额（2020年）","http://tjj.fujian.gov.cn/tongjinianjian/dz2021/cn-en/html/2119.htm","retail_sales",,,,,,,,,,,,,,,,,,,,,,,,,,,,"4629491","-7.2"
"2020","秀屿区","秀屿区","21-10 一般公共预算支出（2020年）","http://tjj.fujian.gov.cn/tongjinianjian/dz2021/cn-en/html/2110.htm","budget_expenditure",,,,,,,,,,,,,,,,,,,,"400895","90442","110160","2771","41242",,,,,
"2020","秀屿区","秀屿区","21-9 地方一般公共预算收入（2020年）","http://tjj.fujian.gov.cn/tongjinianjian/dz2021/cn-en/html/2109.htm","budget_revenue",,,,,,,,,,,,,,,,"245568","99350","36996","2534",,,,,,,,,,
"2020","秀屿区","秀屿区","21-1 地区生产总值（2020年）","http://tjj.fujian.gov.cn/tongjinianjian/dz2021/cn-en/html/2101.htm","gdp","493.5","58.47","257.11","177.91","212.08","45.54","81705",,,,,,,,,,,,,,,,,,,,,,
"2020","秀屿区","秀屿区","21-14 规模以上工业增加值增速（2020年）","http://tjj.fujian.gov.cn/tongjinianjian/dz2021/cn-en/html/2114.htm","industrial_va_growth",,,,,,,,,,,,,,,,,,,,,,,,,"1","-6.5","7.1",,
"2020","秀屿区","秀屿区","21-4 年末常住人口数（2020年）","http://tjj.fujian.gov.cn/tongjinianjian/dz2021/cn-en/html/2104.htm","population",,,,,,,,"60.4","26.5","33.9","43.9",,,,,,,,,,,,,,,,,,
"2020","秀屿区","秀屿区","21-19 社会消费品零售总额（2020年）","http://tjj.fujian.gov.cn/tongjinianjian/dz2021/cn-en/html/2119.htm","retail_sales",,,,,,,,,,,,,,,,,,,,,,,,,,,,"1165672","-4.6"
"2020","延平区","延平区","21-10 一般公共预算支出（2020年）","http://tjj.fujian.gov.cn/tongjinianjian/dz2021/cn-en/html/2110.htm","budget_expenditure",,,,,,,,,,,,,,,,,,,,"271744","19901","55302","3072","55545",,,,,
"2020","延平区","延平区","21-9 地方一般公共预算收入（2020年）","http://tjj.fujian.gov.cn/tongjinianjian/dz2021/cn-en/html/2109.htm","budget_revenue",,,,,,,,,,,,,,,,"72557","21601","8615","1852",,,,,,,,,,
"2020","延平区","延平区","21-1 地区生产总值（2020年）","http://tjj.fujian.gov.cn/tongjinianjian/dz2021/cn-en/html/2101.htm","gdp","415.82","40.65","164.92","210.25","72.94","92.06","90102",,,,,,,,,,,,,,,,,,,,,,
"2020","延平区","延平区","21-14 规模以上工业增加值增速（2020年）","http://tjj.fujian.gov.cn/tongjinianjian/dz2021/cn-en/html/2114.htm","industrial_va_growth",,,,,,,,,,,,,,,,,,,,,,,,,"-6.8","-8.5","-6.8",,
"2020","延平区","延平区","21-4 年末常住人口数（2020年）","http://tjj.fujian.gov.cn/tongjinianjian/dz2021/cn-en/html/2104.htm","population",,,,,,,,"45.4","32.72","12.68","72.1",,,,,,,,,,,,,,,,,,
"2020","延平区","延平区","21-19 社会消费品零售总额（2020年）","http://tjj.fujian.gov.cn/tongjinianjian/dz2021/cn-en/html/2119.htm","retail_sales",,,,,,,,,,,,,,,,,,,,,,,,,,,,"1026520","-5.8"
"2020","永安市","永安市","21-10 一般公共预算支出（2020年）","http://tjj.fujian.gov.cn/tongjinianjian/dz2021/cn-en/html/2110.htm","budget_expenditure",,,,,,,,,,,,,,,,,,,,"337787","39465","72550","3313","48766",,,,,
"2020","永安市","永安市","21-9 地方一般公共预算收入（2020年）","http://tjj.fujian.gov.cn/tongjinianjian/dz2021/cn-en/html/2109.htm","budget_revenue",,,,,,,,,,,,,,,,"189995","49845","18723","26186",,,,,,,,,,
"2020","永安市","永安市","21-1 地区生产总值（2020年）","http://tjj.fujian.gov.cn/tongjinianjian/dz2021/cn-en/html/2101.htm","gdp","446.26","37.49","262.53","146.24","216.06","46.97","129351",,,,,,,,,,,,,,,,,,,,,,
"2020","永安市","永安市","21-14 规模以上工业增加值增速（2020年）","http://tjj.fujian.gov.cn/tongjinianjian/dz2021/cn-en/html/2114.htm","industrial_va_growth",,,,,,,,,,,,,,,,,,,,,,,,,"2.9","5.5","1.9",,
"2020","永安市","永安市","21-4 年末常住人口数（2020年）","http://tjj.fujian.gov.cn/tongjinianjian/dz2021/cn-en/html/2104.htm","population",,,,,,,,"34.5","24.84","9.66","72",,,,,,,,,,,,,,,,,,
"2020","永安市","永安市","21-19 社会消费品零售总额（2020年）","http://tjj.fujian.gov.cn/tongjinianjian/dz2021/cn-en/html/2119.htm","retail_sales",,,,,,,,,,,,,,,,,,,,,,,,,,,,"1281163","2"
"2020","永春县","永春县","21-10 一般公共预算支出（2020年）","http://tjj.fujian.gov.cn/tongjinianjian/dz2021/cn-en/html/2110.htm","budget_expenditure",,,,,,,,,,,,,,,,,,,,"371395","30518","90657","3543","54270",,,,,
"2020","永春县","永春县","21-9 地方一般公共预算收入（2020年）","http://tjj.fujian.gov.cn/tongjinianjian/dz2021/cn-en/html/2109.htm","budget_revenue",,,,,,,,,,,,,,,,"118184","31173","9160","10469",,,,,,,,,,
"2020","永春县","永春县","21-1 地区生产总值（2020年）","http://tjj.fujian.gov.cn/tongjinianjian/dz2021/cn-en/html/2101.htm","gdp","494.52","26.47","306.77","161.28","270.14","36.72","116769",,,,,,,,,,,,,,,,,,,,,,
"2020","永春县","永春县","21-14 规模以上工业增加值增速（2020年）","http://tjj.fujian.gov.cn/tongjinianjian/dz2021/cn-en/html/2114.htm","industrial_va_growth",,,,,,,,,,,,,,,,,,,,,,,,,"3.3","3.2","3.8",,
"2020","永春县","永春县","21-4 年末常住人口数（2020年）","http://tjj.fujian.gov.cn/tongjinianjian/dz2021/cn-en/html/2104.htm","population",,,,,,,,"42.2","25.86","16.34","61.3",,,,,,,,,,,,,,,,,,
"2020","永春县","永春县","21-19 社会消费品零售总额（2020年）","http://tjj.fujian.gov.cn/tongjinianjian/dz2021/cn-en/html/2119.htm","retail_sales",,,,,,,,,,,,,,,,,,,,,,,,,,,,"1683210","-3"
"2020","永定县","永定区","21-10 一般公共预算支出（2020年）","http://tjj.fujian.gov.cn/tongjinianjian/dz2021/cn-en/html/2110.htm","budget_expenditure",,,,,,,,,,,,,,,,,,,,"302563","25496","88455","2653","48169",,,,,
"2020","永定县","永定区","21-9 地方一般公共预算收入（2020年）","http://tjj.fujian.gov.cn/tongjinianjian/dz2021/cn-en/html/2109.htm","budget_revenue",,,,,,,,,,,,,,,,"103541","28924","13319","3746",,,,,,,,,,
"2020","永定县","永定区","21-1 地区生产总值（2020年）","http://tjj.fujian.gov.cn/tongjinianjian/dz2021/cn-en/html/2101.htm","gdp","285.83","39.69","112.64","133.49","61.42","51.22","87276",,,,,,,,,,,,,,,,,,,,,,
"2020","永定县","永定区","21-14 规模以上工业增加值增速（2020年）","http://tjj.fujian.gov.cn/tongjinianjian/dz2021/cn-en/html/2114.htm","industrial_va_growth",,,,,,,,,,,,,,,,,,,,,,,,,"3.3","41.7","-7.8",,
"2020","永定县","永定区","21-4 年末常住人口数（2020年）","http://tjj.fujian.gov.cn/tongjinianjian/dz2021/cn-en/html/2104.htm","population",,,,,,,,"32.5","16.35","16.15","50.3",,,,,,,,,,,,,,,,,,
"2020","永定县","永定区","21-19 社会消费品零售总额（2020年）","http://tjj.fujian.gov.cn/tongjinianjian/dz2021/cn-en/html/2119.htm","retail_sales",,,,,,,,,,,,,,,,,,,,,,,,,,,,"1251681","-4.6"
"2020","永泰县","永泰县","21-10 一般公共预算支出（2020年）","http://tjj.fujian.gov.cn/tongjinianjian/dz2021/cn-en/html/2110.htm","budget_expenditure",,,,,,,,,,,,,,,,,,,,"342520","36663","60680","1273","59391",,,,,
"2020","永泰县","永泰县","21-9 地方一般公共预算收入（2020年）","http://tjj.fujian.gov.cn/tongjinianjian/dz2021/cn-en/html/2109.htm","budget_revenue",,,,,,,,,,,,,,,,"124619","45253","19463","2605",,,,,,,,,,
"2020","永泰县","永泰县","21-1 地区生产总值（2020年）","http://tjj.fujian.gov.cn/tongjinianjian/dz2021/cn-en/html/2101.htm","gdp","300.31","56.47","139.92","103.92","22.3","117.7","106873",,,,,,,,,,,,,,,,,,,,,,
"2020","永泰县","永泰县","21-14 规模以上工业增加值增速（2020年）","http://tjj.fujian.gov.cn/tongjinianjian/dz2021/cn-en/html/2114.htm","industrial_va_growth",,,,,,,,,,,,,,,,,,,,,,,,,"5.2","2.1","7.2",,
"2020","永泰县","永泰县","21-4 年末常住人口数（2020年）","http://tjj.fujian.gov.cn/tongjinianjian/dz2021/cn-en/html/2104.htm","population",,,,,,,,"28.2","12.21","15.99","43.3",,,,,,,,,,,,,,,,,,
"2020","永泰县","永泰县","21-19 社会消费品零售总额（2020年）","http://tjj.fujian.gov.cn/tongjinianjian/dz2021/cn-en/html/2119.htm","retail_sales",,,,,,,,,,,,,,,,,,,,,,,,,,,,"403260","-5.7"
"2020","尤溪县","尤溪县","21-10 一般公共预算支出（2020年）","http://tjj.fujian.gov.cn/tongjinianjian/dz2021/cn-en/html/2110.htm","budget_expenditure",,,,,,,,,,,,,,,,,,,,"320830","20802","76362","830","62510",,,,,
"2020","尤溪县","尤溪县","21-9 地方一般公共预算收入（2020年）","http://tjj.fujian.gov.cn/tongjinianjian/dz2021/cn-en/html/2109.htm","budget_revenue",,,,,,,,,,,,,,,,"83698","20465","5163","1976",,,,,,,,,,
"2020","尤溪县","尤溪县","21-1 地区生产总值（2020年）","http://tjj.fujian.gov.cn/tongjinianjian/dz2021/cn-en/html/2101.htm","gdp","223.87","52.13","84.47","87.27","70.5","14.27","65362",,,,,,,,,,,,,,,,,,,,,,
"2020","尤溪县","尤溪县","21-14 规模以上工业增加值增速（2020年）","http://tjj.fujian.gov.cn/tongjinianjian/dz2021/cn-en/html/2114.htm","industrial_va_growth",,,,,,,,,,,,,,,,,,,,,,,,,"4.1","4.3","3.6",,
"2020","尤溪县","尤溪县","21-4 年末常住人口数（2020年）","http://tjj.fujian.gov.cn/tongjinianjian/dz2021/cn-en/html/2104.htm","population",,,,,,,,"34.2","16.69","17.51","48.8",,,,,,,,,,,,,,,,,,
"2020","尤溪县","尤溪县","21-19 社会消费品零售总额（2020年）","http://tjj.fujian.gov.cn/tongjinianjian/dz2021/cn-en/html/2119.htm","retail_sales",,,,,,,,,,,,,,,,,,,,,,,,,,,,"644089","-1.7"
"2020","云霄县","云霄县","21-10 一般公共预算支出（2020年）","http://tjj.fujian.gov.cn/tongjinianjian/dz2021/cn-en/html/2110.htm","budget_expenditure",,,,,,,,,,,,,,,,,,,,"284228","21497","71129","1775","44939",,,,,
"2020","云霄县","云霄县","21-9 地方一般公共预算收入（2020年）","http://tjj.fujian.gov.cn/tongjinianjian/dz2021/cn-en/html/2109.htm","budget_revenue",,,,,,,,,,,,,,,,"68800","18935","7713","2200",,,,,,,,,,
"2020","云霄县","云霄县","21-1 地区生产总值（2020年）","http://tjj.fujian.gov.cn/tongjinianjian/dz2021/cn-en/html/2101.htm","gdp","231.65","38.6","98.91","94.14","86.25","12.71","56295",,,,,,,,,,,,,,,,,,,,,,
"2020","云霄县","云霄县","21-14 规模以上工业增加值增速（2020年）","http://tjj.fujian.gov.cn/tongjinianjian/dz2021/cn-en/html/2114.htm","industrial_va_growth",,,,,,,,,,,,,,,,,,,,,,,,,"-20","-14","-26.2",,
"2020","云霄县","云霄县","21-4 年末常住人口数（2020年）","http://tjj.fujian.gov.cn/tongjinianjian/dz2021/cn-en/html/2104.htm","population",,,,,,,,"41.1","22.44","18.66","54.6",,,,,,,,,,,,,,,,,,
"2020","云霄县","云霄县","21-19 社会消费品零售总额（2020年）","http://tjj.fujian.gov.cn/tongjinianjian/dz2021/cn-en/html/2119.htm","retail_sales",,,,,,,,,,,,,,,,,,,,,,,,,,,,"1134291","-14.4"
"2020","漳平市","漳平市","21-10 一般公共预算支出（2020年）","http://tjj.fujian.gov.cn/tongjinianjian/dz2021/cn-en/html/2110.htm","budget_expenditure",,,,,,,,,,,,,,,,,,,,"260477","24606","61645","6555","49141",,,,,
"2020","漳平市","漳平市","21-9 地方一般公共预算收入（2020年）","http://tjj.fujian.gov.cn/tongjinianjian/dz2021/cn-en/html/2109.htm","budget_revenue",,,,,,,,,,,,,,,,"97393","33811","10388","2305",,,,,,,,,,
"2020","漳平市","漳平市","21-1 地区生产总值（2020年）","http://tjj.fujian.gov.cn/tongjinianjian/dz2021/cn-en/html/2101.htm","gdp","274.7","37.18","117.65","119.86","83.14","34.51","108362",,,,,,,,,,,,,,,,,,,,,,
"2020","漳平市","漳平市","21-14 规模以上工业增加值增速（2020年）","http://tjj.fujian.gov.cn/tongjinianjian/dz2021/cn-en/html/2114.htm","industrial_va_growth",,,,,,,,,,,,,,,,,,,,,,,,,"6.1","4","7.4",,
"2020","漳平市","漳平市","21-4 年末常住人口数（2020年）","http://tjj.fujian.gov.cn/tongjinianjian/dz2021/cn-en/html/2104.htm","population",,,,,,,,"25.4","14.78","10.62","58.2",,,,,,,,,,,,,,,,,,
"2020","漳平市","漳平市","21-19 社会消费品零售总额（2020年）","http://tjj.fujian.gov.cn/tongjinianjian/dz2021/cn-en/html/2119.htm","retail_sales",,,,,,,,,,,,,,,,,,,,,,,,,,,,"1038156","-0.2"
"2020","漳浦县","漳浦县","21-10 一般公共预算支出（2020年）","http://tjj.fujian.gov.cn/tongjinianjian/dz2021/cn-en/html/2110.htm","budget_expenditure",,,,,,,,,,,,,,,,,,,,"636329","56215","139582","2441","64573",,,,,
"2020","漳浦县","漳浦县","21-9 地方一般公共预算收入（2020年）","http://tjj.fujian.gov.cn/tongjinianjian/dz2021/cn-en/html/2109.htm","budget_revenue",,,,,,,,,,,,,,,,"326714","57049","26216","4271",,,,,,,,,,
"2020","漳浦县","漳浦县","21-1 地区生产总值（2020年）","http://tjj.fujian.gov.cn/tongjinianjian/dz2021/cn-en/html/2101.htm","gdp","495.61","88.76","157.44","249.41","121.66","35.89","58410",,,,,,,,,,,,,,,,,,,,,,
"2020","漳浦县","漳浦县","21-14 规模以上工业增加值增速（2020年）","http://tjj.fujian.gov.cn/tongjinianjian/dz2021/cn-en/html/2114.htm","industrial_va_growth",,,,,,,,,,,,,,,,,,,,,,,,,"-25.7","-49.4","-14.8",,
"2020","漳浦县","漳浦县","21-4 年末常住人口数（2020年）","http://tjj.fujian.gov.cn/tongjinianjian/dz2021/cn-en/html/2104.htm","population",,,,,,,,"84.9","46.52","38.38","54.8",,,,,,,,,,,,,,,,,,
"2020","漳浦县","漳浦县","21-19 社会消费品零售总额（2020年）","http://tjj.fujian.gov.cn/tongjinianjian/dz2021/cn-en/html/2119.htm","retail_sales",,,,,,,,,,,,,,,,,,,,,,,,,,,,"2437758","-2.1"
"2020","长乐市","长乐区","21-10 一般公共预算支出（2020年）","http://tjj.fujian.gov.cn/tongjinianjian/dz2021/cn-en/html/2110.htm","budget_expenditure",,,,,,,,,,,,,,,,,,,,"783332","60932","148427","24794","64100",,,,,
"2020","长乐市","长乐区","21-9 地方一般公共预算收入（2020年）","http://tjj.fujian.gov.cn/tongjinianjian/dz2021/cn-en/html/2109.htm","budget_revenue",,,,,,,,,,,,,,,,"511680","175792","45054","44882",,,,,,,,,,
"2020","长乐市","长乐区","21-1 地区生产总值（2020年）","http://tjj.fujian.gov.cn/tongjinianjian/dz2021/cn-en/html/2101.htm","gdp","1003.41","57.76","651.97","293.69","607.46","44.72","127095",,,,,,,,,,,,,,,,,,,,,,
"2020","长乐市","长乐区","21-14 规模以上工业增加值增速（2020年）","http://tjj.fujian.gov.cn/tongjinianjian/dz2021/cn-en/html/2114.htm","industrial_va_growth",,,,,,,,,,,,,,,,,,,,,,,,,"8.3","11.1","7.5",,
"2020","长乐市","长乐区","21-4 年末常住人口数（2020年）","http://tjj.fujian.gov.cn/tongjinianjian/dz2021/cn-en/html/2104.htm","population",,,,,,,,"79.3","47.59","31.71","60",,,,,,,,,,,,,,,,,,
"2020","长乐市","长乐区","21-19 社会消费品零售总额（2020年）","http://tjj.fujian.gov.cn/tongjinianjian/dz2021/cn-en/html/2119.htm","retail_sales",,,,,,,,,,,,,,,,,,,,,,,,,,,,"1585609","-0.9"
"2020","长泰县","长泰县","21-10 一般公共预算支出（2020年）","http://tjj.fujian.gov.cn/tongjinianjian/dz2021/cn-en/html/2110.htm","budget_expenditure",,,,,,,,,,,,,,,,,,,,"237296","20956","52672","2822","23976",,,,,
"2020","长泰县","长泰县","21-9 地方一般公共预算收入（2020年）","http://tjj.fujian.gov.cn/tongjinianjian/dz2021/cn-en/html/2109.htm","budget_revenue",,,,,,,,,,,,,,,,"112015","49474","10581","2973",,,,,,,,,,
"2020","长泰县","长泰县","21-1 地区生产总值（2020年）","http://tjj.fujian.gov.cn/tongjinianjian/dz2021/cn-en/html/2101.htm","gdp","344.54","19.76","225.65","99.13","185.08","40.71","150453",,,,,,,,,,,,,,,,,,,,,,
"2020","长泰县","长泰县","21-14 规模以上工业增加值增速（2020年）","http://tjj.fujian.gov.cn/tongjinianjian/dz2021/cn-en/html/2114.htm","industrial_va_growth",,,,,,,,,,,,,,,,,,,,,,,,,"-13.1","-14.6","-11.8",,
"2020","长泰县","长泰县","21-4 年末常住人口数（2020年）","http://tjj.fujian.gov.cn/tongjinianjian/dz2021/cn-en/html/2104.htm","population",,,,,,,,"22.9","13.61","9.29","59.4",,,,,,,,,,,,,,,,,,
"2020","长泰县","长泰县","21-19 社会消费品零售总额（2020年）","http://tjj.fujian.gov.cn/tongjinianjian/dz2021/cn-en/html/2119.htm","retail_sales",,,,,,,,,,,,,,,,,,,,,,,,,,,,"866061","-3.2"
"2020","长汀县","长汀县","21-10 一般公共预算支出（2020年）","http://tjj.fujian.gov.cn/tongjinianjian/dz2021/cn-en/html/2110.htm","budget_expenditure",,,,,,,,,,,,,,,,,,,,"391409","25979","89727","17270","80219",,,,,
"2020","长汀县","长汀县","21-9 地方一般公共预算收入（2020年）","http://tjj.fujian.gov.cn/tongjinianjian/dz2021/cn-en/html/2109.htm","budget_revenue",,,,,,,,,,,,,,,,"97997","25016","11838","2667",,,,,,,,,,
"2020","长汀县","长汀县","21-1 地区生产总值（2020年）","http://tjj.fujian.gov.cn/tongjinianjian/dz2021/cn-en/html/2101.htm","gdp","309.77","41.38","137.15","131.24","93.88","43.27","77929",,,,,,,,,,,,,,,,,,,,,,
"2020","长汀县","长汀县","21-14 规模以上工业增加值增速（2020年）","http://tjj.fujian.gov.cn/tongjinianjian/dz2021/cn-en/html/2114.htm","industrial_va_growth",,,,,,,,,,,,,,,,,,,,,,,,,"5.5","7.1","4.2",,
"2020","长汀县","长汀县","21-4 年末常住人口数（2020年）","http://tjj.fujian.gov.cn/tongjinianjian/dz2021/cn-en/html/2104.htm","population",,,,,,,,"39.8","21.29","18.51","53.5",,,,,,,,,,,,,,,,,,
"2020","长汀县","长汀县","21-19 社会消费品零售总额（2020年）","http://tjj.fujian.gov.cn/tongjinianjian/dz2021/cn-en/html/2119.htm","retail_sales",,,,,,,,,,,,,,,,,,,,,,,,,,,,"1541017","-1.7"
"2020","诏安县","诏安县","21-10 一般公共预算支出（2020年）","http://tjj.fujian.gov.cn/tongjinianjian/dz2021/cn-en/html/2110.htm","budget_expenditure",,,,,,,,,,,,,,,,,,,,"328351","31838","66808","974","58343",,,,,
"2020","诏安县","诏安县","21-9 地方一般公共预算收入（2020年）","http://tjj.fujian.gov.cn/tongjinianjian/dz2021/cn-en/html/2109.htm","budget_revenue",,,,,,,,,,,,,,,,"69212","22098","9431","1547",,,,,,,,,,
"2020","诏安县","诏安县","21-1 地区生产总值（2020年）","http://tjj.fujian.gov.cn/tongjinianjian/dz2021/cn-en/html/2101.htm","gdp","287.63","56.28","135.37","95.99","121.28","14.09","50909",,,,,,,,,,,,,,,,,,,,,,
"2020","诏安县","诏安县","21-14 规模以上工业增加值增速（2020年）","http://tjj.fujian.gov.cn/tongjinianjian/dz2021/cn-en/html/2114.htm","industrial_va_growth",,,,,,,,,,,,,,,,,,,,,,,,,"1.7","9","-24.2",,
"2020","诏安县","诏安县","21-4 年末常住人口数（2020年）","http://tjj.fujian.gov.cn/tongjinianjian/dz2021/cn-en/html/2104.htm","population",,,,,,,,"56","25.65","30.35","45.8",,,,,,,,,,,,,,,,,,
"2020","诏安县","诏安县","21-19 社会消费品零售总额（2020年）","http://tjj.fujian.gov.cn/tongjinianjian/dz2021/cn-en/html/2119.htm","retail_sales",,,,,,,,,,,,,,,,,,,,,,,,,,,,"995793","-5.7"
"2020","柘荣县","柘荣县","21-10 一般公共预算支出（2020年）","http://tjj.fujian.gov.cn/tongjinianjian/dz2021/cn-en/html/2110.htm","budget_expenditure",,,,,,,,,,,,,,,,,,,,"149401","15367","26207","6134","26195",,,,,
"2020","柘荣县","柘荣县","21-9 地方一般公共预算收入（2020年）","http://tjj.fujian.gov.cn/tongjinianjian/dz2021/cn-en/html/2109.htm","budget_revenue",,,,,,,,,,,,,,,,"27151","13981","1652","438",,,,,,,,,,
"2020","柘荣县","柘荣县","21-1 地区生产总值（2020年）","http://tjj.fujian.gov.cn/tongjinianjian/dz2021/cn-en/html/2101.htm","gdp","75.23","8.91","32.15","34.17","22.06","10.11","81327",,,,,,,,,,,,,,,,,,,,,,
"2020","柘荣县","柘荣县","21-14 规模以上工业增加值增速（2020年）","http://tjj.fujian.gov.cn/tongjinianjian/dz2021/cn-en/html/2114.htm","industrial_va_growth",,,,,,,,,,,,,,,,,,,,,,,,,"-7","-11.9","-0.2",,
"2020","柘荣县","柘荣县","21-4 年末常住人口数（2020年）","http://tjj.fujian.gov.cn/tongjinianjian/dz2021/cn-en/html/2104.htm","population",,,,,,,,"9.3","5.86","3.44","63",,,,,,,,,,,,,,,,,,
"2020","柘荣县","柘荣县","21-19 社会消费品零售总额（2020年）","http://tjj.fujian.gov.cn/tongjinianjian/dz2021/cn-en/html/2119.htm","retail_sales",,,,,,,,,,,,,,,,,,,,,,,,,,,,"343734","1.2"
"2020","政和县","政和县","21-10 一般公共预算支出（2020年）","http://tjj.fujian.gov.cn/tongjinianjian/dz2021/cn-en/html/2110.htm","budget_expenditure",,,,,,,,,,,,,,,,,,,,"203751","14963","31252","2211","47034",,,,,
"2020","政和县","政和县","21-9 地方一般公共预算收入（2020年）","http://tjj.fujian.gov.cn/tongjinianjian/dz2021/cn-en/html/2109.htm","budget_revenue",,,,,,,,,,,,,,,,"38812","10727","3127","636",,,,,,,,,,
"2020","政和县","政和县","21-1 地区生产总值（2020年）","http://tjj.fujian.gov.cn/tongjinianjian/dz2021/cn-en/html/2101.htm","gdp","98.32","18.65","36.49","43.18","30.13","6.36","56668",,,,,,,,,,,,,,,,,,,,,,
"2020","政和县","政和县","21-14 规模以上工业增加值增速（2020年）","http://tjj.fujian.gov.cn/tongjinianjian/dz2021/cn-en/html/2114.htm","industrial_va_growth",,,,,,,,,,,,,,,,,,,,,,,,,"-7.3","-1.4","-18.2",,
"2020","政和县","政和县","21-4 年末常住人口数（2020年）","http://tjj.fujian.gov.cn/tongjinianjian/dz2021/cn-en/html/2104.htm","population",,,,,,,,"17.9","9.28","8.62","51.9",,,,,,,,,,,,,,,,,,
"2020","政和县","政和县","21-19 社会消费品零售总额（2020年）","http://tjj.fujian.gov.cn/tongjinianjian/dz2021/cn-en/html/2119.htm","retail_sales",,,,,,,,,,,,,,,,,,,,,,,,,,,,"561190","-2.7"
"2020","周宁县","周宁县","21-10 一般公共预算支出（2020年）","http://tjj.fujian.gov.cn/tongjinianjian/dz2021/cn-en/html/2110.htm","budget_expenditure",,,,,,,,,,,,,,,,,,,,"217283","17994","32428","3248","35040",,,,,
"2020","周宁县","周宁县","21-9 地方一般公共预算收入（2020年）","http://tjj.fujian.gov.cn/tongjinianjian/dz2021/cn-en/html/2109.htm","budget_revenue",,,,,,,,,,,,,,,,"39119","10079","2369","439",,,,,,,,,,
"2020","周宁县","周宁县","21-1 地区生产总值（2020年）","http://tjj.fujian.gov.cn/tongjinianjian/dz2021/cn-en/html/2101.htm","gdp","76.16","8.41","23.53","44.22","13.32","10.21","51284",,,,,,,,,,,,,,,,,,,,,,
"2020","周宁县","周宁县","21-14 规模以上工业增加值增速（2020年）","http://tjj.fujian.gov.cn/tongjinianjian/dz2021/cn-en/html/2114.htm","industrial_va_growth",,,,,,,,,,,,,,,,,,,,,,,,,"-13.4","-13.5","-13.4",,
"2020","周宁县","周宁县","21-4 年末常住人口数（2020年）","http://tjj.fujian.gov.cn/tongjinianjian/dz2021/cn-en/html/2104.htm","population",,,,,,,,"15","7.92","7.08","52.8",,,,,,,,,,,,,,,,,,
"2020","周宁县","周宁县","21-19 社会消费品零售总额（2020年）","http://tjj.fujian.gov.cn/tongjinianjian/dz2021/cn-en/html/2119.htm","retail_sales",,,,,,,,,,,,,,,,,,,,,,,,,,,,"277095","0.1"
"2021","安溪县","安溪县","22-10 一般公共预算支出（2021年）","https://tjj.fujian.gov.cn/tongjinianjian/dz2022/cn-en/html/2210.htm","budget_expenditure",,,,,,,,,,,,,,,,,,,,"657572","67350","240598","7862","55988",,,,,
"2021","安溪县","安溪县","22-9 地方一般公共预算收入（2021年）","https://tjj.fujian.gov.cn/tongjinianjian/dz2022/cn-en/html/2209.htm","budget_revenue",,,,,,,,,,,,,,,,"329445","79080","43811","10110",,,,,,,,,,
"2021","安溪县","安溪县","22-7 固定资产投资（2021年）","https://tjj.fujian.gov.cn/tongjinianjian/dz2022/cn-en/html/2207.htm","fixed_asset_investment",,,,,,,,,,,,"321.53","3.6","100.98","-19.2",,,,,,,,,,,,,,
"2021","安溪县","安溪县","22-1 地区生产总值（2021年）","https://tjj.fujian.gov.cn/tongjinianjian/dz2022/cn-en/html/2201.htm","gdp","845.61","56.99","435.02","353.6","360.5","74.69","84308",,,,,,,,,,,,,,,,,,,,,,
"2021","安溪县","安溪县","22-14 规模以上工业增加值增速（2021年）","https://tjj.fujian.gov.cn/tongjinianjian/dz2022/cn-en/html/2214.htm","industrial_va_growth",,,,,,,,,,,,,,,,,,,,,,,,,"14.6","15","13.9",,
"2021","安溪县","安溪县","22-4 年末常住人口数（2021年）","https://tjj.fujian.gov.cn/tongjinianjian/dz2022/cn-en/html/2204.htm","population",,,,,,,,"100.2","52.5","47.7","52.4",,,,,,,,,,,,,,,,,,
"2021","安溪县","安溪县","22-19 社会消费品零售总额（2021年）","https://tjj.fujian.gov.cn/tongjinianjian/dz2022/cn-en/html/2219.htm","retail_sales",,,,,,,,,,,,,,,,,,,,,,,,,,,,"642.18","13"
"2021","仓山区","仓山区","22-10 一般公共预算支出（2021年）","https://tjj.fujian.gov.cn/tongjinianjian/dz2022/cn-en/html/2210.htm","budget_expenditure",,,,,,,,,,,,,,,,,,,,"350544","47199","108624","10306","7291",,,,,
"2021","仓山区","仓山区","22-9 地方一般公共预算收入（2021年）","https://tjj.fujian.gov.cn/tongjinianjian/dz2022/cn-en/html/2209.htm","budget_revenue",,,,,,,,,,,,,,,,"273930","90329","39019","0",,,,,,,,,,
"2021","仓山区","仓山区","22-7 固定资产投资（2021年）","https://tjj.fujian.gov.cn/tongjinianjian/dz2022/cn-en/html/2207.htm","fixed_asset_investment",,,,,,,,,,,,"743.52","12.7","549.38","26.5",,,,,,,,,,,,,,
"2021","仓山区","仓山区","22-1 地区生产总值（2021年）","https://tjj.fujian.gov.cn/tongjinianjian/dz2022/cn-en/html/2201.htm","gdp","1030.11","1.81","419.27","609.02","323.77","97.17","88841",,,,,,,,,,,,,,,,,,,,,,
"2021","仓山区","仓山区","22-14 规模以上工业增加值增速（2021年）","https://tjj.fujian.gov.cn/tongjinianjian/dz2022/cn-en/html/2214.htm","industrial_va_growth",,,,,,,,,,,,,,,,,,,,,,,,,"9.6","9.1","10.8",,
"2021","仓山区","仓山区","22-4 年末常住人口数（2021年）","https://tjj.fujian.gov.cn/tongjinianjian/dz2022/cn-en/html/2204.htm","population",,,,,,,,"116.9","116.9","0","100",,,,,,,,,,,,,,,,,,
"2021","仓山区","仓山区","22-19 社会消费品零售总额（2021年）","https://tjj.fujian.gov.cn/tongjinianjian/dz2022/cn-en/html/2219.htm","retail_sales",,,,,,,,,,,,,,,,,,,,,,,,,,,,"548.19","9.9"
"2021","城厢区","城厢区","22-10 一般公共预算支出（2021年）","https://tjj.fujian.gov.cn/tongjinianjian/dz2022/cn-en/html/2210.htm","budget_expenditure",,,,,,,,,,,,,,,,,,,,"318369","34418","97715","1805","20654",,,,,
"2021","城厢区","城厢区","22-9 地方一般公共预算收入（2021年）","https://tjj.fujian.gov.cn/tongjinianjian/dz2022/cn-en/html/2209.htm","budget_revenue",,,,,,,,,,,,,,,,"251258","68917","21762","3895",,,,,,,,,,
"2021","城厢区","城厢区","22-7 固定资产投资（2021年）","https://tjj.fujian.gov.cn/tongjinianjian/dz2022/cn-en/html/2207.htm","fixed_asset_investment",,,,,,,,,,,,"286.48","10.2","110.76","17.5",,,,,,,,,,,,,,
"2021","城厢区","城厢区","22-1 地区生产总值（2021年）","https://tjj.fujian.gov.cn/tongjinianjian/dz2022/cn-en/html/2201.htm","gdp","538.76","10.41","200.62","327.72","141.23","59.67","98314",,,,,,,,,,,,,,,,,,,,,,
"2021","城厢区","城厢区","22-14 规模以上工业增加值增速（2021年）","https://tjj.fujian.gov.cn/tongjinianjian/dz2022/cn-en/html/2214.htm","industrial_va_growth",,,,,,,,,,,,,,,,,,,,,,,,,"9.6","7.8","19.1",,
"2021","城厢区","城厢区","22-4 年末常住人口数（2021年）","https://tjj.fujian.gov.cn/tongjinianjian/dz2022/cn-en/html/2204.htm","population",,,,,,,,"54.9","39.71","15.19","72.3",,,,,,,,,,,,,,,,,,
"2021","城厢区","城厢区","22-19 社会消费品零售总额（2021年）","https://tjj.fujian.gov.cn/tongjinianjian/dz2022/cn-en/html/2219.htm","retail_sales",,,,,,,,,,,,,,,,,,,,,,,,,,,,"627.79","15.2"
"2021","大田县","大田县","22-10 一般公共预算支出（2021年）","https://tjj.fujian.gov.cn/tongjinianjian/dz2022/cn-en/html/2210.htm","budget_expenditure",,,,,,,,,,,,,,,,,,,,"299920","22698","91221","392","37446",,,,,
"2021","大田县","大田县","22-9 地方一般公共预算收入（2021年）","https://tjj.fujian.gov.cn/tongjinianjian/dz2022/cn-en/html/2209.htm","budget_revenue",,,,,,,,,,,,,,,,"78070","25548","7399","2055",,,,,,,,,,
"2021","大田县","大田县","22-7 固定资产投资（2021年）","https://tjj.fujian.gov.cn/tongjinianjian/dz2022/cn-en/html/2207.htm","fixed_asset_investment",,,,,,,,,,,,"101.64","17.7","5.67","-48.3",,,,,,,,,,,,,,
"2021","大田县","大田县","22-1 地区生产总值（2021年）","https://tjj.fujian.gov.cn/tongjinianjian/dz2022/cn-en/html/2201.htm","gdp","249.38","46.61","124.13","78.64","109.75","14.68","83154",,,,,,,,,,,,,,,,,,,,,,
"2021","大田县","大田县","22-14 规模以上工业增加值增速（2021年）","https://tjj.fujian.gov.cn/tongjinianjian/dz2022/cn-en/html/2214.htm","industrial_va_growth",,,,,,,,,,,,,,,,,,,,,,,,,"3.7","10.4","2",,
"2021","大田县","大田县","22-4 年末常住人口数（2021年）","https://tjj.fujian.gov.cn/tongjinianjian/dz2022/cn-en/html/2204.htm","population",,,,,,,,"29.98","16.21","13.77","54.1",,,,,,,,,,,,,,,,,,
"2021","大田县","大田县","22-19 社会消费品零售总额（2021年）","https://tjj.fujian.gov.cn/tongjinianjian/dz2022/cn-en/html/2219.htm","retail_sales",,,,,,,,,,,,,,,,,,,,,,,,,,,,"60.67","11.2"
"2021","德化县","德化县","22-10 一般公共预算支出（2021年）","https://tjj.fujian.gov.cn/tongjinianjian/dz2022/cn-en/html/2210.htm","budget_expenditure",,,,,,,,,,,,,,,,,,,,"331899","29702","80930","6174","50985",,,,,
"2021","德化县","德化县","22-9 地方一般公共预算收入（2021年）","https://tjj.fujian.gov.cn/tongjinianjian/dz2022/cn-en/html/2209.htm","budget_revenue",,,,,,,,,,,,,,,,"146328","50334","13697","4784",,,,,,,,,,
"2021","德化县","德化县","22-7 固定资产投资（2021年）","https://tjj.fujian.gov.cn/tongjinianjian/dz2022/cn-en/html/2207.htm","fixed_asset_investment",,,,,,,,,,,,"109.04","22.5","54.35","26.4",,,,,,,,,,,,,,
"2021","德化县","德化县","22-1 地区生产总值（2021年）","https://tjj.fujian.gov.cn/tongjinianjian/dz2022/cn-en/html/2201.htm","gdp","327.48","12.51","194.25","120.72","149.4","44.86","97756",,,,,,,,,,,,,,,,,,,,,,
"2021","德化县","德化县","22-14 规模以上工业增加值增速（2021年）","https://tjj.fujian.gov.cn/tongjinianjian/dz2022/cn-en/html/2214.htm","industrial_va_growth",,,,,,,,,,,,,,,,,,,,,,,,,"13.9","17.9","0.3",,
"2021","德化县","德化县","22-4 年末常住人口数（2021年）","https://tjj.fujian.gov.cn/tongjinianjian/dz2022/cn-en/html/2204.htm","population",,,,,,,,"33.7","26.49","7.21","78.6",,,,,,,,,,,,,,,,,,
"2021","德化县","德化县","22-19 社会消费品零售总额（2021年）","https://tjj.fujian.gov.cn/tongjinianjian/dz2022/cn-en/html/2219.htm","retail_sales",,,,,,,,,,,,,,,,,,,,,,,,,,,,"142.73","13.6"
"2021","东山县","东山县","22-10 一般公共预算支出（2021年）","https://tjj.fujian.gov.cn/tongjinianjian/dz2022/cn-en/html/2210.htm","budget_expenditure",,,,,,,,,,,,,,,,,,,,"218450","14761","43912","799","8609",,,,,
"2021","东山县","东山县","22-9 地方一般公共预算收入（2021年）","https://tjj.fujian.gov.cn/tongjinianjian/dz2022/cn-en/html/2209.htm","budget_revenue",,,,,,,,,,,,,,,,"113640","35704","18838","1745",,,,,,,,,,
"2021","东山县","东山县","22-7 固定资产投资（2021年）","https://tjj.fujian.gov.cn/tongjinianjian/dz2022/cn-en/html/2207.htm","fixed_asset_investment",,,,,,,,,,,,"79.3","26.9","21.95","-12.4",,,,,,,,,,,,,,
"2021","东山县","东山县","22-1 地区生产总值（2021年）","https://tjj.fujian.gov.cn/tongjinianjian/dz2022/cn-en/html/2201.htm","gdp","204.4","41.62","71.94","90.84","50.81","21.19","92742",,,,,,,,,,,,,,,,,,,,,,
"2021","东山县","东山县","22-14 规模以上工业增加值增速（2021年）","https://tjj.fujian.gov.cn/tongjinianjian/dz2022/cn-en/html/2214.htm","industrial_va_growth",,,,,,,,,,,,,,,,,,,,,,,,,"-5","-2.9","-9.6",,
"2021","东山县","东山县","22-4 年末常住人口数（2021年）","https://tjj.fujian.gov.cn/tongjinianjian/dz2022/cn-en/html/2204.htm","population",,,,,,,,"22.08","14.48","7.6","65.6",,,,,,,,,,,,,,,,,,
"2021","东山县","东山县","22-19 社会消费品零售总额（2021年）","https://tjj.fujian.gov.cn/tongjinianjian/dz2022/cn-en/html/2219.htm","retail_sales",,,,,,,,,,,,,,,,,,,,,,,,,,,,"86.63","4.7"
"2021","丰泽区","丰泽区","22-10 一般公共预算支出（2021年）","https://tjj.fujian.gov.cn/tongjinianjian/dz2022/cn-en/html/2210.htm","budget_expenditure",,,,,,,,,,,,,,,,,,,,"225335","17850","69592","11073","3549",,,,,
"2021","丰泽区","丰泽区","22-9 地方一般公共预算收入（2021年）","https://tjj.fujian.gov.cn/tongjinianjian/dz2022/cn-en/html/2209.htm","budget_revenue",,,,,,,,,,,,,,,,"178730","47809","20104","8945",,,,,,,,,,
"2021","丰泽区","丰泽区","22-7 固定资产投资（2021年）","https://tjj.fujian.gov.cn/tongjinianjian/dz2022/cn-en/html/2207.htm","fixed_asset_investment",,,,,,,,,,,,"178.91","-2.8","108.61","4.3",,,,,,,,,,,,,,
"2021","丰泽区","丰泽区","22-1 地区生产总值（2021年）","https://tjj.fujian.gov.cn/tongjinianjian/dz2022/cn-en/html/2201.htm","gdp","807.48","1.91","152.22","653.35","92.86","59.47","113650",,,,,,,,,,,,,,,,,,,,,,
"2021","丰泽区","丰泽区","22-14 规模以上工业增加值增速（2021年）","https://tjj.fujian.gov.cn/tongjinianjian/dz2022/cn-en/html/2214.htm","industrial_va_growth",,,,,,,,,,,,,,,,,,,,,,,,,"9.8","10.4","9.2",,
"2021","丰泽区","丰泽区","22-4 年末常住人口数（2021年）","https://tjj.fujian.gov.cn/tongjinianjian/dz2022/cn-en/html/2204.htm","population",,,,,,,,"72","72","0","100",,,,,,,,,,,,,,,,,,
"2021","丰泽区","丰泽区","22-19 社会消费品零售总额（2021年）","https://tjj.fujian.gov.cn/tongjinianjian/dz2022/cn-en/html/2219.htm","retail_sales",,,,,,,,,,,,,,,,,,,,,,,,,,,,"559.87","6.9"
"2021","福安市","福安市","22-10 一般公共预算支出（2021年）","https://tjj.fujian.gov.cn/tongjinianjian/dz2022/cn-en/html/2210.htm","budget_expenditure",,,,,,,,,,,,,,,,,,,,"483856","58808","102757","3585","76023",,,,,
"2021","福安市","福安市","22-9 地方一般公共预算收入（2021年）","https://tjj.fujian.gov.cn/tongjinianjian/dz2022/cn-en/html/2209.htm","budget_revenue",,,,,,,,,,,,,,,,"363022","161747","60693","4429",,,,,,,,,,
"2021","福安市","福安市","22-7 固定资产投资（2021年）","https://tjj.fujian.gov.cn/tongjinianjian/dz2022/cn-en/html/2207.htm","fixed_asset_investment",,,,,,,,,,,,"148.03","-7.9","29.42","-36.2",,,,,,,,,,,,,,
"2021","福安市","福安市","22-1 地区生产总值（2021年）","https://tjj.fujian.gov.cn/tongjinianjian/dz2022/cn-en/html/2201.htm","gdp","680.41","57.73","430.39","192.28","380.78","50.05","111543",,,,,,,,,,,,,,,,,,,,,,
"2021","福安市","福安市","22-14 规模以上工业增加值增速（2021年）","https://tjj.fujian.gov.cn/tongjinianjian/dz2022/cn-en/html/2214.htm","industrial_va_growth",,,,,,,,,,,,,,,,,,,,,,,,,"5","-27.3","5.5",,
"2021","福安市","福安市","22-4 年末常住人口数（2021年）","https://tjj.fujian.gov.cn/tongjinianjian/dz2022/cn-en/html/2204.htm","population",,,,,,,,"61","40.38","20.62","66.2",,,,,,,,,,,,,,,,,,
"2021","福安市","福安市","22-19 社会消费品零售总额（2021年）","https://tjj.fujian.gov.cn/tongjinianjian/dz2022/cn-en/html/2219.htm","retail_sales",,,,,,,,,,,,,,,,,,,,,,,,,,,,"163.22","9.1"
"2021","福鼎市","福鼎市","22-10 一般公共预算支出（2021年）","https://tjj.fujian.gov.cn/tongjinianjian/dz2022/cn-en/html/2210.htm","budget_expenditure",,,,,,,,,,,,,,,,,,,,"411649","29599","96603","1540","47514",,,,,
"2021","福鼎市","福鼎市","22-9 地方一般公共预算收入（2021年）","https://tjj.fujian.gov.cn/tongjinianjian/dz2022/cn-en/html/2209.htm","budget_revenue",,,,,,,,,,,,,,,,"234144","53573","36433","5415",,,,,,,,,,
"2021","福鼎市","福鼎市","22-7 固定资产投资（2021年）","https://tjj.fujian.gov.cn/tongjinianjian/dz2022/cn-en/html/2207.htm","fixed_asset_investment",,,,,,,,,,,,"151.01","8.1","37","0.2",,,,,,,,,,,,,,
"2021","福鼎市","福鼎市","22-1 地区生产总值（2021年）","https://tjj.fujian.gov.cn/tongjinianjian/dz2022/cn-en/html/2201.htm","gdp","454.24","69.32","232.6","152.32","196.62","36.33","82068",,,,,,,,,,,,,,,,,,,,,,
"2021","福鼎市","福鼎市","22-14 规模以上工业增加值增速（2021年）","https://tjj.fujian.gov.cn/tongjinianjian/dz2022/cn-en/html/2214.htm","industrial_va_growth",,,,,,,,,,,,,,,,,,,,,,,,,"-15","-38","-3.3",,
"2021","福鼎市","福鼎市","22-4 年末常住人口数（2021年）","https://tjj.fujian.gov.cn/tongjinianjian/dz2022/cn-en/html/2204.htm","population",,,,,,,,"55.4","35.84","19.56","64.7",,,,,,,,,,,,,,,,,,
"2021","福鼎市","福鼎市","22-19 社会消费品零售总额（2021年）","https://tjj.fujian.gov.cn/tongjinianjian/dz2022/cn-en/html/2219.htm","retail_sales",,,,,,,,,,,,,,,,,,,,,,,,,,,,"204.59","3.9"
"2021","福清市","福清市","22-10 一般公共预算支出（2021年）","https://tjj.fujian.gov.cn/tongjinianjian/dz2022/cn-en/html/2210.htm","budget_expenditure",,,,,,,,,,,,,,,,,,,,"1263551","86202","307131","12390","87732",,,,,
"2021","福清市","福清市","22-9 地方一般公共预算收入（2021年）","https://tjj.fujian.gov.cn/tongjinianjian/dz2022/cn-en/html/2209.htm","budget_revenue",,,,,,,,,,,,,,,,"1047928","301082","161241","97309",,,,,,,,,,
"2021","福清市","福清市","22-7 固定资产投资（2021年）","https://tjj.fujian.gov.cn/tongjinianjian/dz2022/cn-en/html/2207.htm","fixed_asset_investment",,,,,,,,,,,,"877.37","15.5","287.55","18.7",,,,,,,,,,,,,,
"2021","福清市","福清市","22-1 地区生产总值（2021年）","https://tjj.fujian.gov.cn/tongjinianjian/dz2022/cn-en/html/2201.htm","gdp","1414.04","123.52","665.73","624.79","500.6","165.4","100859",,,,,,,,,,,,,,,,,,,,,,
"2021","福清市","福清市","22-14 规模以上工业增加值增速（2021年）","https://tjj.fujian.gov.cn/tongjinianjian/dz2022/cn-en/html/2214.htm","industrial_va_growth",,,,,,,,,,,,,,,,,,,,,,,,,"11.1","2.5","15.9",,
"2021","福清市","福清市","22-4 年末常住人口数（2021年）","https://tjj.fujian.gov.cn/tongjinianjian/dz2022/cn-en/html/2204.htm","population",,,,,,,,"141","75.86","65.14","53.8",,,,,,,,,,,,,,,,,,
"2021","福清市","福清市","22-19 社会消费品零售总额（2021年）","https://tjj.fujian.gov.cn/tongjinianjian/dz2022/cn-en/html/2219.htm","retail_sales",,,,,,,,,,,,,,,,,,,,,,,,,,,,"380.19","18.7"
"2021","古田县","古田县","22-10 一般公共预算支出（2021年）","https://tjj.fujian.gov.cn/tongjinianjian/dz2022/cn-en/html/2210.htm","budget_expenditure",,,,,,,,,,,,,,,,,,,,"296317","25414","63379","566","54657",,,,,
"2021","古田县","古田县","22-9 地方一般公共预算收入（2021年）","https://tjj.fujian.gov.cn/tongjinianjian/dz2022/cn-en/html/2209.htm","budget_revenue",,,,,,,,,,,,,,,,"83413","28109","6485","1342",,,,,,,,,,
"2021","古田县","古田县","22-7 固定资产投资（2021年）","https://tjj.fujian.gov.cn/tongjinianjian/dz2022/cn-en/html/2207.htm","fixed_asset_investment",,,,,,,,,,,,"45.84","-12.9","13.79","-3.5",,,,,,,,,,,,,,
"2021","古田县","古田县","22-1 地区生产总值（2021年）","https://tjj.fujian.gov.cn/tongjinianjian/dz2022/cn-en/html/2201.htm","gdp","223.43","51.24","65.26","106.93","49.92","15.35","69172",,,,,,,,,,,,,,,,,,,,,,
"2021","古田县","古田县","22-14 规模以上工业增加值增速（2021年）","https://tjj.fujian.gov.cn/tongjinianjian/dz2022/cn-en/html/2214.htm","industrial_va_growth",,,,,,,,,,,,,,,,,,,,,,,,,"4.9","2.3","9.1",,
"2021","古田县","古田县","22-4 年末常住人口数（2021年）","https://tjj.fujian.gov.cn/tongjinianjian/dz2022/cn-en/html/2204.htm","population",,,,,,,,"32.2","16.36","15.84","50.8",,,,,,,,,,,,,,,,,,
"2021","古田县","古田县","22-19 社会消费品零售总额（2021年）","https://tjj.fujian.gov.cn/tongjinianjian/dz2022/cn-en/html/2219.htm","retail_sales",,,,,,,,,,,,,,,,,,,,,,,,,,,,"95.13","8"
"2021","鼓楼区","鼓楼区","22-10 一般公共预算支出（2021年）","https://tjj.fujian.gov.cn/tongjinianjian/dz2022/cn-en/html/2210.htm","budget_expenditure",,,,,,,,,,,,,,,,,,,,"309401","40426","102222","7944","3456",,,,,
"2021","鼓楼区","鼓楼区","22-9 地方一般公共预算收入（2021年）","https://tjj.fujian.gov.cn/tongjinianjian/dz2022/cn-en/html/2209.htm","budget_revenue",,,,,,,,,,,,,,,,"350091","118855","96045","0",,,,,,,,,,
"2021","鼓楼区","鼓楼区","22-7 固定资产投资（2021年）","https://tjj.fujian.gov.cn/tongjinianjian/dz2022/cn-en/html/2207.htm","fixed_asset_investment",,,,,,,,,,,,"244.99","11","133.72","61",,,,,,,,,,,,,,
"2021","鼓楼区","鼓楼区","22-1 地区生产总值（2021年）","https://tjj.fujian.gov.cn/tongjinianjian/dz2022/cn-en/html/2201.htm","gdp","2362.19",,"403.73","1958.45","96.39","307.53","351778",,,,,,,,,,,,,,,,,,,,,,
"2021","鼓楼区","鼓楼区","22-14 规模以上工业增加值增速（2021年）","https://tjj.fujian.gov.cn/tongjinianjian/dz2022/cn-en/html/2214.htm","industrial_va_growth",,,,,,,,,,,,,,,,,,,,,,,,,"10","6.5","10.9",,
"2021","鼓楼区","鼓楼区","22-4 年末常住人口数（2021年）","https://tjj.fujian.gov.cn/tongjinianjian/dz2022/cn-en/html/2204.htm","population",,,,,,,,"67.3","67.3","0","100",,,,,,,,,,,,,,,,,,
"2021","鼓楼区","鼓楼区","22-19 社会消费品零售总额（2021年）","https://tjj.fujian.gov.cn/tongjinianjian/dz2022/cn-en/html/2219.htm","retail_sales",,,,,,,,,,,,,,,,,,,,,,,,,,,,"1377.1","10.6"
"2021","光泽县","光泽县","22-10 一般公共预算支出（2021年）","https://tjj.fujian.gov.cn/tongjinianjian/dz2022/cn-en/html/2210.htm","budget_expenditure",,,,,,,,,,,,,,,,,,,,"161999","13193","35059","1101","36016",,,,,
"2021","光泽县","光泽县","22-9 地方一般公共预算收入（2021年）","https://tjj.fujian.gov.cn/tongjinianjian/dz2022/cn-en/html/2209.htm","budget_revenue",,,,,,,,,,,,,,,,"46974","11757","6405","5592",,,,,,,,,,
"2021","光泽县","光泽县","22-7 固定资产投资（2021年）","https://tjj.fujian.gov.cn/tongjinianjian/dz2022/cn-en/html/2207.htm","fixed_asset_investment",,,,,,,,,,,,"59.31","9","7.89","1",,,,,,,,,,,,,,
"2021","光泽县","光泽县","22-1 地区生产总值（2021年）","https://tjj.fujian.gov.cn/tongjinianjian/dz2022/cn-en/html/2201.htm","gdp","120.47","46.13","35.1","39.24","28.71","6.4","93030",,,,,,,,,,,,,,,,,,,,,,
"2021","光泽县","光泽县","22-14 规模以上工业增加值增速（2021年）","https://tjj.fujian.gov.cn/tongjinianjian/dz2022/cn-en/html/2214.htm","industrial_va_growth",,,,,,,,,,,,,,,,,,,,,,,,,"25.7","26.8","0",,
"2021","光泽县","光泽县","22-4 年末常住人口数（2021年）","https://tjj.fujian.gov.cn/tongjinianjian/dz2022/cn-en/html/2204.htm","population",,,,,,,,"12.9","6.5","6.4","50.7",,,,,,,,,,,,,,,,,,
"2021","光泽县","光泽县","22-19 社会消费品零售总额（2021年）","https://tjj.fujian.gov.cn/tongjinianjian/dz2022/cn-en/html/2219.htm","retail_sales",,,,,,,,,,,,,,,,,,,,,,,,,,,,"23.7","17.5"
"2021","海沧区","海沧区","22-10 一般公共预算支出（2021年）","https://tjj.fujian.gov.cn/tongjinianjian/dz2022/cn-en/html/2210.htm","budget_expenditure",,,,,,,,,,,,,,,,,,,,"708629","87098","196844","24793","16800",,,,,
"2021","海沧区","海沧区","22-9 地方一般公共预算收入（2021年）","https://tjj.fujian.gov.cn/tongjinianjian/dz2022/cn-en/html/2209.htm","budget_revenue",,,,,,,,,,,,,,,,"401350","100239","96783","19137",,,,,,,,,,
"2021","海沧区","海沧区","22-7 固定资产投资（2021年）","https://tjj.fujian.gov.cn/tongjinianjian/dz2022/cn-en/html/2207.htm","fixed_asset_investment",,,,,,,,,,,,"425.26","15.2","147.09","1.7",,,,,,,,,,,,,,
"2021","海沧区","海沧区","22-1 地区生产总值（2021年）","https://tjj.fujian.gov.cn/tongjinianjian/dz2022/cn-en/html/2201.htm","gdp","938.24","1.64","565.1","371.5","504.92","60.5","156244",,,,,,,,,,,,,,,,,,,,,,
"2021","海沧区","海沧区","22-14 规模以上工业增加值增速（2021年）","https://tjj.fujian.gov.cn/tongjinianjian/dz2022/cn-en/html/2214.htm","industrial_va_growth",,,,,,,,,,,,,,,,,,,,,,,,,"23.7","32.1","10.7",,
"2021","海沧区","海沧区","22-4 年末常住人口数（2021年）","https://tjj.fujian.gov.cn/tongjinianjian/dz2022/cn-en/html/2204.htm","population",,,,,,,,"61.5","60.1","1.4","97.7",,,,,,,,,,,,,,,,,,
"2021","海沧区","海沧区","22-19 社会消费品零售总额（2021年）","https://tjj.fujian.gov.cn/tongjinianjian/dz2022/cn-en/html/2219.htm","retail_sales",,,,,,,,,,,,,,,,,,,,,,,,,,,,"300.97","4"
"2021","涵江区","涵江区","22-10 一般公共预算支出（2021年）","https://tjj.fujian.gov.cn/tongjinianjian/dz2022/cn-en/html/2210.htm","budget_expenditure",,,,,,,,,,,,,,,,,,,,"260887","45657","80538","834","20115",,,,,
"2021","涵江区","涵江区","22-9 地方一般公共预算收入（2021年）","https://tjj.fujian.gov.cn/tongjinianjian/dz2022/cn-en/html/2209.htm","budget_revenue",,,,,,,,,,,,,,,,"236106","76272","44219","5661",,,,,,,,,,
"2021","涵江区","涵江区","22-7 固定资产投资（2021年）","https://tjj.fujian.gov.cn/tongjinianjian/dz2022/cn-en/html/2207.htm","fixed_asset_investment",,,,,,,,,,,,"369.22","6.4","83.88","8.5",,,,,,,,,,,,,,
"2021","涵江区","涵江区","22-1 地区生产总值（2021年）","https://tjj.fujian.gov.cn/tongjinianjian/dz2022/cn-en/html/2201.htm","gdp","639.42","17.36","427.07","194.98","361.45","66.32","133073",,,,,,,,,,,,,,,,,,,,,,
"2021","涵江区","涵江区","22-14 规模以上工业增加值增速（2021年）","https://tjj.fujian.gov.cn/tongjinianjian/dz2022/cn-en/html/2214.htm","industrial_va_growth",,,,,,,,,,,,,,,,,,,,,,,,,"6.9","4.1","12.1",,
"2021","涵江区","涵江区","22-4 年末常住人口数（2021年）","https://tjj.fujian.gov.cn/tongjinianjian/dz2022/cn-en/html/2204.htm","population",,,,,,,,"48.1","38.31","9.79","79.7",,,,,,,,,,,,,,,,,,
"2021","涵江区","涵江区","22-19 社会消费品零售总额（2021年）","https://tjj.fujian.gov.cn/tongjinianjian/dz2022/cn-en/html/2219.htm","retail_sales",,,,,,,,,,,,,,,,,,,,,,,,,,,,"157.04","-3.7"
"2021","湖里区","湖里区","22-10 一般公共预算支出（2021年）","https://tjj.fujian.gov.cn/tongjinianjian/dz2022/cn-en/html/2210.htm","budget_expenditure",,,,,,,,,,,,,,,,,,,,"812780","74573","161028","5499","3519",,,,,
"2021","湖里区","湖里区","22-9 地方一般公共预算收入（2021年）","https://tjj.fujian.gov.cn/tongjinianjian/dz2022/cn-en/html/2209.htm","budget_revenue",,,,,,,,,,,,,,,,"555552","154837","92411","97229",,,,,,,,,,
"2021","湖里区","湖里区","22-7 固定资产投资（2021年）","https://tjj.fujian.gov.cn/tongjinianjian/dz2022/cn-en/html/2207.htm","fixed_asset_investment",,,,,,,,,,,,"507.34","13.7","276.81","-4.3",,,,,,,,,,,,,,
"2021","湖里区","湖里区","22-1 地区生产总值（2021年）","https://tjj.fujian.gov.cn/tongjinianjian/dz2022/cn-en/html/2201.htm","gdp","1539.41",,"621.14","918.27","438.92","206.11","149168",,,,,,,,,,,,,,,,,,,,,,
"2021","湖里区","湖里区","22-14 规模以上工业增加值增速（2021年）","https://tjj.fujian.gov.cn/tongjinianjian/dz2022/cn-en/html/2214.htm","industrial_va_growth",,,,,,,,,,,,,,,,,,,,,,,,,"6.1","5.6","6.2",,
"2021","湖里区","湖里区","22-4 年末常住人口数（2021年）","https://tjj.fujian.gov.cn/tongjinianjian/dz2022/cn-en/html/2204.htm","population",,,,,,,,"102.5","102.5","0","100",,,,,,,,,,,,,,,,,,
"2021","湖里区","湖里区","22-19 社会消费品零售总额（2021年）","https://tjj.fujian.gov.cn/tongjinianjian/dz2022/cn-en/html/2219.htm","retail_sales",,,,,,,,,,,,,,,,,,,,,,,,,,,,"526.35","11.3"
"2021","华安县","华安县","22-10 一般公共预算支出（2021年）","https://tjj.fujian.gov.cn/tongjinianjian/dz2022/cn-en/html/2210.htm","budget_expenditure",,,,,,,,,,,,,,,,,,,,"139102","20291","26866","238","10501",,,,,
"2021","华安县","华安县","22-9 地方一般公共预算收入（2021年）","https://tjj.fujian.gov.cn/tongjinianjian/dz2022/cn-en/html/2209.htm","budget_revenue",,,,,,,,,,,,,,,,"59457","23538","3890","892",,,,,,,,,,
"2021","华安县","华安县","22-7 固定资产投资（2021年）","https://tjj.fujian.gov.cn/tongjinianjian/dz2022/cn-en/html/2207.htm","fixed_asset_investment",,,,,,,,,,,,"76.58","-1.3","8.13","-24.4",,,,,,,,,,,,,,
"2021","华安县","华安县","22-1 地区生产总值（2021年）","https://tjj.fujian.gov.cn/tongjinianjian/dz2022/cn-en/html/2201.htm","gdp","190.74","35.18","104.22","51.33","93.66","10.56","142236",,,,,,,,,,,,,,,,,,,,,,
"2021","华安县","华安县","22-14 规模以上工业增加值增速（2021年）","https://tjj.fujian.gov.cn/tongjinianjian/dz2022/cn-en/html/2214.htm","industrial_va_growth",,,,,,,,,,,,,,,,,,,,,,,,,"9.6","8","10.5",,
"2021","华安县","华安县","22-4 年末常住人口数（2021年）","https://tjj.fujian.gov.cn/tongjinianjian/dz2022/cn-en/html/2204.htm","population",,,,,,,,"13.42","7.2","6.22","53.6",,,,,,,,,,,,,,,,,,
"2021","华安县","华安县","22-19 社会消费品零售总额（2021年）","https://tjj.fujian.gov.cn/tongjinianjian/dz2022/cn-en/html/2219.htm","retail_sales",,,,,,,,,,,,,,,,,,,,,,,,,,,,"45.86","11.4"
"2021","惠安县","惠安县","22-10 一般公共预算支出（2021年）","https://tjj.fujian.gov.cn/tongjinianjian/dz2022/cn-en/html/2210.htm","budget_expenditure",,,,,,,,,,,,,,,,,,,,"582655","47691","136148","11827","41239",,,,,
"2021","惠安县","惠安县","22-9 地方一般公共预算收入（2021年）","https://tjj.fujian.gov.cn/tongjinianjian/dz2022/cn-en/html/2209.htm","budget_revenue",,,,,,,,,,,,,,,,"408641","141050","100293","10067",,,,,,,,,,
"2021","惠安县","惠安县","22-7 固定资产投资（2021年）","https://tjj.fujian.gov.cn/tongjinianjian/dz2022/cn-en/html/2207.htm","fixed_asset_investment",,,,,,,,,,,,"352.03","-13","156.45","2.9",,,,,,,,,,,,,,
"2021","惠安县","惠安县","22-1 地区生产总值（2021年）","https://tjj.fujian.gov.cn/tongjinianjian/dz2022/cn-en/html/2201.htm","gdp","1491.13","35.43","1051.57","404.14","879.06","172.78","143862",,,,,,,,,,,,,,,,,,,,,,
"2021","惠安县","惠安县","22-14 规模以上工业增加值增速（2021年）","https://tjj.fujian.gov.cn/tongjinianjian/dz2022/cn-en/html/2214.htm","industrial_va_growth",,,,,,,,,,,,,,,,,,,,,,,,,"10.4","7.3","14",,
"2021","惠安县","惠安县","22-4 年末常住人口数（2021年）","https://tjj.fujian.gov.cn/tongjinianjian/dz2022/cn-en/html/2204.htm","population",,,,,,,,"104.1","60.69","43.41","58.3",,,,,,,,,,,,,,,,,,
"2021","惠安县","惠安县","22-19 社会消费品零售总额（2021年）","https://tjj.fujian.gov.cn/tongjinianjian/dz2022/cn-en/html/2219.htm","retail_sales",,,,,,,,,,,,,,,,,,,,,,,,,,,,"560.97","11"
"2021","集美区","集美区","22-10 一般公共预算支出（2021年）","https://tjj.fujian.gov.cn/tongjinianjian/dz2022/cn-en/html/2210.htm","budget_expenditure",,,,,,,,,,,,,,,,,,,,"846537","65967","256047","27892","53466",,,,,
"2021","集美区","集美区","22-9 地方一般公共预算收入（2021年）","https://tjj.fujian.gov.cn/tongjinianjian/dz2022/cn-en/html/2209.htm","budget_revenue",,,,,,,,,,,,,,,,"475255","87298","43593","18514",,,,,,,,,,
"2021","集美区","集美区","22-7 固定资产投资（2021年）","https://tjj.fujian.gov.cn/tongjinianjian/dz2022/cn-en/html/2207.htm","fixed_asset_investment",,,,,,,,,,,,"399.37","4.3","142.07","-28.7",,,,,,,,,,,,,,
"2021","集美区","集美区","22-1 地区生产总值（2021年）","https://tjj.fujian.gov.cn/tongjinianjian/dz2022/cn-en/html/2201.htm","gdp","876","3.35","448.41","424.24","368.17","80.88","82719",,,,,,,,,,,,,,,,,,,,,,
"2021","集美区","集美区","22-14 规模以上工业增加值增速（2021年）","https://tjj.fujian.gov.cn/tongjinianjian/dz2022/cn-en/html/2214.htm","industrial_va_growth",,,,,,,,,,,,,,,,,,,,,,,,,"14.2","18.5","11.4",,
"2021","集美区","集美区","22-4 年末常住人口数（2021年）","https://tjj.fujian.gov.cn/tongjinianjian/dz2022/cn-en/html/2204.htm","population",,,,,,,,"107.8","97.4","10.4","90.3",,,,,,,,,,,,,,,,,,
"2021","集美区","集美区","22-19 社会消费品零售总额（2021年）","https://tjj.fujian.gov.cn/tongjinianjian/dz2022/cn-en/html/2219.htm","retail_sales",,,,,,,,,,,,,,,,,,,,,,,,,,,,"225.02","16.7"
"2021","建宁县","建宁县","22-10 一般公共预算支出（2021年）","https://tjj.fujian.gov.cn/tongjinianjian/dz2022/cn-en/html/2210.htm","budget_expenditure",,,,,,,,,,,,,,,,,,,,"183982","12904","34149","239","45127",,,,,
"2021","建宁县","建宁县","22-9 地方一般公共预算收入（2021年）","https://tjj.fujian.gov.cn/tongjinianjian/dz2022/cn-en/html/2209.htm","budget_revenue",,,,,,,,,,,,,,,,"34294","7904","2937","540",,,,,,,,,,
"2021","建宁县","建宁县","22-7 固定资产投资（2021年）","https://tjj.fujian.gov.cn/tongjinianjian/dz2022/cn-en/html/2207.htm","fixed_asset_investment",,,,,,,,,,,,"66.56","17.9","3.42","-10.9",,,,,,,,,,,,,,
"2021","建宁县","建宁县","22-1 地区生产总值（2021年）","https://tjj.fujian.gov.cn/tongjinianjian/dz2022/cn-en/html/2201.htm","gdp","151.18","19.61","86.57","45","42.73","44.04","132147",,,,,,,,,,,,,,,,,,,,,,
"2021","建宁县","建宁县","22-14 规模以上工业增加值增速（2021年）","https://tjj.fujian.gov.cn/tongjinianjian/dz2022/cn-en/html/2214.htm","industrial_va_growth",,,,,,,,,,,,,,,,,,,,,,,,,"4","2.1","5.5",,
"2021","建宁县","建宁县","22-4 年末常住人口数（2021年）","https://tjj.fujian.gov.cn/tongjinianjian/dz2022/cn-en/html/2204.htm","population",,,,,,,,"11.38","5.7","5.68","50.1",,,,,,,,,,,,,,,,,,
"2021","建宁县","建宁县","22-19 社会消费品零售总额（2021年）","https://tjj.fujian.gov.cn/tongjinianjian/dz2022/cn-en/html/2219.htm","retail_sales",,,,,,,,,,,,,,,,,,,,,,,,,,,,"39.71","10.4"
"2021","建瓯市","建瓯市","22-10 一般公共预算支出（2021年）","https://tjj.fujian.gov.cn/tongjinianjian/dz2022/cn-en/html/2210.htm","budget_expenditure",,,,,,,,,,,,,,,,,,,,"321663","23579","85284","2540","47157",,,,,
"2021","建瓯市","建瓯市","22-9 地方一般公共预算收入（2021年）","https://tjj.fujian.gov.cn/tongjinianjian/dz2022/cn-en/html/2209.htm","budget_revenue",,,,,,,,,,,,,,,,"112026","25269","8965","1635",,,,,,,,,,
"2021","建瓯市","建瓯市","22-7 固定资产投资（2021年）","https://tjj.fujian.gov.cn/tongjinianjian/dz2022/cn-en/html/2207.htm","fixed_asset_investment",,,,,,,,,,,,"198.45","-5.8","29.42","-19.4",,,,,,,,,,,,,,
"2021","建瓯市","建瓯市","22-1 地区生产总值（2021年）","https://tjj.fujian.gov.cn/tongjinianjian/dz2022/cn-en/html/2201.htm","gdp","295.62","56.71","101.57","137.34","75.18","26.43","68350",,,,,,,,,,,,,,,,,,,,,,
"2021","建瓯市","建瓯市","22-14 规模以上工业增加值增速（2021年）","https://tjj.fujian.gov.cn/tongjinianjian/dz2022/cn-en/html/2214.htm","industrial_va_growth",,,,,,,,,,,,,,,,,,,,,,,,,"2.8","8","-4.5",,
"2021","建瓯市","建瓯市","22-4 年末常住人口数（2021年）","https://tjj.fujian.gov.cn/tongjinianjian/dz2022/cn-en/html/2204.htm","population",,,,,,,,"43.1","22.6","20.5","52.4",,,,,,,,,,,,,,,,,,
"2021","建瓯市","建瓯市","22-19 社会消费品零售总额（2021年）","https://tjj.fujian.gov.cn/tongjinianjian/dz2022/cn-en/html/2219.htm","retail_sales",,,,,,,,,,,,,,,,,,,,,,,,,,,,"156.2","7.2"
"2021","建阳市","建阳区","22-10 一般公共预算支出（2021年）","https://tjj.fujian.gov.cn/tongjinianjian/dz2022/cn-en/html/2210.htm","budget_expenditure",,,,,,,,,,,,,,,,,,,,"316462","33363","65256","3388","49414",,,,,
"2021","建阳市","建阳区","22-9 地方一般公共预算收入（2021年）","https://tjj.fujian.gov.cn/tongjinianjian/dz2022/cn-en/html/2209.htm","budget_revenue",,,,,,,,,,,,,,,,"138317","35678","10656","3228",,,,,,,,,,
"2021","建阳市","建阳区","22-7 固定资产投资（2021年）","https://tjj.fujian.gov.cn/tongjinianjian/dz2022/cn-en/html/2207.htm","fixed_asset_investment",,,,,,,,,,,,"172.32","0.9","65.34","15.5",,,,,,,,,,,,,,
"2021","建阳市","建阳区","22-1 地区生产总值（2021年）","https://tjj.fujian.gov.cn/tongjinianjian/dz2022/cn-en/html/2201.htm","gdp","268.68","44.08","98.75","125.85","68.02","30.76","78561",,,,,,,,,,,,,,,,,,,,,,
"2021","建阳市","建阳区","22-14 规模以上工业增加值增速（2021年）","https://tjj.fujian.gov.cn/tongjinianjian/dz2022/cn-en/html/2214.htm","industrial_va_growth",,,,,,,,,,,,,,,,,,,,,,,,,"4.7","5.3","3.9",,
"2021","建阳市","建阳区","22-4 年末常住人口数（2021年）","https://tjj.fujian.gov.cn/tongjinianjian/dz2022/cn-en/html/2204.htm","population",,,,,,,,"34.3","21.3","13","62",,,,,,,,,,,,,,,,,,
"2021","建阳市","建阳区","22-19 社会消费品零售总额（2021年）","https://tjj.fujian.gov.cn/tongjinianjian/dz2022/cn-en/html/2219.htm","retail_sales",,,,,,,,,,,,,,,,,,,,,,,,,,,,"96.27","7.9"
"2021","将乐县","将乐县","22-10 一般公共预算支出（2021年）","https://tjj.fujian.gov.cn/tongjinianjian/dz2022/cn-en/html/2210.htm","budget_expenditure",,,,,,,,,,,,,,,,,,,,"198358","21565","39201","2464","24636",,,,,
"2021","将乐县","将乐县","22-9 地方一般公共预算收入（2021年）","https://tjj.fujian.gov.cn/tongjinianjian/dz2022/cn-en/html/2209.htm","budget_revenue",,,,,,,,,,,,,,,,"70084","16739","6983","3764",,,,,,,,,,
"2021","将乐县","将乐县","22-7 固定资产投资（2021年）","https://tjj.fujian.gov.cn/tongjinianjian/dz2022/cn-en/html/2207.htm","fixed_asset_investment",,,,,,,,,,,,"108.87","16.2","7.88","-16.1",,,,,,,,,,,,,,
"2021","将乐县","将乐县","22-1 地区生产总值（2021年）","https://tjj.fujian.gov.cn/tongjinianjian/dz2022/cn-en/html/2201.htm","gdp","180.48","21.36","89.13","69.99","63.31","26.04","125157",,,,,,,,,,,,,,,,,,,,,,
"2021","将乐县","将乐县","22-14 规模以上工业增加值增速（2021年）","https://tjj.fujian.gov.cn/tongjinianjian/dz2022/cn-en/html/2214.htm","industrial_va_growth",,,,,,,,,,,,,,,,,,,,,,,,,"4.4","5.9","3.2",,
"2021","将乐县","将乐县","22-4 年末常住人口数（2021年）","https://tjj.fujian.gov.cn/tongjinianjian/dz2022/cn-en/html/2204.htm","population",,,,,,,,"14.34","8.51","5.83","59.3",,,,,,,,,,,,,,,,,,
"2021","将乐县","将乐县","22-19 社会消费品零售总额（2021年）","https://tjj.fujian.gov.cn/tongjinianjian/dz2022/cn-en/html/2219.htm","retail_sales",,,,,,,,,,,,,,,,,,,,,,,,,,,,"58.26","10.3"
"2021","蕉城区","蕉城区","22-10 一般公共预算支出（2021年）","https://tjj.fujian.gov.cn/tongjinianjian/dz2022/cn-en/html/2210.htm","budget_expenditure",,,,,,,,,,,,,,,,,,,,"416996","53911","116088","19406","49344",,,,,
"2021","蕉城区","蕉城区","22-9 地方一般公共预算收入（2021年）","https://tjj.fujian.gov.cn/tongjinianjian/dz2022/cn-en/html/2209.htm","budget_revenue",,,,,,,,,,,,,,,,"248370","96818","52328","18733",,,,,,,,,,
"2021","蕉城区","蕉城区","22-7 固定资产投资（2021年）","https://tjj.fujian.gov.cn/tongjinianjian/dz2022/cn-en/html/2207.htm","fixed_asset_investment",,,,,,,,,,,,"345.82","24","114.8","51.3",,,,,,,,,,,,,,
"2021","蕉城区","蕉城区","22-1 地区生产总值（2021年）","https://tjj.fujian.gov.cn/tongjinianjian/dz2022/cn-en/html/2201.htm","gdp","1098.59","48.02","789.46","261.11","707.01","82.99","174657",,,,,,,,,,,,,,,,,,,,,,
"2021","蕉城区","蕉城区","22-14 规模以上工业增加值增速（2021年）","https://tjj.fujian.gov.cn/tongjinianjian/dz2022/cn-en/html/2214.htm","industrial_va_growth",,,,,,,,,,,,,,,,,,,,,,,,,"70.9","69.1","71.3",,
"2021","蕉城区","蕉城区","22-4 年末常住人口数（2021年）","https://tjj.fujian.gov.cn/tongjinianjian/dz2022/cn-en/html/2204.htm","population",,,,,,,,"63.2","43.92","19.28","69.5",,,,,,,,,,,,,,,,,,
"2021","蕉城区","蕉城区","22-19 社会消费品零售总额（2021年）","https://tjj.fujian.gov.cn/tongjinianjian/dz2022/cn-en/html/2219.htm","retail_sales",,,,,,,,,,,,,,,,,,,,,,,,,,,,"171.88","7.6"
"2021","晋安区","晋安区","22-10 一般公共预算支出（2021年）","https://tjj.fujian.gov.cn/tongjinianjian/dz2022/cn-en/html/2210.htm","budget_expenditure",,,,,,,,,,,,,,,,,,,,"338292","30668","73739","4607","43714",,,,,
"2021","晋安区","晋安区","22-9 地方一般公共预算收入（2021年）","https://tjj.fujian.gov.cn/tongjinianjian/dz2022/cn-en/html/2209.htm","budget_revenue",,,,,,,,,,,,,,,,"266105","68681","38822","0",,,,,,,,,,
"2021","晋安区","晋安区","22-7 固定资产投资（2021年）","https://tjj.fujian.gov.cn/tongjinianjian/dz2022/cn-en/html/2207.htm","fixed_asset_investment",,,,,,,,,,,,"486.08","-23","331.31","-19.6",,,,,,,,,,,,,,
"2021","晋安区","晋安区","22-1 地区生产总值（2021年）","https://tjj.fujian.gov.cn/tongjinianjian/dz2022/cn-en/html/2201.htm","gdp","1063.28","8.48","284.41","770.38","152.41","132.31","134167",,,,,,,,,,,,,,,,,,,,,,
"2021","晋安区","晋安区","22-14 规模以上工业增加值增速（2021年）","https://tjj.fujian.gov.cn/tongjinianjian/dz2022/cn-en/html/2214.htm","industrial_va_growth",,,,,,,,,,,,,,,,,,,,,,,,,"8.9","9.1","8.5",,
"2021","晋安区","晋安区","22-4 年末常住人口数（2021年）","https://tjj.fujian.gov.cn/tongjinianjian/dz2022/cn-en/html/2204.htm","population",,,,,,,,"79.5","77.51","1.99","97.5",,,,,,,,,,,,,,,,,,
"2021","晋安区","晋安区","22-19 社会消费品零售总额（2021年）","https://tjj.fujian.gov.cn/tongjinianjian/dz2022/cn-en/html/2219.htm","retail_sales",,,,,,,,,,,,,,,,,,,,,,,,,,,,"840.22","-7.3"
"2021","晋江市","晋江市","22-10 一般公共预算支出（2021年）","https://tjj.fujian.gov.cn/tongjinianjian/dz2022/cn-en/html/2210.htm","budget_expenditure",,,,,,,,,,,,,,,,,,,,"1239816","63196","303925","50835","94121",,,,,
"2021","晋江市","晋江市","22-9 地方一般公共预算收入（2021年）","https://tjj.fujian.gov.cn/tongjinianjian/dz2022/cn-en/html/2209.htm","budget_revenue",,,,,,,,,,,,,,,,"1462000","425794","221690","198356",,,,,,,,,,
"2021","晋江市","晋江市","22-7 固定资产投资（2021年）","https://tjj.fujian.gov.cn/tongjinianjian/dz2022/cn-en/html/2207.htm","fixed_asset_investment",,,,,,,,,,,,"570.55","7.6","188.3","2.9",,,,,,,,,,,,,,
"2021","晋江市","晋江市","22-1 地区生产总值（2021年）","https://tjj.fujian.gov.cn/tongjinianjian/dz2022/cn-en/html/2201.htm","gdp","2986.41","20.78","1825.27","1140.36","1758.68","72.62","144585",,,,,,,,,,,,,,,,,,,,,,
"2021","晋江市","晋江市","22-14 规模以上工业增加值增速（2021年）","https://tjj.fujian.gov.cn/tongjinianjian/dz2022/cn-en/html/2214.htm","industrial_va_growth",,,,,,,,,,,,,,,,,,,,,,,,,"13.5","12.7","16.3",,
"2021","晋江市","晋江市","22-4 年末常住人口数（2021年）","https://tjj.fujian.gov.cn/tongjinianjian/dz2022/cn-en/html/2204.htm","population",,,,,,,,"206.9","143.8","63.1","69.5",,,,,,,,,,,,,,,,,,
"2021","晋江市","晋江市","22-19 社会消费品零售总额（2021年）","https://tjj.fujian.gov.cn/tongjinianjian/dz2022/cn-en/html/2219.htm","retail_sales",,,,,,,,,,,,,,,,,,,,,,,,,,,,"1640.96","8.4"
"2021","鲤城区","鲤城区","22-10 一般公共预算支出（2021年）","https://tjj.fujian.gov.cn/tongjinianjian/dz2022/cn-en/html/2210.htm","budget_expenditure",,,,,,,,,,,,,,,,,,,,"203466","20829","57925","6700","8199",,,,,
"2021","鲤城区","鲤城区","22-9 地方一般公共预算收入（2021年）","https://tjj.fujian.gov.cn/tongjinianjian/dz2022/cn-en/html/2209.htm","budget_revenue",,,,,,,,,,,,,,,,"135489","38726","16497","6039",,,,,,,,,,
"2021","鲤城区","鲤城区","22-7 固定资产投资（2021年）","https://tjj.fujian.gov.cn/tongjinianjian/dz2022/cn-en/html/2207.htm","fixed_asset_investment",,,,,,,,,,,,"86.46","15.2","50.02","-15.9",,,,,,,,,,,,,,
"2021","鲤城区","鲤城区","22-1 地区生产总值（2021年）","https://tjj.fujian.gov.cn/tongjinianjian/dz2022/cn-en/html/2201.htm","gdp","705.01","0.15","347.58","357.28","314.77","32.9","164530",,,,,,,,,,,,,,,,,,,,,,
"2021","鲤城区","鲤城区","22-14 规模以上工业增加值增速（2021年）","https://tjj.fujian.gov.cn/tongjinianjian/dz2022/cn-en/html/2214.htm","industrial_va_growth",,,,,,,,,,,,,,,,,,,,,,,,,"10.5","8.8","16.6",,
"2021","鲤城区","鲤城区","22-4 年末常住人口数（2021年）","https://tjj.fujian.gov.cn/tongjinianjian/dz2022/cn-en/html/2204.htm","population",,,,,,,,"42.9","42.9","0","100",,,,,,,,,,,,,,,,,,
"2021","鲤城区","鲤城区","22-19 社会消费品零售总额（2021年）","https://tjj.fujian.gov.cn/tongjinianjian/dz2022/cn-en/html/2219.htm","retail_sales",,,,,,,,,,,,,,,,,,,,,,,,,,,,"419.74","23.5"
"2021","荔城区","荔城区","22-10 一般公共预算支出（2021年）","https://tjj.fujian.gov.cn/tongjinianjian/dz2022/cn-en/html/2210.htm","budget_expenditure",,,,,,,,,,,,,,,,,,,,"366318","31449","97762","2224","30037",,,,,
"2021","荔城区","荔城区","22-9 地方一般公共预算收入（2021年）","https://tjj.fujian.gov.cn/tongjinianjian/dz2022/cn-en/html/2209.htm","budget_revenue",,,,,,,,,,,,,,,,"306217","98435","23502","7590",,,,,,,,,,
"2021","荔城区","荔城区","22-7 固定资产投资（2021年）","https://tjj.fujian.gov.cn/tongjinianjian/dz2022/cn-en/html/2207.htm","fixed_asset_investment",,,,,,,,,,,,"367.77","7","129.15","26.9",,,,,,,,,,,,,,
"2021","荔城区","荔城区","22-1 地区生产总值（2021年）","https://tjj.fujian.gov.cn/tongjinianjian/dz2022/cn-en/html/2201.htm","gdp","618.81","17.42","331.4","269.99","268.17","63.74","91675",,,,,,,,,,,,,,,,,,,,,,
"2021","荔城区","荔城区","22-14 规模以上工业增加值增速（2021年）","https://tjj.fujian.gov.cn/tongjinianjian/dz2022/cn-en/html/2214.htm","industrial_va_growth",,,,,,,,,,,,,,,,,,,,,,,,,"9.9","9.5","12.5",,
"2021","荔城区","荔城区","22-4 年末常住人口数（2021年）","https://tjj.fujian.gov.cn/tongjinianjian/dz2022/cn-en/html/2204.htm","population",,,,,,,,"67.6","50.67","16.93","75",,,,,,,,,,,,,,,,,,
"2021","荔城区","荔城区","22-19 社会消费品零售总额（2021年）","https://tjj.fujian.gov.cn/tongjinianjian/dz2022/cn-en/html/2219.htm","retail_sales",,,,,,,,,,,,,,,,,,,,,,,,,,,,"504.54","15"
"2021","连城县","连城县","22-10 一般公共预算支出（2021年）","https://tjj.fujian.gov.cn/tongjinianjian/dz2022/cn-en/html/2210.htm","budget_expenditure",,,,,,,,,,,,,,,,,,,,"269498","31239","71210","8646","28515",,,,,
"2021","连城县","连城县","22-9 地方一般公共预算收入（2021年）","https://tjj.fujian.gov.cn/tongjinianjian/dz2022/cn-en/html/2209.htm","budget_revenue",,,,,,,,,,,,,,,,"79146","17794","6842","2537",,,,,,,,,,
"2021","连城县","连城县","22-7 固定资产投资（2021年）","https://tjj.fujian.gov.cn/tongjinianjian/dz2022/cn-en/html/2207.htm","fixed_asset_investment",,,,,,,,,,,,"117.89","6.7","5.68","-65.4",,,,,,,,,,,,,,
"2021","连城县","连城县","22-1 地区生产总值（2021年）","https://tjj.fujian.gov.cn/tongjinianjian/dz2022/cn-en/html/2201.htm","gdp","294.35","40.11","126.03","128.22","80.38","45.64","117272",,,,,,,,,,,,,,,,,,,,,,
"2021","连城县","连城县","22-14 规模以上工业增加值增速（2021年）","https://tjj.fujian.gov.cn/tongjinianjian/dz2022/cn-en/html/2214.htm","industrial_va_growth",,,,,,,,,,,,,,,,,,,,,,,,,"7","4","9.9",,
"2021","连城县","连城县","22-4 年末常住人口数（2021年）","https://tjj.fujian.gov.cn/tongjinianjian/dz2022/cn-en/html/2204.htm","population",,,,,,,,"25.1","12.88","12.22","51.3",,,,,,,,,,,,,,,,,,
"2021","连城县","连城县","22-19 社会消费品零售总额（2021年）","https://tjj.fujian.gov.cn/tongjinianjian/dz2022/cn-en/html/2219.htm","retail_sales",,,,,,,,,,,,,,,,,,,,,,,,,,,,"135.81","11.9"
"2021","连江县","连江县","22-10 一般公共预算支出（2021年）","https://tjj.fujian.gov.cn/tongjinianjian/dz2022/cn-en/html/2210.htm","budget_expenditure",,,,,,,,,,,,,,,,,,,,"760708","48127","167746","14892","73930",,,,,
"2021","连江县","连江县","22-9 地方一般公共预算收入（2021年）","https://tjj.fujian.gov.cn/tongjinianjian/dz2022/cn-en/html/2209.htm","budget_revenue",,,,,,,,,,,,,,,,"365767","127410","29608","51791",,,,,,,,,,
"2021","连江县","连江县","22-7 固定资产投资（2021年）","https://tjj.fujian.gov.cn/tongjinianjian/dz2022/cn-en/html/2207.htm","fixed_asset_investment",,,,,,,,,,,,"479.66","11.2","77.86","-5.4",,,,,,,,,,,,,,
"2021","连江县","连江县","22-1 地区生产总值（2021年）","https://tjj.fujian.gov.cn/tongjinianjian/dz2022/cn-en/html/2201.htm","gdp","671.44","173.41","252.95","245.08","184.1","79.57","104341",,,,,,,,,,,,,,,,,,,,,,
"2021","连江县","连江县","22-14 规模以上工业增加值增速（2021年）","https://tjj.fujian.gov.cn/tongjinianjian/dz2022/cn-en/html/2214.htm","industrial_va_growth",,,,,,,,,,,,,,,,,,,,,,,,,"9.1","-1.6","16",,
"2021","连江县","连江县","22-4 年末常住人口数（2021年）","https://tjj.fujian.gov.cn/tongjinianjian/dz2022/cn-en/html/2204.htm","population",,,,,,,,"64.6","32.88","31.72","50.9",,,,,,,,,,,,,,,,,,
"2021","连江县","连江县","22-19 社会消费品零售总额（2021年）","https://tjj.fujian.gov.cn/tongjinianjian/dz2022/cn-en/html/2219.htm","retail_sales",,,,,,,,,,,,,,,,,,,,,,,,,,,,"178.06","7.7"
"2021","龙海市","龙海区","22-10 一般公共预算支出（2021年）","https://tjj.fujian.gov.cn/tongjinianjian/dz2022/cn-en/html/2210.htm","budget_expenditure",,,,,,,,,,,,,,,,,,,,"403449","40796","101881","1342","26554",,,,,
"2021","龙海市","龙海区","22-9 地方一般公共预算收入（2021年）","https://tjj.fujian.gov.cn/tongjinianjian/dz2022/cn-en/html/2209.htm","budget_revenue",,,,,,,,,,,,,,,,"249471","66074","55054","3523",,,,,,,,,,
"2021","龙海市","龙海区","22-7 固定资产投资（2021年）","https://tjj.fujian.gov.cn/tongjinianjian/dz2022/cn-en/html/2207.htm","fixed_asset_investment",,,,,,,,,,,,"410.36","-2.5","140.15","-26.5",,,,,,,,,,,,,,
"2021","龙海市","龙海区","22-1 地区生产总值（2021年）","https://tjj.fujian.gov.cn/tongjinianjian/dz2022/cn-en/html/2201.htm","gdp","1265.78","80.87","790.88","394.03","625.14","168.2","132674",,,,,,,,,,,,,,,,,,,,,,
"2021","龙海市","龙海区","22-14 规模以上工业增加值增速（2021年）","https://tjj.fujian.gov.cn/tongjinianjian/dz2022/cn-en/html/2214.htm","industrial_va_growth",,,,,,,,,,,,,,,,,,,,,,,,,"14.4","-14.4","49.2",,
"2021","龙海市","龙海区","22-4 年末常住人口数（2021年）","https://tjj.fujian.gov.cn/tongjinianjian/dz2022/cn-en/html/2204.htm","population",,,,,,,,"95.51","60.46","35.05","63.3",,,,,,,,,,,,,,,,,,
"2021","龙海市","龙海区","22-19 社会消费品零售总额（2021年）","https://tjj.fujian.gov.cn/tongjinianjian/dz2022/cn-en/html/2219.htm","retail_sales",,,,,,,,,,,,,,,,,,,,,,,,,,,,"264.32","6.8"
"2021","龙文区","龙文区","22-10 一般公共预算支出（2021年）","https://tjj.fujian.gov.cn/tongjinianjian/dz2022/cn-en/html/2210.htm","budget_expenditure",,,,,,,,,,,,,,,,,,,,"155658","19375","61597","4840","4069",,,,,
"2021","龙文区","龙文区","22-9 地方一般公共预算收入（2021年）","https://tjj.fujian.gov.cn/tongjinianjian/dz2022/cn-en/html/2209.htm","budget_revenue",,,,,,,,,,,,,,,,"138891","35382","19430","2831",,,,,,,,,,
"2021","龙文区","龙文区","22-7 固定资产投资（2021年）","https://tjj.fujian.gov.cn/tongjinianjian/dz2022/cn-en/html/2207.htm","fixed_asset_investment",,,,,,,,,,,,"237.46","7.6","123.81","-10.5",,,,,,,,,,,,,,
"2021","龙文区","龙文区","22-1 地区生产总值（2021年）","https://tjj.fujian.gov.cn/tongjinianjian/dz2022/cn-en/html/2201.htm","gdp","375.89","5.12","137.66","233.1","91.14","46.83","123000",,,,,,,,,,,,,,,,,,,,,,
"2021","龙文区","龙文区","22-14 规模以上工业增加值增速（2021年）","https://tjj.fujian.gov.cn/tongjinianjian/dz2022/cn-en/html/2214.htm","industrial_va_growth",,,,,,,,,,,,,,,,,,,,,,,,,"10.6","7.1","19.9",,
"2021","龙文区","龙文区","22-4 年末常住人口数（2021年）","https://tjj.fujian.gov.cn/tongjinianjian/dz2022/cn-en/html/2204.htm","population",,,,,,,,"30.62","28.11","2.51","91.8",,,,,,,,,,,,,,,,,,
"2021","龙文区","龙文区","22-19 社会消费品零售总额（2021年）","https://tjj.fujian.gov.cn/tongjinianjian/dz2022/cn-en/html/2219.htm","retail_sales",,,,,,,,,,,,,,,,,,,,,,,,,,,,"235.24","6.4"
"2021","罗源县","罗源县","22-10 一般公共预算支出（2021年）","https://tjj.fujian.gov.cn/tongjinianjian/dz2022/cn-en/html/2210.htm","budget_expenditure",,,,,,,,,,,,,,,,,,,,"250678","39917","57856","3284","27594",,,,,
"2021","罗源县","罗源县","22-9 地方一般公共预算收入（2021年）","https://tjj.fujian.gov.cn/tongjinianjian/dz2022/cn-en/html/2209.htm","budget_revenue",,,,,,,,,,,,,,,,"118489","40521","16200","11645",,,,,,,,,,
"2021","罗源县","罗源县","22-7 固定资产投资（2021年）","https://tjj.fujian.gov.cn/tongjinianjian/dz2022/cn-en/html/2207.htm","fixed_asset_investment",,,,,,,,,,,,"217.97","21.2","16.59","-17.9",,,,,,,,,,,,,,
"2021","罗源县","罗源县","22-1 地区生产总值（2021年）","https://tjj.fujian.gov.cn/tongjinianjian/dz2022/cn-en/html/2201.htm","gdp","359.06","55.06","184.25","119.74","157.5","27","139440",,,,,,,,,,,,,,,,,,,,,,
"2021","罗源县","罗源县","22-14 规模以上工业增加值增速（2021年）","https://tjj.fujian.gov.cn/tongjinianjian/dz2022/cn-en/html/2214.htm","industrial_va_growth",,,,,,,,,,,,,,,,,,,,,,,,,"7.6","14.3","6.9",,
"2021","罗源县","罗源县","22-4 年末常住人口数（2021年）","https://tjj.fujian.gov.cn/tongjinianjian/dz2022/cn-en/html/2204.htm","population",,,,,,,,"25.9","18.57","7.33","71.7",,,,,,,,,,,,,,,,,,
"2021","罗源县","罗源县","22-19 社会消费品零售总额（2021年）","https://tjj.fujian.gov.cn/tongjinianjian/dz2022/cn-en/html/2219.htm","retail_sales",,,,,,,,,,,,,,,,,,,,,,,,,,,,"62.82","17.8"
"2021","洛江区","洛江区","22-10 一般公共预算支出（2021年）","https://tjj.fujian.gov.cn/tongjinianjian/dz2022/cn-en/html/2210.htm","budget_expenditure",,,,,,,,,,,,,,,,,,,,"166076","20808","44713","4675","10957",,,,,
"2021","洛江区","洛江区","22-9 地方一般公共预算收入（2021年）","https://tjj.fujian.gov.cn/tongjinianjian/dz2022/cn-en/html/2209.htm","budget_revenue",,,,,,,,,,,,,,,,"154047","54149","21967","2699",,,,,,,,,,
"2021","洛江区","洛江区","22-7 固定资产投资（2021年）","https://tjj.fujian.gov.cn/tongjinianjian/dz2022/cn-en/html/2207.htm","fixed_asset_investment",,,,,,,,,,,,"121.33","4.3","57.72","15.8",,,,,,,,,,,,,,
"2021","洛江区","洛江区","22-1 地区生产总值（2021年）","https://tjj.fujian.gov.cn/tongjinianjian/dz2022/cn-en/html/2201.htm","gdp","333.13","5.2","207.47","120.46","179.39","28.08","132458",,,,,,,,,,,,,,,,,,,,,,
"2021","洛江区","洛江区","22-14 规模以上工业增加值增速（2021年）","https://tjj.fujian.gov.cn/tongjinianjian/dz2022/cn-en/html/2214.htm","industrial_va_growth",,,,,,,,,,,,,,,,,,,,,,,,,"13.5","13.2","14.4",,
"2021","洛江区","洛江区","22-4 年末常住人口数（2021年）","https://tjj.fujian.gov.cn/tongjinianjian/dz2022/cn-en/html/2204.htm","population",,,,,,,,"25.5","15.68","9.82","61.5",,,,,,,,,,,,,,,,,,
"2021","洛江区","洛江区","22-19 社会消费品零售总额（2021年）","https://tjj.fujian.gov.cn/tongjinianjian/dz2022/cn-en/html/2219.htm","retail_sales",,,,,,,,,,,,,,,,,,,,,,,,,,,,"85.45","25.2"
"2021","马尾区","马尾区","22-10 一般公共预算支出（2021年）","https://tjj.fujian.gov.cn/tongjinianjian/dz2022/cn-en/html/2210.htm","budget_expenditure",,,,,,,,,,,,,,,,,,,,"275888","37176","59056","4296","6840",,,,,
"2021","马尾区","马尾区","22-9 地方一般公共预算收入（2021年）","https://tjj.fujian.gov.cn/tongjinianjian/dz2022/cn-en/html/2209.htm","budget_revenue",,,,,,,,,,,,,,,,"229543","64909","39332","1615",,,,,,,,,,
"2021","马尾区","马尾区","22-7 固定资产投资（2021年）","https://tjj.fujian.gov.cn/tongjinianjian/dz2022/cn-en/html/2207.htm","fixed_asset_investment",,,,,,,,,,,,"144.18","-28.4","27.15","-69.8",,,,,,,,,,,,,,
"2021","马尾区","马尾区","22-1 地区生产总值（2021年）","https://tjj.fujian.gov.cn/tongjinianjian/dz2022/cn-en/html/2201.htm","gdp","639.84","13.05","362.24","264.54","240.01","122.67","217632",,,,,,,,,,,,,,,,,,,,,,
"2021","马尾区","马尾区","22-14 规模以上工业增加值增速（2021年）","https://tjj.fujian.gov.cn/tongjinianjian/dz2022/cn-en/html/2214.htm","industrial_va_growth",,,,,,,,,,,,,,,,,,,,,,,,,"6.4","2.1","10.5",,
"2021","马尾区","马尾区","22-4 年末常住人口数（2021年）","https://tjj.fujian.gov.cn/tongjinianjian/dz2022/cn-en/html/2204.htm","population",,,,,,,,"29.6","26.08","3.52","88.1",,,,,,,,,,,,,,,,,,
"2021","马尾区","马尾区","22-19 社会消费品零售总额（2021年）","https://tjj.fujian.gov.cn/tongjinianjian/dz2022/cn-en/html/2219.htm","retail_sales",,,,,,,,,,,,,,,,,,,,,,,,,,,,"204.14","9.4"
"2021","闽侯县","闽侯县","22-10 一般公共预算支出（2021年）","https://tjj.fujian.gov.cn/tongjinianjian/dz2022/cn-en/html/2210.htm","budget_expenditure",,,,,,,,,,,,,,,,,,,,"987252","86959","195217","15993","51401",,,,,
"2021","闽侯县","闽侯县","22-9 地方一般公共预算收入（2021年）","https://tjj.fujian.gov.cn/tongjinianjian/dz2022/cn-en/html/2209.htm","budget_revenue",,,,,,,,,,,,,,,,"951796","255851","96467","25678",,,,,,,,,,
"2021","闽侯县","闽侯县","22-7 固定资产投资（2021年）","https://tjj.fujian.gov.cn/tongjinianjian/dz2022/cn-en/html/2207.htm","fixed_asset_investment",,,,,,,,,,,,"721.2","15.1","289.19","15.5",,,,,,,,,,,,,,
"2021","闽侯县","闽侯县","22-1 地区生产总值（2021年）","https://tjj.fujian.gov.cn/tongjinianjian/dz2022/cn-en/html/2201.htm","gdp","881.16","51.69","452.96","376.51","347.78","105.46","87765",,,,,,,,,,,,,,,,,,,,,,
"2021","闽侯县","闽侯县","22-14 规模以上工业增加值增速（2021年）","https://tjj.fujian.gov.cn/tongjinianjian/dz2022/cn-en/html/2214.htm","industrial_va_growth",,,,,,,,,,,,,,,,,,,,,,,,,"12","5","16.6",,
"2021","闽侯县","闽侯县","22-4 年末常住人口数（2021年）","https://tjj.fujian.gov.cn/tongjinianjian/dz2022/cn-en/html/2204.htm","population",,,,,,,,"101.5","61.31","40.19","60.4",,,,,,,,,,,,,,,,,,
"2021","闽侯县","闽侯县","22-19 社会消费品零售总额（2021年）","https://tjj.fujian.gov.cn/tongjinianjian/dz2022/cn-en/html/2219.htm","retail_sales",,,,,,,,,,,,,,,,,,,,,,,,,,,,"318.34","7.1"
"2021","闽清县","闽清县","22-10 一般公共预算支出（2021年）","https://tjj.fujian.gov.cn/tongjinianjian/dz2022/cn-en/html/2210.htm","budget_expenditure",,,,,,,,,,,,,,,,,,,,"352892","31674","66386","1365","56708",,,,,
"2021","闽清县","闽清县","22-9 地方一般公共预算收入（2021年）","https://tjj.fujian.gov.cn/tongjinianjian/dz2022/cn-en/html/2209.htm","budget_revenue",,,,,,,,,,,,,,,,"184629","123673","16109","3839",,,,,,,,,,
"2021","闽清县","闽清县","22-7 固定资产投资（2021年）","https://tjj.fujian.gov.cn/tongjinianjian/dz2022/cn-en/html/2207.htm","fixed_asset_investment",,,,,,,,,,,,"137.99","13","45.18","105.2",,,,,,,,,,,,,,
"2021","闽清县","闽清县","22-1 地区生产总值（2021年）","https://tjj.fujian.gov.cn/tongjinianjian/dz2022/cn-en/html/2201.htm","gdp","389.78","38.77","217.56","133.45","88.87","131.42","151077",,,,,,,,,,,,,,,,,,,,,,
"2021","闽清县","闽清县","22-14 规模以上工业增加值增速（2021年）","https://tjj.fujian.gov.cn/tongjinianjian/dz2022/cn-en/html/2214.htm","industrial_va_growth",,,,,,,,,,,,,,,,,,,,,,,,,"7.5","20.7","4.9",,
"2021","闽清县","闽清县","22-4 年末常住人口数（2021年）","https://tjj.fujian.gov.cn/tongjinianjian/dz2022/cn-en/html/2204.htm","population",,,,,,,,"25.9","11.42","14.48","44.1",,,,,,,,,,,,,,,,,,
"2021","闽清县","闽清县","22-19 社会消费品零售总额（2021年）","https://tjj.fujian.gov.cn/tongjinianjian/dz2022/cn-en/html/2219.htm","retail_sales",,,,,,,,,,,,,,,,,,,,,,,,,,,,"51.19","12.5"
"2021","明溪县","明溪县","22-10 一般公共预算支出（2021年）","https://tjj.fujian.gov.cn/tongjinianjian/dz2022/cn-en/html/2210.htm","budget_expenditure",,,,,,,,,,,,,,,,,,,,"143138","13080","36093","1386","22951",,,,,
"2021","明溪县","明溪县","22-9 地方一般公共预算收入（2021年）","https://tjj.fujian.gov.cn/tongjinianjian/dz2022/cn-en/html/2209.htm","budget_revenue",,,,,,,,,,,,,,,,"35887","11322","5108","1066",,,,,,,,,,
"2021","明溪县","明溪县","22-7 固定资产投资（2021年）","https://tjj.fujian.gov.cn/tongjinianjian/dz2022/cn-en/html/2207.htm","fixed_asset_investment",,,,,,,,,,,,"72.46","16.9","2.4","-0.9",,,,,,,,,,,,,,
"2021","明溪县","明溪县","22-1 地区生产总值（2021年）","https://tjj.fujian.gov.cn/tongjinianjian/dz2022/cn-en/html/2201.htm","gdp","121.85","21.6","58.43","41.81","37.61","20.89","124460",,,,,,,,,,,,,,,,,,,,,,
"2021","明溪县","明溪县","22-14 规模以上工业增加值增速（2021年）","https://tjj.fujian.gov.cn/tongjinianjian/dz2022/cn-en/html/2214.htm","industrial_va_growth",,,,,,,,,,,,,,,,,,,,,,,,,"3.4","6.8","1.4",,
"2021","明溪县","明溪县","22-4 年末常住人口数（2021年）","https://tjj.fujian.gov.cn/tongjinianjian/dz2022/cn-en/html/2204.htm","population",,,,,,,,"9.68","5.19","4.49","53.6",,,,,,,,,,,,,,,,,,
"2021","明溪县","明溪县","22-19 社会消费品零售总额（2021年）","https://tjj.fujian.gov.cn/tongjinianjian/dz2022/cn-en/html/2219.htm","retail_sales",,,,,,,,,,,,,,,,,,,,,,,,,,,,"26.69","13.1"
"2021","南安市","南安市","22-10 一般公共预算支出（2021年）","https://tjj.fujian.gov.cn/tongjinianjian/dz2022/cn-en/html/2210.htm","budget_expenditure",,,,,,,,,,,,,,,,,,,,"923609","61130","253645","23293","80908",,,,,
"2021","南安市","南安市","22-9 地方一般公共预算收入（2021年）","https://tjj.fujian.gov.cn/tongjinianjian/dz2022/cn-en/html/2209.htm","budget_revenue",,,,,,,,,,,,,,,,"586235","181185","68922","75727",,,,,,,,,,
"2021","南安市","南安市","22-7 固定资产投资（2021年）","https://tjj.fujian.gov.cn/tongjinianjian/dz2022/cn-en/html/2207.htm","fixed_asset_investment",,,,,,,,,,,,"445.96","14.4","125.98","5.5",,,,,,,,,,,,,,
"2021","南安市","南安市","22-1 地区生产总值（2021年）","https://tjj.fujian.gov.cn/tongjinianjian/dz2022/cn-en/html/2201.htm","gdp","1536.36","33.44","919.15","583.77","858.15","61.58","100877",,,,,,,,,,,,,,,,,,,,,,
"2021","南安市","南安市","22-14 规模以上工业增加值增速（2021年）","https://tjj.fujian.gov.cn/tongjinianjian/dz2022/cn-en/html/2214.htm","industrial_va_growth",,,,,,,,,,,,,,,,,,,,,,,,,"13","7.8","15.7",,
"2021","南安市","南安市","22-4 年末常住人口数（2021年）","https://tjj.fujian.gov.cn/tongjinianjian/dz2022/cn-en/html/2204.htm","population",,,,,,,,"152.7","97.12","55.58","63.6",,,,,,,,,,,,,,,,,,
"2021","南安市","南安市","22-19 社会消费品零售总额（2021年）","https://tjj.fujian.gov.cn/tongjinianjian/dz2022/cn-en/html/2219.htm","retail_sales",,,,,,,,,,,,,,,,,,,,,,,,,,,,"814.98","10.4"
"2021","南靖县","南靖县","22-10 一般公共预算支出（2021年）","https://tjj.fujian.gov.cn/tongjinianjian/dz2022/cn-en/html/2210.htm","budget_expenditure",,,,,,,,,,,,,,,,,,,,"233050","26434","44046","1856","18229",,,,,
"2021","南靖县","南靖县","22-9 地方一般公共预算收入（2021年）","https://tjj.fujian.gov.cn/tongjinianjian/dz2022/cn-en/html/2209.htm","budget_revenue",,,,,,,,,,,,,,,,"98057","36539","9103","2346",,,,,,,,,,
"2021","南靖县","南靖县","22-7 固定资产投资（2021年）","https://tjj.fujian.gov.cn/tongjinianjian/dz2022/cn-en/html/2207.htm","fixed_asset_investment",,,,,,,,,,,,"140.17","19.1","30.72","115.8",,,,,,,,,,,,,,
"2021","南靖县","南靖县","22-1 地区生产总值（2021年）","https://tjj.fujian.gov.cn/tongjinianjian/dz2022/cn-en/html/2201.htm","gdp","365.9","74.76","167.03","124.12","145.96","21.12","119851",,,,,,,,,,,,,,,,,,,,,,
"2021","南靖县","南靖县","22-14 规模以上工业增加值增速（2021年）","https://tjj.fujian.gov.cn/tongjinianjian/dz2022/cn-en/html/2214.htm","industrial_va_growth",,,,,,,,,,,,,,,,,,,,,,,,,"0.1","-0.2","0.3",,
"2021","南靖县","南靖县","22-4 年末常住人口数（2021年）","https://tjj.fujian.gov.cn/tongjinianjian/dz2022/cn-en/html/2204.htm","population",,,,,,,,"30.56","16.56","14","54.2",,,,,,,,,,,,,,,,,,
"2021","南靖县","南靖县","22-19 社会消费品零售总额（2021年）","https://tjj.fujian.gov.cn/tongjinianjian/dz2022/cn-en/html/2219.htm","retail_sales",,,,,,,,,,,,,,,,,,,,,,,,,,,,"109.59","5.6"
"2021","宁化县","宁化县","22-10 一般公共预算支出（2021年）","https://tjj.fujian.gov.cn/tongjinianjian/dz2022/cn-en/html/2210.htm","budget_expenditure",,,,,,,,,,,,,,,,,,,,"297912","26852","71712","1564","51594",,,,,
"2021","宁化县","宁化县","22-9 地方一般公共预算收入（2021年）","https://tjj.fujian.gov.cn/tongjinianjian/dz2022/cn-en/html/2209.htm","budget_revenue",,,,,,,,,,,,,,,,"70056","16722","5041","1311",,,,,,,,,,
"2021","宁化县","宁化县","22-7 固定资产投资（2021年）","https://tjj.fujian.gov.cn/tongjinianjian/dz2022/cn-en/html/2207.htm","fixed_asset_investment",,,,,,,,,,,,"102.74","17","15.62","37.6",,,,,,,,,,,,,,
"2021","宁化县","宁化县","22-1 地区生产总值（2021年）","https://tjj.fujian.gov.cn/tongjinianjian/dz2022/cn-en/html/2201.htm","gdp","226.64","30.37","99.42","96.85","51.56","48.26","86553",,,,,,,,,,,,,,,,,,,,,,
"2021","宁化县","宁化县","22-14 规模以上工业增加值增速（2021年）","https://tjj.fujian.gov.cn/tongjinianjian/dz2022/cn-en/html/2214.htm","industrial_va_growth",,,,,,,,,,,,,,,,,,,,,,,,,"3.6","2.4","4.9",,
"2021","宁化县","宁化县","22-4 年末常住人口数（2021年）","https://tjj.fujian.gov.cn/tongjinianjian/dz2022/cn-en/html/2204.htm","population",,,,,,,,"26.17","12.62","13.55","48.2",,,,,,,,,,,,,,,,,,
"2021","宁化县","宁化县","22-19 社会消费品零售总额（2021年）","https://tjj.fujian.gov.cn/tongjinianjian/dz2022/cn-en/html/2219.htm","retail_sales",,,,,,,,,,,,,,,,,,,,,,,,,,,,"65.96","9.1"
"2021","平和县","平和县","22-10 一般公共预算支出（2021年）","https://tjj.fujian.gov.cn/tongjinianjian/dz2022/cn-en/html/2210.htm","budget_expenditure",,,,,,,,,,,,,,,,,,,,"243126","16823","54610","3986","27587",,,,,
"2021","平和县","平和县","22-9 地方一般公共预算收入（2021年）","https://tjj.fujian.gov.cn/tongjinianjian/dz2022/cn-en/html/2209.htm","budget_revenue",,,,,,,,,,,,,,,,"63764","17594","3757","990",,,,,,,,,,
"2021","平和县","平和县","22-7 固定资产投资（2021年）","https://tjj.fujian.gov.cn/tongjinianjian/dz2022/cn-en/html/2207.htm","fixed_asset_investment",,,,,,,,,,,,"94.46","13.5","5.9","-41.8",,,,,,,,,,,,,,
"2021","平和县","平和县","22-1 地区生产总值（2021年）","https://tjj.fujian.gov.cn/tongjinianjian/dz2022/cn-en/html/2201.htm","gdp","271.49","52.75","76.65","142.09","62.56","14.09","59867",,,,,,,,,,,,,,,,,,,,,,
"2021","平和县","平和县","22-14 规模以上工业增加值增速（2021年）","https://tjj.fujian.gov.cn/tongjinianjian/dz2022/cn-en/html/2214.htm","industrial_va_growth",,,,,,,,,,,,,,,,,,,,,,,,,"9.5","6.9","11.5",,
"2021","平和县","平和县","22-4 年末常住人口数（2021年）","https://tjj.fujian.gov.cn/tongjinianjian/dz2022/cn-en/html/2204.htm","population",,,,,,,,"45.3","21.97","23.33","48.5",,,,,,,,,,,,,,,,,,
"2021","平和县","平和县","22-19 社会消费品零售总额（2021年）","https://tjj.fujian.gov.cn/tongjinianjian/dz2022/cn-en/html/2219.htm","retail_sales",,,,,,,,,,,,,,,,,,,,,,,,,,,,"104.6","5"
"2021","平潭县","平潭县","22-10 一般公共预算支出（2021年）","https://tjj.fujian.gov.cn/tongjinianjian/dz2022/cn-en/html/2210.htm","budget_expenditure",,,,,,,,,,,,,,,,,,,,"853167","83109","114991","215341","33578",,,,,
"2021","平潭县","平潭县","22-9 地方一般公共预算收入（2021年）","https://tjj.fujian.gov.cn/tongjinianjian/dz2022/cn-en/html/2209.htm","budget_revenue",,,,,,,,,,,,,,,,"549251","145639","74206","147804",,,,,,,,,,
"2021","平潭县","平潭县","22-7 固定资产投资（2021年）","https://tjj.fujian.gov.cn/tongjinianjian/dz2022/cn-en/html/2207.htm","fixed_asset_investment",,,,,,,,,,,,"211.19","-16.5","103.98","-5.4",,,,,,,,,,,,,,
"2021","平潭县","平潭县","22-1 地区生产总值（2021年）","https://tjj.fujian.gov.cn/tongjinianjian/dz2022/cn-en/html/2201.htm","gdp","339.2","40.3","81.45","217.45","11.36","70.32","86975",,,,,,,,,,,,,,,,,,,,,,
"2021","平潭县","平潭县","22-14 规模以上工业增加值增速（2021年）","https://tjj.fujian.gov.cn/tongjinianjian/dz2022/cn-en/html/2214.htm","industrial_va_growth",,,,,,,,,,,,,,,,,,,,,,,,,"12.1","-20.5","13.5",,
"2021","平潭县","平潭县","22-4 年末常住人口数（2021年）","https://tjj.fujian.gov.cn/tongjinianjian/dz2022/cn-en/html/2204.htm","population",,,,,,,,"39","22.07","16.93","56.6",,,,,,,,,,,,,,,,,,
"2021","平潭县","平潭县","22-19 社会消费品零售总额（2021年）","https://tjj.fujian.gov.cn/tongjinianjian/dz2022/cn-en/html/2219.htm","retail_sales",,,,,,,,,,,,,,,,,,,,,,,,,,,,"60.72","3.3"
"2021","屏南县","屏南县","22-10 一般公共预算支出（2021年）","https://tjj.fujian.gov.cn/tongjinianjian/dz2022/cn-en/html/2210.htm","budget_expenditure",,,,,,,,,,,,,,,,,,,,"198748","16911","41615","558","33261",,,,,
"2021","屏南县","屏南县","22-9 地方一般公共预算收入（2021年）","https://tjj.fujian.gov.cn/tongjinianjian/dz2022/cn-en/html/2209.htm","budget_revenue",,,,,,,,,,,,,,,,"35091","13327","3557","882",,,,,,,,,,
"2021","屏南县","屏南县","22-7 固定资产投资（2021年）","https://tjj.fujian.gov.cn/tongjinianjian/dz2022/cn-en/html/2207.htm","fixed_asset_investment",,,,,,,,,,,,"37.73","-6.6","19.41","33.6",,,,,,,,,,,,,,
"2021","屏南县","屏南县","22-1 地区生产总值（2021年）","https://tjj.fujian.gov.cn/tongjinianjian/dz2022/cn-en/html/2201.htm","gdp","105.51","16.13","36.24","53.13","28.58","7.71","75633",,,,,,,,,,,,,,,,,,,,,,
"2021","屏南县","屏南县","22-14 规模以上工业增加值增速（2021年）","https://tjj.fujian.gov.cn/tongjinianjian/dz2022/cn-en/html/2214.htm","industrial_va_growth",,,,,,,,,,,,,,,,,,,,,,,,,"129.5","364.3","0.9",,
"2021","屏南县","屏南县","22-4 年末常住人口数（2021年）","https://tjj.fujian.gov.cn/tongjinianjian/dz2022/cn-en/html/2204.htm","population",,,,,,,,"13.9","7.05","6.85","50.7",,,,,,,,,,,,,,,,,,
"2021","屏南县","屏南县","22-19 社会消费品零售总额（2021年）","https://tjj.fujian.gov.cn/tongjinianjian/dz2022/cn-en/html/2219.htm","retail_sales",,,,,,,,,,,,,,,,,,,,,,,,,,,,"41","5.5"
"2021","浦城县","浦城县","22-10 一般公共预算支出（2021年）","https://tjj.fujian.gov.cn/tongjinianjian/dz2022/cn-en/html/2210.htm","budget_expenditure",,,,,,,,,,,,,,,,,,,,"315992","22173","68865","1838","50747",,,,,
"2021","浦城县","浦城县","22-9 地方一般公共预算收入（2021年）","https://tjj.fujian.gov.cn/tongjinianjian/dz2022/cn-en/html/2209.htm","budget_revenue",,,,,,,,,,,,,,,,"72628","16721","7330","1041",,,,,,,,,,
"2021","浦城县","浦城县","22-7 固定资产投资（2021年）","https://tjj.fujian.gov.cn/tongjinianjian/dz2022/cn-en/html/2207.htm","fixed_asset_investment",,,,,,,,,,,,"117.89","-1.1","16.05","-32",,,,,,,,,,,,,,
"2021","浦城县","浦城县","22-1 地区生产总值（2021年）","https://tjj.fujian.gov.cn/tongjinianjian/dz2022/cn-en/html/2201.htm","gdp","181.74","40.71","55.06","85.98","38.78","16.29","61193",,,,,,,,,,,,,,,,,,,,,,
"2021","浦城县","浦城县","22-14 规模以上工业增加值增速（2021年）","https://tjj.fujian.gov.cn/tongjinianjian/dz2022/cn-en/html/2214.htm","industrial_va_growth",,,,,,,,,,,,,,,,,,,,,,,,,"6.2","8.6","-4.1",,
"2021","浦城县","浦城县","22-4 年末常住人口数（2021年）","https://tjj.fujian.gov.cn/tongjinianjian/dz2022/cn-en/html/2204.htm","population",,,,,,,,"29.6","14.3","15.3","48.5",,,,,,,,,,,,,,,,,,
"2021","浦城县","浦城县","22-19 社会消费品零售总额（2021年）","https://tjj.fujian.gov.cn/tongjinianjian/dz2022/cn-en/html/2219.htm","retail_sales",,,,,,,,,,,,,,,,,,,,,,,,,,,,"45.01","8.2"
"2021","清流县","清流县","22-10 一般公共预算支出（2021年）","https://tjj.fujian.gov.cn/tongjinianjian/dz2022/cn-en/html/2210.htm","budget_expenditure",,,,,,,,,,,,,,,,,,,,"165282","15970","36885","345","28441",,,,,
"2021","清流县","清流县","22-9 地方一般公共预算收入（2021年）","https://tjj.fujian.gov.cn/tongjinianjian/dz2022/cn-en/html/2209.htm","budget_revenue",,,,,,,,,,,,,,,,"45343","15287","6199","1061",,,,,,,,,,
"2021","清流县","清流县","22-7 固定资产投资（2021年）","https://tjj.fujian.gov.cn/tongjinianjian/dz2022/cn-en/html/2207.htm","fixed_asset_investment",,,,,,,,,,,,"60.53","14","8.27","291.2",,,,,,,,,,,,,,
"2021","清流县","清流县","22-1 地区生产总值（2021年）","https://tjj.fujian.gov.cn/tongjinianjian/dz2022/cn-en/html/2201.htm","gdp","156.95","25.16","77.75","54.04","32.63","45.25","134032",,,,,,,,,,,,,,,,,,,,,,
"2021","清流县","清流县","22-14 规模以上工业增加值增速（2021年）","https://tjj.fujian.gov.cn/tongjinianjian/dz2022/cn-en/html/2214.htm","industrial_va_growth",,,,,,,,,,,,,,,,,,,,,,,,,"-28.5","-33.3","-26.8",,
"2021","清流县","清流县","22-4 年末常住人口数（2021年）","https://tjj.fujian.gov.cn/tongjinianjian/dz2022/cn-en/html/2204.htm","population",,,,,,,,"11.62","5.99","5.63","51.5",,,,,,,,,,,,,,,,,,
"2021","清流县","清流县","22-19 社会消费品零售总额（2021年）","https://tjj.fujian.gov.cn/tongjinianjian/dz2022/cn-en/html/2219.htm","retail_sales",,,,,,,,,,,,,,,,,,,,,,,,,,,,"53.06","8.7"
"2021","泉港区","泉港区","22-10 一般公共预算支出（2021年）","https://tjj.fujian.gov.cn/tongjinianjian/dz2022/cn-en/html/2210.htm","budget_expenditure",,,,,,,,,,,,,,,,,,,,"270777","23157","78052","3973","11567",,,,,
"2021","泉港区","泉港区","22-9 地方一般公共预算收入（2021年）","https://tjj.fujian.gov.cn/tongjinianjian/dz2022/cn-en/html/2209.htm","budget_revenue",,,,,,,,,,,,,,,,"280648","123264","52531","5526",,,,,,,,,,
"2021","泉港区","泉港区","22-7 固定资产投资（2021年）","https://tjj.fujian.gov.cn/tongjinianjian/dz2022/cn-en/html/2207.htm","fixed_asset_investment",,,,,,,,,,,,"112.13","-5.6","23.31","-43.3",,,,,,,,,,,,,,
"2021","泉港区","泉港区","22-1 地区生产总值（2021年）","https://tjj.fujian.gov.cn/tongjinianjian/dz2022/cn-en/html/2201.htm","gdp","657.8","11.76","497.03","149.01","436.99","60.13","184258",,,,,,,,,,,,,,,,,,,,,,
"2021","泉港区","泉港区","22-14 规模以上工业增加值增速（2021年）","https://tjj.fujian.gov.cn/tongjinianjian/dz2022/cn-en/html/2214.htm","industrial_va_growth",,,,,,,,,,,,,,,,,,,,,,,,,"-20.4","-14.4","-21.3",,
"2021","泉港区","泉港区","22-4 年末常住人口数（2021年）","https://tjj.fujian.gov.cn/tongjinianjian/dz2022/cn-en/html/2204.htm","population",,,,,,,,"35.9","20.28","15.62","56.5",,,,,,,,,,,,,,,,,,
"2021","泉港区","泉港区","22-19 社会消费品零售总额（2021年）","https://tjj.fujian.gov.cn/tongjinianjian/dz2022/cn-en/html/2219.htm","retail_sales",,,,,,,,,,,,,,,,,,,,,,,,,,,,"150.64","12.5"
"2021","三元区","三元区","22-10 一般公共预算支出（2021年）","https://tjj.fujian.gov.cn/tongjinianjian/dz2022/cn-en/html/2210.htm","budget_expenditure",,,,,,,,,,,,,,,,,,,,"211994","23399","59177","1018","23229",,,,,
"2021","三元区","三元区","22-9 地方一般公共预算收入（2021年）","https://tjj.fujian.gov.cn/tongjinianjian/dz2022/cn-en/html/2209.htm","budget_revenue",,,,,,,,,,,,,,,,"117970","35998","10954","3313",,,,,,,,,,
"2021","三元区","三元区","22-7 固定资产投资（2021年）","https://tjj.fujian.gov.cn/tongjinianjian/dz2022/cn-en/html/2207.htm","fixed_asset_investment",,,,,,,,,,,,"230.29","10.1","62.12","4.4",,,,,,,,,,,,,,
"2021","三元区","三元区","22-1 地区生产总值（2021年）","https://tjj.fujian.gov.cn/tongjinianjian/dz2022/cn-en/html/2201.htm","gdp","674.39","19.35","338.14","316.9","261.85","76.58","165130",,,,,,,,,,,,,,,,,,,,,,
"2021","三元区","三元区","22-14 规模以上工业增加值增速（2021年）","https://tjj.fujian.gov.cn/tongjinianjian/dz2022/cn-en/html/2214.htm","industrial_va_growth",,,,,,,,,,,,,,,,,,,,,,,,,"4.7","15.6","2.5",,
"2021","三元区","三元区","22-4 年末常住人口数（2021年）","https://tjj.fujian.gov.cn/tongjinianjian/dz2022/cn-en/html/2204.htm","population",,,,,,,,"40.88","37.98","2.9","92.9",,,,,,,,,,,,,,,,,,
"2021","三元区","三元区","22-19 社会消费品零售总额（2021年）","https://tjj.fujian.gov.cn/tongjinianjian/dz2022/cn-en/html/2219.htm","retail_sales",,,,,,,,,,,,,,,,,,,,,,,,,,,,"200.42","7"
"2021","沙县","沙县区","22-10 一般公共预算支出（2021年）","https://tjj.fujian.gov.cn/tongjinianjian/dz2022/cn-en/html/2210.htm","budget_expenditure",,,,,,,,,,,,,,,,,,,,"273837","28926","62263","1744","28902",,,,,
"2021","沙县","沙县区","22-9 地方一般公共预算收入（2021年）","https://tjj.fujian.gov.cn/tongjinianjian/dz2022/cn-en/html/2209.htm","budget_revenue",,,,,,,,,,,,,,,,"104815","39263","7743","9670",,,,,,,,,,
"2021","沙县","沙县区","22-7 固定资产投资（2021年）","https://tjj.fujian.gov.cn/tongjinianjian/dz2022/cn-en/html/2207.htm","fixed_asset_investment",,,,,,,,,,,,"93.64","18","18.96","-12.1",,,,,,,,,,,,,,
"2021","沙县","沙县区","22-1 地区生产总值（2021年）","https://tjj.fujian.gov.cn/tongjinianjian/dz2022/cn-en/html/2201.htm","gdp","354.44","33.08","206.54","114.82","147.08","60.36","141436",,,,,,,,,,,,,,,,,,,,,,
"2021","沙县","沙县区","22-14 规模以上工业增加值增速（2021年）","https://tjj.fujian.gov.cn/tongjinianjian/dz2022/cn-en/html/2214.htm","industrial_va_growth",,,,,,,,,,,,,,,,,,,,,,,,,"3.9","3.7","4.1",,
"2021","沙县","沙县区","22-4 年末常住人口数（2021年）","https://tjj.fujian.gov.cn/tongjinianjian/dz2022/cn-en/html/2204.htm","population",,,,,,,,"25.02","17.62","7.4","70.4",,,,,,,,,,,,,,,,,,
"2021","沙县","沙县区","22-19 社会消费品零售总额（2021年）","https://tjj.fujian.gov.cn/tongjinianjian/dz2022/cn-en/html/2219.htm","retail_sales",,,,,,,,,,,,,,,,,,,,,,,,,,,,"104.62","9.9"
"2021","上杭县","上杭县","22-10 一般公共预算支出（2021年）","https://tjj.fujian.gov.cn/tongjinianjian/dz2022/cn-en/html/2210.htm","budget_expenditure",,,,,,,,,,,,,,,,,,,,"575127","51164","124119","40377","67510",,,,,
"2021","上杭县","上杭县","22-9 地方一般公共预算收入（2021年）","https://tjj.fujian.gov.cn/tongjinianjian/dz2022/cn-en/html/2209.htm","budget_revenue",,,,,,,,,,,,,,,,"303409","83137","30420","9695",,,,,,,,,,
"2021","上杭县","上杭县","22-7 固定资产投资（2021年）","https://tjj.fujian.gov.cn/tongjinianjian/dz2022/cn-en/html/2207.htm","fixed_asset_investment",,,,,,,,,,,,"175.02","7","23.41","0",,,,,,,,,,,,,,
"2021","上杭县","上杭县","22-1 地区生产总值（2021年）","https://tjj.fujian.gov.cn/tongjinianjian/dz2022/cn-en/html/2201.htm","gdp","466.36","55.66","189.75","220.95","108.44","81.3","123868",,,,,,,,,,,,,,,,,,,,,,
"2021","上杭县","上杭县","22-14 规模以上工业增加值增速（2021年）","https://tjj.fujian.gov.cn/tongjinianjian/dz2022/cn-en/html/2214.htm","industrial_va_growth",,,,,,,,,,,,,,,,,,,,,,,,,"16.2","-10.5","16.8",,
"2021","上杭县","上杭县","22-4 年末常住人口数（2021年）","https://tjj.fujian.gov.cn/tongjinianjian/dz2022/cn-en/html/2204.htm","population",,,,,,,,"37.7","19.5","18.2","51.7",,,,,,,,,,,,,,,,,,
"2021","上杭县","上杭县","22-19 社会消费品零售总额（2021年）","https://tjj.fujian.gov.cn/tongjinianjian/dz2022/cn-en/html/2219.htm","retail_sales",,,,,,,,,,,,,,,,,,,,,,,,,,,,"165.86","8.6"
"2021","邵武市","邵武市","22-10 一般公共预算支出（2021年）","https://tjj.fujian.gov.cn/tongjinianjian/dz2022/cn-en/html/2210.htm","budget_expenditure",,,,,,,,,,,,,,,,,,,,"336058","21420","64819","2019","50770",,,,,
"2021","邵武市","邵武市","22-9 地方一般公共预算收入（2021年）","https://tjj.fujian.gov.cn/tongjinianjian/dz2022/cn-en/html/2209.htm","budget_revenue",,,,,,,,,,,,,,,,"141199","28731","15399","3172",,,,,,,,,,
"2021","邵武市","邵武市","22-7 固定资产投资（2021年）","https://tjj.fujian.gov.cn/tongjinianjian/dz2022/cn-en/html/2207.htm","fixed_asset_investment",,,,,,,,,,,,"175.07","1.8","17.21","-36.1",,,,,,,,,,,,,,
"2021","邵武市","邵武市","22-1 地区生产总值（2021年）","https://tjj.fujian.gov.cn/tongjinianjian/dz2022/cn-en/html/2201.htm","gdp","257.04","32.61","108.58","115.85","80.23","28.37","93980",,,,,,,,,,,,,,,,,,,,,,
"2021","邵武市","邵武市","22-14 规模以上工业增加值增速（2021年）","https://tjj.fujian.gov.cn/tongjinianjian/dz2022/cn-en/html/2214.htm","industrial_va_growth",,,,,,,,,,,,,,,,,,,,,,,,,"14.8","12.3","17.8",,
"2021","邵武市","邵武市","22-4 年末常住人口数（2021年）","https://tjj.fujian.gov.cn/tongjinianjian/dz2022/cn-en/html/2204.htm","population",,,,,,,,"27.3","21.8","5.5","79.8",,,,,,,,,,,,,,,,,,
"2021","邵武市","邵武市","22-19 社会消费品零售总额（2021年）","https://tjj.fujian.gov.cn/tongjinianjian/dz2022/cn-en/html/2219.htm","retail_sales",,,,,,,,,,,,,,,,,,,,,,,,,,,,"126.44","9.5"
"2021","石狮市","石狮市","22-10 一般公共预算支出（2021年）","https://tjj.fujian.gov.cn/tongjinianjian/dz2022/cn-en/html/2210.htm","budget_expenditure",,,,,,,,,,,,,,,,,,,,"483274","36013","98373","19550","19887",,,,,
"2021","石狮市","石狮市","22-9 地方一般公共预算收入（2021年）","https://tjj.fujian.gov.cn/tongjinianjian/dz2022/cn-en/html/2209.htm","budget_revenue",,,,,,,,,,,,,,,,"401419","107095","32296","16541",,,,,,,,,,
"2021","石狮市","石狮市","22-7 固定资产投资（2021年）","https://tjj.fujian.gov.cn/tongjinianjian/dz2022/cn-en/html/2207.htm","fixed_asset_investment",,,,,,,,,,,,"195.31","2.3","68.11","12.9",,,,,,,,,,,,,,
"2021","石狮市","石狮市","22-1 地区生产总值（2021年）","https://tjj.fujian.gov.cn/tongjinianjian/dz2022/cn-en/html/2201.htm","gdp","1072.51","27.79","476.63","568.09","430.18","46.58","156001",,,,,,,,,,,,,,,,,,,,,,
"2021","石狮市","石狮市","22-14 规模以上工业增加值增速（2021年）","https://tjj.fujian.gov.cn/tongjinianjian/dz2022/cn-en/html/2214.htm","industrial_va_growth",,,,,,,,,,,,,,,,,,,,,,,,,"13.5","14.7","10.5",,
"2021","石狮市","石狮市","22-4 年末常住人口数（2021年）","https://tjj.fujian.gov.cn/tongjinianjian/dz2022/cn-en/html/2204.htm","population",,,,,,,,"68.9","59.32","9.58","86.1",,,,,,,,,,,,,,,,,,
"2021","石狮市","石狮市","22-19 社会消费品零售总额（2021年）","https://tjj.fujian.gov.cn/tongjinianjian/dz2022/cn-en/html/2219.htm","retail_sales",,,,,,,,,,,,,,,,,,,,,,,,,,,,"617.16","13.6"
"2021","寿宁县","寿宁县","22-10 一般公共预算支出（2021年）","https://tjj.fujian.gov.cn/tongjinianjian/dz2022/cn-en/html/2210.htm","budget_expenditure",,,,,,,,,,,,,,,,,,,,"198748","16911","41615","558","33261",,,,,
"2021","寿宁县","寿宁县","22-9 地方一般公共预算收入（2021年）","https://tjj.fujian.gov.cn/tongjinianjian/dz2022/cn-en/html/2209.htm","budget_revenue",,,,,,,,,,,,,,,,"35091","13327","3557","882",,,,,,,,,,
"2021","寿宁县","寿宁县","22-7 固定资产投资（2021年）","https://tjj.fujian.gov.cn/tongjinianjian/dz2022/cn-en/html/2207.htm","fixed_asset_investment",,,,,,,,,,,,"31.38","1.9","4.45","159",,,,,,,,,,,,,,
"2021","寿宁县","寿宁县","22-1 地区生产总值（2021年）","https://tjj.fujian.gov.cn/tongjinianjian/dz2022/cn-en/html/2201.htm","gdp","110.75","18.22","38.39","54.14","25.62","12.79","62570",,,,,,,,,,,,,,,,,,,,,,
"2021","寿宁县","寿宁县","22-14 规模以上工业增加值增速（2021年）","https://tjj.fujian.gov.cn/tongjinianjian/dz2022/cn-en/html/2214.htm","industrial_va_growth",,,,,,,,,,,,,,,,,,,,,,,,,"1.2","-5.1","4.4",,
"2021","寿宁县","寿宁县","22-4 年末常住人口数（2021年）","https://tjj.fujian.gov.cn/tongjinianjian/dz2022/cn-en/html/2204.htm","population",,,,,,,,"17.6","8.96","8.64","50.9",,,,,,,,,,,,,,,,,,
"2021","寿宁县","寿宁县","22-19 社会消费品零售总额（2021年）","https://tjj.fujian.gov.cn/tongjinianjian/dz2022/cn-en/html/2219.htm","retail_sales",,,,,,,,,,,,,,,,,,,,,,,,,,,,"32.27","0.8"
"2021","顺昌县","顺昌县","22-10 一般公共预算支出（2021年）","https://tjj.fujian.gov.cn/tongjinianjian/dz2022/cn-en/html/2210.htm","budget_expenditure",,,,,,,,,,,,,,,,,,,,"236865","17495","40311","928","35184",,,,,
"2021","顺昌县","顺昌县","22-9 地方一般公共预算收入（2021年）","https://tjj.fujian.gov.cn/tongjinianjian/dz2022/cn-en/html/2209.htm","budget_revenue",,,,,,,,,,,,,,,,"57149","24286","3241","1909",,,,,,,,,,
"2021","顺昌县","顺昌县","22-7 固定资产投资（2021年）","https://tjj.fujian.gov.cn/tongjinianjian/dz2022/cn-en/html/2207.htm","fixed_asset_investment",,,,,,,,,,,,"105.23","1.9","14.5","66.8",,,,,,,,,,,,,,
"2021","顺昌县","顺昌县","22-1 地区生产总值（2021年）","https://tjj.fujian.gov.cn/tongjinianjian/dz2022/cn-en/html/2201.htm","gdp","140.62","21.47","49.1","70.06","39.1","10.01","78778",,,,,,,,,,,,,,,,,,,,,,
"2021","顺昌县","顺昌县","22-14 规模以上工业增加值增速（2021年）","https://tjj.fujian.gov.cn/tongjinianjian/dz2022/cn-en/html/2214.htm","industrial_va_growth",,,,,,,,,,,,,,,,,,,,,,,,,"12.7","-28.4","48.4",,
"2021","顺昌县","顺昌县","22-4 年末常住人口数（2021年）","https://tjj.fujian.gov.cn/tongjinianjian/dz2022/cn-en/html/2204.htm","population",,,,,,,,"17.8","9.2","8.6","51.8",,,,,,,,,,,,,,,,,,
"2021","顺昌县","顺昌县","22-19 社会消费品零售总额（2021年）","https://tjj.fujian.gov.cn/tongjinianjian/dz2022/cn-en/html/2219.htm","retail_sales",,,,,,,,,,,,,,,,,,,,,,,,,,,,"33.9","7"
"2021","思明区","思明区","22-10 一般公共预算支出（2021年）","https://tjj.fujian.gov.cn/tongjinianjian/dz2022/cn-en/html/2210.htm","budget_expenditure",,,,,,,,,,,,,,,,,,,,"1093038","81601","277911","39716","745",,,,,
"2021","思明区","思明区","22-9 地方一般公共预算收入（2021年）","https://tjj.fujian.gov.cn/tongjinianjian/dz2022/cn-en/html/2209.htm","budget_revenue",,,,,,,,,,,,,,,,"732267","221827","100979","105920",,,,,,,,,,
"2021","思明区","思明区","22-7 固定资产投资（2021年）","https://tjj.fujian.gov.cn/tongjinianjian/dz2022/cn-en/html/2207.htm","fixed_asset_investment",,,,,,,,,,,,"245","2.7","137.61","15.2",,,,,,,,,,,,,,
"2021","思明区","思明区","22-1 地区生产总值（2021年）","https://tjj.fujian.gov.cn/tongjinianjian/dz2022/cn-en/html/2201.htm","gdp","2258.08","3.27","373.73","1881.08","96.52","277.44","211431",,,,,,,,,,,,,,,,,,,,,,
"2021","思明区","思明区","22-14 规模以上工业增加值增速（2021年）","https://tjj.fujian.gov.cn/tongjinianjian/dz2022/cn-en/html/2214.htm","industrial_va_growth",,,,,,,,,,,,,,,,,,,,,,,,,"17.9","-16.6","24.2",,
"2021","思明区","思明区","22-4 年末常住人口数（2021年）","https://tjj.fujian.gov.cn/tongjinianjian/dz2022/cn-en/html/2204.htm","population",,,,,,,,"106.2","106.2","0","100",,,,,,,,,,,,,,,,,,
"2021","思明区","思明区","22-19 社会消费品零售总额（2021年）","https://tjj.fujian.gov.cn/tongjinianjian/dz2022/cn-en/html/2219.htm","retail_sales",,,,,,,,,,,,,,,,,,,,,,,,,,,,"1007.07","22.3"
"2021","松溪县","松溪县","22-10 一般公共预算支出（2021年）","https://tjj.fujian.gov.cn/tongjinianjian/dz2022/cn-en/html/2210.htm","budget_expenditure",,,,,,,,,,,,,,,,,,,,"140763","14688","29505","1951","17820",,,,,
"2021","松溪县","松溪县","22-9 地方一般公共预算收入（2021年）","https://tjj.fujian.gov.cn/tongjinianjian/dz2022/cn-en/html/2209.htm","budget_revenue",,,,,,,,,,,,,,,,"28050","7371","2162","678",,,,,,,,,,
"2021","松溪县","松溪县","22-7 固定资产投资（2021年）","https://tjj.fujian.gov.cn/tongjinianjian/dz2022/cn-en/html/2207.htm","fixed_asset_investment",,,,,,,,,,,,"85.67","9.3","9.76","53.1",,,,,,,,,,,,,,
"2021","松溪县","松溪县","22-1 地区生产总值（2021年）","https://tjj.fujian.gov.cn/tongjinianjian/dz2022/cn-en/html/2201.htm","gdp","85.54","14.54","29.83","41.17","17.18","12.66","65551",,,,,,,,,,,,,,,,,,,,,,
"2021","松溪县","松溪县","22-14 规模以上工业增加值增速（2021年）","https://tjj.fujian.gov.cn/tongjinianjian/dz2022/cn-en/html/2214.htm","industrial_va_growth",,,,,,,,,,,,,,,,,,,,,,,,,"1.5","-1.7","8.7",,
"2021","松溪县","松溪县","22-4 年末常住人口数（2021年）","https://tjj.fujian.gov.cn/tongjinianjian/dz2022/cn-en/html/2204.htm","population",,,,,,,,"13","6.5","6.5","49.7",,,,,,,,,,,,,,,,,,
"2021","松溪县","松溪县","22-19 社会消费品零售总额（2021年）","https://tjj.fujian.gov.cn/tongjinianjian/dz2022/cn-en/html/2219.htm","retail_sales",,,,,,,,,,,,,,,,,,,,,,,,,,,,"36.06","5.7"
"2021","台江区","台江区","22-10 一般公共预算支出（2021年）","https://tjj.fujian.gov.cn/tongjinianjian/dz2022/cn-en/html/2210.htm","budget_expenditure",,,,,,,,,,,,,,,,,,,,"222283","32144","63167","3440","1698",,,,,
"2021","台江区","台江区","22-9 地方一般公共预算收入（2021年）","https://tjj.fujian.gov.cn/tongjinianjian/dz2022/cn-en/html/2209.htm","budget_revenue",,,,,,,,,,,,,,,,"176213","43867","23633","0",,,,,,,,,,
"2021","台江区","台江区","22-7 固定资产投资（2021年）","https://tjj.fujian.gov.cn/tongjinianjian/dz2022/cn-en/html/2207.htm","fixed_asset_investment",,,,,,,,,,,,"127.3","-28.4","79.42","-36.9",,,,,,,,,,,,,,
"2021","台江区","台江区","22-1 地区生产总值（2021年）","https://tjj.fujian.gov.cn/tongjinianjian/dz2022/cn-en/html/2201.htm","gdp","659.25",,"101.56","557.69",,"101.56","159819",,,,,,,,,,,,,,,,,,,,,,
"2021","台江区","台江区","22-14 规模以上工业增加值增速（2021年）","https://tjj.fujian.gov.cn/tongjinianjian/dz2022/cn-en/html/2214.htm","industrial_va_growth",,,,,,,,,,,,,,,,,,,,,,,,,,,,,
"2021","台江区","台江区","22-4 年末常住人口数（2021年）","https://tjj.fujian.gov.cn/tongjinianjian/dz2022/cn-en/html/2204.htm","population",,,,,,,,"41.3","41.3","0","100",,,,,,,,,,,,,,,,,,
"2021","台江区","台江区","22-19 社会消费品零售总额（2021年）","https://tjj.fujian.gov.cn/tongjinianjian/dz2022/cn-en/html/2219.htm","retail_sales",,,,,,,,,,,,,,,,,,,,,,,,,,,,"287.36","17"
"2021","泰宁县","泰宁县","22-10 一般公共预算支出（2021年）","https://tjj.fujian.gov.cn/tongjinianjian/dz2022/cn-en/html/2210.htm","budget_expenditure",,,,,,,,,,,,,,,,,,,,"151546","13929","28919","315","27840",,,,,
"2021","泰宁县","泰宁县","22-9 地方一般公共预算收入（2021年）","https://tjj.fujian.gov.cn/tongjinianjian/dz2022/cn-en/html/2209.htm","budget_revenue",,,,,,,,,,,,,,,,"29426","7661","2075","455",,,,,,,,,,
"2021","泰宁县","泰宁县","22-7 固定资产投资（2021年）","https://tjj.fujian.gov.cn/tongjinianjian/dz2022/cn-en/html/2207.htm","fixed_asset_investment",,,,,,,,,,,,"75.63","16.5","13.67","140.8",,,,,,,,,,,,,,
"2021","泰宁县","泰宁县","22-1 地区生产总值（2021年）","https://tjj.fujian.gov.cn/tongjinianjian/dz2022/cn-en/html/2201.htm","gdp","102.16","15.43","45.81","40.92","22.77","23.1","98419",,,,,,,,,,,,,,,,,,,,,,
"2021","泰宁县","泰宁县","22-14 规模以上工业增加值增速（2021年）","https://tjj.fujian.gov.cn/tongjinianjian/dz2022/cn-en/html/2214.htm","industrial_va_growth",,,,,,,,,,,,,,,,,,,,,,,,,"-30.5","-33.3","-29.6",,
"2021","泰宁县","泰宁县","22-4 年末常住人口数（2021年）","https://tjj.fujian.gov.cn/tongjinianjian/dz2022/cn-en/html/2204.htm","population",,,,,,,,"10.26","6.1","4.16","59.5",,,,,,,,,,,,,,,,,,
"2021","泰宁县","泰宁县","22-19 社会消费品零售总额（2021年）","https://tjj.fujian.gov.cn/tongjinianjian/dz2022/cn-en/html/2219.htm","retail_sales",,,,,,,,,,,,,,,,,,,,,,,,,,,,"30.08","-1.1"
"2021","同安区","同安区","22-10 一般公共预算支出（2021年）","https://tjj.fujian.gov.cn/tongjinianjian/dz2022/cn-en/html/2210.htm","budget_expenditure",,,,,,,,,,,,,,,,,,,,"832287","54598","222144","9228","43103",,,,,
"2021","同安区","同安区","22-9 地方一般公共预算收入（2021年）","https://tjj.fujian.gov.cn/tongjinianjian/dz2022/cn-en/html/2209.htm","budget_revenue",,,,,,,,,,,,,,,,"306625","81025","44887","16356",,,,,,,,,,
"2021","同安区","同安区","22-7 固定资产投资（2021年）","https://tjj.fujian.gov.cn/tongjinianjian/dz2022/cn-en/html/2207.htm","fixed_asset_investment",,,,,,,,,,,,"348.45","13.2","137.91","7.1",,,,,,,,,,,,,,
"2021","同安区","同安区","22-1 地区生产总值（2021年）","https://tjj.fujian.gov.cn/tongjinianjian/dz2022/cn-en/html/2201.htm","gdp","640.36","11.11","340.62","288.64","308.44","32.41","73226",,,,,,,,,,,,,,,,,,,,,,
"2021","同安区","同安区","22-14 规模以上工业增加值增速（2021年）","https://tjj.fujian.gov.cn/tongjinianjian/dz2022/cn-en/html/2214.htm","industrial_va_growth",,,,,,,,,,,,,,,,,,,,,,,,,"4.7","-3.1","17.8",,
"2021","同安区","同安区","22-4 年末常住人口数（2021年）","https://tjj.fujian.gov.cn/tongjinianjian/dz2022/cn-en/html/2204.htm","population",,,,,,,,"89","66.8","22.2","75.1",,,,,,,,,,,,,,,,,,
"2021","同安区","同安区","22-19 社会消费品零售总额（2021年）","https://tjj.fujian.gov.cn/tongjinianjian/dz2022/cn-en/html/2219.htm","retail_sales",,,,,,,,,,,,,,,,,,,,,,,,,,,,"394.84","0.1"
"2021","武平县","武平县","22-10 一般公共预算支出（2021年）","https://tjj.fujian.gov.cn/tongjinianjian/dz2022/cn-en/html/2210.htm","budget_expenditure",,,,,,,,,,,,,,,,,,,,"275521","29214","63398","7157","41503",,,,,
"2021","武平县","武平县","22-9 地方一般公共预算收入（2021年）","https://tjj.fujian.gov.cn/tongjinianjian/dz2022/cn-en/html/2209.htm","budget_revenue",,,,,,,,,,,,,,,,"105038","28398","11535","2258",,,,,,,,,,
"2021","武平县","武平县","22-7 固定资产投资（2021年）","https://tjj.fujian.gov.cn/tongjinianjian/dz2022/cn-en/html/2207.htm","fixed_asset_investment",,,,,,,,,,,,"98.06","17.3","11.48","39.9",,,,,,,,,,,,,,
"2021","武平县","武平县","22-1 地区生产总值（2021年）","https://tjj.fujian.gov.cn/tongjinianjian/dz2022/cn-en/html/2201.htm","gdp","286.76","39.54","116.84","130.38","71.65","45.18","103150",,,,,,,,,,,,,,,,,,,,,,
"2021","武平县","武平县","22-14 规模以上工业增加值增速（2021年）","https://tjj.fujian.gov.cn/tongjinianjian/dz2022/cn-en/html/2214.htm","industrial_va_growth",,,,,,,,,,,,,,,,,,,,,,,,,"4.6","-24.2","18.2",,
"2021","武平县","武平县","22-4 年末常住人口数（2021年）","https://tjj.fujian.gov.cn/tongjinianjian/dz2022/cn-en/html/2204.htm","population",,,,,,,,"27.8","14.9","12.9","53.6",,,,,,,,,,,,,,,,,,
"2021","武平县","武平县","22-19 社会消费品零售总额（2021年）","https://tjj.fujian.gov.cn/tongjinianjian/dz2022/cn-en/html/2219.htm","retail_sales",,,,,,,,,,,,,,,,,,,,,,,,,,,,"149.89","7.8"
"2021","武夷山市","武夷山市","22-10 一般公共预算支出（2021年）","https://tjj.fujian.gov.cn/tongjinianjian/dz2022/cn-en/html/2210.htm","budget_expenditure",,,,,,,,,,,,,,,,,,,,"252623","16918","49908","2310","53043",,,,,
"2021","武夷山市","武夷山市","22-9 地方一般公共预算收入（2021年）","https://tjj.fujian.gov.cn/tongjinianjian/dz2022/cn-en/html/2209.htm","budget_revenue",,,,,,,,,,,,,,,,"98197","25846","5148","3026",,,,,,,,,,
"2021","武夷山市","武夷山市","22-7 固定资产投资（2021年）","https://tjj.fujian.gov.cn/tongjinianjian/dz2022/cn-en/html/2207.htm","fixed_asset_investment",,,,,,,,,,,,"214.5","0.2","30.43","5.6",,,,,,,,,,,,,,
"2021","武夷山市","武夷山市","22-1 地区生产总值（2021年）","https://tjj.fujian.gov.cn/tongjinianjian/dz2022/cn-en/html/2201.htm","gdp","224.68","30.04","74.78","119.86","51.02","23.78","86250",,,,,,,,,,,,,,,,,,,,,,
"2021","武夷山市","武夷山市","22-14 规模以上工业增加值增速（2021年）","https://tjj.fujian.gov.cn/tongjinianjian/dz2022/cn-en/html/2214.htm","industrial_va_growth",,,,,,,,,,,,,,,,,,,,,,,,,"1.1","1.2","-13.6",,
"2021","武夷山市","武夷山市","22-4 年末常住人口数（2021年）","https://tjj.fujian.gov.cn/tongjinianjian/dz2022/cn-en/html/2204.htm","population",,,,,,,,"26.1","16.1","10","61.7",,,,,,,,,,,,,,,,,,
"2021","武夷山市","武夷山市","22-19 社会消费品零售总额（2021年）","https://tjj.fujian.gov.cn/tongjinianjian/dz2022/cn-en/html/2219.htm","retail_sales",,,,,,,,,,,,,,,,,,,,,,,,,,,,"73.23","11.4"
"2021","霞浦县","霞浦县","22-10 一般公共预算支出（2021年）","https://tjj.fujian.gov.cn/tongjinianjian/dz2022/cn-en/html/2210.htm","budget_expenditure",,,,,,,,,,,,,,,,,,,,"419528","32684","90439","778","54253",,,,,
"2021","霞浦县","霞浦县","22-9 地方一般公共预算收入（2021年）","https://tjj.fujian.gov.cn/tongjinianjian/dz2022/cn-en/html/2209.htm","budget_revenue",,,,,,,,,,,,,,,,"134134","31824","8269","2631",,,,,,,,,,
"2021","霞浦县","霞浦县","22-7 固定资产投资（2021年）","https://tjj.fujian.gov.cn/tongjinianjian/dz2022/cn-en/html/2207.htm","fixed_asset_investment",,,,,,,,,,,,"130.89","4.2","41.46","-4.1",,,,,,,,,,,,,,
"2021","霞浦县","霞浦县","22-1 地区生产总值（2021年）","https://tjj.fujian.gov.cn/tongjinianjian/dz2022/cn-en/html/2201.htm","gdp","310.22","80.84","93.04","136.34","73.25","20.09","65103",,,,,,,,,,,,,,,,,,,,,,
"2021","霞浦县","霞浦县","22-14 规模以上工业增加值增速（2021年）","https://tjj.fujian.gov.cn/tongjinianjian/dz2022/cn-en/html/2214.htm","industrial_va_growth",,,,,,,,,,,,,,,,,,,,,,,,,"65.6","115.7","-8.9",,
"2021","霞浦县","霞浦县","22-4 年末常住人口数（2021年）","https://tjj.fujian.gov.cn/tongjinianjian/dz2022/cn-en/html/2204.htm","population",,,,,,,,"47.7","29.53","18.17","61.9",,,,,,,,,,,,,,,,,,
"2021","霞浦县","霞浦县","22-19 社会消费品零售总额（2021年）","https://tjj.fujian.gov.cn/tongjinianjian/dz2022/cn-en/html/2219.htm","retail_sales",,,,,,,,,,,,,,,,,,,,,,,,,,,,"108.13","10.3"
"2021","仙游县","仙游县","22-10 一般公共预算支出（2021年）","https://tjj.fujian.gov.cn/tongjinianjian/dz2022/cn-en/html/2210.htm","budget_expenditure",,,,,,,,,,,,,,,,,,,,"548006","34302","150804","2677","47002",,,,,
"2021","仙游县","仙游县","22-9 地方一般公共预算收入（2021年）","https://tjj.fujian.gov.cn/tongjinianjian/dz2022/cn-en/html/2209.htm","budget_revenue",,,,,,,,,,,,,,,,"267164","97687","31032","11136",,,,,,,,,,
"2021","仙游县","仙游县","22-7 固定资产投资（2021年）","https://tjj.fujian.gov.cn/tongjinianjian/dz2022/cn-en/html/2207.htm","fixed_asset_investment",,,,,,,,,,,,"269.69","4.5","43.52","-36.4",,,,,,,,,,,,,,
"2021","仙游县","仙游县","22-1 地区生产总值（2021年）","https://tjj.fujian.gov.cn/tongjinianjian/dz2022/cn-en/html/2201.htm","gdp","558.34","22.86","274.92","260.56","231.01","44.35","61593",,,,,,,,,,,,,,,,,,,,,,
"2021","仙游县","仙游县","22-14 规模以上工业增加值增速（2021年）","https://tjj.fujian.gov.cn/tongjinianjian/dz2022/cn-en/html/2214.htm","industrial_va_growth",,,,,,,,,,,,,,,,,,,,,,,,,"5.6","8","-1.1",,
"2021","仙游县","仙游县","22-4 年末常住人口数（2021年）","https://tjj.fujian.gov.cn/tongjinianjian/dz2022/cn-en/html/2204.htm","population",,,,,,,,"90.8","48.27","42.53","53.2",,,,,,,,,,,,,,,,,,
"2021","仙游县","仙游县","22-19 社会消费品零售总额（2021年）","https://tjj.fujian.gov.cn/tongjinianjian/dz2022/cn-en/html/2219.htm","retail_sales",,,,,,,,,,,,,,,,,,,,,,,,,,,,"343.64","-1.5"
"2021","芗城区","芗城区","22-10 一般公共预算支出（2021年）","https://tjj.fujian.gov.cn/tongjinianjian/dz2022/cn-en/html/2210.htm","budget_expenditure",,,,,,,,,,,,,,,,,,,,"245193","29143","56265","1650","9860",,,,,
"2021","芗城区","芗城区","22-9 地方一般公共预算收入（2021年）","https://tjj.fujian.gov.cn/tongjinianjian/dz2022/cn-en/html/2209.htm","budget_revenue",,,,,,,,,,,,,,,,"188736","53832","16704","6701",,,,,,,,,,
"2021","芗城区","芗城区","22-7 固定资产投资（2021年）","https://tjj.fujian.gov.cn/tongjinianjian/dz2022/cn-en/html/2207.htm","fixed_asset_investment",,,,,,,,,,,,"300.09","8.1","75.11","-26.1",,,,,,,,,,,,,,
"2021","芗城区","芗城区","22-1 地区生产总值（2021年）","https://tjj.fujian.gov.cn/tongjinianjian/dz2022/cn-en/html/2201.htm","gdp","827.34","12.89","374.63","439.82","264.51","110.28","129070",,,,,,,,,,,,,,,,,,,,,,
"2021","芗城区","芗城区","22-14 规模以上工业增加值增速（2021年）","https://tjj.fujian.gov.cn/tongjinianjian/dz2022/cn-en/html/2214.htm","industrial_va_growth",,,,,,,,,,,,,,,,,,,,,,,,,"10","4.8","18.7",,
"2021","芗城区","芗城区","22-4 年末常住人口数（2021年）","https://tjj.fujian.gov.cn/tongjinianjian/dz2022/cn-en/html/2204.htm","population",,,,,,,,"64.2","58.23","5.97","90.7",,,,,,,,,,,,,,,,,,
"2021","芗城区","芗城区","22-19 社会消费品零售总额（2021年）","https://tjj.fujian.gov.cn/tongjinianjian/dz2022/cn-en/html/2219.htm","retail_sales",,,,,,,,,,,,,,,,,,,,,,,,,,,,"313.29","5.7"
"2021","翔安区","翔安区","22-10 一般公共预算支出（2021年）","https://tjj.fujian.gov.cn/tongjinianjian/dz2022/cn-en/html/2210.htm","budget_expenditure",,,,,,,,,,,,,,,,,,,,"590780","71277","175530","2006","17127",,,,,
"2021","翔安区","翔安区","22-9 地方一般公共预算收入（2021年）","https://tjj.fujian.gov.cn/tongjinianjian/dz2022/cn-en/html/2209.htm","budget_revenue",,,,,,,,,,,,,,,,"266146","59824","34230","15785",,,,,,,,,,
"2021","翔安区","翔安区","22-7 固定资产投资（2021年）","https://tjj.fujian.gov.cn/tongjinianjian/dz2022/cn-en/html/2207.htm","fixed_asset_investment",,,,,,,,,,,,"771.01","13.7","228.16","30.8",,,,,,,,,,,,,,
"2021","翔安区","翔安区","22-1 地区生产总值（2021年）","https://tjj.fujian.gov.cn/tongjinianjian/dz2022/cn-en/html/2201.htm","gdp","781.79","9.69","533.89","238.21","445.86","88.23","131173",,,,,,,,,,,,,,,,,,,,,,
"2021","翔安区","翔安区","22-14 规模以上工业增加值增速（2021年）","https://tjj.fujian.gov.cn/tongjinianjian/dz2022/cn-en/html/2214.htm","industrial_va_growth",,,,,,,,,,,,,,,,,,,,,,,,,"6.2","-2","8.2",,
"2021","翔安区","翔安区","22-4 年末常住人口数（2021年）","https://tjj.fujian.gov.cn/tongjinianjian/dz2022/cn-en/html/2204.htm","population",,,,,,,,"61","43","18","70.5",,,,,,,,,,,,,,,,,,
"2021","翔安区","翔安区","22-19 社会消费品零售总额（2021年）","https://tjj.fujian.gov.cn/tongjinianjian/dz2022/cn-en/html/2219.htm","retail_sales",,,,,,,,,,,,,,,,,,,,,,,,,,,,"129.82","7.7"
"2021","新罗区","新罗区","22-10 一般公共预算支出（2021年）","https://tjj.fujian.gov.cn/tongjinianjian/dz2022/cn-en/html/2210.htm","budget_expenditure",,,,,,,,,,,,,,,,,,,,"535034","54124","157501","42488","57568",,,,,
"2021","新罗区","新罗区","22-9 地方一般公共预算收入（2021年）","https://tjj.fujian.gov.cn/tongjinianjian/dz2022/cn-en/html/2209.htm","budget_revenue",,,,,,,,,,,,,,,,"258520","70820","33384","6017",,,,,,,,,,
"2021","新罗区","新罗区","22-7 固定资产投资（2021年）","https://tjj.fujian.gov.cn/tongjinianjian/dz2022/cn-en/html/2207.htm","fixed_asset_investment",,,,,,,,,,,,"321.32","2.4","157.94","12.2",,,,,,,,,,,,,,
"2021","新罗区","新罗区","22-1 地区生产总值（2021年）","https://tjj.fujian.gov.cn/tongjinianjian/dz2022/cn-en/html/2201.htm","gdp","1109.03","53.31","517.92","537.8","397.72","120.2","130628",,,,,,,,,,,,,,,,,,,,,,
"2021","新罗区","新罗区","22-14 规模以上工业增加值增速（2021年）","https://tjj.fujian.gov.cn/tongjinianjian/dz2022/cn-en/html/2214.htm","industrial_va_growth",,,,,,,,,,,,,,,,,,,,,,,,,"8.4","8.7","8.1",,
"2021","新罗区","新罗区","22-4 年末常住人口数（2021年）","https://tjj.fujian.gov.cn/tongjinianjian/dz2022/cn-en/html/2204.htm","population",,,,,,,,"85","73.03","11.97","85.9",,,,,,,,,,,,,,,,,,
"2021","新罗区","新罗区","22-19 社会消费品零售总额（2021年）","https://tjj.fujian.gov.cn/tongjinianjian/dz2022/cn-en/html/2219.htm","retail_sales",,,,,,,,,,,,,,,,,,,,,,,,,,,,"499.32","7.9"
"2021","秀屿区","秀屿区","22-10 一般公共预算支出（2021年）","https://tjj.fujian.gov.cn/tongjinianjian/dz2022/cn-en/html/2210.htm","budget_expenditure",,,,,,,,,,,,,,,,,,,,"370329","69322","110005","744","26978",,,,,
"2021","秀屿区","秀屿区","22-9 地方一般公共预算收入（2021年）","https://tjj.fujian.gov.cn/tongjinianjian/dz2022/cn-en/html/2209.htm","budget_revenue",,,,,,,,,,,,,,,,"235712","90928","45398","4208",,,,,,,,,,
"2021","秀屿区","秀屿区","22-7 固定资产投资（2021年）","https://tjj.fujian.gov.cn/tongjinianjian/dz2022/cn-en/html/2207.htm","fixed_asset_investment",,,,,,,,,,,,"577.46","-7.2","41.69","-22.3",,,,,,,,,,,,,,
"2021","秀屿区","秀屿区","22-1 地区生产总值（2021年）","https://tjj.fujian.gov.cn/tongjinianjian/dz2022/cn-en/html/2201.htm","gdp","527.63","68.57","272.47","186.59","225.01","47.89","87212",,,,,,,,,,,,,,,,,,,,,,
"2021","秀屿区","秀屿区","22-14 规模以上工业增加值增速（2021年）","https://tjj.fujian.gov.cn/tongjinianjian/dz2022/cn-en/html/2214.htm","industrial_va_growth",,,,,,,,,,,,,,,,,,,,,,,,,"3.6","-4.4","9",,
"2021","秀屿区","秀屿区","22-4 年末常住人口数（2021年）","https://tjj.fujian.gov.cn/tongjinianjian/dz2022/cn-en/html/2204.htm","population",,,,,,,,"60.6","27.5","33.1","45.4",,,,,,,,,,,,,,,,,,
"2021","秀屿区","秀屿区","22-19 社会消费品零售总额（2021年）","https://tjj.fujian.gov.cn/tongjinianjian/dz2022/cn-en/html/2219.htm","retail_sales",,,,,,,,,,,,,,,,,,,,,,,,,,,,"112.74","-3.3"
"2021","延平区","延平区","22-10 一般公共预算支出（2021年）","https://tjj.fujian.gov.cn/tongjinianjian/dz2022/cn-en/html/2210.htm","budget_expenditure",,,,,,,,,,,,,,,,,,,,"235807","18055","46908","1846","44992",,,,,
"2021","延平区","延平区","22-9 地方一般公共预算收入（2021年）","https://tjj.fujian.gov.cn/tongjinianjian/dz2022/cn-en/html/2209.htm","budget_revenue",,,,,,,,,,,,,,,,"73555","19394","8951","1821",,,,,,,,,,
"2021","延平区","延平区","22-7 固定资产投资（2021年）","https://tjj.fujian.gov.cn/tongjinianjian/dz2022/cn-en/html/2207.htm","fixed_asset_investment",,,,,,,,,,,,"145.36","-6.5","35.63","-1.8",,,,,,,,,,,,,,
"2021","延平区","延平区","22-1 地区生产总值（2021年）","https://tjj.fujian.gov.cn/tongjinianjian/dz2022/cn-en/html/2201.htm","gdp","438.69","39.03","166.57","233.09","65.8","100.82","96948",,,,,,,,,,,,,,,,,,,,,,
"2021","延平区","延平区","22-14 规模以上工业增加值增速（2021年）","https://tjj.fujian.gov.cn/tongjinianjian/dz2022/cn-en/html/2214.htm","industrial_va_growth",,,,,,,,,,,,,,,,,,,,,,,,,"6.1","7","5.6",,
"2021","延平区","延平区","22-4 年末常住人口数（2021年）","https://tjj.fujian.gov.cn/tongjinianjian/dz2022/cn-en/html/2204.htm","population",,,,,,,,"45.1","32.6","12.5","72.3",,,,,,,,,,,,,,,,,,
"2021","延平区","延平区","22-19 社会消费品零售总额（2021年）","https://tjj.fujian.gov.cn/tongjinianjian/dz2022/cn-en/html/2219.htm","retail_sales",,,,,,,,,,,,,,,,,,,,,,,,,,,,"110.88","8"
"2021","永安市","永安市","22-10 一般公共预算支出（2021年）","https://tjj.fujian.gov.cn/tongjinianjian/dz2022/cn-en/html/2210.htm","budget_expenditure",,,,,,,,,,,,,,,,,,,,"310661","47924","74521","2329","14821",,,,,
"2021","永安市","永安市","22-9 地方一般公共预算收入（2021年）","https://tjj.fujian.gov.cn/tongjinianjian/dz2022/cn-en/html/2209.htm","budget_revenue",,,,,,,,,,,,,,,,"200224","57368","18129","38739",,,,,,,,,,
"2021","永安市","永安市","22-7 固定资产投资（2021年）","https://tjj.fujian.gov.cn/tongjinianjian/dz2022/cn-en/html/2207.htm","fixed_asset_investment",,,,,,,,,,,,"95.56","17.4","7.74","-29",,,,,,,,,,,,,,
"2021","永安市","永安市","22-1 地区生产总值（2021年）","https://tjj.fujian.gov.cn/tongjinianjian/dz2022/cn-en/html/2201.htm","gdp","487.99","38.65","285.43","163.91","233.34","52.5","141549",,,,,,,,,,,,,,,,,,,,,,
"2021","永安市","永安市","22-14 规模以上工业增加值增速（2021年）","https://tjj.fujian.gov.cn/tongjinianjian/dz2022/cn-en/html/2214.htm","industrial_va_growth",,,,,,,,,,,,,,,,,,,,,,,,,"4.2","-3.1","6.9",,
"2021","永安市","永安市","22-4 年末常住人口数（2021年）","https://tjj.fujian.gov.cn/tongjinianjian/dz2022/cn-en/html/2204.htm","population",,,,,,,,"34.45","24.85","9.6","72.1",,,,,,,,,,,,,,,,,,
"2021","永安市","永安市","22-19 社会消费品零售总额（2021年）","https://tjj.fujian.gov.cn/tongjinianjian/dz2022/cn-en/html/2219.htm","retail_sales",,,,,,,,,,,,,,,,,,,,,,,,,,,,"141.01","10.1"
"2021","永春县","永春县","22-10 一般公共预算支出（2021年）","https://tjj.fujian.gov.cn/tongjinianjian/dz2022/cn-en/html/2210.htm","budget_expenditure",,,,,,,,,,,,,,,,,,,,"379144","32907","99154","3664","45660",,,,,
"2021","永春县","永春县","22-9 地方一般公共预算收入（2021年）","https://tjj.fujian.gov.cn/tongjinianjian/dz2022/cn-en/html/2209.htm","budget_revenue",,,,,,,,,,,,,,,,"131944","32010","13925","8356",,,,,,,,,,
"2021","永春县","永春县","22-7 固定资产投资（2021年）","https://tjj.fujian.gov.cn/tongjinianjian/dz2022/cn-en/html/2207.htm","fixed_asset_investment",,,,,,,,,,,,"82.9","8","29.17","13.9",,,,,,,,,,,,,,
"2021","永春县","永春县","22-1 地区生产总值（2021年）","https://tjj.fujian.gov.cn/tongjinianjian/dz2022/cn-en/html/2201.htm","gdp","541.23","26.81","330.04","184.38","298.61","31.5","128254",,,,,,,,,,,,,,,,,,,,,,
"2021","永春县","永春县","22-14 规模以上工业增加值增速（2021年）","https://tjj.fujian.gov.cn/tongjinianjian/dz2022/cn-en/html/2214.htm","industrial_va_growth",,,,,,,,,,,,,,,,,,,,,,,,,"5","-0.1","24.5",,
"2021","永春县","永春县","22-4 年末常住人口数（2021年）","https://tjj.fujian.gov.cn/tongjinianjian/dz2022/cn-en/html/2204.htm","population",,,,,,,,"42.2","26.12","16.08","61.9",,,,,,,,,,,,,,,,,,
"2021","永春县","永春县","22-19 社会消费品零售总额（2021年）","https://tjj.fujian.gov.cn/tongjinianjian/dz2022/cn-en/html/2219.htm","retail_sales",,,,,,,,,,,,,,,,,,,,,,,,,,,,"185.05","9.9"
"2021","永定县","永定区","22-10 一般公共预算支出（2021年）","https://tjj.fujian.gov.cn/tongjinianjian/dz2022/cn-en/html/2210.htm","budget_expenditure",,,,,,,,,,,,,,,,,,,,"280843","25713","90207","1481","40728",,,,,
"2021","永定县","永定区","22-9 地方一般公共预算收入（2021年）","https://tjj.fujian.gov.cn/tongjinianjian/dz2022/cn-en/html/2209.htm","budget_revenue",,,,,,,,,,,,,,,,"109989","30461","15852","4336",,,,,,,,,,
"2021","永定县","永定区","22-7 固定资产投资（2021年）","https://tjj.fujian.gov.cn/tongjinianjian/dz2022/cn-en/html/2207.htm","fixed_asset_investment",,,,,,,,,,,,"163.64","10.8","10.03","28",,,,,,,,,,,,,,
"2021","永定县","永定区","22-1 地区生产总值（2021年）","https://tjj.fujian.gov.cn/tongjinianjian/dz2022/cn-en/html/2201.htm","gdp","312.1","37.47","122.7","151.93","66.43","56.27","96477",,,,,,,,,,,,,,,,,,,,,,
"2021","永定县","永定区","22-14 规模以上工业增加值增速（2021年）","https://tjj.fujian.gov.cn/tongjinianjian/dz2022/cn-en/html/2214.htm","industrial_va_growth",,,,,,,,,,,,,,,,,,,,,,,,,"9.5","17.9","6.8",,
"2021","永定县","永定区","22-4 年末常住人口数（2021年）","https://tjj.fujian.gov.cn/tongjinianjian/dz2022/cn-en/html/2204.htm","population",,,,,,,,"32.2","16.97","15.23","52.7",,,,,,,,,,,,,,,,,,
"2021","永定县","永定区","22-19 社会消费品零售总额（2021年）","https://tjj.fujian.gov.cn/tongjinianjian/dz2022/cn-en/html/2219.htm","retail_sales",,,,,,,,,,,,,,,,,,,,,,,,,,,,"141.8","13.3"
"2021","永泰县","永泰县","22-10 一般公共预算支出（2021年）","https://tjj.fujian.gov.cn/tongjinianjian/dz2022/cn-en/html/2210.htm","budget_expenditure",,,,,,,,,,,,,,,,,,,,"339029","35943","65916","533","55186",,,,,
"2021","永泰县","永泰县","22-9 地方一般公共预算收入（2021年）","https://tjj.fujian.gov.cn/tongjinianjian/dz2022/cn-en/html/2209.htm","budget_revenue",,,,,,,,,,,,,,,,"131833","39980","26536","2561",,,,,,,,,,
"2021","永泰县","永泰县","22-7 固定资产投资（2021年）","https://tjj.fujian.gov.cn/tongjinianjian/dz2022/cn-en/html/2207.htm","fixed_asset_investment",,,,,,,,,,,,"142.77","8.5","82.63","23.2",,,,,,,,,,,,,,
"2021","永泰县","永泰县","22-1 地区生产总值（2021年）","https://tjj.fujian.gov.cn/tongjinianjian/dz2022/cn-en/html/2201.htm","gdp","339.31","60.51","173.36","105.44","19.74","153.68","119687",,,,,,,,,,,,,,,,,,,,,,
"2021","永泰县","永泰县","22-14 规模以上工业增加值增速（2021年）","https://tjj.fujian.gov.cn/tongjinianjian/dz2022/cn-en/html/2214.htm","industrial_va_growth",,,,,,,,,,,,,,,,,,,,,,,,,"6.5","8.1","3.6",,
"2021","永泰县","永泰县","22-4 年末常住人口数（2021年）","https://tjj.fujian.gov.cn/tongjinianjian/dz2022/cn-en/html/2204.htm","population",,,,,,,,"28.5","12.48","16.02","43.8",,,,,,,,,,,,,,,,,,
"2021","永泰县","永泰县","22-19 社会消费品零售总额（2021年）","https://tjj.fujian.gov.cn/tongjinianjian/dz2022/cn-en/html/2219.htm","retail_sales",,,,,,,,,,,,,,,,,,,,,,,,,,,,"43.07","-2.5"
"2021","尤溪县","尤溪县","22-10 一般公共预算支出（2021年）","https://tjj.fujian.gov.cn/tongjinianjian/dz2022/cn-en/html/2210.htm","budget_expenditure",,,,,,,,,,,,,,,,,,,,"308682","21518","81680","366","56900",,,,,
"2021","尤溪县","尤溪县","22-9 地方一般公共预算收入（2021年）","https://tjj.fujian.gov.cn/tongjinianjian/dz2022/cn-en/html/2209.htm","budget_revenue",,,,,,,,,,,,,,,,"89491","21664","4637","1639",,,,,,,,,,
"2021","尤溪县","尤溪县","22-7 固定资产投资（2021年）","https://tjj.fujian.gov.cn/tongjinianjian/dz2022/cn-en/html/2207.htm","fixed_asset_investment",,,,,,,,,,,,"76","18.6","14.91","10.5",,,,,,,,,,,,,,
"2021","尤溪县","尤溪县","22-1 地区生产总值（2021年）","https://tjj.fujian.gov.cn/tongjinianjian/dz2022/cn-en/html/2201.htm","gdp","248.02","53.87","92","102.15","75.92","16.34","72500",,,,,,,,,,,,,,,,,,,,,,
"2021","尤溪县","尤溪县","22-14 规模以上工业增加值增速（2021年）","https://tjj.fujian.gov.cn/tongjinianjian/dz2022/cn-en/html/2214.htm","industrial_va_growth",,,,,,,,,,,,,,,,,,,,,,,,,"4.5","3.8","6.4",,
"2021","尤溪县","尤溪县","22-4 年末常住人口数（2021年）","https://tjj.fujian.gov.cn/tongjinianjian/dz2022/cn-en/html/2204.htm","population",,,,,,,,"34.22","17.21","17.01","50.3",,,,,,,,,,,,,,,,,,
"2021","尤溪县","尤溪县","22-19 社会消费品零售总额（2021年）","https://tjj.fujian.gov.cn/tongjinianjian/dz2022/cn-en/html/2219.htm","retail_sales",,,,,,,,,,,,,,,,,,,,,,,,,,,,"71.39","10.8"
"2021","云霄县","云霄县","22-10 一般公共预算支出（2021年）","https://tjj.fujian.gov.cn/tongjinianjian/dz2022/cn-en/html/2210.htm","budget_expenditure",,,,,,,,,,,,,,,,,,,,"253816","24572","71774","859","29499",,,,,
"2021","云霄县","云霄县","22-9 地方一般公共预算收入（2021年）","https://tjj.fujian.gov.cn/tongjinianjian/dz2022/cn-en/html/2209.htm","budget_revenue",,,,,,,,,,,,,,,,"78686","17767","6729","2473",,,,,,,,,,
"2021","云霄县","云霄县","22-7 固定资产投资（2021年）","https://tjj.fujian.gov.cn/tongjinianjian/dz2022/cn-en/html/2207.htm","fixed_asset_investment",,,,,,,,,,,,"155.15","15.1","32.23","107",,,,,,,,,,,,,,
"2021","云霄县","云霄县","22-1 地区生产总值（2021年）","https://tjj.fujian.gov.cn/tongjinianjian/dz2022/cn-en/html/2201.htm","gdp","236.75","44.82","93.76","98.17","79.2","14.59","57540",,,,,,,,,,,,,,,,,,,,,,
"2021","云霄县","云霄县","22-14 规模以上工业增加值增速（2021年）","https://tjj.fujian.gov.cn/tongjinianjian/dz2022/cn-en/html/2214.htm","industrial_va_growth",,,,,,,,,,,,,,,,,,,,,,,,,"-13.7","-7.2","-21.2",,
"2021","云霄县","云霄县","22-4 年末常住人口数（2021年）","https://tjj.fujian.gov.cn/tongjinianjian/dz2022/cn-en/html/2204.htm","population",,,,,,,,"41.19","22.78","18.41","55.3",,,,,,,,,,,,,,,,,,
"2021","云霄县","云霄县","22-19 社会消费品零售总额（2021年）","https://tjj.fujian.gov.cn/tongjinianjian/dz2022/cn-en/html/2219.htm","retail_sales",,,,,,,,,,,,,,,,,,,,,,,,,,,,"112.01","-1.3"
"2021","漳平市","漳平市","22-10 一般公共预算支出（2021年）","https://tjj.fujian.gov.cn/tongjinianjian/dz2022/cn-en/html/2210.htm","budget_expenditure",,,,,,,,,,,,,,,,,,,,"257147","26216","63814","7010","40022",,,,,
"2021","漳平市","漳平市","22-9 地方一般公共预算收入（2021年）","https://tjj.fujian.gov.cn/tongjinianjian/dz2022/cn-en/html/2209.htm","budget_revenue",,,,,,,,,,,,,,,,"103448","38569","10306","3769",,,,,,,,,,
"2021","漳平市","漳平市","22-7 固定资产投资（2021年）","https://tjj.fujian.gov.cn/tongjinianjian/dz2022/cn-en/html/2207.htm","fixed_asset_investment",,,,,,,,,,,,"126.81","14.8","18.28","15.8",,,,,,,,,,,,,,
"2021","漳平市","漳平市","22-1 地区生产总值（2021年）","https://tjj.fujian.gov.cn/tongjinianjian/dz2022/cn-en/html/2201.htm","gdp","295.03","37.48","119","138.54","80.25","38.75","116381",,,,,,,,,,,,,,,,,,,,,,
"2021","漳平市","漳平市","22-14 规模以上工业增加值增速（2021年）","https://tjj.fujian.gov.cn/tongjinianjian/dz2022/cn-en/html/2214.htm","industrial_va_growth",,,,,,,,,,,,,,,,,,,,,,,,,"7.8","-3.1","12.7",,
"2021","漳平市","漳平市","22-4 年末常住人口数（2021年）","https://tjj.fujian.gov.cn/tongjinianjian/dz2022/cn-en/html/2204.htm","population",,,,,,,,"25.3","14.85","10.45","58.7",,,,,,,,,,,,,,,,,,
"2021","漳平市","漳平市","22-19 社会消费品零售总额（2021年）","https://tjj.fujian.gov.cn/tongjinianjian/dz2022/cn-en/html/2219.htm","retail_sales",,,,,,,,,,,,,,,,,,,,,,,,,,,,"115.39","11.2"
"2021","漳浦县","漳浦县","22-10 一般公共预算支出（2021年）","https://tjj.fujian.gov.cn/tongjinianjian/dz2022/cn-en/html/2210.htm","budget_expenditure",,,,,,,,,,,,,,,,,,,,"562539","49650","133626","829","33955",,,,,
"2021","漳浦县","漳浦县","22-9 地方一般公共预算收入（2021年）","https://tjj.fujian.gov.cn/tongjinianjian/dz2022/cn-en/html/2209.htm","budget_revenue",,,,,,,,,,,,,,,,"366346","18248","26972","5209",,,,,,,,,,
"2021","漳浦县","漳浦县","22-7 固定资产投资（2021年）","https://tjj.fujian.gov.cn/tongjinianjian/dz2022/cn-en/html/2207.htm","fixed_asset_investment",,,,,,,,,,,,"319.68","17.1","57.61","5.5",,,,,,,,,,,,,,
"2021","漳浦县","漳浦县","22-1 地区生产总值（2021年）","https://tjj.fujian.gov.cn/tongjinianjian/dz2022/cn-en/html/2201.htm","gdp","583.61","97.84","223.15","262.62","181.5","41.76","68700",,,,,,,,,,,,,,,,,,,,,,
"2021","漳浦县","漳浦县","22-14 规模以上工业增加值增速（2021年）","https://tjj.fujian.gov.cn/tongjinianjian/dz2022/cn-en/html/2214.htm","industrial_va_growth",,,,,,,,,,,,,,,,,,,,,,,,,"25.5","35.9","14.8",,
"2021","漳浦县","漳浦县","22-4 年末常住人口数（2021年）","https://tjj.fujian.gov.cn/tongjinianjian/dz2022/cn-en/html/2204.htm","population",,,,,,,,"85","48.03","36.98","56.5",,,,,,,,,,,,,,,,,,
"2021","漳浦县","漳浦县","22-19 社会消费品零售总额（2021年）","https://tjj.fujian.gov.cn/tongjinianjian/dz2022/cn-en/html/2219.htm","retail_sales",,,,,,,,,,,,,,,,,,,,,,,,,,,,"258.39","6"
"2021","长乐市","长乐区","22-10 一般公共预算支出（2021年）","https://tjj.fujian.gov.cn/tongjinianjian/dz2022/cn-en/html/2210.htm","budget_expenditure",,,,,,,,,,,,,,,,,,,,"833458","59221","159764","31677","58289",,,,,
"2021","长乐市","长乐区","22-9 地方一般公共预算收入（2021年）","https://tjj.fujian.gov.cn/tongjinianjian/dz2022/cn-en/html/2209.htm","budget_revenue",,,,,,,,,,,,,,,,"623831","262029","45680","36899",,,,,,,,,,
"2021","长乐市","长乐区","22-7 固定资产投资（2021年）","https://tjj.fujian.gov.cn/tongjinianjian/dz2022/cn-en/html/2207.htm","fixed_asset_investment",,,,,,,,,,,,"793.67","24.1","224.87","72",,,,,,,,,,,,,,
"2021","长乐市","长乐区","22-1 地区生产总值（2021年）","https://tjj.fujian.gov.cn/tongjinianjian/dz2022/cn-en/html/2201.htm","gdp","1143.9","70.41","690.31","383.18","636.09","54.39","142720",,,,,,,,,,,,,,,,,,,,,,
"2021","长乐市","长乐区","22-14 规模以上工业增加值增速（2021年）","https://tjj.fujian.gov.cn/tongjinianjian/dz2022/cn-en/html/2214.htm","industrial_va_growth",,,,,,,,,,,,,,,,,,,,,,,,,"8.8","3.3","26.5",,
"2021","长乐市","长乐区","22-4 年末常住人口数（2021年）","https://tjj.fujian.gov.cn/tongjinianjian/dz2022/cn-en/html/2204.htm","population",,,,,,,,"81","51","30","63",,,,,,,,,,,,,,,,,,
"2021","长乐市","长乐区","22-19 社会消费品零售总额（2021年）","https://tjj.fujian.gov.cn/tongjinianjian/dz2022/cn-en/html/2219.htm","retail_sales",,,,,,,,,,,,,,,,,,,,,,,,,,,,"198","24.9"
"2021","长泰县","长泰区","22-10 一般公共预算支出（2021年）","https://tjj.fujian.gov.cn/tongjinianjian/dz2022/cn-en/html/2210.htm","budget_expenditure",,,,,,,,,,,,,,,,,,,,"244650","25496","70085","2109","23918",,,,,
"2021","长泰县","长泰区","22-9 地方一般公共预算收入（2021年）","https://tjj.fujian.gov.cn/tongjinianjian/dz2022/cn-en/html/2209.htm","budget_revenue",,,,,,,,,,,,,,,,"134889","57980","12088","6162",,,,,,,,,,
"2021","长泰县","长泰区","22-7 固定资产投资（2021年）","https://tjj.fujian.gov.cn/tongjinianjian/dz2022/cn-en/html/2207.htm","fixed_asset_investment",,,,,,,,,,,,"155.37","15.1","64.26","-8.9",,,,,,,,,,,,,,
"2021","长泰县","长泰区","22-1 地区生产总值（2021年）","https://tjj.fujian.gov.cn/tongjinianjian/dz2022/cn-en/html/2201.htm","gdp","375.23","22.29","256.6","96.33","210.22","46.51","163320",,,,,,,,,,,,,,,,,,,,,,
"2021","长泰县","长泰区","22-14 规模以上工业增加值增速（2021年）","https://tjj.fujian.gov.cn/tongjinianjian/dz2022/cn-en/html/2214.htm","industrial_va_growth",,,,,,,,,,,,,,,,,,,,,,,,,"10.1","36.3","-28.2",,
"2021","长泰县","长泰区","22-4 年末常住人口数（2021年）","https://tjj.fujian.gov.cn/tongjinianjian/dz2022/cn-en/html/2204.htm","population",,,,,,,,"23.05","14.06","8.99","61",,,,,,,,,,,,,,,,,,
"2021","长泰县","长泰区","22-19 社会消费品零售总额（2021年）","https://tjj.fujian.gov.cn/tongjinianjian/dz2022/cn-en/html/2219.htm","retail_sales",,,,,,,,,,,,,,,,,,,,,,,,,,,,"99.3","14.7"
"2021","长汀县","长汀县","22-10 一般公共预算支出（2021年）","https://tjj.fujian.gov.cn/tongjinianjian/dz2022/cn-en/html/2210.htm","budget_expenditure",,,,,,,,,,,,,,,,,,,,"397708","33732","95954","2766","68996",,,,,
"2021","长汀县","长汀县","22-9 地方一般公共预算收入（2021年）","https://tjj.fujian.gov.cn/tongjinianjian/dz2022/cn-en/html/2209.htm","budget_revenue",,,,,,,,,,,,,,,,"101525","27087","13995","2331",,,,,,,,,,
"2021","长汀县","长汀县","22-7 固定资产投资（2021年）","https://tjj.fujian.gov.cn/tongjinianjian/dz2022/cn-en/html/2207.htm","fixed_asset_investment",,,,,,,,,,,,"118.13","14.8","24.29","36.7",,,,,,,,,,,,,,
"2021","长汀县","长汀县","22-1 地区生产总值（2021年）","https://tjj.fujian.gov.cn/tongjinianjian/dz2022/cn-en/html/2201.htm","gdp","318.15","39.7","129.64","148.81","82.47","47.17","79838",,,,,,,,,,,,,,,,,,,,,,
"2021","长汀县","长汀县","22-14 规模以上工业增加值增速（2021年）","https://tjj.fujian.gov.cn/tongjinianjian/dz2022/cn-en/html/2214.htm","industrial_va_growth",,,,,,,,,,,,,,,,,,,,,,,,,"4.8","0.8","8.3",,
"2021","长汀县","长汀县","22-4 年末常住人口数（2021年）","https://tjj.fujian.gov.cn/tongjinianjian/dz2022/cn-en/html/2204.htm","population",,,,,,,,"39.9","21.5","18.4","53.9",,,,,,,,,,,,,,,,,,
"2021","长汀县","长汀县","22-19 社会消费品零售总额（2021年）","https://tjj.fujian.gov.cn/tongjinianjian/dz2022/cn-en/html/2219.htm","retail_sales",,,,,,,,,,,,,,,,,,,,,,,,,,,,"168.48","9.3"
"2021","诏安县","诏安县","22-10 一般公共预算支出（2021年）","https://tjj.fujian.gov.cn/tongjinianjian/dz2022/cn-en/html/2210.htm","budget_expenditure",,,,,,,,,,,,,,,,,,,,"289683","28325","68998","1207","31598",,,,,
"2021","诏安县","诏安县","22-9 地方一般公共预算收入（2021年）","https://tjj.fujian.gov.cn/tongjinianjian/dz2022/cn-en/html/2209.htm","budget_revenue",,,,,,,,,,,,,,,,"77643","20166","8329","1593",,,,,,,,,,
"2021","诏安县","诏安县","22-7 固定资产投资（2021年）","https://tjj.fujian.gov.cn/tongjinianjian/dz2022/cn-en/html/2207.htm","fixed_asset_investment",,,,,,,,,,,,"67.14","-5.5","26.44","-43.3",,,,,,,,,,,,,,
"2021","诏安县","诏安县","22-1 地区生产总值（2021年）","https://tjj.fujian.gov.cn/tongjinianjian/dz2022/cn-en/html/2201.htm","gdp","328.27","62.14","164.91","101.22","148.6","16.31","58583",,,,,,,,,,,,,,,,,,,,,,
"2021","诏安县","诏安县","22-14 规模以上工业增加值增速（2021年）","https://tjj.fujian.gov.cn/tongjinianjian/dz2022/cn-en/html/2214.htm","industrial_va_growth",,,,,,,,,,,,,,,,,,,,,,,,,"12.3","10.1","22",,
"2021","诏安县","诏安县","22-4 年末常住人口数（2021年）","https://tjj.fujian.gov.cn/tongjinianjian/dz2022/cn-en/html/2204.htm","population",,,,,,,,"56.07","27.03","29.04","48.2",,,,,,,,,,,,,,,,,,
"2021","诏安县","诏安县","22-19 社会消费品零售总额（2021年）","https://tjj.fujian.gov.cn/tongjinianjian/dz2022/cn-en/html/2219.htm","retail_sales",,,,,,,,,,,,,,,,,,,,,,,,,,,,"108.5","9"
"2021","柘荣县","柘荣县","22-10 一般公共预算支出（2021年）","https://tjj.fujian.gov.cn/tongjinianjian/dz2022/cn-en/html/2210.htm","budget_expenditure",,,,,,,,,,,,,,,,,,,,"136937","14892","30254","8457","20170",,,,,
"2021","柘荣县","柘荣县","22-9 地方一般公共预算收入（2021年）","https://tjj.fujian.gov.cn/tongjinianjian/dz2022/cn-en/html/2209.htm","budget_revenue",,,,,,,,,,,,,,,,"33974","18372","2184","571",,,,,,,,,,
"2021","柘荣县","柘荣县","22-7 固定资产投资（2021年）","https://tjj.fujian.gov.cn/tongjinianjian/dz2022/cn-en/html/2207.htm","fixed_asset_investment",,,,,,,,,,,,"32.12","-11.7","2.82","-40.3",,,,,,,,,,,,,,
"2021","柘荣县","柘荣县","22-1 地区生产总值（2021年）","https://tjj.fujian.gov.cn/tongjinianjian/dz2022/cn-en/html/2201.htm","gdp","77.82","9.39","33.4","35.02","22.14","11.29","84126",,,,,,,,,,,,,,,,,,,,,,
"2021","柘荣县","柘荣县","22-14 规模以上工业增加值增速（2021年）","https://tjj.fujian.gov.cn/tongjinianjian/dz2022/cn-en/html/2214.htm","industrial_va_growth",,,,,,,,,,,,,,,,,,,,,,,,,"-16.4","-3.6","-31.3",,
"2021","柘荣县","柘荣县","22-4 年末常住人口数（2021年）","https://tjj.fujian.gov.cn/tongjinianjian/dz2022/cn-en/html/2204.htm","population",,,,,,,,"9.2","5.91","3.29","64.2",,,,,,,,,,,,,,,,,,
"2021","柘荣县","柘荣县","22-19 社会消费品零售总额（2021年）","https://tjj.fujian.gov.cn/tongjinianjian/dz2022/cn-en/html/2219.htm","retail_sales",,,,,,,,,,,,,,,,,,,,,,,,,,,,"35.68","3.8"
"2021","政和县","政和县","22-10 一般公共预算支出（2021年）","https://tjj.fujian.gov.cn/tongjinianjian/dz2022/cn-en/html/2210.htm","budget_expenditure",,,,,,,,,,,,,,,,,,,,"196924","14699","32443","1803","38352",,,,,
"2021","政和县","政和县","22-9 地方一般公共预算收入（2021年）","https://tjj.fujian.gov.cn/tongjinianjian/dz2022/cn-en/html/2209.htm","budget_revenue",,,,,,,,,,,,,,,,"41503","13980","5007","826",,,,,,,,,,
"2021","政和县","政和县","22-7 固定资产投资（2021年）","https://tjj.fujian.gov.cn/tongjinianjian/dz2022/cn-en/html/2207.htm","fixed_asset_investment",,,,,,,,,,,,"104.37","6.6","5.74","43.4",,,,,,,,,,,,,,
"2021","政和县","政和县","22-1 地区生产总值（2021年）","https://tjj.fujian.gov.cn/tongjinianjian/dz2022/cn-en/html/2201.htm","gdp","104.5","21.06","35.21","48.23","27.72","7.5","58544",,,,,,,,,,,,,,,,,,,,,,
"2021","政和县","政和县","22-14 规模以上工业增加值增速（2021年）","https://tjj.fujian.gov.cn/tongjinianjian/dz2022/cn-en/html/2214.htm","industrial_va_growth",,,,,,,,,,,,,,,,,,,,,,,,,"9.5","10.3","7.3",,
"2021","政和县","政和县","22-4 年末常住人口数（2021年）","https://tjj.fujian.gov.cn/tongjinianjian/dz2022/cn-en/html/2204.htm","population",,,,,,,,"17.8","9.3","8.5","52.4",,,,,,,,,,,,,,,,,,
"2021","政和县","政和县","22-19 社会消费品零售总额（2021年）","https://tjj.fujian.gov.cn/tongjinianjian/dz2022/cn-en/html/2219.htm","retail_sales",,,,,,,,,,,,,,,,,,,,,,,,,,,,"59.29","5.7"
"2021","周宁县","周宁县","22-10 一般公共预算支出（2021年）","https://tjj.fujian.gov.cn/tongjinianjian/dz2022/cn-en/html/2210.htm","budget_expenditure",,,,,,,,,,,,,,,,,,,,"191937","13767","34222","2858","31326",,,,,
"2021","周宁县","周宁县","22-9 地方一般公共预算收入（2021年）","https://tjj.fujian.gov.cn/tongjinianjian/dz2022/cn-en/html/2209.htm","budget_revenue",,,,,,,,,,,,,,,,"39539","12253","3349","527",,,,,,,,,,
"2021","周宁县","周宁县","22-7 固定资产投资（2021年）","https://tjj.fujian.gov.cn/tongjinianjian/dz2022/cn-en/html/2207.htm","fixed_asset_investment",,,,,,,,,,,,"38.97","-3.9","11.93","21.4",,,,,,,,,,,,,,
"2021","周宁县","周宁县","22-1 地区生产总值（2021年）","https://tjj.fujian.gov.cn/tongjinianjian/dz2022/cn-en/html/2201.htm","gdp","90.12","8.91","27.37","53.84","16.97","10.41","60481",,,,,,,,,,,,,,,,,,,,,,
"2021","周宁县","周宁县","22-14 规模以上工业增加值增速（2021年）","https://tjj.fujian.gov.cn/tongjinianjian/dz2022/cn-en/html/2214.htm","industrial_va_growth",,,,,,,,,,,,,,,,,,,,,,,,,"20.6","-64.8","56.8",,
"2021","周宁县","周宁县","22-4 年末常住人口数（2021年）","https://tjj.fujian.gov.cn/tongjinianjian/dz2022/cn-en/html/2204.htm","population",,,,,,,,"14.8","7.98","6.82","53.9",,,,,,,,,,,,,,,,,,
"2021","周宁县","周宁县","22-19 社会消费品零售总额（2021年）","https://tjj.fujian.gov.cn/tongjinianjian/dz2022/cn-en/html/2219.htm","retail_sales",,,,,,,,,,,,,,,,,,,,,,,,,,,,"28.28","2"
